<?xml version="1.0" encoding="UTF-8"?>
<gpx creator="StravaGPX" version="1.1" xmlns="http://www.topografix.com/GPX/1/1" xmlns:xsi="http://www.w3.org/2001/XMLSchema-instance" xsi:schemaLocation="http://www.topografix.com/GPX/1/1 http://www.topografix.com/GPX/1/1/gpx.xsd">
 <metadata>
  <time>2026-06-19T17:18:13Z</time>
 </metadata>
 <trk>
  <name>Evening Walk</name>
  <type>walking</type>
  <trkseg>
   <trkpt lat="51.4776540" lon="-0.2773600">
    <ele>4.0</ele>
    <time>2026-06-19T17:18:13Z</time>
   </trkpt>
   <trkpt lat="51.4776490" lon="-0.2773310">
    <ele>4.0</ele>
    <time>2026-06-19T17:18:16Z</time>
   </trkpt>
   <trkpt lat="51.4776440" lon="-0.2773030">
    <ele>4.0</ele>
    <time>2026-06-19T17:18:17Z</time>
   </trkpt>
   <trkpt lat="51.4776390" lon="-0.2772740">
    <ele>4.0</ele>
    <time>2026-06-19T17:18:18Z</time>
   </trkpt>
   <trkpt lat="51.4776340" lon="-0.2772450">
    <ele>4.0</ele>
    <time>2026-06-19T17:18:19Z</time>
   </trkpt>
   <trkpt lat="51.4776290" lon="-0.2772170">
    <ele>4.0</ele>
    <time>2026-06-19T17:18:20Z</time>
   </trkpt>
   <trkpt lat="51.4776240" lon="-0.2771880">
    <ele>4.0</ele>
    <time>2026-06-19T17:18:21Z</time>
   </trkpt>
   <trkpt lat="51.4776190" lon="-0.2771600">
    <ele>4.0</ele>
    <time>2026-06-19T17:18:22Z</time>
   </trkpt>
   <trkpt lat="51.4776140" lon="-0.2771310">
    <ele>4.0</ele>
    <time>2026-06-19T17:18:23Z</time>
   </trkpt>
   <trkpt lat="51.4776160" lon="-0.2771200">
    <ele>4.0</ele>
    <time>2026-06-19T17:18:24Z</time>
   </trkpt>
   <trkpt lat="51.4776150" lon="-0.2771060">
    <ele>4.0</ele>
    <time>2026-06-19T17:18:25Z</time>
   </trkpt>
   <trkpt lat="51.4776190" lon="-0.2770880">
    <ele>4.0</ele>
    <time>2026-06-19T17:18:26Z</time>
   </trkpt>
   <trkpt lat="51.4776260" lon="-0.2770560">
    <ele>4.0</ele>
    <time>2026-06-19T17:18:27Z</time>
   </trkpt>
   <trkpt lat="51.4776300" lon="-0.2770400">
    <ele>4.0</ele>
    <time>2026-06-19T17:18:28Z</time>
   </trkpt>
   <trkpt lat="51.4776350" lon="-0.2770250">
    <ele>4.0</ele>
    <time>2026-06-19T17:18:29Z</time>
   </trkpt>
   <trkpt lat="51.4776420" lon="-0.2770060">
    <ele>4.0</ele>
    <time>2026-06-19T17:18:30Z</time>
   </trkpt>
   <trkpt lat="51.4776490" lon="-0.2769910">
    <ele>4.0</ele>
    <time>2026-06-19T17:18:31Z</time>
   </trkpt>
   <trkpt lat="51.4776530" lon="-0.2769760">
    <ele>4.0</ele>
    <time>2026-06-19T17:18:32Z</time>
   </trkpt>
   <trkpt lat="51.4776580" lon="-0.2769580">
    <ele>4.0</ele>
    <time>2026-06-19T17:18:33Z</time>
   </trkpt>
   <trkpt lat="51.4776620" lon="-0.2769370">
    <ele>4.1</ele>
    <time>2026-06-19T17:18:34Z</time>
   </trkpt>
   <trkpt lat="51.4776660" lon="-0.2769210">
    <ele>4.1</ele>
    <time>2026-06-19T17:18:35Z</time>
   </trkpt>
   <trkpt lat="51.4776700" lon="-0.2769070">
    <ele>4.1</ele>
    <time>2026-06-19T17:18:36Z</time>
   </trkpt>
   <trkpt lat="51.4776720" lon="-0.2768910">
    <ele>4.1</ele>
    <time>2026-06-19T17:18:37Z</time>
   </trkpt>
   <trkpt lat="51.4776780" lon="-0.2768680">
    <ele>4.1</ele>
    <time>2026-06-19T17:18:38Z</time>
   </trkpt>
   <trkpt lat="51.4776810" lon="-0.2768320">
    <ele>4.1</ele>
    <time>2026-06-19T17:18:39Z</time>
   </trkpt>
   <trkpt lat="51.4776830" lon="-0.2768170">
    <ele>4.1</ele>
    <time>2026-06-19T17:18:40Z</time>
   </trkpt>
   <trkpt lat="51.4776860" lon="-0.2768020">
    <ele>4.1</ele>
    <time>2026-06-19T17:18:41Z</time>
   </trkpt>
   <trkpt lat="51.4776950" lon="-0.2767810">
    <ele>4.1</ele>
    <time>2026-06-19T17:18:42Z</time>
   </trkpt>
   <trkpt lat="51.4777010" lon="-0.2767610">
    <ele>4.1</ele>
    <time>2026-06-19T17:18:43Z</time>
   </trkpt>
   <trkpt lat="51.4777050" lon="-0.2767350">
    <ele>4.1</ele>
    <time>2026-06-19T17:18:44Z</time>
   </trkpt>
   <trkpt lat="51.4777080" lon="-0.2767180">
    <ele>4.1</ele>
    <time>2026-06-19T17:18:45Z</time>
   </trkpt>
   <trkpt lat="51.4777100" lon="-0.2767010">
    <ele>4.1</ele>
    <time>2026-06-19T17:18:46Z</time>
   </trkpt>
   <trkpt lat="51.4777120" lon="-0.2766810">
    <ele>4.1</ele>
    <time>2026-06-19T17:18:47Z</time>
   </trkpt>
   <trkpt lat="51.4777150" lon="-0.2766570">
    <ele>4.1</ele>
    <time>2026-06-19T17:18:48Z</time>
   </trkpt>
   <trkpt lat="51.4777230" lon="-0.2766270">
    <ele>4.1</ele>
    <time>2026-06-19T17:18:49Z</time>
   </trkpt>
   <trkpt lat="51.4777260" lon="-0.2766140">
    <ele>4.1</ele>
    <time>2026-06-19T17:18:50Z</time>
   </trkpt>
   <trkpt lat="51.4777300" lon="-0.2766010">
    <ele>4.1</ele>
    <time>2026-06-19T17:18:51Z</time>
   </trkpt>
   <trkpt lat="51.4777330" lon="-0.2765800">
    <ele>4.1</ele>
    <time>2026-06-19T17:18:52Z</time>
   </trkpt>
   <trkpt lat="51.4777420" lon="-0.2765600">
    <ele>4.1</ele>
    <time>2026-06-19T17:18:53Z</time>
   </trkpt>
   <trkpt lat="51.4777480" lon="-0.2765430">
    <ele>4.1</ele>
    <time>2026-06-19T17:18:54Z</time>
   </trkpt>
   <trkpt lat="51.4777540" lon="-0.2765200">
    <ele>4.1</ele>
    <time>2026-06-19T17:18:55Z</time>
   </trkpt>
   <trkpt lat="51.4777520" lon="-0.2765000">
    <ele>4.1</ele>
    <time>2026-06-19T17:18:56Z</time>
   </trkpt>
   <trkpt lat="51.4777630" lon="-0.2764810">
    <ele>4.1</ele>
    <time>2026-06-19T17:18:57Z</time>
   </trkpt>
   <trkpt lat="51.4777670" lon="-0.2764700">
    <ele>4.1</ele>
    <time>2026-06-19T17:18:58Z</time>
   </trkpt>
   <trkpt lat="51.4777750" lon="-0.2764380">
    <ele>4.1</ele>
    <time>2026-06-19T17:18:59Z</time>
   </trkpt>
   <trkpt lat="51.4777770" lon="-0.2764260">
    <ele>4.1</ele>
    <time>2026-06-19T17:19:00Z</time>
   </trkpt>
   <trkpt lat="51.4777800" lon="-0.2764140">
    <ele>4.2</ele>
    <time>2026-06-19T17:19:01Z</time>
   </trkpt>
   <trkpt lat="51.4777850" lon="-0.2763820">
    <ele>4.2</ele>
    <time>2026-06-19T17:19:02Z</time>
   </trkpt>
   <trkpt lat="51.4777880" lon="-0.2763660">
    <ele>4.2</ele>
    <time>2026-06-19T17:19:03Z</time>
   </trkpt>
   <trkpt lat="51.4777910" lon="-0.2763510">
    <ele>4.2</ele>
    <time>2026-06-19T17:19:04Z</time>
   </trkpt>
   <trkpt lat="51.4777960" lon="-0.2763320">
    <ele>4.2</ele>
    <time>2026-06-19T17:19:05Z</time>
   </trkpt>
   <trkpt lat="51.4778020" lon="-0.2763110">
    <ele>4.2</ele>
    <time>2026-06-19T17:19:06Z</time>
   </trkpt>
   <trkpt lat="51.4778100" lon="-0.2762930">
    <ele>4.2</ele>
    <time>2026-06-19T17:19:07Z</time>
   </trkpt>
   <trkpt lat="51.4778120" lon="-0.2762770">
    <ele>4.2</ele>
    <time>2026-06-19T17:19:08Z</time>
   </trkpt>
   <trkpt lat="51.4778110" lon="-0.2762590">
    <ele>4.2</ele>
    <time>2026-06-19T17:19:09Z</time>
   </trkpt>
   <trkpt lat="51.4778200" lon="-0.2762340">
    <ele>4.2</ele>
    <time>2026-06-19T17:19:10Z</time>
   </trkpt>
   <trkpt lat="51.4778260" lon="-0.2762140">
    <ele>4.3</ele>
    <time>2026-06-19T17:19:11Z</time>
   </trkpt>
   <trkpt lat="51.4778330" lon="-0.2761950">
    <ele>4.3</ele>
    <time>2026-06-19T17:19:12Z</time>
   </trkpt>
   <trkpt lat="51.4778390" lon="-0.2761780">
    <ele>4.3</ele>
    <time>2026-06-19T17:19:13Z</time>
   </trkpt>
   <trkpt lat="51.4778450" lon="-0.2761640">
    <ele>4.3</ele>
    <time>2026-06-19T17:19:14Z</time>
   </trkpt>
   <trkpt lat="51.4778540" lon="-0.2761420">
    <ele>4.4</ele>
    <time>2026-06-19T17:19:15Z</time>
   </trkpt>
   <trkpt lat="51.4778570" lon="-0.2761320">
    <ele>4.4</ele>
    <time>2026-06-19T17:19:16Z</time>
   </trkpt>
   <trkpt lat="51.4778600" lon="-0.2761220">
    <ele>4.5</ele>
    <time>2026-06-19T17:19:17Z</time>
   </trkpt>
   <trkpt lat="51.4778630" lon="-0.2761120">
    <ele>4.5</ele>
    <time>2026-06-19T17:19:18Z</time>
   </trkpt>
   <trkpt lat="51.4778680" lon="-0.2760900">
    <ele>4.5</ele>
    <time>2026-06-19T17:19:19Z</time>
   </trkpt>
   <trkpt lat="51.4778750" lon="-0.2760790">
    <ele>4.6</ele>
    <time>2026-06-19T17:19:20Z</time>
   </trkpt>
   <trkpt lat="51.4778780" lon="-0.2760760">
    <ele>4.7</ele>
    <time>2026-06-19T17:19:21Z</time>
   </trkpt>
   <trkpt lat="51.4778800" lon="-0.2760750">
    <ele>4.7</ele>
    <time>2026-06-19T17:19:22Z</time>
   </trkpt>
   <trkpt lat="51.4778800" lon="-0.2760610">
    <ele>4.8</ele>
    <time>2026-06-19T17:19:23Z</time>
   </trkpt>
   <trkpt lat="51.4778810" lon="-0.2760430">
    <ele>4.8</ele>
    <time>2026-06-19T17:19:24Z</time>
   </trkpt>
   <trkpt lat="51.4778820" lon="-0.2760300">
    <ele>4.9</ele>
    <time>2026-06-19T17:19:25Z</time>
   </trkpt>
   <trkpt lat="51.4778820" lon="-0.2760180">
    <ele>4.9</ele>
    <time>2026-06-19T17:19:26Z</time>
   </trkpt>
   <trkpt lat="51.4778830" lon="-0.2760000">
    <ele>4.9</ele>
    <time>2026-06-19T17:19:27Z</time>
   </trkpt>
   <trkpt lat="51.4778890" lon="-0.2759780">
    <ele>5.0</ele>
    <time>2026-06-19T17:19:28Z</time>
   </trkpt>
   <trkpt lat="51.4778970" lon="-0.2759560">
    <ele>5.0</ele>
    <time>2026-06-19T17:19:29Z</time>
   </trkpt>
   <trkpt lat="51.4779010" lon="-0.2759360">
    <ele>5.1</ele>
    <time>2026-06-19T17:19:30Z</time>
   </trkpt>
   <trkpt lat="51.4779060" lon="-0.2759220">
    <ele>5.1</ele>
    <time>2026-06-19T17:19:31Z</time>
   </trkpt>
   <trkpt lat="51.4779060" lon="-0.2759200">
    <ele>5.1</ele>
    <time>2026-06-19T17:19:32Z</time>
   </trkpt>
   <trkpt lat="51.4779060" lon="-0.2759170">
    <ele>5.1</ele>
    <time>2026-06-19T17:19:33Z</time>
   </trkpt>
   <trkpt lat="51.4779060" lon="-0.2759150">
    <ele>5.1</ele>
    <time>2026-06-19T17:19:34Z</time>
   </trkpt>
   <trkpt lat="51.4779060" lon="-0.2759120">
    <ele>5.1</ele>
    <time>2026-06-19T17:19:35Z</time>
   </trkpt>
   <trkpt lat="51.4779060" lon="-0.2759090">
    <ele>5.1</ele>
    <time>2026-06-19T17:19:36Z</time>
   </trkpt>
   <trkpt lat="51.4779060" lon="-0.2759070">
    <ele>5.1</ele>
    <time>2026-06-19T17:19:37Z</time>
   </trkpt>
   <trkpt lat="51.4779060" lon="-0.2759040">
    <ele>5.2</ele>
    <time>2026-06-19T17:19:38Z</time>
   </trkpt>
   <trkpt lat="51.4779060" lon="-0.2759010">
    <ele>5.2</ele>
    <time>2026-06-19T17:19:39Z</time>
   </trkpt>
   <trkpt lat="51.4779060" lon="-0.2758990">
    <ele>5.2</ele>
    <time>2026-06-19T17:19:40Z</time>
   </trkpt>
   <trkpt lat="51.4779050" lon="-0.2758960">
    <ele>5.2</ele>
    <time>2026-06-19T17:19:41Z</time>
   </trkpt>
   <trkpt lat="51.4779050" lon="-0.2758940">
    <ele>5.2</ele>
    <time>2026-06-19T17:19:42Z</time>
   </trkpt>
   <trkpt lat="51.4779050" lon="-0.2758910">
    <ele>5.2</ele>
    <time>2026-06-19T17:19:43Z</time>
   </trkpt>
   <trkpt lat="51.4779050" lon="-0.2758880">
    <ele>5.2</ele>
    <time>2026-06-19T17:19:44Z</time>
   </trkpt>
   <trkpt lat="51.4779050" lon="-0.2758860">
    <ele>5.2</ele>
    <time>2026-06-19T17:19:45Z</time>
   </trkpt>
   <trkpt lat="51.4779050" lon="-0.2758830">
    <ele>5.2</ele>
    <time>2026-06-19T17:19:46Z</time>
   </trkpt>
   <trkpt lat="51.4779050" lon="-0.2758800">
    <ele>5.2</ele>
    <time>2026-06-19T17:19:47Z</time>
   </trkpt>
   <trkpt lat="51.4779050" lon="-0.2758780">
    <ele>5.2</ele>
    <time>2026-06-19T17:19:48Z</time>
   </trkpt>
   <trkpt lat="51.4779050" lon="-0.2758750">
    <ele>5.2</ele>
    <time>2026-06-19T17:19:49Z</time>
   </trkpt>
   <trkpt lat="51.4779050" lon="-0.2758730">
    <ele>5.2</ele>
    <time>2026-06-19T17:19:50Z</time>
   </trkpt>
   <trkpt lat="51.4779050" lon="-0.2758700">
    <ele>5.2</ele>
    <time>2026-06-19T17:19:51Z</time>
   </trkpt>
   <trkpt lat="51.4779100" lon="-0.2758580">
    <ele>5.2</ele>
    <time>2026-06-19T17:19:52Z</time>
   </trkpt>
   <trkpt lat="51.4779160" lon="-0.2758430">
    <ele>5.3</ele>
    <time>2026-06-19T17:19:53Z</time>
   </trkpt>
   <trkpt lat="51.4779180" lon="-0.2758220">
    <ele>5.3</ele>
    <time>2026-06-19T17:19:54Z</time>
   </trkpt>
   <trkpt lat="51.4779220" lon="-0.2758030">
    <ele>5.4</ele>
    <time>2026-06-19T17:19:55Z</time>
   </trkpt>
   <trkpt lat="51.4779270" lon="-0.2757870">
    <ele>5.4</ele>
    <time>2026-06-19T17:19:56Z</time>
   </trkpt>
   <trkpt lat="51.4779320" lon="-0.2757720">
    <ele>5.4</ele>
    <time>2026-06-19T17:19:57Z</time>
   </trkpt>
   <trkpt lat="51.4779410" lon="-0.2757420">
    <ele>5.4</ele>
    <time>2026-06-19T17:19:58Z</time>
   </trkpt>
   <trkpt lat="51.4779440" lon="-0.2757300">
    <ele>5.4</ele>
    <time>2026-06-19T17:19:59Z</time>
   </trkpt>
   <trkpt lat="51.4779470" lon="-0.2757180">
    <ele>5.4</ele>
    <time>2026-06-19T17:20:00Z</time>
   </trkpt>
   <trkpt lat="51.4779530" lon="-0.2756840">
    <ele>5.4</ele>
    <time>2026-06-19T17:20:01Z</time>
   </trkpt>
   <trkpt lat="51.4779560" lon="-0.2756720">
    <ele>5.4</ele>
    <time>2026-06-19T17:20:02Z</time>
   </trkpt>
   <trkpt lat="51.4779580" lon="-0.2756590">
    <ele>5.4</ele>
    <time>2026-06-19T17:20:03Z</time>
   </trkpt>
   <trkpt lat="51.4779650" lon="-0.2756400">
    <ele>5.4</ele>
    <time>2026-06-19T17:20:04Z</time>
   </trkpt>
   <trkpt lat="51.4779670" lon="-0.2756260">
    <ele>5.4</ele>
    <time>2026-06-19T17:20:05Z</time>
   </trkpt>
   <trkpt lat="51.4779680" lon="-0.2756100">
    <ele>5.4</ele>
    <time>2026-06-19T17:20:06Z</time>
   </trkpt>
   <trkpt lat="51.4779670" lon="-0.2755980">
    <ele>5.4</ele>
    <time>2026-06-19T17:20:07Z</time>
   </trkpt>
   <trkpt lat="51.4779660" lon="-0.2755840">
    <ele>5.4</ele>
    <time>2026-06-19T17:20:08Z</time>
   </trkpt>
   <trkpt lat="51.4779590" lon="-0.2755750">
    <ele>5.4</ele>
    <time>2026-06-19T17:20:09Z</time>
   </trkpt>
   <trkpt lat="51.4779470" lon="-0.2755730">
    <ele>5.4</ele>
    <time>2026-06-19T17:20:10Z</time>
   </trkpt>
   <trkpt lat="51.4779320" lon="-0.2755660">
    <ele>5.4</ele>
    <time>2026-06-19T17:20:11Z</time>
   </trkpt>
   <trkpt lat="51.4779230" lon="-0.2755620">
    <ele>5.4</ele>
    <time>2026-06-19T17:20:12Z</time>
   </trkpt>
   <trkpt lat="51.4779140" lon="-0.2755540">
    <ele>5.4</ele>
    <time>2026-06-19T17:20:13Z</time>
   </trkpt>
   <trkpt lat="51.4778970" lon="-0.2755380">
    <ele>5.4</ele>
    <time>2026-06-19T17:20:14Z</time>
   </trkpt>
   <trkpt lat="51.4778870" lon="-0.2755320">
    <ele>5.4</ele>
    <time>2026-06-19T17:20:15Z</time>
   </trkpt>
   <trkpt lat="51.4778760" lon="-0.2755270">
    <ele>5.4</ele>
    <time>2026-06-19T17:20:16Z</time>
   </trkpt>
   <trkpt lat="51.4778600" lon="-0.2755180">
    <ele>5.4</ele>
    <time>2026-06-19T17:20:17Z</time>
   </trkpt>
   <trkpt lat="51.4778470" lon="-0.2755120">
    <ele>5.4</ele>
    <time>2026-06-19T17:20:18Z</time>
   </trkpt>
   <trkpt lat="51.4778340" lon="-0.2755050">
    <ele>5.4</ele>
    <time>2026-06-19T17:20:19Z</time>
   </trkpt>
   <trkpt lat="51.4778180" lon="-0.2754950">
    <ele>5.4</ele>
    <time>2026-06-19T17:20:20Z</time>
   </trkpt>
   <trkpt lat="51.4778010" lon="-0.2754910">
    <ele>5.4</ele>
    <time>2026-06-19T17:20:21Z</time>
   </trkpt>
   <trkpt lat="51.4777880" lon="-0.2754850">
    <ele>5.4</ele>
    <time>2026-06-19T17:20:22Z</time>
   </trkpt>
   <trkpt lat="51.4777790" lon="-0.2754800">
    <ele>5.4</ele>
    <time>2026-06-19T17:20:23Z</time>
   </trkpt>
   <trkpt lat="51.4777670" lon="-0.2754710">
    <ele>5.4</ele>
    <time>2026-06-19T17:20:24Z</time>
   </trkpt>
   <trkpt lat="51.4777580" lon="-0.2754640">
    <ele>5.4</ele>
    <time>2026-06-19T17:20:26Z</time>
   </trkpt>
   <trkpt lat="51.4777500" lon="-0.2754630">
    <ele>5.4</ele>
    <time>2026-06-19T17:20:27Z</time>
   </trkpt>
   <trkpt lat="51.4777400" lon="-0.2754540">
    <ele>5.4</ele>
    <time>2026-06-19T17:20:28Z</time>
   </trkpt>
   <trkpt lat="51.4777340" lon="-0.2754560">
    <ele>5.4</ele>
    <time>2026-06-19T17:20:29Z</time>
   </trkpt>
   <trkpt lat="51.4777230" lon="-0.2754500">
    <ele>5.4</ele>
    <time>2026-06-19T17:20:30Z</time>
   </trkpt>
   <trkpt lat="51.4776950" lon="-0.2754300">
    <ele>5.4</ele>
    <time>2026-06-19T17:20:31Z</time>
   </trkpt>
   <trkpt lat="51.4776860" lon="-0.2754220">
    <ele>5.4</ele>
    <time>2026-06-19T17:20:32Z</time>
   </trkpt>
   <trkpt lat="51.4776740" lon="-0.2754130">
    <ele>5.4</ele>
    <time>2026-06-19T17:20:33Z</time>
   </trkpt>
   <trkpt lat="51.4776640" lon="-0.2754070">
    <ele>5.4</ele>
    <time>2026-06-19T17:20:34Z</time>
   </trkpt>
   <trkpt lat="51.4776530" lon="-0.2754070">
    <ele>5.4</ele>
    <time>2026-06-19T17:20:35Z</time>
   </trkpt>
   <trkpt lat="51.4776350" lon="-0.2753980">
    <ele>5.4</ele>
    <time>2026-06-19T17:20:36Z</time>
   </trkpt>
   <trkpt lat="51.4776260" lon="-0.2753950">
    <ele>5.4</ele>
    <time>2026-06-19T17:20:37Z</time>
   </trkpt>
   <trkpt lat="51.4776170" lon="-0.2753920">
    <ele>5.4</ele>
    <time>2026-06-19T17:20:38Z</time>
   </trkpt>
   <trkpt lat="51.4776030" lon="-0.2753850">
    <ele>5.4</ele>
    <time>2026-06-19T17:20:39Z</time>
   </trkpt>
   <trkpt lat="51.4775900" lon="-0.2753780">
    <ele>5.4</ele>
    <time>2026-06-19T17:20:40Z</time>
   </trkpt>
   <trkpt lat="51.4775770" lon="-0.2753750">
    <ele>5.4</ele>
    <time>2026-06-19T17:20:41Z</time>
   </trkpt>
   <trkpt lat="51.4775610" lon="-0.2753670">
    <ele>5.4</ele>
    <time>2026-06-19T17:20:42Z</time>
   </trkpt>
   <trkpt lat="51.4775490" lon="-0.2753620">
    <ele>5.4</ele>
    <time>2026-06-19T17:20:43Z</time>
   </trkpt>
   <trkpt lat="51.4775360" lon="-0.2753580">
    <ele>5.4</ele>
    <time>2026-06-19T17:20:44Z</time>
   </trkpt>
   <trkpt lat="51.4775270" lon="-0.2753520">
    <ele>5.4</ele>
    <time>2026-06-19T17:20:45Z</time>
   </trkpt>
   <trkpt lat="51.4775040" lon="-0.2753350">
    <ele>5.4</ele>
    <time>2026-06-19T17:20:46Z</time>
   </trkpt>
   <trkpt lat="51.4774890" lon="-0.2753270">
    <ele>5.4</ele>
    <time>2026-06-19T17:20:47Z</time>
   </trkpt>
   <trkpt lat="51.4774760" lon="-0.2753140">
    <ele>5.4</ele>
    <time>2026-06-19T17:20:48Z</time>
   </trkpt>
   <trkpt lat="51.4774600" lon="-0.2753060">
    <ele>5.4</ele>
    <time>2026-06-19T17:20:49Z</time>
   </trkpt>
   <trkpt lat="51.4774460" lon="-0.2752990">
    <ele>5.4</ele>
    <time>2026-06-19T17:20:50Z</time>
   </trkpt>
   <trkpt lat="51.4774330" lon="-0.2752930">
    <ele>5.4</ele>
    <time>2026-06-19T17:20:51Z</time>
   </trkpt>
   <trkpt lat="51.4774220" lon="-0.2752850">
    <ele>5.4</ele>
    <time>2026-06-19T17:20:52Z</time>
   </trkpt>
   <trkpt lat="51.4774150" lon="-0.2752730">
    <ele>5.4</ele>
    <time>2026-06-19T17:20:53Z</time>
   </trkpt>
   <trkpt lat="51.4774070" lon="-0.2752650">
    <ele>5.4</ele>
    <time>2026-06-19T17:20:54Z</time>
   </trkpt>
   <trkpt lat="51.4773950" lon="-0.2752580">
    <ele>5.4</ele>
    <time>2026-06-19T17:20:55Z</time>
   </trkpt>
   <trkpt lat="51.4773810" lon="-0.2752540">
    <ele>5.4</ele>
    <time>2026-06-19T17:20:56Z</time>
   </trkpt>
   <trkpt lat="51.4773690" lon="-0.2752500">
    <ele>5.4</ele>
    <time>2026-06-19T17:20:57Z</time>
   </trkpt>
   <trkpt lat="51.4773630" lon="-0.2752430">
    <ele>5.4</ele>
    <time>2026-06-19T17:20:58Z</time>
   </trkpt>
   <trkpt lat="51.4773580" lon="-0.2752400">
    <ele>5.4</ele>
    <time>2026-06-19T17:20:59Z</time>
   </trkpt>
   <trkpt lat="51.4773490" lon="-0.2752370">
    <ele>5.4</ele>
    <time>2026-06-19T17:21:00Z</time>
   </trkpt>
   <trkpt lat="51.4773310" lon="-0.2752290">
    <ele>5.4</ele>
    <time>2026-06-19T17:21:01Z</time>
   </trkpt>
   <trkpt lat="51.4773170" lon="-0.2752170">
    <ele>5.4</ele>
    <time>2026-06-19T17:21:02Z</time>
   </trkpt>
   <trkpt lat="51.4773030" lon="-0.2752100">
    <ele>5.5</ele>
    <time>2026-06-19T17:21:03Z</time>
   </trkpt>
   <trkpt lat="51.4772900" lon="-0.2752020">
    <ele>5.5</ele>
    <time>2026-06-19T17:21:04Z</time>
   </trkpt>
   <trkpt lat="51.4772690" lon="-0.2751930">
    <ele>5.5</ele>
    <time>2026-06-19T17:21:05Z</time>
   </trkpt>
   <trkpt lat="51.4772610" lon="-0.2751900">
    <ele>5.5</ele>
    <time>2026-06-19T17:21:06Z</time>
   </trkpt>
   <trkpt lat="51.4772530" lon="-0.2751860">
    <ele>5.5</ele>
    <time>2026-06-19T17:21:07Z</time>
   </trkpt>
   <trkpt lat="51.4772410" lon="-0.2751790">
    <ele>5.5</ele>
    <time>2026-06-19T17:21:08Z</time>
   </trkpt>
   <trkpt lat="51.4772310" lon="-0.2751740">
    <ele>5.5</ele>
    <time>2026-06-19T17:21:09Z</time>
   </trkpt>
   <trkpt lat="51.4772220" lon="-0.2751700">
    <ele>5.5</ele>
    <time>2026-06-19T17:21:10Z</time>
   </trkpt>
   <trkpt lat="51.4772110" lon="-0.2751640">
    <ele>5.5</ele>
    <time>2026-06-19T17:21:11Z</time>
   </trkpt>
   <trkpt lat="51.4772000" lon="-0.2751560">
    <ele>5.5</ele>
    <time>2026-06-19T17:21:12Z</time>
   </trkpt>
   <trkpt lat="51.4771890" lon="-0.2751490">
    <ele>5.5</ele>
    <time>2026-06-19T17:21:13Z</time>
   </trkpt>
   <trkpt lat="51.4771700" lon="-0.2751340">
    <ele>5.5</ele>
    <time>2026-06-19T17:21:14Z</time>
   </trkpt>
   <trkpt lat="51.4771610" lon="-0.2751290">
    <ele>5.5</ele>
    <time>2026-06-19T17:21:15Z</time>
   </trkpt>
   <trkpt lat="51.4771530" lon="-0.2751240">
    <ele>5.5</ele>
    <time>2026-06-19T17:21:16Z</time>
   </trkpt>
   <trkpt lat="51.4771410" lon="-0.2751140">
    <ele>5.5</ele>
    <time>2026-06-19T17:21:17Z</time>
   </trkpt>
   <trkpt lat="51.4771280" lon="-0.2751040">
    <ele>5.5</ele>
    <time>2026-06-19T17:21:18Z</time>
   </trkpt>
   <trkpt lat="51.4771230" lon="-0.2751000">
    <ele>5.5</ele>
    <time>2026-06-19T17:21:19Z</time>
   </trkpt>
   <trkpt lat="51.4771090" lon="-0.2750930">
    <ele>5.5</ele>
    <time>2026-06-19T17:21:20Z</time>
   </trkpt>
   <trkpt lat="51.4771010" lon="-0.2750850">
    <ele>5.5</ele>
    <time>2026-06-19T17:21:21Z</time>
   </trkpt>
   <trkpt lat="51.4770810" lon="-0.2750740">
    <ele>5.5</ele>
    <time>2026-06-19T17:21:22Z</time>
   </trkpt>
   <trkpt lat="51.4770700" lon="-0.2750690">
    <ele>5.5</ele>
    <time>2026-06-19T17:21:23Z</time>
   </trkpt>
   <trkpt lat="51.4770600" lon="-0.2750640">
    <ele>5.5</ele>
    <time>2026-06-19T17:21:24Z</time>
   </trkpt>
   <trkpt lat="51.4770410" lon="-0.2750550">
    <ele>5.5</ele>
    <time>2026-06-19T17:21:25Z</time>
   </trkpt>
   <trkpt lat="51.4770320" lon="-0.2750500">
    <ele>5.5</ele>
    <time>2026-06-19T17:21:26Z</time>
   </trkpt>
   <trkpt lat="51.4770240" lon="-0.2750460">
    <ele>5.5</ele>
    <time>2026-06-19T17:21:27Z</time>
   </trkpt>
   <trkpt lat="51.4770160" lon="-0.2750460">
    <ele>5.5</ele>
    <time>2026-06-19T17:21:28Z</time>
   </trkpt>
   <trkpt lat="51.4769990" lon="-0.2750370">
    <ele>5.5</ele>
    <time>2026-06-19T17:21:29Z</time>
   </trkpt>
   <trkpt lat="51.4769900" lon="-0.2750320">
    <ele>5.5</ele>
    <time>2026-06-19T17:21:30Z</time>
   </trkpt>
   <trkpt lat="51.4769760" lon="-0.2750270">
    <ele>5.4</ele>
    <time>2026-06-19T17:21:31Z</time>
   </trkpt>
   <trkpt lat="51.4769600" lon="-0.2750190">
    <ele>5.4</ele>
    <time>2026-06-19T17:21:32Z</time>
   </trkpt>
   <trkpt lat="51.4769390" lon="-0.2750050">
    <ele>5.4</ele>
    <time>2026-06-19T17:21:33Z</time>
   </trkpt>
   <trkpt lat="51.4769310" lon="-0.2749980">
    <ele>5.4</ele>
    <time>2026-06-19T17:21:34Z</time>
   </trkpt>
   <trkpt lat="51.4769240" lon="-0.2749910">
    <ele>5.4</ele>
    <time>2026-06-19T17:21:35Z</time>
   </trkpt>
   <trkpt lat="51.4769110" lon="-0.2749850">
    <ele>5.4</ele>
    <time>2026-06-19T17:21:36Z</time>
   </trkpt>
   <trkpt lat="51.4768970" lon="-0.2749730">
    <ele>5.4</ele>
    <time>2026-06-19T17:21:37Z</time>
   </trkpt>
   <trkpt lat="51.4768900" lon="-0.2749750">
    <ele>5.4</ele>
    <time>2026-06-19T17:21:38Z</time>
   </trkpt>
   <trkpt lat="51.4768820" lon="-0.2749700">
    <ele>5.4</ele>
    <time>2026-06-19T17:21:39Z</time>
   </trkpt>
   <trkpt lat="51.4768690" lon="-0.2749600">
    <ele>5.4</ele>
    <time>2026-06-19T17:21:40Z</time>
   </trkpt>
   <trkpt lat="51.4768510" lon="-0.2749450">
    <ele>5.4</ele>
    <time>2026-06-19T17:21:41Z</time>
   </trkpt>
   <trkpt lat="51.4768430" lon="-0.2749390">
    <ele>5.4</ele>
    <time>2026-06-19T17:21:42Z</time>
   </trkpt>
   <trkpt lat="51.4768360" lon="-0.2749330">
    <ele>5.4</ele>
    <time>2026-06-19T17:21:43Z</time>
   </trkpt>
   <trkpt lat="51.4768240" lon="-0.2749220">
    <ele>5.4</ele>
    <time>2026-06-19T17:21:44Z</time>
   </trkpt>
   <trkpt lat="51.4768110" lon="-0.2749140">
    <ele>5.4</ele>
    <time>2026-06-19T17:21:45Z</time>
   </trkpt>
   <trkpt lat="51.4767980" lon="-0.2749050">
    <ele>5.4</ele>
    <time>2026-06-19T17:21:46Z</time>
   </trkpt>
   <trkpt lat="51.4767830" lon="-0.2748910">
    <ele>5.4</ele>
    <time>2026-06-19T17:21:47Z</time>
   </trkpt>
   <trkpt lat="51.4767710" lon="-0.2748810">
    <ele>5.4</ele>
    <time>2026-06-19T17:21:48Z</time>
   </trkpt>
   <trkpt lat="51.4767560" lon="-0.2748760">
    <ele>5.4</ele>
    <time>2026-06-19T17:21:49Z</time>
   </trkpt>
   <trkpt lat="51.4767360" lon="-0.2748700">
    <ele>5.4</ele>
    <time>2026-06-19T17:21:50Z</time>
   </trkpt>
   <trkpt lat="51.4767250" lon="-0.2748680">
    <ele>5.4</ele>
    <time>2026-06-19T17:21:51Z</time>
   </trkpt>
   <trkpt lat="51.4767150" lon="-0.2748660">
    <ele>5.4</ele>
    <time>2026-06-19T17:21:52Z</time>
   </trkpt>
   <trkpt lat="51.4766940" lon="-0.2748570">
    <ele>5.4</ele>
    <time>2026-06-19T17:21:53Z</time>
   </trkpt>
   <trkpt lat="51.4766860" lon="-0.2748520">
    <ele>5.4</ele>
    <time>2026-06-19T17:21:54Z</time>
   </trkpt>
   <trkpt lat="51.4766790" lon="-0.2748480">
    <ele>5.4</ele>
    <time>2026-06-19T17:21:55Z</time>
   </trkpt>
   <trkpt lat="51.4766590" lon="-0.2748360">
    <ele>5.4</ele>
    <time>2026-06-19T17:21:56Z</time>
   </trkpt>
   <trkpt lat="51.4766510" lon="-0.2748320">
    <ele>5.4</ele>
    <time>2026-06-19T17:21:57Z</time>
   </trkpt>
   <trkpt lat="51.4766430" lon="-0.2748270">
    <ele>5.4</ele>
    <time>2026-06-19T17:21:58Z</time>
   </trkpt>
   <trkpt lat="51.4766240" lon="-0.2748140">
    <ele>5.4</ele>
    <time>2026-06-19T17:21:59Z</time>
   </trkpt>
   <trkpt lat="51.4766170" lon="-0.2748070">
    <ele>5.4</ele>
    <time>2026-06-19T17:22:00Z</time>
   </trkpt>
   <trkpt lat="51.4766100" lon="-0.2748000">
    <ele>5.4</ele>
    <time>2026-06-19T17:22:01Z</time>
   </trkpt>
   <trkpt lat="51.4765980" lon="-0.2747850">
    <ele>5.4</ele>
    <time>2026-06-19T17:22:02Z</time>
   </trkpt>
   <trkpt lat="51.4765860" lon="-0.2747760">
    <ele>5.4</ele>
    <time>2026-06-19T17:22:03Z</time>
   </trkpt>
   <trkpt lat="51.4765730" lon="-0.2747610">
    <ele>5.4</ele>
    <time>2026-06-19T17:22:04Z</time>
   </trkpt>
   <trkpt lat="51.4765600" lon="-0.2747510">
    <ele>5.4</ele>
    <time>2026-06-19T17:22:05Z</time>
   </trkpt>
   <trkpt lat="51.4765490" lon="-0.2747410">
    <ele>5.4</ele>
    <time>2026-06-19T17:22:06Z</time>
   </trkpt>
   <trkpt lat="51.4765350" lon="-0.2747320">
    <ele>5.4</ele>
    <time>2026-06-19T17:22:07Z</time>
   </trkpt>
   <trkpt lat="51.4765140" lon="-0.2747170">
    <ele>5.4</ele>
    <time>2026-06-19T17:22:08Z</time>
   </trkpt>
   <trkpt lat="51.4765050" lon="-0.2747140">
    <ele>5.4</ele>
    <time>2026-06-19T17:22:09Z</time>
   </trkpt>
   <trkpt lat="51.4764970" lon="-0.2747100">
    <ele>5.4</ele>
    <time>2026-06-19T17:22:10Z</time>
   </trkpt>
   <trkpt lat="51.4764790" lon="-0.2746910">
    <ele>5.4</ele>
    <time>2026-06-19T17:22:11Z</time>
   </trkpt>
   <trkpt lat="51.4764710" lon="-0.2746840">
    <ele>5.4</ele>
    <time>2026-06-19T17:22:12Z</time>
   </trkpt>
   <trkpt lat="51.4764640" lon="-0.2746780">
    <ele>5.4</ele>
    <time>2026-06-19T17:22:13Z</time>
   </trkpt>
   <trkpt lat="51.4764430" lon="-0.2746670">
    <ele>5.4</ele>
    <time>2026-06-19T17:22:14Z</time>
   </trkpt>
   <trkpt lat="51.4764330" lon="-0.2746610">
    <ele>5.4</ele>
    <time>2026-06-19T17:22:15Z</time>
   </trkpt>
   <trkpt lat="51.4764240" lon="-0.2746560">
    <ele>5.4</ele>
    <time>2026-06-19T17:22:16Z</time>
   </trkpt>
   <trkpt lat="51.4764050" lon="-0.2746400">
    <ele>5.4</ele>
    <time>2026-06-19T17:22:17Z</time>
   </trkpt>
   <trkpt lat="51.4763970" lon="-0.2746350">
    <ele>5.4</ele>
    <time>2026-06-19T17:22:18Z</time>
   </trkpt>
   <trkpt lat="51.4763900" lon="-0.2746290">
    <ele>5.4</ele>
    <time>2026-06-19T17:22:19Z</time>
   </trkpt>
   <trkpt lat="51.4763790" lon="-0.2746210">
    <ele>5.4</ele>
    <time>2026-06-19T17:22:20Z</time>
   </trkpt>
   <trkpt lat="51.4763680" lon="-0.2746170">
    <ele>5.4</ele>
    <time>2026-06-19T17:22:21Z</time>
   </trkpt>
   <trkpt lat="51.4763640" lon="-0.2746150">
    <ele>5.4</ele>
    <time>2026-06-19T17:22:22Z</time>
   </trkpt>
   <trkpt lat="51.4763490" lon="-0.2746070">
    <ele>5.4</ele>
    <time>2026-06-19T17:22:23Z</time>
   </trkpt>
   <trkpt lat="51.4763420" lon="-0.2746020">
    <ele>5.4</ele>
    <time>2026-06-19T17:22:24Z</time>
   </trkpt>
   <trkpt lat="51.4763350" lon="-0.2745980">
    <ele>5.4</ele>
    <time>2026-06-19T17:22:25Z</time>
   </trkpt>
   <trkpt lat="51.4763280" lon="-0.2745940">
    <ele>5.4</ele>
    <time>2026-06-19T17:22:26Z</time>
   </trkpt>
   <trkpt lat="51.4763210" lon="-0.2745920">
    <ele>5.4</ele>
    <time>2026-06-19T17:22:27Z</time>
   </trkpt>
   <trkpt lat="51.4763130" lon="-0.2745850">
    <ele>5.4</ele>
    <time>2026-06-19T17:22:28Z</time>
   </trkpt>
   <trkpt lat="51.4763030" lon="-0.2745730">
    <ele>5.4</ele>
    <time>2026-06-19T17:22:29Z</time>
   </trkpt>
   <trkpt lat="51.4762890" lon="-0.2745630">
    <ele>5.4</ele>
    <time>2026-06-19T17:22:30Z</time>
   </trkpt>
   <trkpt lat="51.4762780" lon="-0.2745510">
    <ele>5.3</ele>
    <time>2026-06-19T17:22:31Z</time>
   </trkpt>
   <trkpt lat="51.4762650" lon="-0.2745460">
    <ele>5.3</ele>
    <time>2026-06-19T17:22:32Z</time>
   </trkpt>
   <trkpt lat="51.4762550" lon="-0.2745370">
    <ele>5.3</ele>
    <time>2026-06-19T17:22:33Z</time>
   </trkpt>
   <trkpt lat="51.4762470" lon="-0.2745320">
    <ele>5.3</ele>
    <time>2026-06-19T17:22:34Z</time>
   </trkpt>
   <trkpt lat="51.4762340" lon="-0.2745240">
    <ele>5.3</ele>
    <time>2026-06-19T17:22:35Z</time>
   </trkpt>
   <trkpt lat="51.4762180" lon="-0.2745150">
    <ele>5.3</ele>
    <time>2026-06-19T17:22:36Z</time>
   </trkpt>
   <trkpt lat="51.4762010" lon="-0.2744980">
    <ele>5.3</ele>
    <time>2026-06-19T17:22:37Z</time>
   </trkpt>
   <trkpt lat="51.4761930" lon="-0.2744910">
    <ele>5.3</ele>
    <time>2026-06-19T17:22:38Z</time>
   </trkpt>
   <trkpt lat="51.4761840" lon="-0.2744840">
    <ele>5.3</ele>
    <time>2026-06-19T17:22:39Z</time>
   </trkpt>
   <trkpt lat="51.4761630" lon="-0.2744730">
    <ele>5.3</ele>
    <time>2026-06-19T17:22:40Z</time>
   </trkpt>
   <trkpt lat="51.4761530" lon="-0.2744680">
    <ele>5.3</ele>
    <time>2026-06-19T17:22:41Z</time>
   </trkpt>
   <trkpt lat="51.4761440" lon="-0.2744620">
    <ele>5.3</ele>
    <time>2026-06-19T17:22:42Z</time>
   </trkpt>
   <trkpt lat="51.4761340" lon="-0.2744550">
    <ele>5.3</ele>
    <time>2026-06-19T17:22:44Z</time>
   </trkpt>
   <trkpt lat="51.4761250" lon="-0.2744420">
    <ele>5.3</ele>
    <time>2026-06-19T17:22:45Z</time>
   </trkpt>
   <trkpt lat="51.4761150" lon="-0.2744370">
    <ele>5.3</ele>
    <time>2026-06-19T17:22:46Z</time>
   </trkpt>
   <trkpt lat="51.4760990" lon="-0.2744300">
    <ele>5.3</ele>
    <time>2026-06-19T17:22:47Z</time>
   </trkpt>
   <trkpt lat="51.4760880" lon="-0.2744220">
    <ele>5.3</ele>
    <time>2026-06-19T17:22:48Z</time>
   </trkpt>
   <trkpt lat="51.4760720" lon="-0.2744090">
    <ele>5.3</ele>
    <time>2026-06-19T17:22:49Z</time>
   </trkpt>
   <trkpt lat="51.4760600" lon="-0.2744020">
    <ele>5.3</ele>
    <time>2026-06-19T17:22:50Z</time>
   </trkpt>
   <trkpt lat="51.4760500" lon="-0.2743890">
    <ele>5.3</ele>
    <time>2026-06-19T17:22:51Z</time>
   </trkpt>
   <trkpt lat="51.4760440" lon="-0.2743790">
    <ele>5.3</ele>
    <time>2026-06-19T17:22:52Z</time>
   </trkpt>
   <trkpt lat="51.4760370" lon="-0.2743760">
    <ele>5.3</ele>
    <time>2026-06-19T17:22:53Z</time>
   </trkpt>
   <trkpt lat="51.4760220" lon="-0.2743640">
    <ele>5.3</ele>
    <time>2026-06-19T17:22:54Z</time>
   </trkpt>
   <trkpt lat="51.4760120" lon="-0.2743580">
    <ele>5.3</ele>
    <time>2026-06-19T17:22:55Z</time>
   </trkpt>
   <trkpt lat="51.4760030" lon="-0.2743530">
    <ele>5.3</ele>
    <time>2026-06-19T17:22:56Z</time>
   </trkpt>
   <trkpt lat="51.4759710" lon="-0.2743350">
    <ele>5.3</ele>
    <time>2026-06-19T17:22:57Z</time>
   </trkpt>
   <trkpt lat="51.4759620" lon="-0.2743300">
    <ele>5.3</ele>
    <time>2026-06-19T17:22:58Z</time>
   </trkpt>
   <trkpt lat="51.4759430" lon="-0.2743160">
    <ele>5.3</ele>
    <time>2026-06-19T17:22:59Z</time>
   </trkpt>
   <trkpt lat="51.4759330" lon="-0.2743110">
    <ele>5.3</ele>
    <time>2026-06-19T17:23:00Z</time>
   </trkpt>
   <trkpt lat="51.4759240" lon="-0.2743050">
    <ele>5.3</ele>
    <time>2026-06-19T17:23:01Z</time>
   </trkpt>
   <trkpt lat="51.4759090" lon="-0.2742990">
    <ele>5.3</ele>
    <time>2026-06-19T17:23:02Z</time>
   </trkpt>
   <trkpt lat="51.4758950" lon="-0.2742810">
    <ele>5.3</ele>
    <time>2026-06-19T17:23:03Z</time>
   </trkpt>
   <trkpt lat="51.4758850" lon="-0.2742710">
    <ele>5.3</ele>
    <time>2026-06-19T17:23:04Z</time>
   </trkpt>
   <trkpt lat="51.4758770" lon="-0.2742650">
    <ele>5.3</ele>
    <time>2026-06-19T17:23:05Z</time>
   </trkpt>
   <trkpt lat="51.4758700" lon="-0.2742620">
    <ele>5.3</ele>
    <time>2026-06-19T17:23:06Z</time>
   </trkpt>
   <trkpt lat="51.4758560" lon="-0.2742520">
    <ele>5.3</ele>
    <time>2026-06-19T17:23:07Z</time>
   </trkpt>
   <trkpt lat="51.4758470" lon="-0.2742400">
    <ele>5.3</ele>
    <time>2026-06-19T17:23:08Z</time>
   </trkpt>
   <trkpt lat="51.4758360" lon="-0.2742320">
    <ele>5.3</ele>
    <time>2026-06-19T17:23:09Z</time>
   </trkpt>
   <trkpt lat="51.4758220" lon="-0.2742210">
    <ele>5.3</ele>
    <time>2026-06-19T17:23:10Z</time>
   </trkpt>
   <trkpt lat="51.4758010" lon="-0.2742010">
    <ele>5.3</ele>
    <time>2026-06-19T17:23:11Z</time>
   </trkpt>
   <trkpt lat="51.4757910" lon="-0.2741980">
    <ele>5.3</ele>
    <time>2026-06-19T17:23:12Z</time>
   </trkpt>
   <trkpt lat="51.4757810" lon="-0.2741940">
    <ele>5.3</ele>
    <time>2026-06-19T17:23:13Z</time>
   </trkpt>
   <trkpt lat="51.4757720" lon="-0.2741750">
    <ele>5.3</ele>
    <time>2026-06-19T17:23:14Z</time>
   </trkpt>
   <trkpt lat="51.4757600" lon="-0.2741600">
    <ele>5.3</ele>
    <time>2026-06-19T17:23:15Z</time>
   </trkpt>
   <trkpt lat="51.4757460" lon="-0.2741490">
    <ele>5.3</ele>
    <time>2026-06-19T17:23:16Z</time>
   </trkpt>
   <trkpt lat="51.4757350" lon="-0.2741410">
    <ele>5.3</ele>
    <time>2026-06-19T17:23:17Z</time>
   </trkpt>
   <trkpt lat="51.4757240" lon="-0.2741350">
    <ele>5.3</ele>
    <time>2026-06-19T17:23:18Z</time>
   </trkpt>
   <trkpt lat="51.4757130" lon="-0.2741270">
    <ele>5.3</ele>
    <time>2026-06-19T17:23:19Z</time>
   </trkpt>
   <trkpt lat="51.4757030" lon="-0.2741220">
    <ele>5.3</ele>
    <time>2026-06-19T17:23:20Z</time>
   </trkpt>
   <trkpt lat="51.4756890" lon="-0.2741120">
    <ele>5.3</ele>
    <time>2026-06-19T17:23:21Z</time>
   </trkpt>
   <trkpt lat="51.4756770" lon="-0.2741080">
    <ele>5.3</ele>
    <time>2026-06-19T17:23:22Z</time>
   </trkpt>
   <trkpt lat="51.4756640" lon="-0.2740920">
    <ele>5.3</ele>
    <time>2026-06-19T17:23:23Z</time>
   </trkpt>
   <trkpt lat="51.4756550" lon="-0.2740850">
    <ele>5.3</ele>
    <time>2026-06-19T17:23:24Z</time>
   </trkpt>
   <trkpt lat="51.4756460" lon="-0.2740800">
    <ele>5.3</ele>
    <time>2026-06-19T17:23:25Z</time>
   </trkpt>
   <trkpt lat="51.4756440" lon="-0.2740760">
    <ele>5.3</ele>
    <time>2026-06-19T17:23:26Z</time>
   </trkpt>
   <trkpt lat="51.4756290" lon="-0.2740660">
    <ele>5.3</ele>
    <time>2026-06-19T17:23:27Z</time>
   </trkpt>
   <trkpt lat="51.4756180" lon="-0.2740620">
    <ele>5.3</ele>
    <time>2026-06-19T17:23:28Z</time>
   </trkpt>
   <trkpt lat="51.4756070" lon="-0.2740510">
    <ele>5.3</ele>
    <time>2026-06-19T17:23:29Z</time>
   </trkpt>
   <trkpt lat="51.4756000" lon="-0.2740410">
    <ele>5.3</ele>
    <time>2026-06-19T17:23:30Z</time>
   </trkpt>
   <trkpt lat="51.4755860" lon="-0.2740290">
    <ele>5.3</ele>
    <time>2026-06-19T17:23:31Z</time>
   </trkpt>
   <trkpt lat="51.4755710" lon="-0.2740150">
    <ele>5.3</ele>
    <time>2026-06-19T17:23:32Z</time>
   </trkpt>
   <trkpt lat="51.4755600" lon="-0.2739970">
    <ele>5.3</ele>
    <time>2026-06-19T17:23:33Z</time>
   </trkpt>
   <trkpt lat="51.4755490" lon="-0.2739850">
    <ele>5.3</ele>
    <time>2026-06-19T17:23:34Z</time>
   </trkpt>
   <trkpt lat="51.4755360" lon="-0.2739740">
    <ele>5.3</ele>
    <time>2026-06-19T17:23:35Z</time>
   </trkpt>
   <trkpt lat="51.4755230" lon="-0.2739720">
    <ele>5.3</ele>
    <time>2026-06-19T17:23:36Z</time>
   </trkpt>
   <trkpt lat="51.4755130" lon="-0.2739710">
    <ele>5.3</ele>
    <time>2026-06-19T17:23:37Z</time>
   </trkpt>
   <trkpt lat="51.4754990" lon="-0.2739590">
    <ele>5.3</ele>
    <time>2026-06-19T17:23:38Z</time>
   </trkpt>
   <trkpt lat="51.4754900" lon="-0.2739550">
    <ele>5.3</ele>
    <time>2026-06-19T17:23:39Z</time>
   </trkpt>
   <trkpt lat="51.4754780" lon="-0.2739460">
    <ele>5.3</ele>
    <time>2026-06-19T17:23:40Z</time>
   </trkpt>
   <trkpt lat="51.4754690" lon="-0.2739380">
    <ele>5.3</ele>
    <time>2026-06-19T17:23:41Z</time>
   </trkpt>
   <trkpt lat="51.4754600" lon="-0.2739290">
    <ele>5.3</ele>
    <time>2026-06-19T17:23:42Z</time>
   </trkpt>
   <trkpt lat="51.4754480" lon="-0.2739170">
    <ele>5.3</ele>
    <time>2026-06-19T17:23:43Z</time>
   </trkpt>
   <trkpt lat="51.4754330" lon="-0.2739080">
    <ele>5.3</ele>
    <time>2026-06-19T17:23:44Z</time>
   </trkpt>
   <trkpt lat="51.4754200" lon="-0.2738970">
    <ele>5.3</ele>
    <time>2026-06-19T17:23:45Z</time>
   </trkpt>
   <trkpt lat="51.4754150" lon="-0.2738920">
    <ele>5.3</ele>
    <time>2026-06-19T17:23:46Z</time>
   </trkpt>
   <trkpt lat="51.4754060" lon="-0.2738850">
    <ele>5.3</ele>
    <time>2026-06-19T17:23:47Z</time>
   </trkpt>
   <trkpt lat="51.4754000" lon="-0.2738820">
    <ele>5.3</ele>
    <time>2026-06-19T17:23:48Z</time>
   </trkpt>
   <trkpt lat="51.4753910" lon="-0.2738760">
    <ele>5.3</ele>
    <time>2026-06-19T17:23:49Z</time>
   </trkpt>
   <trkpt lat="51.4753770" lon="-0.2738640">
    <ele>5.3</ele>
    <time>2026-06-19T17:23:50Z</time>
   </trkpt>
   <trkpt lat="51.4753610" lon="-0.2738490">
    <ele>5.3</ele>
    <time>2026-06-19T17:23:51Z</time>
   </trkpt>
   <trkpt lat="51.4753520" lon="-0.2738390">
    <ele>5.3</ele>
    <time>2026-06-19T17:23:52Z</time>
   </trkpt>
   <trkpt lat="51.4753440" lon="-0.2738300">
    <ele>5.3</ele>
    <time>2026-06-19T17:23:53Z</time>
   </trkpt>
   <trkpt lat="51.4753300" lon="-0.2738190">
    <ele>5.3</ele>
    <time>2026-06-19T17:23:54Z</time>
   </trkpt>
   <trkpt lat="51.4753160" lon="-0.2738090">
    <ele>5.3</ele>
    <time>2026-06-19T17:23:55Z</time>
   </trkpt>
   <trkpt lat="51.4753040" lon="-0.2738050">
    <ele>5.3</ele>
    <time>2026-06-19T17:23:56Z</time>
   </trkpt>
   <trkpt lat="51.4752930" lon="-0.2737950">
    <ele>5.3</ele>
    <time>2026-06-19T17:23:57Z</time>
   </trkpt>
   <trkpt lat="51.4752820" lon="-0.2737860">
    <ele>5.3</ele>
    <time>2026-06-19T17:23:58Z</time>
   </trkpt>
   <trkpt lat="51.4752580" lon="-0.2737700">
    <ele>5.3</ele>
    <time>2026-06-19T17:23:59Z</time>
   </trkpt>
   <trkpt lat="51.4752500" lon="-0.2737640">
    <ele>5.3</ele>
    <time>2026-06-19T17:24:00Z</time>
   </trkpt>
   <trkpt lat="51.4752420" lon="-0.2737580">
    <ele>5.3</ele>
    <time>2026-06-19T17:24:01Z</time>
   </trkpt>
   <trkpt lat="51.4752280" lon="-0.2737440">
    <ele>5.3</ele>
    <time>2026-06-19T17:24:02Z</time>
   </trkpt>
   <trkpt lat="51.4752140" lon="-0.2737280">
    <ele>5.3</ele>
    <time>2026-06-19T17:24:03Z</time>
   </trkpt>
   <trkpt lat="51.4752000" lon="-0.2737210">
    <ele>5.3</ele>
    <time>2026-06-19T17:24:04Z</time>
   </trkpt>
   <trkpt lat="51.4751890" lon="-0.2737110">
    <ele>5.3</ele>
    <time>2026-06-19T17:24:05Z</time>
   </trkpt>
   <trkpt lat="51.4751770" lon="-0.2737020">
    <ele>5.3</ele>
    <time>2026-06-19T17:24:06Z</time>
   </trkpt>
   <trkpt lat="51.4751650" lon="-0.2736910">
    <ele>5.3</ele>
    <time>2026-06-19T17:24:07Z</time>
   </trkpt>
   <trkpt lat="51.4751550" lon="-0.2736830">
    <ele>5.3</ele>
    <time>2026-06-19T17:24:08Z</time>
   </trkpt>
   <trkpt lat="51.4751470" lon="-0.2736730">
    <ele>5.3</ele>
    <time>2026-06-19T17:24:09Z</time>
   </trkpt>
   <trkpt lat="51.4751400" lon="-0.2736610">
    <ele>5.3</ele>
    <time>2026-06-19T17:24:10Z</time>
   </trkpt>
   <trkpt lat="51.4751300" lon="-0.2736590">
    <ele>5.3</ele>
    <time>2026-06-19T17:24:11Z</time>
   </trkpt>
   <trkpt lat="51.4751180" lon="-0.2736500">
    <ele>5.3</ele>
    <time>2026-06-19T17:24:12Z</time>
   </trkpt>
   <trkpt lat="51.4751080" lon="-0.2736430">
    <ele>5.3</ele>
    <time>2026-06-19T17:24:13Z</time>
   </trkpt>
   <trkpt lat="51.4750960" lon="-0.2736340">
    <ele>5.3</ele>
    <time>2026-06-19T17:24:14Z</time>
   </trkpt>
   <trkpt lat="51.4750820" lon="-0.2736200">
    <ele>5.3</ele>
    <time>2026-06-19T17:24:15Z</time>
   </trkpt>
   <trkpt lat="51.4750690" lon="-0.2736080">
    <ele>5.3</ele>
    <time>2026-06-19T17:24:16Z</time>
   </trkpt>
   <trkpt lat="51.4750540" lon="-0.2735960">
    <ele>5.3</ele>
    <time>2026-06-19T17:24:17Z</time>
   </trkpt>
   <trkpt lat="51.4750350" lon="-0.2735800">
    <ele>5.3</ele>
    <time>2026-06-19T17:24:18Z</time>
   </trkpt>
   <trkpt lat="51.4750270" lon="-0.2735740">
    <ele>5.3</ele>
    <time>2026-06-19T17:24:19Z</time>
   </trkpt>
   <trkpt lat="51.4750200" lon="-0.2735680">
    <ele>5.3</ele>
    <time>2026-06-19T17:24:20Z</time>
   </trkpt>
   <trkpt lat="51.4750110" lon="-0.2735540">
    <ele>5.3</ele>
    <time>2026-06-19T17:24:21Z</time>
   </trkpt>
   <trkpt lat="51.4750060" lon="-0.2735420">
    <ele>5.3</ele>
    <time>2026-06-19T17:24:22Z</time>
   </trkpt>
   <trkpt lat="51.4749930" lon="-0.2735330">
    <ele>5.3</ele>
    <time>2026-06-19T17:24:23Z</time>
   </trkpt>
   <trkpt lat="51.4749730" lon="-0.2735170">
    <ele>5.3</ele>
    <time>2026-06-19T17:24:24Z</time>
   </trkpt>
   <trkpt lat="51.4749660" lon="-0.2735120">
    <ele>5.3</ele>
    <time>2026-06-19T17:24:25Z</time>
   </trkpt>
   <trkpt lat="51.4749590" lon="-0.2735060">
    <ele>5.3</ele>
    <time>2026-06-19T17:24:26Z</time>
   </trkpt>
   <trkpt lat="51.4749330" lon="-0.2734910">
    <ele>5.3</ele>
    <time>2026-06-19T17:24:27Z</time>
   </trkpt>
   <trkpt lat="51.4749250" lon="-0.2734840">
    <ele>5.3</ele>
    <time>2026-06-19T17:24:28Z</time>
   </trkpt>
   <trkpt lat="51.4749040" lon="-0.2734700">
    <ele>5.3</ele>
    <time>2026-06-19T17:24:29Z</time>
   </trkpt>
   <trkpt lat="51.4748960" lon="-0.2734640">
    <ele>5.3</ele>
    <time>2026-06-19T17:24:30Z</time>
   </trkpt>
   <trkpt lat="51.4748870" lon="-0.2734590">
    <ele>5.3</ele>
    <time>2026-06-19T17:24:31Z</time>
   </trkpt>
   <trkpt lat="51.4748750" lon="-0.2734460">
    <ele>5.3</ele>
    <time>2026-06-19T17:24:32Z</time>
   </trkpt>
   <trkpt lat="51.4748630" lon="-0.2734340">
    <ele>5.3</ele>
    <time>2026-06-19T17:24:33Z</time>
   </trkpt>
   <trkpt lat="51.4748510" lon="-0.2734190">
    <ele>5.3</ele>
    <time>2026-06-19T17:24:34Z</time>
   </trkpt>
   <trkpt lat="51.4748400" lon="-0.2734110">
    <ele>5.3</ele>
    <time>2026-06-19T17:24:35Z</time>
   </trkpt>
   <trkpt lat="51.4748190" lon="-0.2734050">
    <ele>5.3</ele>
    <time>2026-06-19T17:24:36Z</time>
   </trkpt>
   <trkpt lat="51.4748100" lon="-0.2734030">
    <ele>5.3</ele>
    <time>2026-06-19T17:24:38Z</time>
   </trkpt>
   <trkpt lat="51.4748020" lon="-0.2734000">
    <ele>5.3</ele>
    <time>2026-06-19T17:24:39Z</time>
   </trkpt>
   <trkpt lat="51.4747910" lon="-0.2733950">
    <ele>5.3</ele>
    <time>2026-06-19T17:24:40Z</time>
   </trkpt>
   <trkpt lat="51.4747790" lon="-0.2733880">
    <ele>5.3</ele>
    <time>2026-06-19T17:24:41Z</time>
   </trkpt>
   <trkpt lat="51.4747690" lon="-0.2733810">
    <ele>5.3</ele>
    <time>2026-06-19T17:24:42Z</time>
   </trkpt>
   <trkpt lat="51.4747520" lon="-0.2733620">
    <ele>5.3</ele>
    <time>2026-06-19T17:24:43Z</time>
   </trkpt>
   <trkpt lat="51.4747460" lon="-0.2733530">
    <ele>5.3</ele>
    <time>2026-06-19T17:24:44Z</time>
   </trkpt>
   <trkpt lat="51.4747390" lon="-0.2733450">
    <ele>5.3</ele>
    <time>2026-06-19T17:24:45Z</time>
   </trkpt>
   <trkpt lat="51.4747200" lon="-0.2733320">
    <ele>5.3</ele>
    <time>2026-06-19T17:24:46Z</time>
   </trkpt>
   <trkpt lat="51.4747110" lon="-0.2733260">
    <ele>5.3</ele>
    <time>2026-06-19T17:24:47Z</time>
   </trkpt>
   <trkpt lat="51.4747030" lon="-0.2733190">
    <ele>5.3</ele>
    <time>2026-06-19T17:24:48Z</time>
   </trkpt>
   <trkpt lat="51.4746930" lon="-0.2733060">
    <ele>5.3</ele>
    <time>2026-06-19T17:24:49Z</time>
   </trkpt>
   <trkpt lat="51.4746810" lon="-0.2732910">
    <ele>5.3</ele>
    <time>2026-06-19T17:24:50Z</time>
   </trkpt>
   <trkpt lat="51.4746690" lon="-0.2732780">
    <ele>5.2</ele>
    <time>2026-06-19T17:24:51Z</time>
   </trkpt>
   <trkpt lat="51.4746580" lon="-0.2732670">
    <ele>5.2</ele>
    <time>2026-06-19T17:24:52Z</time>
   </trkpt>
   <trkpt lat="51.4746460" lon="-0.2732570">
    <ele>5.2</ele>
    <time>2026-06-19T17:24:53Z</time>
   </trkpt>
   <trkpt lat="51.4746350" lon="-0.2732440">
    <ele>5.2</ele>
    <time>2026-06-19T17:24:54Z</time>
   </trkpt>
   <trkpt lat="51.4746170" lon="-0.2732260">
    <ele>5.2</ele>
    <time>2026-06-19T17:24:55Z</time>
   </trkpt>
   <trkpt lat="51.4746100" lon="-0.2732180">
    <ele>5.2</ele>
    <time>2026-06-19T17:24:56Z</time>
   </trkpt>
   <trkpt lat="51.4746030" lon="-0.2732090">
    <ele>5.2</ele>
    <time>2026-06-19T17:24:57Z</time>
   </trkpt>
   <trkpt lat="51.4745930" lon="-0.2731960">
    <ele>5.2</ele>
    <time>2026-06-19T17:24:58Z</time>
   </trkpt>
   <trkpt lat="51.4745810" lon="-0.2731830">
    <ele>5.2</ele>
    <time>2026-06-19T17:24:59Z</time>
   </trkpt>
   <trkpt lat="51.4745620" lon="-0.2731680">
    <ele>5.1</ele>
    <time>2026-06-19T17:25:00Z</time>
   </trkpt>
   <trkpt lat="51.4745550" lon="-0.2731620">
    <ele>5.1</ele>
    <time>2026-06-19T17:25:01Z</time>
   </trkpt>
   <trkpt lat="51.4745470" lon="-0.2731560">
    <ele>5.1</ele>
    <time>2026-06-19T17:25:02Z</time>
   </trkpt>
   <trkpt lat="51.4745290" lon="-0.2731340">
    <ele>5.1</ele>
    <time>2026-06-19T17:25:03Z</time>
   </trkpt>
   <trkpt lat="51.4745220" lon="-0.2731260">
    <ele>5.1</ele>
    <time>2026-06-19T17:25:04Z</time>
   </trkpt>
   <trkpt lat="51.4745150" lon="-0.2731190">
    <ele>5.1</ele>
    <time>2026-06-19T17:25:05Z</time>
   </trkpt>
   <trkpt lat="51.4745030" lon="-0.2731060">
    <ele>5.1</ele>
    <time>2026-06-19T17:25:06Z</time>
   </trkpt>
   <trkpt lat="51.4744920" lon="-0.2730950">
    <ele>5.0</ele>
    <time>2026-06-19T17:25:07Z</time>
   </trkpt>
   <trkpt lat="51.4744720" lon="-0.2730730">
    <ele>5.0</ele>
    <time>2026-06-19T17:25:08Z</time>
   </trkpt>
   <trkpt lat="51.4744610" lon="-0.2730620">
    <ele>5.0</ele>
    <time>2026-06-19T17:25:09Z</time>
   </trkpt>
   <trkpt lat="51.4744490" lon="-0.2730520">
    <ele>5.0</ele>
    <time>2026-06-19T17:25:10Z</time>
   </trkpt>
   <trkpt lat="51.4744330" lon="-0.2730400">
    <ele>4.9</ele>
    <time>2026-06-19T17:25:11Z</time>
   </trkpt>
   <trkpt lat="51.4744280" lon="-0.2730350">
    <ele>4.9</ele>
    <time>2026-06-19T17:25:12Z</time>
   </trkpt>
   <trkpt lat="51.4744180" lon="-0.2730220">
    <ele>4.9</ele>
    <time>2026-06-19T17:25:13Z</time>
   </trkpt>
   <trkpt lat="51.4744070" lon="-0.2730080">
    <ele>4.9</ele>
    <time>2026-06-19T17:25:14Z</time>
   </trkpt>
   <trkpt lat="51.4743910" lon="-0.2729830">
    <ele>4.8</ele>
    <time>2026-06-19T17:25:15Z</time>
   </trkpt>
   <trkpt lat="51.4743840" lon="-0.2729750">
    <ele>4.8</ele>
    <time>2026-06-19T17:25:16Z</time>
   </trkpt>
   <trkpt lat="51.4743770" lon="-0.2729680">
    <ele>4.8</ele>
    <time>2026-06-19T17:25:17Z</time>
   </trkpt>
   <trkpt lat="51.4743590" lon="-0.2729510">
    <ele>4.8</ele>
    <time>2026-06-19T17:25:18Z</time>
   </trkpt>
   <trkpt lat="51.4743520" lon="-0.2729440">
    <ele>4.8</ele>
    <time>2026-06-19T17:25:19Z</time>
   </trkpt>
   <trkpt lat="51.4743440" lon="-0.2729380">
    <ele>4.7</ele>
    <time>2026-06-19T17:25:20Z</time>
   </trkpt>
   <trkpt lat="51.4743320" lon="-0.2729280">
    <ele>4.7</ele>
    <time>2026-06-19T17:25:21Z</time>
   </trkpt>
   <trkpt lat="51.4743220" lon="-0.2729170">
    <ele>4.7</ele>
    <time>2026-06-19T17:25:22Z</time>
   </trkpt>
   <trkpt lat="51.4743120" lon="-0.2729120">
    <ele>4.7</ele>
    <time>2026-06-19T17:25:23Z</time>
   </trkpt>
   <trkpt lat="51.4743010" lon="-0.2729040">
    <ele>4.7</ele>
    <time>2026-06-19T17:25:24Z</time>
   </trkpt>
   <trkpt lat="51.4742920" lon="-0.2728960">
    <ele>4.7</ele>
    <time>2026-06-19T17:25:25Z</time>
   </trkpt>
   <trkpt lat="51.4742810" lon="-0.2728850">
    <ele>4.7</ele>
    <time>2026-06-19T17:25:26Z</time>
   </trkpt>
   <trkpt lat="51.4742640" lon="-0.2728650">
    <ele>4.7</ele>
    <time>2026-06-19T17:25:27Z</time>
   </trkpt>
   <trkpt lat="51.4742580" lon="-0.2728560">
    <ele>4.7</ele>
    <time>2026-06-19T17:25:28Z</time>
   </trkpt>
   <trkpt lat="51.4742510" lon="-0.2728460">
    <ele>4.7</ele>
    <time>2026-06-19T17:25:29Z</time>
   </trkpt>
   <trkpt lat="51.4742350" lon="-0.2728280">
    <ele>4.7</ele>
    <time>2026-06-19T17:25:30Z</time>
   </trkpt>
   <trkpt lat="51.4742290" lon="-0.2728200">
    <ele>4.7</ele>
    <time>2026-06-19T17:25:31Z</time>
   </trkpt>
   <trkpt lat="51.4742220" lon="-0.2728110">
    <ele>4.7</ele>
    <time>2026-06-19T17:25:32Z</time>
   </trkpt>
   <trkpt lat="51.4742130" lon="-0.2727960">
    <ele>4.7</ele>
    <time>2026-06-19T17:25:33Z</time>
   </trkpt>
   <trkpt lat="51.4742060" lon="-0.2727820">
    <ele>4.7</ele>
    <time>2026-06-19T17:25:34Z</time>
   </trkpt>
   <trkpt lat="51.4741940" lon="-0.2727750">
    <ele>4.7</ele>
    <time>2026-06-19T17:25:35Z</time>
   </trkpt>
   <trkpt lat="51.4741780" lon="-0.2727540">
    <ele>4.7</ele>
    <time>2026-06-19T17:25:36Z</time>
   </trkpt>
   <trkpt lat="51.4741710" lon="-0.2727480">
    <ele>4.7</ele>
    <time>2026-06-19T17:25:37Z</time>
   </trkpt>
   <trkpt lat="51.4741640" lon="-0.2727410">
    <ele>4.7</ele>
    <time>2026-06-19T17:25:38Z</time>
   </trkpt>
   <trkpt lat="51.4741460" lon="-0.2727250">
    <ele>4.7</ele>
    <time>2026-06-19T17:25:39Z</time>
   </trkpt>
   <trkpt lat="51.4741390" lon="-0.2727170">
    <ele>4.7</ele>
    <time>2026-06-19T17:25:40Z</time>
   </trkpt>
   <trkpt lat="51.4741320" lon="-0.2727090">
    <ele>4.7</ele>
    <time>2026-06-19T17:25:41Z</time>
   </trkpt>
   <trkpt lat="51.4741170" lon="-0.2726850">
    <ele>4.7</ele>
    <time>2026-06-19T17:25:42Z</time>
   </trkpt>
   <trkpt lat="51.4741120" lon="-0.2726750">
    <ele>4.7</ele>
    <time>2026-06-19T17:25:43Z</time>
   </trkpt>
   <trkpt lat="51.4741060" lon="-0.2726650">
    <ele>4.7</ele>
    <time>2026-06-19T17:25:44Z</time>
   </trkpt>
   <trkpt lat="51.4740950" lon="-0.2726520">
    <ele>4.7</ele>
    <time>2026-06-19T17:25:45Z</time>
   </trkpt>
   <trkpt lat="51.4740840" lon="-0.2726370">
    <ele>4.7</ele>
    <time>2026-06-19T17:25:46Z</time>
   </trkpt>
   <trkpt lat="51.4740730" lon="-0.2726270">
    <ele>4.7</ele>
    <time>2026-06-19T17:25:47Z</time>
   </trkpt>
   <trkpt lat="51.4740610" lon="-0.2726130">
    <ele>4.7</ele>
    <time>2026-06-19T17:25:48Z</time>
   </trkpt>
   <trkpt lat="51.4740490" lon="-0.2726030">
    <ele>4.7</ele>
    <time>2026-06-19T17:25:49Z</time>
   </trkpt>
   <trkpt lat="51.4740380" lon="-0.2725900">
    <ele>4.7</ele>
    <time>2026-06-19T17:25:50Z</time>
   </trkpt>
   <trkpt lat="51.4740220" lon="-0.2725690">
    <ele>4.7</ele>
    <time>2026-06-19T17:25:51Z</time>
   </trkpt>
   <trkpt lat="51.4740150" lon="-0.2725610">
    <ele>4.7</ele>
    <time>2026-06-19T17:25:52Z</time>
   </trkpt>
   <trkpt lat="51.4740070" lon="-0.2725540">
    <ele>4.7</ele>
    <time>2026-06-19T17:25:53Z</time>
   </trkpt>
   <trkpt lat="51.4739880" lon="-0.2725360">
    <ele>4.7</ele>
    <time>2026-06-19T17:25:54Z</time>
   </trkpt>
   <trkpt lat="51.4739810" lon="-0.2725290">
    <ele>4.7</ele>
    <time>2026-06-19T17:25:55Z</time>
   </trkpt>
   <trkpt lat="51.4739730" lon="-0.2725210">
    <ele>4.7</ele>
    <time>2026-06-19T17:25:56Z</time>
   </trkpt>
   <trkpt lat="51.4739550" lon="-0.2725020">
    <ele>4.7</ele>
    <time>2026-06-19T17:25:57Z</time>
   </trkpt>
   <trkpt lat="51.4739470" lon="-0.2724950">
    <ele>4.7</ele>
    <time>2026-06-19T17:25:58Z</time>
   </trkpt>
   <trkpt lat="51.4739390" lon="-0.2724880">
    <ele>4.7</ele>
    <time>2026-06-19T17:25:59Z</time>
   </trkpt>
   <trkpt lat="51.4739210" lon="-0.2724680">
    <ele>4.7</ele>
    <time>2026-06-19T17:26:00Z</time>
   </trkpt>
   <trkpt lat="51.4739140" lon="-0.2724610">
    <ele>4.7</ele>
    <time>2026-06-19T17:26:01Z</time>
   </trkpt>
   <trkpt lat="51.4739070" lon="-0.2724530">
    <ele>4.7</ele>
    <time>2026-06-19T17:26:02Z</time>
   </trkpt>
   <trkpt lat="51.4738890" lon="-0.2724370">
    <ele>4.7</ele>
    <time>2026-06-19T17:26:03Z</time>
   </trkpt>
   <trkpt lat="51.4738810" lon="-0.2724300">
    <ele>4.7</ele>
    <time>2026-06-19T17:26:04Z</time>
   </trkpt>
   <trkpt lat="51.4738740" lon="-0.2724240">
    <ele>4.7</ele>
    <time>2026-06-19T17:26:05Z</time>
   </trkpt>
   <trkpt lat="51.4738620" lon="-0.2724140">
    <ele>4.7</ele>
    <time>2026-06-19T17:26:06Z</time>
   </trkpt>
   <trkpt lat="51.4738540" lon="-0.2724010">
    <ele>4.6</ele>
    <time>2026-06-19T17:26:07Z</time>
   </trkpt>
   <trkpt lat="51.4738460" lon="-0.2723880">
    <ele>4.6</ele>
    <time>2026-06-19T17:26:08Z</time>
   </trkpt>
   <trkpt lat="51.4738280" lon="-0.2723700">
    <ele>4.6</ele>
    <time>2026-06-19T17:26:09Z</time>
   </trkpt>
   <trkpt lat="51.4738210" lon="-0.2723630">
    <ele>4.6</ele>
    <time>2026-06-19T17:26:10Z</time>
   </trkpt>
   <trkpt lat="51.4738130" lon="-0.2723570">
    <ele>4.6</ele>
    <time>2026-06-19T17:26:11Z</time>
   </trkpt>
   <trkpt lat="51.4737970" lon="-0.2723400">
    <ele>4.6</ele>
    <time>2026-06-19T17:26:12Z</time>
   </trkpt>
   <trkpt lat="51.4737920" lon="-0.2723290">
    <ele>4.6</ele>
    <time>2026-06-19T17:26:13Z</time>
   </trkpt>
   <trkpt lat="51.4737860" lon="-0.2723170">
    <ele>4.6</ele>
    <time>2026-06-19T17:26:14Z</time>
   </trkpt>
   <trkpt lat="51.4737690" lon="-0.2722960">
    <ele>4.6</ele>
    <time>2026-06-19T17:26:15Z</time>
   </trkpt>
   <trkpt lat="51.4737630" lon="-0.2722870">
    <ele>4.6</ele>
    <time>2026-06-19T17:26:16Z</time>
   </trkpt>
   <trkpt lat="51.4737560" lon="-0.2722770">
    <ele>4.6</ele>
    <time>2026-06-19T17:26:17Z</time>
   </trkpt>
   <trkpt lat="51.4737450" lon="-0.2722630">
    <ele>4.6</ele>
    <time>2026-06-19T17:26:18Z</time>
   </trkpt>
   <trkpt lat="51.4737340" lon="-0.2722510">
    <ele>4.5</ele>
    <time>2026-06-19T17:26:19Z</time>
   </trkpt>
   <trkpt lat="51.4737230" lon="-0.2722370">
    <ele>4.5</ele>
    <time>2026-06-19T17:26:20Z</time>
   </trkpt>
   <trkpt lat="51.4737140" lon="-0.2722200">
    <ele>4.5</ele>
    <time>2026-06-19T17:26:21Z</time>
   </trkpt>
   <trkpt lat="51.4736970" lon="-0.2721990">
    <ele>4.5</ele>
    <time>2026-06-19T17:26:22Z</time>
   </trkpt>
   <trkpt lat="51.4736900" lon="-0.2721920">
    <ele>4.5</ele>
    <time>2026-06-19T17:26:23Z</time>
   </trkpt>
   <trkpt lat="51.4736830" lon="-0.2721840">
    <ele>4.5</ele>
    <time>2026-06-19T17:26:24Z</time>
   </trkpt>
   <trkpt lat="51.4736660" lon="-0.2721640">
    <ele>4.5</ele>
    <time>2026-06-19T17:26:25Z</time>
   </trkpt>
   <trkpt lat="51.4736580" lon="-0.2721570">
    <ele>4.5</ele>
    <time>2026-06-19T17:26:26Z</time>
   </trkpt>
   <trkpt lat="51.4736510" lon="-0.2721490">
    <ele>4.5</ele>
    <time>2026-06-19T17:26:27Z</time>
   </trkpt>
   <trkpt lat="51.4736410" lon="-0.2721350">
    <ele>4.5</ele>
    <time>2026-06-19T17:26:28Z</time>
   </trkpt>
   <trkpt lat="51.4736300" lon="-0.2721220">
    <ele>4.5</ele>
    <time>2026-06-19T17:26:29Z</time>
   </trkpt>
   <trkpt lat="51.4736130" lon="-0.2721010">
    <ele>4.5</ele>
    <time>2026-06-19T17:26:30Z</time>
   </trkpt>
   <trkpt lat="51.4736050" lon="-0.2720930">
    <ele>4.5</ele>
    <time>2026-06-19T17:26:31Z</time>
   </trkpt>
   <trkpt lat="51.4735980" lon="-0.2720860">
    <ele>4.5</ele>
    <time>2026-06-19T17:26:32Z</time>
   </trkpt>
   <trkpt lat="51.4735780" lon="-0.2720720">
    <ele>4.5</ele>
    <time>2026-06-19T17:26:33Z</time>
   </trkpt>
   <trkpt lat="51.4735690" lon="-0.2720660">
    <ele>4.5</ele>
    <time>2026-06-19T17:26:34Z</time>
   </trkpt>
   <trkpt lat="51.4735610" lon="-0.2720600">
    <ele>4.5</ele>
    <time>2026-06-19T17:26:35Z</time>
   </trkpt>
   <trkpt lat="51.4735460" lon="-0.2720350">
    <ele>4.5</ele>
    <time>2026-06-19T17:26:36Z</time>
   </trkpt>
   <trkpt lat="51.4735400" lon="-0.2720260">
    <ele>4.5</ele>
    <time>2026-06-19T17:26:37Z</time>
   </trkpt>
   <trkpt lat="51.4735330" lon="-0.2720170">
    <ele>4.5</ele>
    <time>2026-06-19T17:26:38Z</time>
   </trkpt>
   <trkpt lat="51.4735230" lon="-0.2720050">
    <ele>4.5</ele>
    <time>2026-06-19T17:26:39Z</time>
   </trkpt>
   <trkpt lat="51.4735150" lon="-0.2719900">
    <ele>4.5</ele>
    <time>2026-06-19T17:26:40Z</time>
   </trkpt>
   <trkpt lat="51.4735070" lon="-0.2719760">
    <ele>4.5</ele>
    <time>2026-06-19T17:26:41Z</time>
   </trkpt>
   <trkpt lat="51.4734920" lon="-0.2719530">
    <ele>4.5</ele>
    <time>2026-06-19T17:26:42Z</time>
   </trkpt>
   <trkpt lat="51.4734860" lon="-0.2719450">
    <ele>4.5</ele>
    <time>2026-06-19T17:26:44Z</time>
   </trkpt>
   <trkpt lat="51.4734800" lon="-0.2719360">
    <ele>4.5</ele>
    <time>2026-06-19T17:26:45Z</time>
   </trkpt>
   <trkpt lat="51.4734620" lon="-0.2719180">
    <ele>4.5</ele>
    <time>2026-06-19T17:26:46Z</time>
   </trkpt>
   <trkpt lat="51.4734540" lon="-0.2719120">
    <ele>4.5</ele>
    <time>2026-06-19T17:26:47Z</time>
   </trkpt>
   <trkpt lat="51.4734470" lon="-0.2719050">
    <ele>4.5</ele>
    <time>2026-06-19T17:26:48Z</time>
   </trkpt>
   <trkpt lat="51.4734370" lon="-0.2718870">
    <ele>4.5</ele>
    <time>2026-06-19T17:26:49Z</time>
   </trkpt>
   <trkpt lat="51.4734280" lon="-0.2718740">
    <ele>4.5</ele>
    <time>2026-06-19T17:26:50Z</time>
   </trkpt>
   <trkpt lat="51.4734110" lon="-0.2718520">
    <ele>4.5</ele>
    <time>2026-06-19T17:26:51Z</time>
   </trkpt>
   <trkpt lat="51.4734040" lon="-0.2718450">
    <ele>4.5</ele>
    <time>2026-06-19T17:26:52Z</time>
   </trkpt>
   <trkpt lat="51.4733970" lon="-0.2718380">
    <ele>4.5</ele>
    <time>2026-06-19T17:26:53Z</time>
   </trkpt>
   <trkpt lat="51.4733900" lon="-0.2718220">
    <ele>4.5</ele>
    <time>2026-06-19T17:26:54Z</time>
   </trkpt>
   <trkpt lat="51.4733810" lon="-0.2718120">
    <ele>4.5</ele>
    <time>2026-06-19T17:26:55Z</time>
   </trkpt>
   <trkpt lat="51.4733730" lon="-0.2717990">
    <ele>4.5</ele>
    <time>2026-06-19T17:26:56Z</time>
   </trkpt>
   <trkpt lat="51.4733660" lon="-0.2717840">
    <ele>4.5</ele>
    <time>2026-06-19T17:26:57Z</time>
   </trkpt>
   <trkpt lat="51.4733580" lon="-0.2717720">
    <ele>4.5</ele>
    <time>2026-06-19T17:26:58Z</time>
   </trkpt>
   <trkpt lat="51.4733480" lon="-0.2717590">
    <ele>4.5</ele>
    <time>2026-06-19T17:26:59Z</time>
   </trkpt>
   <trkpt lat="51.4733390" lon="-0.2717410">
    <ele>4.5</ele>
    <time>2026-06-19T17:27:00Z</time>
   </trkpt>
   <trkpt lat="51.4733300" lon="-0.2717260">
    <ele>4.5</ele>
    <time>2026-06-19T17:27:01Z</time>
   </trkpt>
   <trkpt lat="51.4733120" lon="-0.2717070">
    <ele>4.5</ele>
    <time>2026-06-19T17:27:02Z</time>
   </trkpt>
   <trkpt lat="51.4733050" lon="-0.2717010">
    <ele>4.5</ele>
    <time>2026-06-19T17:27:03Z</time>
   </trkpt>
   <trkpt lat="51.4732970" lon="-0.2716960">
    <ele>4.5</ele>
    <time>2026-06-19T17:27:04Z</time>
   </trkpt>
   <trkpt lat="51.4732780" lon="-0.2716770">
    <ele>4.5</ele>
    <time>2026-06-19T17:27:05Z</time>
   </trkpt>
   <trkpt lat="51.4732700" lon="-0.2716710">
    <ele>4.5</ele>
    <time>2026-06-19T17:27:06Z</time>
   </trkpt>
   <trkpt lat="51.4732630" lon="-0.2716650">
    <ele>4.5</ele>
    <time>2026-06-19T17:27:07Z</time>
   </trkpt>
   <trkpt lat="51.4732540" lon="-0.2716550">
    <ele>4.5</ele>
    <time>2026-06-19T17:27:08Z</time>
   </trkpt>
   <trkpt lat="51.4732450" lon="-0.2716430">
    <ele>4.5</ele>
    <time>2026-06-19T17:27:09Z</time>
   </trkpt>
   <trkpt lat="51.4732390" lon="-0.2716220">
    <ele>4.6</ele>
    <time>2026-06-19T17:27:10Z</time>
   </trkpt>
   <trkpt lat="51.4732290" lon="-0.2716060">
    <ele>4.6</ele>
    <time>2026-06-19T17:27:11Z</time>
   </trkpt>
   <trkpt lat="51.4732210" lon="-0.2715880">
    <ele>4.6</ele>
    <time>2026-06-19T17:27:12Z</time>
   </trkpt>
   <trkpt lat="51.4731990" lon="-0.2715640">
    <ele>4.6</ele>
    <time>2026-06-19T17:27:13Z</time>
   </trkpt>
   <trkpt lat="51.4731880" lon="-0.2715540">
    <ele>4.6</ele>
    <time>2026-06-19T17:27:14Z</time>
   </trkpt>
   <trkpt lat="51.4731800" lon="-0.2715400">
    <ele>4.6</ele>
    <time>2026-06-19T17:27:15Z</time>
   </trkpt>
   <trkpt lat="51.4731720" lon="-0.2715260">
    <ele>4.6</ele>
    <time>2026-06-19T17:27:16Z</time>
   </trkpt>
   <trkpt lat="51.4731650" lon="-0.2715120">
    <ele>4.6</ele>
    <time>2026-06-19T17:27:17Z</time>
   </trkpt>
   <trkpt lat="51.4731490" lon="-0.2714870">
    <ele>4.6</ele>
    <time>2026-06-19T17:27:18Z</time>
   </trkpt>
   <trkpt lat="51.4731450" lon="-0.2714760">
    <ele>4.6</ele>
    <time>2026-06-19T17:27:19Z</time>
   </trkpt>
   <trkpt lat="51.4731400" lon="-0.2714660">
    <ele>4.6</ele>
    <time>2026-06-19T17:27:20Z</time>
   </trkpt>
   <trkpt lat="51.4731300" lon="-0.2714550">
    <ele>4.6</ele>
    <time>2026-06-19T17:27:21Z</time>
   </trkpt>
   <trkpt lat="51.4731220" lon="-0.2714400">
    <ele>4.6</ele>
    <time>2026-06-19T17:27:22Z</time>
   </trkpt>
   <trkpt lat="51.4731140" lon="-0.2714250">
    <ele>4.6</ele>
    <time>2026-06-19T17:27:23Z</time>
   </trkpt>
   <trkpt lat="51.4730990" lon="-0.2714000">
    <ele>4.6</ele>
    <time>2026-06-19T17:27:24Z</time>
   </trkpt>
   <trkpt lat="51.4730940" lon="-0.2713880">
    <ele>4.6</ele>
    <time>2026-06-19T17:27:25Z</time>
   </trkpt>
   <trkpt lat="51.4730880" lon="-0.2713760">
    <ele>4.6</ele>
    <time>2026-06-19T17:27:26Z</time>
   </trkpt>
   <trkpt lat="51.4730780" lon="-0.2713630">
    <ele>4.6</ele>
    <time>2026-06-19T17:27:27Z</time>
   </trkpt>
   <trkpt lat="51.4730680" lon="-0.2713460">
    <ele>4.6</ele>
    <time>2026-06-19T17:27:28Z</time>
   </trkpt>
   <trkpt lat="51.4730520" lon="-0.2713210">
    <ele>4.6</ele>
    <time>2026-06-19T17:27:29Z</time>
   </trkpt>
   <trkpt lat="51.4730460" lon="-0.2713100">
    <ele>4.6</ele>
    <time>2026-06-19T17:27:30Z</time>
   </trkpt>
   <trkpt lat="51.4730400" lon="-0.2712990">
    <ele>4.6</ele>
    <time>2026-06-19T17:27:31Z</time>
   </trkpt>
   <trkpt lat="51.4730250" lon="-0.2712730">
    <ele>4.6</ele>
    <time>2026-06-19T17:27:32Z</time>
   </trkpt>
   <trkpt lat="51.4730200" lon="-0.2712620">
    <ele>4.6</ele>
    <time>2026-06-19T17:27:33Z</time>
   </trkpt>
   <trkpt lat="51.4730140" lon="-0.2712510">
    <ele>4.6</ele>
    <time>2026-06-19T17:27:34Z</time>
   </trkpt>
   <trkpt lat="51.4730000" lon="-0.2712270">
    <ele>4.6</ele>
    <time>2026-06-19T17:27:35Z</time>
   </trkpt>
   <trkpt lat="51.4729930" lon="-0.2712190">
    <ele>4.6</ele>
    <time>2026-06-19T17:27:36Z</time>
   </trkpt>
   <trkpt lat="51.4729860" lon="-0.2712100">
    <ele>4.6</ele>
    <time>2026-06-19T17:27:37Z</time>
   </trkpt>
   <trkpt lat="51.4729780" lon="-0.2711920">
    <ele>4.6</ele>
    <time>2026-06-19T17:27:38Z</time>
   </trkpt>
   <trkpt lat="51.4729680" lon="-0.2711760">
    <ele>4.6</ele>
    <time>2026-06-19T17:27:39Z</time>
   </trkpt>
   <trkpt lat="51.4729530" lon="-0.2711500">
    <ele>4.6</ele>
    <time>2026-06-19T17:27:40Z</time>
   </trkpt>
   <trkpt lat="51.4729480" lon="-0.2711390">
    <ele>4.6</ele>
    <time>2026-06-19T17:27:41Z</time>
   </trkpt>
   <trkpt lat="51.4729420" lon="-0.2711270">
    <ele>4.6</ele>
    <time>2026-06-19T17:27:42Z</time>
   </trkpt>
   <trkpt lat="51.4729270" lon="-0.2711020">
    <ele>4.6</ele>
    <time>2026-06-19T17:27:43Z</time>
   </trkpt>
   <trkpt lat="51.4729230" lon="-0.2710890">
    <ele>4.6</ele>
    <time>2026-06-19T17:27:44Z</time>
   </trkpt>
   <trkpt lat="51.4729180" lon="-0.2710770">
    <ele>4.6</ele>
    <time>2026-06-19T17:27:45Z</time>
   </trkpt>
   <trkpt lat="51.4729020" lon="-0.2710510">
    <ele>4.6</ele>
    <time>2026-06-19T17:27:46Z</time>
   </trkpt>
   <trkpt lat="51.4728960" lon="-0.2710420">
    <ele>4.6</ele>
    <time>2026-06-19T17:27:47Z</time>
   </trkpt>
   <trkpt lat="51.4728890" lon="-0.2710330">
    <ele>4.6</ele>
    <time>2026-06-19T17:27:48Z</time>
   </trkpt>
   <trkpt lat="51.4728750" lon="-0.2710060">
    <ele>4.6</ele>
    <time>2026-06-19T17:27:49Z</time>
   </trkpt>
   <trkpt lat="51.4728690" lon="-0.2709960">
    <ele>4.6</ele>
    <time>2026-06-19T17:27:50Z</time>
   </trkpt>
   <trkpt lat="51.4728630" lon="-0.2709860">
    <ele>4.6</ele>
    <time>2026-06-19T17:27:51Z</time>
   </trkpt>
   <trkpt lat="51.4728490" lon="-0.2709610">
    <ele>4.6</ele>
    <time>2026-06-19T17:27:52Z</time>
   </trkpt>
   <trkpt lat="51.4728440" lon="-0.2709530">
    <ele>4.6</ele>
    <time>2026-06-19T17:27:53Z</time>
   </trkpt>
   <trkpt lat="51.4728380" lon="-0.2709440">
    <ele>4.6</ele>
    <time>2026-06-19T17:27:54Z</time>
   </trkpt>
   <trkpt lat="51.4728280" lon="-0.2709280">
    <ele>4.6</ele>
    <time>2026-06-19T17:27:55Z</time>
   </trkpt>
   <trkpt lat="51.4728200" lon="-0.2709100">
    <ele>4.6</ele>
    <time>2026-06-19T17:27:56Z</time>
   </trkpt>
   <trkpt lat="51.4728100" lon="-0.2708940">
    <ele>4.6</ele>
    <time>2026-06-19T17:27:57Z</time>
   </trkpt>
   <trkpt lat="51.4728010" lon="-0.2708790">
    <ele>4.6</ele>
    <time>2026-06-19T17:27:58Z</time>
   </trkpt>
   <trkpt lat="51.4727860" lon="-0.2708550">
    <ele>4.6</ele>
    <time>2026-06-19T17:27:59Z</time>
   </trkpt>
   <trkpt lat="51.4727810" lon="-0.2708430">
    <ele>4.7</ele>
    <time>2026-06-19T17:28:00Z</time>
   </trkpt>
   <trkpt lat="51.4727760" lon="-0.2708320">
    <ele>4.7</ele>
    <time>2026-06-19T17:28:01Z</time>
   </trkpt>
   <trkpt lat="51.4727670" lon="-0.2708210">
    <ele>4.7</ele>
    <time>2026-06-19T17:28:02Z</time>
   </trkpt>
   <trkpt lat="51.4727570" lon="-0.2708100">
    <ele>4.7</ele>
    <time>2026-06-19T17:28:03Z</time>
   </trkpt>
   <trkpt lat="51.4727480" lon="-0.2708000">
    <ele>4.7</ele>
    <time>2026-06-19T17:28:04Z</time>
   </trkpt>
   <trkpt lat="51.4727290" lon="-0.2707800">
    <ele>4.7</ele>
    <time>2026-06-19T17:28:05Z</time>
   </trkpt>
   <trkpt lat="51.4727210" lon="-0.2707740">
    <ele>4.7</ele>
    <time>2026-06-19T17:28:06Z</time>
   </trkpt>
   <trkpt lat="51.4727130" lon="-0.2707680">
    <ele>4.7</ele>
    <time>2026-06-19T17:28:07Z</time>
   </trkpt>
   <trkpt lat="51.4727000" lon="-0.2707580">
    <ele>4.7</ele>
    <time>2026-06-19T17:28:08Z</time>
   </trkpt>
   <trkpt lat="51.4726920" lon="-0.2707440">
    <ele>4.7</ele>
    <time>2026-06-19T17:28:09Z</time>
   </trkpt>
   <trkpt lat="51.4726850" lon="-0.2707320">
    <ele>4.7</ele>
    <time>2026-06-19T17:28:10Z</time>
   </trkpt>
   <trkpt lat="51.4726810" lon="-0.2707240">
    <ele>4.7</ele>
    <time>2026-06-19T17:28:11Z</time>
   </trkpt>
   <trkpt lat="51.4726790" lon="-0.2707130">
    <ele>4.7</ele>
    <time>2026-06-19T17:28:12Z</time>
   </trkpt>
   <trkpt lat="51.4726720" lon="-0.2706970">
    <ele>4.7</ele>
    <time>2026-06-19T17:28:13Z</time>
   </trkpt>
   <trkpt lat="51.4726650" lon="-0.2706920">
    <ele>4.7</ele>
    <time>2026-06-19T17:28:14Z</time>
   </trkpt>
   <trkpt lat="51.4726610" lon="-0.2706810">
    <ele>4.7</ele>
    <time>2026-06-19T17:28:15Z</time>
   </trkpt>
   <trkpt lat="51.4726530" lon="-0.2706690">
    <ele>4.7</ele>
    <time>2026-06-19T17:28:16Z</time>
   </trkpt>
   <trkpt lat="51.4726470" lon="-0.2706700">
    <ele>4.7</ele>
    <time>2026-06-19T17:28:17Z</time>
   </trkpt>
   <trkpt lat="51.4726370" lon="-0.2706590">
    <ele>4.7</ele>
    <time>2026-06-19T17:28:18Z</time>
   </trkpt>
   <trkpt lat="51.4726260" lon="-0.2706500">
    <ele>4.7</ele>
    <time>2026-06-19T17:28:19Z</time>
   </trkpt>
   <trkpt lat="51.4726140" lon="-0.2706260">
    <ele>4.7</ele>
    <time>2026-06-19T17:28:20Z</time>
   </trkpt>
   <trkpt lat="51.4725950" lon="-0.2705910">
    <ele>4.7</ele>
    <time>2026-06-19T17:28:21Z</time>
   </trkpt>
   <trkpt lat="51.4725900" lon="-0.2705820">
    <ele>4.7</ele>
    <time>2026-06-19T17:28:22Z</time>
   </trkpt>
   <trkpt lat="51.4725710" lon="-0.2705730">
    <ele>4.7</ele>
    <time>2026-06-19T17:28:23Z</time>
   </trkpt>
   <trkpt lat="51.4725580" lon="-0.2705570">
    <ele>4.7</ele>
    <time>2026-06-19T17:28:24Z</time>
   </trkpt>
   <trkpt lat="51.4725430" lon="-0.2705460">
    <ele>4.7</ele>
    <time>2026-06-19T17:28:25Z</time>
   </trkpt>
   <trkpt lat="51.4725340" lon="-0.2705330">
    <ele>4.7</ele>
    <time>2026-06-19T17:28:26Z</time>
   </trkpt>
   <trkpt lat="51.4725410" lon="-0.2704840">
    <ele>4.7</ele>
    <time>2026-06-19T17:28:27Z</time>
   </trkpt>
   <trkpt lat="51.4725350" lon="-0.2704660">
    <ele>4.7</ele>
    <time>2026-06-19T17:28:28Z</time>
   </trkpt>
   <trkpt lat="51.4725260" lon="-0.2704470">
    <ele>4.7</ele>
    <time>2026-06-19T17:28:29Z</time>
   </trkpt>
   <trkpt lat="51.4725100" lon="-0.2704220">
    <ele>4.7</ele>
    <time>2026-06-19T17:28:30Z</time>
   </trkpt>
   <trkpt lat="51.4725050" lon="-0.2704150">
    <ele>4.7</ele>
    <time>2026-06-19T17:28:31Z</time>
   </trkpt>
   <trkpt lat="51.4724990" lon="-0.2704070">
    <ele>4.7</ele>
    <time>2026-06-19T17:28:32Z</time>
   </trkpt>
   <trkpt lat="51.4724920" lon="-0.2703930">
    <ele>4.7</ele>
    <time>2026-06-19T17:28:33Z</time>
   </trkpt>
   <trkpt lat="51.4724860" lon="-0.2703760">
    <ele>4.7</ele>
    <time>2026-06-19T17:28:34Z</time>
   </trkpt>
   <trkpt lat="51.4724800" lon="-0.2703610">
    <ele>4.7</ele>
    <time>2026-06-19T17:28:35Z</time>
   </trkpt>
   <trkpt lat="51.4724750" lon="-0.2703420">
    <ele>4.6</ele>
    <time>2026-06-19T17:28:36Z</time>
   </trkpt>
   <trkpt lat="51.4724670" lon="-0.2703230">
    <ele>4.6</ele>
    <time>2026-06-19T17:28:37Z</time>
   </trkpt>
   <trkpt lat="51.4724580" lon="-0.2703080">
    <ele>4.6</ele>
    <time>2026-06-19T17:28:38Z</time>
   </trkpt>
   <trkpt lat="51.4724530" lon="-0.2702950">
    <ele>4.6</ele>
    <time>2026-06-19T17:28:39Z</time>
   </trkpt>
   <trkpt lat="51.4724430" lon="-0.2702840">
    <ele>4.6</ele>
    <time>2026-06-19T17:28:40Z</time>
   </trkpt>
   <trkpt lat="51.4724320" lon="-0.2702680">
    <ele>4.6</ele>
    <time>2026-06-19T17:28:41Z</time>
   </trkpt>
   <trkpt lat="51.4724210" lon="-0.2702570">
    <ele>4.6</ele>
    <time>2026-06-19T17:28:42Z</time>
   </trkpt>
   <trkpt lat="51.4724110" lon="-0.2702500">
    <ele>4.6</ele>
    <time>2026-06-19T17:28:43Z</time>
   </trkpt>
   <trkpt lat="51.4724070" lon="-0.2702390">
    <ele>4.6</ele>
    <time>2026-06-19T17:28:44Z</time>
   </trkpt>
   <trkpt lat="51.4724010" lon="-0.2702270">
    <ele>4.6</ele>
    <time>2026-06-19T17:28:45Z</time>
   </trkpt>
   <trkpt lat="51.4723900" lon="-0.2702090">
    <ele>4.6</ele>
    <time>2026-06-19T17:28:46Z</time>
   </trkpt>
   <trkpt lat="51.4723840" lon="-0.2701920">
    <ele>4.6</ele>
    <time>2026-06-19T17:28:47Z</time>
   </trkpt>
   <trkpt lat="51.4723730" lon="-0.2701770">
    <ele>4.5</ele>
    <time>2026-06-19T17:28:49Z</time>
   </trkpt>
   <trkpt lat="51.4723660" lon="-0.2701700">
    <ele>4.5</ele>
    <time>2026-06-19T17:28:50Z</time>
   </trkpt>
   <trkpt lat="51.4723580" lon="-0.2701550">
    <ele>4.5</ele>
    <time>2026-06-19T17:28:51Z</time>
   </trkpt>
   <trkpt lat="51.4723480" lon="-0.2701430">
    <ele>4.5</ele>
    <time>2026-06-19T17:28:52Z</time>
   </trkpt>
   <trkpt lat="51.4723370" lon="-0.2701200">
    <ele>4.5</ele>
    <time>2026-06-19T17:28:53Z</time>
   </trkpt>
   <trkpt lat="51.4723270" lon="-0.2700960">
    <ele>4.5</ele>
    <time>2026-06-19T17:28:54Z</time>
   </trkpt>
   <trkpt lat="51.4723170" lon="-0.2700780">
    <ele>4.5</ele>
    <time>2026-06-19T17:28:55Z</time>
   </trkpt>
   <trkpt lat="51.4723010" lon="-0.2700550">
    <ele>4.5</ele>
    <time>2026-06-19T17:28:56Z</time>
   </trkpt>
   <trkpt lat="51.4722960" lon="-0.2700440">
    <ele>4.5</ele>
    <time>2026-06-19T17:28:57Z</time>
   </trkpt>
   <trkpt lat="51.4722920" lon="-0.2700340">
    <ele>4.4</ele>
    <time>2026-06-19T17:28:58Z</time>
   </trkpt>
   <trkpt lat="51.4722830" lon="-0.2700220">
    <ele>4.4</ele>
    <time>2026-06-19T17:28:59Z</time>
   </trkpt>
   <trkpt lat="51.4722740" lon="-0.2700100">
    <ele>4.4</ele>
    <time>2026-06-19T17:29:00Z</time>
   </trkpt>
   <trkpt lat="51.4722680" lon="-0.2699980">
    <ele>4.4</ele>
    <time>2026-06-19T17:29:01Z</time>
   </trkpt>
   <trkpt lat="51.4722580" lon="-0.2699670">
    <ele>4.4</ele>
    <time>2026-06-19T17:29:02Z</time>
   </trkpt>
   <trkpt lat="51.4722470" lon="-0.2699610">
    <ele>4.4</ele>
    <time>2026-06-19T17:29:03Z</time>
   </trkpt>
   <trkpt lat="51.4722380" lon="-0.2699460">
    <ele>4.4</ele>
    <time>2026-06-19T17:29:04Z</time>
   </trkpt>
   <trkpt lat="51.4722300" lon="-0.2699310">
    <ele>4.3</ele>
    <time>2026-06-19T17:29:05Z</time>
   </trkpt>
   <trkpt lat="51.4722250" lon="-0.2699210">
    <ele>4.3</ele>
    <time>2026-06-19T17:29:06Z</time>
   </trkpt>
   <trkpt lat="51.4722180" lon="-0.2699060">
    <ele>4.3</ele>
    <time>2026-06-19T17:29:07Z</time>
   </trkpt>
   <trkpt lat="51.4722120" lon="-0.2698920">
    <ele>4.3</ele>
    <time>2026-06-19T17:29:08Z</time>
   </trkpt>
   <trkpt lat="51.4722010" lon="-0.2698770">
    <ele>4.3</ele>
    <time>2026-06-19T17:29:09Z</time>
   </trkpt>
   <trkpt lat="51.4721870" lon="-0.2698530">
    <ele>4.3</ele>
    <time>2026-06-19T17:29:10Z</time>
   </trkpt>
   <trkpt lat="51.4721820" lon="-0.2698390">
    <ele>4.2</ele>
    <time>2026-06-19T17:29:11Z</time>
   </trkpt>
   <trkpt lat="51.4721760" lon="-0.2698260">
    <ele>4.2</ele>
    <time>2026-06-19T17:29:12Z</time>
   </trkpt>
   <trkpt lat="51.4721690" lon="-0.2697990">
    <ele>4.2</ele>
    <time>2026-06-19T17:29:13Z</time>
   </trkpt>
   <trkpt lat="51.4721610" lon="-0.2697830">
    <ele>4.2</ele>
    <time>2026-06-19T17:29:14Z</time>
   </trkpt>
   <trkpt lat="51.4721420" lon="-0.2697530">
    <ele>4.1</ele>
    <time>2026-06-19T17:29:15Z</time>
   </trkpt>
   <trkpt lat="51.4721320" lon="-0.2697420">
    <ele>4.1</ele>
    <time>2026-06-19T17:29:16Z</time>
   </trkpt>
   <trkpt lat="51.4721190" lon="-0.2697230">
    <ele>4.1</ele>
    <time>2026-06-19T17:29:17Z</time>
   </trkpt>
   <trkpt lat="51.4721090" lon="-0.2697100">
    <ele>4.1</ele>
    <time>2026-06-19T17:29:18Z</time>
   </trkpt>
   <trkpt lat="51.4721030" lon="-0.2697020">
    <ele>4.1</ele>
    <time>2026-06-19T17:29:19Z</time>
   </trkpt>
   <trkpt lat="51.4721010" lon="-0.2697000">
    <ele>4.1</ele>
    <time>2026-06-19T17:29:20Z</time>
   </trkpt>
   <trkpt lat="51.4720990" lon="-0.2696970">
    <ele>4.1</ele>
    <time>2026-06-19T17:29:21Z</time>
   </trkpt>
   <trkpt lat="51.4720900" lon="-0.2696890">
    <ele>4.1</ele>
    <time>2026-06-19T17:29:22Z</time>
   </trkpt>
   <trkpt lat="51.4720770" lon="-0.2696830">
    <ele>4.1</ele>
    <time>2026-06-19T17:29:23Z</time>
   </trkpt>
   <trkpt lat="51.4720640" lon="-0.2696760">
    <ele>4.1</ele>
    <time>2026-06-19T17:29:24Z</time>
   </trkpt>
   <trkpt lat="51.4720500" lon="-0.2696660">
    <ele>4.1</ele>
    <time>2026-06-19T17:29:25Z</time>
   </trkpt>
   <trkpt lat="51.4720340" lon="-0.2696440">
    <ele>4.1</ele>
    <time>2026-06-19T17:29:26Z</time>
   </trkpt>
   <trkpt lat="51.4720260" lon="-0.2696360">
    <ele>4.1</ele>
    <time>2026-06-19T17:29:27Z</time>
   </trkpt>
   <trkpt lat="51.4720190" lon="-0.2696270">
    <ele>4.0</ele>
    <time>2026-06-19T17:29:28Z</time>
   </trkpt>
   <trkpt lat="51.4720030" lon="-0.2696050">
    <ele>4.0</ele>
    <time>2026-06-19T17:29:29Z</time>
   </trkpt>
   <trkpt lat="51.4719970" lon="-0.2695950">
    <ele>4.0</ele>
    <time>2026-06-19T17:29:30Z</time>
   </trkpt>
   <trkpt lat="51.4719920" lon="-0.2695850">
    <ele>4.0</ele>
    <time>2026-06-19T17:29:31Z</time>
   </trkpt>
   <trkpt lat="51.4719810" lon="-0.2695600">
    <ele>4.0</ele>
    <time>2026-06-19T17:29:32Z</time>
   </trkpt>
   <trkpt lat="51.4719710" lon="-0.2695440">
    <ele>4.0</ele>
    <time>2026-06-19T17:29:33Z</time>
   </trkpt>
   <trkpt lat="51.4719550" lon="-0.2695230">
    <ele>4.0</ele>
    <time>2026-06-19T17:29:34Z</time>
   </trkpt>
   <trkpt lat="51.4719480" lon="-0.2695160">
    <ele>4.0</ele>
    <time>2026-06-19T17:29:35Z</time>
   </trkpt>
   <trkpt lat="51.4719420" lon="-0.2695090">
    <ele>4.0</ele>
    <time>2026-06-19T17:29:36Z</time>
   </trkpt>
   <trkpt lat="51.4719330" lon="-0.2695020">
    <ele>4.0</ele>
    <time>2026-06-19T17:29:37Z</time>
   </trkpt>
   <trkpt lat="51.4719240" lon="-0.2694860">
    <ele>4.0</ele>
    <time>2026-06-19T17:29:38Z</time>
   </trkpt>
   <trkpt lat="51.4719180" lon="-0.2694680">
    <ele>4.0</ele>
    <time>2026-06-19T17:29:39Z</time>
   </trkpt>
   <trkpt lat="51.4719100" lon="-0.2694540">
    <ele>4.0</ele>
    <time>2026-06-19T17:29:40Z</time>
   </trkpt>
   <trkpt lat="51.4719040" lon="-0.2694380">
    <ele>4.0</ele>
    <time>2026-06-19T17:29:41Z</time>
   </trkpt>
   <trkpt lat="51.4719020" lon="-0.2694200">
    <ele>4.0</ele>
    <time>2026-06-19T17:29:42Z</time>
   </trkpt>
   <trkpt lat="51.4718950" lon="-0.2693940">
    <ele>4.0</ele>
    <time>2026-06-19T17:29:43Z</time>
   </trkpt>
   <trkpt lat="51.4718860" lon="-0.2693790">
    <ele>4.0</ele>
    <time>2026-06-19T17:29:44Z</time>
   </trkpt>
   <trkpt lat="51.4718810" lon="-0.2693590">
    <ele>4.0</ele>
    <time>2026-06-19T17:29:45Z</time>
   </trkpt>
   <trkpt lat="51.4718700" lon="-0.2693390">
    <ele>4.0</ele>
    <time>2026-06-19T17:29:46Z</time>
   </trkpt>
   <trkpt lat="51.4718610" lon="-0.2693180">
    <ele>4.0</ele>
    <time>2026-06-19T17:29:47Z</time>
   </trkpt>
   <trkpt lat="51.4718550" lon="-0.2692980">
    <ele>4.0</ele>
    <time>2026-06-19T17:29:48Z</time>
   </trkpt>
   <trkpt lat="51.4718470" lon="-0.2692800">
    <ele>4.0</ele>
    <time>2026-06-19T17:29:49Z</time>
   </trkpt>
   <trkpt lat="51.4718380" lon="-0.2692620">
    <ele>4.0</ele>
    <time>2026-06-19T17:29:50Z</time>
   </trkpt>
   <trkpt lat="51.4718320" lon="-0.2692410">
    <ele>4.0</ele>
    <time>2026-06-19T17:29:51Z</time>
   </trkpt>
   <trkpt lat="51.4718260" lon="-0.2692210">
    <ele>4.0</ele>
    <time>2026-06-19T17:29:52Z</time>
   </trkpt>
   <trkpt lat="51.4718160" lon="-0.2692030">
    <ele>4.0</ele>
    <time>2026-06-19T17:29:53Z</time>
   </trkpt>
   <trkpt lat="51.4718050" lon="-0.2691860">
    <ele>4.0</ele>
    <time>2026-06-19T17:29:54Z</time>
   </trkpt>
   <trkpt lat="51.4717930" lon="-0.2691570">
    <ele>4.0</ele>
    <time>2026-06-19T17:29:55Z</time>
   </trkpt>
   <trkpt lat="51.4717880" lon="-0.2691460">
    <ele>4.0</ele>
    <time>2026-06-19T17:29:56Z</time>
   </trkpt>
   <trkpt lat="51.4717830" lon="-0.2691340">
    <ele>4.0</ele>
    <time>2026-06-19T17:29:57Z</time>
   </trkpt>
   <trkpt lat="51.4717690" lon="-0.2691070">
    <ele>4.0</ele>
    <time>2026-06-19T17:29:58Z</time>
   </trkpt>
   <trkpt lat="51.4717650" lon="-0.2690970">
    <ele>4.0</ele>
    <time>2026-06-19T17:29:59Z</time>
   </trkpt>
   <trkpt lat="51.4717600" lon="-0.2690860">
    <ele>4.0</ele>
    <time>2026-06-19T17:30:00Z</time>
   </trkpt>
   <trkpt lat="51.4717530" lon="-0.2690690">
    <ele>4.0</ele>
    <time>2026-06-19T17:30:01Z</time>
   </trkpt>
   <trkpt lat="51.4717460" lon="-0.2690610">
    <ele>4.0</ele>
    <time>2026-06-19T17:30:02Z</time>
   </trkpt>
   <trkpt lat="51.4717430" lon="-0.2690510">
    <ele>4.0</ele>
    <time>2026-06-19T17:30:03Z</time>
   </trkpt>
   <trkpt lat="51.4717360" lon="-0.2690320">
    <ele>4.0</ele>
    <time>2026-06-19T17:30:04Z</time>
   </trkpt>
   <trkpt lat="51.4717310" lon="-0.2690080">
    <ele>4.0</ele>
    <time>2026-06-19T17:30:05Z</time>
   </trkpt>
   <trkpt lat="51.4717230" lon="-0.2689920">
    <ele>4.0</ele>
    <time>2026-06-19T17:30:06Z</time>
   </trkpt>
   <trkpt lat="51.4717170" lon="-0.2689760">
    <ele>4.0</ele>
    <time>2026-06-19T17:30:07Z</time>
   </trkpt>
   <trkpt lat="51.4717090" lon="-0.2689630">
    <ele>4.0</ele>
    <time>2026-06-19T17:30:08Z</time>
   </trkpt>
   <trkpt lat="51.4716990" lon="-0.2689540">
    <ele>4.0</ele>
    <time>2026-06-19T17:30:09Z</time>
   </trkpt>
   <trkpt lat="51.4716870" lon="-0.2689390">
    <ele>4.0</ele>
    <time>2026-06-19T17:30:10Z</time>
   </trkpt>
   <trkpt lat="51.4716820" lon="-0.2689270">
    <ele>4.0</ele>
    <time>2026-06-19T17:30:11Z</time>
   </trkpt>
   <trkpt lat="51.4716700" lon="-0.2689160">
    <ele>4.0</ele>
    <time>2026-06-19T17:30:12Z</time>
   </trkpt>
   <trkpt lat="51.4716640" lon="-0.2689010">
    <ele>4.0</ele>
    <time>2026-06-19T17:30:13Z</time>
   </trkpt>
   <trkpt lat="51.4716610" lon="-0.2688860">
    <ele>4.0</ele>
    <time>2026-06-19T17:30:14Z</time>
   </trkpt>
   <trkpt lat="51.4716560" lon="-0.2688720">
    <ele>4.0</ele>
    <time>2026-06-19T17:30:15Z</time>
   </trkpt>
   <trkpt lat="51.4716490" lon="-0.2688460">
    <ele>4.0</ele>
    <time>2026-06-19T17:30:16Z</time>
   </trkpt>
   <trkpt lat="51.4716400" lon="-0.2688310">
    <ele>4.0</ele>
    <time>2026-06-19T17:30:17Z</time>
   </trkpt>
   <trkpt lat="51.4716340" lon="-0.2688080">
    <ele>4.0</ele>
    <time>2026-06-19T17:30:18Z</time>
   </trkpt>
   <trkpt lat="51.4716280" lon="-0.2687850">
    <ele>4.0</ele>
    <time>2026-06-19T17:30:19Z</time>
   </trkpt>
   <trkpt lat="51.4716270" lon="-0.2687600">
    <ele>3.9</ele>
    <time>2026-06-19T17:30:20Z</time>
   </trkpt>
   <trkpt lat="51.4716200" lon="-0.2687270">
    <ele>3.9</ele>
    <time>2026-06-19T17:30:21Z</time>
   </trkpt>
   <trkpt lat="51.4716150" lon="-0.2687160">
    <ele>3.9</ele>
    <time>2026-06-19T17:30:22Z</time>
   </trkpt>
   <trkpt lat="51.4716110" lon="-0.2687050">
    <ele>3.9</ele>
    <time>2026-06-19T17:30:23Z</time>
   </trkpt>
   <trkpt lat="51.4716000" lon="-0.2686810">
    <ele>3.9</ele>
    <time>2026-06-19T17:30:24Z</time>
   </trkpt>
   <trkpt lat="51.4715920" lon="-0.2686690">
    <ele>3.9</ele>
    <time>2026-06-19T17:30:25Z</time>
   </trkpt>
   <trkpt lat="51.4715850" lon="-0.2686560">
    <ele>3.9</ele>
    <time>2026-06-19T17:30:26Z</time>
   </trkpt>
   <trkpt lat="51.4715770" lon="-0.2686220">
    <ele>3.9</ele>
    <time>2026-06-19T17:30:27Z</time>
   </trkpt>
   <trkpt lat="51.4715720" lon="-0.2686100">
    <ele>3.9</ele>
    <time>2026-06-19T17:30:28Z</time>
   </trkpt>
   <trkpt lat="51.4715680" lon="-0.2685970">
    <ele>3.9</ele>
    <time>2026-06-19T17:30:29Z</time>
   </trkpt>
   <trkpt lat="51.4715600" lon="-0.2685660">
    <ele>3.9</ele>
    <time>2026-06-19T17:30:30Z</time>
   </trkpt>
   <trkpt lat="51.4715560" lon="-0.2685520">
    <ele>3.9</ele>
    <time>2026-06-19T17:30:31Z</time>
   </trkpt>
   <trkpt lat="51.4715520" lon="-0.2685390">
    <ele>3.9</ele>
    <time>2026-06-19T17:30:32Z</time>
   </trkpt>
   <trkpt lat="51.4715400" lon="-0.2685190">
    <ele>3.9</ele>
    <time>2026-06-19T17:30:33Z</time>
   </trkpt>
   <trkpt lat="51.4715330" lon="-0.2684990">
    <ele>3.9</ele>
    <time>2026-06-19T17:30:34Z</time>
   </trkpt>
   <trkpt lat="51.4715250" lon="-0.2684660">
    <ele>3.9</ele>
    <time>2026-06-19T17:30:35Z</time>
   </trkpt>
   <trkpt lat="51.4715210" lon="-0.2684560">
    <ele>3.9</ele>
    <time>2026-06-19T17:30:36Z</time>
   </trkpt>
   <trkpt lat="51.4715160" lon="-0.2684460">
    <ele>3.9</ele>
    <time>2026-06-19T17:30:37Z</time>
   </trkpt>
   <trkpt lat="51.4715110" lon="-0.2684250">
    <ele>3.9</ele>
    <time>2026-06-19T17:30:38Z</time>
   </trkpt>
   <trkpt lat="51.4715060" lon="-0.2684030">
    <ele>3.9</ele>
    <time>2026-06-19T17:30:39Z</time>
   </trkpt>
   <trkpt lat="51.4714990" lon="-0.2683860">
    <ele>3.9</ele>
    <time>2026-06-19T17:30:40Z</time>
   </trkpt>
   <trkpt lat="51.4714960" lon="-0.2683650">
    <ele>3.9</ele>
    <time>2026-06-19T17:30:41Z</time>
   </trkpt>
   <trkpt lat="51.4714930" lon="-0.2683500">
    <ele>3.9</ele>
    <time>2026-06-19T17:30:42Z</time>
   </trkpt>
   <trkpt lat="51.4714840" lon="-0.2683200">
    <ele>3.9</ele>
    <time>2026-06-19T17:30:43Z</time>
   </trkpt>
   <trkpt lat="51.4714800" lon="-0.2683100">
    <ele>3.9</ele>
    <time>2026-06-19T17:30:44Z</time>
   </trkpt>
   <trkpt lat="51.4714750" lon="-0.2682990">
    <ele>3.9</ele>
    <time>2026-06-19T17:30:45Z</time>
   </trkpt>
   <trkpt lat="51.4714680" lon="-0.2682820">
    <ele>3.9</ele>
    <time>2026-06-19T17:30:46Z</time>
   </trkpt>
   <trkpt lat="51.4714580" lon="-0.2682640">
    <ele>3.9</ele>
    <time>2026-06-19T17:30:47Z</time>
   </trkpt>
   <trkpt lat="51.4714450" lon="-0.2682380">
    <ele>3.9</ele>
    <time>2026-06-19T17:30:48Z</time>
   </trkpt>
   <trkpt lat="51.4714390" lon="-0.2682270">
    <ele>3.8</ele>
    <time>2026-06-19T17:30:49Z</time>
   </trkpt>
   <trkpt lat="51.4714330" lon="-0.2682170">
    <ele>3.8</ele>
    <time>2026-06-19T17:30:50Z</time>
   </trkpt>
   <trkpt lat="51.4714250" lon="-0.2682050">
    <ele>3.8</ele>
    <time>2026-06-19T17:30:51Z</time>
   </trkpt>
   <trkpt lat="51.4714240" lon="-0.2681920">
    <ele>3.8</ele>
    <time>2026-06-19T17:30:52Z</time>
   </trkpt>
   <trkpt lat="51.4714220" lon="-0.2681770">
    <ele>3.8</ele>
    <time>2026-06-19T17:30:53Z</time>
   </trkpt>
   <trkpt lat="51.4714110" lon="-0.2681530">
    <ele>3.8</ele>
    <time>2026-06-19T17:30:55Z</time>
   </trkpt>
   <trkpt lat="51.4714050" lon="-0.2681410">
    <ele>3.8</ele>
    <time>2026-06-19T17:30:56Z</time>
   </trkpt>
   <trkpt lat="51.4714000" lon="-0.2681290">
    <ele>3.8</ele>
    <time>2026-06-19T17:30:57Z</time>
   </trkpt>
   <trkpt lat="51.4713900" lon="-0.2681180">
    <ele>3.8</ele>
    <time>2026-06-19T17:30:58Z</time>
   </trkpt>
   <trkpt lat="51.4713830" lon="-0.2681080">
    <ele>3.8</ele>
    <time>2026-06-19T17:30:59Z</time>
   </trkpt>
   <trkpt lat="51.4713720" lon="-0.2680960">
    <ele>3.8</ele>
    <time>2026-06-19T17:31:00Z</time>
   </trkpt>
   <trkpt lat="51.4713540" lon="-0.2680750">
    <ele>3.8</ele>
    <time>2026-06-19T17:31:01Z</time>
   </trkpt>
   <trkpt lat="51.4713480" lon="-0.2680670">
    <ele>3.8</ele>
    <time>2026-06-19T17:31:02Z</time>
   </trkpt>
   <trkpt lat="51.4713430" lon="-0.2680600">
    <ele>3.8</ele>
    <time>2026-06-19T17:31:03Z</time>
   </trkpt>
   <trkpt lat="51.4713270" lon="-0.2680360">
    <ele>3.8</ele>
    <time>2026-06-19T17:31:04Z</time>
   </trkpt>
   <trkpt lat="51.4713210" lon="-0.2680270">
    <ele>3.9</ele>
    <time>2026-06-19T17:31:05Z</time>
   </trkpt>
   <trkpt lat="51.4713150" lon="-0.2680170">
    <ele>3.9</ele>
    <time>2026-06-19T17:31:06Z</time>
   </trkpt>
   <trkpt lat="51.4713040" lon="-0.2679840">
    <ele>3.9</ele>
    <time>2026-06-19T17:31:07Z</time>
   </trkpt>
   <trkpt lat="51.4712980" lon="-0.2679740">
    <ele>3.9</ele>
    <time>2026-06-19T17:31:08Z</time>
   </trkpt>
   <trkpt lat="51.4712920" lon="-0.2679630">
    <ele>3.9</ele>
    <time>2026-06-19T17:31:09Z</time>
   </trkpt>
   <trkpt lat="51.4712830" lon="-0.2679490">
    <ele>3.9</ele>
    <time>2026-06-19T17:31:10Z</time>
   </trkpt>
   <trkpt lat="51.4712730" lon="-0.2679450">
    <ele>3.9</ele>
    <time>2026-06-19T17:31:11Z</time>
   </trkpt>
   <trkpt lat="51.4712620" lon="-0.2679360">
    <ele>3.9</ele>
    <time>2026-06-19T17:31:12Z</time>
   </trkpt>
   <trkpt lat="51.4712520" lon="-0.2679260">
    <ele>3.9</ele>
    <time>2026-06-19T17:31:13Z</time>
   </trkpt>
   <trkpt lat="51.4712430" lon="-0.2679220">
    <ele>3.9</ele>
    <time>2026-06-19T17:31:14Z</time>
   </trkpt>
   <trkpt lat="51.4712340" lon="-0.2679170">
    <ele>3.9</ele>
    <time>2026-06-19T17:31:15Z</time>
   </trkpt>
   <trkpt lat="51.4712130" lon="-0.2678840">
    <ele>3.9</ele>
    <time>2026-06-19T17:31:16Z</time>
   </trkpt>
   <trkpt lat="51.4712080" lon="-0.2678740">
    <ele>3.9</ele>
    <time>2026-06-19T17:31:17Z</time>
   </trkpt>
   <trkpt lat="51.4711970" lon="-0.2678430">
    <ele>3.9</ele>
    <time>2026-06-19T17:31:18Z</time>
   </trkpt>
   <trkpt lat="51.4711950" lon="-0.2678290">
    <ele>3.9</ele>
    <time>2026-06-19T17:31:19Z</time>
   </trkpt>
   <trkpt lat="51.4711920" lon="-0.2678150">
    <ele>3.9</ele>
    <time>2026-06-19T17:31:20Z</time>
   </trkpt>
   <trkpt lat="51.4711900" lon="-0.2677900">
    <ele>3.9</ele>
    <time>2026-06-19T17:31:21Z</time>
   </trkpt>
   <trkpt lat="51.4711810" lon="-0.2677510">
    <ele>3.9</ele>
    <time>2026-06-19T17:31:22Z</time>
   </trkpt>
   <trkpt lat="51.4711760" lon="-0.2677180">
    <ele>3.9</ele>
    <time>2026-06-19T17:31:23Z</time>
   </trkpt>
   <trkpt lat="51.4711730" lon="-0.2677080">
    <ele>3.9</ele>
    <time>2026-06-19T17:31:24Z</time>
   </trkpt>
   <trkpt lat="51.4711640" lon="-0.2676900">
    <ele>3.9</ele>
    <time>2026-06-19T17:31:25Z</time>
   </trkpt>
   <trkpt lat="51.4711580" lon="-0.2676720">
    <ele>3.9</ele>
    <time>2026-06-19T17:31:26Z</time>
   </trkpt>
   <trkpt lat="51.4711590" lon="-0.2676470">
    <ele>3.9</ele>
    <time>2026-06-19T17:31:27Z</time>
   </trkpt>
   <trkpt lat="51.4711520" lon="-0.2676300">
    <ele>3.9</ele>
    <time>2026-06-19T17:31:28Z</time>
   </trkpt>
   <trkpt lat="51.4711470" lon="-0.2676100">
    <ele>3.9</ele>
    <time>2026-06-19T17:31:29Z</time>
   </trkpt>
   <trkpt lat="51.4711400" lon="-0.2675890">
    <ele>3.9</ele>
    <time>2026-06-19T17:31:30Z</time>
   </trkpt>
   <trkpt lat="51.4711330" lon="-0.2675690">
    <ele>3.9</ele>
    <time>2026-06-19T17:31:31Z</time>
   </trkpt>
   <trkpt lat="51.4711210" lon="-0.2675550">
    <ele>3.9</ele>
    <time>2026-06-19T17:31:32Z</time>
   </trkpt>
   <trkpt lat="51.4711120" lon="-0.2675230">
    <ele>3.9</ele>
    <time>2026-06-19T17:31:33Z</time>
   </trkpt>
   <trkpt lat="51.4711070" lon="-0.2675100">
    <ele>3.9</ele>
    <time>2026-06-19T17:31:34Z</time>
   </trkpt>
   <trkpt lat="51.4711020" lon="-0.2674960">
    <ele>3.9</ele>
    <time>2026-06-19T17:31:35Z</time>
   </trkpt>
   <trkpt lat="51.4710940" lon="-0.2674790">
    <ele>3.9</ele>
    <time>2026-06-19T17:31:36Z</time>
   </trkpt>
   <trkpt lat="51.4710920" lon="-0.2674590">
    <ele>3.9</ele>
    <time>2026-06-19T17:31:37Z</time>
   </trkpt>
   <trkpt lat="51.4710910" lon="-0.2674460">
    <ele>3.9</ele>
    <time>2026-06-19T17:31:38Z</time>
   </trkpt>
   <trkpt lat="51.4710860" lon="-0.2674290">
    <ele>3.9</ele>
    <time>2026-06-19T17:31:39Z</time>
   </trkpt>
   <trkpt lat="51.4710800" lon="-0.2674150">
    <ele>3.9</ele>
    <time>2026-06-19T17:31:40Z</time>
   </trkpt>
   <trkpt lat="51.4710710" lon="-0.2674020">
    <ele>3.9</ele>
    <time>2026-06-19T17:31:41Z</time>
   </trkpt>
   <trkpt lat="51.4710620" lon="-0.2673890">
    <ele>3.9</ele>
    <time>2026-06-19T17:31:42Z</time>
   </trkpt>
   <trkpt lat="51.4710610" lon="-0.2673680">
    <ele>3.9</ele>
    <time>2026-06-19T17:31:43Z</time>
   </trkpt>
   <trkpt lat="51.4710550" lon="-0.2673540">
    <ele>3.9</ele>
    <time>2026-06-19T17:31:44Z</time>
   </trkpt>
   <trkpt lat="51.4710540" lon="-0.2673310">
    <ele>3.9</ele>
    <time>2026-06-19T17:31:45Z</time>
   </trkpt>
   <trkpt lat="51.4710450" lon="-0.2673100">
    <ele>3.9</ele>
    <time>2026-06-19T17:31:46Z</time>
   </trkpt>
   <trkpt lat="51.4710450" lon="-0.2672890">
    <ele>3.9</ele>
    <time>2026-06-19T17:31:47Z</time>
   </trkpt>
   <trkpt lat="51.4710390" lon="-0.2672720">
    <ele>3.9</ele>
    <time>2026-06-19T17:31:48Z</time>
   </trkpt>
   <trkpt lat="51.4710330" lon="-0.2672550">
    <ele>3.9</ele>
    <time>2026-06-19T17:31:49Z</time>
   </trkpt>
   <trkpt lat="51.4710230" lon="-0.2672220">
    <ele>3.9</ele>
    <time>2026-06-19T17:31:50Z</time>
   </trkpt>
   <trkpt lat="51.4710210" lon="-0.2672060">
    <ele>3.9</ele>
    <time>2026-06-19T17:31:51Z</time>
   </trkpt>
   <trkpt lat="51.4710200" lon="-0.2671900">
    <ele>3.9</ele>
    <time>2026-06-19T17:31:52Z</time>
   </trkpt>
   <trkpt lat="51.4710180" lon="-0.2671680">
    <ele>3.9</ele>
    <time>2026-06-19T17:31:53Z</time>
   </trkpt>
   <trkpt lat="51.4710160" lon="-0.2671470">
    <ele>3.9</ele>
    <time>2026-06-19T17:31:54Z</time>
   </trkpt>
   <trkpt lat="51.4710110" lon="-0.2671140">
    <ele>3.9</ele>
    <time>2026-06-19T17:31:55Z</time>
   </trkpt>
   <trkpt lat="51.4710080" lon="-0.2671000">
    <ele>3.9</ele>
    <time>2026-06-19T17:31:56Z</time>
   </trkpt>
   <trkpt lat="51.4710040" lon="-0.2670850">
    <ele>3.9</ele>
    <time>2026-06-19T17:31:57Z</time>
   </trkpt>
   <trkpt lat="51.4710030" lon="-0.2670610">
    <ele>3.9</ele>
    <time>2026-06-19T17:31:58Z</time>
   </trkpt>
   <trkpt lat="51.4709970" lon="-0.2670360">
    <ele>3.9</ele>
    <time>2026-06-19T17:31:59Z</time>
   </trkpt>
   <trkpt lat="51.4709890" lon="-0.2670040">
    <ele>3.9</ele>
    <time>2026-06-19T17:32:00Z</time>
   </trkpt>
   <trkpt lat="51.4709870" lon="-0.2669920">
    <ele>3.9</ele>
    <time>2026-06-19T17:32:01Z</time>
   </trkpt>
   <trkpt lat="51.4709840" lon="-0.2669790">
    <ele>3.9</ele>
    <time>2026-06-19T17:32:02Z</time>
   </trkpt>
   <trkpt lat="51.4709690" lon="-0.2669610">
    <ele>3.9</ele>
    <time>2026-06-19T17:32:03Z</time>
   </trkpt>
   <trkpt lat="51.4709660" lon="-0.2669410">
    <ele>3.9</ele>
    <time>2026-06-19T17:32:04Z</time>
   </trkpt>
   <trkpt lat="51.4709560" lon="-0.2669110">
    <ele>3.9</ele>
    <time>2026-06-19T17:32:05Z</time>
   </trkpt>
   <trkpt lat="51.4709530" lon="-0.2668970">
    <ele>3.9</ele>
    <time>2026-06-19T17:32:06Z</time>
   </trkpt>
   <trkpt lat="51.4709510" lon="-0.2668820">
    <ele>3.9</ele>
    <time>2026-06-19T17:32:07Z</time>
   </trkpt>
   <trkpt lat="51.4709510" lon="-0.2668510">
    <ele>3.9</ele>
    <time>2026-06-19T17:32:08Z</time>
   </trkpt>
   <trkpt lat="51.4709430" lon="-0.2668330">
    <ele>3.9</ele>
    <time>2026-06-19T17:32:09Z</time>
   </trkpt>
   <trkpt lat="51.4709320" lon="-0.2668110">
    <ele>3.9</ele>
    <time>2026-06-19T17:32:10Z</time>
   </trkpt>
   <trkpt lat="51.4709280" lon="-0.2667920">
    <ele>3.9</ele>
    <time>2026-06-19T17:32:11Z</time>
   </trkpt>
   <trkpt lat="51.4709180" lon="-0.2667640">
    <ele>3.9</ele>
    <time>2026-06-19T17:32:12Z</time>
   </trkpt>
   <trkpt lat="51.4709130" lon="-0.2667530">
    <ele>3.9</ele>
    <time>2026-06-19T17:32:13Z</time>
   </trkpt>
   <trkpt lat="51.4709090" lon="-0.2667410">
    <ele>3.9</ele>
    <time>2026-06-19T17:32:14Z</time>
   </trkpt>
   <trkpt lat="51.4709040" lon="-0.2667320">
    <ele>3.9</ele>
    <time>2026-06-19T17:32:15Z</time>
   </trkpt>
   <trkpt lat="51.4709000" lon="-0.2667150">
    <ele>3.9</ele>
    <time>2026-06-19T17:32:16Z</time>
   </trkpt>
   <trkpt lat="51.4708960" lon="-0.2666950">
    <ele>3.9</ele>
    <time>2026-06-19T17:32:17Z</time>
   </trkpt>
   <trkpt lat="51.4708910" lon="-0.2666780">
    <ele>3.9</ele>
    <time>2026-06-19T17:32:18Z</time>
   </trkpt>
   <trkpt lat="51.4708850" lon="-0.2666540">
    <ele>3.9</ele>
    <time>2026-06-19T17:32:19Z</time>
   </trkpt>
   <trkpt lat="51.4708720" lon="-0.2666280">
    <ele>3.9</ele>
    <time>2026-06-19T17:32:20Z</time>
   </trkpt>
   <trkpt lat="51.4708650" lon="-0.2666190">
    <ele>3.9</ele>
    <time>2026-06-19T17:32:21Z</time>
   </trkpt>
   <trkpt lat="51.4708590" lon="-0.2666090">
    <ele>3.9</ele>
    <time>2026-06-19T17:32:22Z</time>
   </trkpt>
   <trkpt lat="51.4708520" lon="-0.2665730">
    <ele>3.9</ele>
    <time>2026-06-19T17:32:23Z</time>
   </trkpt>
   <trkpt lat="51.4708490" lon="-0.2665620">
    <ele>3.9</ele>
    <time>2026-06-19T17:32:24Z</time>
   </trkpt>
   <trkpt lat="51.4708450" lon="-0.2665500">
    <ele>3.9</ele>
    <time>2026-06-19T17:32:25Z</time>
   </trkpt>
   <trkpt lat="51.4708400" lon="-0.2665340">
    <ele>3.9</ele>
    <time>2026-06-19T17:32:26Z</time>
   </trkpt>
   <trkpt lat="51.4708340" lon="-0.2665160">
    <ele>3.9</ele>
    <time>2026-06-19T17:32:27Z</time>
   </trkpt>
   <trkpt lat="51.4708290" lon="-0.2664990">
    <ele>4.0</ele>
    <time>2026-06-19T17:32:28Z</time>
   </trkpt>
   <trkpt lat="51.4708230" lon="-0.2664830">
    <ele>4.0</ele>
    <time>2026-06-19T17:32:29Z</time>
   </trkpt>
   <trkpt lat="51.4708170" lon="-0.2664690">
    <ele>4.0</ele>
    <time>2026-06-19T17:32:30Z</time>
   </trkpt>
   <trkpt lat="51.4708140" lon="-0.2664480">
    <ele>4.0</ele>
    <time>2026-06-19T17:32:31Z</time>
   </trkpt>
   <trkpt lat="51.4708110" lon="-0.2664270">
    <ele>4.0</ele>
    <time>2026-06-19T17:32:32Z</time>
   </trkpt>
   <trkpt lat="51.4708020" lon="-0.2664040">
    <ele>4.0</ele>
    <time>2026-06-19T17:32:33Z</time>
   </trkpt>
   <trkpt lat="51.4707970" lon="-0.2663870">
    <ele>4.0</ele>
    <time>2026-06-19T17:32:34Z</time>
   </trkpt>
   <trkpt lat="51.4707960" lon="-0.2663640">
    <ele>4.0</ele>
    <time>2026-06-19T17:32:35Z</time>
   </trkpt>
   <trkpt lat="51.4707900" lon="-0.2663490">
    <ele>4.0</ele>
    <time>2026-06-19T17:32:36Z</time>
   </trkpt>
   <trkpt lat="51.4707870" lon="-0.2663380">
    <ele>4.0</ele>
    <time>2026-06-19T17:32:37Z</time>
   </trkpt>
   <trkpt lat="51.4707820" lon="-0.2663290">
    <ele>4.0</ele>
    <time>2026-06-19T17:32:38Z</time>
   </trkpt>
   <trkpt lat="51.4707750" lon="-0.2663120">
    <ele>4.0</ele>
    <time>2026-06-19T17:32:39Z</time>
   </trkpt>
   <trkpt lat="51.4707620" lon="-0.2662870">
    <ele>4.0</ele>
    <time>2026-06-19T17:32:40Z</time>
   </trkpt>
   <trkpt lat="51.4707550" lon="-0.2662780">
    <ele>4.1</ele>
    <time>2026-06-19T17:32:41Z</time>
   </trkpt>
   <trkpt lat="51.4707490" lon="-0.2662680">
    <ele>4.1</ele>
    <time>2026-06-19T17:32:42Z</time>
   </trkpt>
   <trkpt lat="51.4707510" lon="-0.2662300">
    <ele>4.1</ele>
    <time>2026-06-19T17:32:43Z</time>
   </trkpt>
   <trkpt lat="51.4707490" lon="-0.2662160">
    <ele>4.1</ele>
    <time>2026-06-19T17:32:44Z</time>
   </trkpt>
   <trkpt lat="51.4707480" lon="-0.2662030">
    <ele>4.1</ele>
    <time>2026-06-19T17:32:45Z</time>
   </trkpt>
   <trkpt lat="51.4707390" lon="-0.2661760">
    <ele>4.1</ele>
    <time>2026-06-19T17:32:46Z</time>
   </trkpt>
   <trkpt lat="51.4707340" lon="-0.2661640">
    <ele>4.1</ele>
    <time>2026-06-19T17:32:47Z</time>
   </trkpt>
   <trkpt lat="51.4707300" lon="-0.2661530">
    <ele>4.1</ele>
    <time>2026-06-19T17:32:48Z</time>
   </trkpt>
   <trkpt lat="51.4707270" lon="-0.2661260">
    <ele>4.1</ele>
    <time>2026-06-19T17:32:49Z</time>
   </trkpt>
   <trkpt lat="51.4707200" lon="-0.2661020">
    <ele>4.2</ele>
    <time>2026-06-19T17:32:50Z</time>
   </trkpt>
   <trkpt lat="51.4707100" lon="-0.2660870">
    <ele>4.2</ele>
    <time>2026-06-19T17:32:51Z</time>
   </trkpt>
   <trkpt lat="51.4707070" lon="-0.2660750">
    <ele>4.2</ele>
    <time>2026-06-19T17:32:52Z</time>
   </trkpt>
   <trkpt lat="51.4707050" lon="-0.2660620">
    <ele>4.2</ele>
    <time>2026-06-19T17:32:53Z</time>
   </trkpt>
   <trkpt lat="51.4706960" lon="-0.2660370">
    <ele>4.2</ele>
    <time>2026-06-19T17:32:54Z</time>
   </trkpt>
   <trkpt lat="51.4706920" lon="-0.2660230">
    <ele>4.2</ele>
    <time>2026-06-19T17:32:55Z</time>
   </trkpt>
   <trkpt lat="51.4706870" lon="-0.2660100">
    <ele>4.2</ele>
    <time>2026-06-19T17:32:56Z</time>
   </trkpt>
   <trkpt lat="51.4706800" lon="-0.2659920">
    <ele>4.2</ele>
    <time>2026-06-19T17:32:57Z</time>
   </trkpt>
   <trkpt lat="51.4706760" lon="-0.2659780">
    <ele>4.2</ele>
    <time>2026-06-19T17:32:58Z</time>
   </trkpt>
   <trkpt lat="51.4706690" lon="-0.2659570">
    <ele>4.3</ele>
    <time>2026-06-19T17:33:00Z</time>
   </trkpt>
   <trkpt lat="51.4706590" lon="-0.2659150">
    <ele>4.3</ele>
    <time>2026-06-19T17:33:01Z</time>
   </trkpt>
   <trkpt lat="51.4706560" lon="-0.2659010">
    <ele>4.3</ele>
    <time>2026-06-19T17:33:02Z</time>
   </trkpt>
   <trkpt lat="51.4706470" lon="-0.2658870">
    <ele>4.3</ele>
    <time>2026-06-19T17:33:03Z</time>
   </trkpt>
   <trkpt lat="51.4706430" lon="-0.2658660">
    <ele>4.3</ele>
    <time>2026-06-19T17:33:04Z</time>
   </trkpt>
   <trkpt lat="51.4706360" lon="-0.2658530">
    <ele>4.3</ele>
    <time>2026-06-19T17:33:05Z</time>
   </trkpt>
   <trkpt lat="51.4706320" lon="-0.2658360">
    <ele>4.3</ele>
    <time>2026-06-19T17:33:06Z</time>
   </trkpt>
   <trkpt lat="51.4706310" lon="-0.2658280">
    <ele>4.3</ele>
    <time>2026-06-19T17:33:07Z</time>
   </trkpt>
   <trkpt lat="51.4706260" lon="-0.2658030">
    <ele>4.3</ele>
    <time>2026-06-19T17:33:08Z</time>
   </trkpt>
   <trkpt lat="51.4706240" lon="-0.2657740">
    <ele>4.3</ele>
    <time>2026-06-19T17:33:09Z</time>
   </trkpt>
   <trkpt lat="51.4706230" lon="-0.2657500">
    <ele>4.3</ele>
    <time>2026-06-19T17:33:10Z</time>
   </trkpt>
   <trkpt lat="51.4706270" lon="-0.2657140">
    <ele>4.3</ele>
    <time>2026-06-19T17:33:11Z</time>
   </trkpt>
   <trkpt lat="51.4706290" lon="-0.2657010">
    <ele>4.3</ele>
    <time>2026-06-19T17:33:12Z</time>
   </trkpt>
   <trkpt lat="51.4706310" lon="-0.2656870">
    <ele>4.3</ele>
    <time>2026-06-19T17:33:13Z</time>
   </trkpt>
   <trkpt lat="51.4706380" lon="-0.2656470">
    <ele>4.3</ele>
    <time>2026-06-19T17:33:14Z</time>
   </trkpt>
   <trkpt lat="51.4706340" lon="-0.2656310">
    <ele>4.3</ele>
    <time>2026-06-19T17:33:15Z</time>
   </trkpt>
   <trkpt lat="51.4706280" lon="-0.2656220">
    <ele>4.3</ele>
    <time>2026-06-19T17:33:16Z</time>
   </trkpt>
   <trkpt lat="51.4706250" lon="-0.2656080">
    <ele>4.2</ele>
    <time>2026-06-19T17:33:17Z</time>
   </trkpt>
   <trkpt lat="51.4706220" lon="-0.2655850">
    <ele>4.2</ele>
    <time>2026-06-19T17:33:18Z</time>
   </trkpt>
   <trkpt lat="51.4706160" lon="-0.2655390">
    <ele>4.2</ele>
    <time>2026-06-19T17:33:19Z</time>
   </trkpt>
   <trkpt lat="51.4706130" lon="-0.2655250">
    <ele>4.2</ele>
    <time>2026-06-19T17:33:20Z</time>
   </trkpt>
   <trkpt lat="51.4706070" lon="-0.2655030">
    <ele>4.2</ele>
    <time>2026-06-19T17:33:21Z</time>
   </trkpt>
   <trkpt lat="51.4706060" lon="-0.2654800">
    <ele>4.2</ele>
    <time>2026-06-19T17:33:22Z</time>
   </trkpt>
   <trkpt lat="51.4705940" lon="-0.2654540">
    <ele>4.2</ele>
    <time>2026-06-19T17:33:23Z</time>
   </trkpt>
   <trkpt lat="51.4705900" lon="-0.2654420">
    <ele>4.2</ele>
    <time>2026-06-19T17:33:24Z</time>
   </trkpt>
   <trkpt lat="51.4705860" lon="-0.2654300">
    <ele>4.2</ele>
    <time>2026-06-19T17:33:25Z</time>
   </trkpt>
   <trkpt lat="51.4705740" lon="-0.2654010">
    <ele>4.2</ele>
    <time>2026-06-19T17:33:26Z</time>
   </trkpt>
   <trkpt lat="51.4705730" lon="-0.2653750">
    <ele>4.2</ele>
    <time>2026-06-19T17:33:27Z</time>
   </trkpt>
   <trkpt lat="51.4705710" lon="-0.2653560">
    <ele>4.1</ele>
    <time>2026-06-19T17:33:28Z</time>
   </trkpt>
   <trkpt lat="51.4705720" lon="-0.2653300">
    <ele>4.1</ele>
    <time>2026-06-19T17:33:29Z</time>
   </trkpt>
   <trkpt lat="51.4705760" lon="-0.2653020">
    <ele>4.1</ele>
    <time>2026-06-19T17:33:30Z</time>
   </trkpt>
   <trkpt lat="51.4705720" lon="-0.2652830">
    <ele>4.1</ele>
    <time>2026-06-19T17:33:31Z</time>
   </trkpt>
   <trkpt lat="51.4705610" lon="-0.2652560">
    <ele>4.1</ele>
    <time>2026-06-19T17:33:32Z</time>
   </trkpt>
   <trkpt lat="51.4705570" lon="-0.2652330">
    <ele>4.1</ele>
    <time>2026-06-19T17:33:33Z</time>
   </trkpt>
   <trkpt lat="51.4705610" lon="-0.2652160">
    <ele>4.0</ele>
    <time>2026-06-19T17:33:34Z</time>
   </trkpt>
   <trkpt lat="51.4705600" lon="-0.2651960">
    <ele>4.0</ele>
    <time>2026-06-19T17:33:35Z</time>
   </trkpt>
   <trkpt lat="51.4705550" lon="-0.2651760">
    <ele>4.0</ele>
    <time>2026-06-19T17:33:36Z</time>
   </trkpt>
   <trkpt lat="51.4705500" lon="-0.2651420">
    <ele>4.0</ele>
    <time>2026-06-19T17:33:37Z</time>
   </trkpt>
   <trkpt lat="51.4705480" lon="-0.2651300">
    <ele>4.0</ele>
    <time>2026-06-19T17:33:38Z</time>
   </trkpt>
   <trkpt lat="51.4705460" lon="-0.2651180">
    <ele>4.0</ele>
    <time>2026-06-19T17:33:39Z</time>
   </trkpt>
   <trkpt lat="51.4705300" lon="-0.2651050">
    <ele>3.9</ele>
    <time>2026-06-19T17:33:40Z</time>
   </trkpt>
   <trkpt lat="51.4705210" lon="-0.2650780">
    <ele>3.9</ele>
    <time>2026-06-19T17:33:41Z</time>
   </trkpt>
   <trkpt lat="51.4705130" lon="-0.2650550">
    <ele>3.9</ele>
    <time>2026-06-19T17:33:42Z</time>
   </trkpt>
   <trkpt lat="51.4705040" lon="-0.2650370">
    <ele>3.9</ele>
    <time>2026-06-19T17:33:43Z</time>
   </trkpt>
   <trkpt lat="51.4704960" lon="-0.2650130">
    <ele>3.9</ele>
    <time>2026-06-19T17:33:44Z</time>
   </trkpt>
   <trkpt lat="51.4704860" lon="-0.2649990">
    <ele>3.8</ele>
    <time>2026-06-19T17:33:45Z</time>
   </trkpt>
   <trkpt lat="51.4704830" lon="-0.2649650">
    <ele>3.8</ele>
    <time>2026-06-19T17:33:46Z</time>
   </trkpt>
   <trkpt lat="51.4704820" lon="-0.2649490">
    <ele>3.8</ele>
    <time>2026-06-19T17:33:47Z</time>
   </trkpt>
   <trkpt lat="51.4704800" lon="-0.2649330">
    <ele>3.8</ele>
    <time>2026-06-19T17:33:48Z</time>
   </trkpt>
   <trkpt lat="51.4704820" lon="-0.2649070">
    <ele>3.8</ele>
    <time>2026-06-19T17:33:49Z</time>
   </trkpt>
   <trkpt lat="51.4704760" lon="-0.2648870">
    <ele>3.8</ele>
    <time>2026-06-19T17:33:50Z</time>
   </trkpt>
   <trkpt lat="51.4704660" lon="-0.2648560">
    <ele>3.8</ele>
    <time>2026-06-19T17:33:51Z</time>
   </trkpt>
   <trkpt lat="51.4704630" lon="-0.2648440">
    <ele>3.7</ele>
    <time>2026-06-19T17:33:52Z</time>
   </trkpt>
   <trkpt lat="51.4704600" lon="-0.2648310">
    <ele>3.7</ele>
    <time>2026-06-19T17:33:53Z</time>
   </trkpt>
   <trkpt lat="51.4704540" lon="-0.2648150">
    <ele>3.7</ele>
    <time>2026-06-19T17:33:54Z</time>
   </trkpt>
   <trkpt lat="51.4704550" lon="-0.2648000">
    <ele>3.7</ele>
    <time>2026-06-19T17:33:55Z</time>
   </trkpt>
   <trkpt lat="51.4704540" lon="-0.2647940">
    <ele>3.7</ele>
    <time>2026-06-19T17:33:56Z</time>
   </trkpt>
   <trkpt lat="51.4704500" lon="-0.2647790">
    <ele>3.7</ele>
    <time>2026-06-19T17:33:57Z</time>
   </trkpt>
   <trkpt lat="51.4704510" lon="-0.2647800">
    <ele>3.7</ele>
    <time>2026-06-19T17:33:58Z</time>
   </trkpt>
   <trkpt lat="51.4704580" lon="-0.2647780">
    <ele>3.7</ele>
    <time>2026-06-19T17:33:59Z</time>
   </trkpt>
   <trkpt lat="51.4704510" lon="-0.2647680">
    <ele>3.7</ele>
    <time>2026-06-19T17:34:00Z</time>
   </trkpt>
   <trkpt lat="51.4704450" lon="-0.2647560">
    <ele>3.7</ele>
    <time>2026-06-19T17:34:01Z</time>
   </trkpt>
   <trkpt lat="51.4704360" lon="-0.2647500">
    <ele>3.7</ele>
    <time>2026-06-19T17:34:02Z</time>
   </trkpt>
   <trkpt lat="51.4704300" lon="-0.2647400">
    <ele>3.7</ele>
    <time>2026-06-19T17:34:03Z</time>
   </trkpt>
   <trkpt lat="51.4704290" lon="-0.2647270">
    <ele>3.7</ele>
    <time>2026-06-19T17:34:04Z</time>
   </trkpt>
   <trkpt lat="51.4704280" lon="-0.2647120">
    <ele>3.7</ele>
    <time>2026-06-19T17:34:05Z</time>
   </trkpt>
   <trkpt lat="51.4704240" lon="-0.2646940">
    <ele>3.7</ele>
    <time>2026-06-19T17:34:06Z</time>
   </trkpt>
   <trkpt lat="51.4704170" lon="-0.2646690">
    <ele>3.7</ele>
    <time>2026-06-19T17:34:07Z</time>
   </trkpt>
   <trkpt lat="51.4704110" lon="-0.2646540">
    <ele>3.7</ele>
    <time>2026-06-19T17:34:08Z</time>
   </trkpt>
   <trkpt lat="51.4704060" lon="-0.2646410">
    <ele>3.7</ele>
    <time>2026-06-19T17:34:09Z</time>
   </trkpt>
   <trkpt lat="51.4703970" lon="-0.2646280">
    <ele>3.7</ele>
    <time>2026-06-19T17:34:10Z</time>
   </trkpt>
   <trkpt lat="51.4703900" lon="-0.2646190">
    <ele>3.7</ele>
    <time>2026-06-19T17:34:11Z</time>
   </trkpt>
   <trkpt lat="51.4703800" lon="-0.2646000">
    <ele>3.7</ele>
    <time>2026-06-19T17:34:12Z</time>
   </trkpt>
   <trkpt lat="51.4703750" lon="-0.2645820">
    <ele>3.7</ele>
    <time>2026-06-19T17:34:13Z</time>
   </trkpt>
   <trkpt lat="51.4703710" lon="-0.2645650">
    <ele>3.7</ele>
    <time>2026-06-19T17:34:14Z</time>
   </trkpt>
   <trkpt lat="51.4703670" lon="-0.2645490">
    <ele>3.7</ele>
    <time>2026-06-19T17:34:15Z</time>
   </trkpt>
   <trkpt lat="51.4703680" lon="-0.2645290">
    <ele>3.7</ele>
    <time>2026-06-19T17:34:16Z</time>
   </trkpt>
   <trkpt lat="51.4703660" lon="-0.2645200">
    <ele>3.7</ele>
    <time>2026-06-19T17:34:17Z</time>
   </trkpt>
   <trkpt lat="51.4703620" lon="-0.2645050">
    <ele>3.7</ele>
    <time>2026-06-19T17:34:18Z</time>
   </trkpt>
   <trkpt lat="51.4703590" lon="-0.2644950">
    <ele>3.7</ele>
    <time>2026-06-19T17:34:19Z</time>
   </trkpt>
   <trkpt lat="51.4703550" lon="-0.2644780">
    <ele>3.7</ele>
    <time>2026-06-19T17:34:20Z</time>
   </trkpt>
   <trkpt lat="51.4703540" lon="-0.2644730">
    <ele>3.7</ele>
    <time>2026-06-19T17:34:21Z</time>
   </trkpt>
   <trkpt lat="51.4703540" lon="-0.2644620">
    <ele>3.8</ele>
    <time>2026-06-19T17:34:22Z</time>
   </trkpt>
   <trkpt lat="51.4703480" lon="-0.2644580">
    <ele>3.8</ele>
    <time>2026-06-19T17:34:23Z</time>
   </trkpt>
   <trkpt lat="51.4703490" lon="-0.2644510">
    <ele>3.8</ele>
    <time>2026-06-19T17:34:24Z</time>
   </trkpt>
   <trkpt lat="51.4703490" lon="-0.2644550">
    <ele>3.8</ele>
    <time>2026-06-19T17:34:25Z</time>
   </trkpt>
   <trkpt lat="51.4703440" lon="-0.2644480">
    <ele>3.8</ele>
    <time>2026-06-19T17:34:26Z</time>
   </trkpt>
   <trkpt lat="51.4703440" lon="-0.2644520">
    <ele>3.8</ele>
    <time>2026-06-19T17:34:27Z</time>
   </trkpt>
   <trkpt lat="51.4703450" lon="-0.2644530">
    <ele>3.8</ele>
    <time>2026-06-19T17:34:28Z</time>
   </trkpt>
   <trkpt lat="51.4703450" lon="-0.2644520">
    <ele>3.8</ele>
    <time>2026-06-19T17:34:29Z</time>
   </trkpt>
   <trkpt lat="51.4703440" lon="-0.2644520">
    <ele>3.8</ele>
    <time>2026-06-19T17:34:30Z</time>
   </trkpt>
   <trkpt lat="51.4703420" lon="-0.2644470">
    <ele>3.8</ele>
    <time>2026-06-19T17:34:31Z</time>
   </trkpt>
   <trkpt lat="51.4703410" lon="-0.2644430">
    <ele>3.8</ele>
    <time>2026-06-19T17:34:32Z</time>
   </trkpt>
   <trkpt lat="51.4703420" lon="-0.2644430">
    <ele>3.8</ele>
    <time>2026-06-19T17:34:33Z</time>
   </trkpt>
   <trkpt lat="51.4703430" lon="-0.2644440">
    <ele>3.8</ele>
    <time>2026-06-19T17:34:34Z</time>
   </trkpt>
   <trkpt lat="51.4703450" lon="-0.2644550">
    <ele>3.8</ele>
    <time>2026-06-19T17:34:35Z</time>
   </trkpt>
   <trkpt lat="51.4703470" lon="-0.2644660">
    <ele>3.8</ele>
    <time>2026-06-19T17:34:36Z</time>
   </trkpt>
   <trkpt lat="51.4703520" lon="-0.2644780">
    <ele>3.8</ele>
    <time>2026-06-19T17:34:37Z</time>
   </trkpt>
   <trkpt lat="51.4703560" lon="-0.2644910">
    <ele>3.8</ele>
    <time>2026-06-19T17:34:38Z</time>
   </trkpt>
   <trkpt lat="51.4703600" lon="-0.2645100">
    <ele>3.7</ele>
    <time>2026-06-19T17:34:39Z</time>
   </trkpt>
   <trkpt lat="51.4703650" lon="-0.2645260">
    <ele>3.7</ele>
    <time>2026-06-19T17:34:40Z</time>
   </trkpt>
   <trkpt lat="51.4703760" lon="-0.2645500">
    <ele>3.7</ele>
    <time>2026-06-19T17:34:41Z</time>
   </trkpt>
   <trkpt lat="51.4703840" lon="-0.2645600">
    <ele>3.7</ele>
    <time>2026-06-19T17:34:42Z</time>
   </trkpt>
   <trkpt lat="51.4703930" lon="-0.2645710">
    <ele>3.7</ele>
    <time>2026-06-19T17:34:43Z</time>
   </trkpt>
   <trkpt lat="51.4704060" lon="-0.2645930">
    <ele>3.7</ele>
    <time>2026-06-19T17:34:44Z</time>
   </trkpt>
   <trkpt lat="51.4704080" lon="-0.2646130">
    <ele>3.7</ele>
    <time>2026-06-19T17:34:45Z</time>
   </trkpt>
   <trkpt lat="51.4704080" lon="-0.2646260">
    <ele>3.7</ele>
    <time>2026-06-19T17:34:46Z</time>
   </trkpt>
   <trkpt lat="51.4704090" lon="-0.2646350">
    <ele>3.7</ele>
    <time>2026-06-19T17:34:47Z</time>
   </trkpt>
   <trkpt lat="51.4704140" lon="-0.2646510">
    <ele>3.7</ele>
    <time>2026-06-19T17:34:48Z</time>
   </trkpt>
   <trkpt lat="51.4704160" lon="-0.2646580">
    <ele>3.7</ele>
    <time>2026-06-19T17:34:49Z</time>
   </trkpt>
   <trkpt lat="51.4704250" lon="-0.2646740">
    <ele>3.7</ele>
    <time>2026-06-19T17:34:50Z</time>
   </trkpt>
   <trkpt lat="51.4704340" lon="-0.2646930">
    <ele>3.7</ele>
    <time>2026-06-19T17:34:51Z</time>
   </trkpt>
   <trkpt lat="51.4704470" lon="-0.2647220">
    <ele>3.7</ele>
    <time>2026-06-19T17:34:52Z</time>
   </trkpt>
   <trkpt lat="51.4704500" lon="-0.2647350">
    <ele>3.7</ele>
    <time>2026-06-19T17:34:53Z</time>
   </trkpt>
   <trkpt lat="51.4704540" lon="-0.2647470">
    <ele>3.7</ele>
    <time>2026-06-19T17:34:54Z</time>
   </trkpt>
   <trkpt lat="51.4704610" lon="-0.2647630">
    <ele>3.7</ele>
    <time>2026-06-19T17:34:55Z</time>
   </trkpt>
   <trkpt lat="51.4704690" lon="-0.2647770">
    <ele>3.7</ele>
    <time>2026-06-19T17:34:56Z</time>
   </trkpt>
   <trkpt lat="51.4704720" lon="-0.2647890">
    <ele>3.7</ele>
    <time>2026-06-19T17:34:57Z</time>
   </trkpt>
   <trkpt lat="51.4704800" lon="-0.2648210">
    <ele>3.7</ele>
    <time>2026-06-19T17:34:58Z</time>
   </trkpt>
   <trkpt lat="51.4704850" lon="-0.2648320">
    <ele>3.7</ele>
    <time>2026-06-19T17:34:59Z</time>
   </trkpt>
   <trkpt lat="51.4704890" lon="-0.2648440">
    <ele>3.7</ele>
    <time>2026-06-19T17:35:00Z</time>
   </trkpt>
   <trkpt lat="51.4705020" lon="-0.2648570">
    <ele>3.7</ele>
    <time>2026-06-19T17:35:01Z</time>
   </trkpt>
   <trkpt lat="51.4705030" lon="-0.2648780">
    <ele>3.8</ele>
    <time>2026-06-19T17:35:02Z</time>
   </trkpt>
   <trkpt lat="51.4705080" lon="-0.2648930">
    <ele>3.8</ele>
    <time>2026-06-19T17:35:03Z</time>
   </trkpt>
   <trkpt lat="51.4705140" lon="-0.2649250">
    <ele>3.8</ele>
    <time>2026-06-19T17:35:04Z</time>
   </trkpt>
   <trkpt lat="51.4705180" lon="-0.2649370">
    <ele>3.8</ele>
    <time>2026-06-19T17:35:06Z</time>
   </trkpt>
   <trkpt lat="51.4705210" lon="-0.2649480">
    <ele>3.8</ele>
    <time>2026-06-19T17:35:07Z</time>
   </trkpt>
   <trkpt lat="51.4705260" lon="-0.2649700">
    <ele>3.8</ele>
    <time>2026-06-19T17:35:08Z</time>
   </trkpt>
   <trkpt lat="51.4705320" lon="-0.2649910">
    <ele>3.8</ele>
    <time>2026-06-19T17:35:09Z</time>
   </trkpt>
   <trkpt lat="51.4705410" lon="-0.2650170">
    <ele>3.9</ele>
    <time>2026-06-19T17:35:10Z</time>
   </trkpt>
   <trkpt lat="51.4705440" lon="-0.2650320">
    <ele>3.9</ele>
    <time>2026-06-19T17:35:11Z</time>
   </trkpt>
   <trkpt lat="51.4705460" lon="-0.2650470">
    <ele>3.9</ele>
    <time>2026-06-19T17:35:12Z</time>
   </trkpt>
   <trkpt lat="51.4705520" lon="-0.2650700">
    <ele>3.9</ele>
    <time>2026-06-19T17:35:13Z</time>
   </trkpt>
   <trkpt lat="51.4705570" lon="-0.2650910">
    <ele>3.9</ele>
    <time>2026-06-19T17:35:14Z</time>
   </trkpt>
   <trkpt lat="51.4705620" lon="-0.2651070">
    <ele>3.9</ele>
    <time>2026-06-19T17:35:15Z</time>
   </trkpt>
   <trkpt lat="51.4705670" lon="-0.2651210">
    <ele>4.0</ele>
    <time>2026-06-19T17:35:16Z</time>
   </trkpt>
   <trkpt lat="51.4705690" lon="-0.2651360">
    <ele>4.0</ele>
    <time>2026-06-19T17:35:17Z</time>
   </trkpt>
   <trkpt lat="51.4705710" lon="-0.2651520">
    <ele>4.0</ele>
    <time>2026-06-19T17:35:18Z</time>
   </trkpt>
   <trkpt lat="51.4705720" lon="-0.2651670">
    <ele>4.0</ele>
    <time>2026-06-19T17:35:19Z</time>
   </trkpt>
   <trkpt lat="51.4705810" lon="-0.2651860">
    <ele>4.0</ele>
    <time>2026-06-19T17:35:20Z</time>
   </trkpt>
   <trkpt lat="51.4705880" lon="-0.2652210">
    <ele>4.0</ele>
    <time>2026-06-19T17:35:21Z</time>
   </trkpt>
   <trkpt lat="51.4705900" lon="-0.2652330">
    <ele>4.0</ele>
    <time>2026-06-19T17:35:22Z</time>
   </trkpt>
   <trkpt lat="51.4705930" lon="-0.2652450">
    <ele>4.1</ele>
    <time>2026-06-19T17:35:23Z</time>
   </trkpt>
   <trkpt lat="51.4706030" lon="-0.2652720">
    <ele>4.1</ele>
    <time>2026-06-19T17:35:24Z</time>
   </trkpt>
   <trkpt lat="51.4706070" lon="-0.2652840">
    <ele>4.1</ele>
    <time>2026-06-19T17:35:25Z</time>
   </trkpt>
   <trkpt lat="51.4706120" lon="-0.2652970">
    <ele>4.1</ele>
    <time>2026-06-19T17:35:26Z</time>
   </trkpt>
   <trkpt lat="51.4706160" lon="-0.2653320">
    <ele>4.1</ele>
    <time>2026-06-19T17:35:27Z</time>
   </trkpt>
   <trkpt lat="51.4706190" lon="-0.2653460">
    <ele>4.1</ele>
    <time>2026-06-19T17:35:28Z</time>
   </trkpt>
   <trkpt lat="51.4706210" lon="-0.2653610">
    <ele>4.1</ele>
    <time>2026-06-19T17:35:29Z</time>
   </trkpt>
   <trkpt lat="51.4706250" lon="-0.2653770">
    <ele>4.1</ele>
    <time>2026-06-19T17:35:30Z</time>
   </trkpt>
   <trkpt lat="51.4706300" lon="-0.2654050">
    <ele>4.2</ele>
    <time>2026-06-19T17:35:31Z</time>
   </trkpt>
   <trkpt lat="51.4706390" lon="-0.2654360">
    <ele>4.2</ele>
    <time>2026-06-19T17:35:32Z</time>
   </trkpt>
   <trkpt lat="51.4706410" lon="-0.2654490">
    <ele>4.2</ele>
    <time>2026-06-19T17:35:33Z</time>
   </trkpt>
   <trkpt lat="51.4706440" lon="-0.2654620">
    <ele>4.2</ele>
    <time>2026-06-19T17:35:34Z</time>
   </trkpt>
   <trkpt lat="51.4706480" lon="-0.2654860">
    <ele>4.2</ele>
    <time>2026-06-19T17:35:35Z</time>
   </trkpt>
   <trkpt lat="51.4706520" lon="-0.2655060">
    <ele>4.2</ele>
    <time>2026-06-19T17:35:36Z</time>
   </trkpt>
   <trkpt lat="51.4706500" lon="-0.2655280">
    <ele>4.2</ele>
    <time>2026-06-19T17:35:37Z</time>
   </trkpt>
   <trkpt lat="51.4706490" lon="-0.2655540">
    <ele>4.2</ele>
    <time>2026-06-19T17:35:38Z</time>
   </trkpt>
   <trkpt lat="51.4706500" lon="-0.2655760">
    <ele>4.2</ele>
    <time>2026-06-19T17:35:39Z</time>
   </trkpt>
   <trkpt lat="51.4706490" lon="-0.2656010">
    <ele>4.2</ele>
    <time>2026-06-19T17:35:40Z</time>
   </trkpt>
   <trkpt lat="51.4706560" lon="-0.2656340">
    <ele>4.3</ele>
    <time>2026-06-19T17:35:41Z</time>
   </trkpt>
   <trkpt lat="51.4706580" lon="-0.2656450">
    <ele>4.3</ele>
    <time>2026-06-19T17:35:42Z</time>
   </trkpt>
   <trkpt lat="51.4706600" lon="-0.2656570">
    <ele>4.3</ele>
    <time>2026-06-19T17:35:43Z</time>
   </trkpt>
   <trkpt lat="51.4706590" lon="-0.2656790">
    <ele>4.3</ele>
    <time>2026-06-19T17:35:44Z</time>
   </trkpt>
   <trkpt lat="51.4706630" lon="-0.2656950">
    <ele>4.3</ele>
    <time>2026-06-19T17:35:45Z</time>
   </trkpt>
   <trkpt lat="51.4706670" lon="-0.2657080">
    <ele>4.3</ele>
    <time>2026-06-19T17:35:46Z</time>
   </trkpt>
   <trkpt lat="51.4706670" lon="-0.2657450">
    <ele>4.3</ele>
    <time>2026-06-19T17:35:47Z</time>
   </trkpt>
   <trkpt lat="51.4706640" lon="-0.2657590">
    <ele>4.3</ele>
    <time>2026-06-19T17:35:48Z</time>
   </trkpt>
   <trkpt lat="51.4706620" lon="-0.2657740">
    <ele>4.3</ele>
    <time>2026-06-19T17:35:49Z</time>
   </trkpt>
   <trkpt lat="51.4706670" lon="-0.2658000">
    <ele>4.3</ele>
    <time>2026-06-19T17:35:50Z</time>
   </trkpt>
   <trkpt lat="51.4706680" lon="-0.2658190">
    <ele>4.3</ele>
    <time>2026-06-19T17:35:51Z</time>
   </trkpt>
   <trkpt lat="51.4706740" lon="-0.2658430">
    <ele>4.3</ele>
    <time>2026-06-19T17:35:52Z</time>
   </trkpt>
   <trkpt lat="51.4706760" lon="-0.2658630">
    <ele>4.3</ele>
    <time>2026-06-19T17:35:53Z</time>
   </trkpt>
   <trkpt lat="51.4706810" lon="-0.2658760">
    <ele>4.3</ele>
    <time>2026-06-19T17:35:54Z</time>
   </trkpt>
   <trkpt lat="51.4706860" lon="-0.2658840">
    <ele>4.3</ele>
    <time>2026-06-19T17:35:55Z</time>
   </trkpt>
   <trkpt lat="51.4706920" lon="-0.2659080">
    <ele>4.3</ele>
    <time>2026-06-19T17:35:56Z</time>
   </trkpt>
   <trkpt lat="51.4706950" lon="-0.2659280">
    <ele>4.3</ele>
    <time>2026-06-19T17:35:57Z</time>
   </trkpt>
   <trkpt lat="51.4707020" lon="-0.2659490">
    <ele>4.3</ele>
    <time>2026-06-19T17:35:58Z</time>
   </trkpt>
   <trkpt lat="51.4707020" lon="-0.2659600">
    <ele>4.3</ele>
    <time>2026-06-19T17:35:59Z</time>
   </trkpt>
   <trkpt lat="51.4707100" lon="-0.2659750">
    <ele>4.2</ele>
    <time>2026-06-19T17:36:00Z</time>
   </trkpt>
   <trkpt lat="51.4707190" lon="-0.2659940">
    <ele>4.2</ele>
    <time>2026-06-19T17:36:01Z</time>
   </trkpt>
   <trkpt lat="51.4707260" lon="-0.2660100">
    <ele>4.2</ele>
    <time>2026-06-19T17:36:02Z</time>
   </trkpt>
   <trkpt lat="51.4707350" lon="-0.2660290">
    <ele>4.2</ele>
    <time>2026-06-19T17:36:03Z</time>
   </trkpt>
   <trkpt lat="51.4707410" lon="-0.2660650">
    <ele>4.2</ele>
    <time>2026-06-19T17:36:04Z</time>
   </trkpt>
   <trkpt lat="51.4707420" lon="-0.2660800">
    <ele>4.2</ele>
    <time>2026-06-19T17:36:05Z</time>
   </trkpt>
   <trkpt lat="51.4707430" lon="-0.2660960">
    <ele>4.2</ele>
    <time>2026-06-19T17:36:06Z</time>
   </trkpt>
   <trkpt lat="51.4707560" lon="-0.2661100">
    <ele>4.2</ele>
    <time>2026-06-19T17:36:07Z</time>
   </trkpt>
   <trkpt lat="51.4707580" lon="-0.2661420">
    <ele>4.1</ele>
    <time>2026-06-19T17:36:08Z</time>
   </trkpt>
   <trkpt lat="51.4707620" lon="-0.2661760">
    <ele>4.1</ele>
    <time>2026-06-19T17:36:09Z</time>
   </trkpt>
   <trkpt lat="51.4707630" lon="-0.2661970">
    <ele>4.1</ele>
    <time>2026-06-19T17:36:10Z</time>
   </trkpt>
   <trkpt lat="51.4707690" lon="-0.2662230">
    <ele>4.1</ele>
    <time>2026-06-19T17:36:11Z</time>
   </trkpt>
   <trkpt lat="51.4707720" lon="-0.2662420">
    <ele>4.1</ele>
    <time>2026-06-19T17:36:12Z</time>
   </trkpt>
   <trkpt lat="51.4707760" lon="-0.2662570">
    <ele>4.1</ele>
    <time>2026-06-19T17:36:13Z</time>
   </trkpt>
   <trkpt lat="51.4707810" lon="-0.2662740">
    <ele>4.1</ele>
    <time>2026-06-19T17:36:14Z</time>
   </trkpt>
   <trkpt lat="51.4707850" lon="-0.2662910">
    <ele>4.0</ele>
    <time>2026-06-19T17:36:15Z</time>
   </trkpt>
   <trkpt lat="51.4707910" lon="-0.2663110">
    <ele>4.0</ele>
    <time>2026-06-19T17:36:16Z</time>
   </trkpt>
   <trkpt lat="51.4707970" lon="-0.2663350">
    <ele>4.0</ele>
    <time>2026-06-19T17:36:17Z</time>
   </trkpt>
   <trkpt lat="51.4708050" lon="-0.2663680">
    <ele>4.0</ele>
    <time>2026-06-19T17:36:18Z</time>
   </trkpt>
   <trkpt lat="51.4708080" lon="-0.2663800">
    <ele>4.0</ele>
    <time>2026-06-19T17:36:19Z</time>
   </trkpt>
   <trkpt lat="51.4708100" lon="-0.2663930">
    <ele>4.0</ele>
    <time>2026-06-19T17:36:20Z</time>
   </trkpt>
   <trkpt lat="51.4708160" lon="-0.2664250">
    <ele>4.0</ele>
    <time>2026-06-19T17:36:21Z</time>
   </trkpt>
   <trkpt lat="51.4708190" lon="-0.2664370">
    <ele>4.0</ele>
    <time>2026-06-19T17:36:22Z</time>
   </trkpt>
   <trkpt lat="51.4708210" lon="-0.2664500">
    <ele>4.0</ele>
    <time>2026-06-19T17:36:23Z</time>
   </trkpt>
   <trkpt lat="51.4708290" lon="-0.2664840">
    <ele>4.0</ele>
    <time>2026-06-19T17:36:24Z</time>
   </trkpt>
   <trkpt lat="51.4708330" lon="-0.2664970">
    <ele>4.0</ele>
    <time>2026-06-19T17:36:25Z</time>
   </trkpt>
   <trkpt lat="51.4708370" lon="-0.2665100">
    <ele>4.0</ele>
    <time>2026-06-19T17:36:26Z</time>
   </trkpt>
   <trkpt lat="51.4708480" lon="-0.2665410">
    <ele>3.9</ele>
    <time>2026-06-19T17:36:27Z</time>
   </trkpt>
   <trkpt lat="51.4708520" lon="-0.2665530">
    <ele>3.9</ele>
    <time>2026-06-19T17:36:28Z</time>
   </trkpt>
   <trkpt lat="51.4708550" lon="-0.2665640">
    <ele>3.9</ele>
    <time>2026-06-19T17:36:29Z</time>
   </trkpt>
   <trkpt lat="51.4708620" lon="-0.2665850">
    <ele>3.9</ele>
    <time>2026-06-19T17:36:30Z</time>
   </trkpt>
   <trkpt lat="51.4708700" lon="-0.2666060">
    <ele>3.9</ele>
    <time>2026-06-19T17:36:31Z</time>
   </trkpt>
   <trkpt lat="51.4708730" lon="-0.2666260">
    <ele>3.9</ele>
    <time>2026-06-19T17:36:32Z</time>
   </trkpt>
   <trkpt lat="51.4708800" lon="-0.2666480">
    <ele>3.9</ele>
    <time>2026-06-19T17:36:33Z</time>
   </trkpt>
   <trkpt lat="51.4708860" lon="-0.2666620">
    <ele>3.9</ele>
    <time>2026-06-19T17:36:34Z</time>
   </trkpt>
   <trkpt lat="51.4708950" lon="-0.2666770">
    <ele>3.9</ele>
    <time>2026-06-19T17:36:35Z</time>
   </trkpt>
   <trkpt lat="51.4709030" lon="-0.2666910">
    <ele>3.9</ele>
    <time>2026-06-19T17:36:36Z</time>
   </trkpt>
   <trkpt lat="51.4709090" lon="-0.2667040">
    <ele>3.9</ele>
    <time>2026-06-19T17:36:37Z</time>
   </trkpt>
   <trkpt lat="51.4709160" lon="-0.2667150">
    <ele>3.9</ele>
    <time>2026-06-19T17:36:38Z</time>
   </trkpt>
   <trkpt lat="51.4709200" lon="-0.2667300">
    <ele>3.9</ele>
    <time>2026-06-19T17:36:39Z</time>
   </trkpt>
   <trkpt lat="51.4709260" lon="-0.2667460">
    <ele>3.9</ele>
    <time>2026-06-19T17:36:40Z</time>
   </trkpt>
   <trkpt lat="51.4709290" lon="-0.2667630">
    <ele>3.9</ele>
    <time>2026-06-19T17:36:41Z</time>
   </trkpt>
   <trkpt lat="51.4709360" lon="-0.2667790">
    <ele>3.9</ele>
    <time>2026-06-19T17:36:42Z</time>
   </trkpt>
   <trkpt lat="51.4709440" lon="-0.2668110">
    <ele>3.9</ele>
    <time>2026-06-19T17:36:43Z</time>
   </trkpt>
   <trkpt lat="51.4709450" lon="-0.2668250">
    <ele>3.9</ele>
    <time>2026-06-19T17:36:44Z</time>
   </trkpt>
   <trkpt lat="51.4709460" lon="-0.2668400">
    <ele>3.9</ele>
    <time>2026-06-19T17:36:45Z</time>
   </trkpt>
   <trkpt lat="51.4709510" lon="-0.2668550">
    <ele>3.9</ele>
    <time>2026-06-19T17:36:46Z</time>
   </trkpt>
   <trkpt lat="51.4709550" lon="-0.2668870">
    <ele>3.9</ele>
    <time>2026-06-19T17:36:47Z</time>
   </trkpt>
   <trkpt lat="51.4709620" lon="-0.2669090">
    <ele>3.9</ele>
    <time>2026-06-19T17:36:48Z</time>
   </trkpt>
   <trkpt lat="51.4709690" lon="-0.2669290">
    <ele>3.9</ele>
    <time>2026-06-19T17:36:49Z</time>
   </trkpt>
   <trkpt lat="51.4709740" lon="-0.2669460">
    <ele>3.9</ele>
    <time>2026-06-19T17:36:50Z</time>
   </trkpt>
   <trkpt lat="51.4709790" lon="-0.2669710">
    <ele>3.9</ele>
    <time>2026-06-19T17:36:51Z</time>
   </trkpt>
   <trkpt lat="51.4709880" lon="-0.2670030">
    <ele>3.9</ele>
    <time>2026-06-19T17:36:52Z</time>
   </trkpt>
   <trkpt lat="51.4709940" lon="-0.2670170">
    <ele>3.9</ele>
    <time>2026-06-19T17:36:53Z</time>
   </trkpt>
   <trkpt lat="51.4709990" lon="-0.2670300">
    <ele>3.9</ele>
    <time>2026-06-19T17:36:54Z</time>
   </trkpt>
   <trkpt lat="51.4710110" lon="-0.2670600">
    <ele>3.9</ele>
    <time>2026-06-19T17:36:55Z</time>
   </trkpt>
   <trkpt lat="51.4710150" lon="-0.2670710">
    <ele>3.9</ele>
    <time>2026-06-19T17:36:56Z</time>
   </trkpt>
   <trkpt lat="51.4710200" lon="-0.2670820">
    <ele>3.9</ele>
    <time>2026-06-19T17:36:57Z</time>
   </trkpt>
   <trkpt lat="51.4710260" lon="-0.2671130">
    <ele>3.9</ele>
    <time>2026-06-19T17:36:58Z</time>
   </trkpt>
   <trkpt lat="51.4710280" lon="-0.2671270">
    <ele>3.9</ele>
    <time>2026-06-19T17:36:59Z</time>
   </trkpt>
   <trkpt lat="51.4710300" lon="-0.2671410">
    <ele>3.9</ele>
    <time>2026-06-19T17:37:00Z</time>
   </trkpt>
   <trkpt lat="51.4710360" lon="-0.2671610">
    <ele>3.9</ele>
    <time>2026-06-19T17:37:01Z</time>
   </trkpt>
   <trkpt lat="51.4710420" lon="-0.2671800">
    <ele>3.9</ele>
    <time>2026-06-19T17:37:02Z</time>
   </trkpt>
   <trkpt lat="51.4710460" lon="-0.2672080">
    <ele>3.9</ele>
    <time>2026-06-19T17:37:03Z</time>
   </trkpt>
   <trkpt lat="51.4710500" lon="-0.2672230">
    <ele>3.9</ele>
    <time>2026-06-19T17:37:04Z</time>
   </trkpt>
   <trkpt lat="51.4710570" lon="-0.2672530">
    <ele>3.9</ele>
    <time>2026-06-19T17:37:05Z</time>
   </trkpt>
   <trkpt lat="51.4710610" lon="-0.2672670">
    <ele>3.9</ele>
    <time>2026-06-19T17:37:06Z</time>
   </trkpt>
   <trkpt lat="51.4710640" lon="-0.2672800">
    <ele>3.9</ele>
    <time>2026-06-19T17:37:07Z</time>
   </trkpt>
   <trkpt lat="51.4710720" lon="-0.2672990">
    <ele>3.9</ele>
    <time>2026-06-19T17:37:08Z</time>
   </trkpt>
   <trkpt lat="51.4710770" lon="-0.2673150">
    <ele>3.9</ele>
    <time>2026-06-19T17:37:09Z</time>
   </trkpt>
   <trkpt lat="51.4710780" lon="-0.2673320">
    <ele>3.9</ele>
    <time>2026-06-19T17:37:10Z</time>
   </trkpt>
   <trkpt lat="51.4710790" lon="-0.2673530">
    <ele>3.9</ele>
    <time>2026-06-19T17:37:12Z</time>
   </trkpt>
   <trkpt lat="51.4710820" lon="-0.2673770">
    <ele>3.9</ele>
    <time>2026-06-19T17:37:13Z</time>
   </trkpt>
   <trkpt lat="51.4710890" lon="-0.2674110">
    <ele>3.9</ele>
    <time>2026-06-19T17:37:14Z</time>
   </trkpt>
   <trkpt lat="51.4710910" lon="-0.2674220">
    <ele>3.9</ele>
    <time>2026-06-19T17:37:15Z</time>
   </trkpt>
   <trkpt lat="51.4710930" lon="-0.2674340">
    <ele>3.9</ele>
    <time>2026-06-19T17:37:16Z</time>
   </trkpt>
   <trkpt lat="51.4710980" lon="-0.2674570">
    <ele>3.9</ele>
    <time>2026-06-19T17:37:17Z</time>
   </trkpt>
   <trkpt lat="51.4711040" lon="-0.2674730">
    <ele>3.9</ele>
    <time>2026-06-19T17:37:18Z</time>
   </trkpt>
   <trkpt lat="51.4711170" lon="-0.2674990">
    <ele>3.9</ele>
    <time>2026-06-19T17:37:19Z</time>
   </trkpt>
   <trkpt lat="51.4711240" lon="-0.2675080">
    <ele>3.9</ele>
    <time>2026-06-19T17:37:20Z</time>
   </trkpt>
   <trkpt lat="51.4711310" lon="-0.2675160">
    <ele>3.9</ele>
    <time>2026-06-19T17:37:21Z</time>
   </trkpt>
   <trkpt lat="51.4711340" lon="-0.2675420">
    <ele>3.9</ele>
    <time>2026-06-19T17:37:22Z</time>
   </trkpt>
   <trkpt lat="51.4711380" lon="-0.2675680">
    <ele>3.9</ele>
    <time>2026-06-19T17:37:23Z</time>
   </trkpt>
   <trkpt lat="51.4711420" lon="-0.2675850">
    <ele>3.9</ele>
    <time>2026-06-19T17:37:24Z</time>
   </trkpt>
   <trkpt lat="51.4711440" lon="-0.2676030">
    <ele>3.9</ele>
    <time>2026-06-19T17:37:25Z</time>
   </trkpt>
   <trkpt lat="51.4711470" lon="-0.2676180">
    <ele>3.9</ele>
    <time>2026-06-19T17:37:26Z</time>
   </trkpt>
   <trkpt lat="51.4711500" lon="-0.2676390">
    <ele>3.9</ele>
    <time>2026-06-19T17:37:27Z</time>
   </trkpt>
   <trkpt lat="51.4711550" lon="-0.2676640">
    <ele>3.9</ele>
    <time>2026-06-19T17:37:28Z</time>
   </trkpt>
   <trkpt lat="51.4711590" lon="-0.2676870">
    <ele>3.9</ele>
    <time>2026-06-19T17:37:29Z</time>
   </trkpt>
   <trkpt lat="51.4711620" lon="-0.2677070">
    <ele>3.9</ele>
    <time>2026-06-19T17:37:30Z</time>
   </trkpt>
   <trkpt lat="51.4711690" lon="-0.2677250">
    <ele>3.9</ele>
    <time>2026-06-19T17:37:31Z</time>
   </trkpt>
   <trkpt lat="51.4711760" lon="-0.2677460">
    <ele>3.9</ele>
    <time>2026-06-19T17:37:32Z</time>
   </trkpt>
   <trkpt lat="51.4711800" lon="-0.2677650">
    <ele>3.9</ele>
    <time>2026-06-19T17:37:33Z</time>
   </trkpt>
   <trkpt lat="51.4711860" lon="-0.2677810">
    <ele>3.9</ele>
    <time>2026-06-19T17:37:34Z</time>
   </trkpt>
   <trkpt lat="51.4711870" lon="-0.2677990">
    <ele>3.9</ele>
    <time>2026-06-19T17:37:35Z</time>
   </trkpt>
   <trkpt lat="51.4711950" lon="-0.2678280">
    <ele>3.9</ele>
    <time>2026-06-19T17:37:36Z</time>
   </trkpt>
   <trkpt lat="51.4711890" lon="-0.2678440">
    <ele>3.9</ele>
    <time>2026-06-19T17:37:37Z</time>
   </trkpt>
   <trkpt lat="51.4711800" lon="-0.2678600">
    <ele>3.9</ele>
    <time>2026-06-19T17:37:38Z</time>
   </trkpt>
   <trkpt lat="51.4711650" lon="-0.2678780">
    <ele>3.9</ele>
    <time>2026-06-19T17:37:39Z</time>
   </trkpt>
   <trkpt lat="51.4711550" lon="-0.2678940">
    <ele>4.0</ele>
    <time>2026-06-19T17:37:40Z</time>
   </trkpt>
   <trkpt lat="51.4711440" lon="-0.2679050">
    <ele>4.0</ele>
    <time>2026-06-19T17:37:41Z</time>
   </trkpt>
   <trkpt lat="51.4711310" lon="-0.2679140">
    <ele>4.1</ele>
    <time>2026-06-19T17:37:42Z</time>
   </trkpt>
   <trkpt lat="51.4711190" lon="-0.2679280">
    <ele>4.1</ele>
    <time>2026-06-19T17:37:43Z</time>
   </trkpt>
   <trkpt lat="51.4711060" lon="-0.2679370">
    <ele>4.2</ele>
    <time>2026-06-19T17:37:44Z</time>
   </trkpt>
   <trkpt lat="51.4710870" lon="-0.2679320">
    <ele>4.2</ele>
    <time>2026-06-19T17:37:45Z</time>
   </trkpt>
   <trkpt lat="51.4710720" lon="-0.2679360">
    <ele>4.3</ele>
    <time>2026-06-19T17:37:46Z</time>
   </trkpt>
   <trkpt lat="51.4710620" lon="-0.2679510">
    <ele>4.3</ele>
    <time>2026-06-19T17:37:47Z</time>
   </trkpt>
   <trkpt lat="51.4710530" lon="-0.2679670">
    <ele>4.4</ele>
    <time>2026-06-19T17:37:48Z</time>
   </trkpt>
   <trkpt lat="51.4710500" lon="-0.2679890">
    <ele>4.4</ele>
    <time>2026-06-19T17:37:49Z</time>
   </trkpt>
   <trkpt lat="51.4710510" lon="-0.2680050">
    <ele>4.5</ele>
    <time>2026-06-19T17:37:50Z</time>
   </trkpt>
   <trkpt lat="51.4710460" lon="-0.2679980">
    <ele>4.5</ele>
    <time>2026-06-19T17:37:51Z</time>
   </trkpt>
   <trkpt lat="51.4710330" lon="-0.2679880">
    <ele>4.6</ele>
    <time>2026-06-19T17:37:52Z</time>
   </trkpt>
   <trkpt lat="51.4710210" lon="-0.2679910">
    <ele>4.6</ele>
    <time>2026-06-19T17:37:53Z</time>
   </trkpt>
   <trkpt lat="51.4710070" lon="-0.2679970">
    <ele>4.7</ele>
    <time>2026-06-19T17:37:54Z</time>
   </trkpt>
   <trkpt lat="51.4709930" lon="-0.2680080">
    <ele>4.8</ele>
    <time>2026-06-19T17:37:55Z</time>
   </trkpt>
   <trkpt lat="51.4709840" lon="-0.2680100">
    <ele>4.8</ele>
    <time>2026-06-19T17:37:56Z</time>
   </trkpt>
   <trkpt lat="51.4709810" lon="-0.2680220">
    <ele>4.8</ele>
    <time>2026-06-19T17:37:57Z</time>
   </trkpt>
   <trkpt lat="51.4709670" lon="-0.2680340">
    <ele>4.9</ele>
    <time>2026-06-19T17:37:58Z</time>
   </trkpt>
   <trkpt lat="51.4709550" lon="-0.2680410">
    <ele>5.0</ele>
    <time>2026-06-19T17:37:59Z</time>
   </trkpt>
   <trkpt lat="51.4709450" lon="-0.2680480">
    <ele>5.0</ele>
    <time>2026-06-19T17:38:00Z</time>
   </trkpt>
   <trkpt lat="51.4709400" lon="-0.2680600">
    <ele>5.1</ele>
    <time>2026-06-19T17:38:01Z</time>
   </trkpt>
   <trkpt lat="51.4709320" lon="-0.2680680">
    <ele>5.1</ele>
    <time>2026-06-19T17:38:02Z</time>
   </trkpt>
   <trkpt lat="51.4709200" lon="-0.2680750">
    <ele>5.2</ele>
    <time>2026-06-19T17:38:03Z</time>
   </trkpt>
   <trkpt lat="51.4709140" lon="-0.2680780">
    <ele>5.2</ele>
    <time>2026-06-19T17:38:04Z</time>
   </trkpt>
   <trkpt lat="51.4709090" lon="-0.2680880">
    <ele>5.3</ele>
    <time>2026-06-19T17:38:05Z</time>
   </trkpt>
   <trkpt lat="51.4708970" lon="-0.2680930">
    <ele>5.3</ele>
    <time>2026-06-19T17:38:06Z</time>
   </trkpt>
   <trkpt lat="51.4708820" lon="-0.2680970">
    <ele>5.4</ele>
    <time>2026-06-19T17:38:07Z</time>
   </trkpt>
   <trkpt lat="51.4708640" lon="-0.2681040">
    <ele>5.4</ele>
    <time>2026-06-19T17:38:08Z</time>
   </trkpt>
   <trkpt lat="51.4708530" lon="-0.2681110">
    <ele>5.4</ele>
    <time>2026-06-19T17:38:09Z</time>
   </trkpt>
   <trkpt lat="51.4708430" lon="-0.2681230">
    <ele>5.5</ele>
    <time>2026-06-19T17:38:10Z</time>
   </trkpt>
   <trkpt lat="51.4708380" lon="-0.2681410">
    <ele>5.5</ele>
    <time>2026-06-19T17:38:11Z</time>
   </trkpt>
   <trkpt lat="51.4708290" lon="-0.2681470">
    <ele>5.5</ele>
    <time>2026-06-19T17:38:12Z</time>
   </trkpt>
   <trkpt lat="51.4708190" lon="-0.2681520">
    <ele>5.5</ele>
    <time>2026-06-19T17:38:13Z</time>
   </trkpt>
   <trkpt lat="51.4708090" lon="-0.2681540">
    <ele>5.5</ele>
    <time>2026-06-19T17:38:14Z</time>
   </trkpt>
   <trkpt lat="51.4707990" lon="-0.2681600">
    <ele>5.5</ele>
    <time>2026-06-19T17:38:15Z</time>
   </trkpt>
   <trkpt lat="51.4707870" lon="-0.2681680">
    <ele>5.6</ele>
    <time>2026-06-19T17:38:16Z</time>
   </trkpt>
   <trkpt lat="51.4707740" lon="-0.2681800">
    <ele>5.6</ele>
    <time>2026-06-19T17:38:17Z</time>
   </trkpt>
   <trkpt lat="51.4707660" lon="-0.2681890">
    <ele>5.6</ele>
    <time>2026-06-19T17:38:18Z</time>
   </trkpt>
   <trkpt lat="51.4707580" lon="-0.2681880">
    <ele>5.6</ele>
    <time>2026-06-19T17:38:19Z</time>
   </trkpt>
   <trkpt lat="51.4707460" lon="-0.2681840">
    <ele>5.6</ele>
    <time>2026-06-19T17:38:20Z</time>
   </trkpt>
   <trkpt lat="51.4707380" lon="-0.2681850">
    <ele>5.7</ele>
    <time>2026-06-19T17:38:21Z</time>
   </trkpt>
   <trkpt lat="51.4707270" lon="-0.2681970">
    <ele>5.7</ele>
    <time>2026-06-19T17:38:22Z</time>
   </trkpt>
   <trkpt lat="51.4707250" lon="-0.2682100">
    <ele>5.7</ele>
    <time>2026-06-19T17:38:23Z</time>
   </trkpt>
   <trkpt lat="51.4707160" lon="-0.2682270">
    <ele>5.7</ele>
    <time>2026-06-19T17:38:24Z</time>
   </trkpt>
   <trkpt lat="51.4707060" lon="-0.2682320">
    <ele>5.7</ele>
    <time>2026-06-19T17:38:25Z</time>
   </trkpt>
   <trkpt lat="51.4706920" lon="-0.2682330">
    <ele>5.7</ele>
    <time>2026-06-19T17:38:26Z</time>
   </trkpt>
   <trkpt lat="51.4706870" lon="-0.2682360">
    <ele>5.8</ele>
    <time>2026-06-19T17:38:27Z</time>
   </trkpt>
   <trkpt lat="51.4706770" lon="-0.2682360">
    <ele>5.8</ele>
    <time>2026-06-19T17:38:28Z</time>
   </trkpt>
   <trkpt lat="51.4706620" lon="-0.2682400">
    <ele>5.8</ele>
    <time>2026-06-19T17:38:29Z</time>
   </trkpt>
   <trkpt lat="51.4706490" lon="-0.2682410">
    <ele>5.8</ele>
    <time>2026-06-19T17:38:30Z</time>
   </trkpt>
   <trkpt lat="51.4706320" lon="-0.2682380">
    <ele>5.8</ele>
    <time>2026-06-19T17:38:31Z</time>
   </trkpt>
   <trkpt lat="51.4706140" lon="-0.2682350">
    <ele>5.8</ele>
    <time>2026-06-19T17:38:32Z</time>
   </trkpt>
   <trkpt lat="51.4706010" lon="-0.2682350">
    <ele>5.8</ele>
    <time>2026-06-19T17:38:33Z</time>
   </trkpt>
   <trkpt lat="51.4705860" lon="-0.2682370">
    <ele>5.9</ele>
    <time>2026-06-19T17:38:34Z</time>
   </trkpt>
   <trkpt lat="51.4705680" lon="-0.2682420">
    <ele>5.9</ele>
    <time>2026-06-19T17:38:35Z</time>
   </trkpt>
   <trkpt lat="51.4705530" lon="-0.2682420">
    <ele>5.9</ele>
    <time>2026-06-19T17:38:36Z</time>
   </trkpt>
   <trkpt lat="51.4705400" lon="-0.2682470">
    <ele>5.9</ele>
    <time>2026-06-19T17:38:37Z</time>
   </trkpt>
   <trkpt lat="51.4705270" lon="-0.2682410">
    <ele>5.9</ele>
    <time>2026-06-19T17:38:38Z</time>
   </trkpt>
   <trkpt lat="51.4705110" lon="-0.2682470">
    <ele>5.9</ele>
    <time>2026-06-19T17:38:39Z</time>
   </trkpt>
   <trkpt lat="51.4704790" lon="-0.2682470">
    <ele>6.0</ele>
    <time>2026-06-19T17:38:40Z</time>
   </trkpt>
   <trkpt lat="51.4704730" lon="-0.2682510">
    <ele>6.0</ele>
    <time>2026-06-19T17:38:41Z</time>
   </trkpt>
   <trkpt lat="51.4704560" lon="-0.2682500">
    <ele>6.0</ele>
    <time>2026-06-19T17:38:42Z</time>
   </trkpt>
   <trkpt lat="51.4704430" lon="-0.2682520">
    <ele>6.0</ele>
    <time>2026-06-19T17:38:43Z</time>
   </trkpt>
   <trkpt lat="51.4704330" lon="-0.2682530">
    <ele>6.0</ele>
    <time>2026-06-19T17:38:44Z</time>
   </trkpt>
   <trkpt lat="51.4704210" lon="-0.2682500">
    <ele>6.0</ele>
    <time>2026-06-19T17:38:45Z</time>
   </trkpt>
   <trkpt lat="51.4704140" lon="-0.2682530">
    <ele>6.0</ele>
    <time>2026-06-19T17:38:46Z</time>
   </trkpt>
   <trkpt lat="51.4704060" lon="-0.2682560">
    <ele>6.0</ele>
    <time>2026-06-19T17:38:47Z</time>
   </trkpt>
   <trkpt lat="51.4703930" lon="-0.2682580">
    <ele>6.0</ele>
    <time>2026-06-19T17:38:48Z</time>
   </trkpt>
   <trkpt lat="51.4703800" lon="-0.2682630">
    <ele>6.0</ele>
    <time>2026-06-19T17:38:49Z</time>
   </trkpt>
   <trkpt lat="51.4703670" lon="-0.2682730">
    <ele>6.1</ele>
    <time>2026-06-19T17:38:50Z</time>
   </trkpt>
   <trkpt lat="51.4703540" lon="-0.2682740">
    <ele>6.1</ele>
    <time>2026-06-19T17:38:51Z</time>
   </trkpt>
   <trkpt lat="51.4703440" lon="-0.2682690">
    <ele>6.1</ele>
    <time>2026-06-19T17:38:52Z</time>
   </trkpt>
   <trkpt lat="51.4703270" lon="-0.2682650">
    <ele>6.1</ele>
    <time>2026-06-19T17:38:53Z</time>
   </trkpt>
   <trkpt lat="51.4703100" lon="-0.2682630">
    <ele>6.1</ele>
    <time>2026-06-19T17:38:54Z</time>
   </trkpt>
   <trkpt lat="51.4703000" lon="-0.2682600">
    <ele>6.1</ele>
    <time>2026-06-19T17:38:55Z</time>
   </trkpt>
   <trkpt lat="51.4702910" lon="-0.2682570">
    <ele>6.1</ele>
    <time>2026-06-19T17:38:56Z</time>
   </trkpt>
   <trkpt lat="51.4702810" lon="-0.2682620">
    <ele>6.1</ele>
    <time>2026-06-19T17:38:57Z</time>
   </trkpt>
   <trkpt lat="51.4702710" lon="-0.2682690">
    <ele>6.1</ele>
    <time>2026-06-19T17:38:58Z</time>
   </trkpt>
   <trkpt lat="51.4702700" lon="-0.2682860">
    <ele>6.1</ele>
    <time>2026-06-19T17:38:59Z</time>
   </trkpt>
   <trkpt lat="51.4702550" lon="-0.2682900">
    <ele>6.1</ele>
    <time>2026-06-19T17:39:00Z</time>
   </trkpt>
   <trkpt lat="51.4702450" lon="-0.2682980">
    <ele>6.1</ele>
    <time>2026-06-19T17:39:01Z</time>
   </trkpt>
   <trkpt lat="51.4702390" lon="-0.2682980">
    <ele>6.1</ele>
    <time>2026-06-19T17:39:02Z</time>
   </trkpt>
   <trkpt lat="51.4702370" lon="-0.2683000">
    <ele>6.1</ele>
    <time>2026-06-19T17:39:03Z</time>
   </trkpt>
   <trkpt lat="51.4702270" lon="-0.2682980">
    <ele>6.2</ele>
    <time>2026-06-19T17:39:04Z</time>
   </trkpt>
   <trkpt lat="51.4702180" lon="-0.2682940">
    <ele>6.2</ele>
    <time>2026-06-19T17:39:05Z</time>
   </trkpt>
   <trkpt lat="51.4702160" lon="-0.2682930">
    <ele>6.2</ele>
    <time>2026-06-19T17:39:06Z</time>
   </trkpt>
   <trkpt lat="51.4702080" lon="-0.2682850">
    <ele>6.2</ele>
    <time>2026-06-19T17:39:07Z</time>
   </trkpt>
   <trkpt lat="51.4701930" lon="-0.2682860">
    <ele>6.2</ele>
    <time>2026-06-19T17:39:08Z</time>
   </trkpt>
   <trkpt lat="51.4702000" lon="-0.2682940">
    <ele>6.2</ele>
    <time>2026-06-19T17:39:09Z</time>
   </trkpt>
   <trkpt lat="51.4701930" lon="-0.2682980">
    <ele>6.2</ele>
    <time>2026-06-19T17:39:10Z</time>
   </trkpt>
   <trkpt lat="51.4701920" lon="-0.2683010">
    <ele>6.2</ele>
    <time>2026-06-19T17:39:11Z</time>
   </trkpt>
   <trkpt lat="51.4701930" lon="-0.2683030">
    <ele>6.2</ele>
    <time>2026-06-19T17:39:12Z</time>
   </trkpt>
   <trkpt lat="51.4701880" lon="-0.2683070">
    <ele>6.2</ele>
    <time>2026-06-19T17:39:13Z</time>
   </trkpt>
   <trkpt lat="51.4701630" lon="-0.2683030">
    <ele>6.2</ele>
    <time>2026-06-19T17:39:14Z</time>
   </trkpt>
   <trkpt lat="51.4701540" lon="-0.2682960">
    <ele>6.2</ele>
    <time>2026-06-19T17:39:15Z</time>
   </trkpt>
   <trkpt lat="51.4701510" lon="-0.2683090">
    <ele>6.2</ele>
    <time>2026-06-19T17:39:16Z</time>
   </trkpt>
   <trkpt lat="51.4701470" lon="-0.2683070">
    <ele>6.1</ele>
    <time>2026-06-19T17:39:18Z</time>
   </trkpt>
   <trkpt lat="51.4701430" lon="-0.2683010">
    <ele>6.1</ele>
    <time>2026-06-19T17:39:19Z</time>
   </trkpt>
   <trkpt lat="51.4701460" lon="-0.2682990">
    <ele>6.1</ele>
    <time>2026-06-19T17:39:20Z</time>
   </trkpt>
   <trkpt lat="51.4701470" lon="-0.2682880">
    <ele>6.1</ele>
    <time>2026-06-19T17:39:21Z</time>
   </trkpt>
   <trkpt lat="51.4701480" lon="-0.2682960">
    <ele>6.1</ele>
    <time>2026-06-19T17:39:22Z</time>
   </trkpt>
   <trkpt lat="51.4701380" lon="-0.2683000">
    <ele>6.1</ele>
    <time>2026-06-19T17:39:23Z</time>
   </trkpt>
   <trkpt lat="51.4701370" lon="-0.2683020">
    <ele>6.1</ele>
    <time>2026-06-19T17:39:24Z</time>
   </trkpt>
   <trkpt lat="51.4701330" lon="-0.2683000">
    <ele>6.1</ele>
    <time>2026-06-19T17:39:25Z</time>
   </trkpt>
   <trkpt lat="51.4701340" lon="-0.2683030">
    <ele>6.1</ele>
    <time>2026-06-19T17:39:26Z</time>
   </trkpt>
   <trkpt lat="51.4701230" lon="-0.2683050">
    <ele>6.1</ele>
    <time>2026-06-19T17:39:27Z</time>
   </trkpt>
   <trkpt lat="51.4701110" lon="-0.2683040">
    <ele>6.1</ele>
    <time>2026-06-19T17:39:28Z</time>
   </trkpt>
   <trkpt lat="51.4701020" lon="-0.2682910">
    <ele>6.1</ele>
    <time>2026-06-19T17:39:29Z</time>
   </trkpt>
   <trkpt lat="51.4700730" lon="-0.2682890">
    <ele>6.1</ele>
    <time>2026-06-19T17:39:30Z</time>
   </trkpt>
   <trkpt lat="51.4700620" lon="-0.2682890">
    <ele>6.0</ele>
    <time>2026-06-19T17:39:31Z</time>
   </trkpt>
   <trkpt lat="51.4700320" lon="-0.2682950">
    <ele>6.0</ele>
    <time>2026-06-19T17:39:32Z</time>
   </trkpt>
   <trkpt lat="51.4700210" lon="-0.2682960">
    <ele>6.0</ele>
    <time>2026-06-19T17:39:33Z</time>
   </trkpt>
   <trkpt lat="51.4700190" lon="-0.2682980">
    <ele>6.0</ele>
    <time>2026-06-19T17:39:34Z</time>
   </trkpt>
   <trkpt lat="51.4700050" lon="-0.2683080">
    <ele>6.0</ele>
    <time>2026-06-19T17:39:35Z</time>
   </trkpt>
   <trkpt lat="51.4699860" lon="-0.2683050">
    <ele>6.0</ele>
    <time>2026-06-19T17:39:36Z</time>
   </trkpt>
   <trkpt lat="51.4699720" lon="-0.2683050">
    <ele>5.9</ele>
    <time>2026-06-19T17:39:37Z</time>
   </trkpt>
   <trkpt lat="51.4699560" lon="-0.2683070">
    <ele>5.9</ele>
    <time>2026-06-19T17:39:38Z</time>
   </trkpt>
   <trkpt lat="51.4699280" lon="-0.2683180">
    <ele>5.9</ele>
    <time>2026-06-19T17:39:39Z</time>
   </trkpt>
   <trkpt lat="51.4699180" lon="-0.2683190">
    <ele>5.9</ele>
    <time>2026-06-19T17:39:40Z</time>
   </trkpt>
   <trkpt lat="51.4698900" lon="-0.2683150">
    <ele>5.8</ele>
    <time>2026-06-19T17:39:41Z</time>
   </trkpt>
   <trkpt lat="51.4698790" lon="-0.2683140">
    <ele>5.8</ele>
    <time>2026-06-19T17:39:42Z</time>
   </trkpt>
   <trkpt lat="51.4698670" lon="-0.2683130">
    <ele>5.8</ele>
    <time>2026-06-19T17:39:43Z</time>
   </trkpt>
   <trkpt lat="51.4698550" lon="-0.2683120">
    <ele>5.8</ele>
    <time>2026-06-19T17:39:44Z</time>
   </trkpt>
   <trkpt lat="51.4698110" lon="-0.2683060">
    <ele>5.8</ele>
    <time>2026-06-19T17:39:45Z</time>
   </trkpt>
   <trkpt lat="51.4697960" lon="-0.2683180">
    <ele>5.7</ele>
    <time>2026-06-19T17:39:46Z</time>
   </trkpt>
   <trkpt lat="51.4697800" lon="-0.2683210">
    <ele>5.7</ele>
    <time>2026-06-19T17:39:47Z</time>
   </trkpt>
   <trkpt lat="51.4697640" lon="-0.2683170">
    <ele>5.7</ele>
    <time>2026-06-19T17:39:48Z</time>
   </trkpt>
   <trkpt lat="51.4697500" lon="-0.2683170">
    <ele>5.7</ele>
    <time>2026-06-19T17:39:49Z</time>
   </trkpt>
   <trkpt lat="51.4697290" lon="-0.2683140">
    <ele>5.6</ele>
    <time>2026-06-19T17:39:50Z</time>
   </trkpt>
   <trkpt lat="51.4697020" lon="-0.2683160">
    <ele>5.6</ele>
    <time>2026-06-19T17:39:51Z</time>
   </trkpt>
   <trkpt lat="51.4696900" lon="-0.2683150">
    <ele>5.6</ele>
    <time>2026-06-19T17:39:52Z</time>
   </trkpt>
   <trkpt lat="51.4696690" lon="-0.2683160">
    <ele>5.5</ele>
    <time>2026-06-19T17:39:53Z</time>
   </trkpt>
   <trkpt lat="51.4696640" lon="-0.2683000">
    <ele>5.4</ele>
    <time>2026-06-19T17:39:54Z</time>
   </trkpt>
   <trkpt lat="51.4696630" lon="-0.2682860">
    <ele>5.4</ele>
    <time>2026-06-19T17:39:55Z</time>
   </trkpt>
   <trkpt lat="51.4696590" lon="-0.2682700">
    <ele>5.4</ele>
    <time>2026-06-19T17:39:56Z</time>
   </trkpt>
   <trkpt lat="51.4696590" lon="-0.2682520">
    <ele>5.4</ele>
    <time>2026-06-19T17:39:57Z</time>
   </trkpt>
   <trkpt lat="51.4696610" lon="-0.2682260">
    <ele>5.4</ele>
    <time>2026-06-19T17:39:58Z</time>
   </trkpt>
   <trkpt lat="51.4696630" lon="-0.2681990">
    <ele>5.4</ele>
    <time>2026-06-19T17:39:59Z</time>
   </trkpt>
   <trkpt lat="51.4696680" lon="-0.2681740">
    <ele>5.3</ele>
    <time>2026-06-19T17:40:00Z</time>
   </trkpt>
   <trkpt lat="51.4696680" lon="-0.2681530">
    <ele>5.3</ele>
    <time>2026-06-19T17:40:01Z</time>
   </trkpt>
   <trkpt lat="51.4696660" lon="-0.2681380">
    <ele>5.3</ele>
    <time>2026-06-19T17:40:02Z</time>
   </trkpt>
   <trkpt lat="51.4696700" lon="-0.2681140">
    <ele>5.3</ele>
    <time>2026-06-19T17:40:03Z</time>
   </trkpt>
   <trkpt lat="51.4696740" lon="-0.2680950">
    <ele>5.3</ele>
    <time>2026-06-19T17:40:04Z</time>
   </trkpt>
   <trkpt lat="51.4696830" lon="-0.2680530">
    <ele>5.3</ele>
    <time>2026-06-19T17:40:05Z</time>
   </trkpt>
   <trkpt lat="51.4696860" lon="-0.2680390">
    <ele>5.3</ele>
    <time>2026-06-19T17:40:06Z</time>
   </trkpt>
   <trkpt lat="51.4696920" lon="-0.2680160">
    <ele>5.3</ele>
    <time>2026-06-19T17:40:07Z</time>
   </trkpt>
   <trkpt lat="51.4696900" lon="-0.2679950">
    <ele>5.3</ele>
    <time>2026-06-19T17:40:08Z</time>
   </trkpt>
   <trkpt lat="51.4696930" lon="-0.2679700">
    <ele>5.3</ele>
    <time>2026-06-19T17:40:09Z</time>
   </trkpt>
   <trkpt lat="51.4696940" lon="-0.2679460">
    <ele>5.2</ele>
    <time>2026-06-19T17:40:10Z</time>
   </trkpt>
   <trkpt lat="51.4696980" lon="-0.2679240">
    <ele>5.2</ele>
    <time>2026-06-19T17:40:11Z</time>
   </trkpt>
   <trkpt lat="51.4697010" lon="-0.2679030">
    <ele>5.2</ele>
    <time>2026-06-19T17:40:12Z</time>
   </trkpt>
   <trkpt lat="51.4697040" lon="-0.2678810">
    <ele>5.2</ele>
    <time>2026-06-19T17:40:13Z</time>
   </trkpt>
   <trkpt lat="51.4697100" lon="-0.2678570">
    <ele>5.2</ele>
    <time>2026-06-19T17:40:14Z</time>
   </trkpt>
   <trkpt lat="51.4697180" lon="-0.2678240">
    <ele>5.2</ele>
    <time>2026-06-19T17:40:15Z</time>
   </trkpt>
   <trkpt lat="51.4697200" lon="-0.2678110">
    <ele>5.2</ele>
    <time>2026-06-19T17:40:16Z</time>
   </trkpt>
   <trkpt lat="51.4697230" lon="-0.2677970">
    <ele>5.2</ele>
    <time>2026-06-19T17:40:17Z</time>
   </trkpt>
   <trkpt lat="51.4697290" lon="-0.2677650">
    <ele>5.2</ele>
    <time>2026-06-19T17:40:18Z</time>
   </trkpt>
   <trkpt lat="51.4697280" lon="-0.2677510">
    <ele>5.1</ele>
    <time>2026-06-19T17:40:19Z</time>
   </trkpt>
   <trkpt lat="51.4697280" lon="-0.2677360">
    <ele>5.1</ele>
    <time>2026-06-19T17:40:20Z</time>
   </trkpt>
   <trkpt lat="51.4697360" lon="-0.2677020">
    <ele>5.1</ele>
    <time>2026-06-19T17:40:21Z</time>
   </trkpt>
   <trkpt lat="51.4697380" lon="-0.2676900">
    <ele>5.1</ele>
    <time>2026-06-19T17:40:22Z</time>
   </trkpt>
   <trkpt lat="51.4697410" lon="-0.2676770">
    <ele>5.1</ele>
    <time>2026-06-19T17:40:23Z</time>
   </trkpt>
   <trkpt lat="51.4697470" lon="-0.2676430">
    <ele>5.1</ele>
    <time>2026-06-19T17:40:24Z</time>
   </trkpt>
   <trkpt lat="51.4697490" lon="-0.2676290">
    <ele>5.1</ele>
    <time>2026-06-19T17:40:25Z</time>
   </trkpt>
   <trkpt lat="51.4697510" lon="-0.2676140">
    <ele>5.1</ele>
    <time>2026-06-19T17:40:26Z</time>
   </trkpt>
   <trkpt lat="51.4697570" lon="-0.2675810">
    <ele>5.1</ele>
    <time>2026-06-19T17:40:27Z</time>
   </trkpt>
   <trkpt lat="51.4697610" lon="-0.2675680">
    <ele>5.1</ele>
    <time>2026-06-19T17:40:28Z</time>
   </trkpt>
   <trkpt lat="51.4697640" lon="-0.2675560">
    <ele>5.1</ele>
    <time>2026-06-19T17:40:29Z</time>
   </trkpt>
   <trkpt lat="51.4697670" lon="-0.2675210">
    <ele>5.1</ele>
    <time>2026-06-19T17:40:30Z</time>
   </trkpt>
   <trkpt lat="51.4697680" lon="-0.2675080">
    <ele>5.1</ele>
    <time>2026-06-19T17:40:31Z</time>
   </trkpt>
   <trkpt lat="51.4697700" lon="-0.2674940">
    <ele>5.1</ele>
    <time>2026-06-19T17:40:32Z</time>
   </trkpt>
   <trkpt lat="51.4697710" lon="-0.2674600">
    <ele>5.1</ele>
    <time>2026-06-19T17:40:33Z</time>
   </trkpt>
   <trkpt lat="51.4697740" lon="-0.2674460">
    <ele>5.1</ele>
    <time>2026-06-19T17:40:34Z</time>
   </trkpt>
   <trkpt lat="51.4697760" lon="-0.2674310">
    <ele>5.1</ele>
    <time>2026-06-19T17:40:35Z</time>
   </trkpt>
   <trkpt lat="51.4697780" lon="-0.2673990">
    <ele>5.1</ele>
    <time>2026-06-19T17:40:36Z</time>
   </trkpt>
   <trkpt lat="51.4697790" lon="-0.2673840">
    <ele>5.1</ele>
    <time>2026-06-19T17:40:37Z</time>
   </trkpt>
   <trkpt lat="51.4697810" lon="-0.2673700">
    <ele>5.1</ele>
    <time>2026-06-19T17:40:38Z</time>
   </trkpt>
   <trkpt lat="51.4697800" lon="-0.2673530">
    <ele>5.1</ele>
    <time>2026-06-19T17:40:39Z</time>
   </trkpt>
   <trkpt lat="51.4697790" lon="-0.2673330">
    <ele>5.1</ele>
    <time>2026-06-19T17:40:40Z</time>
   </trkpt>
   <trkpt lat="51.4697820" lon="-0.2673130">
    <ele>5.1</ele>
    <time>2026-06-19T17:40:41Z</time>
   </trkpt>
   <trkpt lat="51.4697930" lon="-0.2672870">
    <ele>5.1</ele>
    <time>2026-06-19T17:40:42Z</time>
   </trkpt>
   <trkpt lat="51.4697920" lon="-0.2672680">
    <ele>5.1</ele>
    <time>2026-06-19T17:40:43Z</time>
   </trkpt>
   <trkpt lat="51.4697940" lon="-0.2672340">
    <ele>5.1</ele>
    <time>2026-06-19T17:40:44Z</time>
   </trkpt>
   <trkpt lat="51.4697980" lon="-0.2672210">
    <ele>5.1</ele>
    <time>2026-06-19T17:40:45Z</time>
   </trkpt>
   <trkpt lat="51.4698010" lon="-0.2672070">
    <ele>5.1</ele>
    <time>2026-06-19T17:40:46Z</time>
   </trkpt>
   <trkpt lat="51.4698060" lon="-0.2671730">
    <ele>5.1</ele>
    <time>2026-06-19T17:40:47Z</time>
   </trkpt>
   <trkpt lat="51.4698080" lon="-0.2671590">
    <ele>5.1</ele>
    <time>2026-06-19T17:40:48Z</time>
   </trkpt>
   <trkpt lat="51.4698100" lon="-0.2671450">
    <ele>5.1</ele>
    <time>2026-06-19T17:40:49Z</time>
   </trkpt>
   <trkpt lat="51.4698110" lon="-0.2671110">
    <ele>5.1</ele>
    <time>2026-06-19T17:40:50Z</time>
   </trkpt>
   <trkpt lat="51.4698130" lon="-0.2670970">
    <ele>5.1</ele>
    <time>2026-06-19T17:40:51Z</time>
   </trkpt>
   <trkpt lat="51.4698140" lon="-0.2670830">
    <ele>5.1</ele>
    <time>2026-06-19T17:40:52Z</time>
   </trkpt>
   <trkpt lat="51.4698190" lon="-0.2670520">
    <ele>5.1</ele>
    <time>2026-06-19T17:40:53Z</time>
   </trkpt>
   <trkpt lat="51.4698190" lon="-0.2670380">
    <ele>5.1</ele>
    <time>2026-06-19T17:40:54Z</time>
   </trkpt>
   <trkpt lat="51.4698200" lon="-0.2670250">
    <ele>5.1</ele>
    <time>2026-06-19T17:40:55Z</time>
   </trkpt>
   <trkpt lat="51.4698220" lon="-0.2670040">
    <ele>5.1</ele>
    <time>2026-06-19T17:40:56Z</time>
   </trkpt>
   <trkpt lat="51.4698240" lon="-0.2669860">
    <ele>5.1</ele>
    <time>2026-06-19T17:40:57Z</time>
   </trkpt>
   <trkpt lat="51.4698270" lon="-0.2669700">
    <ele>5.1</ele>
    <time>2026-06-19T17:40:58Z</time>
   </trkpt>
   <trkpt lat="51.4698310" lon="-0.2669360">
    <ele>5.1</ele>
    <time>2026-06-19T17:40:59Z</time>
   </trkpt>
   <trkpt lat="51.4698310" lon="-0.2669220">
    <ele>5.1</ele>
    <time>2026-06-19T17:41:00Z</time>
   </trkpt>
   <trkpt lat="51.4698310" lon="-0.2669070">
    <ele>5.1</ele>
    <time>2026-06-19T17:41:01Z</time>
   </trkpt>
   <trkpt lat="51.4698280" lon="-0.2668890">
    <ele>5.1</ele>
    <time>2026-06-19T17:41:02Z</time>
   </trkpt>
   <trkpt lat="51.4698220" lon="-0.2668740">
    <ele>5.1</ele>
    <time>2026-06-19T17:41:03Z</time>
   </trkpt>
   <trkpt lat="51.4698170" lon="-0.2668550">
    <ele>5.1</ele>
    <time>2026-06-19T17:41:04Z</time>
   </trkpt>
   <trkpt lat="51.4698140" lon="-0.2668380">
    <ele>5.2</ele>
    <time>2026-06-19T17:41:05Z</time>
   </trkpt>
   <trkpt lat="51.4698080" lon="-0.2668190">
    <ele>5.2</ele>
    <time>2026-06-19T17:41:06Z</time>
   </trkpt>
   <trkpt lat="51.4698020" lon="-0.2668050">
    <ele>5.2</ele>
    <time>2026-06-19T17:41:07Z</time>
   </trkpt>
   <trkpt lat="51.4697930" lon="-0.2667870">
    <ele>5.2</ele>
    <time>2026-06-19T17:41:08Z</time>
   </trkpt>
   <trkpt lat="51.4697810" lon="-0.2667730">
    <ele>5.2</ele>
    <time>2026-06-19T17:41:09Z</time>
   </trkpt>
   <trkpt lat="51.4697720" lon="-0.2667580">
    <ele>5.2</ele>
    <time>2026-06-19T17:41:10Z</time>
   </trkpt>
   <trkpt lat="51.4697660" lon="-0.2667340">
    <ele>5.2</ele>
    <time>2026-06-19T17:41:11Z</time>
   </trkpt>
   <trkpt lat="51.4697530" lon="-0.2667250">
    <ele>5.2</ele>
    <time>2026-06-19T17:41:12Z</time>
   </trkpt>
   <trkpt lat="51.4697400" lon="-0.2667130">
    <ele>5.2</ele>
    <time>2026-06-19T17:41:13Z</time>
   </trkpt>
   <trkpt lat="51.4697310" lon="-0.2667000">
    <ele>5.2</ele>
    <time>2026-06-19T17:41:14Z</time>
   </trkpt>
   <trkpt lat="51.4697200" lon="-0.2666930">
    <ele>5.2</ele>
    <time>2026-06-19T17:41:15Z</time>
   </trkpt>
   <trkpt lat="51.4697080" lon="-0.2666890">
    <ele>5.2</ele>
    <time>2026-06-19T17:41:16Z</time>
   </trkpt>
   <trkpt lat="51.4696930" lon="-0.2666760">
    <ele>5.2</ele>
    <time>2026-06-19T17:41:17Z</time>
   </trkpt>
   <trkpt lat="51.4696790" lon="-0.2666770">
    <ele>5.2</ele>
    <time>2026-06-19T17:41:18Z</time>
   </trkpt>
   <trkpt lat="51.4696640" lon="-0.2666690">
    <ele>5.3</ele>
    <time>2026-06-19T17:41:19Z</time>
   </trkpt>
   <trkpt lat="51.4696520" lon="-0.2666660">
    <ele>5.3</ele>
    <time>2026-06-19T17:41:20Z</time>
   </trkpt>
   <trkpt lat="51.4696380" lon="-0.2666550">
    <ele>5.3</ele>
    <time>2026-06-19T17:41:21Z</time>
   </trkpt>
   <trkpt lat="51.4696280" lon="-0.2666450">
    <ele>5.3</ele>
    <time>2026-06-19T17:41:22Z</time>
   </trkpt>
   <trkpt lat="51.4696130" lon="-0.2666430">
    <ele>5.3</ele>
    <time>2026-06-19T17:41:24Z</time>
   </trkpt>
   <trkpt lat="51.4696010" lon="-0.2666320">
    <ele>5.3</ele>
    <time>2026-06-19T17:41:25Z</time>
   </trkpt>
   <trkpt lat="51.4695920" lon="-0.2666200">
    <ele>5.3</ele>
    <time>2026-06-19T17:41:26Z</time>
   </trkpt>
   <trkpt lat="51.4695790" lon="-0.2666040">
    <ele>5.3</ele>
    <time>2026-06-19T17:41:27Z</time>
   </trkpt>
   <trkpt lat="51.4695730" lon="-0.2665860">
    <ele>5.3</ele>
    <time>2026-06-19T17:41:28Z</time>
   </trkpt>
   <trkpt lat="51.4695670" lon="-0.2665630">
    <ele>5.3</ele>
    <time>2026-06-19T17:41:29Z</time>
   </trkpt>
   <trkpt lat="51.4695660" lon="-0.2665420">
    <ele>5.3</ele>
    <time>2026-06-19T17:41:30Z</time>
   </trkpt>
   <trkpt lat="51.4695640" lon="-0.2665190">
    <ele>5.2</ele>
    <time>2026-06-19T17:41:31Z</time>
   </trkpt>
   <trkpt lat="51.4695660" lon="-0.2664920">
    <ele>5.2</ele>
    <time>2026-06-19T17:41:32Z</time>
   </trkpt>
   <trkpt lat="51.4695710" lon="-0.2664670">
    <ele>5.2</ele>
    <time>2026-06-19T17:41:33Z</time>
   </trkpt>
   <trkpt lat="51.4695750" lon="-0.2664430">
    <ele>5.2</ele>
    <time>2026-06-19T17:41:34Z</time>
   </trkpt>
   <trkpt lat="51.4695790" lon="-0.2664220">
    <ele>5.2</ele>
    <time>2026-06-19T17:41:35Z</time>
   </trkpt>
   <trkpt lat="51.4695860" lon="-0.2664000">
    <ele>5.1</ele>
    <time>2026-06-19T17:41:36Z</time>
   </trkpt>
   <trkpt lat="51.4695920" lon="-0.2663840">
    <ele>5.1</ele>
    <time>2026-06-19T17:41:37Z</time>
   </trkpt>
   <trkpt lat="51.4695970" lon="-0.2663490">
    <ele>5.1</ele>
    <time>2026-06-19T17:41:38Z</time>
   </trkpt>
   <trkpt lat="51.4696000" lon="-0.2663360">
    <ele>5.1</ele>
    <time>2026-06-19T17:41:39Z</time>
   </trkpt>
   <trkpt lat="51.4696020" lon="-0.2663230">
    <ele>5.1</ele>
    <time>2026-06-19T17:41:40Z</time>
   </trkpt>
   <trkpt lat="51.4696090" lon="-0.2663060">
    <ele>5.1</ele>
    <time>2026-06-19T17:41:41Z</time>
   </trkpt>
   <trkpt lat="51.4696140" lon="-0.2662900">
    <ele>5.0</ele>
    <time>2026-06-19T17:41:42Z</time>
   </trkpt>
   <trkpt lat="51.4696120" lon="-0.2662760">
    <ele>5.0</ele>
    <time>2026-06-19T17:41:43Z</time>
   </trkpt>
   <trkpt lat="51.4696130" lon="-0.2662620">
    <ele>5.0</ele>
    <time>2026-06-19T17:41:44Z</time>
   </trkpt>
   <trkpt lat="51.4696150" lon="-0.2662320">
    <ele>5.0</ele>
    <time>2026-06-19T17:41:45Z</time>
   </trkpt>
   <trkpt lat="51.4696160" lon="-0.2662100">
    <ele>5.0</ele>
    <time>2026-06-19T17:41:46Z</time>
   </trkpt>
   <trkpt lat="51.4696250" lon="-0.2661860">
    <ele>5.0</ele>
    <time>2026-06-19T17:41:47Z</time>
   </trkpt>
   <trkpt lat="51.4696360" lon="-0.2661500">
    <ele>5.0</ele>
    <time>2026-06-19T17:41:48Z</time>
   </trkpt>
   <trkpt lat="51.4696400" lon="-0.2661300">
    <ele>5.0</ele>
    <time>2026-06-19T17:41:49Z</time>
   </trkpt>
   <trkpt lat="51.4696460" lon="-0.2661070">
    <ele>5.0</ele>
    <time>2026-06-19T17:41:50Z</time>
   </trkpt>
   <trkpt lat="51.4696500" lon="-0.2660860">
    <ele>5.0</ele>
    <time>2026-06-19T17:41:51Z</time>
   </trkpt>
   <trkpt lat="51.4696530" lon="-0.2660640">
    <ele>5.0</ele>
    <time>2026-06-19T17:41:52Z</time>
   </trkpt>
   <trkpt lat="51.4696600" lon="-0.2660450">
    <ele>5.0</ele>
    <time>2026-06-19T17:41:53Z</time>
   </trkpt>
   <trkpt lat="51.4696650" lon="-0.2660250">
    <ele>5.0</ele>
    <time>2026-06-19T17:41:54Z</time>
   </trkpt>
   <trkpt lat="51.4696680" lon="-0.2660060">
    <ele>5.0</ele>
    <time>2026-06-19T17:41:55Z</time>
   </trkpt>
   <trkpt lat="51.4696700" lon="-0.2659880">
    <ele>5.0</ele>
    <time>2026-06-19T17:41:56Z</time>
   </trkpt>
   <trkpt lat="51.4696780" lon="-0.2659570">
    <ele>5.0</ele>
    <time>2026-06-19T17:41:57Z</time>
   </trkpt>
   <trkpt lat="51.4696810" lon="-0.2659460">
    <ele>5.0</ele>
    <time>2026-06-19T17:41:58Z</time>
   </trkpt>
   <trkpt lat="51.4696840" lon="-0.2659340">
    <ele>5.0</ele>
    <time>2026-06-19T17:41:59Z</time>
   </trkpt>
   <trkpt lat="51.4696900" lon="-0.2659050">
    <ele>5.0</ele>
    <time>2026-06-19T17:42:00Z</time>
   </trkpt>
   <trkpt lat="51.4696910" lon="-0.2658890">
    <ele>5.0</ele>
    <time>2026-06-19T17:42:01Z</time>
   </trkpt>
   <trkpt lat="51.4696930" lon="-0.2658550">
    <ele>5.0</ele>
    <time>2026-06-19T17:42:02Z</time>
   </trkpt>
   <trkpt lat="51.4696960" lon="-0.2658400">
    <ele>5.0</ele>
    <time>2026-06-19T17:42:03Z</time>
   </trkpt>
   <trkpt lat="51.4696990" lon="-0.2658260">
    <ele>5.0</ele>
    <time>2026-06-19T17:42:04Z</time>
   </trkpt>
   <trkpt lat="51.4697050" lon="-0.2657920">
    <ele>5.0</ele>
    <time>2026-06-19T17:42:05Z</time>
   </trkpt>
   <trkpt lat="51.4697070" lon="-0.2657780">
    <ele>5.0</ele>
    <time>2026-06-19T17:42:06Z</time>
   </trkpt>
   <trkpt lat="51.4697100" lon="-0.2657630">
    <ele>5.0</ele>
    <time>2026-06-19T17:42:07Z</time>
   </trkpt>
   <trkpt lat="51.4697130" lon="-0.2657460">
    <ele>5.1</ele>
    <time>2026-06-19T17:42:08Z</time>
   </trkpt>
   <trkpt lat="51.4697170" lon="-0.2657250">
    <ele>5.1</ele>
    <time>2026-06-19T17:42:09Z</time>
   </trkpt>
   <trkpt lat="51.4697230" lon="-0.2657090">
    <ele>5.1</ele>
    <time>2026-06-19T17:42:10Z</time>
   </trkpt>
   <trkpt lat="51.4697240" lon="-0.2656750">
    <ele>5.1</ele>
    <time>2026-06-19T17:42:11Z</time>
   </trkpt>
   <trkpt lat="51.4697250" lon="-0.2656620">
    <ele>5.1</ele>
    <time>2026-06-19T17:42:12Z</time>
   </trkpt>
   <trkpt lat="51.4697250" lon="-0.2656480">
    <ele>5.1</ele>
    <time>2026-06-19T17:42:13Z</time>
   </trkpt>
   <trkpt lat="51.4697280" lon="-0.2656250">
    <ele>5.1</ele>
    <time>2026-06-19T17:42:14Z</time>
   </trkpt>
   <trkpt lat="51.4697300" lon="-0.2656040">
    <ele>5.1</ele>
    <time>2026-06-19T17:42:15Z</time>
   </trkpt>
   <trkpt lat="51.4697340" lon="-0.2655670">
    <ele>5.1</ele>
    <time>2026-06-19T17:42:16Z</time>
   </trkpt>
   <trkpt lat="51.4697360" lon="-0.2655530">
    <ele>5.1</ele>
    <time>2026-06-19T17:42:17Z</time>
   </trkpt>
   <trkpt lat="51.4697380" lon="-0.2655400">
    <ele>5.1</ele>
    <time>2026-06-19T17:42:18Z</time>
   </trkpt>
   <trkpt lat="51.4697410" lon="-0.2655050">
    <ele>5.1</ele>
    <time>2026-06-19T17:42:19Z</time>
   </trkpt>
   <trkpt lat="51.4697430" lon="-0.2654910">
    <ele>5.1</ele>
    <time>2026-06-19T17:42:20Z</time>
   </trkpt>
   <trkpt lat="51.4697440" lon="-0.2654760">
    <ele>5.1</ele>
    <time>2026-06-19T17:42:21Z</time>
   </trkpt>
   <trkpt lat="51.4697530" lon="-0.2654440">
    <ele>5.2</ele>
    <time>2026-06-19T17:42:22Z</time>
   </trkpt>
   <trkpt lat="51.4697560" lon="-0.2654320">
    <ele>5.2</ele>
    <time>2026-06-19T17:42:23Z</time>
   </trkpt>
   <trkpt lat="51.4697580" lon="-0.2654190">
    <ele>5.2</ele>
    <time>2026-06-19T17:42:24Z</time>
   </trkpt>
   <trkpt lat="51.4697550" lon="-0.2653990">
    <ele>5.2</ele>
    <time>2026-06-19T17:42:25Z</time>
   </trkpt>
   <trkpt lat="51.4697590" lon="-0.2653740">
    <ele>5.2</ele>
    <time>2026-06-19T17:42:26Z</time>
   </trkpt>
   <trkpt lat="51.4697650" lon="-0.2653440">
    <ele>5.2</ele>
    <time>2026-06-19T17:42:27Z</time>
   </trkpt>
   <trkpt lat="51.4697680" lon="-0.2653310">
    <ele>5.2</ele>
    <time>2026-06-19T17:42:28Z</time>
   </trkpt>
   <trkpt lat="51.4697710" lon="-0.2653190">
    <ele>5.2</ele>
    <time>2026-06-19T17:42:29Z</time>
   </trkpt>
   <trkpt lat="51.4697760" lon="-0.2652870">
    <ele>5.2</ele>
    <time>2026-06-19T17:42:30Z</time>
   </trkpt>
   <trkpt lat="51.4697790" lon="-0.2652740">
    <ele>5.2</ele>
    <time>2026-06-19T17:42:31Z</time>
   </trkpt>
   <trkpt lat="51.4697810" lon="-0.2652600">
    <ele>5.2</ele>
    <time>2026-06-19T17:42:32Z</time>
   </trkpt>
   <trkpt lat="51.4697890" lon="-0.2652290">
    <ele>5.2</ele>
    <time>2026-06-19T17:42:33Z</time>
   </trkpt>
   <trkpt lat="51.4697930" lon="-0.2652160">
    <ele>5.2</ele>
    <time>2026-06-19T17:42:34Z</time>
   </trkpt>
   <trkpt lat="51.4697960" lon="-0.2652030">
    <ele>5.2</ele>
    <time>2026-06-19T17:42:35Z</time>
   </trkpt>
   <trkpt lat="51.4697990" lon="-0.2651840">
    <ele>5.2</ele>
    <time>2026-06-19T17:42:36Z</time>
   </trkpt>
   <trkpt lat="51.4698010" lon="-0.2651670">
    <ele>5.2</ele>
    <time>2026-06-19T17:42:37Z</time>
   </trkpt>
   <trkpt lat="51.4698070" lon="-0.2651490">
    <ele>5.2</ele>
    <time>2026-06-19T17:42:38Z</time>
   </trkpt>
   <trkpt lat="51.4698110" lon="-0.2651360">
    <ele>5.2</ele>
    <time>2026-06-19T17:42:39Z</time>
   </trkpt>
   <trkpt lat="51.4698100" lon="-0.2651150">
    <ele>5.2</ele>
    <time>2026-06-19T17:42:40Z</time>
   </trkpt>
   <trkpt lat="51.4698060" lon="-0.2650980">
    <ele>5.2</ele>
    <time>2026-06-19T17:42:41Z</time>
   </trkpt>
   <trkpt lat="51.4698080" lon="-0.2650720">
    <ele>5.2</ele>
    <time>2026-06-19T17:42:42Z</time>
   </trkpt>
   <trkpt lat="51.4698060" lon="-0.2650520">
    <ele>5.2</ele>
    <time>2026-06-19T17:42:43Z</time>
   </trkpt>
   <trkpt lat="51.4698140" lon="-0.2650200">
    <ele>5.2</ele>
    <time>2026-06-19T17:42:44Z</time>
   </trkpt>
   <trkpt lat="51.4698160" lon="-0.2650060">
    <ele>5.3</ele>
    <time>2026-06-19T17:42:45Z</time>
   </trkpt>
   <trkpt lat="51.4698170" lon="-0.2649920">
    <ele>5.3</ele>
    <time>2026-06-19T17:42:46Z</time>
   </trkpt>
   <trkpt lat="51.4698190" lon="-0.2649740">
    <ele>5.3</ele>
    <time>2026-06-19T17:42:47Z</time>
   </trkpt>
   <trkpt lat="51.4698210" lon="-0.2649440">
    <ele>5.3</ele>
    <time>2026-06-19T17:42:48Z</time>
   </trkpt>
   <trkpt lat="51.4698240" lon="-0.2649250">
    <ele>5.3</ele>
    <time>2026-06-19T17:42:49Z</time>
   </trkpt>
   <trkpt lat="51.4698260" lon="-0.2649080">
    <ele>5.2</ele>
    <time>2026-06-19T17:42:50Z</time>
   </trkpt>
   <trkpt lat="51.4698280" lon="-0.2648880">
    <ele>5.2</ele>
    <time>2026-06-19T17:42:51Z</time>
   </trkpt>
   <trkpt lat="51.4698340" lon="-0.2648530">
    <ele>5.2</ele>
    <time>2026-06-19T17:42:52Z</time>
   </trkpt>
   <trkpt lat="51.4698350" lon="-0.2648400">
    <ele>5.2</ele>
    <time>2026-06-19T17:42:53Z</time>
   </trkpt>
   <trkpt lat="51.4698370" lon="-0.2648270">
    <ele>5.2</ele>
    <time>2026-06-19T17:42:54Z</time>
   </trkpt>
   <trkpt lat="51.4698400" lon="-0.2648070">
    <ele>5.2</ele>
    <time>2026-06-19T17:42:55Z</time>
   </trkpt>
   <trkpt lat="51.4698470" lon="-0.2647820">
    <ele>5.2</ele>
    <time>2026-06-19T17:42:56Z</time>
   </trkpt>
   <trkpt lat="51.4698480" lon="-0.2647490">
    <ele>5.2</ele>
    <time>2026-06-19T17:42:57Z</time>
   </trkpt>
   <trkpt lat="51.4698510" lon="-0.2647350">
    <ele>5.2</ele>
    <time>2026-06-19T17:42:58Z</time>
   </trkpt>
   <trkpt lat="51.4698530" lon="-0.2647210">
    <ele>5.2</ele>
    <time>2026-06-19T17:42:59Z</time>
   </trkpt>
   <trkpt lat="51.4698570" lon="-0.2646870">
    <ele>5.2</ele>
    <time>2026-06-19T17:43:00Z</time>
   </trkpt>
   <trkpt lat="51.4698600" lon="-0.2646740">
    <ele>5.2</ele>
    <time>2026-06-19T17:43:01Z</time>
   </trkpt>
   <trkpt lat="51.4698620" lon="-0.2646610">
    <ele>5.2</ele>
    <time>2026-06-19T17:43:02Z</time>
   </trkpt>
   <trkpt lat="51.4698630" lon="-0.2646440">
    <ele>5.2</ele>
    <time>2026-06-19T17:43:03Z</time>
   </trkpt>
   <trkpt lat="51.4698690" lon="-0.2646180">
    <ele>5.2</ele>
    <time>2026-06-19T17:43:04Z</time>
   </trkpt>
   <trkpt lat="51.4698730" lon="-0.2645860">
    <ele>5.1</ele>
    <time>2026-06-19T17:43:05Z</time>
   </trkpt>
   <trkpt lat="51.4698750" lon="-0.2645720">
    <ele>5.1</ele>
    <time>2026-06-19T17:43:06Z</time>
   </trkpt>
   <trkpt lat="51.4698780" lon="-0.2645580">
    <ele>5.1</ele>
    <time>2026-06-19T17:43:07Z</time>
   </trkpt>
   <trkpt lat="51.4698830" lon="-0.2645230">
    <ele>5.1</ele>
    <time>2026-06-19T17:43:08Z</time>
   </trkpt>
   <trkpt lat="51.4698860" lon="-0.2645100">
    <ele>5.1</ele>
    <time>2026-06-19T17:43:09Z</time>
   </trkpt>
   <trkpt lat="51.4698880" lon="-0.2644970">
    <ele>5.1</ele>
    <time>2026-06-19T17:43:10Z</time>
   </trkpt>
   <trkpt lat="51.4698950" lon="-0.2644640">
    <ele>5.1</ele>
    <time>2026-06-19T17:43:11Z</time>
   </trkpt>
   <trkpt lat="51.4698980" lon="-0.2644490">
    <ele>5.1</ele>
    <time>2026-06-19T17:43:12Z</time>
   </trkpt>
   <trkpt lat="51.4699020" lon="-0.2644350">
    <ele>5.1</ele>
    <time>2026-06-19T17:43:13Z</time>
   </trkpt>
   <trkpt lat="51.4699060" lon="-0.2644020">
    <ele>5.1</ele>
    <time>2026-06-19T17:43:14Z</time>
   </trkpt>
   <trkpt lat="51.4699060" lon="-0.2643890">
    <ele>5.1</ele>
    <time>2026-06-19T17:43:15Z</time>
   </trkpt>
   <trkpt lat="51.4699070" lon="-0.2643760">
    <ele>5.1</ele>
    <time>2026-06-19T17:43:16Z</time>
   </trkpt>
   <trkpt lat="51.4699100" lon="-0.2643550">
    <ele>5.0</ele>
    <time>2026-06-19T17:43:17Z</time>
   </trkpt>
   <trkpt lat="51.4699090" lon="-0.2643280">
    <ele>5.0</ele>
    <time>2026-06-19T17:43:18Z</time>
   </trkpt>
   <trkpt lat="51.4699110" lon="-0.2643120">
    <ele>5.0</ele>
    <time>2026-06-19T17:43:19Z</time>
   </trkpt>
   <trkpt lat="51.4699130" lon="-0.2642910">
    <ele>5.0</ele>
    <time>2026-06-19T17:43:20Z</time>
   </trkpt>
   <trkpt lat="51.4699130" lon="-0.2642710">
    <ele>5.0</ele>
    <time>2026-06-19T17:43:21Z</time>
   </trkpt>
   <trkpt lat="51.4699150" lon="-0.2642440">
    <ele>5.0</ele>
    <time>2026-06-19T17:43:22Z</time>
   </trkpt>
   <trkpt lat="51.4699120" lon="-0.2642270">
    <ele>5.0</ele>
    <time>2026-06-19T17:43:23Z</time>
   </trkpt>
   <trkpt lat="51.4699160" lon="-0.2641930">
    <ele>5.0</ele>
    <time>2026-06-19T17:43:24Z</time>
   </trkpt>
   <trkpt lat="51.4699180" lon="-0.2641790">
    <ele>5.0</ele>
    <time>2026-06-19T17:43:25Z</time>
   </trkpt>
   <trkpt lat="51.4699200" lon="-0.2641650">
    <ele>5.0</ele>
    <time>2026-06-19T17:43:26Z</time>
   </trkpt>
   <trkpt lat="51.4699190" lon="-0.2641450">
    <ele>5.0</ele>
    <time>2026-06-19T17:43:27Z</time>
   </trkpt>
   <trkpt lat="51.4699200" lon="-0.2641210">
    <ele>5.0</ele>
    <time>2026-06-19T17:43:28Z</time>
   </trkpt>
   <trkpt lat="51.4699220" lon="-0.2641010">
    <ele>5.0</ele>
    <time>2026-06-19T17:43:30Z</time>
   </trkpt>
   <trkpt lat="51.4699250" lon="-0.2640780">
    <ele>5.0</ele>
    <time>2026-06-19T17:43:31Z</time>
   </trkpt>
   <trkpt lat="51.4699270" lon="-0.2640630">
    <ele>5.0</ele>
    <time>2026-06-19T17:43:32Z</time>
   </trkpt>
   <trkpt lat="51.4699260" lon="-0.2640450">
    <ele>5.0</ele>
    <time>2026-06-19T17:43:33Z</time>
   </trkpt>
   <trkpt lat="51.4699270" lon="-0.2640270">
    <ele>5.0</ele>
    <time>2026-06-19T17:43:34Z</time>
   </trkpt>
   <trkpt lat="51.4699290" lon="-0.2639930">
    <ele>5.0</ele>
    <time>2026-06-19T17:43:35Z</time>
   </trkpt>
   <trkpt lat="51.4699290" lon="-0.2639780">
    <ele>5.0</ele>
    <time>2026-06-19T17:43:36Z</time>
   </trkpt>
   <trkpt lat="51.4699300" lon="-0.2639640">
    <ele>5.0</ele>
    <time>2026-06-19T17:43:37Z</time>
   </trkpt>
   <trkpt lat="51.4699290" lon="-0.2639400">
    <ele>5.0</ele>
    <time>2026-06-19T17:43:38Z</time>
   </trkpt>
   <trkpt lat="51.4699300" lon="-0.2639200">
    <ele>5.0</ele>
    <time>2026-06-19T17:43:39Z</time>
   </trkpt>
   <trkpt lat="51.4699310" lon="-0.2639000">
    <ele>5.0</ele>
    <time>2026-06-19T17:43:40Z</time>
   </trkpt>
   <trkpt lat="51.4699320" lon="-0.2638770">
    <ele>5.0</ele>
    <time>2026-06-19T17:43:41Z</time>
   </trkpt>
   <trkpt lat="51.4699310" lon="-0.2638420">
    <ele>5.0</ele>
    <time>2026-06-19T17:43:42Z</time>
   </trkpt>
   <trkpt lat="51.4699300" lon="-0.2638270">
    <ele>5.0</ele>
    <time>2026-06-19T17:43:43Z</time>
   </trkpt>
   <trkpt lat="51.4699290" lon="-0.2638130">
    <ele>5.0</ele>
    <time>2026-06-19T17:43:44Z</time>
   </trkpt>
   <trkpt lat="51.4699320" lon="-0.2637780">
    <ele>5.0</ele>
    <time>2026-06-19T17:43:45Z</time>
   </trkpt>
   <trkpt lat="51.4699330" lon="-0.2637640">
    <ele>5.0</ele>
    <time>2026-06-19T17:43:46Z</time>
   </trkpt>
   <trkpt lat="51.4699340" lon="-0.2637490">
    <ele>5.0</ele>
    <time>2026-06-19T17:43:47Z</time>
   </trkpt>
   <trkpt lat="51.4699340" lon="-0.2637250">
    <ele>5.0</ele>
    <time>2026-06-19T17:43:48Z</time>
   </trkpt>
   <trkpt lat="51.4699350" lon="-0.2637050">
    <ele>5.0</ele>
    <time>2026-06-19T17:43:49Z</time>
   </trkpt>
   <trkpt lat="51.4699340" lon="-0.2636840">
    <ele>5.1</ele>
    <time>2026-06-19T17:43:50Z</time>
   </trkpt>
   <trkpt lat="51.4699330" lon="-0.2636660">
    <ele>5.1</ele>
    <time>2026-06-19T17:43:51Z</time>
   </trkpt>
   <trkpt lat="51.4699310" lon="-0.2636510">
    <ele>5.1</ele>
    <time>2026-06-19T17:43:52Z</time>
   </trkpt>
   <trkpt lat="51.4699240" lon="-0.2636320">
    <ele>5.1</ele>
    <time>2026-06-19T17:43:53Z</time>
   </trkpt>
   <trkpt lat="51.4699050" lon="-0.2636240">
    <ele>5.1</ele>
    <time>2026-06-19T17:43:54Z</time>
   </trkpt>
   <trkpt lat="51.4699060" lon="-0.2636010">
    <ele>5.1</ele>
    <time>2026-06-19T17:43:55Z</time>
   </trkpt>
   <trkpt lat="51.4699090" lon="-0.2635810">
    <ele>5.1</ele>
    <time>2026-06-19T17:43:56Z</time>
   </trkpt>
   <trkpt lat="51.4699110" lon="-0.2635550">
    <ele>5.1</ele>
    <time>2026-06-19T17:43:57Z</time>
   </trkpt>
   <trkpt lat="51.4699120" lon="-0.2635360">
    <ele>5.1</ele>
    <time>2026-06-19T17:43:58Z</time>
   </trkpt>
   <trkpt lat="51.4699100" lon="-0.2635000">
    <ele>5.1</ele>
    <time>2026-06-19T17:43:59Z</time>
   </trkpt>
   <trkpt lat="51.4699080" lon="-0.2634880">
    <ele>5.1</ele>
    <time>2026-06-19T17:44:00Z</time>
   </trkpt>
   <trkpt lat="51.4699070" lon="-0.2634750">
    <ele>5.1</ele>
    <time>2026-06-19T17:44:01Z</time>
   </trkpt>
   <trkpt lat="51.4699090" lon="-0.2634510">
    <ele>5.1</ele>
    <time>2026-06-19T17:44:02Z</time>
   </trkpt>
   <trkpt lat="51.4699070" lon="-0.2634000">
    <ele>5.1</ele>
    <time>2026-06-19T17:44:03Z</time>
   </trkpt>
   <trkpt lat="51.4699030" lon="-0.2633810">
    <ele>5.2</ele>
    <time>2026-06-19T17:44:04Z</time>
   </trkpt>
   <trkpt lat="51.4699020" lon="-0.2633630">
    <ele>5.2</ele>
    <time>2026-06-19T17:44:05Z</time>
   </trkpt>
   <trkpt lat="51.4699010" lon="-0.2633380">
    <ele>5.2</ele>
    <time>2026-06-19T17:44:06Z</time>
   </trkpt>
   <trkpt lat="51.4699030" lon="-0.2633030">
    <ele>5.2</ele>
    <time>2026-06-19T17:44:07Z</time>
   </trkpt>
   <trkpt lat="51.4699040" lon="-0.2632880">
    <ele>5.2</ele>
    <time>2026-06-19T17:44:08Z</time>
   </trkpt>
   <trkpt lat="51.4699040" lon="-0.2632740">
    <ele>5.2</ele>
    <time>2026-06-19T17:44:09Z</time>
   </trkpt>
   <trkpt lat="51.4699040" lon="-0.2632550">
    <ele>5.2</ele>
    <time>2026-06-19T17:44:10Z</time>
   </trkpt>
   <trkpt lat="51.4698990" lon="-0.2632410">
    <ele>5.2</ele>
    <time>2026-06-19T17:44:11Z</time>
   </trkpt>
   <trkpt lat="51.4698980" lon="-0.2632280">
    <ele>5.2</ele>
    <time>2026-06-19T17:44:12Z</time>
   </trkpt>
   <trkpt lat="51.4699000" lon="-0.2631980">
    <ele>5.2</ele>
    <time>2026-06-19T17:44:13Z</time>
   </trkpt>
   <trkpt lat="51.4698990" lon="-0.2631800">
    <ele>5.2</ele>
    <time>2026-06-19T17:44:14Z</time>
   </trkpt>
   <trkpt lat="51.4698970" lon="-0.2631630">
    <ele>5.2</ele>
    <time>2026-06-19T17:44:15Z</time>
   </trkpt>
   <trkpt lat="51.4698960" lon="-0.2631310">
    <ele>5.2</ele>
    <time>2026-06-19T17:44:16Z</time>
   </trkpt>
   <trkpt lat="51.4698970" lon="-0.2631160">
    <ele>5.2</ele>
    <time>2026-06-19T17:44:17Z</time>
   </trkpt>
   <trkpt lat="51.4698970" lon="-0.2631020">
    <ele>5.2</ele>
    <time>2026-06-19T17:44:18Z</time>
   </trkpt>
   <trkpt lat="51.4698980" lon="-0.2630770">
    <ele>5.2</ele>
    <time>2026-06-19T17:44:19Z</time>
   </trkpt>
   <trkpt lat="51.4698970" lon="-0.2630540">
    <ele>5.2</ele>
    <time>2026-06-19T17:44:20Z</time>
   </trkpt>
   <trkpt lat="51.4698980" lon="-0.2630320">
    <ele>5.2</ele>
    <time>2026-06-19T17:44:21Z</time>
   </trkpt>
   <trkpt lat="51.4698990" lon="-0.2630070">
    <ele>5.2</ele>
    <time>2026-06-19T17:44:22Z</time>
   </trkpt>
   <trkpt lat="51.4699010" lon="-0.2629850">
    <ele>5.2</ele>
    <time>2026-06-19T17:44:23Z</time>
   </trkpt>
   <trkpt lat="51.4699080" lon="-0.2629580">
    <ele>5.2</ele>
    <time>2026-06-19T17:44:24Z</time>
   </trkpt>
   <trkpt lat="51.4699080" lon="-0.2629350">
    <ele>5.2</ele>
    <time>2026-06-19T17:44:25Z</time>
   </trkpt>
   <trkpt lat="51.4699040" lon="-0.2629260">
    <ele>5.2</ele>
    <time>2026-06-19T17:44:26Z</time>
   </trkpt>
   <trkpt lat="51.4699000" lon="-0.2629070">
    <ele>5.2</ele>
    <time>2026-06-19T17:44:27Z</time>
   </trkpt>
   <trkpt lat="51.4698960" lon="-0.2628960">
    <ele>5.3</ele>
    <time>2026-06-19T17:44:28Z</time>
   </trkpt>
   <trkpt lat="51.4698930" lon="-0.2628770">
    <ele>5.3</ele>
    <time>2026-06-19T17:44:29Z</time>
   </trkpt>
   <trkpt lat="51.4698890" lon="-0.2628550">
    <ele>5.3</ele>
    <time>2026-06-19T17:44:30Z</time>
   </trkpt>
   <trkpt lat="51.4698890" lon="-0.2628220">
    <ele>5.3</ele>
    <time>2026-06-19T17:44:31Z</time>
   </trkpt>
   <trkpt lat="51.4698890" lon="-0.2628080">
    <ele>5.3</ele>
    <time>2026-06-19T17:44:32Z</time>
   </trkpt>
   <trkpt lat="51.4698880" lon="-0.2627940">
    <ele>5.3</ele>
    <time>2026-06-19T17:44:33Z</time>
   </trkpt>
   <trkpt lat="51.4698880" lon="-0.2627720">
    <ele>5.3</ele>
    <time>2026-06-19T17:44:34Z</time>
   </trkpt>
   <trkpt lat="51.4698900" lon="-0.2627480">
    <ele>5.3</ele>
    <time>2026-06-19T17:44:35Z</time>
   </trkpt>
   <trkpt lat="51.4698870" lon="-0.2627170">
    <ele>5.3</ele>
    <time>2026-06-19T17:44:36Z</time>
   </trkpt>
   <trkpt lat="51.4698850" lon="-0.2627030">
    <ele>5.3</ele>
    <time>2026-06-19T17:44:37Z</time>
   </trkpt>
   <trkpt lat="51.4698830" lon="-0.2626900">
    <ele>5.3</ele>
    <time>2026-06-19T17:44:38Z</time>
   </trkpt>
   <trkpt lat="51.4698750" lon="-0.2626670">
    <ele>5.3</ele>
    <time>2026-06-19T17:44:39Z</time>
   </trkpt>
   <trkpt lat="51.4698760" lon="-0.2626440">
    <ele>5.3</ele>
    <time>2026-06-19T17:44:40Z</time>
   </trkpt>
   <trkpt lat="51.4698800" lon="-0.2626180">
    <ele>5.3</ele>
    <time>2026-06-19T17:44:41Z</time>
   </trkpt>
   <trkpt lat="51.4698850" lon="-0.2625930">
    <ele>5.3</ele>
    <time>2026-06-19T17:44:42Z</time>
   </trkpt>
   <trkpt lat="51.4698870" lon="-0.2625680">
    <ele>5.3</ele>
    <time>2026-06-19T17:44:43Z</time>
   </trkpt>
   <trkpt lat="51.4698860" lon="-0.2625460">
    <ele>5.3</ele>
    <time>2026-06-19T17:44:44Z</time>
   </trkpt>
   <trkpt lat="51.4698850" lon="-0.2625230">
    <ele>5.3</ele>
    <time>2026-06-19T17:44:45Z</time>
   </trkpt>
   <trkpt lat="51.4698840" lon="-0.2625020">
    <ele>5.3</ele>
    <time>2026-06-19T17:44:46Z</time>
   </trkpt>
   <trkpt lat="51.4698870" lon="-0.2624750">
    <ele>5.3</ele>
    <time>2026-06-19T17:44:47Z</time>
   </trkpt>
   <trkpt lat="51.4698860" lon="-0.2624500">
    <ele>5.3</ele>
    <time>2026-06-19T17:44:48Z</time>
   </trkpt>
   <trkpt lat="51.4698830" lon="-0.2624130">
    <ele>5.3</ele>
    <time>2026-06-19T17:44:49Z</time>
   </trkpt>
   <trkpt lat="51.4698840" lon="-0.2623970">
    <ele>5.3</ele>
    <time>2026-06-19T17:44:50Z</time>
   </trkpt>
   <trkpt lat="51.4698840" lon="-0.2623810">
    <ele>5.3</ele>
    <time>2026-06-19T17:44:51Z</time>
   </trkpt>
   <trkpt lat="51.4698810" lon="-0.2623590">
    <ele>5.4</ele>
    <time>2026-06-19T17:44:52Z</time>
   </trkpt>
   <trkpt lat="51.4698820" lon="-0.2623360">
    <ele>5.4</ele>
    <time>2026-06-19T17:44:53Z</time>
   </trkpt>
   <trkpt lat="51.4698790" lon="-0.2623000">
    <ele>5.4</ele>
    <time>2026-06-19T17:44:54Z</time>
   </trkpt>
   <trkpt lat="51.4698780" lon="-0.2622860">
    <ele>5.4</ele>
    <time>2026-06-19T17:44:55Z</time>
   </trkpt>
   <trkpt lat="51.4698770" lon="-0.2622720">
    <ele>5.4</ele>
    <time>2026-06-19T17:44:56Z</time>
   </trkpt>
   <trkpt lat="51.4698740" lon="-0.2622360">
    <ele>5.4</ele>
    <time>2026-06-19T17:44:57Z</time>
   </trkpt>
   <trkpt lat="51.4698730" lon="-0.2622220">
    <ele>5.4</ele>
    <time>2026-06-19T17:44:58Z</time>
   </trkpt>
   <trkpt lat="51.4698730" lon="-0.2622080">
    <ele>5.4</ele>
    <time>2026-06-19T17:44:59Z</time>
   </trkpt>
   <trkpt lat="51.4698720" lon="-0.2621740">
    <ele>5.4</ele>
    <time>2026-06-19T17:45:00Z</time>
   </trkpt>
   <trkpt lat="51.4698720" lon="-0.2621600">
    <ele>5.4</ele>
    <time>2026-06-19T17:45:01Z</time>
   </trkpt>
   <trkpt lat="51.4698720" lon="-0.2621460">
    <ele>5.4</ele>
    <time>2026-06-19T17:45:02Z</time>
   </trkpt>
   <trkpt lat="51.4698710" lon="-0.2621100">
    <ele>5.5</ele>
    <time>2026-06-19T17:45:03Z</time>
   </trkpt>
   <trkpt lat="51.4698710" lon="-0.2620950">
    <ele>5.5</ele>
    <time>2026-06-19T17:45:04Z</time>
   </trkpt>
   <trkpt lat="51.4698700" lon="-0.2620810">
    <ele>5.5</ele>
    <time>2026-06-19T17:45:05Z</time>
   </trkpt>
   <trkpt lat="51.4698690" lon="-0.2620600">
    <ele>5.5</ele>
    <time>2026-06-19T17:45:06Z</time>
   </trkpt>
   <trkpt lat="51.4698690" lon="-0.2620410">
    <ele>5.5</ele>
    <time>2026-06-19T17:45:07Z</time>
   </trkpt>
   <trkpt lat="51.4698700" lon="-0.2620230">
    <ele>5.5</ele>
    <time>2026-06-19T17:45:08Z</time>
   </trkpt>
   <trkpt lat="51.4698700" lon="-0.2620060">
    <ele>5.5</ele>
    <time>2026-06-19T17:45:09Z</time>
   </trkpt>
   <trkpt lat="51.4698720" lon="-0.2620030">
    <ele>5.5</ele>
    <time>2026-06-19T17:45:10Z</time>
   </trkpt>
   <trkpt lat="51.4698760" lon="-0.2620070">
    <ele>5.5</ele>
    <time>2026-06-19T17:45:11Z</time>
   </trkpt>
   <trkpt lat="51.4698750" lon="-0.2620170">
    <ele>5.5</ele>
    <time>2026-06-19T17:45:12Z</time>
   </trkpt>
   <trkpt lat="51.4698760" lon="-0.2620380">
    <ele>5.5</ele>
    <time>2026-06-19T17:45:13Z</time>
   </trkpt>
   <trkpt lat="51.4698800" lon="-0.2620500">
    <ele>5.5</ele>
    <time>2026-06-19T17:45:14Z</time>
   </trkpt>
   <trkpt lat="51.4698910" lon="-0.2620570">
    <ele>5.5</ele>
    <time>2026-06-19T17:45:15Z</time>
   </trkpt>
   <trkpt lat="51.4699070" lon="-0.2620600">
    <ele>5.5</ele>
    <time>2026-06-19T17:45:16Z</time>
   </trkpt>
   <trkpt lat="51.4699230" lon="-0.2620530">
    <ele>5.4</ele>
    <time>2026-06-19T17:45:17Z</time>
   </trkpt>
   <trkpt lat="51.4699370" lon="-0.2620520">
    <ele>5.4</ele>
    <time>2026-06-19T17:45:18Z</time>
   </trkpt>
   <trkpt lat="51.4699500" lon="-0.2620520">
    <ele>5.4</ele>
    <time>2026-06-19T17:45:19Z</time>
   </trkpt>
   <trkpt lat="51.4699640" lon="-0.2620490">
    <ele>5.4</ele>
    <time>2026-06-19T17:45:20Z</time>
   </trkpt>
   <trkpt lat="51.4699790" lon="-0.2620440">
    <ele>5.4</ele>
    <time>2026-06-19T17:45:21Z</time>
   </trkpt>
   <trkpt lat="51.4699930" lon="-0.2620410">
    <ele>5.3</ele>
    <time>2026-06-19T17:45:22Z</time>
   </trkpt>
   <trkpt lat="51.4700070" lon="-0.2620360">
    <ele>5.3</ele>
    <time>2026-06-19T17:45:23Z</time>
   </trkpt>
   <trkpt lat="51.4700210" lon="-0.2620290">
    <ele>5.3</ele>
    <time>2026-06-19T17:45:24Z</time>
   </trkpt>
   <trkpt lat="51.4700330" lon="-0.2620200">
    <ele>5.3</ele>
    <time>2026-06-19T17:45:25Z</time>
   </trkpt>
   <trkpt lat="51.4700540" lon="-0.2620200">
    <ele>5.2</ele>
    <time>2026-06-19T17:45:26Z</time>
   </trkpt>
   <trkpt lat="51.4700640" lon="-0.2620220">
    <ele>5.2</ele>
    <time>2026-06-19T17:45:27Z</time>
   </trkpt>
   <trkpt lat="51.4700730" lon="-0.2620230">
    <ele>5.2</ele>
    <time>2026-06-19T17:45:28Z</time>
   </trkpt>
   <trkpt lat="51.4700930" lon="-0.2620250">
    <ele>5.2</ele>
    <time>2026-06-19T17:45:29Z</time>
   </trkpt>
   <trkpt lat="51.4701030" lon="-0.2620230">
    <ele>5.1</ele>
    <time>2026-06-19T17:45:30Z</time>
   </trkpt>
   <trkpt lat="51.4701120" lon="-0.2620210">
    <ele>5.1</ele>
    <time>2026-06-19T17:45:31Z</time>
   </trkpt>
   <trkpt lat="51.4701230" lon="-0.2620200">
    <ele>5.1</ele>
    <time>2026-06-19T17:45:32Z</time>
   </trkpt>
   <trkpt lat="51.4701390" lon="-0.2620220">
    <ele>5.1</ele>
    <time>2026-06-19T17:45:33Z</time>
   </trkpt>
   <trkpt lat="51.4701540" lon="-0.2620250">
    <ele>5.0</ele>
    <time>2026-06-19T17:45:34Z</time>
   </trkpt>
   <trkpt lat="51.4701670" lon="-0.2620250">
    <ele>5.0</ele>
    <time>2026-06-19T17:45:36Z</time>
   </trkpt>
   <trkpt lat="51.4701740" lon="-0.2620270">
    <ele>5.0</ele>
    <time>2026-06-19T17:45:37Z</time>
   </trkpt>
   <trkpt lat="51.4701780" lon="-0.2620310">
    <ele>5.0</ele>
    <time>2026-06-19T17:45:38Z</time>
   </trkpt>
   <trkpt lat="51.4701840" lon="-0.2620290">
    <ele>4.9</ele>
    <time>2026-06-19T17:45:39Z</time>
   </trkpt>
   <trkpt lat="51.4701890" lon="-0.2620340">
    <ele>4.9</ele>
    <time>2026-06-19T17:45:40Z</time>
   </trkpt>
   <trkpt lat="51.4701900" lon="-0.2620310">
    <ele>4.9</ele>
    <time>2026-06-19T17:45:41Z</time>
   </trkpt>
   <trkpt lat="51.4701900" lon="-0.2620320">
    <ele>4.9</ele>
    <time>2026-06-19T17:45:42Z</time>
   </trkpt>
   <trkpt lat="51.4701950" lon="-0.2620460">
    <ele>4.9</ele>
    <time>2026-06-19T17:45:43Z</time>
   </trkpt>
   <trkpt lat="51.4702060" lon="-0.2620520">
    <ele>4.9</ele>
    <time>2026-06-19T17:45:44Z</time>
   </trkpt>
   <trkpt lat="51.4702110" lon="-0.2620570">
    <ele>4.8</ele>
    <time>2026-06-19T17:45:45Z</time>
   </trkpt>
   <trkpt lat="51.4702210" lon="-0.2620550">
    <ele>4.8</ele>
    <time>2026-06-19T17:45:46Z</time>
   </trkpt>
   <trkpt lat="51.4702260" lon="-0.2620500">
    <ele>4.8</ele>
    <time>2026-06-19T17:45:47Z</time>
   </trkpt>
   <trkpt lat="51.4702320" lon="-0.2620510">
    <ele>4.8</ele>
    <time>2026-06-19T17:45:48Z</time>
   </trkpt>
   <trkpt lat="51.4702280" lon="-0.2620560">
    <ele>4.7</ele>
    <time>2026-06-19T17:45:49Z</time>
   </trkpt>
   <trkpt lat="51.4702210" lon="-0.2620660">
    <ele>4.7</ele>
    <time>2026-06-19T17:45:50Z</time>
   </trkpt>
   <trkpt lat="51.4702170" lon="-0.2620730">
    <ele>4.7</ele>
    <time>2026-06-19T17:45:51Z</time>
   </trkpt>
   <trkpt lat="51.4702110" lon="-0.2620760">
    <ele>4.7</ele>
    <time>2026-06-19T17:45:52Z</time>
   </trkpt>
   <trkpt lat="51.4702080" lon="-0.2620760">
    <ele>4.6</ele>
    <time>2026-06-19T17:45:53Z</time>
   </trkpt>
   <trkpt lat="51.4702060" lon="-0.2620670">
    <ele>4.6</ele>
    <time>2026-06-19T17:45:54Z</time>
   </trkpt>
   <trkpt lat="51.4702000" lon="-0.2620640">
    <ele>4.6</ele>
    <time>2026-06-19T17:45:55Z</time>
   </trkpt>
   <trkpt lat="51.4701920" lon="-0.2620650">
    <ele>4.5</ele>
    <time>2026-06-19T17:45:56Z</time>
   </trkpt>
   <trkpt lat="51.4701820" lon="-0.2620610">
    <ele>4.5</ele>
    <time>2026-06-19T17:45:57Z</time>
   </trkpt>
   <trkpt lat="51.4701760" lon="-0.2620600">
    <ele>4.5</ele>
    <time>2026-06-19T17:45:58Z</time>
   </trkpt>
   <trkpt lat="51.4701700" lon="-0.2620620">
    <ele>4.4</ele>
    <time>2026-06-19T17:45:59Z</time>
   </trkpt>
   <trkpt lat="51.4701580" lon="-0.2620700">
    <ele>4.5</ele>
    <time>2026-06-19T17:46:00Z</time>
   </trkpt>
   <trkpt lat="51.4701480" lon="-0.2620620">
    <ele>4.6</ele>
    <time>2026-06-19T17:46:01Z</time>
   </trkpt>
   <trkpt lat="51.4701350" lon="-0.2620520">
    <ele>4.7</ele>
    <time>2026-06-19T17:46:02Z</time>
   </trkpt>
   <trkpt lat="51.4701240" lon="-0.2620620">
    <ele>4.7</ele>
    <time>2026-06-19T17:46:03Z</time>
   </trkpt>
   <trkpt lat="51.4701140" lon="-0.2620580">
    <ele>4.8</ele>
    <time>2026-06-19T17:46:04Z</time>
   </trkpt>
   <trkpt lat="51.4701020" lon="-0.2620550">
    <ele>4.9</ele>
    <time>2026-06-19T17:46:05Z</time>
   </trkpt>
   <trkpt lat="51.4700810" lon="-0.2620540">
    <ele>5.0</ele>
    <time>2026-06-19T17:46:06Z</time>
   </trkpt>
   <trkpt lat="51.4700660" lon="-0.2620450">
    <ele>5.0</ele>
    <time>2026-06-19T17:46:07Z</time>
   </trkpt>
   <trkpt lat="51.4700510" lon="-0.2620400">
    <ele>5.1</ele>
    <time>2026-06-19T17:46:08Z</time>
   </trkpt>
   <trkpt lat="51.4700340" lon="-0.2620410">
    <ele>5.1</ele>
    <time>2026-06-19T17:46:09Z</time>
   </trkpt>
   <trkpt lat="51.4700160" lon="-0.2620420">
    <ele>5.2</ele>
    <time>2026-06-19T17:46:10Z</time>
   </trkpt>
   <trkpt lat="51.4700040" lon="-0.2620430">
    <ele>5.2</ele>
    <time>2026-06-19T17:46:11Z</time>
   </trkpt>
   <trkpt lat="51.4699760" lon="-0.2620340">
    <ele>5.3</ele>
    <time>2026-06-19T17:46:12Z</time>
   </trkpt>
   <trkpt lat="51.4699620" lon="-0.2620220">
    <ele>5.3</ele>
    <time>2026-06-19T17:46:13Z</time>
   </trkpt>
   <trkpt lat="51.4699500" lon="-0.2620150">
    <ele>5.3</ele>
    <time>2026-06-19T17:46:14Z</time>
   </trkpt>
   <trkpt lat="51.4699380" lon="-0.2620160">
    <ele>5.4</ele>
    <time>2026-06-19T17:46:15Z</time>
   </trkpt>
   <trkpt lat="51.4699280" lon="-0.2620120">
    <ele>5.4</ele>
    <time>2026-06-19T17:46:16Z</time>
   </trkpt>
   <trkpt lat="51.4699210" lon="-0.2620160">
    <ele>5.4</ele>
    <time>2026-06-19T17:46:17Z</time>
   </trkpt>
   <trkpt lat="51.4699020" lon="-0.2620120">
    <ele>5.4</ele>
    <time>2026-06-19T17:46:18Z</time>
   </trkpt>
   <trkpt lat="51.4698900" lon="-0.2620120">
    <ele>5.5</ele>
    <time>2026-06-19T17:46:19Z</time>
   </trkpt>
   <trkpt lat="51.4698790" lon="-0.2620120">
    <ele>5.5</ele>
    <time>2026-06-19T17:46:20Z</time>
   </trkpt>
   <trkpt lat="51.4698630" lon="-0.2619920">
    <ele>5.5</ele>
    <time>2026-06-19T17:46:21Z</time>
   </trkpt>
   <trkpt lat="51.4698600" lon="-0.2619660">
    <ele>5.5</ele>
    <time>2026-06-19T17:46:22Z</time>
   </trkpt>
   <trkpt lat="51.4698570" lon="-0.2619370">
    <ele>5.5</ele>
    <time>2026-06-19T17:46:23Z</time>
   </trkpt>
   <trkpt lat="51.4698550" lon="-0.2619130">
    <ele>5.6</ele>
    <time>2026-06-19T17:46:24Z</time>
   </trkpt>
   <trkpt lat="51.4698550" lon="-0.2618880">
    <ele>5.6</ele>
    <time>2026-06-19T17:46:25Z</time>
   </trkpt>
   <trkpt lat="51.4698560" lon="-0.2618670">
    <ele>5.6</ele>
    <time>2026-06-19T17:46:26Z</time>
   </trkpt>
   <trkpt lat="51.4698570" lon="-0.2618400">
    <ele>5.6</ele>
    <time>2026-06-19T17:46:27Z</time>
   </trkpt>
   <trkpt lat="51.4698540" lon="-0.2618210">
    <ele>5.6</ele>
    <time>2026-06-19T17:46:28Z</time>
   </trkpt>
   <trkpt lat="51.4698570" lon="-0.2617850">
    <ele>5.6</ele>
    <time>2026-06-19T17:46:29Z</time>
   </trkpt>
   <trkpt lat="51.4698580" lon="-0.2617710">
    <ele>5.6</ele>
    <time>2026-06-19T17:46:30Z</time>
   </trkpt>
   <trkpt lat="51.4698580" lon="-0.2617560">
    <ele>5.6</ele>
    <time>2026-06-19T17:46:31Z</time>
   </trkpt>
   <trkpt lat="51.4698590" lon="-0.2617290">
    <ele>5.6</ele>
    <time>2026-06-19T17:46:32Z</time>
   </trkpt>
   <trkpt lat="51.4698650" lon="-0.2617080">
    <ele>5.6</ele>
    <time>2026-06-19T17:46:33Z</time>
   </trkpt>
   <trkpt lat="51.4698680" lon="-0.2616850">
    <ele>5.6</ele>
    <time>2026-06-19T17:46:34Z</time>
   </trkpt>
   <trkpt lat="51.4698680" lon="-0.2616620">
    <ele>5.6</ele>
    <time>2026-06-19T17:46:35Z</time>
   </trkpt>
   <trkpt lat="51.4698690" lon="-0.2616270">
    <ele>5.6</ele>
    <time>2026-06-19T17:46:36Z</time>
   </trkpt>
   <trkpt lat="51.4698700" lon="-0.2616150">
    <ele>5.6</ele>
    <time>2026-06-19T17:46:37Z</time>
   </trkpt>
   <trkpt lat="51.4698700" lon="-0.2616020">
    <ele>5.6</ele>
    <time>2026-06-19T17:46:38Z</time>
   </trkpt>
   <trkpt lat="51.4698720" lon="-0.2615700">
    <ele>5.6</ele>
    <time>2026-06-19T17:46:39Z</time>
   </trkpt>
   <trkpt lat="51.4698720" lon="-0.2615560">
    <ele>5.6</ele>
    <time>2026-06-19T17:46:40Z</time>
   </trkpt>
   <trkpt lat="51.4698730" lon="-0.2615410">
    <ele>5.6</ele>
    <time>2026-06-19T17:46:41Z</time>
   </trkpt>
   <trkpt lat="51.4698750" lon="-0.2615070">
    <ele>5.6</ele>
    <time>2026-06-19T17:46:42Z</time>
   </trkpt>
   <trkpt lat="51.4698770" lon="-0.2614940">
    <ele>5.7</ele>
    <time>2026-06-19T17:46:43Z</time>
   </trkpt>
   <trkpt lat="51.4698780" lon="-0.2614800">
    <ele>5.7</ele>
    <time>2026-06-19T17:46:44Z</time>
   </trkpt>
   <trkpt lat="51.4698790" lon="-0.2614570">
    <ele>5.7</ele>
    <time>2026-06-19T17:46:45Z</time>
   </trkpt>
   <trkpt lat="51.4698800" lon="-0.2614360">
    <ele>5.7</ele>
    <time>2026-06-19T17:46:46Z</time>
   </trkpt>
   <trkpt lat="51.4698820" lon="-0.2613990">
    <ele>5.7</ele>
    <time>2026-06-19T17:46:47Z</time>
   </trkpt>
   <trkpt lat="51.4698830" lon="-0.2613840">
    <ele>5.7</ele>
    <time>2026-06-19T17:46:48Z</time>
   </trkpt>
   <trkpt lat="51.4698830" lon="-0.2613680">
    <ele>5.7</ele>
    <time>2026-06-19T17:46:49Z</time>
   </trkpt>
   <trkpt lat="51.4698820" lon="-0.2613330">
    <ele>5.7</ele>
    <time>2026-06-19T17:46:50Z</time>
   </trkpt>
   <trkpt lat="51.4698830" lon="-0.2613180">
    <ele>5.7</ele>
    <time>2026-06-19T17:46:51Z</time>
   </trkpt>
   <trkpt lat="51.4698840" lon="-0.2613030">
    <ele>5.7</ele>
    <time>2026-06-19T17:46:52Z</time>
   </trkpt>
   <trkpt lat="51.4698850" lon="-0.2612810">
    <ele>5.7</ele>
    <time>2026-06-19T17:46:53Z</time>
   </trkpt>
   <trkpt lat="51.4698870" lon="-0.2612550">
    <ele>5.7</ele>
    <time>2026-06-19T17:46:54Z</time>
   </trkpt>
   <trkpt lat="51.4698870" lon="-0.2612350">
    <ele>5.7</ele>
    <time>2026-06-19T17:46:55Z</time>
   </trkpt>
   <trkpt lat="51.4698890" lon="-0.2612120">
    <ele>5.7</ele>
    <time>2026-06-19T17:46:56Z</time>
   </trkpt>
   <trkpt lat="51.4698880" lon="-0.2611780">
    <ele>5.7</ele>
    <time>2026-06-19T17:46:57Z</time>
   </trkpt>
   <trkpt lat="51.4698880" lon="-0.2611650">
    <ele>5.7</ele>
    <time>2026-06-19T17:46:58Z</time>
   </trkpt>
   <trkpt lat="51.4698870" lon="-0.2611510">
    <ele>5.7</ele>
    <time>2026-06-19T17:46:59Z</time>
   </trkpt>
   <trkpt lat="51.4698860" lon="-0.2611260">
    <ele>5.7</ele>
    <time>2026-06-19T17:47:00Z</time>
   </trkpt>
   <trkpt lat="51.4698840" lon="-0.2611080">
    <ele>5.8</ele>
    <time>2026-06-19T17:47:01Z</time>
   </trkpt>
   <trkpt lat="51.4698820" lon="-0.2610730">
    <ele>5.8</ele>
    <time>2026-06-19T17:47:02Z</time>
   </trkpt>
   <trkpt lat="51.4698830" lon="-0.2610590">
    <ele>5.8</ele>
    <time>2026-06-19T17:47:03Z</time>
   </trkpt>
   <trkpt lat="51.4698830" lon="-0.2610460">
    <ele>5.8</ele>
    <time>2026-06-19T17:47:04Z</time>
   </trkpt>
   <trkpt lat="51.4698810" lon="-0.2610120">
    <ele>5.8</ele>
    <time>2026-06-19T17:47:05Z</time>
   </trkpt>
   <trkpt lat="51.4698810" lon="-0.2609970">
    <ele>5.8</ele>
    <time>2026-06-19T17:47:06Z</time>
   </trkpt>
   <trkpt lat="51.4698810" lon="-0.2609830">
    <ele>5.8</ele>
    <time>2026-06-19T17:47:07Z</time>
   </trkpt>
   <trkpt lat="51.4698820" lon="-0.2609520">
    <ele>5.8</ele>
    <time>2026-06-19T17:47:08Z</time>
   </trkpt>
   <trkpt lat="51.4698810" lon="-0.2609370">
    <ele>5.8</ele>
    <time>2026-06-19T17:47:09Z</time>
   </trkpt>
   <trkpt lat="51.4698810" lon="-0.2609220">
    <ele>5.8</ele>
    <time>2026-06-19T17:47:10Z</time>
   </trkpt>
   <trkpt lat="51.4698780" lon="-0.2608910">
    <ele>5.8</ele>
    <time>2026-06-19T17:47:11Z</time>
   </trkpt>
   <trkpt lat="51.4698800" lon="-0.2608770">
    <ele>5.8</ele>
    <time>2026-06-19T17:47:12Z</time>
   </trkpt>
   <trkpt lat="51.4698810" lon="-0.2608630">
    <ele>5.8</ele>
    <time>2026-06-19T17:47:13Z</time>
   </trkpt>
   <trkpt lat="51.4698810" lon="-0.2608290">
    <ele>5.8</ele>
    <time>2026-06-19T17:47:14Z</time>
   </trkpt>
   <trkpt lat="51.4698820" lon="-0.2608140">
    <ele>5.8</ele>
    <time>2026-06-19T17:47:15Z</time>
   </trkpt>
   <trkpt lat="51.4698820" lon="-0.2608000">
    <ele>5.8</ele>
    <time>2026-06-19T17:47:16Z</time>
   </trkpt>
   <trkpt lat="51.4698820" lon="-0.2607820">
    <ele>5.8</ele>
    <time>2026-06-19T17:47:17Z</time>
   </trkpt>
   <trkpt lat="51.4698800" lon="-0.2607640">
    <ele>5.8</ele>
    <time>2026-06-19T17:47:18Z</time>
   </trkpt>
   <trkpt lat="51.4698790" lon="-0.2607440">
    <ele>5.8</ele>
    <time>2026-06-19T17:47:19Z</time>
   </trkpt>
   <trkpt lat="51.4698780" lon="-0.2607090">
    <ele>5.7</ele>
    <time>2026-06-19T17:47:20Z</time>
   </trkpt>
   <trkpt lat="51.4698770" lon="-0.2606960">
    <ele>5.7</ele>
    <time>2026-06-19T17:47:21Z</time>
   </trkpt>
   <trkpt lat="51.4698760" lon="-0.2606820">
    <ele>5.7</ele>
    <time>2026-06-19T17:47:22Z</time>
   </trkpt>
   <trkpt lat="51.4698700" lon="-0.2606620">
    <ele>5.7</ele>
    <time>2026-06-19T17:47:23Z</time>
   </trkpt>
   <trkpt lat="51.4698680" lon="-0.2606400">
    <ele>5.7</ele>
    <time>2026-06-19T17:47:24Z</time>
   </trkpt>
   <trkpt lat="51.4698730" lon="-0.2606110">
    <ele>5.7</ele>
    <time>2026-06-19T17:47:25Z</time>
   </trkpt>
   <trkpt lat="51.4698770" lon="-0.2605940">
    <ele>5.7</ele>
    <time>2026-06-19T17:47:26Z</time>
   </trkpt>
   <trkpt lat="51.4698810" lon="-0.2605650">
    <ele>5.7</ele>
    <time>2026-06-19T17:47:27Z</time>
   </trkpt>
   <trkpt lat="51.4698810" lon="-0.2605420">
    <ele>5.7</ele>
    <time>2026-06-19T17:47:28Z</time>
   </trkpt>
   <trkpt lat="51.4698800" lon="-0.2605050">
    <ele>5.7</ele>
    <time>2026-06-19T17:47:29Z</time>
   </trkpt>
   <trkpt lat="51.4698770" lon="-0.2604920">
    <ele>5.7</ele>
    <time>2026-06-19T17:47:30Z</time>
   </trkpt>
   <trkpt lat="51.4698750" lon="-0.2604780">
    <ele>5.7</ele>
    <time>2026-06-19T17:47:31Z</time>
   </trkpt>
   <trkpt lat="51.4698720" lon="-0.2604570">
    <ele>5.7</ele>
    <time>2026-06-19T17:47:32Z</time>
   </trkpt>
   <trkpt lat="51.4698720" lon="-0.2604310">
    <ele>5.7</ele>
    <time>2026-06-19T17:47:33Z</time>
   </trkpt>
   <trkpt lat="51.4698700" lon="-0.2604120">
    <ele>5.7</ele>
    <time>2026-06-19T17:47:34Z</time>
   </trkpt>
   <trkpt lat="51.4698670" lon="-0.2603860">
    <ele>5.6</ele>
    <time>2026-06-19T17:47:35Z</time>
   </trkpt>
   <trkpt lat="51.4698640" lon="-0.2603600">
    <ele>5.6</ele>
    <time>2026-06-19T17:47:36Z</time>
   </trkpt>
   <trkpt lat="51.4698680" lon="-0.2603360">
    <ele>5.6</ele>
    <time>2026-06-19T17:47:37Z</time>
   </trkpt>
   <trkpt lat="51.4698650" lon="-0.2603130">
    <ele>5.6</ele>
    <time>2026-06-19T17:47:38Z</time>
   </trkpt>
   <trkpt lat="51.4698630" lon="-0.2602920">
    <ele>5.6</ele>
    <time>2026-06-19T17:47:39Z</time>
   </trkpt>
   <trkpt lat="51.4698630" lon="-0.2602570">
    <ele>5.6</ele>
    <time>2026-06-19T17:47:41Z</time>
   </trkpt>
   <trkpt lat="51.4698630" lon="-0.2602430">
    <ele>5.6</ele>
    <time>2026-06-19T17:47:42Z</time>
   </trkpt>
   <trkpt lat="51.4698630" lon="-0.2602300">
    <ele>5.6</ele>
    <time>2026-06-19T17:47:43Z</time>
   </trkpt>
   <trkpt lat="51.4698600" lon="-0.2602100">
    <ele>5.6</ele>
    <time>2026-06-19T17:47:44Z</time>
   </trkpt>
   <trkpt lat="51.4698580" lon="-0.2601860">
    <ele>5.6</ele>
    <time>2026-06-19T17:47:45Z</time>
   </trkpt>
   <trkpt lat="51.4698620" lon="-0.2601610">
    <ele>5.6</ele>
    <time>2026-06-19T17:47:46Z</time>
   </trkpt>
   <trkpt lat="51.4698630" lon="-0.2601360">
    <ele>5.6</ele>
    <time>2026-06-19T17:47:47Z</time>
   </trkpt>
   <trkpt lat="51.4698640" lon="-0.2601040">
    <ele>5.6</ele>
    <time>2026-06-19T17:47:48Z</time>
   </trkpt>
   <trkpt lat="51.4698620" lon="-0.2600890">
    <ele>5.6</ele>
    <time>2026-06-19T17:47:49Z</time>
   </trkpt>
   <trkpt lat="51.4698610" lon="-0.2600730">
    <ele>5.6</ele>
    <time>2026-06-19T17:47:50Z</time>
   </trkpt>
   <trkpt lat="51.4698580" lon="-0.2600370">
    <ele>5.6</ele>
    <time>2026-06-19T17:47:51Z</time>
   </trkpt>
   <trkpt lat="51.4698600" lon="-0.2600220">
    <ele>5.6</ele>
    <time>2026-06-19T17:47:52Z</time>
   </trkpt>
   <trkpt lat="51.4698620" lon="-0.2600080">
    <ele>5.6</ele>
    <time>2026-06-19T17:47:53Z</time>
   </trkpt>
   <trkpt lat="51.4698630" lon="-0.2599890">
    <ele>5.6</ele>
    <time>2026-06-19T17:47:54Z</time>
   </trkpt>
   <trkpt lat="51.4698640" lon="-0.2599720">
    <ele>5.6</ele>
    <time>2026-06-19T17:47:55Z</time>
   </trkpt>
   <trkpt lat="51.4698670" lon="-0.2599520">
    <ele>5.6</ele>
    <time>2026-06-19T17:47:56Z</time>
   </trkpt>
   <trkpt lat="51.4698690" lon="-0.2599310">
    <ele>5.6</ele>
    <time>2026-06-19T17:47:57Z</time>
   </trkpt>
   <trkpt lat="51.4698660" lon="-0.2599140">
    <ele>5.5</ele>
    <time>2026-06-19T17:47:58Z</time>
   </trkpt>
   <trkpt lat="51.4698640" lon="-0.2598960">
    <ele>5.5</ele>
    <time>2026-06-19T17:47:59Z</time>
   </trkpt>
   <trkpt lat="51.4698610" lon="-0.2598850">
    <ele>5.5</ele>
    <time>2026-06-19T17:48:00Z</time>
   </trkpt>
   <trkpt lat="51.4698600" lon="-0.2598740">
    <ele>5.5</ele>
    <time>2026-06-19T17:48:01Z</time>
   </trkpt>
   <trkpt lat="51.4698680" lon="-0.2598730">
    <ele>5.5</ele>
    <time>2026-06-19T17:48:02Z</time>
   </trkpt>
   <trkpt lat="51.4698780" lon="-0.2598800">
    <ele>5.5</ele>
    <time>2026-06-19T17:48:03Z</time>
   </trkpt>
   <trkpt lat="51.4698880" lon="-0.2598880">
    <ele>5.4</ele>
    <time>2026-06-19T17:48:04Z</time>
   </trkpt>
   <trkpt lat="51.4699000" lon="-0.2598870">
    <ele>5.4</ele>
    <time>2026-06-19T17:48:05Z</time>
   </trkpt>
   <trkpt lat="51.4699170" lon="-0.2598890">
    <ele>5.4</ele>
    <time>2026-06-19T17:48:06Z</time>
   </trkpt>
   <trkpt lat="51.4699360" lon="-0.2598880">
    <ele>5.3</ele>
    <time>2026-06-19T17:48:07Z</time>
   </trkpt>
   <trkpt lat="51.4699580" lon="-0.2598830">
    <ele>5.2</ele>
    <time>2026-06-19T17:48:08Z</time>
   </trkpt>
   <trkpt lat="51.4699680" lon="-0.2598860">
    <ele>5.2</ele>
    <time>2026-06-19T17:48:09Z</time>
   </trkpt>
   <trkpt lat="51.4699780" lon="-0.2598880">
    <ele>5.2</ele>
    <time>2026-06-19T17:48:10Z</time>
   </trkpt>
   <trkpt lat="51.4699870" lon="-0.2598860">
    <ele>5.1</ele>
    <time>2026-06-19T17:48:11Z</time>
   </trkpt>
   <trkpt lat="51.4700030" lon="-0.2599060">
    <ele>5.1</ele>
    <time>2026-06-19T17:48:12Z</time>
   </trkpt>
   <trkpt lat="51.4700170" lon="-0.2599110">
    <ele>5.0</ele>
    <time>2026-06-19T17:48:13Z</time>
   </trkpt>
   <trkpt lat="51.4700320" lon="-0.2599150">
    <ele>5.0</ele>
    <time>2026-06-19T17:48:14Z</time>
   </trkpt>
   <trkpt lat="51.4700450" lon="-0.2599230">
    <ele>5.0</ele>
    <time>2026-06-19T17:48:15Z</time>
   </trkpt>
   <trkpt lat="51.4700620" lon="-0.2599310">
    <ele>4.9</ele>
    <time>2026-06-19T17:48:16Z</time>
   </trkpt>
   <trkpt lat="51.4700730" lon="-0.2599390">
    <ele>4.9</ele>
    <time>2026-06-19T17:48:17Z</time>
   </trkpt>
   <trkpt lat="51.4700850" lon="-0.2599430">
    <ele>4.9</ele>
    <time>2026-06-19T17:48:18Z</time>
   </trkpt>
   <trkpt lat="51.4700950" lon="-0.2599470">
    <ele>4.9</ele>
    <time>2026-06-19T17:48:19Z</time>
   </trkpt>
   <trkpt lat="51.4701120" lon="-0.2599550">
    <ele>4.8</ele>
    <time>2026-06-19T17:48:20Z</time>
   </trkpt>
   <trkpt lat="51.4701230" lon="-0.2599580">
    <ele>4.8</ele>
    <time>2026-06-19T17:48:21Z</time>
   </trkpt>
   <trkpt lat="51.4701490" lon="-0.2599720">
    <ele>4.7</ele>
    <time>2026-06-19T17:48:22Z</time>
   </trkpt>
   <trkpt lat="51.4701690" lon="-0.2599810">
    <ele>4.7</ele>
    <time>2026-06-19T17:48:23Z</time>
   </trkpt>
   <trkpt lat="51.4701780" lon="-0.2599870">
    <ele>4.7</ele>
    <time>2026-06-19T17:48:24Z</time>
   </trkpt>
   <trkpt lat="51.4701870" lon="-0.2599930">
    <ele>4.6</ele>
    <time>2026-06-19T17:48:25Z</time>
   </trkpt>
   <trkpt lat="51.4701960" lon="-0.2599980">
    <ele>4.6</ele>
    <time>2026-06-19T17:48:26Z</time>
   </trkpt>
   <trkpt lat="51.4702080" lon="-0.2600100">
    <ele>4.6</ele>
    <time>2026-06-19T17:48:27Z</time>
   </trkpt>
   <trkpt lat="51.4702160" lon="-0.2600210">
    <ele>4.5</ele>
    <time>2026-06-19T17:48:28Z</time>
   </trkpt>
   <trkpt lat="51.4702240" lon="-0.2600340">
    <ele>4.5</ele>
    <time>2026-06-19T17:48:29Z</time>
   </trkpt>
   <trkpt lat="51.4702290" lon="-0.2600500">
    <ele>4.5</ele>
    <time>2026-06-19T17:48:30Z</time>
   </trkpt>
   <trkpt lat="51.4702310" lon="-0.2600570">
    <ele>4.5</ele>
    <time>2026-06-19T17:48:31Z</time>
   </trkpt>
   <trkpt lat="51.4702290" lon="-0.2600630">
    <ele>4.5</ele>
    <time>2026-06-19T17:48:32Z</time>
   </trkpt>
   <trkpt lat="51.4702360" lon="-0.2600680">
    <ele>4.4</ele>
    <time>2026-06-19T17:48:33Z</time>
   </trkpt>
   <trkpt lat="51.4702410" lon="-0.2600700">
    <ele>4.4</ele>
    <time>2026-06-19T17:48:34Z</time>
   </trkpt>
   <trkpt lat="51.4702480" lon="-0.2600750">
    <ele>4.3</ele>
    <time>2026-06-19T17:48:35Z</time>
   </trkpt>
   <trkpt lat="51.4702580" lon="-0.2600760">
    <ele>4.2</ele>
    <time>2026-06-19T17:48:36Z</time>
   </trkpt>
   <trkpt lat="51.4702650" lon="-0.2600690">
    <ele>4.2</ele>
    <time>2026-06-19T17:48:37Z</time>
   </trkpt>
   <trkpt lat="51.4702710" lon="-0.2600600">
    <ele>4.1</ele>
    <time>2026-06-19T17:48:38Z</time>
   </trkpt>
   <trkpt lat="51.4702650" lon="-0.2600480">
    <ele>4.1</ele>
    <time>2026-06-19T17:48:39Z</time>
   </trkpt>
   <trkpt lat="51.4702660" lon="-0.2600260">
    <ele>4.1</ele>
    <time>2026-06-19T17:48:40Z</time>
   </trkpt>
   <trkpt lat="51.4702670" lon="-0.2600080">
    <ele>4.1</ele>
    <time>2026-06-19T17:48:41Z</time>
   </trkpt>
   <trkpt lat="51.4702680" lon="-0.2599920">
    <ele>4.1</ele>
    <time>2026-06-19T17:48:42Z</time>
   </trkpt>
   <trkpt lat="51.4702670" lon="-0.2599770">
    <ele>4.1</ele>
    <time>2026-06-19T17:48:43Z</time>
   </trkpt>
   <trkpt lat="51.4702730" lon="-0.2599540">
    <ele>4.1</ele>
    <time>2026-06-19T17:48:44Z</time>
   </trkpt>
   <trkpt lat="51.4702720" lon="-0.2599360">
    <ele>4.1</ele>
    <time>2026-06-19T17:48:45Z</time>
   </trkpt>
   <trkpt lat="51.4702730" lon="-0.2599240">
    <ele>4.1</ele>
    <time>2026-06-19T17:48:46Z</time>
   </trkpt>
   <trkpt lat="51.4702730" lon="-0.2598930">
    <ele>4.1</ele>
    <time>2026-06-19T17:48:47Z</time>
   </trkpt>
   <trkpt lat="51.4702750" lon="-0.2598770">
    <ele>4.1</ele>
    <time>2026-06-19T17:48:48Z</time>
   </trkpt>
   <trkpt lat="51.4702770" lon="-0.2598610">
    <ele>4.1</ele>
    <time>2026-06-19T17:48:49Z</time>
   </trkpt>
   <trkpt lat="51.4702820" lon="-0.2598350">
    <ele>4.1</ele>
    <time>2026-06-19T17:48:50Z</time>
   </trkpt>
   <trkpt lat="51.4702830" lon="-0.2598120">
    <ele>4.1</ele>
    <time>2026-06-19T17:48:51Z</time>
   </trkpt>
   <trkpt lat="51.4702880" lon="-0.2597840">
    <ele>4.1</ele>
    <time>2026-06-19T17:48:52Z</time>
   </trkpt>
   <trkpt lat="51.4702900" lon="-0.2597690">
    <ele>4.0</ele>
    <time>2026-06-19T17:48:53Z</time>
   </trkpt>
   <trkpt lat="51.4702910" lon="-0.2597510">
    <ele>4.0</ele>
    <time>2026-06-19T17:48:54Z</time>
   </trkpt>
   <trkpt lat="51.4702980" lon="-0.2597190">
    <ele>4.0</ele>
    <time>2026-06-19T17:48:55Z</time>
   </trkpt>
   <trkpt lat="51.4703010" lon="-0.2597040">
    <ele>4.0</ele>
    <time>2026-06-19T17:48:56Z</time>
   </trkpt>
   <trkpt lat="51.4703050" lon="-0.2596860">
    <ele>4.0</ele>
    <time>2026-06-19T17:48:57Z</time>
   </trkpt>
   <trkpt lat="51.4703080" lon="-0.2596650">
    <ele>4.0</ele>
    <time>2026-06-19T17:48:58Z</time>
   </trkpt>
   <trkpt lat="51.4703110" lon="-0.2596450">
    <ele>4.0</ele>
    <time>2026-06-19T17:48:59Z</time>
   </trkpt>
   <trkpt lat="51.4703140" lon="-0.2596220">
    <ele>4.0</ele>
    <time>2026-06-19T17:49:00Z</time>
   </trkpt>
   <trkpt lat="51.4703170" lon="-0.2595880">
    <ele>4.0</ele>
    <time>2026-06-19T17:49:01Z</time>
   </trkpt>
   <trkpt lat="51.4703170" lon="-0.2595750">
    <ele>4.0</ele>
    <time>2026-06-19T17:49:02Z</time>
   </trkpt>
   <trkpt lat="51.4703180" lon="-0.2595630">
    <ele>4.0</ele>
    <time>2026-06-19T17:49:03Z</time>
   </trkpt>
   <trkpt lat="51.4703210" lon="-0.2595480">
    <ele>4.0</ele>
    <time>2026-06-19T17:49:04Z</time>
   </trkpt>
   <trkpt lat="51.4703270" lon="-0.2595240">
    <ele>4.0</ele>
    <time>2026-06-19T17:49:05Z</time>
   </trkpt>
   <trkpt lat="51.4703280" lon="-0.2595090">
    <ele>4.0</ele>
    <time>2026-06-19T17:49:06Z</time>
   </trkpt>
   <trkpt lat="51.4703270" lon="-0.2594880">
    <ele>4.0</ele>
    <time>2026-06-19T17:49:07Z</time>
   </trkpt>
   <trkpt lat="51.4703290" lon="-0.2594770">
    <ele>4.0</ele>
    <time>2026-06-19T17:49:08Z</time>
   </trkpt>
   <trkpt lat="51.4703360" lon="-0.2594540">
    <ele>4.0</ele>
    <time>2026-06-19T17:49:09Z</time>
   </trkpt>
   <trkpt lat="51.4703400" lon="-0.2594120">
    <ele>4.0</ele>
    <time>2026-06-19T17:49:10Z</time>
   </trkpt>
   <trkpt lat="51.4703410" lon="-0.2593950">
    <ele>4.0</ele>
    <time>2026-06-19T17:49:11Z</time>
   </trkpt>
   <trkpt lat="51.4703420" lon="-0.2593580">
    <ele>4.0</ele>
    <time>2026-06-19T17:49:12Z</time>
   </trkpt>
   <trkpt lat="51.4703440" lon="-0.2593420">
    <ele>4.0</ele>
    <time>2026-06-19T17:49:13Z</time>
   </trkpt>
   <trkpt lat="51.4703460" lon="-0.2593270">
    <ele>4.0</ele>
    <time>2026-06-19T17:49:14Z</time>
   </trkpt>
   <trkpt lat="51.4703490" lon="-0.2592950">
    <ele>4.0</ele>
    <time>2026-06-19T17:49:15Z</time>
   </trkpt>
   <trkpt lat="51.4703490" lon="-0.2592820">
    <ele>4.0</ele>
    <time>2026-06-19T17:49:16Z</time>
   </trkpt>
   <trkpt lat="51.4703490" lon="-0.2592690">
    <ele>4.0</ele>
    <time>2026-06-19T17:49:17Z</time>
   </trkpt>
   <trkpt lat="51.4703530" lon="-0.2592330">
    <ele>3.9</ele>
    <time>2026-06-19T17:49:18Z</time>
   </trkpt>
   <trkpt lat="51.4703550" lon="-0.2592170">
    <ele>3.9</ele>
    <time>2026-06-19T17:49:19Z</time>
   </trkpt>
   <trkpt lat="51.4703560" lon="-0.2592010">
    <ele>3.9</ele>
    <time>2026-06-19T17:49:20Z</time>
   </trkpt>
   <trkpt lat="51.4703590" lon="-0.2591560">
    <ele>3.9</ele>
    <time>2026-06-19T17:49:21Z</time>
   </trkpt>
   <trkpt lat="51.4703600" lon="-0.2591420">
    <ele>3.9</ele>
    <time>2026-06-19T17:49:22Z</time>
   </trkpt>
   <trkpt lat="51.4703590" lon="-0.2591200">
    <ele>3.9</ele>
    <time>2026-06-19T17:49:23Z</time>
   </trkpt>
   <trkpt lat="51.4703610" lon="-0.2590940">
    <ele>3.9</ele>
    <time>2026-06-19T17:49:24Z</time>
   </trkpt>
   <trkpt lat="51.4703630" lon="-0.2590790">
    <ele>3.9</ele>
    <time>2026-06-19T17:49:25Z</time>
   </trkpt>
   <trkpt lat="51.4703680" lon="-0.2590610">
    <ele>3.9</ele>
    <time>2026-06-19T17:49:26Z</time>
   </trkpt>
   <trkpt lat="51.4703700" lon="-0.2590430">
    <ele>3.9</ele>
    <time>2026-06-19T17:49:27Z</time>
   </trkpt>
   <trkpt lat="51.4703690" lon="-0.2590170">
    <ele>3.9</ele>
    <time>2026-06-19T17:49:28Z</time>
   </trkpt>
   <trkpt lat="51.4703730" lon="-0.2590000">
    <ele>3.9</ele>
    <time>2026-06-19T17:49:29Z</time>
   </trkpt>
   <trkpt lat="51.4703730" lon="-0.2589660">
    <ele>3.8</ele>
    <time>2026-06-19T17:49:30Z</time>
   </trkpt>
   <trkpt lat="51.4703710" lon="-0.2589540">
    <ele>3.8</ele>
    <time>2026-06-19T17:49:31Z</time>
   </trkpt>
   <trkpt lat="51.4703690" lon="-0.2589410">
    <ele>3.8</ele>
    <time>2026-06-19T17:49:32Z</time>
   </trkpt>
   <trkpt lat="51.4703730" lon="-0.2589040">
    <ele>3.8</ele>
    <time>2026-06-19T17:49:33Z</time>
   </trkpt>
   <trkpt lat="51.4703750" lon="-0.2588870">
    <ele>3.8</ele>
    <time>2026-06-19T17:49:34Z</time>
   </trkpt>
   <trkpt lat="51.4703770" lon="-0.2588710">
    <ele>3.8</ele>
    <time>2026-06-19T17:49:35Z</time>
   </trkpt>
   <trkpt lat="51.4703780" lon="-0.2588460">
    <ele>3.8</ele>
    <time>2026-06-19T17:49:36Z</time>
   </trkpt>
   <trkpt lat="51.4703790" lon="-0.2588240">
    <ele>3.8</ele>
    <time>2026-06-19T17:49:37Z</time>
   </trkpt>
   <trkpt lat="51.4703840" lon="-0.2587920">
    <ele>3.8</ele>
    <time>2026-06-19T17:49:38Z</time>
   </trkpt>
   <trkpt lat="51.4703860" lon="-0.2587800">
    <ele>3.8</ele>
    <time>2026-06-19T17:49:39Z</time>
   </trkpt>
   <trkpt lat="51.4703890" lon="-0.2587670">
    <ele>3.8</ele>
    <time>2026-06-19T17:49:40Z</time>
   </trkpt>
   <trkpt lat="51.4703940" lon="-0.2587360">
    <ele>3.8</ele>
    <time>2026-06-19T17:49:41Z</time>
   </trkpt>
   <trkpt lat="51.4703940" lon="-0.2587230">
    <ele>3.8</ele>
    <time>2026-06-19T17:49:42Z</time>
   </trkpt>
   <trkpt lat="51.4703930" lon="-0.2586870">
    <ele>3.8</ele>
    <time>2026-06-19T17:49:43Z</time>
   </trkpt>
   <trkpt lat="51.4703910" lon="-0.2586750">
    <ele>3.8</ele>
    <time>2026-06-19T17:49:44Z</time>
   </trkpt>
   <trkpt lat="51.4703890" lon="-0.2586620">
    <ele>3.8</ele>
    <time>2026-06-19T17:49:45Z</time>
   </trkpt>
   <trkpt lat="51.4703890" lon="-0.2586380">
    <ele>3.8</ele>
    <time>2026-06-19T17:49:47Z</time>
   </trkpt>
   <trkpt lat="51.4703940" lon="-0.2586190">
    <ele>3.8</ele>
    <time>2026-06-19T17:49:48Z</time>
   </trkpt>
   <trkpt lat="51.4703920" lon="-0.2585840">
    <ele>3.8</ele>
    <time>2026-06-19T17:49:49Z</time>
   </trkpt>
   <trkpt lat="51.4703910" lon="-0.2585690">
    <ele>3.8</ele>
    <time>2026-06-19T17:49:50Z</time>
   </trkpt>
   <trkpt lat="51.4703910" lon="-0.2585550">
    <ele>3.8</ele>
    <time>2026-06-19T17:49:51Z</time>
   </trkpt>
   <trkpt lat="51.4703940" lon="-0.2585260">
    <ele>3.8</ele>
    <time>2026-06-19T17:49:52Z</time>
   </trkpt>
   <trkpt lat="51.4703980" lon="-0.2585080">
    <ele>3.8</ele>
    <time>2026-06-19T17:49:53Z</time>
   </trkpt>
   <trkpt lat="51.4704020" lon="-0.2584880">
    <ele>3.8</ele>
    <time>2026-06-19T17:49:54Z</time>
   </trkpt>
   <trkpt lat="51.4704100" lon="-0.2584680">
    <ele>3.8</ele>
    <time>2026-06-19T17:49:55Z</time>
   </trkpt>
   <trkpt lat="51.4704150" lon="-0.2584460">
    <ele>3.8</ele>
    <time>2026-06-19T17:49:56Z</time>
   </trkpt>
   <trkpt lat="51.4704200" lon="-0.2584250">
    <ele>3.8</ele>
    <time>2026-06-19T17:49:57Z</time>
   </trkpt>
   <trkpt lat="51.4704220" lon="-0.2583990">
    <ele>3.8</ele>
    <time>2026-06-19T17:49:58Z</time>
   </trkpt>
   <trkpt lat="51.4704250" lon="-0.2583800">
    <ele>3.8</ele>
    <time>2026-06-19T17:49:59Z</time>
   </trkpt>
   <trkpt lat="51.4704340" lon="-0.2583540">
    <ele>3.8</ele>
    <time>2026-06-19T17:50:00Z</time>
   </trkpt>
   <trkpt lat="51.4704380" lon="-0.2583350">
    <ele>3.8</ele>
    <time>2026-06-19T17:50:01Z</time>
   </trkpt>
   <trkpt lat="51.4704410" lon="-0.2583110">
    <ele>3.8</ele>
    <time>2026-06-19T17:50:02Z</time>
   </trkpt>
   <trkpt lat="51.4704440" lon="-0.2582870">
    <ele>3.8</ele>
    <time>2026-06-19T17:50:03Z</time>
   </trkpt>
   <trkpt lat="51.4704560" lon="-0.2582670">
    <ele>3.8</ele>
    <time>2026-06-19T17:50:04Z</time>
   </trkpt>
   <trkpt lat="51.4704630" lon="-0.2582480">
    <ele>3.8</ele>
    <time>2026-06-19T17:50:05Z</time>
   </trkpt>
   <trkpt lat="51.4704660" lon="-0.2582320">
    <ele>3.8</ele>
    <time>2026-06-19T17:50:06Z</time>
   </trkpt>
   <trkpt lat="51.4704710" lon="-0.2582110">
    <ele>3.8</ele>
    <time>2026-06-19T17:50:07Z</time>
   </trkpt>
   <trkpt lat="51.4704760" lon="-0.2581950">
    <ele>3.8</ele>
    <time>2026-06-19T17:50:08Z</time>
   </trkpt>
   <trkpt lat="51.4704810" lon="-0.2581680">
    <ele>3.8</ele>
    <time>2026-06-19T17:50:09Z</time>
   </trkpt>
   <trkpt lat="51.4704860" lon="-0.2581460">
    <ele>3.8</ele>
    <time>2026-06-19T17:50:10Z</time>
   </trkpt>
   <trkpt lat="51.4704860" lon="-0.2581110">
    <ele>3.8</ele>
    <time>2026-06-19T17:50:11Z</time>
   </trkpt>
   <trkpt lat="51.4704880" lon="-0.2580990">
    <ele>3.8</ele>
    <time>2026-06-19T17:50:12Z</time>
   </trkpt>
   <trkpt lat="51.4704890" lon="-0.2580870">
    <ele>3.8</ele>
    <time>2026-06-19T17:50:13Z</time>
   </trkpt>
   <trkpt lat="51.4704940" lon="-0.2580630">
    <ele>3.9</ele>
    <time>2026-06-19T17:50:14Z</time>
   </trkpt>
   <trkpt lat="51.4704970" lon="-0.2580430">
    <ele>3.9</ele>
    <time>2026-06-19T17:50:15Z</time>
   </trkpt>
   <trkpt lat="51.4704990" lon="-0.2580210">
    <ele>3.9</ele>
    <time>2026-06-19T17:50:16Z</time>
   </trkpt>
   <trkpt lat="51.4705030" lon="-0.2579970">
    <ele>3.9</ele>
    <time>2026-06-19T17:50:17Z</time>
   </trkpt>
   <trkpt lat="51.4705100" lon="-0.2579670">
    <ele>3.9</ele>
    <time>2026-06-19T17:50:18Z</time>
   </trkpt>
   <trkpt lat="51.4705140" lon="-0.2579540">
    <ele>3.9</ele>
    <time>2026-06-19T17:50:19Z</time>
   </trkpt>
   <trkpt lat="51.4705170" lon="-0.2579400">
    <ele>3.9</ele>
    <time>2026-06-19T17:50:20Z</time>
   </trkpt>
   <trkpt lat="51.4705230" lon="-0.2579070">
    <ele>3.9</ele>
    <time>2026-06-19T17:50:21Z</time>
   </trkpt>
   <trkpt lat="51.4705240" lon="-0.2578950">
    <ele>3.9</ele>
    <time>2026-06-19T17:50:22Z</time>
   </trkpt>
   <trkpt lat="51.4705260" lon="-0.2578820">
    <ele>3.9</ele>
    <time>2026-06-19T17:50:23Z</time>
   </trkpt>
   <trkpt lat="51.4705260" lon="-0.2578670">
    <ele>3.9</ele>
    <time>2026-06-19T17:50:24Z</time>
   </trkpt>
   <trkpt lat="51.4705330" lon="-0.2578490">
    <ele>3.9</ele>
    <time>2026-06-19T17:50:25Z</time>
   </trkpt>
   <trkpt lat="51.4705340" lon="-0.2578280">
    <ele>3.9</ele>
    <time>2026-06-19T17:50:26Z</time>
   </trkpt>
   <trkpt lat="51.4705460" lon="-0.2577820">
    <ele>3.9</ele>
    <time>2026-06-19T17:50:27Z</time>
   </trkpt>
   <trkpt lat="51.4705530" lon="-0.2577510">
    <ele>3.9</ele>
    <time>2026-06-19T17:50:28Z</time>
   </trkpt>
   <trkpt lat="51.4705570" lon="-0.2577370">
    <ele>3.9</ele>
    <time>2026-06-19T17:50:29Z</time>
   </trkpt>
   <trkpt lat="51.4705620" lon="-0.2577230">
    <ele>3.9</ele>
    <time>2026-06-19T17:50:30Z</time>
   </trkpt>
   <trkpt lat="51.4705650" lon="-0.2577020">
    <ele>3.9</ele>
    <time>2026-06-19T17:50:31Z</time>
   </trkpt>
   <trkpt lat="51.4705730" lon="-0.2576820">
    <ele>3.9</ele>
    <time>2026-06-19T17:50:32Z</time>
   </trkpt>
   <trkpt lat="51.4705790" lon="-0.2576600">
    <ele>3.9</ele>
    <time>2026-06-19T17:50:33Z</time>
   </trkpt>
   <trkpt lat="51.4705850" lon="-0.2576340">
    <ele>3.9</ele>
    <time>2026-06-19T17:50:34Z</time>
   </trkpt>
   <trkpt lat="51.4705860" lon="-0.2576120">
    <ele>3.9</ele>
    <time>2026-06-19T17:50:35Z</time>
   </trkpt>
   <trkpt lat="51.4705930" lon="-0.2575930">
    <ele>3.9</ele>
    <time>2026-06-19T17:50:36Z</time>
   </trkpt>
   <trkpt lat="51.4705970" lon="-0.2575690">
    <ele>3.9</ele>
    <time>2026-06-19T17:50:37Z</time>
   </trkpt>
   <trkpt lat="51.4706020" lon="-0.2575450">
    <ele>3.9</ele>
    <time>2026-06-19T17:50:38Z</time>
   </trkpt>
   <trkpt lat="51.4706020" lon="-0.2575240">
    <ele>3.9</ele>
    <time>2026-06-19T17:50:39Z</time>
   </trkpt>
   <trkpt lat="51.4705980" lon="-0.2575100">
    <ele>3.9</ele>
    <time>2026-06-19T17:50:40Z</time>
   </trkpt>
   <trkpt lat="51.4706010" lon="-0.2574950">
    <ele>3.9</ele>
    <time>2026-06-19T17:50:41Z</time>
   </trkpt>
   <trkpt lat="51.4706030" lon="-0.2574690">
    <ele>3.9</ele>
    <time>2026-06-19T17:50:42Z</time>
   </trkpt>
   <trkpt lat="51.4706080" lon="-0.2574460">
    <ele>3.9</ele>
    <time>2026-06-19T17:50:43Z</time>
   </trkpt>
   <trkpt lat="51.4706080" lon="-0.2574270">
    <ele>3.9</ele>
    <time>2026-06-19T17:50:44Z</time>
   </trkpt>
   <trkpt lat="51.4706160" lon="-0.2574030">
    <ele>3.9</ele>
    <time>2026-06-19T17:50:45Z</time>
   </trkpt>
   <trkpt lat="51.4706210" lon="-0.2573750">
    <ele>3.9</ele>
    <time>2026-06-19T17:50:46Z</time>
   </trkpt>
   <trkpt lat="51.4706240" lon="-0.2573560">
    <ele>3.9</ele>
    <time>2026-06-19T17:50:47Z</time>
   </trkpt>
   <trkpt lat="51.4706300" lon="-0.2573370">
    <ele>3.9</ele>
    <time>2026-06-19T17:50:48Z</time>
   </trkpt>
   <trkpt lat="51.4706340" lon="-0.2573130">
    <ele>3.9</ele>
    <time>2026-06-19T17:50:49Z</time>
   </trkpt>
   <trkpt lat="51.4706390" lon="-0.2572770">
    <ele>3.9</ele>
    <time>2026-06-19T17:50:50Z</time>
   </trkpt>
   <trkpt lat="51.4706430" lon="-0.2572640">
    <ele>3.9</ele>
    <time>2026-06-19T17:50:51Z</time>
   </trkpt>
   <trkpt lat="51.4706460" lon="-0.2572500">
    <ele>3.9</ele>
    <time>2026-06-19T17:50:52Z</time>
   </trkpt>
   <trkpt lat="51.4706500" lon="-0.2572170">
    <ele>3.8</ele>
    <time>2026-06-19T17:50:53Z</time>
   </trkpt>
   <trkpt lat="51.4706540" lon="-0.2572010">
    <ele>3.8</ele>
    <time>2026-06-19T17:50:54Z</time>
   </trkpt>
   <trkpt lat="51.4706570" lon="-0.2571860">
    <ele>3.8</ele>
    <time>2026-06-19T17:50:55Z</time>
   </trkpt>
   <trkpt lat="51.4706600" lon="-0.2571510">
    <ele>3.8</ele>
    <time>2026-06-19T17:50:56Z</time>
   </trkpt>
   <trkpt lat="51.4706630" lon="-0.2571370">
    <ele>3.8</ele>
    <time>2026-06-19T17:50:57Z</time>
   </trkpt>
   <trkpt lat="51.4706650" lon="-0.2571240">
    <ele>3.8</ele>
    <time>2026-06-19T17:50:58Z</time>
   </trkpt>
   <trkpt lat="51.4706770" lon="-0.2570990">
    <ele>3.8</ele>
    <time>2026-06-19T17:50:59Z</time>
   </trkpt>
   <trkpt lat="51.4706810" lon="-0.2570830">
    <ele>3.8</ele>
    <time>2026-06-19T17:51:00Z</time>
   </trkpt>
   <trkpt lat="51.4706930" lon="-0.2570560">
    <ele>3.8</ele>
    <time>2026-06-19T17:51:01Z</time>
   </trkpt>
   <trkpt lat="51.4706960" lon="-0.2570430">
    <ele>3.8</ele>
    <time>2026-06-19T17:51:02Z</time>
   </trkpt>
   <trkpt lat="51.4706990" lon="-0.2570300">
    <ele>3.8</ele>
    <time>2026-06-19T17:51:03Z</time>
   </trkpt>
   <trkpt lat="51.4707090" lon="-0.2569980">
    <ele>3.8</ele>
    <time>2026-06-19T17:51:04Z</time>
   </trkpt>
   <trkpt lat="51.4707140" lon="-0.2569840">
    <ele>3.8</ele>
    <time>2026-06-19T17:51:05Z</time>
   </trkpt>
   <trkpt lat="51.4707190" lon="-0.2569690">
    <ele>3.8</ele>
    <time>2026-06-19T17:51:06Z</time>
   </trkpt>
   <trkpt lat="51.4707250" lon="-0.2569510">
    <ele>3.8</ele>
    <time>2026-06-19T17:51:07Z</time>
   </trkpt>
   <trkpt lat="51.4707320" lon="-0.2569290">
    <ele>3.8</ele>
    <time>2026-06-19T17:51:08Z</time>
   </trkpt>
   <trkpt lat="51.4707400" lon="-0.2568970">
    <ele>3.8</ele>
    <time>2026-06-19T17:51:09Z</time>
   </trkpt>
   <trkpt lat="51.4707430" lon="-0.2568820">
    <ele>3.8</ele>
    <time>2026-06-19T17:51:10Z</time>
   </trkpt>
   <trkpt lat="51.4707460" lon="-0.2568670">
    <ele>3.8</ele>
    <time>2026-06-19T17:51:11Z</time>
   </trkpt>
   <trkpt lat="51.4707550" lon="-0.2568360">
    <ele>3.8</ele>
    <time>2026-06-19T17:51:12Z</time>
   </trkpt>
   <trkpt lat="51.4707590" lon="-0.2568230">
    <ele>3.8</ele>
    <time>2026-06-19T17:51:13Z</time>
   </trkpt>
   <trkpt lat="51.4707620" lon="-0.2568110">
    <ele>3.8</ele>
    <time>2026-06-19T17:51:14Z</time>
   </trkpt>
   <trkpt lat="51.4707690" lon="-0.2567930">
    <ele>3.8</ele>
    <time>2026-06-19T17:51:15Z</time>
   </trkpt>
   <trkpt lat="51.4707760" lon="-0.2567720">
    <ele>3.8</ele>
    <time>2026-06-19T17:51:16Z</time>
   </trkpt>
   <trkpt lat="51.4707820" lon="-0.2567390">
    <ele>3.8</ele>
    <time>2026-06-19T17:51:17Z</time>
   </trkpt>
   <trkpt lat="51.4707860" lon="-0.2567260">
    <ele>3.8</ele>
    <time>2026-06-19T17:51:18Z</time>
   </trkpt>
   <trkpt lat="51.4707890" lon="-0.2567130">
    <ele>3.8</ele>
    <time>2026-06-19T17:51:19Z</time>
   </trkpt>
   <trkpt lat="51.4707960" lon="-0.2566780">
    <ele>3.8</ele>
    <time>2026-06-19T17:51:20Z</time>
   </trkpt>
   <trkpt lat="51.4708000" lon="-0.2566650">
    <ele>3.7</ele>
    <time>2026-06-19T17:51:21Z</time>
   </trkpt>
   <trkpt lat="51.4708040" lon="-0.2566530">
    <ele>3.7</ele>
    <time>2026-06-19T17:51:22Z</time>
   </trkpt>
   <trkpt lat="51.4708080" lon="-0.2566370">
    <ele>3.7</ele>
    <time>2026-06-19T17:51:23Z</time>
   </trkpt>
   <trkpt lat="51.4708120" lon="-0.2566190">
    <ele>3.7</ele>
    <time>2026-06-19T17:51:24Z</time>
   </trkpt>
   <trkpt lat="51.4708190" lon="-0.2566030">
    <ele>3.7</ele>
    <time>2026-06-19T17:51:25Z</time>
   </trkpt>
   <trkpt lat="51.4708310" lon="-0.2565740">
    <ele>3.7</ele>
    <time>2026-06-19T17:51:26Z</time>
   </trkpt>
   <trkpt lat="51.4708360" lon="-0.2565630">
    <ele>3.7</ele>
    <time>2026-06-19T17:51:27Z</time>
   </trkpt>
   <trkpt lat="51.4708400" lon="-0.2565530">
    <ele>3.7</ele>
    <time>2026-06-19T17:51:28Z</time>
   </trkpt>
   <trkpt lat="51.4708460" lon="-0.2565320">
    <ele>3.7</ele>
    <time>2026-06-19T17:51:29Z</time>
   </trkpt>
   <trkpt lat="51.4708500" lon="-0.2565110">
    <ele>3.7</ele>
    <time>2026-06-19T17:51:30Z</time>
   </trkpt>
   <trkpt lat="51.4708610" lon="-0.2564870">
    <ele>3.7</ele>
    <time>2026-06-19T17:51:31Z</time>
   </trkpt>
   <trkpt lat="51.4708600" lon="-0.2564690">
    <ele>3.7</ele>
    <time>2026-06-19T17:51:32Z</time>
   </trkpt>
   <trkpt lat="51.4708700" lon="-0.2564540">
    <ele>3.7</ele>
    <time>2026-06-19T17:51:33Z</time>
   </trkpt>
   <trkpt lat="51.4708760" lon="-0.2564350">
    <ele>3.7</ele>
    <time>2026-06-19T17:51:34Z</time>
   </trkpt>
   <trkpt lat="51.4708790" lon="-0.2564150">
    <ele>3.7</ele>
    <time>2026-06-19T17:51:35Z</time>
   </trkpt>
   <trkpt lat="51.4708840" lon="-0.2563860">
    <ele>3.7</ele>
    <time>2026-06-19T17:51:36Z</time>
   </trkpt>
   <trkpt lat="51.4708930" lon="-0.2563540">
    <ele>3.7</ele>
    <time>2026-06-19T17:51:37Z</time>
   </trkpt>
   <trkpt lat="51.4708970" lon="-0.2563420">
    <ele>3.7</ele>
    <time>2026-06-19T17:51:38Z</time>
   </trkpt>
   <trkpt lat="51.4709010" lon="-0.2563310">
    <ele>3.7</ele>
    <time>2026-06-19T17:51:39Z</time>
   </trkpt>
   <trkpt lat="51.4709030" lon="-0.2563170">
    <ele>3.7</ele>
    <time>2026-06-19T17:51:40Z</time>
   </trkpt>
   <trkpt lat="51.4709100" lon="-0.2562960">
    <ele>3.7</ele>
    <time>2026-06-19T17:51:41Z</time>
   </trkpt>
   <trkpt lat="51.4709140" lon="-0.2562790">
    <ele>3.7</ele>
    <time>2026-06-19T17:51:42Z</time>
   </trkpt>
   <trkpt lat="51.4709270" lon="-0.2562480">
    <ele>3.7</ele>
    <time>2026-06-19T17:51:43Z</time>
   </trkpt>
   <trkpt lat="51.4709310" lon="-0.2562370">
    <ele>3.7</ele>
    <time>2026-06-19T17:51:44Z</time>
   </trkpt>
   <trkpt lat="51.4709360" lon="-0.2562250">
    <ele>3.7</ele>
    <time>2026-06-19T17:51:45Z</time>
   </trkpt>
   <trkpt lat="51.4709420" lon="-0.2561940">
    <ele>3.7</ele>
    <time>2026-06-19T17:51:46Z</time>
   </trkpt>
   <trkpt lat="51.4709470" lon="-0.2561800">
    <ele>3.7</ele>
    <time>2026-06-19T17:51:47Z</time>
   </trkpt>
   <trkpt lat="51.4709510" lon="-0.2561650">
    <ele>3.7</ele>
    <time>2026-06-19T17:51:48Z</time>
   </trkpt>
   <trkpt lat="51.4709590" lon="-0.2561310">
    <ele>3.7</ele>
    <time>2026-06-19T17:51:49Z</time>
   </trkpt>
   <trkpt lat="51.4709630" lon="-0.2561180">
    <ele>3.7</ele>
    <time>2026-06-19T17:51:50Z</time>
   </trkpt>
   <trkpt lat="51.4709660" lon="-0.2561040">
    <ele>3.7</ele>
    <time>2026-06-19T17:51:51Z</time>
   </trkpt>
   <trkpt lat="51.4709760" lon="-0.2560740">
    <ele>3.7</ele>
    <time>2026-06-19T17:51:53Z</time>
   </trkpt>
   <trkpt lat="51.4709790" lon="-0.2560610">
    <ele>3.7</ele>
    <time>2026-06-19T17:51:54Z</time>
   </trkpt>
   <trkpt lat="51.4709820" lon="-0.2560490">
    <ele>3.7</ele>
    <time>2026-06-19T17:51:55Z</time>
   </trkpt>
   <trkpt lat="51.4709890" lon="-0.2560270">
    <ele>3.7</ele>
    <time>2026-06-19T17:51:56Z</time>
   </trkpt>
   <trkpt lat="51.4709980" lon="-0.2560090">
    <ele>3.7</ele>
    <time>2026-06-19T17:51:57Z</time>
   </trkpt>
   <trkpt lat="51.4710030" lon="-0.2559850">
    <ele>3.7</ele>
    <time>2026-06-19T17:51:58Z</time>
   </trkpt>
   <trkpt lat="51.4710080" lon="-0.2559670">
    <ele>3.7</ele>
    <time>2026-06-19T17:51:59Z</time>
   </trkpt>
   <trkpt lat="51.4710200" lon="-0.2559400">
    <ele>3.7</ele>
    <time>2026-06-19T17:52:00Z</time>
   </trkpt>
   <trkpt lat="51.4710240" lon="-0.2559280">
    <ele>3.7</ele>
    <time>2026-06-19T17:52:01Z</time>
   </trkpt>
   <trkpt lat="51.4710290" lon="-0.2559170">
    <ele>3.7</ele>
    <time>2026-06-19T17:52:02Z</time>
   </trkpt>
   <trkpt lat="51.4710350" lon="-0.2558980">
    <ele>3.7</ele>
    <time>2026-06-19T17:52:03Z</time>
   </trkpt>
   <trkpt lat="51.4710400" lon="-0.2558830">
    <ele>3.7</ele>
    <time>2026-06-19T17:52:04Z</time>
   </trkpt>
   <trkpt lat="51.4710440" lon="-0.2558700">
    <ele>3.7</ele>
    <time>2026-06-19T17:52:05Z</time>
   </trkpt>
   <trkpt lat="51.4710480" lon="-0.2558480">
    <ele>3.7</ele>
    <time>2026-06-19T17:52:06Z</time>
   </trkpt>
   <trkpt lat="51.4710540" lon="-0.2558240">
    <ele>3.7</ele>
    <time>2026-06-19T17:52:07Z</time>
   </trkpt>
   <trkpt lat="51.4710660" lon="-0.2557940">
    <ele>3.7</ele>
    <time>2026-06-19T17:52:08Z</time>
   </trkpt>
   <trkpt lat="51.4710710" lon="-0.2557820">
    <ele>3.8</ele>
    <time>2026-06-19T17:52:09Z</time>
   </trkpt>
   <trkpt lat="51.4710760" lon="-0.2557690">
    <ele>3.8</ele>
    <time>2026-06-19T17:52:10Z</time>
   </trkpt>
   <trkpt lat="51.4710880" lon="-0.2557410">
    <ele>3.8</ele>
    <time>2026-06-19T17:52:11Z</time>
   </trkpt>
   <trkpt lat="51.4710930" lon="-0.2557270">
    <ele>3.8</ele>
    <time>2026-06-19T17:52:12Z</time>
   </trkpt>
   <trkpt lat="51.4710980" lon="-0.2557140">
    <ele>3.8</ele>
    <time>2026-06-19T17:52:13Z</time>
   </trkpt>
   <trkpt lat="51.4711070" lon="-0.2556820">
    <ele>3.8</ele>
    <time>2026-06-19T17:52:14Z</time>
   </trkpt>
   <trkpt lat="51.4711110" lon="-0.2556690">
    <ele>3.8</ele>
    <time>2026-06-19T17:52:15Z</time>
   </trkpt>
   <trkpt lat="51.4711140" lon="-0.2556560">
    <ele>3.8</ele>
    <time>2026-06-19T17:52:16Z</time>
   </trkpt>
   <trkpt lat="51.4711230" lon="-0.2556280">
    <ele>3.8</ele>
    <time>2026-06-19T17:52:17Z</time>
   </trkpt>
   <trkpt lat="51.4711270" lon="-0.2556170">
    <ele>3.8</ele>
    <time>2026-06-19T17:52:18Z</time>
   </trkpt>
   <trkpt lat="51.4711320" lon="-0.2556060">
    <ele>3.8</ele>
    <time>2026-06-19T17:52:19Z</time>
   </trkpt>
   <trkpt lat="51.4711430" lon="-0.2555770">
    <ele>3.8</ele>
    <time>2026-06-19T17:52:20Z</time>
   </trkpt>
   <trkpt lat="51.4711490" lon="-0.2555670">
    <ele>3.9</ele>
    <time>2026-06-19T17:52:21Z</time>
   </trkpt>
   <trkpt lat="51.4711540" lon="-0.2555570">
    <ele>3.9</ele>
    <time>2026-06-19T17:52:22Z</time>
   </trkpt>
   <trkpt lat="51.4711570" lon="-0.2555420">
    <ele>3.9</ele>
    <time>2026-06-19T17:52:23Z</time>
   </trkpt>
   <trkpt lat="51.4711640" lon="-0.2555250">
    <ele>3.9</ele>
    <time>2026-06-19T17:52:24Z</time>
   </trkpt>
   <trkpt lat="51.4711690" lon="-0.2555080">
    <ele>3.9</ele>
    <time>2026-06-19T17:52:25Z</time>
   </trkpt>
   <trkpt lat="51.4711750" lon="-0.2554860">
    <ele>3.9</ele>
    <time>2026-06-19T17:52:26Z</time>
   </trkpt>
   <trkpt lat="51.4711840" lon="-0.2554690">
    <ele>3.9</ele>
    <time>2026-06-19T17:52:27Z</time>
   </trkpt>
   <trkpt lat="51.4711930" lon="-0.2554480">
    <ele>3.9</ele>
    <time>2026-06-19T17:52:28Z</time>
   </trkpt>
   <trkpt lat="51.4711990" lon="-0.2554310">
    <ele>3.9</ele>
    <time>2026-06-19T17:52:29Z</time>
   </trkpt>
   <trkpt lat="51.4712090" lon="-0.2554010">
    <ele>3.9</ele>
    <time>2026-06-19T17:52:30Z</time>
   </trkpt>
   <trkpt lat="51.4712130" lon="-0.2553890">
    <ele>4.0</ele>
    <time>2026-06-19T17:52:31Z</time>
   </trkpt>
   <trkpt lat="51.4712170" lon="-0.2553780">
    <ele>4.0</ele>
    <time>2026-06-19T17:52:32Z</time>
   </trkpt>
   <trkpt lat="51.4712270" lon="-0.2553580">
    <ele>4.0</ele>
    <time>2026-06-19T17:52:33Z</time>
   </trkpt>
   <trkpt lat="51.4712370" lon="-0.2553370">
    <ele>4.0</ele>
    <time>2026-06-19T17:52:34Z</time>
   </trkpt>
   <trkpt lat="51.4712470" lon="-0.2553220">
    <ele>4.0</ele>
    <time>2026-06-19T17:52:35Z</time>
   </trkpt>
   <trkpt lat="51.4712580" lon="-0.2553060">
    <ele>4.0</ele>
    <time>2026-06-19T17:52:36Z</time>
   </trkpt>
   <trkpt lat="51.4712640" lon="-0.2552870">
    <ele>4.0</ele>
    <time>2026-06-19T17:52:37Z</time>
   </trkpt>
   <trkpt lat="51.4712730" lon="-0.2552650">
    <ele>4.0</ele>
    <time>2026-06-19T17:52:38Z</time>
   </trkpt>
   <trkpt lat="51.4712940" lon="-0.2552230">
    <ele>4.1</ele>
    <time>2026-06-19T17:52:39Z</time>
   </trkpt>
   <trkpt lat="51.4712990" lon="-0.2552120">
    <ele>4.1</ele>
    <time>2026-06-19T17:52:40Z</time>
   </trkpt>
   <trkpt lat="51.4713050" lon="-0.2552000">
    <ele>4.1</ele>
    <time>2026-06-19T17:52:41Z</time>
   </trkpt>
   <trkpt lat="51.4713140" lon="-0.2551840">
    <ele>4.1</ele>
    <time>2026-06-19T17:52:42Z</time>
   </trkpt>
   <trkpt lat="51.4713200" lon="-0.2551670">
    <ele>4.1</ele>
    <time>2026-06-19T17:52:43Z</time>
   </trkpt>
   <trkpt lat="51.4713340" lon="-0.2551450">
    <ele>4.1</ele>
    <time>2026-06-19T17:52:44Z</time>
   </trkpt>
   <trkpt lat="51.4713390" lon="-0.2551270">
    <ele>4.1</ele>
    <time>2026-06-19T17:52:45Z</time>
   </trkpt>
   <trkpt lat="51.4713520" lon="-0.2550930">
    <ele>4.1</ele>
    <time>2026-06-19T17:52:46Z</time>
   </trkpt>
   <trkpt lat="51.4713580" lon="-0.2550810">
    <ele>4.1</ele>
    <time>2026-06-19T17:52:47Z</time>
   </trkpt>
   <trkpt lat="51.4713640" lon="-0.2550690">
    <ele>4.1</ele>
    <time>2026-06-19T17:52:48Z</time>
   </trkpt>
   <trkpt lat="51.4713710" lon="-0.2550550">
    <ele>4.1</ele>
    <time>2026-06-19T17:52:49Z</time>
   </trkpt>
   <trkpt lat="51.4713830" lon="-0.2550320">
    <ele>4.1</ele>
    <time>2026-06-19T17:52:50Z</time>
   </trkpt>
   <trkpt lat="51.4713920" lon="-0.2550000">
    <ele>4.1</ele>
    <time>2026-06-19T17:52:51Z</time>
   </trkpt>
   <trkpt lat="51.4713980" lon="-0.2549870">
    <ele>4.1</ele>
    <time>2026-06-19T17:52:52Z</time>
   </trkpt>
   <trkpt lat="51.4714030" lon="-0.2549740">
    <ele>4.1</ele>
    <time>2026-06-19T17:52:53Z</time>
   </trkpt>
   <trkpt lat="51.4714090" lon="-0.2549540">
    <ele>4.1</ele>
    <time>2026-06-19T17:52:54Z</time>
   </trkpt>
   <trkpt lat="51.4714170" lon="-0.2549360">
    <ele>4.1</ele>
    <time>2026-06-19T17:52:55Z</time>
   </trkpt>
   <trkpt lat="51.4714250" lon="-0.2549180">
    <ele>4.1</ele>
    <time>2026-06-19T17:52:56Z</time>
   </trkpt>
   <trkpt lat="51.4714320" lon="-0.2548990">
    <ele>4.1</ele>
    <time>2026-06-19T17:52:57Z</time>
   </trkpt>
   <trkpt lat="51.4714460" lon="-0.2548700">
    <ele>4.1</ele>
    <time>2026-06-19T17:52:58Z</time>
   </trkpt>
   <trkpt lat="51.4714510" lon="-0.2548590">
    <ele>4.1</ele>
    <time>2026-06-19T17:52:59Z</time>
   </trkpt>
   <trkpt lat="51.4714570" lon="-0.2548480">
    <ele>4.1</ele>
    <time>2026-06-19T17:53:00Z</time>
   </trkpt>
   <trkpt lat="51.4714680" lon="-0.2548170">
    <ele>4.1</ele>
    <time>2026-06-19T17:53:01Z</time>
   </trkpt>
   <trkpt lat="51.4714730" lon="-0.2548050">
    <ele>4.1</ele>
    <time>2026-06-19T17:53:02Z</time>
   </trkpt>
   <trkpt lat="51.4714770" lon="-0.2547930">
    <ele>4.1</ele>
    <time>2026-06-19T17:53:03Z</time>
   </trkpt>
   <trkpt lat="51.4714850" lon="-0.2547730">
    <ele>4.1</ele>
    <time>2026-06-19T17:53:04Z</time>
   </trkpt>
   <trkpt lat="51.4714930" lon="-0.2547550">
    <ele>4.1</ele>
    <time>2026-06-19T17:53:05Z</time>
   </trkpt>
   <trkpt lat="51.4715040" lon="-0.2547390">
    <ele>4.1</ele>
    <time>2026-06-19T17:53:06Z</time>
   </trkpt>
   <trkpt lat="51.4715130" lon="-0.2547190">
    <ele>4.1</ele>
    <time>2026-06-19T17:53:07Z</time>
   </trkpt>
   <trkpt lat="51.4715210" lon="-0.2546960">
    <ele>4.1</ele>
    <time>2026-06-19T17:53:08Z</time>
   </trkpt>
   <trkpt lat="51.4715280" lon="-0.2546790">
    <ele>4.1</ele>
    <time>2026-06-19T17:53:09Z</time>
   </trkpt>
   <trkpt lat="51.4715360" lon="-0.2546610">
    <ele>4.1</ele>
    <time>2026-06-19T17:53:10Z</time>
   </trkpt>
   <trkpt lat="51.4715420" lon="-0.2546410">
    <ele>4.1</ele>
    <time>2026-06-19T17:53:11Z</time>
   </trkpt>
   <trkpt lat="51.4715490" lon="-0.2546240">
    <ele>4.1</ele>
    <time>2026-06-19T17:53:12Z</time>
   </trkpt>
   <trkpt lat="51.4715600" lon="-0.2546080">
    <ele>4.0</ele>
    <time>2026-06-19T17:53:13Z</time>
   </trkpt>
   <trkpt lat="51.4715720" lon="-0.2545810">
    <ele>4.0</ele>
    <time>2026-06-19T17:53:14Z</time>
   </trkpt>
   <trkpt lat="51.4715790" lon="-0.2545720">
    <ele>4.0</ele>
    <time>2026-06-19T17:53:15Z</time>
   </trkpt>
   <trkpt lat="51.4715850" lon="-0.2545620">
    <ele>4.0</ele>
    <time>2026-06-19T17:53:16Z</time>
   </trkpt>
   <trkpt lat="51.4715980" lon="-0.2545310">
    <ele>4.0</ele>
    <time>2026-06-19T17:53:17Z</time>
   </trkpt>
   <trkpt lat="51.4716030" lon="-0.2545210">
    <ele>4.0</ele>
    <time>2026-06-19T17:53:18Z</time>
   </trkpt>
   <trkpt lat="51.4716090" lon="-0.2545100">
    <ele>4.0</ele>
    <time>2026-06-19T17:53:19Z</time>
   </trkpt>
   <trkpt lat="51.4716160" lon="-0.2544910">
    <ele>4.0</ele>
    <time>2026-06-19T17:53:20Z</time>
   </trkpt>
   <trkpt lat="51.4716250" lon="-0.2544730">
    <ele>4.0</ele>
    <time>2026-06-19T17:53:21Z</time>
   </trkpt>
   <trkpt lat="51.4716360" lon="-0.2544600">
    <ele>4.0</ele>
    <time>2026-06-19T17:53:22Z</time>
   </trkpt>
   <trkpt lat="51.4716440" lon="-0.2544420">
    <ele>4.0</ele>
    <time>2026-06-19T17:53:23Z</time>
   </trkpt>
   <trkpt lat="51.4716520" lon="-0.2544220">
    <ele>4.0</ele>
    <time>2026-06-19T17:53:24Z</time>
   </trkpt>
   <trkpt lat="51.4716610" lon="-0.2544060">
    <ele>4.0</ele>
    <time>2026-06-19T17:53:25Z</time>
   </trkpt>
   <trkpt lat="51.4716690" lon="-0.2543890">
    <ele>4.0</ele>
    <time>2026-06-19T17:53:26Z</time>
   </trkpt>
   <trkpt lat="51.4716770" lon="-0.2543710">
    <ele>4.0</ele>
    <time>2026-06-19T17:53:27Z</time>
   </trkpt>
   <trkpt lat="51.4716860" lon="-0.2543530">
    <ele>4.0</ele>
    <time>2026-06-19T17:53:28Z</time>
   </trkpt>
   <trkpt lat="51.4716950" lon="-0.2543370">
    <ele>4.0</ele>
    <time>2026-06-19T17:53:29Z</time>
   </trkpt>
   <trkpt lat="51.4717030" lon="-0.2543170">
    <ele>4.0</ele>
    <time>2026-06-19T17:53:30Z</time>
   </trkpt>
   <trkpt lat="51.4717110" lon="-0.2542990">
    <ele>4.0</ele>
    <time>2026-06-19T17:53:31Z</time>
   </trkpt>
   <trkpt lat="51.4717190" lon="-0.2542800">
    <ele>4.0</ele>
    <time>2026-06-19T17:53:32Z</time>
   </trkpt>
   <trkpt lat="51.4717280" lon="-0.2542620">
    <ele>4.0</ele>
    <time>2026-06-19T17:53:33Z</time>
   </trkpt>
   <trkpt lat="51.4717380" lon="-0.2542460">
    <ele>4.0</ele>
    <time>2026-06-19T17:53:34Z</time>
   </trkpt>
   <trkpt lat="51.4717460" lon="-0.2542280">
    <ele>4.0</ele>
    <time>2026-06-19T17:53:35Z</time>
   </trkpt>
   <trkpt lat="51.4717550" lon="-0.2542110">
    <ele>4.0</ele>
    <time>2026-06-19T17:53:36Z</time>
   </trkpt>
   <trkpt lat="51.4717640" lon="-0.2541960">
    <ele>4.0</ele>
    <time>2026-06-19T17:53:37Z</time>
   </trkpt>
   <trkpt lat="51.4717760" lon="-0.2541670">
    <ele>4.0</ele>
    <time>2026-06-19T17:53:38Z</time>
   </trkpt>
   <trkpt lat="51.4717820" lon="-0.2541580">
    <ele>4.0</ele>
    <time>2026-06-19T17:53:39Z</time>
   </trkpt>
   <trkpt lat="51.4717870" lon="-0.2541480">
    <ele>4.0</ele>
    <time>2026-06-19T17:53:40Z</time>
   </trkpt>
   <trkpt lat="51.4718020" lon="-0.2541200">
    <ele>4.0</ele>
    <time>2026-06-19T17:53:41Z</time>
   </trkpt>
   <trkpt lat="51.4718070" lon="-0.2541090">
    <ele>4.0</ele>
    <time>2026-06-19T17:53:42Z</time>
   </trkpt>
   <trkpt lat="51.4718130" lon="-0.2540980">
    <ele>4.0</ele>
    <time>2026-06-19T17:53:43Z</time>
   </trkpt>
   <trkpt lat="51.4718270" lon="-0.2540700">
    <ele>4.0</ele>
    <time>2026-06-19T17:53:44Z</time>
   </trkpt>
   <trkpt lat="51.4718330" lon="-0.2540590">
    <ele>4.0</ele>
    <time>2026-06-19T17:53:45Z</time>
   </trkpt>
   <trkpt lat="51.4718390" lon="-0.2540480">
    <ele>4.0</ele>
    <time>2026-06-19T17:53:46Z</time>
   </trkpt>
   <trkpt lat="51.4718440" lon="-0.2540290">
    <ele>4.0</ele>
    <time>2026-06-19T17:53:47Z</time>
   </trkpt>
   <trkpt lat="51.4718540" lon="-0.2540120">
    <ele>3.9</ele>
    <time>2026-06-19T17:53:48Z</time>
   </trkpt>
   <trkpt lat="51.4718620" lon="-0.2539950">
    <ele>3.9</ele>
    <time>2026-06-19T17:53:49Z</time>
   </trkpt>
   <trkpt lat="51.4718720" lon="-0.2539790">
    <ele>3.9</ele>
    <time>2026-06-19T17:53:50Z</time>
   </trkpt>
   <trkpt lat="51.4718810" lon="-0.2539620">
    <ele>3.9</ele>
    <time>2026-06-19T17:53:51Z</time>
   </trkpt>
   <trkpt lat="51.4718900" lon="-0.2539430">
    <ele>3.9</ele>
    <time>2026-06-19T17:53:52Z</time>
   </trkpt>
   <trkpt lat="51.4718990" lon="-0.2539250">
    <ele>3.9</ele>
    <time>2026-06-19T17:53:53Z</time>
   </trkpt>
   <trkpt lat="51.4719060" lon="-0.2539060">
    <ele>3.9</ele>
    <time>2026-06-19T17:53:54Z</time>
   </trkpt>
   <trkpt lat="51.4719200" lon="-0.2538780">
    <ele>3.9</ele>
    <time>2026-06-19T17:53:55Z</time>
   </trkpt>
   <trkpt lat="51.4719260" lon="-0.2538670">
    <ele>3.9</ele>
    <time>2026-06-19T17:53:56Z</time>
   </trkpt>
   <trkpt lat="51.4719310" lon="-0.2538550">
    <ele>3.9</ele>
    <time>2026-06-19T17:53:57Z</time>
   </trkpt>
   <trkpt lat="51.4719420" lon="-0.2538410">
    <ele>3.9</ele>
    <time>2026-06-19T17:53:59Z</time>
   </trkpt>
   <trkpt lat="51.4719500" lon="-0.2538230">
    <ele>3.9</ele>
    <time>2026-06-19T17:54:00Z</time>
   </trkpt>
   <trkpt lat="51.4719580" lon="-0.2538060">
    <ele>3.9</ele>
    <time>2026-06-19T17:54:01Z</time>
   </trkpt>
   <trkpt lat="51.4719660" lon="-0.2537870">
    <ele>3.9</ele>
    <time>2026-06-19T17:54:02Z</time>
   </trkpt>
   <trkpt lat="51.4719820" lon="-0.2537640">
    <ele>3.9</ele>
    <time>2026-06-19T17:54:03Z</time>
   </trkpt>
   <trkpt lat="51.4719880" lon="-0.2537530">
    <ele>3.9</ele>
    <time>2026-06-19T17:54:04Z</time>
   </trkpt>
   <trkpt lat="51.4719950" lon="-0.2537430">
    <ele>3.9</ele>
    <time>2026-06-19T17:54:05Z</time>
   </trkpt>
   <trkpt lat="51.4720030" lon="-0.2537260">
    <ele>3.9</ele>
    <time>2026-06-19T17:54:06Z</time>
   </trkpt>
   <trkpt lat="51.4720140" lon="-0.2537070">
    <ele>3.9</ele>
    <time>2026-06-19T17:54:07Z</time>
   </trkpt>
   <trkpt lat="51.4720250" lon="-0.2536780">
    <ele>3.9</ele>
    <time>2026-06-19T17:54:08Z</time>
   </trkpt>
   <trkpt lat="51.4720300" lon="-0.2536680">
    <ele>3.9</ele>
    <time>2026-06-19T17:54:09Z</time>
   </trkpt>
   <trkpt lat="51.4720360" lon="-0.2536580">
    <ele>3.9</ele>
    <time>2026-06-19T17:54:10Z</time>
   </trkpt>
   <trkpt lat="51.4720450" lon="-0.2536390">
    <ele>3.9</ele>
    <time>2026-06-19T17:54:11Z</time>
   </trkpt>
   <trkpt lat="51.4720520" lon="-0.2536200">
    <ele>3.9</ele>
    <time>2026-06-19T17:54:12Z</time>
   </trkpt>
   <trkpt lat="51.4720650" lon="-0.2535920">
    <ele>3.9</ele>
    <time>2026-06-19T17:54:13Z</time>
   </trkpt>
   <trkpt lat="51.4720720" lon="-0.2535800">
    <ele>3.9</ele>
    <time>2026-06-19T17:54:14Z</time>
   </trkpt>
   <trkpt lat="51.4720780" lon="-0.2535690">
    <ele>3.9</ele>
    <time>2026-06-19T17:54:15Z</time>
   </trkpt>
   <trkpt lat="51.4720930" lon="-0.2535430">
    <ele>3.9</ele>
    <time>2026-06-19T17:54:16Z</time>
   </trkpt>
   <trkpt lat="51.4720990" lon="-0.2535310">
    <ele>3.9</ele>
    <time>2026-06-19T17:54:17Z</time>
   </trkpt>
   <trkpt lat="51.4721040" lon="-0.2535200">
    <ele>3.9</ele>
    <time>2026-06-19T17:54:18Z</time>
   </trkpt>
   <trkpt lat="51.4721190" lon="-0.2534940">
    <ele>3.9</ele>
    <time>2026-06-19T17:54:19Z</time>
   </trkpt>
   <trkpt lat="51.4721260" lon="-0.2534830">
    <ele>3.9</ele>
    <time>2026-06-19T17:54:20Z</time>
   </trkpt>
   <trkpt lat="51.4721330" lon="-0.2534730">
    <ele>3.9</ele>
    <time>2026-06-19T17:54:21Z</time>
   </trkpt>
   <trkpt lat="51.4721470" lon="-0.2534450">
    <ele>3.8</ele>
    <time>2026-06-19T17:54:22Z</time>
   </trkpt>
   <trkpt lat="51.4721540" lon="-0.2534340">
    <ele>3.8</ele>
    <time>2026-06-19T17:54:23Z</time>
   </trkpt>
   <trkpt lat="51.4721600" lon="-0.2534240">
    <ele>3.8</ele>
    <time>2026-06-19T17:54:24Z</time>
   </trkpt>
   <trkpt lat="51.4721770" lon="-0.2533990">
    <ele>3.8</ele>
    <time>2026-06-19T17:54:25Z</time>
   </trkpt>
   <trkpt lat="51.4721820" lon="-0.2533890">
    <ele>3.8</ele>
    <time>2026-06-19T17:54:26Z</time>
   </trkpt>
   <trkpt lat="51.4721880" lon="-0.2533790">
    <ele>3.8</ele>
    <time>2026-06-19T17:54:27Z</time>
   </trkpt>
   <trkpt lat="51.4721990" lon="-0.2533660">
    <ele>3.8</ele>
    <time>2026-06-19T17:54:28Z</time>
   </trkpt>
   <trkpt lat="51.4722110" lon="-0.2533530">
    <ele>3.8</ele>
    <time>2026-06-19T17:54:29Z</time>
   </trkpt>
   <trkpt lat="51.4722250" lon="-0.2533480">
    <ele>3.8</ele>
    <time>2026-06-19T17:54:30Z</time>
   </trkpt>
   <trkpt lat="51.4722380" lon="-0.2533430">
    <ele>3.8</ele>
    <time>2026-06-19T17:54:31Z</time>
   </trkpt>
   <trkpt lat="51.4722600" lon="-0.2533390">
    <ele>3.8</ele>
    <time>2026-06-19T17:54:32Z</time>
   </trkpt>
   <trkpt lat="51.4722670" lon="-0.2533350">
    <ele>3.8</ele>
    <time>2026-06-19T17:54:33Z</time>
   </trkpt>
   <trkpt lat="51.4722750" lon="-0.2533310">
    <ele>3.8</ele>
    <time>2026-06-19T17:54:34Z</time>
   </trkpt>
   <trkpt lat="51.4722890" lon="-0.2533060">
    <ele>3.8</ele>
    <time>2026-06-19T17:54:35Z</time>
   </trkpt>
   <trkpt lat="51.4722950" lon="-0.2532980">
    <ele>3.8</ele>
    <time>2026-06-19T17:54:36Z</time>
   </trkpt>
   <trkpt lat="51.4723010" lon="-0.2532890">
    <ele>3.8</ele>
    <time>2026-06-19T17:54:37Z</time>
   </trkpt>
   <trkpt lat="51.4723110" lon="-0.2532800">
    <ele>3.8</ele>
    <time>2026-06-19T17:54:38Z</time>
   </trkpt>
   <trkpt lat="51.4723180" lon="-0.2532730">
    <ele>3.9</ele>
    <time>2026-06-19T17:54:39Z</time>
   </trkpt>
   <trkpt lat="51.4723280" lon="-0.2532650">
    <ele>3.9</ele>
    <time>2026-06-19T17:54:40Z</time>
   </trkpt>
   <trkpt lat="51.4723370" lon="-0.2532540">
    <ele>3.9</ele>
    <time>2026-06-19T17:54:41Z</time>
   </trkpt>
   <trkpt lat="51.4723460" lon="-0.2532450">
    <ele>3.9</ele>
    <time>2026-06-19T17:54:42Z</time>
   </trkpt>
   <trkpt lat="51.4723530" lon="-0.2532380">
    <ele>3.9</ele>
    <time>2026-06-19T17:54:43Z</time>
   </trkpt>
   <trkpt lat="51.4723550" lon="-0.2532360">
    <ele>3.9</ele>
    <time>2026-06-19T17:54:44Z</time>
   </trkpt>
   <trkpt lat="51.4723630" lon="-0.2532270">
    <ele>3.9</ele>
    <time>2026-06-19T17:54:45Z</time>
   </trkpt>
   <trkpt lat="51.4723710" lon="-0.2532230">
    <ele>4.0</ele>
    <time>2026-06-19T17:54:46Z</time>
   </trkpt>
   <trkpt lat="51.4723800" lon="-0.2532150">
    <ele>4.0</ele>
    <time>2026-06-19T17:54:47Z</time>
   </trkpt>
   <trkpt lat="51.4723900" lon="-0.2531990">
    <ele>4.0</ele>
    <time>2026-06-19T17:54:48Z</time>
   </trkpt>
   <trkpt lat="51.4724070" lon="-0.2531830">
    <ele>4.0</ele>
    <time>2026-06-19T17:54:49Z</time>
   </trkpt>
   <trkpt lat="51.4724200" lon="-0.2531720">
    <ele>4.1</ele>
    <time>2026-06-19T17:54:50Z</time>
   </trkpt>
   <trkpt lat="51.4724340" lon="-0.2531550">
    <ele>4.1</ele>
    <time>2026-06-19T17:54:51Z</time>
   </trkpt>
   <trkpt lat="51.4724510" lon="-0.2530930">
    <ele>4.2</ele>
    <time>2026-06-19T17:54:52Z</time>
   </trkpt>
   <trkpt lat="51.4724520" lon="-0.2530730">
    <ele>4.2</ele>
    <time>2026-06-19T17:54:53Z</time>
   </trkpt>
   <trkpt lat="51.4724600" lon="-0.2530470">
    <ele>4.2</ele>
    <time>2026-06-19T17:54:54Z</time>
   </trkpt>
   <trkpt lat="51.4724640" lon="-0.2530370">
    <ele>4.2</ele>
    <time>2026-06-19T17:54:55Z</time>
   </trkpt>
   <trkpt lat="51.4724660" lon="-0.2530250">
    <ele>4.2</ele>
    <time>2026-06-19T17:54:56Z</time>
   </trkpt>
   <trkpt lat="51.4724730" lon="-0.2530170">
    <ele>4.2</ele>
    <time>2026-06-19T17:54:57Z</time>
   </trkpt>
   <trkpt lat="51.4724810" lon="-0.2530070">
    <ele>4.2</ele>
    <time>2026-06-19T17:54:58Z</time>
   </trkpt>
   <trkpt lat="51.4724880" lon="-0.2529890">
    <ele>4.2</ele>
    <time>2026-06-19T17:54:59Z</time>
   </trkpt>
   <trkpt lat="51.4724990" lon="-0.2529690">
    <ele>4.2</ele>
    <time>2026-06-19T17:55:00Z</time>
   </trkpt>
   <trkpt lat="51.4725080" lon="-0.2529540">
    <ele>4.2</ele>
    <time>2026-06-19T17:55:01Z</time>
   </trkpt>
   <trkpt lat="51.4725180" lon="-0.2529420">
    <ele>4.2</ele>
    <time>2026-06-19T17:55:02Z</time>
   </trkpt>
   <trkpt lat="51.4725270" lon="-0.2529320">
    <ele>4.2</ele>
    <time>2026-06-19T17:55:03Z</time>
   </trkpt>
   <trkpt lat="51.4725350" lon="-0.2529140">
    <ele>4.2</ele>
    <time>2026-06-19T17:55:04Z</time>
   </trkpt>
   <trkpt lat="51.4725440" lon="-0.2528930">
    <ele>4.2</ele>
    <time>2026-06-19T17:55:05Z</time>
   </trkpt>
   <trkpt lat="51.4725560" lon="-0.2528740">
    <ele>4.1</ele>
    <time>2026-06-19T17:55:06Z</time>
   </trkpt>
   <trkpt lat="51.4725670" lon="-0.2528550">
    <ele>4.1</ele>
    <time>2026-06-19T17:55:07Z</time>
   </trkpt>
   <trkpt lat="51.4725780" lon="-0.2528330">
    <ele>4.1</ele>
    <time>2026-06-19T17:55:08Z</time>
   </trkpt>
   <trkpt lat="51.4725880" lon="-0.2528150">
    <ele>4.1</ele>
    <time>2026-06-19T17:55:09Z</time>
   </trkpt>
   <trkpt lat="51.4725990" lon="-0.2527990">
    <ele>4.1</ele>
    <time>2026-06-19T17:55:10Z</time>
   </trkpt>
   <trkpt lat="51.4726090" lon="-0.2527820">
    <ele>4.1</ele>
    <time>2026-06-19T17:55:11Z</time>
   </trkpt>
   <trkpt lat="51.4726180" lon="-0.2527670">
    <ele>4.1</ele>
    <time>2026-06-19T17:55:12Z</time>
   </trkpt>
   <trkpt lat="51.4726290" lon="-0.2527530">
    <ele>4.1</ele>
    <time>2026-06-19T17:55:13Z</time>
   </trkpt>
   <trkpt lat="51.4726410" lon="-0.2527410">
    <ele>4.1</ele>
    <time>2026-06-19T17:55:14Z</time>
   </trkpt>
   <trkpt lat="51.4726500" lon="-0.2527240">
    <ele>4.1</ele>
    <time>2026-06-19T17:55:15Z</time>
   </trkpt>
   <trkpt lat="51.4726590" lon="-0.2527060">
    <ele>4.2</ele>
    <time>2026-06-19T17:55:16Z</time>
   </trkpt>
   <trkpt lat="51.4726700" lon="-0.2526910">
    <ele>4.2</ele>
    <time>2026-06-19T17:55:17Z</time>
   </trkpt>
   <trkpt lat="51.4726810" lon="-0.2526790">
    <ele>4.2</ele>
    <time>2026-06-19T17:55:18Z</time>
   </trkpt>
   <trkpt lat="51.4726930" lon="-0.2526670">
    <ele>4.2</ele>
    <time>2026-06-19T17:55:19Z</time>
   </trkpt>
   <trkpt lat="51.4727020" lon="-0.2526530">
    <ele>4.2</ele>
    <time>2026-06-19T17:55:20Z</time>
   </trkpt>
   <trkpt lat="51.4727120" lon="-0.2526440">
    <ele>4.2</ele>
    <time>2026-06-19T17:55:21Z</time>
   </trkpt>
   <trkpt lat="51.4727190" lon="-0.2526270">
    <ele>4.2</ele>
    <time>2026-06-19T17:55:22Z</time>
   </trkpt>
   <trkpt lat="51.4727350" lon="-0.2526040">
    <ele>4.2</ele>
    <time>2026-06-19T17:55:23Z</time>
   </trkpt>
   <trkpt lat="51.4727420" lon="-0.2525950">
    <ele>4.2</ele>
    <time>2026-06-19T17:55:24Z</time>
   </trkpt>
   <trkpt lat="51.4727490" lon="-0.2525870">
    <ele>4.2</ele>
    <time>2026-06-19T17:55:25Z</time>
   </trkpt>
   <trkpt lat="51.4727590" lon="-0.2525700">
    <ele>4.2</ele>
    <time>2026-06-19T17:55:26Z</time>
   </trkpt>
   <trkpt lat="51.4727690" lon="-0.2525580">
    <ele>4.2</ele>
    <time>2026-06-19T17:55:27Z</time>
   </trkpt>
   <trkpt lat="51.4727770" lon="-0.2525440">
    <ele>4.2</ele>
    <time>2026-06-19T17:55:28Z</time>
   </trkpt>
   <trkpt lat="51.4727880" lon="-0.2525240">
    <ele>4.2</ele>
    <time>2026-06-19T17:55:29Z</time>
   </trkpt>
   <trkpt lat="51.4728040" lon="-0.2525020">
    <ele>4.2</ele>
    <time>2026-06-19T17:55:30Z</time>
   </trkpt>
   <trkpt lat="51.4728110" lon="-0.2524910">
    <ele>4.2</ele>
    <time>2026-06-19T17:55:31Z</time>
   </trkpt>
   <trkpt lat="51.4728180" lon="-0.2524810">
    <ele>4.2</ele>
    <time>2026-06-19T17:55:32Z</time>
   </trkpt>
   <trkpt lat="51.4728330" lon="-0.2524570">
    <ele>4.2</ele>
    <time>2026-06-19T17:55:33Z</time>
   </trkpt>
   <trkpt lat="51.4728390" lon="-0.2524480">
    <ele>4.2</ele>
    <time>2026-06-19T17:55:34Z</time>
   </trkpt>
   <trkpt lat="51.4728460" lon="-0.2524390">
    <ele>4.2</ele>
    <time>2026-06-19T17:55:35Z</time>
   </trkpt>
   <trkpt lat="51.4728620" lon="-0.2524170">
    <ele>4.2</ele>
    <time>2026-06-19T17:55:36Z</time>
   </trkpt>
   <trkpt lat="51.4728690" lon="-0.2524070">
    <ele>4.2</ele>
    <time>2026-06-19T17:55:37Z</time>
   </trkpt>
   <trkpt lat="51.4728750" lon="-0.2523980">
    <ele>4.2</ele>
    <time>2026-06-19T17:55:38Z</time>
   </trkpt>
   <trkpt lat="51.4728930" lon="-0.2523750">
    <ele>4.2</ele>
    <time>2026-06-19T17:55:39Z</time>
   </trkpt>
   <trkpt lat="51.4728990" lon="-0.2523660">
    <ele>4.2</ele>
    <time>2026-06-19T17:55:40Z</time>
   </trkpt>
   <trkpt lat="51.4729060" lon="-0.2523560">
    <ele>4.2</ele>
    <time>2026-06-19T17:55:41Z</time>
   </trkpt>
   <trkpt lat="51.4729220" lon="-0.2523350">
    <ele>4.2</ele>
    <time>2026-06-19T17:55:42Z</time>
   </trkpt>
   <trkpt lat="51.4729290" lon="-0.2523260">
    <ele>4.2</ele>
    <time>2026-06-19T17:55:43Z</time>
   </trkpt>
   <trkpt lat="51.4729350" lon="-0.2523160">
    <ele>4.2</ele>
    <time>2026-06-19T17:55:44Z</time>
   </trkpt>
   <trkpt lat="51.4729520" lon="-0.2522910">
    <ele>4.2</ele>
    <time>2026-06-19T17:55:45Z</time>
   </trkpt>
   <trkpt lat="51.4729580" lon="-0.2522820">
    <ele>4.2</ele>
    <time>2026-06-19T17:55:46Z</time>
   </trkpt>
   <trkpt lat="51.4729650" lon="-0.2522720">
    <ele>4.2</ele>
    <time>2026-06-19T17:55:47Z</time>
   </trkpt>
   <trkpt lat="51.4729810" lon="-0.2522480">
    <ele>4.2</ele>
    <time>2026-06-19T17:55:48Z</time>
   </trkpt>
   <trkpt lat="51.4729870" lon="-0.2522390">
    <ele>4.2</ele>
    <time>2026-06-19T17:55:49Z</time>
   </trkpt>
   <trkpt lat="51.4729940" lon="-0.2522300">
    <ele>4.2</ele>
    <time>2026-06-19T17:55:50Z</time>
   </trkpt>
   <trkpt lat="51.4730030" lon="-0.2522160">
    <ele>4.2</ele>
    <time>2026-06-19T17:55:51Z</time>
   </trkpt>
   <trkpt lat="51.4730150" lon="-0.2522020">
    <ele>4.2</ele>
    <time>2026-06-19T17:55:52Z</time>
   </trkpt>
   <trkpt lat="51.4730250" lon="-0.2521860">
    <ele>4.2</ele>
    <time>2026-06-19T17:55:53Z</time>
   </trkpt>
   <trkpt lat="51.4730350" lon="-0.2521720">
    <ele>4.2</ele>
    <time>2026-06-19T17:55:54Z</time>
   </trkpt>
   <trkpt lat="51.4730460" lon="-0.2521580">
    <ele>4.2</ele>
    <time>2026-06-19T17:55:55Z</time>
   </trkpt>
   <trkpt lat="51.4730580" lon="-0.2521460">
    <ele>4.2</ele>
    <time>2026-06-19T17:55:56Z</time>
   </trkpt>
   <trkpt lat="51.4730740" lon="-0.2521230">
    <ele>4.2</ele>
    <time>2026-06-19T17:55:57Z</time>
   </trkpt>
   <trkpt lat="51.4730810" lon="-0.2521140">
    <ele>4.2</ele>
    <time>2026-06-19T17:55:58Z</time>
   </trkpt>
   <trkpt lat="51.4730880" lon="-0.2521050">
    <ele>4.2</ele>
    <time>2026-06-19T17:55:59Z</time>
   </trkpt>
   <trkpt lat="51.4731050" lon="-0.2520820">
    <ele>4.2</ele>
    <time>2026-06-19T17:56:00Z</time>
   </trkpt>
   <trkpt lat="51.4731120" lon="-0.2520730">
    <ele>4.2</ele>
    <time>2026-06-19T17:56:01Z</time>
   </trkpt>
   <trkpt lat="51.4731190" lon="-0.2520640">
    <ele>4.2</ele>
    <time>2026-06-19T17:56:02Z</time>
   </trkpt>
   <trkpt lat="51.4731290" lon="-0.2520480">
    <ele>4.2</ele>
    <time>2026-06-19T17:56:03Z</time>
   </trkpt>
   <trkpt lat="51.4731410" lon="-0.2520340">
    <ele>4.2</ele>
    <time>2026-06-19T17:56:05Z</time>
   </trkpt>
   <trkpt lat="51.4731520" lon="-0.2520190">
    <ele>4.2</ele>
    <time>2026-06-19T17:56:06Z</time>
   </trkpt>
   <trkpt lat="51.4731620" lon="-0.2520050">
    <ele>4.2</ele>
    <time>2026-06-19T17:56:07Z</time>
   </trkpt>
   <trkpt lat="51.4731730" lon="-0.2519930">
    <ele>4.2</ele>
    <time>2026-06-19T17:56:08Z</time>
   </trkpt>
   <trkpt lat="51.4731860" lon="-0.2519810">
    <ele>4.2</ele>
    <time>2026-06-19T17:56:09Z</time>
   </trkpt>
   <trkpt lat="51.4732010" lon="-0.2519560">
    <ele>4.2</ele>
    <time>2026-06-19T17:56:10Z</time>
   </trkpt>
   <trkpt lat="51.4732070" lon="-0.2519470">
    <ele>4.2</ele>
    <time>2026-06-19T17:56:11Z</time>
   </trkpt>
   <trkpt lat="51.4732140" lon="-0.2519390">
    <ele>4.2</ele>
    <time>2026-06-19T17:56:12Z</time>
   </trkpt>
   <trkpt lat="51.4732290" lon="-0.2519170">
    <ele>4.2</ele>
    <time>2026-06-19T17:56:13Z</time>
   </trkpt>
   <trkpt lat="51.4732360" lon="-0.2519090">
    <ele>4.1</ele>
    <time>2026-06-19T17:56:14Z</time>
   </trkpt>
   <trkpt lat="51.4732420" lon="-0.2519000">
    <ele>4.1</ele>
    <time>2026-06-19T17:56:15Z</time>
   </trkpt>
   <trkpt lat="51.4732590" lon="-0.2518810">
    <ele>4.1</ele>
    <time>2026-06-19T17:56:16Z</time>
   </trkpt>
   <trkpt lat="51.4732650" lon="-0.2518710">
    <ele>4.1</ele>
    <time>2026-06-19T17:56:17Z</time>
   </trkpt>
   <trkpt lat="51.4732710" lon="-0.2518620">
    <ele>4.1</ele>
    <time>2026-06-19T17:56:18Z</time>
   </trkpt>
   <trkpt lat="51.4732880" lon="-0.2518390">
    <ele>4.1</ele>
    <time>2026-06-19T17:56:19Z</time>
   </trkpt>
   <trkpt lat="51.4732950" lon="-0.2518310">
    <ele>4.1</ele>
    <time>2026-06-19T17:56:20Z</time>
   </trkpt>
   <trkpt lat="51.4733020" lon="-0.2518230">
    <ele>4.1</ele>
    <time>2026-06-19T17:56:21Z</time>
   </trkpt>
   <trkpt lat="51.4733110" lon="-0.2518070">
    <ele>4.1</ele>
    <time>2026-06-19T17:56:22Z</time>
   </trkpt>
   <trkpt lat="51.4733220" lon="-0.2517930">
    <ele>4.1</ele>
    <time>2026-06-19T17:56:23Z</time>
   </trkpt>
   <trkpt lat="51.4733390" lon="-0.2517720">
    <ele>4.1</ele>
    <time>2026-06-19T17:56:24Z</time>
   </trkpt>
   <trkpt lat="51.4733460" lon="-0.2517620">
    <ele>4.1</ele>
    <time>2026-06-19T17:56:25Z</time>
   </trkpt>
   <trkpt lat="51.4733520" lon="-0.2517530">
    <ele>4.1</ele>
    <time>2026-06-19T17:56:26Z</time>
   </trkpt>
   <trkpt lat="51.4733710" lon="-0.2517340">
    <ele>4.1</ele>
    <time>2026-06-19T17:56:27Z</time>
   </trkpt>
   <trkpt lat="51.4733780" lon="-0.2517260">
    <ele>4.1</ele>
    <time>2026-06-19T17:56:28Z</time>
   </trkpt>
   <trkpt lat="51.4733850" lon="-0.2517170">
    <ele>4.1</ele>
    <time>2026-06-19T17:56:29Z</time>
   </trkpt>
   <trkpt lat="51.4734020" lon="-0.2516930">
    <ele>4.1</ele>
    <time>2026-06-19T17:56:30Z</time>
   </trkpt>
   <trkpt lat="51.4734080" lon="-0.2516850">
    <ele>4.1</ele>
    <time>2026-06-19T17:56:31Z</time>
   </trkpt>
   <trkpt lat="51.4734150" lon="-0.2516760">
    <ele>4.1</ele>
    <time>2026-06-19T17:56:32Z</time>
   </trkpt>
   <trkpt lat="51.4734310" lon="-0.2516520">
    <ele>4.1</ele>
    <time>2026-06-19T17:56:33Z</time>
   </trkpt>
   <trkpt lat="51.4734380" lon="-0.2516450">
    <ele>4.1</ele>
    <time>2026-06-19T17:56:34Z</time>
   </trkpt>
   <trkpt lat="51.4734450" lon="-0.2516370">
    <ele>4.1</ele>
    <time>2026-06-19T17:56:35Z</time>
   </trkpt>
   <trkpt lat="51.4734570" lon="-0.2516230">
    <ele>4.1</ele>
    <time>2026-06-19T17:56:36Z</time>
   </trkpt>
   <trkpt lat="51.4734690" lon="-0.2516130">
    <ele>4.1</ele>
    <time>2026-06-19T17:56:37Z</time>
   </trkpt>
   <trkpt lat="51.4734790" lon="-0.2515960">
    <ele>4.1</ele>
    <time>2026-06-19T17:56:38Z</time>
   </trkpt>
   <trkpt lat="51.4734870" lon="-0.2515810">
    <ele>4.1</ele>
    <time>2026-06-19T17:56:39Z</time>
   </trkpt>
   <trkpt lat="51.4735000" lon="-0.2515680">
    <ele>4.1</ele>
    <time>2026-06-19T17:56:40Z</time>
   </trkpt>
   <trkpt lat="51.4735080" lon="-0.2515530">
    <ele>4.1</ele>
    <time>2026-06-19T17:56:41Z</time>
   </trkpt>
   <trkpt lat="51.4735180" lon="-0.2515380">
    <ele>4.1</ele>
    <time>2026-06-19T17:56:42Z</time>
   </trkpt>
   <trkpt lat="51.4735280" lon="-0.2515240">
    <ele>4.1</ele>
    <time>2026-06-19T17:56:43Z</time>
   </trkpt>
   <trkpt lat="51.4735400" lon="-0.2515100">
    <ele>4.1</ele>
    <time>2026-06-19T17:56:44Z</time>
   </trkpt>
   <trkpt lat="51.4735510" lon="-0.2514960">
    <ele>4.1</ele>
    <time>2026-06-19T17:56:45Z</time>
   </trkpt>
   <trkpt lat="51.4735610" lon="-0.2514840">
    <ele>4.1</ele>
    <time>2026-06-19T17:56:46Z</time>
   </trkpt>
   <trkpt lat="51.4735740" lon="-0.2514730">
    <ele>4.1</ele>
    <time>2026-06-19T17:56:47Z</time>
   </trkpt>
   <trkpt lat="51.4735930" lon="-0.2514520">
    <ele>4.1</ele>
    <time>2026-06-19T17:56:48Z</time>
   </trkpt>
   <trkpt lat="51.4736010" lon="-0.2514450">
    <ele>4.1</ele>
    <time>2026-06-19T17:56:49Z</time>
   </trkpt>
   <trkpt lat="51.4736100" lon="-0.2514380">
    <ele>4.1</ele>
    <time>2026-06-19T17:56:50Z</time>
   </trkpt>
   <trkpt lat="51.4736230" lon="-0.2514280">
    <ele>4.1</ele>
    <time>2026-06-19T17:56:51Z</time>
   </trkpt>
   <trkpt lat="51.4736340" lon="-0.2514170">
    <ele>4.1</ele>
    <time>2026-06-19T17:56:52Z</time>
   </trkpt>
   <trkpt lat="51.4736490" lon="-0.2514100">
    <ele>4.1</ele>
    <time>2026-06-19T17:56:53Z</time>
   </trkpt>
   <trkpt lat="51.4736610" lon="-0.2514030">
    <ele>4.1</ele>
    <time>2026-06-19T17:56:54Z</time>
   </trkpt>
   <trkpt lat="51.4736870" lon="-0.2513910">
    <ele>4.1</ele>
    <time>2026-06-19T17:56:55Z</time>
   </trkpt>
   <trkpt lat="51.4737000" lon="-0.2513840">
    <ele>4.1</ele>
    <time>2026-06-19T17:56:56Z</time>
   </trkpt>
   <trkpt lat="51.4737110" lon="-0.2513720">
    <ele>4.1</ele>
    <time>2026-06-19T17:56:57Z</time>
   </trkpt>
   <trkpt lat="51.4737240" lon="-0.2513630">
    <ele>4.1</ele>
    <time>2026-06-19T17:56:58Z</time>
   </trkpt>
   <trkpt lat="51.4737370" lon="-0.2513590">
    <ele>4.1</ele>
    <time>2026-06-19T17:56:59Z</time>
   </trkpt>
   <trkpt lat="51.4737480" lon="-0.2513530">
    <ele>4.1</ele>
    <time>2026-06-19T17:57:00Z</time>
   </trkpt>
   <trkpt lat="51.4737540" lon="-0.2513470">
    <ele>4.1</ele>
    <time>2026-06-19T17:57:01Z</time>
   </trkpt>
   <trkpt lat="51.4737550" lon="-0.2513350">
    <ele>4.1</ele>
    <time>2026-06-19T17:57:02Z</time>
   </trkpt>
   <trkpt lat="51.4737560" lon="-0.2513250">
    <ele>4.1</ele>
    <time>2026-06-19T17:57:03Z</time>
   </trkpt>
   <trkpt lat="51.4737730" lon="-0.2513140">
    <ele>4.1</ele>
    <time>2026-06-19T17:57:04Z</time>
   </trkpt>
   <trkpt lat="51.4737890" lon="-0.2513040">
    <ele>4.1</ele>
    <time>2026-06-19T17:57:05Z</time>
   </trkpt>
   <trkpt lat="51.4738030" lon="-0.2512980">
    <ele>4.1</ele>
    <time>2026-06-19T17:57:06Z</time>
   </trkpt>
   <trkpt lat="51.4738170" lon="-0.2512920">
    <ele>4.1</ele>
    <time>2026-06-19T17:57:07Z</time>
   </trkpt>
   <trkpt lat="51.4738300" lon="-0.2512810">
    <ele>4.1</ele>
    <time>2026-06-19T17:57:08Z</time>
   </trkpt>
   <trkpt lat="51.4738430" lon="-0.2512710">
    <ele>4.1</ele>
    <time>2026-06-19T17:57:09Z</time>
   </trkpt>
   <trkpt lat="51.4738560" lon="-0.2512620">
    <ele>4.1</ele>
    <time>2026-06-19T17:57:10Z</time>
   </trkpt>
   <trkpt lat="51.4738670" lon="-0.2512510">
    <ele>4.1</ele>
    <time>2026-06-19T17:57:11Z</time>
   </trkpt>
   <trkpt lat="51.4738810" lon="-0.2512430">
    <ele>4.1</ele>
    <time>2026-06-19T17:57:12Z</time>
   </trkpt>
   <trkpt lat="51.4738940" lon="-0.2512340">
    <ele>4.1</ele>
    <time>2026-06-19T17:57:13Z</time>
   </trkpt>
   <trkpt lat="51.4739060" lon="-0.2512230">
    <ele>4.1</ele>
    <time>2026-06-19T17:57:14Z</time>
   </trkpt>
   <trkpt lat="51.4739190" lon="-0.2512130">
    <ele>4.1</ele>
    <time>2026-06-19T17:57:15Z</time>
   </trkpt>
   <trkpt lat="51.4739320" lon="-0.2512040">
    <ele>4.1</ele>
    <time>2026-06-19T17:57:16Z</time>
   </trkpt>
   <trkpt lat="51.4739450" lon="-0.2511940">
    <ele>4.1</ele>
    <time>2026-06-19T17:57:17Z</time>
   </trkpt>
   <trkpt lat="51.4739580" lon="-0.2511880">
    <ele>4.1</ele>
    <time>2026-06-19T17:57:18Z</time>
   </trkpt>
   <trkpt lat="51.4739710" lon="-0.2511780">
    <ele>4.1</ele>
    <time>2026-06-19T17:57:19Z</time>
   </trkpt>
   <trkpt lat="51.4739810" lon="-0.2511650">
    <ele>4.1</ele>
    <time>2026-06-19T17:57:20Z</time>
   </trkpt>
   <trkpt lat="51.4739940" lon="-0.2511570">
    <ele>4.1</ele>
    <time>2026-06-19T17:57:21Z</time>
   </trkpt>
   <trkpt lat="51.4740060" lon="-0.2511460">
    <ele>4.1</ele>
    <time>2026-06-19T17:57:22Z</time>
   </trkpt>
   <trkpt lat="51.4740260" lon="-0.2511310">
    <ele>4.1</ele>
    <time>2026-06-19T17:57:23Z</time>
   </trkpt>
   <trkpt lat="51.4740350" lon="-0.2511250">
    <ele>4.1</ele>
    <time>2026-06-19T17:57:24Z</time>
   </trkpt>
   <trkpt lat="51.4740430" lon="-0.2511190">
    <ele>4.1</ele>
    <time>2026-06-19T17:57:25Z</time>
   </trkpt>
   <trkpt lat="51.4740560" lon="-0.2511100">
    <ele>4.1</ele>
    <time>2026-06-19T17:57:26Z</time>
   </trkpt>
   <trkpt lat="51.4740680" lon="-0.2511000">
    <ele>4.1</ele>
    <time>2026-06-19T17:57:27Z</time>
   </trkpt>
   <trkpt lat="51.4740820" lon="-0.2510930">
    <ele>4.1</ele>
    <time>2026-06-19T17:57:28Z</time>
   </trkpt>
   <trkpt lat="51.4740950" lon="-0.2510830">
    <ele>4.1</ele>
    <time>2026-06-19T17:57:29Z</time>
   </trkpt>
   <trkpt lat="51.4741150" lon="-0.2510680">
    <ele>4.1</ele>
    <time>2026-06-19T17:57:30Z</time>
   </trkpt>
   <trkpt lat="51.4741240" lon="-0.2510640">
    <ele>4.1</ele>
    <time>2026-06-19T17:57:31Z</time>
   </trkpt>
   <trkpt lat="51.4741320" lon="-0.2510600">
    <ele>4.1</ele>
    <time>2026-06-19T17:57:32Z</time>
   </trkpt>
   <trkpt lat="51.4741480" lon="-0.2510390">
    <ele>4.1</ele>
    <time>2026-06-19T17:57:33Z</time>
   </trkpt>
   <trkpt lat="51.4741560" lon="-0.2510320">
    <ele>4.1</ele>
    <time>2026-06-19T17:57:34Z</time>
   </trkpt>
   <trkpt lat="51.4741630" lon="-0.2510240">
    <ele>4.1</ele>
    <time>2026-06-19T17:57:35Z</time>
   </trkpt>
   <trkpt lat="51.4741840" lon="-0.2510090">
    <ele>4.1</ele>
    <time>2026-06-19T17:57:36Z</time>
   </trkpt>
   <trkpt lat="51.4741910" lon="-0.2510030">
    <ele>4.1</ele>
    <time>2026-06-19T17:57:37Z</time>
   </trkpt>
   <trkpt lat="51.4741990" lon="-0.2509970">
    <ele>4.1</ele>
    <time>2026-06-19T17:57:38Z</time>
   </trkpt>
   <trkpt lat="51.4742120" lon="-0.2509900">
    <ele>4.1</ele>
    <time>2026-06-19T17:57:39Z</time>
   </trkpt>
   <trkpt lat="51.4742250" lon="-0.2509810">
    <ele>4.1</ele>
    <time>2026-06-19T17:57:40Z</time>
   </trkpt>
   <trkpt lat="51.4742380" lon="-0.2509720">
    <ele>4.1</ele>
    <time>2026-06-19T17:57:41Z</time>
   </trkpt>
   <trkpt lat="51.4742500" lon="-0.2509610">
    <ele>4.1</ele>
    <time>2026-06-19T17:57:42Z</time>
   </trkpt>
   <trkpt lat="51.4742690" lon="-0.2509420">
    <ele>4.1</ele>
    <time>2026-06-19T17:57:43Z</time>
   </trkpt>
   <trkpt lat="51.4742770" lon="-0.2509340">
    <ele>4.1</ele>
    <time>2026-06-19T17:57:44Z</time>
   </trkpt>
   <trkpt lat="51.4742850" lon="-0.2509270">
    <ele>4.1</ele>
    <time>2026-06-19T17:57:45Z</time>
   </trkpt>
   <trkpt lat="51.4742970" lon="-0.2509180">
    <ele>4.1</ele>
    <time>2026-06-19T17:57:46Z</time>
   </trkpt>
   <trkpt lat="51.4743110" lon="-0.2509110">
    <ele>4.1</ele>
    <time>2026-06-19T17:57:47Z</time>
   </trkpt>
   <trkpt lat="51.4743220" lon="-0.2508990">
    <ele>4.1</ele>
    <time>2026-06-19T17:57:48Z</time>
   </trkpt>
   <trkpt lat="51.4743340" lon="-0.2508880">
    <ele>4.1</ele>
    <time>2026-06-19T17:57:49Z</time>
   </trkpt>
   <trkpt lat="51.4743540" lon="-0.2508740">
    <ele>4.1</ele>
    <time>2026-06-19T17:57:50Z</time>
   </trkpt>
   <trkpt lat="51.4743630" lon="-0.2508700">
    <ele>4.1</ele>
    <time>2026-06-19T17:57:51Z</time>
   </trkpt>
   <trkpt lat="51.4743710" lon="-0.2508650">
    <ele>4.1</ele>
    <time>2026-06-19T17:57:52Z</time>
   </trkpt>
   <trkpt lat="51.4743840" lon="-0.2508540">
    <ele>4.1</ele>
    <time>2026-06-19T17:57:53Z</time>
   </trkpt>
   <trkpt lat="51.4743950" lon="-0.2508440">
    <ele>4.1</ele>
    <time>2026-06-19T17:57:54Z</time>
   </trkpt>
   <trkpt lat="51.4744070" lon="-0.2508360">
    <ele>4.1</ele>
    <time>2026-06-19T17:57:55Z</time>
   </trkpt>
   <trkpt lat="51.4744200" lon="-0.2508260">
    <ele>4.1</ele>
    <time>2026-06-19T17:57:56Z</time>
   </trkpt>
   <trkpt lat="51.4744390" lon="-0.2508090">
    <ele>4.1</ele>
    <time>2026-06-19T17:57:57Z</time>
   </trkpt>
   <trkpt lat="51.4744470" lon="-0.2508020">
    <ele>4.1</ele>
    <time>2026-06-19T17:57:58Z</time>
   </trkpt>
   <trkpt lat="51.4744550" lon="-0.2507960">
    <ele>4.1</ele>
    <time>2026-06-19T17:57:59Z</time>
   </trkpt>
   <trkpt lat="51.4744750" lon="-0.2507830">
    <ele>4.1</ele>
    <time>2026-06-19T17:58:00Z</time>
   </trkpt>
   <trkpt lat="51.4744830" lon="-0.2507750">
    <ele>4.1</ele>
    <time>2026-06-19T17:58:01Z</time>
   </trkpt>
   <trkpt lat="51.4744900" lon="-0.2507680">
    <ele>4.1</ele>
    <time>2026-06-19T17:58:02Z</time>
   </trkpt>
   <trkpt lat="51.4745040" lon="-0.2507610">
    <ele>4.1</ele>
    <time>2026-06-19T17:58:03Z</time>
   </trkpt>
   <trkpt lat="51.4745160" lon="-0.2507500">
    <ele>4.1</ele>
    <time>2026-06-19T17:58:04Z</time>
   </trkpt>
   <trkpt lat="51.4745280" lon="-0.2507400">
    <ele>4.1</ele>
    <time>2026-06-19T17:58:05Z</time>
   </trkpt>
   <trkpt lat="51.4745430" lon="-0.2507310">
    <ele>4.1</ele>
    <time>2026-06-19T17:58:06Z</time>
   </trkpt>
   <trkpt lat="51.4745630" lon="-0.2507180">
    <ele>4.1</ele>
    <time>2026-06-19T17:58:07Z</time>
   </trkpt>
   <trkpt lat="51.4745730" lon="-0.2507130">
    <ele>4.1</ele>
    <time>2026-06-19T17:58:08Z</time>
   </trkpt>
   <trkpt lat="51.4745820" lon="-0.2507080">
    <ele>4.1</ele>
    <time>2026-06-19T17:58:09Z</time>
   </trkpt>
   <trkpt lat="51.4746020" lon="-0.2506960">
    <ele>4.1</ele>
    <time>2026-06-19T17:58:11Z</time>
   </trkpt>
   <trkpt lat="51.4746110" lon="-0.2506910">
    <ele>4.1</ele>
    <time>2026-06-19T17:58:12Z</time>
   </trkpt>
   <trkpt lat="51.4746190" lon="-0.2506850">
    <ele>4.1</ele>
    <time>2026-06-19T17:58:13Z</time>
   </trkpt>
   <trkpt lat="51.4746320" lon="-0.2506780">
    <ele>4.1</ele>
    <time>2026-06-19T17:58:14Z</time>
   </trkpt>
   <trkpt lat="51.4746470" lon="-0.2506670">
    <ele>4.1</ele>
    <time>2026-06-19T17:58:15Z</time>
   </trkpt>
   <trkpt lat="51.4746660" lon="-0.2506530">
    <ele>4.1</ele>
    <time>2026-06-19T17:58:16Z</time>
   </trkpt>
   <trkpt lat="51.4746750" lon="-0.2506470">
    <ele>4.1</ele>
    <time>2026-06-19T17:58:17Z</time>
   </trkpt>
   <trkpt lat="51.4746830" lon="-0.2506410">
    <ele>4.1</ele>
    <time>2026-06-19T17:58:18Z</time>
   </trkpt>
   <trkpt lat="51.4747020" lon="-0.2506280">
    <ele>4.1</ele>
    <time>2026-06-19T17:58:19Z</time>
   </trkpt>
   <trkpt lat="51.4747110" lon="-0.2506230">
    <ele>4.0</ele>
    <time>2026-06-19T17:58:20Z</time>
   </trkpt>
   <trkpt lat="51.4747190" lon="-0.2506180">
    <ele>4.0</ele>
    <time>2026-06-19T17:58:21Z</time>
   </trkpt>
   <trkpt lat="51.4747300" lon="-0.2506060">
    <ele>4.0</ele>
    <time>2026-06-19T17:58:22Z</time>
   </trkpt>
   <trkpt lat="51.4747440" lon="-0.2505980">
    <ele>4.0</ele>
    <time>2026-06-19T17:58:23Z</time>
   </trkpt>
   <trkpt lat="51.4747620" lon="-0.2505810">
    <ele>4.0</ele>
    <time>2026-06-19T17:58:24Z</time>
   </trkpt>
   <trkpt lat="51.4747710" lon="-0.2505760">
    <ele>4.0</ele>
    <time>2026-06-19T17:58:25Z</time>
   </trkpt>
   <trkpt lat="51.4747790" lon="-0.2505700">
    <ele>4.0</ele>
    <time>2026-06-19T17:58:26Z</time>
   </trkpt>
   <trkpt lat="51.4748000" lon="-0.2505540">
    <ele>4.0</ele>
    <time>2026-06-19T17:58:27Z</time>
   </trkpt>
   <trkpt lat="51.4748070" lon="-0.2505470">
    <ele>4.0</ele>
    <time>2026-06-19T17:58:28Z</time>
   </trkpt>
   <trkpt lat="51.4748150" lon="-0.2505410">
    <ele>4.0</ele>
    <time>2026-06-19T17:58:29Z</time>
   </trkpt>
   <trkpt lat="51.4748290" lon="-0.2505330">
    <ele>4.0</ele>
    <time>2026-06-19T17:58:30Z</time>
   </trkpt>
   <trkpt lat="51.4748410" lon="-0.2505270">
    <ele>4.0</ele>
    <time>2026-06-19T17:58:31Z</time>
   </trkpt>
   <trkpt lat="51.4748620" lon="-0.2505110">
    <ele>4.0</ele>
    <time>2026-06-19T17:58:32Z</time>
   </trkpt>
   <trkpt lat="51.4748700" lon="-0.2505070">
    <ele>4.0</ele>
    <time>2026-06-19T17:58:33Z</time>
   </trkpt>
   <trkpt lat="51.4748780" lon="-0.2505020">
    <ele>4.0</ele>
    <time>2026-06-19T17:58:34Z</time>
   </trkpt>
   <trkpt lat="51.4748970" lon="-0.2504840">
    <ele>4.0</ele>
    <time>2026-06-19T17:58:35Z</time>
   </trkpt>
   <trkpt lat="51.4749050" lon="-0.2504800">
    <ele>4.0</ele>
    <time>2026-06-19T17:58:36Z</time>
   </trkpt>
   <trkpt lat="51.4749130" lon="-0.2504750">
    <ele>4.0</ele>
    <time>2026-06-19T17:58:37Z</time>
   </trkpt>
   <trkpt lat="51.4749260" lon="-0.2504660">
    <ele>4.0</ele>
    <time>2026-06-19T17:58:38Z</time>
   </trkpt>
   <trkpt lat="51.4749390" lon="-0.2504590">
    <ele>4.0</ele>
    <time>2026-06-19T17:58:39Z</time>
   </trkpt>
   <trkpt lat="51.4749590" lon="-0.2504430">
    <ele>4.0</ele>
    <time>2026-06-19T17:58:40Z</time>
   </trkpt>
   <trkpt lat="51.4749670" lon="-0.2504370">
    <ele>4.0</ele>
    <time>2026-06-19T17:58:41Z</time>
   </trkpt>
   <trkpt lat="51.4749750" lon="-0.2504310">
    <ele>4.0</ele>
    <time>2026-06-19T17:58:42Z</time>
   </trkpt>
   <trkpt lat="51.4749970" lon="-0.2504170">
    <ele>4.0</ele>
    <time>2026-06-19T17:58:43Z</time>
   </trkpt>
   <trkpt lat="51.4750050" lon="-0.2504110">
    <ele>4.0</ele>
    <time>2026-06-19T17:58:44Z</time>
   </trkpt>
   <trkpt lat="51.4750140" lon="-0.2504060">
    <ele>4.0</ele>
    <time>2026-06-19T17:58:45Z</time>
   </trkpt>
   <trkpt lat="51.4750280" lon="-0.2503990">
    <ele>4.0</ele>
    <time>2026-06-19T17:58:46Z</time>
   </trkpt>
   <trkpt lat="51.4750420" lon="-0.2503910">
    <ele>4.0</ele>
    <time>2026-06-19T17:58:47Z</time>
   </trkpt>
   <trkpt lat="51.4750540" lon="-0.2503800">
    <ele>4.0</ele>
    <time>2026-06-19T17:58:48Z</time>
   </trkpt>
   <trkpt lat="51.4750650" lon="-0.2503660">
    <ele>4.0</ele>
    <time>2026-06-19T17:58:49Z</time>
   </trkpt>
   <trkpt lat="51.4750770" lon="-0.2503560">
    <ele>4.0</ele>
    <time>2026-06-19T17:58:50Z</time>
   </trkpt>
   <trkpt lat="51.4750890" lon="-0.2503460">
    <ele>4.0</ele>
    <time>2026-06-19T17:58:51Z</time>
   </trkpt>
   <trkpt lat="51.4751020" lon="-0.2503370">
    <ele>4.0</ele>
    <time>2026-06-19T17:58:52Z</time>
   </trkpt>
   <trkpt lat="51.4751140" lon="-0.2503250">
    <ele>4.0</ele>
    <time>2026-06-19T17:58:53Z</time>
   </trkpt>
   <trkpt lat="51.4751270" lon="-0.2503170">
    <ele>4.0</ele>
    <time>2026-06-19T17:58:54Z</time>
   </trkpt>
   <trkpt lat="51.4751390" lon="-0.2503080">
    <ele>4.0</ele>
    <time>2026-06-19T17:58:55Z</time>
   </trkpt>
   <trkpt lat="51.4751600" lon="-0.2502940">
    <ele>4.0</ele>
    <time>2026-06-19T17:58:56Z</time>
   </trkpt>
   <trkpt lat="51.4751680" lon="-0.2502900">
    <ele>4.0</ele>
    <time>2026-06-19T17:58:57Z</time>
   </trkpt>
   <trkpt lat="51.4751770" lon="-0.2502850">
    <ele>4.0</ele>
    <time>2026-06-19T17:58:58Z</time>
   </trkpt>
   <trkpt lat="51.4751900" lon="-0.2502740">
    <ele>4.0</ele>
    <time>2026-06-19T17:58:59Z</time>
   </trkpt>
   <trkpt lat="51.4752010" lon="-0.2502620">
    <ele>4.0</ele>
    <time>2026-06-19T17:59:00Z</time>
   </trkpt>
   <trkpt lat="51.4752250" lon="-0.2502430">
    <ele>4.0</ele>
    <time>2026-06-19T17:59:01Z</time>
   </trkpt>
   <trkpt lat="51.4752370" lon="-0.2502330">
    <ele>4.0</ele>
    <time>2026-06-19T17:59:02Z</time>
   </trkpt>
   <trkpt lat="51.4752490" lon="-0.2502220">
    <ele>4.0</ele>
    <time>2026-06-19T17:59:03Z</time>
   </trkpt>
   <trkpt lat="51.4752610" lon="-0.2502090">
    <ele>4.0</ele>
    <time>2026-06-19T17:59:04Z</time>
   </trkpt>
   <trkpt lat="51.4752730" lon="-0.2501980">
    <ele>4.0</ele>
    <time>2026-06-19T17:59:05Z</time>
   </trkpt>
   <trkpt lat="51.4752870" lon="-0.2501920">
    <ele>4.0</ele>
    <time>2026-06-19T17:59:06Z</time>
   </trkpt>
   <trkpt lat="51.4753060" lon="-0.2501750">
    <ele>4.0</ele>
    <time>2026-06-19T17:59:07Z</time>
   </trkpt>
   <trkpt lat="51.4753140" lon="-0.2501680">
    <ele>4.0</ele>
    <time>2026-06-19T17:59:08Z</time>
   </trkpt>
   <trkpt lat="51.4753220" lon="-0.2501610">
    <ele>4.0</ele>
    <time>2026-06-19T17:59:09Z</time>
   </trkpt>
   <trkpt lat="51.4753350" lon="-0.2501510">
    <ele>4.0</ele>
    <time>2026-06-19T17:59:10Z</time>
   </trkpt>
   <trkpt lat="51.4753480" lon="-0.2501420">
    <ele>4.0</ele>
    <time>2026-06-19T17:59:11Z</time>
   </trkpt>
   <trkpt lat="51.4753590" lon="-0.2501290">
    <ele>4.0</ele>
    <time>2026-06-19T17:59:12Z</time>
   </trkpt>
   <trkpt lat="51.4753710" lon="-0.2501180">
    <ele>4.0</ele>
    <time>2026-06-19T17:59:13Z</time>
   </trkpt>
   <trkpt lat="51.4753840" lon="-0.2501090">
    <ele>4.0</ele>
    <time>2026-06-19T17:59:14Z</time>
   </trkpt>
   <trkpt lat="51.4753960" lon="-0.2500980">
    <ele>4.0</ele>
    <time>2026-06-19T17:59:15Z</time>
   </trkpt>
   <trkpt lat="51.4754090" lon="-0.2500880">
    <ele>4.0</ele>
    <time>2026-06-19T17:59:16Z</time>
   </trkpt>
   <trkpt lat="51.4754220" lon="-0.2500770">
    <ele>4.0</ele>
    <time>2026-06-19T17:59:17Z</time>
   </trkpt>
   <trkpt lat="51.4754340" lon="-0.2500680">
    <ele>4.0</ele>
    <time>2026-06-19T17:59:18Z</time>
   </trkpt>
   <trkpt lat="51.4754460" lon="-0.2500580">
    <ele>4.0</ele>
    <time>2026-06-19T17:59:19Z</time>
   </trkpt>
   <trkpt lat="51.4754660" lon="-0.2500400">
    <ele>4.0</ele>
    <time>2026-06-19T17:59:20Z</time>
   </trkpt>
   <trkpt lat="51.4754750" lon="-0.2500340">
    <ele>4.0</ele>
    <time>2026-06-19T17:59:21Z</time>
   </trkpt>
   <trkpt lat="51.4754830" lon="-0.2500280">
    <ele>4.0</ele>
    <time>2026-06-19T17:59:22Z</time>
   </trkpt>
   <trkpt lat="51.4754950" lon="-0.2500170">
    <ele>4.0</ele>
    <time>2026-06-19T17:59:23Z</time>
   </trkpt>
   <trkpt lat="51.4755070" lon="-0.2500060">
    <ele>4.0</ele>
    <time>2026-06-19T17:59:24Z</time>
   </trkpt>
   <trkpt lat="51.4755200" lon="-0.2499990">
    <ele>4.0</ele>
    <time>2026-06-19T17:59:25Z</time>
   </trkpt>
   <trkpt lat="51.4755320" lon="-0.2499870">
    <ele>4.0</ele>
    <time>2026-06-19T17:59:26Z</time>
   </trkpt>
   <trkpt lat="51.4755520" lon="-0.2499690">
    <ele>4.0</ele>
    <time>2026-06-19T17:59:27Z</time>
   </trkpt>
   <trkpt lat="51.4755590" lon="-0.2499610">
    <ele>4.0</ele>
    <time>2026-06-19T17:59:28Z</time>
   </trkpt>
   <trkpt lat="51.4755670" lon="-0.2499540">
    <ele>4.0</ele>
    <time>2026-06-19T17:59:29Z</time>
   </trkpt>
   <trkpt lat="51.4755780" lon="-0.2499450">
    <ele>4.0</ele>
    <time>2026-06-19T17:59:30Z</time>
   </trkpt>
   <trkpt lat="51.4755910" lon="-0.2499340">
    <ele>4.0</ele>
    <time>2026-06-19T17:59:31Z</time>
   </trkpt>
   <trkpt lat="51.4756100" lon="-0.2499180">
    <ele>4.0</ele>
    <time>2026-06-19T17:59:32Z</time>
   </trkpt>
   <trkpt lat="51.4756190" lon="-0.2499120">
    <ele>4.0</ele>
    <time>2026-06-19T17:59:33Z</time>
   </trkpt>
   <trkpt lat="51.4756270" lon="-0.2499060">
    <ele>4.0</ele>
    <time>2026-06-19T17:59:34Z</time>
   </trkpt>
   <trkpt lat="51.4756450" lon="-0.2498890">
    <ele>4.0</ele>
    <time>2026-06-19T17:59:35Z</time>
   </trkpt>
   <trkpt lat="51.4756520" lon="-0.2498830">
    <ele>4.0</ele>
    <time>2026-06-19T17:59:36Z</time>
   </trkpt>
   <trkpt lat="51.4756600" lon="-0.2498770">
    <ele>4.0</ele>
    <time>2026-06-19T17:59:37Z</time>
   </trkpt>
   <trkpt lat="51.4756800" lon="-0.2498630">
    <ele>4.0</ele>
    <time>2026-06-19T17:59:38Z</time>
   </trkpt>
   <trkpt lat="51.4756880" lon="-0.2498570">
    <ele>4.0</ele>
    <time>2026-06-19T17:59:39Z</time>
   </trkpt>
   <trkpt lat="51.4756960" lon="-0.2498520">
    <ele>4.0</ele>
    <time>2026-06-19T17:59:40Z</time>
   </trkpt>
   <trkpt lat="51.4757100" lon="-0.2498430">
    <ele>4.0</ele>
    <time>2026-06-19T17:59:41Z</time>
   </trkpt>
   <trkpt lat="51.4757240" lon="-0.2498320">
    <ele>4.0</ele>
    <time>2026-06-19T17:59:42Z</time>
   </trkpt>
   <trkpt lat="51.4757430" lon="-0.2498160">
    <ele>4.0</ele>
    <time>2026-06-19T17:59:43Z</time>
   </trkpt>
   <trkpt lat="51.4757520" lon="-0.2498110">
    <ele>4.0</ele>
    <time>2026-06-19T17:59:44Z</time>
   </trkpt>
   <trkpt lat="51.4757600" lon="-0.2498050">
    <ele>4.0</ele>
    <time>2026-06-19T17:59:45Z</time>
   </trkpt>
   <trkpt lat="51.4757810" lon="-0.2497920">
    <ele>4.0</ele>
    <time>2026-06-19T17:59:46Z</time>
   </trkpt>
   <trkpt lat="51.4757900" lon="-0.2497880">
    <ele>4.0</ele>
    <time>2026-06-19T17:59:47Z</time>
   </trkpt>
   <trkpt lat="51.4757990" lon="-0.2497840">
    <ele>4.0</ele>
    <time>2026-06-19T17:59:48Z</time>
   </trkpt>
   <trkpt lat="51.4758190" lon="-0.2497710">
    <ele>4.0</ele>
    <time>2026-06-19T17:59:49Z</time>
   </trkpt>
   <trkpt lat="51.4758280" lon="-0.2497650">
    <ele>4.0</ele>
    <time>2026-06-19T17:59:50Z</time>
   </trkpt>
   <trkpt lat="51.4758360" lon="-0.2497600">
    <ele>4.0</ele>
    <time>2026-06-19T17:59:51Z</time>
   </trkpt>
   <trkpt lat="51.4758560" lon="-0.2497470">
    <ele>4.0</ele>
    <time>2026-06-19T17:59:52Z</time>
   </trkpt>
   <trkpt lat="51.4758650" lon="-0.2497420">
    <ele>4.0</ele>
    <time>2026-06-19T17:59:53Z</time>
   </trkpt>
   <trkpt lat="51.4758730" lon="-0.2497360">
    <ele>4.0</ele>
    <time>2026-06-19T17:59:54Z</time>
   </trkpt>
   <trkpt lat="51.4758930" lon="-0.2497260">
    <ele>4.0</ele>
    <time>2026-06-19T17:59:55Z</time>
   </trkpt>
   <trkpt lat="51.4759020" lon="-0.2497220">
    <ele>4.0</ele>
    <time>2026-06-19T17:59:56Z</time>
   </trkpt>
   <trkpt lat="51.4759100" lon="-0.2497180">
    <ele>4.0</ele>
    <time>2026-06-19T17:59:57Z</time>
   </trkpt>
   <trkpt lat="51.4759220" lon="-0.2497090">
    <ele>4.0</ele>
    <time>2026-06-19T17:59:58Z</time>
   </trkpt>
   <trkpt lat="51.4759340" lon="-0.2497000">
    <ele>4.0</ele>
    <time>2026-06-19T17:59:59Z</time>
   </trkpt>
   <trkpt lat="51.4759470" lon="-0.2496930">
    <ele>4.0</ele>
    <time>2026-06-19T18:00:00Z</time>
   </trkpt>
   <trkpt lat="51.4759620" lon="-0.2496860">
    <ele>4.0</ele>
    <time>2026-06-19T18:00:01Z</time>
   </trkpt>
   <trkpt lat="51.4759830" lon="-0.2496740">
    <ele>4.0</ele>
    <time>2026-06-19T18:00:02Z</time>
   </trkpt>
   <trkpt lat="51.4759920" lon="-0.2496700">
    <ele>4.0</ele>
    <time>2026-06-19T18:00:03Z</time>
   </trkpt>
   <trkpt lat="51.4760010" lon="-0.2496650">
    <ele>4.0</ele>
    <time>2026-06-19T18:00:04Z</time>
   </trkpt>
   <trkpt lat="51.4760130" lon="-0.2496600">
    <ele>4.0</ele>
    <time>2026-06-19T18:00:05Z</time>
   </trkpt>
   <trkpt lat="51.4760260" lon="-0.2496550">
    <ele>4.0</ele>
    <time>2026-06-19T18:00:06Z</time>
   </trkpt>
   <trkpt lat="51.4760340" lon="-0.2496480">
    <ele>4.0</ele>
    <time>2026-06-19T18:00:07Z</time>
   </trkpt>
   <trkpt lat="51.4760480" lon="-0.2496430">
    <ele>4.0</ele>
    <time>2026-06-19T18:00:08Z</time>
   </trkpt>
   <trkpt lat="51.4760610" lon="-0.2496360">
    <ele>4.0</ele>
    <time>2026-06-19T18:00:09Z</time>
   </trkpt>
   <trkpt lat="51.4760720" lon="-0.2496270">
    <ele>4.0</ele>
    <time>2026-06-19T18:00:10Z</time>
   </trkpt>
   <trkpt lat="51.4760870" lon="-0.2496200">
    <ele>4.1</ele>
    <time>2026-06-19T18:00:11Z</time>
   </trkpt>
   <trkpt lat="51.4761010" lon="-0.2496160">
    <ele>4.1</ele>
    <time>2026-06-19T18:00:12Z</time>
   </trkpt>
   <trkpt lat="51.4761130" lon="-0.2496060">
    <ele>4.1</ele>
    <time>2026-06-19T18:00:13Z</time>
   </trkpt>
   <trkpt lat="51.4761270" lon="-0.2496020">
    <ele>4.1</ele>
    <time>2026-06-19T18:00:14Z</time>
   </trkpt>
   <trkpt lat="51.4761420" lon="-0.2496030">
    <ele>4.1</ele>
    <time>2026-06-19T18:00:15Z</time>
   </trkpt>
   <trkpt lat="51.4761640" lon="-0.2495960">
    <ele>4.1</ele>
    <time>2026-06-19T18:00:17Z</time>
   </trkpt>
   <trkpt lat="51.4761720" lon="-0.2495930">
    <ele>4.2</ele>
    <time>2026-06-19T18:00:18Z</time>
   </trkpt>
   <trkpt lat="51.4761810" lon="-0.2495900">
    <ele>4.2</ele>
    <time>2026-06-19T18:00:19Z</time>
   </trkpt>
   <trkpt lat="51.4761940" lon="-0.2495830">
    <ele>4.2</ele>
    <time>2026-06-19T18:00:20Z</time>
   </trkpt>
   <trkpt lat="51.4762070" lon="-0.2495750">
    <ele>4.2</ele>
    <time>2026-06-19T18:00:21Z</time>
   </trkpt>
   <trkpt lat="51.4762190" lon="-0.2495670">
    <ele>4.3</ele>
    <time>2026-06-19T18:00:22Z</time>
   </trkpt>
   <trkpt lat="51.4762340" lon="-0.2495560">
    <ele>4.3</ele>
    <time>2026-06-19T18:00:23Z</time>
   </trkpt>
   <trkpt lat="51.4762540" lon="-0.2495510">
    <ele>4.3</ele>
    <time>2026-06-19T18:00:24Z</time>
   </trkpt>
   <trkpt lat="51.4762630" lon="-0.2495480">
    <ele>4.3</ele>
    <time>2026-06-19T18:00:25Z</time>
   </trkpt>
   <trkpt lat="51.4762710" lon="-0.2495440">
    <ele>4.3</ele>
    <time>2026-06-19T18:00:26Z</time>
   </trkpt>
   <trkpt lat="51.4762830" lon="-0.2495400">
    <ele>4.4</ele>
    <time>2026-06-19T18:00:27Z</time>
   </trkpt>
   <trkpt lat="51.4762940" lon="-0.2495370">
    <ele>4.4</ele>
    <time>2026-06-19T18:00:28Z</time>
   </trkpt>
   <trkpt lat="51.4763060" lon="-0.2495340">
    <ele>4.4</ele>
    <time>2026-06-19T18:00:29Z</time>
   </trkpt>
   <trkpt lat="51.4763250" lon="-0.2495230">
    <ele>4.4</ele>
    <time>2026-06-19T18:00:30Z</time>
   </trkpt>
   <trkpt lat="51.4763340" lon="-0.2495200">
    <ele>4.4</ele>
    <time>2026-06-19T18:00:31Z</time>
   </trkpt>
   <trkpt lat="51.4763420" lon="-0.2495160">
    <ele>4.4</ele>
    <time>2026-06-19T18:00:32Z</time>
   </trkpt>
   <trkpt lat="51.4763640" lon="-0.2495110">
    <ele>4.5</ele>
    <time>2026-06-19T18:00:33Z</time>
   </trkpt>
   <trkpt lat="51.4763710" lon="-0.2495090">
    <ele>4.5</ele>
    <time>2026-06-19T18:00:34Z</time>
   </trkpt>
   <trkpt lat="51.4763790" lon="-0.2495070">
    <ele>4.5</ele>
    <time>2026-06-19T18:00:35Z</time>
   </trkpt>
   <trkpt lat="51.4764010" lon="-0.2495040">
    <ele>4.4</ele>
    <time>2026-06-19T18:00:36Z</time>
   </trkpt>
   <trkpt lat="51.4764080" lon="-0.2495050">
    <ele>4.4</ele>
    <time>2026-06-19T18:00:37Z</time>
   </trkpt>
   <trkpt lat="51.4764160" lon="-0.2495050">
    <ele>4.4</ele>
    <time>2026-06-19T18:00:38Z</time>
   </trkpt>
   <trkpt lat="51.4764360" lon="-0.2495000">
    <ele>4.4</ele>
    <time>2026-06-19T18:00:39Z</time>
   </trkpt>
   <trkpt lat="51.4764450" lon="-0.2494960">
    <ele>4.4</ele>
    <time>2026-06-19T18:00:40Z</time>
   </trkpt>
   <trkpt lat="51.4764530" lon="-0.2494920">
    <ele>4.4</ele>
    <time>2026-06-19T18:00:41Z</time>
   </trkpt>
   <trkpt lat="51.4764730" lon="-0.2494830">
    <ele>4.4</ele>
    <time>2026-06-19T18:00:42Z</time>
   </trkpt>
   <trkpt lat="51.4764820" lon="-0.2494800">
    <ele>4.4</ele>
    <time>2026-06-19T18:00:43Z</time>
   </trkpt>
   <trkpt lat="51.4764900" lon="-0.2494770">
    <ele>4.4</ele>
    <time>2026-06-19T18:00:44Z</time>
   </trkpt>
   <trkpt lat="51.4765100" lon="-0.2494700">
    <ele>4.4</ele>
    <time>2026-06-19T18:00:45Z</time>
   </trkpt>
   <trkpt lat="51.4765190" lon="-0.2494690">
    <ele>4.4</ele>
    <time>2026-06-19T18:00:46Z</time>
   </trkpt>
   <trkpt lat="51.4765270" lon="-0.2494670">
    <ele>4.4</ele>
    <time>2026-06-19T18:00:47Z</time>
   </trkpt>
   <trkpt lat="51.4765390" lon="-0.2494660">
    <ele>4.4</ele>
    <time>2026-06-19T18:00:48Z</time>
   </trkpt>
   <trkpt lat="51.4765500" lon="-0.2494650">
    <ele>4.4</ele>
    <time>2026-06-19T18:00:49Z</time>
   </trkpt>
   <trkpt lat="51.4765610" lon="-0.2494690">
    <ele>4.4</ele>
    <time>2026-06-19T18:00:50Z</time>
   </trkpt>
   <trkpt lat="51.4765750" lon="-0.2494710">
    <ele>4.4</ele>
    <time>2026-06-19T18:00:51Z</time>
   </trkpt>
   <trkpt lat="51.4765890" lon="-0.2494700">
    <ele>4.4</ele>
    <time>2026-06-19T18:00:52Z</time>
   </trkpt>
   <trkpt lat="51.4766100" lon="-0.2494720">
    <ele>4.4</ele>
    <time>2026-06-19T18:00:53Z</time>
   </trkpt>
   <trkpt lat="51.4766190" lon="-0.2494710">
    <ele>4.4</ele>
    <time>2026-06-19T18:00:54Z</time>
   </trkpt>
   <trkpt lat="51.4766270" lon="-0.2494690">
    <ele>4.4</ele>
    <time>2026-06-19T18:00:55Z</time>
   </trkpt>
   <trkpt lat="51.4766480" lon="-0.2494640">
    <ele>4.4</ele>
    <time>2026-06-19T18:00:56Z</time>
   </trkpt>
   <trkpt lat="51.4766560" lon="-0.2494610">
    <ele>4.4</ele>
    <time>2026-06-19T18:00:57Z</time>
   </trkpt>
   <trkpt lat="51.4766650" lon="-0.2494590">
    <ele>4.4</ele>
    <time>2026-06-19T18:00:58Z</time>
   </trkpt>
   <trkpt lat="51.4766860" lon="-0.2494550">
    <ele>4.4</ele>
    <time>2026-06-19T18:00:59Z</time>
   </trkpt>
   <trkpt lat="51.4766930" lon="-0.2494550">
    <ele>4.5</ele>
    <time>2026-06-19T18:01:00Z</time>
   </trkpt>
   <trkpt lat="51.4767010" lon="-0.2494540">
    <ele>4.5</ele>
    <time>2026-06-19T18:01:01Z</time>
   </trkpt>
   <trkpt lat="51.4767230" lon="-0.2494590">
    <ele>4.5</ele>
    <time>2026-06-19T18:01:02Z</time>
   </trkpt>
   <trkpt lat="51.4767300" lon="-0.2494600">
    <ele>4.5</ele>
    <time>2026-06-19T18:01:03Z</time>
   </trkpt>
   <trkpt lat="51.4767380" lon="-0.2494600">
    <ele>4.5</ele>
    <time>2026-06-19T18:01:04Z</time>
   </trkpt>
   <trkpt lat="51.4767650" lon="-0.2494560">
    <ele>4.5</ele>
    <time>2026-06-19T18:01:05Z</time>
   </trkpt>
   <trkpt lat="51.4767770" lon="-0.2494560">
    <ele>4.6</ele>
    <time>2026-06-19T18:01:06Z</time>
   </trkpt>
   <trkpt lat="51.4767900" lon="-0.2494550">
    <ele>4.6</ele>
    <time>2026-06-19T18:01:07Z</time>
   </trkpt>
   <trkpt lat="51.4768090" lon="-0.2494480">
    <ele>4.6</ele>
    <time>2026-06-19T18:01:08Z</time>
   </trkpt>
   <trkpt lat="51.4768140" lon="-0.2494460">
    <ele>4.6</ele>
    <time>2026-06-19T18:01:09Z</time>
   </trkpt>
   <trkpt lat="51.4768250" lon="-0.2494460">
    <ele>4.6</ele>
    <time>2026-06-19T18:01:10Z</time>
   </trkpt>
   <trkpt lat="51.4768410" lon="-0.2494500">
    <ele>4.6</ele>
    <time>2026-06-19T18:01:11Z</time>
   </trkpt>
   <trkpt lat="51.4768540" lon="-0.2494500">
    <ele>4.6</ele>
    <time>2026-06-19T18:01:12Z</time>
   </trkpt>
   <trkpt lat="51.4768680" lon="-0.2494490">
    <ele>4.6</ele>
    <time>2026-06-19T18:01:13Z</time>
   </trkpt>
   <trkpt lat="51.4768900" lon="-0.2494460">
    <ele>4.7</ele>
    <time>2026-06-19T18:01:14Z</time>
   </trkpt>
   <trkpt lat="51.4769000" lon="-0.2494470">
    <ele>4.7</ele>
    <time>2026-06-19T18:01:15Z</time>
   </trkpt>
   <trkpt lat="51.4769100" lon="-0.2494490">
    <ele>4.7</ele>
    <time>2026-06-19T18:01:16Z</time>
   </trkpt>
   <trkpt lat="51.4769300" lon="-0.2494480">
    <ele>4.7</ele>
    <time>2026-06-19T18:01:17Z</time>
   </trkpt>
   <trkpt lat="51.4769390" lon="-0.2494460">
    <ele>4.7</ele>
    <time>2026-06-19T18:01:18Z</time>
   </trkpt>
   <trkpt lat="51.4769470" lon="-0.2494440">
    <ele>4.7</ele>
    <time>2026-06-19T18:01:19Z</time>
   </trkpt>
   <trkpt lat="51.4769660" lon="-0.2494400">
    <ele>4.7</ele>
    <time>2026-06-19T18:01:20Z</time>
   </trkpt>
   <trkpt lat="51.4769750" lon="-0.2494360">
    <ele>4.7</ele>
    <time>2026-06-19T18:01:21Z</time>
   </trkpt>
   <trkpt lat="51.4769830" lon="-0.2494330">
    <ele>4.6</ele>
    <time>2026-06-19T18:01:22Z</time>
   </trkpt>
   <trkpt lat="51.4769960" lon="-0.2494270">
    <ele>4.6</ele>
    <time>2026-06-19T18:01:23Z</time>
   </trkpt>
   <trkpt lat="51.4770100" lon="-0.2494220">
    <ele>4.6</ele>
    <time>2026-06-19T18:01:24Z</time>
   </trkpt>
   <trkpt lat="51.4770300" lon="-0.2494140">
    <ele>4.6</ele>
    <time>2026-06-19T18:01:25Z</time>
   </trkpt>
   <trkpt lat="51.4770380" lon="-0.2494130">
    <ele>4.6</ele>
    <time>2026-06-19T18:01:26Z</time>
   </trkpt>
   <trkpt lat="51.4770470" lon="-0.2494120">
    <ele>4.5</ele>
    <time>2026-06-19T18:01:27Z</time>
   </trkpt>
   <trkpt lat="51.4770670" lon="-0.2494150">
    <ele>4.5</ele>
    <time>2026-06-19T18:01:28Z</time>
   </trkpt>
   <trkpt lat="51.4770780" lon="-0.2494090">
    <ele>4.5</ele>
    <time>2026-06-19T18:01:29Z</time>
   </trkpt>
   <trkpt lat="51.4770900" lon="-0.2494020">
    <ele>4.5</ele>
    <time>2026-06-19T18:01:30Z</time>
   </trkpt>
   <trkpt lat="51.4771000" lon="-0.2493960">
    <ele>4.4</ele>
    <time>2026-06-19T18:01:31Z</time>
   </trkpt>
   <trkpt lat="51.4771070" lon="-0.2493960">
    <ele>4.4</ele>
    <time>2026-06-19T18:01:32Z</time>
   </trkpt>
   <trkpt lat="51.4771270" lon="-0.2493840">
    <ele>4.4</ele>
    <time>2026-06-19T18:01:33Z</time>
   </trkpt>
   <trkpt lat="51.4771340" lon="-0.2493790">
    <ele>4.4</ele>
    <time>2026-06-19T18:01:34Z</time>
   </trkpt>
   <trkpt lat="51.4771420" lon="-0.2493750">
    <ele>4.4</ele>
    <time>2026-06-19T18:01:35Z</time>
   </trkpt>
   <trkpt lat="51.4771660" lon="-0.2493670">
    <ele>4.3</ele>
    <time>2026-06-19T18:01:36Z</time>
   </trkpt>
   <trkpt lat="51.4771740" lon="-0.2493630">
    <ele>4.3</ele>
    <time>2026-06-19T18:01:37Z</time>
   </trkpt>
   <trkpt lat="51.4771820" lon="-0.2493600">
    <ele>4.3</ele>
    <time>2026-06-19T18:01:38Z</time>
   </trkpt>
   <trkpt lat="51.4772030" lon="-0.2493530">
    <ele>4.3</ele>
    <time>2026-06-19T18:01:39Z</time>
   </trkpt>
   <trkpt lat="51.4772120" lon="-0.2493500">
    <ele>4.3</ele>
    <time>2026-06-19T18:01:40Z</time>
   </trkpt>
   <trkpt lat="51.4772210" lon="-0.2493470">
    <ele>4.2</ele>
    <time>2026-06-19T18:01:41Z</time>
   </trkpt>
   <trkpt lat="51.4772420" lon="-0.2493420">
    <ele>4.2</ele>
    <time>2026-06-19T18:01:42Z</time>
   </trkpt>
   <trkpt lat="51.4772500" lon="-0.2493390">
    <ele>4.2</ele>
    <time>2026-06-19T18:01:43Z</time>
   </trkpt>
   <trkpt lat="51.4772590" lon="-0.2493370">
    <ele>4.2</ele>
    <time>2026-06-19T18:01:44Z</time>
   </trkpt>
   <trkpt lat="51.4772730" lon="-0.2493320">
    <ele>4.2</ele>
    <time>2026-06-19T18:01:45Z</time>
   </trkpt>
   <trkpt lat="51.4772870" lon="-0.2493280">
    <ele>4.2</ele>
    <time>2026-06-19T18:01:46Z</time>
   </trkpt>
   <trkpt lat="51.4772970" lon="-0.2493310">
    <ele>4.2</ele>
    <time>2026-06-19T18:01:47Z</time>
   </trkpt>
   <trkpt lat="51.4773070" lon="-0.2493260">
    <ele>4.1</ele>
    <time>2026-06-19T18:01:48Z</time>
   </trkpt>
   <trkpt lat="51.4773180" lon="-0.2493310">
    <ele>4.1</ele>
    <time>2026-06-19T18:01:49Z</time>
   </trkpt>
   <trkpt lat="51.4773350" lon="-0.2493220">
    <ele>4.1</ele>
    <time>2026-06-19T18:01:50Z</time>
   </trkpt>
   <trkpt lat="51.4773450" lon="-0.2493200">
    <ele>4.1</ele>
    <time>2026-06-19T18:01:51Z</time>
   </trkpt>
   <trkpt lat="51.4773560" lon="-0.2493170">
    <ele>4.1</ele>
    <time>2026-06-19T18:01:52Z</time>
   </trkpt>
   <trkpt lat="51.4773770" lon="-0.2493170">
    <ele>4.1</ele>
    <time>2026-06-19T18:01:53Z</time>
   </trkpt>
   <trkpt lat="51.4773870" lon="-0.2493190">
    <ele>4.1</ele>
    <time>2026-06-19T18:01:54Z</time>
   </trkpt>
   <trkpt lat="51.4773960" lon="-0.2493210">
    <ele>4.1</ele>
    <time>2026-06-19T18:01:55Z</time>
   </trkpt>
   <trkpt lat="51.4774090" lon="-0.2493200">
    <ele>4.1</ele>
    <time>2026-06-19T18:01:56Z</time>
   </trkpt>
   <trkpt lat="51.4774250" lon="-0.2493190">
    <ele>4.1</ele>
    <time>2026-06-19T18:01:57Z</time>
   </trkpt>
   <trkpt lat="51.4774370" lon="-0.2493150">
    <ele>4.1</ele>
    <time>2026-06-19T18:01:58Z</time>
   </trkpt>
   <trkpt lat="51.4774530" lon="-0.2493150">
    <ele>4.0</ele>
    <time>2026-06-19T18:01:59Z</time>
   </trkpt>
   <trkpt lat="51.4774710" lon="-0.2493110">
    <ele>4.0</ele>
    <time>2026-06-19T18:02:00Z</time>
   </trkpt>
   <trkpt lat="51.4774800" lon="-0.2493110">
    <ele>4.0</ele>
    <time>2026-06-19T18:02:01Z</time>
   </trkpt>
   <trkpt lat="51.4774890" lon="-0.2493100">
    <ele>4.0</ele>
    <time>2026-06-19T18:02:02Z</time>
   </trkpt>
   <trkpt lat="51.4775020" lon="-0.2493100">
    <ele>4.0</ele>
    <time>2026-06-19T18:02:03Z</time>
   </trkpt>
   <trkpt lat="51.4775180" lon="-0.2493060">
    <ele>4.0</ele>
    <time>2026-06-19T18:02:04Z</time>
   </trkpt>
   <trkpt lat="51.4775320" lon="-0.2493010">
    <ele>4.0</ele>
    <time>2026-06-19T18:02:05Z</time>
   </trkpt>
   <trkpt lat="51.4775450" lon="-0.2492990">
    <ele>4.0</ele>
    <time>2026-06-19T18:02:06Z</time>
   </trkpt>
   <trkpt lat="51.4775600" lon="-0.2492990">
    <ele>4.0</ele>
    <time>2026-06-19T18:02:07Z</time>
   </trkpt>
   <trkpt lat="51.4775730" lon="-0.2492980">
    <ele>4.0</ele>
    <time>2026-06-19T18:02:08Z</time>
   </trkpt>
   <trkpt lat="51.4775820" lon="-0.2492950">
    <ele>4.0</ele>
    <time>2026-06-19T18:02:09Z</time>
   </trkpt>
   <trkpt lat="51.4775930" lon="-0.2492930">
    <ele>4.0</ele>
    <time>2026-06-19T18:02:10Z</time>
   </trkpt>
   <trkpt lat="51.4776060" lon="-0.2492940">
    <ele>4.0</ele>
    <time>2026-06-19T18:02:11Z</time>
   </trkpt>
   <trkpt lat="51.4776190" lon="-0.2492920">
    <ele>3.9</ele>
    <time>2026-06-19T18:02:12Z</time>
   </trkpt>
   <trkpt lat="51.4776350" lon="-0.2492890">
    <ele>3.9</ele>
    <time>2026-06-19T18:02:13Z</time>
   </trkpt>
   <trkpt lat="51.4776560" lon="-0.2492880">
    <ele>3.9</ele>
    <time>2026-06-19T18:02:14Z</time>
   </trkpt>
   <trkpt lat="51.4776640" lon="-0.2492890">
    <ele>3.9</ele>
    <time>2026-06-19T18:02:15Z</time>
   </trkpt>
   <trkpt lat="51.4776710" lon="-0.2492910">
    <ele>3.9</ele>
    <time>2026-06-19T18:02:16Z</time>
   </trkpt>
   <trkpt lat="51.4776770" lon="-0.2492910">
    <ele>3.9</ele>
    <time>2026-06-19T18:02:17Z</time>
   </trkpt>
   <trkpt lat="51.4776830" lon="-0.2492870">
    <ele>3.9</ele>
    <time>2026-06-19T18:02:18Z</time>
   </trkpt>
   <trkpt lat="51.4776980" lon="-0.2492830">
    <ele>3.9</ele>
    <time>2026-06-19T18:02:19Z</time>
   </trkpt>
   <trkpt lat="51.4777050" lon="-0.2492770">
    <ele>3.9</ele>
    <time>2026-06-19T18:02:20Z</time>
   </trkpt>
   <trkpt lat="51.4777170" lon="-0.2492740">
    <ele>3.9</ele>
    <time>2026-06-19T18:02:21Z</time>
   </trkpt>
   <trkpt lat="51.4777360" lon="-0.2492750">
    <ele>3.9</ele>
    <time>2026-06-19T18:02:23Z</time>
   </trkpt>
   <trkpt lat="51.4777470" lon="-0.2492760">
    <ele>4.0</ele>
    <time>2026-06-19T18:02:24Z</time>
   </trkpt>
   <trkpt lat="51.4777640" lon="-0.2492760">
    <ele>4.0</ele>
    <time>2026-06-19T18:02:25Z</time>
   </trkpt>
   <trkpt lat="51.4777790" lon="-0.2492720">
    <ele>4.0</ele>
    <time>2026-06-19T18:02:26Z</time>
   </trkpt>
   <trkpt lat="51.4777950" lon="-0.2492710">
    <ele>4.0</ele>
    <time>2026-06-19T18:02:27Z</time>
   </trkpt>
   <trkpt lat="51.4778060" lon="-0.2492660">
    <ele>4.0</ele>
    <time>2026-06-19T18:02:28Z</time>
   </trkpt>
   <trkpt lat="51.4778230" lon="-0.2492640">
    <ele>4.0</ele>
    <time>2026-06-19T18:02:29Z</time>
   </trkpt>
   <trkpt lat="51.4778340" lon="-0.2492620">
    <ele>4.0</ele>
    <time>2026-06-19T18:02:30Z</time>
   </trkpt>
   <trkpt lat="51.4778450" lon="-0.2492600">
    <ele>4.0</ele>
    <time>2026-06-19T18:02:31Z</time>
   </trkpt>
   <trkpt lat="51.4778530" lon="-0.2492550">
    <ele>4.0</ele>
    <time>2026-06-19T18:02:32Z</time>
   </trkpt>
   <trkpt lat="51.4778660" lon="-0.2492520">
    <ele>4.0</ele>
    <time>2026-06-19T18:02:33Z</time>
   </trkpt>
   <trkpt lat="51.4778740" lon="-0.2492500">
    <ele>4.0</ele>
    <time>2026-06-19T18:02:34Z</time>
   </trkpt>
   <trkpt lat="51.4778830" lon="-0.2492500">
    <ele>4.0</ele>
    <time>2026-06-19T18:02:35Z</time>
   </trkpt>
   <trkpt lat="51.4778980" lon="-0.2492410">
    <ele>4.0</ele>
    <time>2026-06-19T18:02:36Z</time>
   </trkpt>
   <trkpt lat="51.4779080" lon="-0.2492410">
    <ele>4.0</ele>
    <time>2026-06-19T18:02:37Z</time>
   </trkpt>
   <trkpt lat="51.4779160" lon="-0.2492450">
    <ele>4.0</ele>
    <time>2026-06-19T18:02:38Z</time>
   </trkpt>
   <trkpt lat="51.4779280" lon="-0.2492450">
    <ele>4.0</ele>
    <time>2026-06-19T18:02:39Z</time>
   </trkpt>
   <trkpt lat="51.4779440" lon="-0.2492390">
    <ele>4.0</ele>
    <time>2026-06-19T18:02:40Z</time>
   </trkpt>
   <trkpt lat="51.4779670" lon="-0.2492360">
    <ele>4.0</ele>
    <time>2026-06-19T18:02:41Z</time>
   </trkpt>
   <trkpt lat="51.4779730" lon="-0.2492330">
    <ele>4.0</ele>
    <time>2026-06-19T18:02:42Z</time>
   </trkpt>
   <trkpt lat="51.4779800" lon="-0.2492290">
    <ele>4.0</ele>
    <time>2026-06-19T18:02:43Z</time>
   </trkpt>
   <trkpt lat="51.4779950" lon="-0.2492240">
    <ele>4.0</ele>
    <time>2026-06-19T18:02:44Z</time>
   </trkpt>
   <trkpt lat="51.4780140" lon="-0.2492180">
    <ele>4.0</ele>
    <time>2026-06-19T18:02:45Z</time>
   </trkpt>
   <trkpt lat="51.4780300" lon="-0.2492150">
    <ele>4.0</ele>
    <time>2026-06-19T18:02:46Z</time>
   </trkpt>
   <trkpt lat="51.4780420" lon="-0.2492100">
    <ele>4.0</ele>
    <time>2026-06-19T18:02:47Z</time>
   </trkpt>
   <trkpt lat="51.4780580" lon="-0.2492100">
    <ele>4.0</ele>
    <time>2026-06-19T18:02:48Z</time>
   </trkpt>
   <trkpt lat="51.4780680" lon="-0.2492050">
    <ele>4.0</ele>
    <time>2026-06-19T18:02:49Z</time>
   </trkpt>
   <trkpt lat="51.4780740" lon="-0.2491990">
    <ele>4.0</ele>
    <time>2026-06-19T18:02:50Z</time>
   </trkpt>
   <trkpt lat="51.4780890" lon="-0.2491900">
    <ele>4.0</ele>
    <time>2026-06-19T18:02:51Z</time>
   </trkpt>
   <trkpt lat="51.4781030" lon="-0.2491900">
    <ele>4.0</ele>
    <time>2026-06-19T18:02:52Z</time>
   </trkpt>
   <trkpt lat="51.4781150" lon="-0.2491890">
    <ele>4.0</ele>
    <time>2026-06-19T18:02:53Z</time>
   </trkpt>
   <trkpt lat="51.4781310" lon="-0.2491900">
    <ele>3.9</ele>
    <time>2026-06-19T18:02:54Z</time>
   </trkpt>
   <trkpt lat="51.4781470" lon="-0.2491960">
    <ele>3.9</ele>
    <time>2026-06-19T18:02:55Z</time>
   </trkpt>
   <trkpt lat="51.4781600" lon="-0.2491940">
    <ele>3.9</ele>
    <time>2026-06-19T18:02:56Z</time>
   </trkpt>
   <trkpt lat="51.4781780" lon="-0.2491940">
    <ele>3.9</ele>
    <time>2026-06-19T18:02:57Z</time>
   </trkpt>
   <trkpt lat="51.4781950" lon="-0.2491920">
    <ele>3.9</ele>
    <time>2026-06-19T18:02:58Z</time>
   </trkpt>
   <trkpt lat="51.4782100" lon="-0.2492000">
    <ele>3.9</ele>
    <time>2026-06-19T18:02:59Z</time>
   </trkpt>
   <trkpt lat="51.4782250" lon="-0.2492000">
    <ele>3.9</ele>
    <time>2026-06-19T18:03:00Z</time>
   </trkpt>
   <trkpt lat="51.4782390" lon="-0.2491990">
    <ele>3.9</ele>
    <time>2026-06-19T18:03:01Z</time>
   </trkpt>
   <trkpt lat="51.4782530" lon="-0.2491930">
    <ele>3.9</ele>
    <time>2026-06-19T18:03:02Z</time>
   </trkpt>
   <trkpt lat="51.4782680" lon="-0.2491910">
    <ele>3.9</ele>
    <time>2026-06-19T18:03:03Z</time>
   </trkpt>
   <trkpt lat="51.4782810" lon="-0.2491900">
    <ele>3.9</ele>
    <time>2026-06-19T18:03:04Z</time>
   </trkpt>
   <trkpt lat="51.4782940" lon="-0.2491840">
    <ele>3.9</ele>
    <time>2026-06-19T18:03:05Z</time>
   </trkpt>
   <trkpt lat="51.4783080" lon="-0.2491830">
    <ele>3.9</ele>
    <time>2026-06-19T18:03:06Z</time>
   </trkpt>
   <trkpt lat="51.4783280" lon="-0.2491760">
    <ele>3.9</ele>
    <time>2026-06-19T18:03:07Z</time>
   </trkpt>
   <trkpt lat="51.4783390" lon="-0.2491710">
    <ele>3.9</ele>
    <time>2026-06-19T18:03:08Z</time>
   </trkpt>
   <trkpt lat="51.4783490" lon="-0.2491670">
    <ele>3.9</ele>
    <time>2026-06-19T18:03:09Z</time>
   </trkpt>
   <trkpt lat="51.4783630" lon="-0.2491640">
    <ele>3.9</ele>
    <time>2026-06-19T18:03:10Z</time>
   </trkpt>
   <trkpt lat="51.4783780" lon="-0.2491570">
    <ele>3.9</ele>
    <time>2026-06-19T18:03:11Z</time>
   </trkpt>
   <trkpt lat="51.4783940" lon="-0.2491550">
    <ele>3.9</ele>
    <time>2026-06-19T18:03:12Z</time>
   </trkpt>
   <trkpt lat="51.4784270" lon="-0.2491500">
    <ele>3.9</ele>
    <time>2026-06-19T18:03:13Z</time>
   </trkpt>
   <trkpt lat="51.4784420" lon="-0.2491450">
    <ele>4.0</ele>
    <time>2026-06-19T18:03:14Z</time>
   </trkpt>
   <trkpt lat="51.4784540" lon="-0.2491430">
    <ele>4.0</ele>
    <time>2026-06-19T18:03:15Z</time>
   </trkpt>
   <trkpt lat="51.4784690" lon="-0.2491400">
    <ele>4.0</ele>
    <time>2026-06-19T18:03:16Z</time>
   </trkpt>
   <trkpt lat="51.4784740" lon="-0.2491380">
    <ele>4.0</ele>
    <time>2026-06-19T18:03:17Z</time>
   </trkpt>
   <trkpt lat="51.4784910" lon="-0.2491350">
    <ele>4.0</ele>
    <time>2026-06-19T18:03:18Z</time>
   </trkpt>
   <trkpt lat="51.4785020" lon="-0.2491300">
    <ele>4.0</ele>
    <time>2026-06-19T18:03:19Z</time>
   </trkpt>
   <trkpt lat="51.4785240" lon="-0.2491260">
    <ele>4.0</ele>
    <time>2026-06-19T18:03:20Z</time>
   </trkpt>
   <trkpt lat="51.4785310" lon="-0.2491220">
    <ele>4.0</ele>
    <time>2026-06-19T18:03:21Z</time>
   </trkpt>
   <trkpt lat="51.4785390" lon="-0.2491190">
    <ele>4.0</ele>
    <time>2026-06-19T18:03:22Z</time>
   </trkpt>
   <trkpt lat="51.4785590" lon="-0.2491190">
    <ele>4.0</ele>
    <time>2026-06-19T18:03:23Z</time>
   </trkpt>
   <trkpt lat="51.4785700" lon="-0.2491200">
    <ele>4.0</ele>
    <time>2026-06-19T18:03:24Z</time>
   </trkpt>
   <trkpt lat="51.4785810" lon="-0.2491220">
    <ele>4.0</ele>
    <time>2026-06-19T18:03:25Z</time>
   </trkpt>
   <trkpt lat="51.4786010" lon="-0.2491240">
    <ele>4.0</ele>
    <time>2026-06-19T18:03:26Z</time>
   </trkpt>
   <trkpt lat="51.4786110" lon="-0.2491210">
    <ele>4.0</ele>
    <time>2026-06-19T18:03:27Z</time>
   </trkpt>
   <trkpt lat="51.4786200" lon="-0.2491190">
    <ele>4.0</ele>
    <time>2026-06-19T18:03:28Z</time>
   </trkpt>
   <trkpt lat="51.4786440" lon="-0.2491170">
    <ele>4.0</ele>
    <time>2026-06-19T18:03:29Z</time>
   </trkpt>
   <trkpt lat="51.4786530" lon="-0.2491180">
    <ele>4.0</ele>
    <time>2026-06-19T18:03:30Z</time>
   </trkpt>
   <trkpt lat="51.4786630" lon="-0.2491200">
    <ele>4.0</ele>
    <time>2026-06-19T18:03:31Z</time>
   </trkpt>
   <trkpt lat="51.4786830" lon="-0.2491190">
    <ele>4.0</ele>
    <time>2026-06-19T18:03:32Z</time>
   </trkpt>
   <trkpt lat="51.4786940" lon="-0.2491180">
    <ele>4.0</ele>
    <time>2026-06-19T18:03:33Z</time>
   </trkpt>
   <trkpt lat="51.4787070" lon="-0.2491190">
    <ele>4.0</ele>
    <time>2026-06-19T18:03:34Z</time>
   </trkpt>
   <trkpt lat="51.4787250" lon="-0.2491250">
    <ele>4.0</ele>
    <time>2026-06-19T18:03:35Z</time>
   </trkpt>
   <trkpt lat="51.4787440" lon="-0.2491290">
    <ele>3.9</ele>
    <time>2026-06-19T18:03:36Z</time>
   </trkpt>
   <trkpt lat="51.4787570" lon="-0.2491270">
    <ele>3.9</ele>
    <time>2026-06-19T18:03:37Z</time>
   </trkpt>
   <trkpt lat="51.4787720" lon="-0.2491280">
    <ele>3.9</ele>
    <time>2026-06-19T18:03:38Z</time>
   </trkpt>
   <trkpt lat="51.4787860" lon="-0.2491280">
    <ele>3.9</ele>
    <time>2026-06-19T18:03:39Z</time>
   </trkpt>
   <trkpt lat="51.4787990" lon="-0.2491290">
    <ele>3.9</ele>
    <time>2026-06-19T18:03:40Z</time>
   </trkpt>
   <trkpt lat="51.4788100" lon="-0.2491260">
    <ele>3.9</ele>
    <time>2026-06-19T18:03:41Z</time>
   </trkpt>
   <trkpt lat="51.4788220" lon="-0.2491300">
    <ele>3.9</ele>
    <time>2026-06-19T18:03:42Z</time>
   </trkpt>
   <trkpt lat="51.4788440" lon="-0.2491300">
    <ele>3.9</ele>
    <time>2026-06-19T18:03:43Z</time>
   </trkpt>
   <trkpt lat="51.4788550" lon="-0.2491250">
    <ele>3.9</ele>
    <time>2026-06-19T18:03:44Z</time>
   </trkpt>
   <trkpt lat="51.4788710" lon="-0.2491220">
    <ele>3.9</ele>
    <time>2026-06-19T18:03:45Z</time>
   </trkpt>
   <trkpt lat="51.4788890" lon="-0.2491220">
    <ele>3.9</ele>
    <time>2026-06-19T18:03:46Z</time>
   </trkpt>
   <trkpt lat="51.4789110" lon="-0.2491240">
    <ele>3.8</ele>
    <time>2026-06-19T18:03:47Z</time>
   </trkpt>
   <trkpt lat="51.4789190" lon="-0.2491240">
    <ele>3.8</ele>
    <time>2026-06-19T18:03:48Z</time>
   </trkpt>
   <trkpt lat="51.4789270" lon="-0.2491250">
    <ele>3.8</ele>
    <time>2026-06-19T18:03:49Z</time>
   </trkpt>
   <trkpt lat="51.4789490" lon="-0.2491250">
    <ele>3.8</ele>
    <time>2026-06-19T18:03:50Z</time>
   </trkpt>
   <trkpt lat="51.4789580" lon="-0.2491240">
    <ele>3.8</ele>
    <time>2026-06-19T18:03:51Z</time>
   </trkpt>
   <trkpt lat="51.4789680" lon="-0.2491230">
    <ele>3.8</ele>
    <time>2026-06-19T18:03:52Z</time>
   </trkpt>
   <trkpt lat="51.4789780" lon="-0.2491220">
    <ele>3.8</ele>
    <time>2026-06-19T18:03:53Z</time>
   </trkpt>
   <trkpt lat="51.4789860" lon="-0.2491220">
    <ele>3.8</ele>
    <time>2026-06-19T18:03:54Z</time>
   </trkpt>
   <trkpt lat="51.4790000" lon="-0.2491190">
    <ele>3.8</ele>
    <time>2026-06-19T18:03:55Z</time>
   </trkpt>
   <trkpt lat="51.4790150" lon="-0.2491200">
    <ele>3.8</ele>
    <time>2026-06-19T18:03:56Z</time>
   </trkpt>
   <trkpt lat="51.4790250" lon="-0.2491150">
    <ele>3.8</ele>
    <time>2026-06-19T18:03:57Z</time>
   </trkpt>
   <trkpt lat="51.4790340" lon="-0.2491140">
    <ele>3.8</ele>
    <time>2026-06-19T18:03:58Z</time>
   </trkpt>
   <trkpt lat="51.4790500" lon="-0.2491130">
    <ele>3.8</ele>
    <time>2026-06-19T18:03:59Z</time>
   </trkpt>
   <trkpt lat="51.4790630" lon="-0.2491170">
    <ele>3.8</ele>
    <time>2026-06-19T18:04:00Z</time>
   </trkpt>
   <trkpt lat="51.4790780" lon="-0.2491120">
    <ele>3.8</ele>
    <time>2026-06-19T18:04:01Z</time>
   </trkpt>
   <trkpt lat="51.4790910" lon="-0.2491150">
    <ele>3.8</ele>
    <time>2026-06-19T18:04:02Z</time>
   </trkpt>
   <trkpt lat="51.4791130" lon="-0.2491110">
    <ele>3.8</ele>
    <time>2026-06-19T18:04:03Z</time>
   </trkpt>
   <trkpt lat="51.4791230" lon="-0.2491110">
    <ele>3.8</ele>
    <time>2026-06-19T18:04:04Z</time>
   </trkpt>
   <trkpt lat="51.4791330" lon="-0.2491100">
    <ele>3.8</ele>
    <time>2026-06-19T18:04:05Z</time>
   </trkpt>
   <trkpt lat="51.4791470" lon="-0.2491080">
    <ele>3.8</ele>
    <time>2026-06-19T18:04:06Z</time>
   </trkpt>
   <trkpt lat="51.4791630" lon="-0.2491020">
    <ele>3.8</ele>
    <time>2026-06-19T18:04:07Z</time>
   </trkpt>
   <trkpt lat="51.4791780" lon="-0.2491030">
    <ele>3.8</ele>
    <time>2026-06-19T18:04:08Z</time>
   </trkpt>
   <trkpt lat="51.4791930" lon="-0.2491010">
    <ele>3.8</ele>
    <time>2026-06-19T18:04:09Z</time>
   </trkpt>
   <trkpt lat="51.4792080" lon="-0.2490990">
    <ele>3.8</ele>
    <time>2026-06-19T18:04:10Z</time>
   </trkpt>
   <trkpt lat="51.4792230" lon="-0.2491000">
    <ele>3.8</ele>
    <time>2026-06-19T18:04:11Z</time>
   </trkpt>
   <trkpt lat="51.4792360" lon="-0.2491040">
    <ele>3.8</ele>
    <time>2026-06-19T18:04:12Z</time>
   </trkpt>
   <trkpt lat="51.4792500" lon="-0.2491100">
    <ele>3.8</ele>
    <time>2026-06-19T18:04:13Z</time>
   </trkpt>
   <trkpt lat="51.4792650" lon="-0.2491120">
    <ele>3.8</ele>
    <time>2026-06-19T18:04:14Z</time>
   </trkpt>
   <trkpt lat="51.4792770" lon="-0.2491060">
    <ele>3.8</ele>
    <time>2026-06-19T18:04:15Z</time>
   </trkpt>
   <trkpt lat="51.4792830" lon="-0.2490990">
    <ele>3.8</ele>
    <time>2026-06-19T18:04:16Z</time>
   </trkpt>
   <trkpt lat="51.4792930" lon="-0.2490950">
    <ele>3.8</ele>
    <time>2026-06-19T18:04:17Z</time>
   </trkpt>
   <trkpt lat="51.4793060" lon="-0.2490920">
    <ele>3.8</ele>
    <time>2026-06-19T18:04:18Z</time>
   </trkpt>
   <trkpt lat="51.4793110" lon="-0.2490870">
    <ele>3.8</ele>
    <time>2026-06-19T18:04:19Z</time>
   </trkpt>
   <trkpt lat="51.4793320" lon="-0.2490830">
    <ele>3.8</ele>
    <time>2026-06-19T18:04:20Z</time>
   </trkpt>
   <trkpt lat="51.4793410" lon="-0.2490830">
    <ele>3.8</ele>
    <time>2026-06-19T18:04:21Z</time>
   </trkpt>
   <trkpt lat="51.4793490" lon="-0.2490820">
    <ele>3.8</ele>
    <time>2026-06-19T18:04:22Z</time>
   </trkpt>
   <trkpt lat="51.4793690" lon="-0.2490840">
    <ele>3.8</ele>
    <time>2026-06-19T18:04:23Z</time>
   </trkpt>
   <trkpt lat="51.4793820" lon="-0.2490800">
    <ele>3.7</ele>
    <time>2026-06-19T18:04:24Z</time>
   </trkpt>
   <trkpt lat="51.4793980" lon="-0.2490810">
    <ele>3.7</ele>
    <time>2026-06-19T18:04:25Z</time>
   </trkpt>
   <trkpt lat="51.4794130" lon="-0.2490870">
    <ele>3.7</ele>
    <time>2026-06-19T18:04:26Z</time>
   </trkpt>
   <trkpt lat="51.4794270" lon="-0.2490880">
    <ele>3.7</ele>
    <time>2026-06-19T18:04:27Z</time>
   </trkpt>
   <trkpt lat="51.4794430" lon="-0.2490840">
    <ele>3.7</ele>
    <time>2026-06-19T18:04:29Z</time>
   </trkpt>
   <trkpt lat="51.4794590" lon="-0.2490900">
    <ele>3.7</ele>
    <time>2026-06-19T18:04:30Z</time>
   </trkpt>
   <trkpt lat="51.4794750" lon="-0.2490940">
    <ele>3.7</ele>
    <time>2026-06-19T18:04:31Z</time>
   </trkpt>
   <trkpt lat="51.4794940" lon="-0.2490910">
    <ele>3.7</ele>
    <time>2026-06-19T18:04:32Z</time>
   </trkpt>
   <trkpt lat="51.4795100" lon="-0.2490880">
    <ele>3.7</ele>
    <time>2026-06-19T18:04:33Z</time>
   </trkpt>
   <trkpt lat="51.4795270" lon="-0.2490910">
    <ele>3.7</ele>
    <time>2026-06-19T18:04:34Z</time>
   </trkpt>
   <trkpt lat="51.4795400" lon="-0.2490950">
    <ele>3.7</ele>
    <time>2026-06-19T18:04:35Z</time>
   </trkpt>
   <trkpt lat="51.4795550" lon="-0.2491020">
    <ele>3.7</ele>
    <time>2026-06-19T18:04:36Z</time>
   </trkpt>
   <trkpt lat="51.4795690" lon="-0.2491050">
    <ele>3.7</ele>
    <time>2026-06-19T18:04:37Z</time>
   </trkpt>
   <trkpt lat="51.4795840" lon="-0.2491050">
    <ele>3.7</ele>
    <time>2026-06-19T18:04:38Z</time>
   </trkpt>
   <trkpt lat="51.4795970" lon="-0.2491040">
    <ele>3.7</ele>
    <time>2026-06-19T18:04:39Z</time>
   </trkpt>
   <trkpt lat="51.4796100" lon="-0.2491060">
    <ele>3.7</ele>
    <time>2026-06-19T18:04:40Z</time>
   </trkpt>
   <trkpt lat="51.4796240" lon="-0.2491090">
    <ele>3.7</ele>
    <time>2026-06-19T18:04:41Z</time>
   </trkpt>
   <trkpt lat="51.4796380" lon="-0.2491150">
    <ele>3.7</ele>
    <time>2026-06-19T18:04:42Z</time>
   </trkpt>
   <trkpt lat="51.4796520" lon="-0.2491160">
    <ele>3.7</ele>
    <time>2026-06-19T18:04:43Z</time>
   </trkpt>
   <trkpt lat="51.4796650" lon="-0.2491140">
    <ele>3.7</ele>
    <time>2026-06-19T18:04:44Z</time>
   </trkpt>
   <trkpt lat="51.4796800" lon="-0.2491130">
    <ele>3.7</ele>
    <time>2026-06-19T18:04:45Z</time>
   </trkpt>
   <trkpt lat="51.4797010" lon="-0.2491210">
    <ele>3.7</ele>
    <time>2026-06-19T18:04:46Z</time>
   </trkpt>
   <trkpt lat="51.4797090" lon="-0.2491220">
    <ele>3.7</ele>
    <time>2026-06-19T18:04:47Z</time>
   </trkpt>
   <trkpt lat="51.4797180" lon="-0.2491220">
    <ele>3.7</ele>
    <time>2026-06-19T18:04:48Z</time>
   </trkpt>
   <trkpt lat="51.4797410" lon="-0.2491220">
    <ele>3.7</ele>
    <time>2026-06-19T18:04:49Z</time>
   </trkpt>
   <trkpt lat="51.4797490" lon="-0.2491200">
    <ele>3.7</ele>
    <time>2026-06-19T18:04:50Z</time>
   </trkpt>
   <trkpt lat="51.4797580" lon="-0.2491180">
    <ele>3.7</ele>
    <time>2026-06-19T18:04:51Z</time>
   </trkpt>
   <trkpt lat="51.4797800" lon="-0.2491180">
    <ele>3.7</ele>
    <time>2026-06-19T18:04:52Z</time>
   </trkpt>
   <trkpt lat="51.4797880" lon="-0.2491190">
    <ele>3.7</ele>
    <time>2026-06-19T18:04:53Z</time>
   </trkpt>
   <trkpt lat="51.4797970" lon="-0.2491200">
    <ele>3.7</ele>
    <time>2026-06-19T18:04:54Z</time>
   </trkpt>
   <trkpt lat="51.4798080" lon="-0.2491210">
    <ele>3.7</ele>
    <time>2026-06-19T18:04:55Z</time>
   </trkpt>
   <trkpt lat="51.4798190" lon="-0.2491180">
    <ele>3.7</ele>
    <time>2026-06-19T18:04:56Z</time>
   </trkpt>
   <trkpt lat="51.4798310" lon="-0.2491160">
    <ele>3.7</ele>
    <time>2026-06-19T18:04:57Z</time>
   </trkpt>
   <trkpt lat="51.4798460" lon="-0.2491190">
    <ele>3.7</ele>
    <time>2026-06-19T18:04:58Z</time>
   </trkpt>
   <trkpt lat="51.4798650" lon="-0.2491170">
    <ele>3.7</ele>
    <time>2026-06-19T18:04:59Z</time>
   </trkpt>
   <trkpt lat="51.4798780" lon="-0.2491090">
    <ele>3.7</ele>
    <time>2026-06-19T18:05:00Z</time>
   </trkpt>
   <trkpt lat="51.4798920" lon="-0.2491040">
    <ele>3.7</ele>
    <time>2026-06-19T18:05:01Z</time>
   </trkpt>
   <trkpt lat="51.4799140" lon="-0.2491060">
    <ele>3.7</ele>
    <time>2026-06-19T18:05:02Z</time>
   </trkpt>
   <trkpt lat="51.4799220" lon="-0.2491090">
    <ele>3.7</ele>
    <time>2026-06-19T18:05:03Z</time>
   </trkpt>
   <trkpt lat="51.4799310" lon="-0.2491110">
    <ele>3.7</ele>
    <time>2026-06-19T18:05:04Z</time>
   </trkpt>
   <trkpt lat="51.4799390" lon="-0.2491140">
    <ele>3.7</ele>
    <time>2026-06-19T18:05:05Z</time>
   </trkpt>
   <trkpt lat="51.4799560" lon="-0.2491160">
    <ele>3.7</ele>
    <time>2026-06-19T18:05:06Z</time>
   </trkpt>
   <trkpt lat="51.4799680" lon="-0.2491170">
    <ele>3.7</ele>
    <time>2026-06-19T18:05:07Z</time>
   </trkpt>
   <trkpt lat="51.4799800" lon="-0.2491210">
    <ele>3.7</ele>
    <time>2026-06-19T18:05:08Z</time>
   </trkpt>
   <trkpt lat="51.4799880" lon="-0.2491220">
    <ele>3.7</ele>
    <time>2026-06-19T18:05:09Z</time>
   </trkpt>
   <trkpt lat="51.4799980" lon="-0.2491230">
    <ele>3.7</ele>
    <time>2026-06-19T18:05:10Z</time>
   </trkpt>
   <trkpt lat="51.4800180" lon="-0.2491180">
    <ele>3.7</ele>
    <time>2026-06-19T18:05:11Z</time>
   </trkpt>
   <trkpt lat="51.4800270" lon="-0.2491180">
    <ele>3.7</ele>
    <time>2026-06-19T18:05:12Z</time>
   </trkpt>
   <trkpt lat="51.4800410" lon="-0.2491240">
    <ele>3.7</ele>
    <time>2026-06-19T18:05:13Z</time>
   </trkpt>
   <trkpt lat="51.4800550" lon="-0.2491330">
    <ele>3.7</ele>
    <time>2026-06-19T18:05:14Z</time>
   </trkpt>
   <trkpt lat="51.4800740" lon="-0.2491360">
    <ele>3.7</ele>
    <time>2026-06-19T18:05:15Z</time>
   </trkpt>
   <trkpt lat="51.4800830" lon="-0.2491370">
    <ele>3.7</ele>
    <time>2026-06-19T18:05:16Z</time>
   </trkpt>
   <trkpt lat="51.4800910" lon="-0.2491380">
    <ele>3.7</ele>
    <time>2026-06-19T18:05:17Z</time>
   </trkpt>
   <trkpt lat="51.4801050" lon="-0.2491360">
    <ele>3.7</ele>
    <time>2026-06-19T18:05:18Z</time>
   </trkpt>
   <trkpt lat="51.4801160" lon="-0.2491420">
    <ele>3.7</ele>
    <time>2026-06-19T18:05:19Z</time>
   </trkpt>
   <trkpt lat="51.4801270" lon="-0.2491460">
    <ele>3.7</ele>
    <time>2026-06-19T18:05:20Z</time>
   </trkpt>
   <trkpt lat="51.4801480" lon="-0.2491440">
    <ele>3.7</ele>
    <time>2026-06-19T18:05:21Z</time>
   </trkpt>
   <trkpt lat="51.4801560" lon="-0.2491450">
    <ele>3.7</ele>
    <time>2026-06-19T18:05:22Z</time>
   </trkpt>
   <trkpt lat="51.4801630" lon="-0.2491450">
    <ele>3.7</ele>
    <time>2026-06-19T18:05:23Z</time>
   </trkpt>
   <trkpt lat="51.4801740" lon="-0.2491460">
    <ele>3.7</ele>
    <time>2026-06-19T18:05:24Z</time>
   </trkpt>
   <trkpt lat="51.4801910" lon="-0.2491430">
    <ele>3.7</ele>
    <time>2026-06-19T18:05:25Z</time>
   </trkpt>
   <trkpt lat="51.4802040" lon="-0.2491480">
    <ele>3.7</ele>
    <time>2026-06-19T18:05:26Z</time>
   </trkpt>
   <trkpt lat="51.4802180" lon="-0.2491540">
    <ele>3.7</ele>
    <time>2026-06-19T18:05:27Z</time>
   </trkpt>
   <trkpt lat="51.4802330" lon="-0.2491570">
    <ele>3.7</ele>
    <time>2026-06-19T18:05:28Z</time>
   </trkpt>
   <trkpt lat="51.4802640" lon="-0.2491690">
    <ele>3.7</ele>
    <time>2026-06-19T18:05:29Z</time>
   </trkpt>
   <trkpt lat="51.4802760" lon="-0.2491720">
    <ele>3.7</ele>
    <time>2026-06-19T18:05:30Z</time>
   </trkpt>
   <trkpt lat="51.4802960" lon="-0.2491780">
    <ele>3.7</ele>
    <time>2026-06-19T18:05:31Z</time>
   </trkpt>
   <trkpt lat="51.4803040" lon="-0.2491790">
    <ele>3.7</ele>
    <time>2026-06-19T18:05:32Z</time>
   </trkpt>
   <trkpt lat="51.4803120" lon="-0.2491810">
    <ele>3.7</ele>
    <time>2026-06-19T18:05:33Z</time>
   </trkpt>
   <trkpt lat="51.4803350" lon="-0.2491800">
    <ele>3.7</ele>
    <time>2026-06-19T18:05:34Z</time>
   </trkpt>
   <trkpt lat="51.4803430" lon="-0.2491810">
    <ele>3.7</ele>
    <time>2026-06-19T18:05:35Z</time>
   </trkpt>
   <trkpt lat="51.4803520" lon="-0.2491820">
    <ele>3.7</ele>
    <time>2026-06-19T18:05:36Z</time>
   </trkpt>
   <trkpt lat="51.4803660" lon="-0.2491840">
    <ele>3.7</ele>
    <time>2026-06-19T18:05:37Z</time>
   </trkpt>
   <trkpt lat="51.4803830" lon="-0.2491880">
    <ele>3.7</ele>
    <time>2026-06-19T18:05:38Z</time>
   </trkpt>
   <trkpt lat="51.4803970" lon="-0.2491910">
    <ele>3.7</ele>
    <time>2026-06-19T18:05:39Z</time>
   </trkpt>
   <trkpt lat="51.4804110" lon="-0.2491880">
    <ele>3.7</ele>
    <time>2026-06-19T18:05:40Z</time>
   </trkpt>
   <trkpt lat="51.4804270" lon="-0.2491900">
    <ele>3.7</ele>
    <time>2026-06-19T18:05:41Z</time>
   </trkpt>
   <trkpt lat="51.4804430" lon="-0.2491900">
    <ele>3.7</ele>
    <time>2026-06-19T18:05:42Z</time>
   </trkpt>
   <trkpt lat="51.4804570" lon="-0.2491860">
    <ele>3.7</ele>
    <time>2026-06-19T18:05:43Z</time>
   </trkpt>
   <trkpt lat="51.4804670" lon="-0.2491850">
    <ele>3.7</ele>
    <time>2026-06-19T18:05:44Z</time>
   </trkpt>
   <trkpt lat="51.4804790" lon="-0.2491840">
    <ele>3.7</ele>
    <time>2026-06-19T18:05:45Z</time>
   </trkpt>
   <trkpt lat="51.4804910" lon="-0.2491840">
    <ele>3.7</ele>
    <time>2026-06-19T18:05:46Z</time>
   </trkpt>
   <trkpt lat="51.4805130" lon="-0.2491860">
    <ele>3.7</ele>
    <time>2026-06-19T18:05:47Z</time>
   </trkpt>
   <trkpt lat="51.4805280" lon="-0.2491940">
    <ele>3.8</ele>
    <time>2026-06-19T18:05:48Z</time>
   </trkpt>
   <trkpt lat="51.4805410" lon="-0.2491970">
    <ele>3.8</ele>
    <time>2026-06-19T18:05:49Z</time>
   </trkpt>
   <trkpt lat="51.4805530" lon="-0.2492030">
    <ele>3.8</ele>
    <time>2026-06-19T18:05:50Z</time>
   </trkpt>
   <trkpt lat="51.4805630" lon="-0.2492030">
    <ele>3.8</ele>
    <time>2026-06-19T18:05:51Z</time>
   </trkpt>
   <trkpt lat="51.4805730" lon="-0.2492040">
    <ele>3.8</ele>
    <time>2026-06-19T18:05:52Z</time>
   </trkpt>
   <trkpt lat="51.4805830" lon="-0.2492080">
    <ele>3.8</ele>
    <time>2026-06-19T18:05:53Z</time>
   </trkpt>
   <trkpt lat="51.4806010" lon="-0.2492120">
    <ele>3.8</ele>
    <time>2026-06-19T18:05:54Z</time>
   </trkpt>
   <trkpt lat="51.4806210" lon="-0.2492230">
    <ele>3.8</ele>
    <time>2026-06-19T18:05:55Z</time>
   </trkpt>
   <trkpt lat="51.4806290" lon="-0.2492270">
    <ele>3.8</ele>
    <time>2026-06-19T18:05:56Z</time>
   </trkpt>
   <trkpt lat="51.4806380" lon="-0.2492300">
    <ele>3.8</ele>
    <time>2026-06-19T18:05:57Z</time>
   </trkpt>
   <trkpt lat="51.4806680" lon="-0.2492320">
    <ele>3.8</ele>
    <time>2026-06-19T18:05:58Z</time>
   </trkpt>
   <trkpt lat="51.4806750" lon="-0.2492340">
    <ele>3.8</ele>
    <time>2026-06-19T18:05:59Z</time>
   </trkpt>
   <trkpt lat="51.4806860" lon="-0.2492340">
    <ele>3.8</ele>
    <time>2026-06-19T18:06:00Z</time>
   </trkpt>
   <trkpt lat="51.4806930" lon="-0.2492370">
    <ele>3.8</ele>
    <time>2026-06-19T18:06:01Z</time>
   </trkpt>
   <trkpt lat="51.4807050" lon="-0.2492340">
    <ele>3.8</ele>
    <time>2026-06-19T18:06:02Z</time>
   </trkpt>
   <trkpt lat="51.4807080" lon="-0.2492270">
    <ele>3.8</ele>
    <time>2026-06-19T18:06:03Z</time>
   </trkpt>
   <trkpt lat="51.4807170" lon="-0.2492230">
    <ele>3.8</ele>
    <time>2026-06-19T18:06:04Z</time>
   </trkpt>
   <trkpt lat="51.4807320" lon="-0.2492320">
    <ele>3.8</ele>
    <time>2026-06-19T18:06:05Z</time>
   </trkpt>
   <trkpt lat="51.4807400" lon="-0.2492380">
    <ele>3.8</ele>
    <time>2026-06-19T18:06:06Z</time>
   </trkpt>
   <trkpt lat="51.4807620" lon="-0.2492440">
    <ele>3.8</ele>
    <time>2026-06-19T18:06:07Z</time>
   </trkpt>
   <trkpt lat="51.4807820" lon="-0.2492440">
    <ele>3.8</ele>
    <time>2026-06-19T18:06:08Z</time>
   </trkpt>
   <trkpt lat="51.4807910" lon="-0.2492440">
    <ele>3.8</ele>
    <time>2026-06-19T18:06:09Z</time>
   </trkpt>
   <trkpt lat="51.4808010" lon="-0.2492450">
    <ele>3.8</ele>
    <time>2026-06-19T18:06:10Z</time>
   </trkpt>
   <trkpt lat="51.4808150" lon="-0.2492490">
    <ele>3.8</ele>
    <time>2026-06-19T18:06:11Z</time>
   </trkpt>
   <trkpt lat="51.4808280" lon="-0.2492510">
    <ele>3.8</ele>
    <time>2026-06-19T18:06:12Z</time>
   </trkpt>
   <trkpt lat="51.4808500" lon="-0.2492530">
    <ele>3.8</ele>
    <time>2026-06-19T18:06:13Z</time>
   </trkpt>
   <trkpt lat="51.4808590" lon="-0.2492550">
    <ele>3.8</ele>
    <time>2026-06-19T18:06:14Z</time>
   </trkpt>
   <trkpt lat="51.4808670" lon="-0.2492570">
    <ele>3.8</ele>
    <time>2026-06-19T18:06:15Z</time>
   </trkpt>
   <trkpt lat="51.4808810" lon="-0.2492600">
    <ele>3.8</ele>
    <time>2026-06-19T18:06:16Z</time>
   </trkpt>
   <trkpt lat="51.4808980" lon="-0.2492600">
    <ele>3.8</ele>
    <time>2026-06-19T18:06:17Z</time>
   </trkpt>
   <trkpt lat="51.4809130" lon="-0.2492610">
    <ele>3.8</ele>
    <time>2026-06-19T18:06:18Z</time>
   </trkpt>
   <trkpt lat="51.4809270" lon="-0.2492570">
    <ele>3.8</ele>
    <time>2026-06-19T18:06:19Z</time>
   </trkpt>
   <trkpt lat="51.4809410" lon="-0.2492600">
    <ele>3.8</ele>
    <time>2026-06-19T18:06:20Z</time>
   </trkpt>
   <trkpt lat="51.4809550" lon="-0.2492620">
    <ele>3.8</ele>
    <time>2026-06-19T18:06:21Z</time>
   </trkpt>
   <trkpt lat="51.4809770" lon="-0.2492670">
    <ele>3.8</ele>
    <time>2026-06-19T18:06:22Z</time>
   </trkpt>
   <trkpt lat="51.4809850" lon="-0.2492680">
    <ele>3.8</ele>
    <time>2026-06-19T18:06:23Z</time>
   </trkpt>
   <trkpt lat="51.4809940" lon="-0.2492700">
    <ele>3.8</ele>
    <time>2026-06-19T18:06:24Z</time>
   </trkpt>
   <trkpt lat="51.4810160" lon="-0.2492700">
    <ele>3.9</ele>
    <time>2026-06-19T18:06:25Z</time>
   </trkpt>
   <trkpt lat="51.4810250" lon="-0.2492720">
    <ele>3.9</ele>
    <time>2026-06-19T18:06:26Z</time>
   </trkpt>
   <trkpt lat="51.4810350" lon="-0.2492730">
    <ele>3.9</ele>
    <time>2026-06-19T18:06:27Z</time>
   </trkpt>
   <trkpt lat="51.4810500" lon="-0.2492760">
    <ele>3.9</ele>
    <time>2026-06-19T18:06:28Z</time>
   </trkpt>
   <trkpt lat="51.4810630" lon="-0.2492800">
    <ele>3.9</ele>
    <time>2026-06-19T18:06:29Z</time>
   </trkpt>
   <trkpt lat="51.4810830" lon="-0.2492840">
    <ele>3.9</ele>
    <time>2026-06-19T18:06:30Z</time>
   </trkpt>
   <trkpt lat="51.4810940" lon="-0.2492830">
    <ele>3.9</ele>
    <time>2026-06-19T18:06:31Z</time>
   </trkpt>
   <trkpt lat="51.4811070" lon="-0.2492850">
    <ele>3.9</ele>
    <time>2026-06-19T18:06:32Z</time>
   </trkpt>
   <trkpt lat="51.4811190" lon="-0.2492810">
    <ele>3.9</ele>
    <time>2026-06-19T18:06:33Z</time>
   </trkpt>
   <trkpt lat="51.4811320" lon="-0.2492850">
    <ele>3.9</ele>
    <time>2026-06-19T18:06:35Z</time>
   </trkpt>
   <trkpt lat="51.4811440" lon="-0.2492800">
    <ele>3.9</ele>
    <time>2026-06-19T18:06:36Z</time>
   </trkpt>
   <trkpt lat="51.4811600" lon="-0.2492840">
    <ele>3.9</ele>
    <time>2026-06-19T18:06:37Z</time>
   </trkpt>
   <trkpt lat="51.4811740" lon="-0.2492950">
    <ele>3.9</ele>
    <time>2026-06-19T18:06:38Z</time>
   </trkpt>
   <trkpt lat="51.4811880" lon="-0.2493000">
    <ele>3.9</ele>
    <time>2026-06-19T18:06:39Z</time>
   </trkpt>
   <trkpt lat="51.4812000" lon="-0.2493020">
    <ele>3.9</ele>
    <time>2026-06-19T18:06:40Z</time>
   </trkpt>
   <trkpt lat="51.4812150" lon="-0.2493060">
    <ele>3.9</ele>
    <time>2026-06-19T18:06:41Z</time>
   </trkpt>
   <trkpt lat="51.4812310" lon="-0.2493080">
    <ele>3.9</ele>
    <time>2026-06-19T18:06:42Z</time>
   </trkpt>
   <trkpt lat="51.4812420" lon="-0.2493090">
    <ele>3.9</ele>
    <time>2026-06-19T18:06:43Z</time>
   </trkpt>
   <trkpt lat="51.4812580" lon="-0.2493130">
    <ele>3.9</ele>
    <time>2026-06-19T18:06:44Z</time>
   </trkpt>
   <trkpt lat="51.4812700" lon="-0.2493110">
    <ele>3.9</ele>
    <time>2026-06-19T18:06:45Z</time>
   </trkpt>
   <trkpt lat="51.4812840" lon="-0.2493140">
    <ele>3.9</ele>
    <time>2026-06-19T18:06:46Z</time>
   </trkpt>
   <trkpt lat="51.4812940" lon="-0.2493130">
    <ele>3.9</ele>
    <time>2026-06-19T18:06:47Z</time>
   </trkpt>
   <trkpt lat="51.4813060" lon="-0.2493120">
    <ele>3.9</ele>
    <time>2026-06-19T18:06:48Z</time>
   </trkpt>
   <trkpt lat="51.4813220" lon="-0.2493150">
    <ele>3.9</ele>
    <time>2026-06-19T18:06:49Z</time>
   </trkpt>
   <trkpt lat="51.4813360" lon="-0.2493150">
    <ele>3.9</ele>
    <time>2026-06-19T18:06:50Z</time>
   </trkpt>
   <trkpt lat="51.4813490" lon="-0.2493150">
    <ele>3.9</ele>
    <time>2026-06-19T18:06:51Z</time>
   </trkpt>
   <trkpt lat="51.4813670" lon="-0.2493110">
    <ele>3.9</ele>
    <time>2026-06-19T18:06:52Z</time>
   </trkpt>
   <trkpt lat="51.4813820" lon="-0.2493100">
    <ele>3.9</ele>
    <time>2026-06-19T18:06:53Z</time>
   </trkpt>
   <trkpt lat="51.4813970" lon="-0.2493080">
    <ele>3.9</ele>
    <time>2026-06-19T18:06:54Z</time>
   </trkpt>
   <trkpt lat="51.4814120" lon="-0.2493060">
    <ele>3.9</ele>
    <time>2026-06-19T18:06:55Z</time>
   </trkpt>
   <trkpt lat="51.4814230" lon="-0.2493060">
    <ele>3.9</ele>
    <time>2026-06-19T18:06:56Z</time>
   </trkpt>
   <trkpt lat="51.4814280" lon="-0.2493050">
    <ele>3.9</ele>
    <time>2026-06-19T18:06:57Z</time>
   </trkpt>
   <trkpt lat="51.4814430" lon="-0.2493060">
    <ele>3.9</ele>
    <time>2026-06-19T18:06:58Z</time>
   </trkpt>
   <trkpt lat="51.4814550" lon="-0.2493070">
    <ele>3.9</ele>
    <time>2026-06-19T18:06:59Z</time>
   </trkpt>
   <trkpt lat="51.4814630" lon="-0.2493050">
    <ele>3.9</ele>
    <time>2026-06-19T18:07:00Z</time>
   </trkpt>
   <trkpt lat="51.4814740" lon="-0.2493120">
    <ele>3.9</ele>
    <time>2026-06-19T18:07:01Z</time>
   </trkpt>
   <trkpt lat="51.4814860" lon="-0.2493140">
    <ele>3.9</ele>
    <time>2026-06-19T18:07:02Z</time>
   </trkpt>
   <trkpt lat="51.4814950" lon="-0.2493100">
    <ele>3.9</ele>
    <time>2026-06-19T18:07:03Z</time>
   </trkpt>
   <trkpt lat="51.4815010" lon="-0.2493080">
    <ele>3.9</ele>
    <time>2026-06-19T18:07:04Z</time>
   </trkpt>
   <trkpt lat="51.4815130" lon="-0.2493060">
    <ele>3.9</ele>
    <time>2026-06-19T18:07:05Z</time>
   </trkpt>
   <trkpt lat="51.4815220" lon="-0.2493070">
    <ele>3.9</ele>
    <time>2026-06-19T18:07:06Z</time>
   </trkpt>
   <trkpt lat="51.4815360" lon="-0.2493070">
    <ele>3.9</ele>
    <time>2026-06-19T18:07:07Z</time>
   </trkpt>
   <trkpt lat="51.4815490" lon="-0.2493050">
    <ele>3.9</ele>
    <time>2026-06-19T18:07:08Z</time>
   </trkpt>
   <trkpt lat="51.4815690" lon="-0.2493070">
    <ele>3.9</ele>
    <time>2026-06-19T18:07:09Z</time>
   </trkpt>
   <trkpt lat="51.4815780" lon="-0.2493070">
    <ele>3.9</ele>
    <time>2026-06-19T18:07:10Z</time>
   </trkpt>
   <trkpt lat="51.4815880" lon="-0.2493070">
    <ele>3.9</ele>
    <time>2026-06-19T18:07:11Z</time>
   </trkpt>
   <trkpt lat="51.4816020" lon="-0.2493090">
    <ele>3.9</ele>
    <time>2026-06-19T18:07:12Z</time>
   </trkpt>
   <trkpt lat="51.4816160" lon="-0.2493140">
    <ele>3.9</ele>
    <time>2026-06-19T18:07:13Z</time>
   </trkpt>
   <trkpt lat="51.4816360" lon="-0.2493170">
    <ele>3.9</ele>
    <time>2026-06-19T18:07:14Z</time>
   </trkpt>
   <trkpt lat="51.4816450" lon="-0.2493150">
    <ele>3.9</ele>
    <time>2026-06-19T18:07:15Z</time>
   </trkpt>
   <trkpt lat="51.4816550" lon="-0.2493120">
    <ele>3.9</ele>
    <time>2026-06-19T18:07:16Z</time>
   </trkpt>
   <trkpt lat="51.4816660" lon="-0.2493020">
    <ele>3.9</ele>
    <time>2026-06-19T18:07:17Z</time>
   </trkpt>
   <trkpt lat="51.4816870" lon="-0.2493000">
    <ele>3.9</ele>
    <time>2026-06-19T18:07:18Z</time>
   </trkpt>
   <trkpt lat="51.4817000" lon="-0.2492960">
    <ele>3.9</ele>
    <time>2026-06-19T18:07:19Z</time>
   </trkpt>
   <trkpt lat="51.4817150" lon="-0.2493010">
    <ele>3.9</ele>
    <time>2026-06-19T18:07:20Z</time>
   </trkpt>
   <trkpt lat="51.4817310" lon="-0.2492990">
    <ele>3.9</ele>
    <time>2026-06-19T18:07:21Z</time>
   </trkpt>
   <trkpt lat="51.4817440" lon="-0.2492990">
    <ele>4.0</ele>
    <time>2026-06-19T18:07:22Z</time>
   </trkpt>
   <trkpt lat="51.4817670" lon="-0.2492950">
    <ele>4.0</ele>
    <time>2026-06-19T18:07:23Z</time>
   </trkpt>
   <trkpt lat="51.4817780" lon="-0.2492970">
    <ele>4.0</ele>
    <time>2026-06-19T18:07:24Z</time>
   </trkpt>
   <trkpt lat="51.4817900" lon="-0.2492980">
    <ele>4.0</ele>
    <time>2026-06-19T18:07:25Z</time>
   </trkpt>
   <trkpt lat="51.4818010" lon="-0.2492940">
    <ele>4.0</ele>
    <time>2026-06-19T18:07:26Z</time>
   </trkpt>
   <trkpt lat="51.4818130" lon="-0.2492960">
    <ele>4.0</ele>
    <time>2026-06-19T18:07:27Z</time>
   </trkpt>
   <trkpt lat="51.4818240" lon="-0.2492900">
    <ele>4.0</ele>
    <time>2026-06-19T18:07:28Z</time>
   </trkpt>
   <trkpt lat="51.4818350" lon="-0.2492870">
    <ele>4.0</ele>
    <time>2026-06-19T18:07:29Z</time>
   </trkpt>
   <trkpt lat="51.4818510" lon="-0.2492850">
    <ele>4.0</ele>
    <time>2026-06-19T18:07:30Z</time>
   </trkpt>
   <trkpt lat="51.4818590" lon="-0.2492790">
    <ele>4.0</ele>
    <time>2026-06-19T18:07:31Z</time>
   </trkpt>
   <trkpt lat="51.4818720" lon="-0.2492830">
    <ele>4.0</ele>
    <time>2026-06-19T18:07:32Z</time>
   </trkpt>
   <trkpt lat="51.4818850" lon="-0.2492830">
    <ele>4.0</ele>
    <time>2026-06-19T18:07:33Z</time>
   </trkpt>
   <trkpt lat="51.4818990" lon="-0.2492810">
    <ele>4.0</ele>
    <time>2026-06-19T18:07:34Z</time>
   </trkpt>
   <trkpt lat="51.4819200" lon="-0.2492800">
    <ele>4.0</ele>
    <time>2026-06-19T18:07:35Z</time>
   </trkpt>
   <trkpt lat="51.4819340" lon="-0.2492780">
    <ele>4.0</ele>
    <time>2026-06-19T18:07:36Z</time>
   </trkpt>
   <trkpt lat="51.4819470" lon="-0.2492760">
    <ele>4.0</ele>
    <time>2026-06-19T18:07:37Z</time>
   </trkpt>
   <trkpt lat="51.4819640" lon="-0.2492670">
    <ele>4.0</ele>
    <time>2026-06-19T18:07:38Z</time>
   </trkpt>
   <trkpt lat="51.4819810" lon="-0.2492600">
    <ele>4.0</ele>
    <time>2026-06-19T18:07:39Z</time>
   </trkpt>
   <trkpt lat="51.4819950" lon="-0.2492600">
    <ele>4.0</ele>
    <time>2026-06-19T18:07:40Z</time>
   </trkpt>
   <trkpt lat="51.4820090" lon="-0.2492550">
    <ele>4.0</ele>
    <time>2026-06-19T18:07:41Z</time>
   </trkpt>
   <trkpt lat="51.4820210" lon="-0.2492520">
    <ele>4.0</ele>
    <time>2026-06-19T18:07:42Z</time>
   </trkpt>
   <trkpt lat="51.4820370" lon="-0.2492550">
    <ele>4.0</ele>
    <time>2026-06-19T18:07:43Z</time>
   </trkpt>
   <trkpt lat="51.4820520" lon="-0.2492540">
    <ele>4.0</ele>
    <time>2026-06-19T18:07:44Z</time>
   </trkpt>
   <trkpt lat="51.4820650" lon="-0.2492500">
    <ele>4.0</ele>
    <time>2026-06-19T18:07:45Z</time>
   </trkpt>
   <trkpt lat="51.4820780" lon="-0.2492510">
    <ele>4.0</ele>
    <time>2026-06-19T18:07:46Z</time>
   </trkpt>
   <trkpt lat="51.4820930" lon="-0.2492470">
    <ele>4.0</ele>
    <time>2026-06-19T18:07:47Z</time>
   </trkpt>
   <trkpt lat="51.4821120" lon="-0.2492380">
    <ele>4.0</ele>
    <time>2026-06-19T18:07:48Z</time>
   </trkpt>
   <trkpt lat="51.4821210" lon="-0.2492380">
    <ele>4.0</ele>
    <time>2026-06-19T18:07:49Z</time>
   </trkpt>
   <trkpt lat="51.4821300" lon="-0.2492370">
    <ele>4.0</ele>
    <time>2026-06-19T18:07:50Z</time>
   </trkpt>
   <trkpt lat="51.4821510" lon="-0.2492350">
    <ele>4.0</ele>
    <time>2026-06-19T18:07:51Z</time>
   </trkpt>
   <trkpt lat="51.4821600" lon="-0.2492330">
    <ele>4.0</ele>
    <time>2026-06-19T18:07:52Z</time>
   </trkpt>
   <trkpt lat="51.4821680" lon="-0.2492310">
    <ele>4.0</ele>
    <time>2026-06-19T18:07:53Z</time>
   </trkpt>
   <trkpt lat="51.4821780" lon="-0.2492300">
    <ele>4.0</ele>
    <time>2026-06-19T18:07:54Z</time>
   </trkpt>
   <trkpt lat="51.4821960" lon="-0.2492230">
    <ele>4.0</ele>
    <time>2026-06-19T18:07:55Z</time>
   </trkpt>
   <trkpt lat="51.4822080" lon="-0.2492150">
    <ele>4.0</ele>
    <time>2026-06-19T18:07:56Z</time>
   </trkpt>
   <trkpt lat="51.4822180" lon="-0.2492160">
    <ele>4.0</ele>
    <time>2026-06-19T18:07:57Z</time>
   </trkpt>
   <trkpt lat="51.4822260" lon="-0.2492120">
    <ele>4.0</ele>
    <time>2026-06-19T18:07:58Z</time>
   </trkpt>
   <trkpt lat="51.4822430" lon="-0.2492100">
    <ele>4.0</ele>
    <time>2026-06-19T18:07:59Z</time>
   </trkpt>
   <trkpt lat="51.4822570" lon="-0.2492150">
    <ele>4.0</ele>
    <time>2026-06-19T18:08:00Z</time>
   </trkpt>
   <trkpt lat="51.4822770" lon="-0.2492190">
    <ele>4.0</ele>
    <time>2026-06-19T18:08:01Z</time>
   </trkpt>
   <trkpt lat="51.4822860" lon="-0.2492190">
    <ele>4.0</ele>
    <time>2026-06-19T18:08:02Z</time>
   </trkpt>
   <trkpt lat="51.4822950" lon="-0.2492200">
    <ele>4.0</ele>
    <time>2026-06-19T18:08:03Z</time>
   </trkpt>
   <trkpt lat="51.4823120" lon="-0.2492130">
    <ele>4.0</ele>
    <time>2026-06-19T18:08:04Z</time>
   </trkpt>
   <trkpt lat="51.4823260" lon="-0.2492090">
    <ele>4.0</ele>
    <time>2026-06-19T18:08:05Z</time>
   </trkpt>
   <trkpt lat="51.4823360" lon="-0.2492120">
    <ele>4.0</ele>
    <time>2026-06-19T18:08:06Z</time>
   </trkpt>
   <trkpt lat="51.4823470" lon="-0.2492090">
    <ele>4.0</ele>
    <time>2026-06-19T18:08:07Z</time>
   </trkpt>
   <trkpt lat="51.4823620" lon="-0.2492010">
    <ele>4.0</ele>
    <time>2026-06-19T18:08:08Z</time>
   </trkpt>
   <trkpt lat="51.4823820" lon="-0.2491870">
    <ele>4.0</ele>
    <time>2026-06-19T18:08:09Z</time>
   </trkpt>
   <trkpt lat="51.4823900" lon="-0.2491800">
    <ele>4.0</ele>
    <time>2026-06-19T18:08:10Z</time>
   </trkpt>
   <trkpt lat="51.4823980" lon="-0.2491740">
    <ele>4.0</ele>
    <time>2026-06-19T18:08:11Z</time>
   </trkpt>
   <trkpt lat="51.4824120" lon="-0.2491730">
    <ele>4.1</ele>
    <time>2026-06-19T18:08:12Z</time>
   </trkpt>
   <trkpt lat="51.4824250" lon="-0.2491720">
    <ele>4.1</ele>
    <time>2026-06-19T18:08:13Z</time>
   </trkpt>
   <trkpt lat="51.4824410" lon="-0.2491720">
    <ele>4.1</ele>
    <time>2026-06-19T18:08:14Z</time>
   </trkpt>
   <trkpt lat="51.4824560" lon="-0.2491710">
    <ele>4.1</ele>
    <time>2026-06-19T18:08:15Z</time>
   </trkpt>
   <trkpt lat="51.4824690" lon="-0.2491630">
    <ele>4.1</ele>
    <time>2026-06-19T18:08:16Z</time>
   </trkpt>
   <trkpt lat="51.4824820" lon="-0.2491600">
    <ele>4.1</ele>
    <time>2026-06-19T18:08:17Z</time>
   </trkpt>
   <trkpt lat="51.4824920" lon="-0.2491510">
    <ele>4.1</ele>
    <time>2026-06-19T18:08:18Z</time>
   </trkpt>
   <trkpt lat="51.4824990" lon="-0.2491480">
    <ele>4.1</ele>
    <time>2026-06-19T18:08:19Z</time>
   </trkpt>
   <trkpt lat="51.4825110" lon="-0.2491430">
    <ele>4.1</ele>
    <time>2026-06-19T18:08:20Z</time>
   </trkpt>
   <trkpt lat="51.4825340" lon="-0.2491370">
    <ele>4.1</ele>
    <time>2026-06-19T18:08:21Z</time>
   </trkpt>
   <trkpt lat="51.4825420" lon="-0.2491350">
    <ele>4.1</ele>
    <time>2026-06-19T18:08:22Z</time>
   </trkpt>
   <trkpt lat="51.4825500" lon="-0.2491330">
    <ele>4.1</ele>
    <time>2026-06-19T18:08:23Z</time>
   </trkpt>
   <trkpt lat="51.4825650" lon="-0.2491260">
    <ele>4.1</ele>
    <time>2026-06-19T18:08:24Z</time>
   </trkpt>
   <trkpt lat="51.4825760" lon="-0.2491210">
    <ele>4.1</ele>
    <time>2026-06-19T18:08:25Z</time>
   </trkpt>
   <trkpt lat="51.4825830" lon="-0.2491140">
    <ele>4.1</ele>
    <time>2026-06-19T18:08:26Z</time>
   </trkpt>
   <trkpt lat="51.4825970" lon="-0.2491100">
    <ele>4.1</ele>
    <time>2026-06-19T18:08:27Z</time>
   </trkpt>
   <trkpt lat="51.4826130" lon="-0.2491100">
    <ele>4.1</ele>
    <time>2026-06-19T18:08:28Z</time>
   </trkpt>
   <trkpt lat="51.4826230" lon="-0.2491070">
    <ele>4.1</ele>
    <time>2026-06-19T18:08:29Z</time>
   </trkpt>
   <trkpt lat="51.4826340" lon="-0.2491040">
    <ele>4.1</ele>
    <time>2026-06-19T18:08:30Z</time>
   </trkpt>
   <trkpt lat="51.4826450" lon="-0.2490990">
    <ele>4.1</ele>
    <time>2026-06-19T18:08:31Z</time>
   </trkpt>
   <trkpt lat="51.4826680" lon="-0.2490870">
    <ele>4.1</ele>
    <time>2026-06-19T18:08:32Z</time>
   </trkpt>
   <trkpt lat="51.4826760" lon="-0.2490820">
    <ele>4.1</ele>
    <time>2026-06-19T18:08:33Z</time>
   </trkpt>
   <trkpt lat="51.4826830" lon="-0.2490760">
    <ele>4.1</ele>
    <time>2026-06-19T18:08:34Z</time>
   </trkpt>
   <trkpt lat="51.4827000" lon="-0.2490590">
    <ele>4.1</ele>
    <time>2026-06-19T18:08:35Z</time>
   </trkpt>
   <trkpt lat="51.4827080" lon="-0.2490520">
    <ele>4.1</ele>
    <time>2026-06-19T18:08:36Z</time>
   </trkpt>
   <trkpt lat="51.4827160" lon="-0.2490450">
    <ele>4.1</ele>
    <time>2026-06-19T18:08:37Z</time>
   </trkpt>
   <trkpt lat="51.4827420" lon="-0.2490490">
    <ele>4.1</ele>
    <time>2026-06-19T18:08:38Z</time>
   </trkpt>
   <trkpt lat="51.4827520" lon="-0.2490510">
    <ele>4.1</ele>
    <time>2026-06-19T18:08:39Z</time>
   </trkpt>
   <trkpt lat="51.4827700" lon="-0.2490420">
    <ele>4.1</ele>
    <time>2026-06-19T18:08:41Z</time>
   </trkpt>
   <trkpt lat="51.4827850" lon="-0.2490290">
    <ele>4.1</ele>
    <time>2026-06-19T18:08:42Z</time>
   </trkpt>
   <trkpt lat="51.4827960" lon="-0.2490150">
    <ele>4.1</ele>
    <time>2026-06-19T18:08:43Z</time>
   </trkpt>
   <trkpt lat="51.4828050" lon="-0.2490090">
    <ele>4.1</ele>
    <time>2026-06-19T18:08:44Z</time>
   </trkpt>
   <trkpt lat="51.4828160" lon="-0.2490110">
    <ele>4.1</ele>
    <time>2026-06-19T18:08:45Z</time>
   </trkpt>
   <trkpt lat="51.4828380" lon="-0.2490040">
    <ele>4.1</ele>
    <time>2026-06-19T18:08:46Z</time>
   </trkpt>
   <trkpt lat="51.4828460" lon="-0.2490020">
    <ele>4.1</ele>
    <time>2026-06-19T18:08:47Z</time>
   </trkpt>
   <trkpt lat="51.4828540" lon="-0.2489990">
    <ele>4.1</ele>
    <time>2026-06-19T18:08:48Z</time>
   </trkpt>
   <trkpt lat="51.4828670" lon="-0.2489920">
    <ele>4.1</ele>
    <time>2026-06-19T18:08:49Z</time>
   </trkpt>
   <trkpt lat="51.4828830" lon="-0.2489850">
    <ele>4.1</ele>
    <time>2026-06-19T18:08:50Z</time>
   </trkpt>
   <trkpt lat="51.4828960" lon="-0.2489710">
    <ele>4.1</ele>
    <time>2026-06-19T18:08:51Z</time>
   </trkpt>
   <trkpt lat="51.4829050" lon="-0.2489620">
    <ele>4.2</ele>
    <time>2026-06-19T18:08:52Z</time>
   </trkpt>
   <trkpt lat="51.4829170" lon="-0.2489640">
    <ele>4.2</ele>
    <time>2026-06-19T18:08:53Z</time>
   </trkpt>
   <trkpt lat="51.4829380" lon="-0.2489500">
    <ele>4.2</ele>
    <time>2026-06-19T18:08:54Z</time>
   </trkpt>
   <trkpt lat="51.4829450" lon="-0.2489430">
    <ele>4.2</ele>
    <time>2026-06-19T18:08:55Z</time>
   </trkpt>
   <trkpt lat="51.4829530" lon="-0.2489350">
    <ele>4.2</ele>
    <time>2026-06-19T18:08:56Z</time>
   </trkpt>
   <trkpt lat="51.4829740" lon="-0.2489220">
    <ele>4.2</ele>
    <time>2026-06-19T18:08:57Z</time>
   </trkpt>
   <trkpt lat="51.4829810" lon="-0.2489170">
    <ele>4.2</ele>
    <time>2026-06-19T18:08:58Z</time>
   </trkpt>
   <trkpt lat="51.4829890" lon="-0.2489130">
    <ele>4.2</ele>
    <time>2026-06-19T18:08:59Z</time>
   </trkpt>
   <trkpt lat="51.4829990" lon="-0.2489070">
    <ele>4.2</ele>
    <time>2026-06-19T18:09:00Z</time>
   </trkpt>
   <trkpt lat="51.4830130" lon="-0.2489010">
    <ele>4.2</ele>
    <time>2026-06-19T18:09:01Z</time>
   </trkpt>
   <trkpt lat="51.4830210" lon="-0.2488980">
    <ele>4.2</ele>
    <time>2026-06-19T18:09:02Z</time>
   </trkpt>
   <trkpt lat="51.4830340" lon="-0.2488980">
    <ele>4.2</ele>
    <time>2026-06-19T18:09:03Z</time>
   </trkpt>
   <trkpt lat="51.4830450" lon="-0.2488930">
    <ele>4.2</ele>
    <time>2026-06-19T18:09:04Z</time>
   </trkpt>
   <trkpt lat="51.4830560" lon="-0.2488820">
    <ele>4.2</ele>
    <time>2026-06-19T18:09:05Z</time>
   </trkpt>
   <trkpt lat="51.4830670" lon="-0.2488720">
    <ele>4.2</ele>
    <time>2026-06-19T18:09:06Z</time>
   </trkpt>
   <trkpt lat="51.4830740" lon="-0.2488680">
    <ele>4.2</ele>
    <time>2026-06-19T18:09:07Z</time>
   </trkpt>
   <trkpt lat="51.4830820" lon="-0.2488680">
    <ele>4.2</ele>
    <time>2026-06-19T18:09:08Z</time>
   </trkpt>
   <trkpt lat="51.4830970" lon="-0.2488640">
    <ele>4.2</ele>
    <time>2026-06-19T18:09:09Z</time>
   </trkpt>
   <trkpt lat="51.4831130" lon="-0.2488550">
    <ele>4.2</ele>
    <time>2026-06-19T18:09:10Z</time>
   </trkpt>
   <trkpt lat="51.4831300" lon="-0.2488470">
    <ele>4.2</ele>
    <time>2026-06-19T18:09:11Z</time>
   </trkpt>
   <trkpt lat="51.4831400" lon="-0.2488430">
    <ele>4.2</ele>
    <time>2026-06-19T18:09:12Z</time>
   </trkpt>
   <trkpt lat="51.4831490" lon="-0.2488400">
    <ele>4.2</ele>
    <time>2026-06-19T18:09:13Z</time>
   </trkpt>
   <trkpt lat="51.4831650" lon="-0.2488260">
    <ele>4.2</ele>
    <time>2026-06-19T18:09:14Z</time>
   </trkpt>
   <trkpt lat="51.4831710" lon="-0.2488210">
    <ele>4.2</ele>
    <time>2026-06-19T18:09:15Z</time>
   </trkpt>
   <trkpt lat="51.4831780" lon="-0.2488150">
    <ele>4.2</ele>
    <time>2026-06-19T18:09:16Z</time>
   </trkpt>
   <trkpt lat="51.4831840" lon="-0.2488090">
    <ele>4.2</ele>
    <time>2026-06-19T18:09:17Z</time>
   </trkpt>
   <trkpt lat="51.4831950" lon="-0.2487990">
    <ele>4.2</ele>
    <time>2026-06-19T18:09:18Z</time>
   </trkpt>
   <trkpt lat="51.4832070" lon="-0.2487820">
    <ele>4.2</ele>
    <time>2026-06-19T18:09:19Z</time>
   </trkpt>
   <trkpt lat="51.4832200" lon="-0.2487700">
    <ele>4.2</ele>
    <time>2026-06-19T18:09:20Z</time>
   </trkpt>
   <trkpt lat="51.4832300" lon="-0.2487570">
    <ele>4.2</ele>
    <time>2026-06-19T18:09:21Z</time>
   </trkpt>
   <trkpt lat="51.4832390" lon="-0.2487490">
    <ele>4.2</ele>
    <time>2026-06-19T18:09:22Z</time>
   </trkpt>
   <trkpt lat="51.4832490" lon="-0.2487380">
    <ele>4.2</ele>
    <time>2026-06-19T18:09:23Z</time>
   </trkpt>
   <trkpt lat="51.4832610" lon="-0.2487300">
    <ele>4.2</ele>
    <time>2026-06-19T18:09:24Z</time>
   </trkpt>
   <trkpt lat="51.4832770" lon="-0.2487200">
    <ele>4.2</ele>
    <time>2026-06-19T18:09:25Z</time>
   </trkpt>
   <trkpt lat="51.4832940" lon="-0.2487110">
    <ele>4.2</ele>
    <time>2026-06-19T18:09:26Z</time>
   </trkpt>
   <trkpt lat="51.4833110" lon="-0.2487100">
    <ele>4.2</ele>
    <time>2026-06-19T18:09:27Z</time>
   </trkpt>
   <trkpt lat="51.4833240" lon="-0.2487040">
    <ele>4.2</ele>
    <time>2026-06-19T18:09:28Z</time>
   </trkpt>
   <trkpt lat="51.4833390" lon="-0.2486940">
    <ele>4.2</ele>
    <time>2026-06-19T18:09:29Z</time>
   </trkpt>
   <trkpt lat="51.4833530" lon="-0.2486840">
    <ele>4.2</ele>
    <time>2026-06-19T18:09:30Z</time>
   </trkpt>
   <trkpt lat="51.4833690" lon="-0.2486780">
    <ele>4.2</ele>
    <time>2026-06-19T18:09:31Z</time>
   </trkpt>
   <trkpt lat="51.4833850" lon="-0.2486740">
    <ele>4.3</ele>
    <time>2026-06-19T18:09:32Z</time>
   </trkpt>
   <trkpt lat="51.4833980" lon="-0.2486630">
    <ele>4.3</ele>
    <time>2026-06-19T18:09:33Z</time>
   </trkpt>
   <trkpt lat="51.4834100" lon="-0.2486570">
    <ele>4.3</ele>
    <time>2026-06-19T18:09:34Z</time>
   </trkpt>
   <trkpt lat="51.4834220" lon="-0.2486530">
    <ele>4.3</ele>
    <time>2026-06-19T18:09:35Z</time>
   </trkpt>
   <trkpt lat="51.4834290" lon="-0.2486400">
    <ele>4.3</ele>
    <time>2026-06-19T18:09:36Z</time>
   </trkpt>
   <trkpt lat="51.4834420" lon="-0.2486390">
    <ele>4.3</ele>
    <time>2026-06-19T18:09:37Z</time>
   </trkpt>
   <trkpt lat="51.4834530" lon="-0.2486280">
    <ele>4.3</ele>
    <time>2026-06-19T18:09:38Z</time>
   </trkpt>
   <trkpt lat="51.4834680" lon="-0.2486220">
    <ele>4.3</ele>
    <time>2026-06-19T18:09:39Z</time>
   </trkpt>
   <trkpt lat="51.4834860" lon="-0.2486010">
    <ele>4.3</ele>
    <time>2026-06-19T18:09:40Z</time>
   </trkpt>
   <trkpt lat="51.4834940" lon="-0.2485930">
    <ele>4.3</ele>
    <time>2026-06-19T18:09:41Z</time>
   </trkpt>
   <trkpt lat="51.4835020" lon="-0.2485840">
    <ele>4.3</ele>
    <time>2026-06-19T18:09:42Z</time>
   </trkpt>
   <trkpt lat="51.4835230" lon="-0.2485690">
    <ele>4.3</ele>
    <time>2026-06-19T18:09:43Z</time>
   </trkpt>
   <trkpt lat="51.4835310" lon="-0.2485630">
    <ele>4.3</ele>
    <time>2026-06-19T18:09:44Z</time>
   </trkpt>
   <trkpt lat="51.4835380" lon="-0.2485560">
    <ele>4.3</ele>
    <time>2026-06-19T18:09:45Z</time>
   </trkpt>
   <trkpt lat="51.4835520" lon="-0.2485470">
    <ele>4.3</ele>
    <time>2026-06-19T18:09:46Z</time>
   </trkpt>
   <trkpt lat="51.4835730" lon="-0.2485250">
    <ele>4.3</ele>
    <time>2026-06-19T18:09:47Z</time>
   </trkpt>
   <trkpt lat="51.4835830" lon="-0.2485120">
    <ele>4.3</ele>
    <time>2026-06-19T18:09:48Z</time>
   </trkpt>
   <trkpt lat="51.4835880" lon="-0.2485040">
    <ele>4.3</ele>
    <time>2026-06-19T18:09:49Z</time>
   </trkpt>
   <trkpt lat="51.4836020" lon="-0.2484880">
    <ele>4.3</ele>
    <time>2026-06-19T18:09:50Z</time>
   </trkpt>
   <trkpt lat="51.4836070" lon="-0.2484800">
    <ele>4.3</ele>
    <time>2026-06-19T18:09:51Z</time>
   </trkpt>
   <trkpt lat="51.4836130" lon="-0.2484690">
    <ele>4.3</ele>
    <time>2026-06-19T18:09:52Z</time>
   </trkpt>
   <trkpt lat="51.4836240" lon="-0.2484600">
    <ele>4.3</ele>
    <time>2026-06-19T18:09:53Z</time>
   </trkpt>
   <trkpt lat="51.4836380" lon="-0.2484470">
    <ele>4.3</ele>
    <time>2026-06-19T18:09:54Z</time>
   </trkpt>
   <trkpt lat="51.4836500" lon="-0.2484340">
    <ele>4.3</ele>
    <time>2026-06-19T18:09:55Z</time>
   </trkpt>
   <trkpt lat="51.4836600" lon="-0.2484150">
    <ele>4.3</ele>
    <time>2026-06-19T18:09:56Z</time>
   </trkpt>
   <trkpt lat="51.4836690" lon="-0.2484030">
    <ele>4.3</ele>
    <time>2026-06-19T18:09:57Z</time>
   </trkpt>
   <trkpt lat="51.4836910" lon="-0.2483830">
    <ele>4.3</ele>
    <time>2026-06-19T18:09:58Z</time>
   </trkpt>
   <trkpt lat="51.4836980" lon="-0.2483720">
    <ele>4.3</ele>
    <time>2026-06-19T18:09:59Z</time>
   </trkpt>
   <trkpt lat="51.4837080" lon="-0.2483610">
    <ele>4.3</ele>
    <time>2026-06-19T18:10:00Z</time>
   </trkpt>
   <trkpt lat="51.4837170" lon="-0.2483530">
    <ele>4.3</ele>
    <time>2026-06-19T18:10:01Z</time>
   </trkpt>
   <trkpt lat="51.4837280" lon="-0.2483320">
    <ele>4.3</ele>
    <time>2026-06-19T18:10:02Z</time>
   </trkpt>
   <trkpt lat="51.4837390" lon="-0.2483190">
    <ele>4.3</ele>
    <time>2026-06-19T18:10:03Z</time>
   </trkpt>
   <trkpt lat="51.4837500" lon="-0.2483030">
    <ele>4.3</ele>
    <time>2026-06-19T18:10:04Z</time>
   </trkpt>
   <trkpt lat="51.4837570" lon="-0.2482940">
    <ele>4.3</ele>
    <time>2026-06-19T18:10:05Z</time>
   </trkpt>
   <trkpt lat="51.4837640" lon="-0.2482840">
    <ele>4.3</ele>
    <time>2026-06-19T18:10:06Z</time>
   </trkpt>
   <trkpt lat="51.4837770" lon="-0.2482750">
    <ele>4.3</ele>
    <time>2026-06-19T18:10:07Z</time>
   </trkpt>
   <trkpt lat="51.4837890" lon="-0.2482610">
    <ele>4.4</ele>
    <time>2026-06-19T18:10:08Z</time>
   </trkpt>
   <trkpt lat="51.4838010" lon="-0.2482410">
    <ele>4.4</ele>
    <time>2026-06-19T18:10:09Z</time>
   </trkpt>
   <trkpt lat="51.4838070" lon="-0.2482230">
    <ele>4.4</ele>
    <time>2026-06-19T18:10:10Z</time>
   </trkpt>
   <trkpt lat="51.4838180" lon="-0.2482090">
    <ele>4.4</ele>
    <time>2026-06-19T18:10:11Z</time>
   </trkpt>
   <trkpt lat="51.4838250" lon="-0.2482030">
    <ele>4.4</ele>
    <time>2026-06-19T18:10:12Z</time>
   </trkpt>
   <trkpt lat="51.4838320" lon="-0.2481950">
    <ele>4.4</ele>
    <time>2026-06-19T18:10:13Z</time>
   </trkpt>
   <trkpt lat="51.4838370" lon="-0.2481890">
    <ele>4.4</ele>
    <time>2026-06-19T18:10:14Z</time>
   </trkpt>
   <trkpt lat="51.4838500" lon="-0.2481780">
    <ele>4.4</ele>
    <time>2026-06-19T18:10:15Z</time>
   </trkpt>
   <trkpt lat="51.4838640" lon="-0.2481700">
    <ele>4.4</ele>
    <time>2026-06-19T18:10:16Z</time>
   </trkpt>
   <trkpt lat="51.4838800" lon="-0.2481470">
    <ele>4.4</ele>
    <time>2026-06-19T18:10:17Z</time>
   </trkpt>
   <trkpt lat="51.4838860" lon="-0.2481380">
    <ele>4.4</ele>
    <time>2026-06-19T18:10:18Z</time>
   </trkpt>
   <trkpt lat="51.4838930" lon="-0.2481300">
    <ele>4.4</ele>
    <time>2026-06-19T18:10:19Z</time>
   </trkpt>
   <trkpt lat="51.4839110" lon="-0.2481170">
    <ele>4.4</ele>
    <time>2026-06-19T18:10:20Z</time>
   </trkpt>
   <trkpt lat="51.4839210" lon="-0.2481090">
    <ele>4.4</ele>
    <time>2026-06-19T18:10:21Z</time>
   </trkpt>
   <trkpt lat="51.4839320" lon="-0.2481020">
    <ele>4.4</ele>
    <time>2026-06-19T18:10:22Z</time>
   </trkpt>
   <trkpt lat="51.4839440" lon="-0.2480920">
    <ele>4.4</ele>
    <time>2026-06-19T18:10:23Z</time>
   </trkpt>
   <trkpt lat="51.4839570" lon="-0.2480780">
    <ele>4.4</ele>
    <time>2026-06-19T18:10:24Z</time>
   </trkpt>
   <trkpt lat="51.4839690" lon="-0.2480650">
    <ele>4.4</ele>
    <time>2026-06-19T18:10:25Z</time>
   </trkpt>
   <trkpt lat="51.4839790" lon="-0.2480550">
    <ele>4.4</ele>
    <time>2026-06-19T18:10:26Z</time>
   </trkpt>
   <trkpt lat="51.4839860" lon="-0.2480490">
    <ele>4.4</ele>
    <time>2026-06-19T18:10:27Z</time>
   </trkpt>
   <trkpt lat="51.4839950" lon="-0.2480370">
    <ele>4.4</ele>
    <time>2026-06-19T18:10:28Z</time>
   </trkpt>
   <trkpt lat="51.4840030" lon="-0.2480280">
    <ele>4.4</ele>
    <time>2026-06-19T18:10:29Z</time>
   </trkpt>
   <trkpt lat="51.4840160" lon="-0.2480180">
    <ele>4.4</ele>
    <time>2026-06-19T18:10:30Z</time>
   </trkpt>
   <trkpt lat="51.4840300" lon="-0.2479980">
    <ele>4.4</ele>
    <time>2026-06-19T18:10:31Z</time>
   </trkpt>
   <trkpt lat="51.4840440" lon="-0.2479860">
    <ele>4.4</ele>
    <time>2026-06-19T18:10:32Z</time>
   </trkpt>
   <trkpt lat="51.4840540" lon="-0.2479700">
    <ele>4.4</ele>
    <time>2026-06-19T18:10:33Z</time>
   </trkpt>
   <trkpt lat="51.4840690" lon="-0.2479590">
    <ele>4.4</ele>
    <time>2026-06-19T18:10:34Z</time>
   </trkpt>
   <trkpt lat="51.4840830" lon="-0.2479510">
    <ele>4.4</ele>
    <time>2026-06-19T18:10:35Z</time>
   </trkpt>
   <trkpt lat="51.4840960" lon="-0.2479330">
    <ele>4.4</ele>
    <time>2026-06-19T18:10:36Z</time>
   </trkpt>
   <trkpt lat="51.4841110" lon="-0.2479090">
    <ele>4.4</ele>
    <time>2026-06-19T18:10:37Z</time>
   </trkpt>
   <trkpt lat="51.4841190" lon="-0.2479010">
    <ele>4.4</ele>
    <time>2026-06-19T18:10:38Z</time>
   </trkpt>
   <trkpt lat="51.4841260" lon="-0.2478930">
    <ele>4.4</ele>
    <time>2026-06-19T18:10:39Z</time>
   </trkpt>
   <trkpt lat="51.4841340" lon="-0.2478790">
    <ele>4.4</ele>
    <time>2026-06-19T18:10:40Z</time>
   </trkpt>
   <trkpt lat="51.4841410" lon="-0.2478680">
    <ele>4.4</ele>
    <time>2026-06-19T18:10:41Z</time>
   </trkpt>
   <trkpt lat="51.4841430" lon="-0.2478570">
    <ele>4.4</ele>
    <time>2026-06-19T18:10:42Z</time>
   </trkpt>
   <trkpt lat="51.4841600" lon="-0.2478380">
    <ele>4.4</ele>
    <time>2026-06-19T18:10:43Z</time>
   </trkpt>
   <trkpt lat="51.4841660" lon="-0.2478320">
    <ele>4.4</ele>
    <time>2026-06-19T18:10:44Z</time>
   </trkpt>
   <trkpt lat="51.4841730" lon="-0.2478250">
    <ele>4.4</ele>
    <time>2026-06-19T18:10:45Z</time>
   </trkpt>
   <trkpt lat="51.4841860" lon="-0.2478120">
    <ele>4.4</ele>
    <time>2026-06-19T18:10:47Z</time>
   </trkpt>
   <trkpt lat="51.4841980" lon="-0.2478020">
    <ele>4.4</ele>
    <time>2026-06-19T18:10:48Z</time>
   </trkpt>
   <trkpt lat="51.4842090" lon="-0.2477860">
    <ele>4.4</ele>
    <time>2026-06-19T18:10:49Z</time>
   </trkpt>
   <trkpt lat="51.4842200" lon="-0.2477750">
    <ele>4.4</ele>
    <time>2026-06-19T18:10:50Z</time>
   </trkpt>
   <trkpt lat="51.4842340" lon="-0.2477570">
    <ele>4.4</ele>
    <time>2026-06-19T18:10:51Z</time>
   </trkpt>
   <trkpt lat="51.4842470" lon="-0.2477420">
    <ele>4.4</ele>
    <time>2026-06-19T18:10:52Z</time>
   </trkpt>
   <trkpt lat="51.4842620" lon="-0.2477140">
    <ele>4.3</ele>
    <time>2026-06-19T18:10:53Z</time>
   </trkpt>
   <trkpt lat="51.4842690" lon="-0.2477050">
    <ele>4.3</ele>
    <time>2026-06-19T18:10:54Z</time>
   </trkpt>
   <trkpt lat="51.4842750" lon="-0.2476950">
    <ele>4.3</ele>
    <time>2026-06-19T18:10:55Z</time>
   </trkpt>
   <trkpt lat="51.4842890" lon="-0.2476730">
    <ele>4.3</ele>
    <time>2026-06-19T18:10:56Z</time>
   </trkpt>
   <trkpt lat="51.4842990" lon="-0.2476600">
    <ele>4.3</ele>
    <time>2026-06-19T18:10:57Z</time>
   </trkpt>
   <trkpt lat="51.4843120" lon="-0.2476400">
    <ele>4.3</ele>
    <time>2026-06-19T18:10:58Z</time>
   </trkpt>
   <trkpt lat="51.4843260" lon="-0.2476220">
    <ele>4.3</ele>
    <time>2026-06-19T18:10:59Z</time>
   </trkpt>
   <trkpt lat="51.4843380" lon="-0.2476050">
    <ele>4.3</ele>
    <time>2026-06-19T18:11:00Z</time>
   </trkpt>
   <trkpt lat="51.4843510" lon="-0.2475940">
    <ele>4.3</ele>
    <time>2026-06-19T18:11:01Z</time>
   </trkpt>
   <trkpt lat="51.4843670" lon="-0.2475720">
    <ele>4.3</ele>
    <time>2026-06-19T18:11:02Z</time>
   </trkpt>
   <trkpt lat="51.4843750" lon="-0.2475650">
    <ele>4.3</ele>
    <time>2026-06-19T18:11:03Z</time>
   </trkpt>
   <trkpt lat="51.4843820" lon="-0.2475570">
    <ele>4.3</ele>
    <time>2026-06-19T18:11:04Z</time>
   </trkpt>
   <trkpt lat="51.4843930" lon="-0.2475410">
    <ele>4.3</ele>
    <time>2026-06-19T18:11:05Z</time>
   </trkpt>
   <trkpt lat="51.4844020" lon="-0.2475250">
    <ele>4.3</ele>
    <time>2026-06-19T18:11:06Z</time>
   </trkpt>
   <trkpt lat="51.4844160" lon="-0.2475040">
    <ele>4.3</ele>
    <time>2026-06-19T18:11:07Z</time>
   </trkpt>
   <trkpt lat="51.4844250" lon="-0.2474980">
    <ele>4.3</ele>
    <time>2026-06-19T18:11:08Z</time>
   </trkpt>
   <trkpt lat="51.4844330" lon="-0.2474920">
    <ele>4.3</ele>
    <time>2026-06-19T18:11:09Z</time>
   </trkpt>
   <trkpt lat="51.4844510" lon="-0.2474690">
    <ele>4.3</ele>
    <time>2026-06-19T18:11:10Z</time>
   </trkpt>
   <trkpt lat="51.4844580" lon="-0.2474590">
    <ele>4.3</ele>
    <time>2026-06-19T18:11:11Z</time>
   </trkpt>
   <trkpt lat="51.4844640" lon="-0.2474480">
    <ele>4.3</ele>
    <time>2026-06-19T18:11:12Z</time>
   </trkpt>
   <trkpt lat="51.4844720" lon="-0.2474360">
    <ele>4.3</ele>
    <time>2026-06-19T18:11:13Z</time>
   </trkpt>
   <trkpt lat="51.4844800" lon="-0.2474230">
    <ele>4.3</ele>
    <time>2026-06-19T18:11:14Z</time>
   </trkpt>
   <trkpt lat="51.4844900" lon="-0.2474110">
    <ele>4.3</ele>
    <time>2026-06-19T18:11:15Z</time>
   </trkpt>
   <trkpt lat="51.4845010" lon="-0.2473930">
    <ele>4.3</ele>
    <time>2026-06-19T18:11:16Z</time>
   </trkpt>
   <trkpt lat="51.4845080" lon="-0.2473730">
    <ele>4.3</ele>
    <time>2026-06-19T18:11:17Z</time>
   </trkpt>
   <trkpt lat="51.4845180" lon="-0.2473570">
    <ele>4.3</ele>
    <time>2026-06-19T18:11:18Z</time>
   </trkpt>
   <trkpt lat="51.4845240" lon="-0.2473360">
    <ele>4.3</ele>
    <time>2026-06-19T18:11:19Z</time>
   </trkpt>
   <trkpt lat="51.4845330" lon="-0.2473140">
    <ele>4.2</ele>
    <time>2026-06-19T18:11:20Z</time>
   </trkpt>
   <trkpt lat="51.4845430" lon="-0.2473040">
    <ele>4.2</ele>
    <time>2026-06-19T18:11:21Z</time>
   </trkpt>
   <trkpt lat="51.4845580" lon="-0.2472800">
    <ele>4.2</ele>
    <time>2026-06-19T18:11:22Z</time>
   </trkpt>
   <trkpt lat="51.4845640" lon="-0.2472710">
    <ele>4.2</ele>
    <time>2026-06-19T18:11:23Z</time>
   </trkpt>
   <trkpt lat="51.4845710" lon="-0.2472610">
    <ele>4.2</ele>
    <time>2026-06-19T18:11:24Z</time>
   </trkpt>
   <trkpt lat="51.4845880" lon="-0.2472400">
    <ele>4.2</ele>
    <time>2026-06-19T18:11:25Z</time>
   </trkpt>
   <trkpt lat="51.4845940" lon="-0.2472290">
    <ele>4.2</ele>
    <time>2026-06-19T18:11:26Z</time>
   </trkpt>
   <trkpt lat="51.4846000" lon="-0.2472190">
    <ele>4.2</ele>
    <time>2026-06-19T18:11:27Z</time>
   </trkpt>
   <trkpt lat="51.4846100" lon="-0.2471960">
    <ele>4.2</ele>
    <time>2026-06-19T18:11:28Z</time>
   </trkpt>
   <trkpt lat="51.4846210" lon="-0.2471780">
    <ele>4.2</ele>
    <time>2026-06-19T18:11:29Z</time>
   </trkpt>
   <trkpt lat="51.4846290" lon="-0.2471670">
    <ele>4.2</ele>
    <time>2026-06-19T18:11:30Z</time>
   </trkpt>
   <trkpt lat="51.4846420" lon="-0.2471430">
    <ele>4.2</ele>
    <time>2026-06-19T18:11:31Z</time>
   </trkpt>
   <trkpt lat="51.4846540" lon="-0.2471270">
    <ele>4.2</ele>
    <time>2026-06-19T18:11:32Z</time>
   </trkpt>
   <trkpt lat="51.4846630" lon="-0.2471100">
    <ele>4.2</ele>
    <time>2026-06-19T18:11:33Z</time>
   </trkpt>
   <trkpt lat="51.4846750" lon="-0.2470950">
    <ele>4.2</ele>
    <time>2026-06-19T18:11:34Z</time>
   </trkpt>
   <trkpt lat="51.4846840" lon="-0.2470790">
    <ele>4.2</ele>
    <time>2026-06-19T18:11:35Z</time>
   </trkpt>
   <trkpt lat="51.4846910" lon="-0.2470660">
    <ele>4.2</ele>
    <time>2026-06-19T18:11:36Z</time>
   </trkpt>
   <trkpt lat="51.4846990" lon="-0.2470530">
    <ele>4.2</ele>
    <time>2026-06-19T18:11:37Z</time>
   </trkpt>
   <trkpt lat="51.4847100" lon="-0.2470380">
    <ele>4.2</ele>
    <time>2026-06-19T18:11:38Z</time>
   </trkpt>
   <trkpt lat="51.4847230" lon="-0.2470230">
    <ele>4.2</ele>
    <time>2026-06-19T18:11:39Z</time>
   </trkpt>
   <trkpt lat="51.4847330" lon="-0.2470140">
    <ele>4.2</ele>
    <time>2026-06-19T18:11:40Z</time>
   </trkpt>
   <trkpt lat="51.4847500" lon="-0.2469890">
    <ele>4.2</ele>
    <time>2026-06-19T18:11:41Z</time>
   </trkpt>
   <trkpt lat="51.4847550" lon="-0.2469810">
    <ele>4.2</ele>
    <time>2026-06-19T18:11:42Z</time>
   </trkpt>
   <trkpt lat="51.4847610" lon="-0.2469720">
    <ele>4.2</ele>
    <time>2026-06-19T18:11:43Z</time>
   </trkpt>
   <trkpt lat="51.4847700" lon="-0.2469430">
    <ele>4.2</ele>
    <time>2026-06-19T18:11:44Z</time>
   </trkpt>
   <trkpt lat="51.4847740" lon="-0.2469330">
    <ele>4.2</ele>
    <time>2026-06-19T18:11:45Z</time>
   </trkpt>
   <trkpt lat="51.4847790" lon="-0.2469220">
    <ele>4.2</ele>
    <time>2026-06-19T18:11:46Z</time>
   </trkpt>
   <trkpt lat="51.4847900" lon="-0.2469060">
    <ele>4.2</ele>
    <time>2026-06-19T18:11:47Z</time>
   </trkpt>
   <trkpt lat="51.4847940" lon="-0.2468930">
    <ele>4.2</ele>
    <time>2026-06-19T18:11:48Z</time>
   </trkpt>
   <trkpt lat="51.4847990" lon="-0.2468790">
    <ele>4.2</ele>
    <time>2026-06-19T18:11:49Z</time>
   </trkpt>
   <trkpt lat="51.4848120" lon="-0.2468620">
    <ele>4.1</ele>
    <time>2026-06-19T18:11:50Z</time>
   </trkpt>
   <trkpt lat="51.4848250" lon="-0.2468480">
    <ele>4.1</ele>
    <time>2026-06-19T18:11:51Z</time>
   </trkpt>
   <trkpt lat="51.4848470" lon="-0.2468110">
    <ele>4.1</ele>
    <time>2026-06-19T18:11:52Z</time>
   </trkpt>
   <trkpt lat="51.4848540" lon="-0.2468010">
    <ele>4.1</ele>
    <time>2026-06-19T18:11:53Z</time>
   </trkpt>
   <trkpt lat="51.4848710" lon="-0.2467860">
    <ele>4.1</ele>
    <time>2026-06-19T18:11:54Z</time>
   </trkpt>
   <trkpt lat="51.4848850" lon="-0.2467580">
    <ele>4.1</ele>
    <time>2026-06-19T18:11:55Z</time>
   </trkpt>
   <trkpt lat="51.4848890" lon="-0.2467480">
    <ele>4.1</ele>
    <time>2026-06-19T18:11:56Z</time>
   </trkpt>
   <trkpt lat="51.4848940" lon="-0.2467370">
    <ele>4.1</ele>
    <time>2026-06-19T18:11:57Z</time>
   </trkpt>
   <trkpt lat="51.4849010" lon="-0.2467250">
    <ele>4.1</ele>
    <time>2026-06-19T18:11:58Z</time>
   </trkpt>
   <trkpt lat="51.4849100" lon="-0.2467170">
    <ele>4.1</ele>
    <time>2026-06-19T18:11:59Z</time>
   </trkpt>
   <trkpt lat="51.4849180" lon="-0.2467110">
    <ele>4.1</ele>
    <time>2026-06-19T18:12:00Z</time>
   </trkpt>
   <trkpt lat="51.4849380" lon="-0.2466980">
    <ele>4.1</ele>
    <time>2026-06-19T18:12:01Z</time>
   </trkpt>
   <trkpt lat="51.4849400" lon="-0.2466800">
    <ele>4.1</ele>
    <time>2026-06-19T18:12:02Z</time>
   </trkpt>
   <trkpt lat="51.4849490" lon="-0.2466550">
    <ele>4.1</ele>
    <time>2026-06-19T18:12:03Z</time>
   </trkpt>
   <trkpt lat="51.4849560" lon="-0.2466430">
    <ele>4.1</ele>
    <time>2026-06-19T18:12:04Z</time>
   </trkpt>
   <trkpt lat="51.4849620" lon="-0.2466320">
    <ele>4.1</ele>
    <time>2026-06-19T18:12:05Z</time>
   </trkpt>
   <trkpt lat="51.4849680" lon="-0.2466180">
    <ele>4.1</ele>
    <time>2026-06-19T18:12:06Z</time>
   </trkpt>
   <trkpt lat="51.4849770" lon="-0.2466020">
    <ele>4.1</ele>
    <time>2026-06-19T18:12:07Z</time>
   </trkpt>
   <trkpt lat="51.4849830" lon="-0.2465870">
    <ele>4.1</ele>
    <time>2026-06-19T18:12:08Z</time>
   </trkpt>
   <trkpt lat="51.4849900" lon="-0.2465730">
    <ele>4.1</ele>
    <time>2026-06-19T18:12:09Z</time>
   </trkpt>
   <trkpt lat="51.4849960" lon="-0.2465590">
    <ele>4.1</ele>
    <time>2026-06-19T18:12:10Z</time>
   </trkpt>
   <trkpt lat="51.4850040" lon="-0.2465440">
    <ele>4.1</ele>
    <time>2026-06-19T18:12:11Z</time>
   </trkpt>
   <trkpt lat="51.4850120" lon="-0.2465330">
    <ele>4.1</ele>
    <time>2026-06-19T18:12:12Z</time>
   </trkpt>
   <trkpt lat="51.4850210" lon="-0.2465230">
    <ele>4.0</ele>
    <time>2026-06-19T18:12:13Z</time>
   </trkpt>
   <trkpt lat="51.4850340" lon="-0.2465130">
    <ele>4.0</ele>
    <time>2026-06-19T18:12:14Z</time>
   </trkpt>
   <trkpt lat="51.4850600" lon="-0.2464860">
    <ele>4.0</ele>
    <time>2026-06-19T18:12:15Z</time>
   </trkpt>
   <trkpt lat="51.4850670" lon="-0.2464780">
    <ele>4.0</ele>
    <time>2026-06-19T18:12:16Z</time>
   </trkpt>
   <trkpt lat="51.4850800" lon="-0.2464610">
    <ele>4.0</ele>
    <time>2026-06-19T18:12:17Z</time>
   </trkpt>
   <trkpt lat="51.4850930" lon="-0.2464500">
    <ele>4.0</ele>
    <time>2026-06-19T18:12:18Z</time>
   </trkpt>
   <trkpt lat="51.4851050" lon="-0.2464310">
    <ele>4.0</ele>
    <time>2026-06-19T18:12:19Z</time>
   </trkpt>
   <trkpt lat="51.4851190" lon="-0.2464180">
    <ele>4.0</ele>
    <time>2026-06-19T18:12:20Z</time>
   </trkpt>
   <trkpt lat="51.4851280" lon="-0.2463950">
    <ele>4.0</ele>
    <time>2026-06-19T18:12:21Z</time>
   </trkpt>
   <trkpt lat="51.4851380" lon="-0.2463790">
    <ele>4.0</ele>
    <time>2026-06-19T18:12:22Z</time>
   </trkpt>
   <trkpt lat="51.4851550" lon="-0.2463570">
    <ele>4.0</ele>
    <time>2026-06-19T18:12:23Z</time>
   </trkpt>
   <trkpt lat="51.4851600" lon="-0.2463470">
    <ele>4.0</ele>
    <time>2026-06-19T18:12:24Z</time>
   </trkpt>
   <trkpt lat="51.4851650" lon="-0.2463370">
    <ele>3.9</ele>
    <time>2026-06-19T18:12:25Z</time>
   </trkpt>
   <trkpt lat="51.4851740" lon="-0.2463270">
    <ele>3.9</ele>
    <time>2026-06-19T18:12:26Z</time>
   </trkpt>
   <trkpt lat="51.4851830" lon="-0.2463220">
    <ele>3.9</ele>
    <time>2026-06-19T18:12:27Z</time>
   </trkpt>
   <trkpt lat="51.4851920" lon="-0.2463070">
    <ele>3.9</ele>
    <time>2026-06-19T18:12:28Z</time>
   </trkpt>
   <trkpt lat="51.4852000" lon="-0.2462900">
    <ele>3.9</ele>
    <time>2026-06-19T18:12:29Z</time>
   </trkpt>
   <trkpt lat="51.4852120" lon="-0.2462740">
    <ele>3.9</ele>
    <time>2026-06-19T18:12:30Z</time>
   </trkpt>
   <trkpt lat="51.4852250" lon="-0.2462550">
    <ele>3.9</ele>
    <time>2026-06-19T18:12:31Z</time>
   </trkpt>
   <trkpt lat="51.4852370" lon="-0.2462380">
    <ele>3.9</ele>
    <time>2026-06-19T18:12:32Z</time>
   </trkpt>
   <trkpt lat="51.4852470" lon="-0.2462210">
    <ele>3.9</ele>
    <time>2026-06-19T18:12:33Z</time>
   </trkpt>
   <trkpt lat="51.4852570" lon="-0.2462030">
    <ele>3.9</ele>
    <time>2026-06-19T18:12:34Z</time>
   </trkpt>
   <trkpt lat="51.4852740" lon="-0.2461800">
    <ele>3.9</ele>
    <time>2026-06-19T18:12:35Z</time>
   </trkpt>
   <trkpt lat="51.4852810" lon="-0.2461700">
    <ele>3.9</ele>
    <time>2026-06-19T18:12:36Z</time>
   </trkpt>
   <trkpt lat="51.4852870" lon="-0.2461600">
    <ele>3.9</ele>
    <time>2026-06-19T18:12:37Z</time>
   </trkpt>
   <trkpt lat="51.4852940" lon="-0.2461420">
    <ele>3.9</ele>
    <time>2026-06-19T18:12:38Z</time>
   </trkpt>
   <trkpt lat="51.4853040" lon="-0.2461270">
    <ele>3.9</ele>
    <time>2026-06-19T18:12:39Z</time>
   </trkpt>
   <trkpt lat="51.4853120" lon="-0.2461090">
    <ele>3.9</ele>
    <time>2026-06-19T18:12:40Z</time>
   </trkpt>
   <trkpt lat="51.4853190" lon="-0.2460980">
    <ele>3.9</ele>
    <time>2026-06-19T18:12:41Z</time>
   </trkpt>
   <trkpt lat="51.4853250" lon="-0.2460830">
    <ele>3.9</ele>
    <time>2026-06-19T18:12:42Z</time>
   </trkpt>
   <trkpt lat="51.4853350" lon="-0.2460670">
    <ele>3.9</ele>
    <time>2026-06-19T18:12:43Z</time>
   </trkpt>
   <trkpt lat="51.4853420" lon="-0.2460550">
    <ele>3.9</ele>
    <time>2026-06-19T18:12:44Z</time>
   </trkpt>
   <trkpt lat="51.4853520" lon="-0.2460470">
    <ele>3.9</ele>
    <time>2026-06-19T18:12:45Z</time>
   </trkpt>
   <trkpt lat="51.4853590" lon="-0.2460390">
    <ele>3.9</ele>
    <time>2026-06-19T18:12:46Z</time>
   </trkpt>
   <trkpt lat="51.4853640" lon="-0.2460290">
    <ele>3.9</ele>
    <time>2026-06-19T18:12:47Z</time>
   </trkpt>
   <trkpt lat="51.4853740" lon="-0.2460170">
    <ele>3.9</ele>
    <time>2026-06-19T18:12:48Z</time>
   </trkpt>
   <trkpt lat="51.4853850" lon="-0.2459950">
    <ele>3.9</ele>
    <time>2026-06-19T18:12:49Z</time>
   </trkpt>
   <trkpt lat="51.4853970" lon="-0.2459780">
    <ele>3.9</ele>
    <time>2026-06-19T18:12:50Z</time>
   </trkpt>
   <trkpt lat="51.4854100" lon="-0.2459470">
    <ele>3.9</ele>
    <time>2026-06-19T18:12:51Z</time>
   </trkpt>
   <trkpt lat="51.4854140" lon="-0.2459340">
    <ele>3.9</ele>
    <time>2026-06-19T18:12:53Z</time>
   </trkpt>
   <trkpt lat="51.4854190" lon="-0.2459210">
    <ele>3.9</ele>
    <time>2026-06-19T18:12:54Z</time>
   </trkpt>
   <trkpt lat="51.4854230" lon="-0.2459050">
    <ele>3.9</ele>
    <time>2026-06-19T18:12:55Z</time>
   </trkpt>
   <trkpt lat="51.4854290" lon="-0.2458980">
    <ele>3.9</ele>
    <time>2026-06-19T18:12:56Z</time>
   </trkpt>
   <trkpt lat="51.4854390" lon="-0.2458750">
    <ele>3.9</ele>
    <time>2026-06-19T18:12:57Z</time>
   </trkpt>
   <trkpt lat="51.4854490" lon="-0.2458550">
    <ele>3.9</ele>
    <time>2026-06-19T18:12:58Z</time>
   </trkpt>
   <trkpt lat="51.4854600" lon="-0.2458420">
    <ele>3.9</ele>
    <time>2026-06-19T18:12:59Z</time>
   </trkpt>
   <trkpt lat="51.4854690" lon="-0.2458300">
    <ele>3.9</ele>
    <time>2026-06-19T18:13:00Z</time>
   </trkpt>
   <trkpt lat="51.4854760" lon="-0.2458150">
    <ele>3.9</ele>
    <time>2026-06-19T18:13:01Z</time>
   </trkpt>
   <trkpt lat="51.4854820" lon="-0.2457970">
    <ele>3.9</ele>
    <time>2026-06-19T18:13:02Z</time>
   </trkpt>
   <trkpt lat="51.4854890" lon="-0.2457750">
    <ele>3.9</ele>
    <time>2026-06-19T18:13:03Z</time>
   </trkpt>
   <trkpt lat="51.4855000" lon="-0.2457580">
    <ele>3.9</ele>
    <time>2026-06-19T18:13:04Z</time>
   </trkpt>
   <trkpt lat="51.4855160" lon="-0.2457340">
    <ele>3.9</ele>
    <time>2026-06-19T18:13:05Z</time>
   </trkpt>
   <trkpt lat="51.4855240" lon="-0.2457230">
    <ele>3.9</ele>
    <time>2026-06-19T18:13:06Z</time>
   </trkpt>
   <trkpt lat="51.4855310" lon="-0.2457120">
    <ele>3.9</ele>
    <time>2026-06-19T18:13:07Z</time>
   </trkpt>
   <trkpt lat="51.4855410" lon="-0.2456940">
    <ele>3.8</ele>
    <time>2026-06-19T18:13:08Z</time>
   </trkpt>
   <trkpt lat="51.4855510" lon="-0.2456790">
    <ele>3.8</ele>
    <time>2026-06-19T18:13:09Z</time>
   </trkpt>
   <trkpt lat="51.4855630" lon="-0.2456650">
    <ele>3.8</ele>
    <time>2026-06-19T18:13:10Z</time>
   </trkpt>
   <trkpt lat="51.4855730" lon="-0.2456510">
    <ele>3.8</ele>
    <time>2026-06-19T18:13:11Z</time>
   </trkpt>
   <trkpt lat="51.4855780" lon="-0.2456410">
    <ele>3.8</ele>
    <time>2026-06-19T18:13:12Z</time>
   </trkpt>
   <trkpt lat="51.4855870" lon="-0.2456270">
    <ele>3.8</ele>
    <time>2026-06-19T18:13:13Z</time>
   </trkpt>
   <trkpt lat="51.4855930" lon="-0.2456110">
    <ele>3.8</ele>
    <time>2026-06-19T18:13:14Z</time>
   </trkpt>
   <trkpt lat="51.4856050" lon="-0.2455860">
    <ele>3.8</ele>
    <time>2026-06-19T18:13:15Z</time>
   </trkpt>
   <trkpt lat="51.4856110" lon="-0.2455760">
    <ele>3.8</ele>
    <time>2026-06-19T18:13:16Z</time>
   </trkpt>
   <trkpt lat="51.4856170" lon="-0.2455670">
    <ele>3.8</ele>
    <time>2026-06-19T18:13:17Z</time>
   </trkpt>
   <trkpt lat="51.4856210" lon="-0.2455460">
    <ele>3.8</ele>
    <time>2026-06-19T18:13:18Z</time>
   </trkpt>
   <trkpt lat="51.4856340" lon="-0.2455310">
    <ele>3.8</ele>
    <time>2026-06-19T18:13:19Z</time>
   </trkpt>
   <trkpt lat="51.4856480" lon="-0.2455070">
    <ele>3.8</ele>
    <time>2026-06-19T18:13:20Z</time>
   </trkpt>
   <trkpt lat="51.4856540" lon="-0.2454970">
    <ele>3.8</ele>
    <time>2026-06-19T18:13:21Z</time>
   </trkpt>
   <trkpt lat="51.4856600" lon="-0.2454870">
    <ele>3.8</ele>
    <time>2026-06-19T18:13:22Z</time>
   </trkpt>
   <trkpt lat="51.4856730" lon="-0.2454550">
    <ele>3.8</ele>
    <time>2026-06-19T18:13:23Z</time>
   </trkpt>
   <trkpt lat="51.4856780" lon="-0.2454440">
    <ele>3.8</ele>
    <time>2026-06-19T18:13:24Z</time>
   </trkpt>
   <trkpt lat="51.4856830" lon="-0.2454330">
    <ele>3.8</ele>
    <time>2026-06-19T18:13:25Z</time>
   </trkpt>
   <trkpt lat="51.4856890" lon="-0.2454130">
    <ele>3.8</ele>
    <time>2026-06-19T18:13:26Z</time>
   </trkpt>
   <trkpt lat="51.4856970" lon="-0.2453950">
    <ele>3.8</ele>
    <time>2026-06-19T18:13:27Z</time>
   </trkpt>
   <trkpt lat="51.4857070" lon="-0.2453780">
    <ele>3.8</ele>
    <time>2026-06-19T18:13:28Z</time>
   </trkpt>
   <trkpt lat="51.4857140" lon="-0.2453590">
    <ele>3.8</ele>
    <time>2026-06-19T18:13:29Z</time>
   </trkpt>
   <trkpt lat="51.4857190" lon="-0.2453450">
    <ele>3.8</ele>
    <time>2026-06-19T18:13:30Z</time>
   </trkpt>
   <trkpt lat="51.4857280" lon="-0.2453320">
    <ele>3.8</ele>
    <time>2026-06-19T18:13:31Z</time>
   </trkpt>
   <trkpt lat="51.4857340" lon="-0.2453150">
    <ele>3.8</ele>
    <time>2026-06-19T18:13:32Z</time>
   </trkpt>
   <trkpt lat="51.4857420" lon="-0.2453010">
    <ele>3.8</ele>
    <time>2026-06-19T18:13:33Z</time>
   </trkpt>
   <trkpt lat="51.4857490" lon="-0.2452880">
    <ele>3.8</ele>
    <time>2026-06-19T18:13:34Z</time>
   </trkpt>
   <trkpt lat="51.4857570" lon="-0.2452740">
    <ele>3.8</ele>
    <time>2026-06-19T18:13:35Z</time>
   </trkpt>
   <trkpt lat="51.4857730" lon="-0.2452420">
    <ele>3.8</ele>
    <time>2026-06-19T18:13:36Z</time>
   </trkpt>
   <trkpt lat="51.4857790" lon="-0.2452340">
    <ele>3.8</ele>
    <time>2026-06-19T18:13:37Z</time>
   </trkpt>
   <trkpt lat="51.4857860" lon="-0.2452250">
    <ele>3.8</ele>
    <time>2026-06-19T18:13:38Z</time>
   </trkpt>
   <trkpt lat="51.4858020" lon="-0.2452000">
    <ele>3.8</ele>
    <time>2026-06-19T18:13:39Z</time>
   </trkpt>
   <trkpt lat="51.4858070" lon="-0.2451880">
    <ele>3.8</ele>
    <time>2026-06-19T18:13:40Z</time>
   </trkpt>
   <trkpt lat="51.4858130" lon="-0.2451770">
    <ele>3.8</ele>
    <time>2026-06-19T18:13:41Z</time>
   </trkpt>
   <trkpt lat="51.4858210" lon="-0.2451610">
    <ele>3.8</ele>
    <time>2026-06-19T18:13:42Z</time>
   </trkpt>
   <trkpt lat="51.4858350" lon="-0.2451410">
    <ele>3.8</ele>
    <time>2026-06-19T18:13:43Z</time>
   </trkpt>
   <trkpt lat="51.4858470" lon="-0.2451220">
    <ele>3.8</ele>
    <time>2026-06-19T18:13:44Z</time>
   </trkpt>
   <trkpt lat="51.4858530" lon="-0.2451110">
    <ele>3.8</ele>
    <time>2026-06-19T18:13:45Z</time>
   </trkpt>
   <trkpt lat="51.4858600" lon="-0.2451060">
    <ele>3.9</ele>
    <time>2026-06-19T18:13:46Z</time>
   </trkpt>
   <trkpt lat="51.4858820" lon="-0.2450810">
    <ele>3.9</ele>
    <time>2026-06-19T18:13:47Z</time>
   </trkpt>
   <trkpt lat="51.4858910" lon="-0.2450710">
    <ele>3.9</ele>
    <time>2026-06-19T18:13:48Z</time>
   </trkpt>
   <trkpt lat="51.4859030" lon="-0.2450590">
    <ele>3.9</ele>
    <time>2026-06-19T18:13:49Z</time>
   </trkpt>
   <trkpt lat="51.4859140" lon="-0.2450420">
    <ele>3.9</ele>
    <time>2026-06-19T18:13:50Z</time>
   </trkpt>
   <trkpt lat="51.4859290" lon="-0.2450310">
    <ele>3.9</ele>
    <time>2026-06-19T18:13:51Z</time>
   </trkpt>
   <trkpt lat="51.4859390" lon="-0.2450160">
    <ele>3.9</ele>
    <time>2026-06-19T18:13:52Z</time>
   </trkpt>
   <trkpt lat="51.4859510" lon="-0.2450010">
    <ele>3.9</ele>
    <time>2026-06-19T18:13:53Z</time>
   </trkpt>
   <trkpt lat="51.4859580" lon="-0.2449870">
    <ele>3.9</ele>
    <time>2026-06-19T18:13:54Z</time>
   </trkpt>
   <trkpt lat="51.4859600" lon="-0.2449720">
    <ele>3.9</ele>
    <time>2026-06-19T18:13:55Z</time>
   </trkpt>
   <trkpt lat="51.4859730" lon="-0.2449450">
    <ele>3.9</ele>
    <time>2026-06-19T18:13:56Z</time>
   </trkpt>
   <trkpt lat="51.4859770" lon="-0.2449300">
    <ele>3.9</ele>
    <time>2026-06-19T18:13:57Z</time>
   </trkpt>
   <trkpt lat="51.4859820" lon="-0.2449160">
    <ele>3.9</ele>
    <time>2026-06-19T18:13:58Z</time>
   </trkpt>
   <trkpt lat="51.4859910" lon="-0.2449000">
    <ele>3.9</ele>
    <time>2026-06-19T18:13:59Z</time>
   </trkpt>
   <trkpt lat="51.4859980" lon="-0.2448880">
    <ele>3.9</ele>
    <time>2026-06-19T18:14:00Z</time>
   </trkpt>
   <trkpt lat="51.4860020" lon="-0.2448760">
    <ele>3.9</ele>
    <time>2026-06-19T18:14:01Z</time>
   </trkpt>
   <trkpt lat="51.4860120" lon="-0.2448600">
    <ele>3.9</ele>
    <time>2026-06-19T18:14:02Z</time>
   </trkpt>
   <trkpt lat="51.4860230" lon="-0.2448430">
    <ele>3.9</ele>
    <time>2026-06-19T18:14:03Z</time>
   </trkpt>
   <trkpt lat="51.4860480" lon="-0.2448160">
    <ele>3.9</ele>
    <time>2026-06-19T18:14:04Z</time>
   </trkpt>
   <trkpt lat="51.4860600" lon="-0.2448000">
    <ele>3.9</ele>
    <time>2026-06-19T18:14:05Z</time>
   </trkpt>
   <trkpt lat="51.4860680" lon="-0.2447870">
    <ele>3.9</ele>
    <time>2026-06-19T18:14:06Z</time>
   </trkpt>
   <trkpt lat="51.4860790" lon="-0.2447660">
    <ele>3.9</ele>
    <time>2026-06-19T18:14:07Z</time>
   </trkpt>
   <trkpt lat="51.4860890" lon="-0.2447500">
    <ele>3.9</ele>
    <time>2026-06-19T18:14:08Z</time>
   </trkpt>
   <trkpt lat="51.4861030" lon="-0.2447220">
    <ele>3.9</ele>
    <time>2026-06-19T18:14:09Z</time>
   </trkpt>
   <trkpt lat="51.4861080" lon="-0.2447100">
    <ele>3.9</ele>
    <time>2026-06-19T18:14:10Z</time>
   </trkpt>
   <trkpt lat="51.4861130" lon="-0.2446990">
    <ele>3.9</ele>
    <time>2026-06-19T18:14:11Z</time>
   </trkpt>
   <trkpt lat="51.4861180" lon="-0.2446850">
    <ele>3.9</ele>
    <time>2026-06-19T18:14:12Z</time>
   </trkpt>
   <trkpt lat="51.4861310" lon="-0.2446650">
    <ele>3.9</ele>
    <time>2026-06-19T18:14:13Z</time>
   </trkpt>
   <trkpt lat="51.4861460" lon="-0.2446450">
    <ele>3.9</ele>
    <time>2026-06-19T18:14:14Z</time>
   </trkpt>
   <trkpt lat="51.4861570" lon="-0.2446250">
    <ele>3.9</ele>
    <time>2026-06-19T18:14:15Z</time>
   </trkpt>
   <trkpt lat="51.4861730" lon="-0.2446060">
    <ele>3.9</ele>
    <time>2026-06-19T18:14:16Z</time>
   </trkpt>
   <trkpt lat="51.4861800" lon="-0.2445960">
    <ele>3.9</ele>
    <time>2026-06-19T18:14:17Z</time>
   </trkpt>
   <trkpt lat="51.4861870" lon="-0.2445870">
    <ele>3.9</ele>
    <time>2026-06-19T18:14:18Z</time>
   </trkpt>
   <trkpt lat="51.4862000" lon="-0.2445660">
    <ele>3.9</ele>
    <time>2026-06-19T18:14:19Z</time>
   </trkpt>
   <trkpt lat="51.4862070" lon="-0.2445560">
    <ele>3.9</ele>
    <time>2026-06-19T18:14:20Z</time>
   </trkpt>
   <trkpt lat="51.4862140" lon="-0.2445460">
    <ele>3.9</ele>
    <time>2026-06-19T18:14:21Z</time>
   </trkpt>
   <trkpt lat="51.4862250" lon="-0.2445340">
    <ele>3.9</ele>
    <time>2026-06-19T18:14:22Z</time>
   </trkpt>
   <trkpt lat="51.4862410" lon="-0.2445170">
    <ele>3.9</ele>
    <time>2026-06-19T18:14:23Z</time>
   </trkpt>
   <trkpt lat="51.4862620" lon="-0.2444880">
    <ele>3.9</ele>
    <time>2026-06-19T18:14:24Z</time>
   </trkpt>
   <trkpt lat="51.4862690" lon="-0.2444800">
    <ele>3.9</ele>
    <time>2026-06-19T18:14:25Z</time>
   </trkpt>
   <trkpt lat="51.4862800" lon="-0.2444620">
    <ele>3.9</ele>
    <time>2026-06-19T18:14:26Z</time>
   </trkpt>
   <trkpt lat="51.4862890" lon="-0.2444430">
    <ele>3.9</ele>
    <time>2026-06-19T18:14:27Z</time>
   </trkpt>
   <trkpt lat="51.4863000" lon="-0.2444290">
    <ele>3.9</ele>
    <time>2026-06-19T18:14:28Z</time>
   </trkpt>
   <trkpt lat="51.4863090" lon="-0.2444050">
    <ele>3.9</ele>
    <time>2026-06-19T18:14:29Z</time>
   </trkpt>
   <trkpt lat="51.4863160" lon="-0.2443840">
    <ele>3.9</ele>
    <time>2026-06-19T18:14:30Z</time>
   </trkpt>
   <trkpt lat="51.4863250" lon="-0.2443670">
    <ele>3.9</ele>
    <time>2026-06-19T18:14:31Z</time>
   </trkpt>
   <trkpt lat="51.4863340" lon="-0.2443530">
    <ele>3.9</ele>
    <time>2026-06-19T18:14:32Z</time>
   </trkpt>
   <trkpt lat="51.4863400" lon="-0.2443360">
    <ele>3.9</ele>
    <time>2026-06-19T18:14:33Z</time>
   </trkpt>
   <trkpt lat="51.4863490" lon="-0.2443250">
    <ele>3.9</ele>
    <time>2026-06-19T18:14:34Z</time>
   </trkpt>
   <trkpt lat="51.4863620" lon="-0.2443120">
    <ele>3.9</ele>
    <time>2026-06-19T18:14:35Z</time>
   </trkpt>
   <trkpt lat="51.4863720" lon="-0.2443000">
    <ele>3.9</ele>
    <time>2026-06-19T18:14:36Z</time>
   </trkpt>
   <trkpt lat="51.4863790" lon="-0.2442920">
    <ele>3.9</ele>
    <time>2026-06-19T18:14:37Z</time>
   </trkpt>
   <trkpt lat="51.4863870" lon="-0.2442740">
    <ele>3.9</ele>
    <time>2026-06-19T18:14:38Z</time>
   </trkpt>
   <trkpt lat="51.4863990" lon="-0.2442640">
    <ele>3.9</ele>
    <time>2026-06-19T18:14:39Z</time>
   </trkpt>
   <trkpt lat="51.4864050" lon="-0.2442510">
    <ele>3.9</ele>
    <time>2026-06-19T18:14:40Z</time>
   </trkpt>
   <trkpt lat="51.4864170" lon="-0.2442390">
    <ele>3.9</ele>
    <time>2026-06-19T18:14:41Z</time>
   </trkpt>
   <trkpt lat="51.4864280" lon="-0.2442290">
    <ele>3.9</ele>
    <time>2026-06-19T18:14:42Z</time>
   </trkpt>
   <trkpt lat="51.4864400" lon="-0.2442150">
    <ele>3.9</ele>
    <time>2026-06-19T18:14:43Z</time>
   </trkpt>
   <trkpt lat="51.4864480" lon="-0.2441970">
    <ele>3.9</ele>
    <time>2026-06-19T18:14:44Z</time>
   </trkpt>
   <trkpt lat="51.4864600" lon="-0.2441710">
    <ele>3.9</ele>
    <time>2026-06-19T18:14:45Z</time>
   </trkpt>
   <trkpt lat="51.4864660" lon="-0.2441610">
    <ele>3.9</ele>
    <time>2026-06-19T18:14:46Z</time>
   </trkpt>
   <trkpt lat="51.4864710" lon="-0.2441500">
    <ele>3.9</ele>
    <time>2026-06-19T18:14:47Z</time>
   </trkpt>
   <trkpt lat="51.4864870" lon="-0.2441310">
    <ele>3.9</ele>
    <time>2026-06-19T18:14:48Z</time>
   </trkpt>
   <trkpt lat="51.4864920" lon="-0.2441190">
    <ele>3.9</ele>
    <time>2026-06-19T18:14:49Z</time>
   </trkpt>
   <trkpt lat="51.4864980" lon="-0.2441070">
    <ele>3.9</ele>
    <time>2026-06-19T18:14:50Z</time>
   </trkpt>
   <trkpt lat="51.4865040" lon="-0.2440850">
    <ele>3.9</ele>
    <time>2026-06-19T18:14:51Z</time>
   </trkpt>
   <trkpt lat="51.4865150" lon="-0.2440690">
    <ele>3.9</ele>
    <time>2026-06-19T18:14:52Z</time>
   </trkpt>
   <trkpt lat="51.4865240" lon="-0.2440540">
    <ele>3.9</ele>
    <time>2026-06-19T18:14:53Z</time>
   </trkpt>
   <trkpt lat="51.4865300" lon="-0.2440410">
    <ele>3.9</ele>
    <time>2026-06-19T18:14:54Z</time>
   </trkpt>
   <trkpt lat="51.4865380" lon="-0.2440280">
    <ele>3.9</ele>
    <time>2026-06-19T18:14:55Z</time>
   </trkpt>
   <trkpt lat="51.4865470" lon="-0.2440110">
    <ele>3.9</ele>
    <time>2026-06-19T18:14:56Z</time>
   </trkpt>
   <trkpt lat="51.4865590" lon="-0.2439930">
    <ele>3.9</ele>
    <time>2026-06-19T18:14:57Z</time>
   </trkpt>
   <trkpt lat="51.4865640" lon="-0.2439810">
    <ele>3.9</ele>
    <time>2026-06-19T18:14:59Z</time>
   </trkpt>
   <trkpt lat="51.4865670" lon="-0.2439710">
    <ele>3.9</ele>
    <time>2026-06-19T18:15:00Z</time>
   </trkpt>
   <trkpt lat="51.4865730" lon="-0.2439600">
    <ele>3.9</ele>
    <time>2026-06-19T18:15:01Z</time>
   </trkpt>
   <trkpt lat="51.4865770" lon="-0.2439490">
    <ele>3.9</ele>
    <time>2026-06-19T18:15:02Z</time>
   </trkpt>
   <trkpt lat="51.4865890" lon="-0.2439290">
    <ele>3.9</ele>
    <time>2026-06-19T18:15:03Z</time>
   </trkpt>
   <trkpt lat="51.4865950" lon="-0.2439160">
    <ele>3.9</ele>
    <time>2026-06-19T18:15:04Z</time>
   </trkpt>
   <trkpt lat="51.4866000" lon="-0.2439030">
    <ele>3.9</ele>
    <time>2026-06-19T18:15:05Z</time>
   </trkpt>
   <trkpt lat="51.4866080" lon="-0.2438890">
    <ele>3.9</ele>
    <time>2026-06-19T18:15:06Z</time>
   </trkpt>
   <trkpt lat="51.4866160" lon="-0.2438790">
    <ele>3.9</ele>
    <time>2026-06-19T18:15:07Z</time>
   </trkpt>
   <trkpt lat="51.4866260" lon="-0.2438720">
    <ele>3.9</ele>
    <time>2026-06-19T18:15:08Z</time>
   </trkpt>
   <trkpt lat="51.4866420" lon="-0.2438460">
    <ele>3.9</ele>
    <time>2026-06-19T18:15:09Z</time>
   </trkpt>
   <trkpt lat="51.4866490" lon="-0.2438340">
    <ele>3.9</ele>
    <time>2026-06-19T18:15:10Z</time>
   </trkpt>
   <trkpt lat="51.4866560" lon="-0.2438220">
    <ele>3.9</ele>
    <time>2026-06-19T18:15:11Z</time>
   </trkpt>
   <trkpt lat="51.4866700" lon="-0.2438060">
    <ele>3.9</ele>
    <time>2026-06-19T18:15:12Z</time>
   </trkpt>
   <trkpt lat="51.4866840" lon="-0.2437890">
    <ele>3.9</ele>
    <time>2026-06-19T18:15:13Z</time>
   </trkpt>
   <trkpt lat="51.4866990" lon="-0.2437630">
    <ele>3.9</ele>
    <time>2026-06-19T18:15:14Z</time>
   </trkpt>
   <trkpt lat="51.4867060" lon="-0.2437540">
    <ele>3.9</ele>
    <time>2026-06-19T18:15:15Z</time>
   </trkpt>
   <trkpt lat="51.4867130" lon="-0.2437440">
    <ele>3.9</ele>
    <time>2026-06-19T18:15:16Z</time>
   </trkpt>
   <trkpt lat="51.4867230" lon="-0.2437250">
    <ele>3.9</ele>
    <time>2026-06-19T18:15:17Z</time>
   </trkpt>
   <trkpt lat="51.4867320" lon="-0.2437050">
    <ele>3.9</ele>
    <time>2026-06-19T18:15:18Z</time>
   </trkpt>
   <trkpt lat="51.4867470" lon="-0.2436840">
    <ele>3.9</ele>
    <time>2026-06-19T18:15:19Z</time>
   </trkpt>
   <trkpt lat="51.4867560" lon="-0.2436710">
    <ele>3.9</ele>
    <time>2026-06-19T18:15:20Z</time>
   </trkpt>
   <trkpt lat="51.4867670" lon="-0.2436580">
    <ele>3.9</ele>
    <time>2026-06-19T18:15:21Z</time>
   </trkpt>
   <trkpt lat="51.4867770" lon="-0.2436410">
    <ele>3.8</ele>
    <time>2026-06-19T18:15:22Z</time>
   </trkpt>
   <trkpt lat="51.4867890" lon="-0.2436100">
    <ele>3.8</ele>
    <time>2026-06-19T18:15:23Z</time>
   </trkpt>
   <trkpt lat="51.4867960" lon="-0.2436020">
    <ele>3.8</ele>
    <time>2026-06-19T18:15:24Z</time>
   </trkpt>
   <trkpt lat="51.4868020" lon="-0.2435930">
    <ele>3.8</ele>
    <time>2026-06-19T18:15:25Z</time>
   </trkpt>
   <trkpt lat="51.4868120" lon="-0.2435650">
    <ele>3.8</ele>
    <time>2026-06-19T18:15:26Z</time>
   </trkpt>
   <trkpt lat="51.4868180" lon="-0.2435540">
    <ele>3.8</ele>
    <time>2026-06-19T18:15:27Z</time>
   </trkpt>
   <trkpt lat="51.4868230" lon="-0.2435430">
    <ele>3.8</ele>
    <time>2026-06-19T18:15:28Z</time>
   </trkpt>
   <trkpt lat="51.4868370" lon="-0.2435150">
    <ele>3.8</ele>
    <time>2026-06-19T18:15:29Z</time>
   </trkpt>
   <trkpt lat="51.4868410" lon="-0.2435040">
    <ele>3.8</ele>
    <time>2026-06-19T18:15:30Z</time>
   </trkpt>
   <trkpt lat="51.4868460" lon="-0.2434940">
    <ele>3.8</ele>
    <time>2026-06-19T18:15:31Z</time>
   </trkpt>
   <trkpt lat="51.4868620" lon="-0.2434700">
    <ele>3.8</ele>
    <time>2026-06-19T18:15:32Z</time>
   </trkpt>
   <trkpt lat="51.4868670" lon="-0.2434610">
    <ele>3.8</ele>
    <time>2026-06-19T18:15:33Z</time>
   </trkpt>
   <trkpt lat="51.4868730" lon="-0.2434520">
    <ele>3.8</ele>
    <time>2026-06-19T18:15:34Z</time>
   </trkpt>
   <trkpt lat="51.4868840" lon="-0.2434270">
    <ele>3.8</ele>
    <time>2026-06-19T18:15:35Z</time>
   </trkpt>
   <trkpt lat="51.4868900" lon="-0.2434160">
    <ele>3.8</ele>
    <time>2026-06-19T18:15:36Z</time>
   </trkpt>
   <trkpt lat="51.4868960" lon="-0.2434060">
    <ele>3.8</ele>
    <time>2026-06-19T18:15:37Z</time>
   </trkpt>
   <trkpt lat="51.4869050" lon="-0.2433930">
    <ele>3.8</ele>
    <time>2026-06-19T18:15:38Z</time>
   </trkpt>
   <trkpt lat="51.4869170" lon="-0.2433740">
    <ele>3.8</ele>
    <time>2026-06-19T18:15:39Z</time>
   </trkpt>
   <trkpt lat="51.4869290" lon="-0.2433560">
    <ele>3.8</ele>
    <time>2026-06-19T18:15:40Z</time>
   </trkpt>
   <trkpt lat="51.4869380" lon="-0.2433380">
    <ele>3.8</ele>
    <time>2026-06-19T18:15:41Z</time>
   </trkpt>
   <trkpt lat="51.4869510" lon="-0.2433130">
    <ele>3.8</ele>
    <time>2026-06-19T18:15:42Z</time>
   </trkpt>
   <trkpt lat="51.4869570" lon="-0.2433030">
    <ele>3.8</ele>
    <time>2026-06-19T18:15:43Z</time>
   </trkpt>
   <trkpt lat="51.4869630" lon="-0.2432920">
    <ele>3.8</ele>
    <time>2026-06-19T18:15:44Z</time>
   </trkpt>
   <trkpt lat="51.4869700" lon="-0.2432760">
    <ele>3.8</ele>
    <time>2026-06-19T18:15:45Z</time>
   </trkpt>
   <trkpt lat="51.4869810" lon="-0.2432540">
    <ele>3.8</ele>
    <time>2026-06-19T18:15:46Z</time>
   </trkpt>
   <trkpt lat="51.4869930" lon="-0.2432370">
    <ele>3.8</ele>
    <time>2026-06-19T18:15:47Z</time>
   </trkpt>
   <trkpt lat="51.4870050" lon="-0.2432260">
    <ele>3.8</ele>
    <time>2026-06-19T18:15:48Z</time>
   </trkpt>
   <trkpt lat="51.4870170" lon="-0.2432050">
    <ele>3.8</ele>
    <time>2026-06-19T18:15:49Z</time>
   </trkpt>
   <trkpt lat="51.4870260" lon="-0.2431880">
    <ele>3.8</ele>
    <time>2026-06-19T18:15:50Z</time>
   </trkpt>
   <trkpt lat="51.4870380" lon="-0.2431740">
    <ele>3.8</ele>
    <time>2026-06-19T18:15:51Z</time>
   </trkpt>
   <trkpt lat="51.4870480" lon="-0.2431590">
    <ele>3.8</ele>
    <time>2026-06-19T18:15:52Z</time>
   </trkpt>
   <trkpt lat="51.4870640" lon="-0.2431350">
    <ele>3.8</ele>
    <time>2026-06-19T18:15:53Z</time>
   </trkpt>
   <trkpt lat="51.4870720" lon="-0.2431250">
    <ele>3.8</ele>
    <time>2026-06-19T18:15:54Z</time>
   </trkpt>
   <trkpt lat="51.4870790" lon="-0.2431150">
    <ele>3.8</ele>
    <time>2026-06-19T18:15:55Z</time>
   </trkpt>
   <trkpt lat="51.4870860" lon="-0.2430950">
    <ele>3.8</ele>
    <time>2026-06-19T18:15:56Z</time>
   </trkpt>
   <trkpt lat="51.4870940" lon="-0.2430780">
    <ele>3.8</ele>
    <time>2026-06-19T18:15:57Z</time>
   </trkpt>
   <trkpt lat="51.4871060" lon="-0.2430500">
    <ele>3.8</ele>
    <time>2026-06-19T18:15:58Z</time>
   </trkpt>
   <trkpt lat="51.4871120" lon="-0.2430400">
    <ele>3.8</ele>
    <time>2026-06-19T18:15:59Z</time>
   </trkpt>
   <trkpt lat="51.4871180" lon="-0.2430310">
    <ele>3.8</ele>
    <time>2026-06-19T18:16:00Z</time>
   </trkpt>
   <trkpt lat="51.4871340" lon="-0.2430030">
    <ele>3.8</ele>
    <time>2026-06-19T18:16:01Z</time>
   </trkpt>
   <trkpt lat="51.4871410" lon="-0.2429940">
    <ele>3.8</ele>
    <time>2026-06-19T18:16:02Z</time>
   </trkpt>
   <trkpt lat="51.4871470" lon="-0.2429840">
    <ele>3.8</ele>
    <time>2026-06-19T18:16:03Z</time>
   </trkpt>
   <trkpt lat="51.4871580" lon="-0.2429690">
    <ele>3.8</ele>
    <time>2026-06-19T18:16:04Z</time>
   </trkpt>
   <trkpt lat="51.4871720" lon="-0.2429530">
    <ele>3.8</ele>
    <time>2026-06-19T18:16:05Z</time>
   </trkpt>
   <trkpt lat="51.4871850" lon="-0.2429320">
    <ele>3.8</ele>
    <time>2026-06-19T18:16:06Z</time>
   </trkpt>
   <trkpt lat="51.4871960" lon="-0.2429170">
    <ele>3.8</ele>
    <time>2026-06-19T18:16:07Z</time>
   </trkpt>
   <trkpt lat="51.4872080" lon="-0.2429020">
    <ele>3.8</ele>
    <time>2026-06-19T18:16:08Z</time>
   </trkpt>
   <trkpt lat="51.4872180" lon="-0.2428860">
    <ele>3.8</ele>
    <time>2026-06-19T18:16:09Z</time>
   </trkpt>
   <trkpt lat="51.4872250" lon="-0.2428680">
    <ele>3.8</ele>
    <time>2026-06-19T18:16:10Z</time>
   </trkpt>
   <trkpt lat="51.4872350" lon="-0.2428520">
    <ele>3.8</ele>
    <time>2026-06-19T18:16:11Z</time>
   </trkpt>
   <trkpt lat="51.4872510" lon="-0.2428170">
    <ele>3.8</ele>
    <time>2026-06-19T18:16:12Z</time>
   </trkpt>
   <trkpt lat="51.4872590" lon="-0.2427980">
    <ele>3.8</ele>
    <time>2026-06-19T18:16:13Z</time>
   </trkpt>
   <trkpt lat="51.4872670" lon="-0.2427800">
    <ele>3.8</ele>
    <time>2026-06-19T18:16:14Z</time>
   </trkpt>
   <trkpt lat="51.4872740" lon="-0.2427630">
    <ele>3.8</ele>
    <time>2026-06-19T18:16:15Z</time>
   </trkpt>
   <trkpt lat="51.4872870" lon="-0.2427340">
    <ele>3.8</ele>
    <time>2026-06-19T18:16:16Z</time>
   </trkpt>
   <trkpt lat="51.4872930" lon="-0.2427210">
    <ele>3.8</ele>
    <time>2026-06-19T18:16:17Z</time>
   </trkpt>
   <trkpt lat="51.4872980" lon="-0.2427070">
    <ele>3.8</ele>
    <time>2026-06-19T18:16:18Z</time>
   </trkpt>
   <trkpt lat="51.4873130" lon="-0.2426840">
    <ele>3.8</ele>
    <time>2026-06-19T18:16:19Z</time>
   </trkpt>
   <trkpt lat="51.4873190" lon="-0.2426760">
    <ele>3.8</ele>
    <time>2026-06-19T18:16:20Z</time>
   </trkpt>
   <trkpt lat="51.4873250" lon="-0.2426670">
    <ele>3.8</ele>
    <time>2026-06-19T18:16:21Z</time>
   </trkpt>
   <trkpt lat="51.4873340" lon="-0.2426610">
    <ele>3.8</ele>
    <time>2026-06-19T18:16:22Z</time>
   </trkpt>
   <trkpt lat="51.4873450" lon="-0.2426480">
    <ele>3.8</ele>
    <time>2026-06-19T18:16:23Z</time>
   </trkpt>
   <trkpt lat="51.4873540" lon="-0.2426330">
    <ele>3.8</ele>
    <time>2026-06-19T18:16:24Z</time>
   </trkpt>
   <trkpt lat="51.4873630" lon="-0.2426130">
    <ele>3.8</ele>
    <time>2026-06-19T18:16:25Z</time>
   </trkpt>
   <trkpt lat="51.4873720" lon="-0.2425980">
    <ele>3.8</ele>
    <time>2026-06-19T18:16:26Z</time>
   </trkpt>
   <trkpt lat="51.4873830" lon="-0.2425740">
    <ele>3.8</ele>
    <time>2026-06-19T18:16:27Z</time>
   </trkpt>
   <trkpt lat="51.4873910" lon="-0.2425620">
    <ele>3.8</ele>
    <time>2026-06-19T18:16:28Z</time>
   </trkpt>
   <trkpt lat="51.4874010" lon="-0.2425440">
    <ele>3.8</ele>
    <time>2026-06-19T18:16:29Z</time>
   </trkpt>
   <trkpt lat="51.4874110" lon="-0.2425280">
    <ele>3.8</ele>
    <time>2026-06-19T18:16:30Z</time>
   </trkpt>
   <trkpt lat="51.4874220" lon="-0.2424950">
    <ele>3.8</ele>
    <time>2026-06-19T18:16:31Z</time>
   </trkpt>
   <trkpt lat="51.4874280" lon="-0.2424840">
    <ele>3.8</ele>
    <time>2026-06-19T18:16:32Z</time>
   </trkpt>
   <trkpt lat="51.4874340" lon="-0.2424740">
    <ele>3.8</ele>
    <time>2026-06-19T18:16:33Z</time>
   </trkpt>
   <trkpt lat="51.4874450" lon="-0.2424580">
    <ele>3.8</ele>
    <time>2026-06-19T18:16:34Z</time>
   </trkpt>
   <trkpt lat="51.4874590" lon="-0.2424430">
    <ele>3.8</ele>
    <time>2026-06-19T18:16:35Z</time>
   </trkpt>
   <trkpt lat="51.4874700" lon="-0.2424280">
    <ele>3.8</ele>
    <time>2026-06-19T18:16:36Z</time>
   </trkpt>
   <trkpt lat="51.4874810" lon="-0.2424110">
    <ele>3.8</ele>
    <time>2026-06-19T18:16:37Z</time>
   </trkpt>
   <trkpt lat="51.4874920" lon="-0.2423960">
    <ele>3.8</ele>
    <time>2026-06-19T18:16:38Z</time>
   </trkpt>
   <trkpt lat="51.4875010" lon="-0.2423790">
    <ele>3.8</ele>
    <time>2026-06-19T18:16:39Z</time>
   </trkpt>
   <trkpt lat="51.4875130" lon="-0.2423620">
    <ele>3.8</ele>
    <time>2026-06-19T18:16:40Z</time>
   </trkpt>
   <trkpt lat="51.4875250" lon="-0.2423470">
    <ele>3.8</ele>
    <time>2026-06-19T18:16:41Z</time>
   </trkpt>
   <trkpt lat="51.4875340" lon="-0.2423310">
    <ele>3.8</ele>
    <time>2026-06-19T18:16:42Z</time>
   </trkpt>
   <trkpt lat="51.4875460" lon="-0.2423180">
    <ele>3.8</ele>
    <time>2026-06-19T18:16:43Z</time>
   </trkpt>
   <trkpt lat="51.4875600" lon="-0.2423080">
    <ele>3.8</ele>
    <time>2026-06-19T18:16:44Z</time>
   </trkpt>
   <trkpt lat="51.4875690" lon="-0.2422920">
    <ele>3.8</ele>
    <time>2026-06-19T18:16:45Z</time>
   </trkpt>
   <trkpt lat="51.4875770" lon="-0.2422760">
    <ele>3.8</ele>
    <time>2026-06-19T18:16:46Z</time>
   </trkpt>
   <trkpt lat="51.4875910" lon="-0.2422640">
    <ele>3.8</ele>
    <time>2026-06-19T18:16:47Z</time>
   </trkpt>
   <trkpt lat="51.4876040" lon="-0.2422490">
    <ele>3.8</ele>
    <time>2026-06-19T18:16:48Z</time>
   </trkpt>
   <trkpt lat="51.4876150" lon="-0.2422350">
    <ele>3.8</ele>
    <time>2026-06-19T18:16:49Z</time>
   </trkpt>
   <trkpt lat="51.4876300" lon="-0.2422100">
    <ele>3.8</ele>
    <time>2026-06-19T18:16:50Z</time>
   </trkpt>
   <trkpt lat="51.4876350" lon="-0.2422000">
    <ele>3.8</ele>
    <time>2026-06-19T18:16:51Z</time>
   </trkpt>
   <trkpt lat="51.4876410" lon="-0.2421890">
    <ele>3.8</ele>
    <time>2026-06-19T18:16:52Z</time>
   </trkpt>
   <trkpt lat="51.4876510" lon="-0.2421750">
    <ele>3.8</ele>
    <time>2026-06-19T18:16:53Z</time>
   </trkpt>
   <trkpt lat="51.4876620" lon="-0.2421600">
    <ele>3.8</ele>
    <time>2026-06-19T18:16:54Z</time>
   </trkpt>
   <trkpt lat="51.4876740" lon="-0.2421410">
    <ele>3.8</ele>
    <time>2026-06-19T18:16:55Z</time>
   </trkpt>
   <trkpt lat="51.4876830" lon="-0.2421230">
    <ele>3.8</ele>
    <time>2026-06-19T18:16:56Z</time>
   </trkpt>
   <trkpt lat="51.4876870" lon="-0.2421050">
    <ele>3.8</ele>
    <time>2026-06-19T18:16:57Z</time>
   </trkpt>
   <trkpt lat="51.4876960" lon="-0.2420920">
    <ele>3.8</ele>
    <time>2026-06-19T18:16:58Z</time>
   </trkpt>
   <trkpt lat="51.4877030" lon="-0.2420780">
    <ele>3.8</ele>
    <time>2026-06-19T18:16:59Z</time>
   </trkpt>
   <trkpt lat="51.4877110" lon="-0.2420590">
    <ele>3.8</ele>
    <time>2026-06-19T18:17:00Z</time>
   </trkpt>
   <trkpt lat="51.4877200" lon="-0.2420430">
    <ele>3.8</ele>
    <time>2026-06-19T18:17:01Z</time>
   </trkpt>
   <trkpt lat="51.4877330" lon="-0.2420210">
    <ele>3.8</ele>
    <time>2026-06-19T18:17:02Z</time>
   </trkpt>
   <trkpt lat="51.4877400" lon="-0.2420090">
    <ele>3.8</ele>
    <time>2026-06-19T18:17:03Z</time>
   </trkpt>
   <trkpt lat="51.4877470" lon="-0.2419980">
    <ele>3.8</ele>
    <time>2026-06-19T18:17:04Z</time>
   </trkpt>
   <trkpt lat="51.4877620" lon="-0.2419750">
    <ele>3.8</ele>
    <time>2026-06-19T18:17:05Z</time>
   </trkpt>
   <trkpt lat="51.4877680" lon="-0.2419630">
    <ele>3.8</ele>
    <time>2026-06-19T18:17:06Z</time>
   </trkpt>
   <trkpt lat="51.4877750" lon="-0.2419500">
    <ele>3.8</ele>
    <time>2026-06-19T18:17:07Z</time>
   </trkpt>
   <trkpt lat="51.4877810" lon="-0.2419410">
    <ele>3.8</ele>
    <time>2026-06-19T18:17:08Z</time>
   </trkpt>
   <trkpt lat="51.4877870" lon="-0.2419280">
    <ele>3.8</ele>
    <time>2026-06-19T18:17:09Z</time>
   </trkpt>
   <trkpt lat="51.4877890" lon="-0.2419220">
    <ele>3.8</ele>
    <time>2026-06-19T18:17:10Z</time>
   </trkpt>
   <trkpt lat="51.4877950" lon="-0.2419100">
    <ele>3.8</ele>
    <time>2026-06-19T18:17:11Z</time>
   </trkpt>
   <trkpt lat="51.4877990" lon="-0.2419000">
    <ele>3.8</ele>
    <time>2026-06-19T18:17:12Z</time>
   </trkpt>
   <trkpt lat="51.4878080" lon="-0.2418850">
    <ele>3.8</ele>
    <time>2026-06-19T18:17:13Z</time>
   </trkpt>
   <trkpt lat="51.4878130" lon="-0.2418740">
    <ele>3.8</ele>
    <time>2026-06-19T18:17:14Z</time>
   </trkpt>
   <trkpt lat="51.4878250" lon="-0.2418530">
    <ele>3.8</ele>
    <time>2026-06-19T18:17:15Z</time>
   </trkpt>
   <trkpt lat="51.4878320" lon="-0.2418430">
    <ele>3.8</ele>
    <time>2026-06-19T18:17:16Z</time>
   </trkpt>
   <trkpt lat="51.4878390" lon="-0.2418320">
    <ele>3.8</ele>
    <time>2026-06-19T18:17:17Z</time>
   </trkpt>
   <trkpt lat="51.4878430" lon="-0.2418200">
    <ele>3.8</ele>
    <time>2026-06-19T18:17:18Z</time>
   </trkpt>
   <trkpt lat="51.4878560" lon="-0.2417870">
    <ele>3.8</ele>
    <time>2026-06-19T18:17:19Z</time>
   </trkpt>
   <trkpt lat="51.4878650" lon="-0.2417640">
    <ele>3.8</ele>
    <time>2026-06-19T18:17:20Z</time>
   </trkpt>
   <trkpt lat="51.4878700" lon="-0.2417390">
    <ele>3.8</ele>
    <time>2026-06-19T18:17:21Z</time>
   </trkpt>
   <trkpt lat="51.4878830" lon="-0.2417080">
    <ele>3.8</ele>
    <time>2026-06-19T18:17:22Z</time>
   </trkpt>
   <trkpt lat="51.4878890" lon="-0.2416960">
    <ele>3.8</ele>
    <time>2026-06-19T18:17:23Z</time>
   </trkpt>
   <trkpt lat="51.4878950" lon="-0.2416850">
    <ele>3.8</ele>
    <time>2026-06-19T18:17:24Z</time>
   </trkpt>
   <trkpt lat="51.4879050" lon="-0.2416690">
    <ele>3.8</ele>
    <time>2026-06-19T18:17:25Z</time>
   </trkpt>
   <trkpt lat="51.4879130" lon="-0.2416570">
    <ele>3.8</ele>
    <time>2026-06-19T18:17:26Z</time>
   </trkpt>
   <trkpt lat="51.4879190" lon="-0.2416510">
    <ele>3.8</ele>
    <time>2026-06-19T18:17:27Z</time>
   </trkpt>
   <trkpt lat="51.4879240" lon="-0.2416350">
    <ele>3.8</ele>
    <time>2026-06-19T18:17:28Z</time>
   </trkpt>
   <trkpt lat="51.4879280" lon="-0.2416220">
    <ele>3.8</ele>
    <time>2026-06-19T18:17:29Z</time>
   </trkpt>
   <trkpt lat="51.4879320" lon="-0.2416030">
    <ele>3.8</ele>
    <time>2026-06-19T18:17:30Z</time>
   </trkpt>
   <trkpt lat="51.4879480" lon="-0.2415660">
    <ele>3.8</ele>
    <time>2026-06-19T18:17:31Z</time>
   </trkpt>
   <trkpt lat="51.4879530" lon="-0.2415550">
    <ele>3.8</ele>
    <time>2026-06-19T18:17:32Z</time>
   </trkpt>
   <trkpt lat="51.4879620" lon="-0.2415360">
    <ele>3.8</ele>
    <time>2026-06-19T18:17:33Z</time>
   </trkpt>
   <trkpt lat="51.4879730" lon="-0.2415200">
    <ele>3.8</ele>
    <time>2026-06-19T18:17:34Z</time>
   </trkpt>
   <trkpt lat="51.4879820" lon="-0.2415070">
    <ele>3.8</ele>
    <time>2026-06-19T18:17:35Z</time>
   </trkpt>
   <trkpt lat="51.4879900" lon="-0.2414920">
    <ele>3.8</ele>
    <time>2026-06-19T18:17:36Z</time>
   </trkpt>
   <trkpt lat="51.4879940" lon="-0.2414790">
    <ele>3.8</ele>
    <time>2026-06-19T18:17:37Z</time>
   </trkpt>
   <trkpt lat="51.4880010" lon="-0.2414630">
    <ele>3.8</ele>
    <time>2026-06-19T18:17:38Z</time>
   </trkpt>
   <trkpt lat="51.4880140" lon="-0.2414440">
    <ele>3.8</ele>
    <time>2026-06-19T18:17:39Z</time>
   </trkpt>
   <trkpt lat="51.4880260" lon="-0.2414260">
    <ele>3.8</ele>
    <time>2026-06-19T18:17:40Z</time>
   </trkpt>
   <trkpt lat="51.4880340" lon="-0.2414090">
    <ele>3.8</ele>
    <time>2026-06-19T18:17:41Z</time>
   </trkpt>
   <trkpt lat="51.4880420" lon="-0.2413910">
    <ele>3.8</ele>
    <time>2026-06-19T18:17:42Z</time>
   </trkpt>
   <trkpt lat="51.4880500" lon="-0.2413720">
    <ele>3.8</ele>
    <time>2026-06-19T18:17:43Z</time>
   </trkpt>
   <trkpt lat="51.4880620" lon="-0.2413580">
    <ele>3.8</ele>
    <time>2026-06-19T18:17:44Z</time>
   </trkpt>
   <trkpt lat="51.4880740" lon="-0.2413380">
    <ele>3.8</ele>
    <time>2026-06-19T18:17:45Z</time>
   </trkpt>
   <trkpt lat="51.4880890" lon="-0.2413160">
    <ele>3.8</ele>
    <time>2026-06-19T18:17:46Z</time>
   </trkpt>
   <trkpt lat="51.4880940" lon="-0.2413050">
    <ele>3.8</ele>
    <time>2026-06-19T18:17:47Z</time>
   </trkpt>
   <trkpt lat="51.4881000" lon="-0.2412940">
    <ele>3.8</ele>
    <time>2026-06-19T18:17:48Z</time>
   </trkpt>
   <trkpt lat="51.4881090" lon="-0.2412730">
    <ele>3.8</ele>
    <time>2026-06-19T18:17:49Z</time>
   </trkpt>
   <trkpt lat="51.4881160" lon="-0.2412580">
    <ele>3.8</ele>
    <time>2026-06-19T18:17:50Z</time>
   </trkpt>
   <trkpt lat="51.4881300" lon="-0.2412330">
    <ele>3.8</ele>
    <time>2026-06-19T18:17:51Z</time>
   </trkpt>
   <trkpt lat="51.4881370" lon="-0.2412220">
    <ele>3.8</ele>
    <time>2026-06-19T18:17:52Z</time>
   </trkpt>
   <trkpt lat="51.4881450" lon="-0.2412120">
    <ele>3.8</ele>
    <time>2026-06-19T18:17:53Z</time>
   </trkpt>
   <trkpt lat="51.4881510" lon="-0.2411930">
    <ele>3.8</ele>
    <time>2026-06-19T18:17:54Z</time>
   </trkpt>
   <trkpt lat="51.4881560" lon="-0.2411690">
    <ele>3.8</ele>
    <time>2026-06-19T18:17:55Z</time>
   </trkpt>
   <trkpt lat="51.4881640" lon="-0.2411370">
    <ele>3.8</ele>
    <time>2026-06-19T18:17:56Z</time>
   </trkpt>
   <trkpt lat="51.4881690" lon="-0.2411250">
    <ele>3.8</ele>
    <time>2026-06-19T18:17:57Z</time>
   </trkpt>
   <trkpt lat="51.4881740" lon="-0.2411130">
    <ele>3.8</ele>
    <time>2026-06-19T18:17:58Z</time>
   </trkpt>
   <trkpt lat="51.4881820" lon="-0.2410950">
    <ele>3.8</ele>
    <time>2026-06-19T18:17:59Z</time>
   </trkpt>
   <trkpt lat="51.4881910" lon="-0.2410770">
    <ele>3.8</ele>
    <time>2026-06-19T18:18:00Z</time>
   </trkpt>
   <trkpt lat="51.4882010" lon="-0.2410550">
    <ele>3.8</ele>
    <time>2026-06-19T18:18:01Z</time>
   </trkpt>
   <trkpt lat="51.4882080" lon="-0.2410380">
    <ele>3.8</ele>
    <time>2026-06-19T18:18:02Z</time>
   </trkpt>
   <trkpt lat="51.4882230" lon="-0.2410170">
    <ele>3.8</ele>
    <time>2026-06-19T18:18:03Z</time>
   </trkpt>
   <trkpt lat="51.4882290" lon="-0.2410040">
    <ele>3.8</ele>
    <time>2026-06-19T18:18:04Z</time>
   </trkpt>
   <trkpt lat="51.4882360" lon="-0.2409920">
    <ele>3.8</ele>
    <time>2026-06-19T18:18:05Z</time>
   </trkpt>
   <trkpt lat="51.4882470" lon="-0.2409650">
    <ele>3.8</ele>
    <time>2026-06-19T18:18:06Z</time>
   </trkpt>
   <trkpt lat="51.4882520" lon="-0.2409520">
    <ele>3.8</ele>
    <time>2026-06-19T18:18:07Z</time>
   </trkpt>
   <trkpt lat="51.4882560" lon="-0.2409400">
    <ele>3.8</ele>
    <time>2026-06-19T18:18:08Z</time>
   </trkpt>
   <trkpt lat="51.4882650" lon="-0.2409230">
    <ele>3.8</ele>
    <time>2026-06-19T18:18:09Z</time>
   </trkpt>
   <trkpt lat="51.4882780" lon="-0.2409040">
    <ele>3.8</ele>
    <time>2026-06-19T18:18:10Z</time>
   </trkpt>
   <trkpt lat="51.4882920" lon="-0.2408740">
    <ele>3.8</ele>
    <time>2026-06-19T18:18:11Z</time>
   </trkpt>
   <trkpt lat="51.4882960" lon="-0.2408620">
    <ele>3.8</ele>
    <time>2026-06-19T18:18:12Z</time>
   </trkpt>
   <trkpt lat="51.4883010" lon="-0.2408500">
    <ele>3.8</ele>
    <time>2026-06-19T18:18:13Z</time>
   </trkpt>
   <trkpt lat="51.4883180" lon="-0.2408260">
    <ele>3.9</ele>
    <time>2026-06-19T18:18:14Z</time>
   </trkpt>
   <trkpt lat="51.4883250" lon="-0.2408150">
    <ele>3.9</ele>
    <time>2026-06-19T18:18:15Z</time>
   </trkpt>
   <trkpt lat="51.4883330" lon="-0.2407820">
    <ele>3.9</ele>
    <time>2026-06-19T18:18:16Z</time>
   </trkpt>
   <trkpt lat="51.4883350" lon="-0.2407680">
    <ele>3.9</ele>
    <time>2026-06-19T18:18:17Z</time>
   </trkpt>
   <trkpt lat="51.4883380" lon="-0.2407540">
    <ele>3.9</ele>
    <time>2026-06-19T18:18:18Z</time>
   </trkpt>
   <trkpt lat="51.4883480" lon="-0.2407240">
    <ele>3.9</ele>
    <time>2026-06-19T18:18:19Z</time>
   </trkpt>
   <trkpt lat="51.4883530" lon="-0.2407140">
    <ele>3.9</ele>
    <time>2026-06-19T18:18:20Z</time>
   </trkpt>
   <trkpt lat="51.4883570" lon="-0.2407030">
    <ele>3.9</ele>
    <time>2026-06-19T18:18:21Z</time>
   </trkpt>
   <trkpt lat="51.4883610" lon="-0.2406850">
    <ele>3.9</ele>
    <time>2026-06-19T18:18:22Z</time>
   </trkpt>
   <trkpt lat="51.4883650" lon="-0.2406710">
    <ele>3.9</ele>
    <time>2026-06-19T18:18:23Z</time>
   </trkpt>
   <trkpt lat="51.4883730" lon="-0.2406530">
    <ele>3.9</ele>
    <time>2026-06-19T18:18:24Z</time>
   </trkpt>
   <trkpt lat="51.4883830" lon="-0.2406350">
    <ele>3.9</ele>
    <time>2026-06-19T18:18:25Z</time>
   </trkpt>
   <trkpt lat="51.4883890" lon="-0.2406160">
    <ele>3.9</ele>
    <time>2026-06-19T18:18:26Z</time>
   </trkpt>
   <trkpt lat="51.4883950" lon="-0.2405950">
    <ele>3.9</ele>
    <time>2026-06-19T18:18:27Z</time>
   </trkpt>
   <trkpt lat="51.4884020" lon="-0.2405770">
    <ele>3.9</ele>
    <time>2026-06-19T18:18:28Z</time>
   </trkpt>
   <trkpt lat="51.4884130" lon="-0.2405490">
    <ele>3.8</ele>
    <time>2026-06-19T18:18:29Z</time>
   </trkpt>
   <trkpt lat="51.4884180" lon="-0.2405370">
    <ele>3.8</ele>
    <time>2026-06-19T18:18:30Z</time>
   </trkpt>
   <trkpt lat="51.4884220" lon="-0.2405260">
    <ele>3.8</ele>
    <time>2026-06-19T18:18:31Z</time>
   </trkpt>
   <trkpt lat="51.4884260" lon="-0.2405060">
    <ele>3.8</ele>
    <time>2026-06-19T18:18:32Z</time>
   </trkpt>
   <trkpt lat="51.4884300" lon="-0.2404910">
    <ele>3.8</ele>
    <time>2026-06-19T18:18:33Z</time>
   </trkpt>
   <trkpt lat="51.4884360" lon="-0.2404800">
    <ele>3.8</ele>
    <time>2026-06-19T18:18:34Z</time>
   </trkpt>
   <trkpt lat="51.4884480" lon="-0.2404540">
    <ele>3.8</ele>
    <time>2026-06-19T18:18:35Z</time>
   </trkpt>
   <trkpt lat="51.4884530" lon="-0.2404390">
    <ele>3.8</ele>
    <time>2026-06-19T18:18:36Z</time>
   </trkpt>
   <trkpt lat="51.4884580" lon="-0.2404250">
    <ele>3.8</ele>
    <time>2026-06-19T18:18:37Z</time>
   </trkpt>
   <trkpt lat="51.4884650" lon="-0.2403990">
    <ele>3.8</ele>
    <time>2026-06-19T18:18:38Z</time>
   </trkpt>
   <trkpt lat="51.4884710" lon="-0.2403820">
    <ele>3.8</ele>
    <time>2026-06-19T18:18:39Z</time>
   </trkpt>
   <trkpt lat="51.4884770" lon="-0.2403530">
    <ele>3.8</ele>
    <time>2026-06-19T18:18:40Z</time>
   </trkpt>
   <trkpt lat="51.4884810" lon="-0.2403380">
    <ele>3.8</ele>
    <time>2026-06-19T18:18:41Z</time>
   </trkpt>
   <trkpt lat="51.4884850" lon="-0.2403240">
    <ele>3.8</ele>
    <time>2026-06-19T18:18:42Z</time>
   </trkpt>
   <trkpt lat="51.4884910" lon="-0.2403040">
    <ele>3.8</ele>
    <time>2026-06-19T18:18:43Z</time>
   </trkpt>
   <trkpt lat="51.4884960" lon="-0.2402830">
    <ele>3.8</ele>
    <time>2026-06-19T18:18:44Z</time>
   </trkpt>
   <trkpt lat="51.4885000" lon="-0.2402630">
    <ele>3.8</ele>
    <time>2026-06-19T18:18:45Z</time>
   </trkpt>
   <trkpt lat="51.4885040" lon="-0.2402530">
    <ele>3.8</ele>
    <time>2026-06-19T18:18:46Z</time>
   </trkpt>
   <trkpt lat="51.4885070" lon="-0.2402470">
    <ele>3.8</ele>
    <time>2026-06-19T18:18:47Z</time>
   </trkpt>
   <trkpt lat="51.4885110" lon="-0.2402370">
    <ele>3.8</ele>
    <time>2026-06-19T18:18:48Z</time>
   </trkpt>
   <trkpt lat="51.4885220" lon="-0.2402130">
    <ele>3.8</ele>
    <time>2026-06-19T18:18:49Z</time>
   </trkpt>
   <trkpt lat="51.4885290" lon="-0.2401980">
    <ele>3.8</ele>
    <time>2026-06-19T18:18:50Z</time>
   </trkpt>
   <trkpt lat="51.4885350" lon="-0.2401820">
    <ele>3.8</ele>
    <time>2026-06-19T18:18:51Z</time>
   </trkpt>
   <trkpt lat="51.4885400" lon="-0.2401640">
    <ele>3.8</ele>
    <time>2026-06-19T18:18:52Z</time>
   </trkpt>
   <trkpt lat="51.4885480" lon="-0.2401350">
    <ele>3.8</ele>
    <time>2026-06-19T18:18:53Z</time>
   </trkpt>
   <trkpt lat="51.4885570" lon="-0.2401160">
    <ele>3.8</ele>
    <time>2026-06-19T18:18:54Z</time>
   </trkpt>
   <trkpt lat="51.4885620" lon="-0.2400930">
    <ele>3.8</ele>
    <time>2026-06-19T18:18:55Z</time>
   </trkpt>
   <trkpt lat="51.4885660" lon="-0.2400680">
    <ele>3.8</ele>
    <time>2026-06-19T18:18:56Z</time>
   </trkpt>
   <trkpt lat="51.4885720" lon="-0.2400470">
    <ele>3.8</ele>
    <time>2026-06-19T18:18:57Z</time>
   </trkpt>
   <trkpt lat="51.4885790" lon="-0.2400280">
    <ele>3.8</ele>
    <time>2026-06-19T18:18:58Z</time>
   </trkpt>
   <trkpt lat="51.4885850" lon="-0.2400070">
    <ele>3.8</ele>
    <time>2026-06-19T18:18:59Z</time>
   </trkpt>
   <trkpt lat="51.4885900" lon="-0.2399880">
    <ele>3.8</ele>
    <time>2026-06-19T18:19:00Z</time>
   </trkpt>
   <trkpt lat="51.4885990" lon="-0.2399640">
    <ele>3.8</ele>
    <time>2026-06-19T18:19:01Z</time>
   </trkpt>
   <trkpt lat="51.4886070" lon="-0.2399410">
    <ele>3.8</ele>
    <time>2026-06-19T18:19:02Z</time>
   </trkpt>
   <trkpt lat="51.4886100" lon="-0.2399180">
    <ele>3.8</ele>
    <time>2026-06-19T18:19:03Z</time>
   </trkpt>
   <trkpt lat="51.4886180" lon="-0.2398980">
    <ele>3.8</ele>
    <time>2026-06-19T18:19:04Z</time>
   </trkpt>
   <trkpt lat="51.4886230" lon="-0.2398740">
    <ele>3.8</ele>
    <time>2026-06-19T18:19:05Z</time>
   </trkpt>
   <trkpt lat="51.4886310" lon="-0.2398410">
    <ele>3.8</ele>
    <time>2026-06-19T18:19:06Z</time>
   </trkpt>
   <trkpt lat="51.4886350" lon="-0.2398270">
    <ele>3.8</ele>
    <time>2026-06-19T18:19:07Z</time>
   </trkpt>
   <trkpt lat="51.4886390" lon="-0.2398140">
    <ele>3.8</ele>
    <time>2026-06-19T18:19:08Z</time>
   </trkpt>
   <trkpt lat="51.4886440" lon="-0.2397820">
    <ele>3.8</ele>
    <time>2026-06-19T18:19:09Z</time>
   </trkpt>
   <trkpt lat="51.4886470" lon="-0.2397670">
    <ele>3.8</ele>
    <time>2026-06-19T18:19:10Z</time>
   </trkpt>
   <trkpt lat="51.4886490" lon="-0.2397530">
    <ele>3.8</ele>
    <time>2026-06-19T18:19:11Z</time>
   </trkpt>
   <trkpt lat="51.4886530" lon="-0.2397340">
    <ele>3.8</ele>
    <time>2026-06-19T18:19:12Z</time>
   </trkpt>
   <trkpt lat="51.4886620" lon="-0.2397120">
    <ele>3.8</ele>
    <time>2026-06-19T18:19:13Z</time>
   </trkpt>
   <trkpt lat="51.4886670" lon="-0.2396910">
    <ele>3.8</ele>
    <time>2026-06-19T18:19:14Z</time>
   </trkpt>
   <trkpt lat="51.4886750" lon="-0.2396700">
    <ele>3.8</ele>
    <time>2026-06-19T18:19:15Z</time>
   </trkpt>
   <trkpt lat="51.4886780" lon="-0.2396350">
    <ele>3.8</ele>
    <time>2026-06-19T18:19:16Z</time>
   </trkpt>
   <trkpt lat="51.4886810" lon="-0.2396230">
    <ele>3.8</ele>
    <time>2026-06-19T18:19:17Z</time>
   </trkpt>
   <trkpt lat="51.4886830" lon="-0.2396100">
    <ele>3.8</ele>
    <time>2026-06-19T18:19:18Z</time>
   </trkpt>
   <trkpt lat="51.4886850" lon="-0.2395930">
    <ele>3.8</ele>
    <time>2026-06-19T18:19:19Z</time>
   </trkpt>
   <trkpt lat="51.4886890" lon="-0.2395760">
    <ele>3.8</ele>
    <time>2026-06-19T18:19:20Z</time>
   </trkpt>
   <trkpt lat="51.4886930" lon="-0.2395580">
    <ele>3.8</ele>
    <time>2026-06-19T18:19:21Z</time>
   </trkpt>
   <trkpt lat="51.4886950" lon="-0.2395250">
    <ele>3.8</ele>
    <time>2026-06-19T18:19:22Z</time>
   </trkpt>
   <trkpt lat="51.4886970" lon="-0.2395110">
    <ele>3.8</ele>
    <time>2026-06-19T18:19:23Z</time>
   </trkpt>
   <trkpt lat="51.4886980" lon="-0.2394970">
    <ele>3.8</ele>
    <time>2026-06-19T18:19:24Z</time>
   </trkpt>
   <trkpt lat="51.4887050" lon="-0.2394650">
    <ele>3.8</ele>
    <time>2026-06-19T18:19:25Z</time>
   </trkpt>
   <trkpt lat="51.4887080" lon="-0.2394500">
    <ele>3.8</ele>
    <time>2026-06-19T18:19:26Z</time>
   </trkpt>
   <trkpt lat="51.4887100" lon="-0.2394360">
    <ele>3.8</ele>
    <time>2026-06-19T18:19:27Z</time>
   </trkpt>
   <trkpt lat="51.4887170" lon="-0.2394040">
    <ele>3.8</ele>
    <time>2026-06-19T18:19:28Z</time>
   </trkpt>
   <trkpt lat="51.4887190" lon="-0.2393910">
    <ele>3.8</ele>
    <time>2026-06-19T18:19:29Z</time>
   </trkpt>
   <trkpt lat="51.4887200" lon="-0.2393780">
    <ele>3.8</ele>
    <time>2026-06-19T18:19:30Z</time>
   </trkpt>
   <trkpt lat="51.4887250" lon="-0.2393440">
    <ele>3.8</ele>
    <time>2026-06-19T18:19:31Z</time>
   </trkpt>
   <trkpt lat="51.4887280" lon="-0.2393300">
    <ele>3.8</ele>
    <time>2026-06-19T18:19:32Z</time>
   </trkpt>
   <trkpt lat="51.4887300" lon="-0.2393150">
    <ele>3.8</ele>
    <time>2026-06-19T18:19:33Z</time>
   </trkpt>
   <trkpt lat="51.4887340" lon="-0.2392960">
    <ele>3.8</ele>
    <time>2026-06-19T18:19:34Z</time>
   </trkpt>
   <trkpt lat="51.4887400" lon="-0.2392730">
    <ele>3.8</ele>
    <time>2026-06-19T18:19:35Z</time>
   </trkpt>
   <trkpt lat="51.4887450" lon="-0.2392500">
    <ele>3.8</ele>
    <time>2026-06-19T18:19:36Z</time>
   </trkpt>
   <trkpt lat="51.4887520" lon="-0.2392280">
    <ele>3.8</ele>
    <time>2026-06-19T18:19:37Z</time>
   </trkpt>
   <trkpt lat="51.4887580" lon="-0.2392040">
    <ele>3.8</ele>
    <time>2026-06-19T18:19:38Z</time>
   </trkpt>
   <trkpt lat="51.4887610" lon="-0.2391830">
    <ele>3.8</ele>
    <time>2026-06-19T18:19:39Z</time>
   </trkpt>
   <trkpt lat="51.4887630" lon="-0.2391600">
    <ele>3.8</ele>
    <time>2026-06-19T18:19:40Z</time>
   </trkpt>
   <trkpt lat="51.4887630" lon="-0.2391360">
    <ele>3.8</ele>
    <time>2026-06-19T18:19:41Z</time>
   </trkpt>
   <trkpt lat="51.4887650" lon="-0.2391140">
    <ele>3.8</ele>
    <time>2026-06-19T18:19:42Z</time>
   </trkpt>
   <trkpt lat="51.4887630" lon="-0.2390920">
    <ele>3.8</ele>
    <time>2026-06-19T18:19:43Z</time>
   </trkpt>
   <trkpt lat="51.4887660" lon="-0.2390680">
    <ele>3.8</ele>
    <time>2026-06-19T18:19:44Z</time>
   </trkpt>
   <trkpt lat="51.4887690" lon="-0.2390460">
    <ele>3.8</ele>
    <time>2026-06-19T18:19:45Z</time>
   </trkpt>
   <trkpt lat="51.4887740" lon="-0.2390240">
    <ele>3.8</ele>
    <time>2026-06-19T18:19:46Z</time>
   </trkpt>
   <trkpt lat="51.4887790" lon="-0.2390050">
    <ele>3.8</ele>
    <time>2026-06-19T18:19:47Z</time>
   </trkpt>
   <trkpt lat="51.4887800" lon="-0.2389830">
    <ele>3.8</ele>
    <time>2026-06-19T18:19:48Z</time>
   </trkpt>
   <trkpt lat="51.4887840" lon="-0.2389590">
    <ele>3.8</ele>
    <time>2026-06-19T18:19:49Z</time>
   </trkpt>
   <trkpt lat="51.4887870" lon="-0.2389360">
    <ele>3.8</ele>
    <time>2026-06-19T18:19:50Z</time>
   </trkpt>
   <trkpt lat="51.4887920" lon="-0.2389140">
    <ele>3.8</ele>
    <time>2026-06-19T18:19:51Z</time>
   </trkpt>
   <trkpt lat="51.4887980" lon="-0.2388930">
    <ele>3.8</ele>
    <time>2026-06-19T18:19:52Z</time>
   </trkpt>
   <trkpt lat="51.4888030" lon="-0.2388710">
    <ele>3.8</ele>
    <time>2026-06-19T18:19:53Z</time>
   </trkpt>
   <trkpt lat="51.4888070" lon="-0.2388480">
    <ele>3.8</ele>
    <time>2026-06-19T18:19:54Z</time>
   </trkpt>
   <trkpt lat="51.4888060" lon="-0.2388210">
    <ele>3.8</ele>
    <time>2026-06-19T18:19:55Z</time>
   </trkpt>
   <trkpt lat="51.4888100" lon="-0.2388000">
    <ele>3.8</ele>
    <time>2026-06-19T18:19:56Z</time>
   </trkpt>
   <trkpt lat="51.4888130" lon="-0.2387770">
    <ele>3.8</ele>
    <time>2026-06-19T18:19:57Z</time>
   </trkpt>
   <trkpt lat="51.4888140" lon="-0.2387560">
    <ele>3.8</ele>
    <time>2026-06-19T18:19:58Z</time>
   </trkpt>
   <trkpt lat="51.4888180" lon="-0.2387340">
    <ele>3.8</ele>
    <time>2026-06-19T18:19:59Z</time>
   </trkpt>
   <trkpt lat="51.4888200" lon="-0.2387000">
    <ele>3.8</ele>
    <time>2026-06-19T18:20:00Z</time>
   </trkpt>
   <trkpt lat="51.4888210" lon="-0.2386860">
    <ele>3.9</ele>
    <time>2026-06-19T18:20:01Z</time>
   </trkpt>
   <trkpt lat="51.4888220" lon="-0.2386730">
    <ele>3.9</ele>
    <time>2026-06-19T18:20:02Z</time>
   </trkpt>
   <trkpt lat="51.4888290" lon="-0.2386400">
    <ele>3.9</ele>
    <time>2026-06-19T18:20:03Z</time>
   </trkpt>
   <trkpt lat="51.4888320" lon="-0.2386250">
    <ele>3.9</ele>
    <time>2026-06-19T18:20:04Z</time>
   </trkpt>
   <trkpt lat="51.4888350" lon="-0.2386100">
    <ele>3.9</ele>
    <time>2026-06-19T18:20:05Z</time>
   </trkpt>
   <trkpt lat="51.4888400" lon="-0.2385740">
    <ele>3.9</ele>
    <time>2026-06-19T18:20:06Z</time>
   </trkpt>
   <trkpt lat="51.4888410" lon="-0.2385610">
    <ele>3.9</ele>
    <time>2026-06-19T18:20:07Z</time>
   </trkpt>
   <trkpt lat="51.4888420" lon="-0.2385470">
    <ele>3.9</ele>
    <time>2026-06-19T18:20:08Z</time>
   </trkpt>
   <trkpt lat="51.4888440" lon="-0.2385140">
    <ele>3.9</ele>
    <time>2026-06-19T18:20:09Z</time>
   </trkpt>
   <trkpt lat="51.4888450" lon="-0.2385000">
    <ele>3.9</ele>
    <time>2026-06-19T18:20:10Z</time>
   </trkpt>
   <trkpt lat="51.4888450" lon="-0.2384850">
    <ele>3.9</ele>
    <time>2026-06-19T18:20:11Z</time>
   </trkpt>
   <trkpt lat="51.4888480" lon="-0.2384630">
    <ele>3.9</ele>
    <time>2026-06-19T18:20:12Z</time>
   </trkpt>
   <trkpt lat="51.4888530" lon="-0.2384400">
    <ele>3.9</ele>
    <time>2026-06-19T18:20:13Z</time>
   </trkpt>
   <trkpt lat="51.4888580" lon="-0.2384140">
    <ele>3.9</ele>
    <time>2026-06-19T18:20:14Z</time>
   </trkpt>
   <trkpt lat="51.4888600" lon="-0.2383930">
    <ele>3.9</ele>
    <time>2026-06-19T18:20:15Z</time>
   </trkpt>
   <trkpt lat="51.4888620" lon="-0.2383730">
    <ele>3.9</ele>
    <time>2026-06-19T18:20:16Z</time>
   </trkpt>
   <trkpt lat="51.4888620" lon="-0.2383550">
    <ele>3.9</ele>
    <time>2026-06-19T18:20:17Z</time>
   </trkpt>
   <trkpt lat="51.4888640" lon="-0.2383390">
    <ele>3.9</ele>
    <time>2026-06-19T18:20:18Z</time>
   </trkpt>
   <trkpt lat="51.4888730" lon="-0.2383020">
    <ele>3.9</ele>
    <time>2026-06-19T18:20:19Z</time>
   </trkpt>
   <trkpt lat="51.4888750" lon="-0.2382860">
    <ele>3.9</ele>
    <time>2026-06-19T18:20:20Z</time>
   </trkpt>
   <trkpt lat="51.4888780" lon="-0.2382700">
    <ele>3.9</ele>
    <time>2026-06-19T18:20:21Z</time>
   </trkpt>
   <trkpt lat="51.4888800" lon="-0.2382530">
    <ele>3.9</ele>
    <time>2026-06-19T18:20:22Z</time>
   </trkpt>
   <trkpt lat="51.4888840" lon="-0.2382370">
    <ele>3.9</ele>
    <time>2026-06-19T18:20:23Z</time>
   </trkpt>
   <trkpt lat="51.4888800" lon="-0.2382120">
    <ele>3.9</ele>
    <time>2026-06-19T18:20:24Z</time>
   </trkpt>
   <trkpt lat="51.4888800" lon="-0.2381990">
    <ele>3.9</ele>
    <time>2026-06-19T18:20:25Z</time>
   </trkpt>
   <trkpt lat="51.4888800" lon="-0.2381880">
    <ele>3.9</ele>
    <time>2026-06-19T18:20:26Z</time>
   </trkpt>
   <trkpt lat="51.4888830" lon="-0.2381680">
    <ele>3.9</ele>
    <time>2026-06-19T18:20:27Z</time>
   </trkpt>
   <trkpt lat="51.4888830" lon="-0.2381530">
    <ele>3.9</ele>
    <time>2026-06-19T18:20:28Z</time>
   </trkpt>
   <trkpt lat="51.4888820" lon="-0.2381390">
    <ele>3.9</ele>
    <time>2026-06-19T18:20:29Z</time>
   </trkpt>
   <trkpt lat="51.4888860" lon="-0.2381200">
    <ele>3.9</ele>
    <time>2026-06-19T18:20:30Z</time>
   </trkpt>
   <trkpt lat="51.4888870" lon="-0.2381010">
    <ele>3.9</ele>
    <time>2026-06-19T18:20:31Z</time>
   </trkpt>
   <trkpt lat="51.4888920" lon="-0.2380830">
    <ele>3.9</ele>
    <time>2026-06-19T18:20:32Z</time>
   </trkpt>
   <trkpt lat="51.4888920" lon="-0.2380690">
    <ele>3.9</ele>
    <time>2026-06-19T18:20:33Z</time>
   </trkpt>
   <trkpt lat="51.4888920" lon="-0.2380420">
    <ele>3.9</ele>
    <time>2026-06-19T18:20:34Z</time>
   </trkpt>
   <trkpt lat="51.4888890" lon="-0.2380220">
    <ele>3.9</ele>
    <time>2026-06-19T18:20:35Z</time>
   </trkpt>
   <trkpt lat="51.4888910" lon="-0.2379980">
    <ele>3.9</ele>
    <time>2026-06-19T18:20:36Z</time>
   </trkpt>
   <trkpt lat="51.4888920" lon="-0.2379790">
    <ele>3.9</ele>
    <time>2026-06-19T18:20:37Z</time>
   </trkpt>
   <trkpt lat="51.4888910" lon="-0.2379450">
    <ele>3.9</ele>
    <time>2026-06-19T18:20:38Z</time>
   </trkpt>
   <trkpt lat="51.4888900" lon="-0.2379320">
    <ele>3.9</ele>
    <time>2026-06-19T18:20:39Z</time>
   </trkpt>
   <trkpt lat="51.4888880" lon="-0.2379180">
    <ele>3.9</ele>
    <time>2026-06-19T18:20:40Z</time>
   </trkpt>
   <trkpt lat="51.4888860" lon="-0.2379020">
    <ele>3.9</ele>
    <time>2026-06-19T18:20:41Z</time>
   </trkpt>
   <trkpt lat="51.4888840" lon="-0.2378860">
    <ele>3.9</ele>
    <time>2026-06-19T18:20:42Z</time>
   </trkpt>
   <trkpt lat="51.4888840" lon="-0.2378640">
    <ele>3.9</ele>
    <time>2026-06-19T18:20:43Z</time>
   </trkpt>
   <trkpt lat="51.4888890" lon="-0.2378310">
    <ele>3.9</ele>
    <time>2026-06-19T18:20:44Z</time>
   </trkpt>
   <trkpt lat="51.4888900" lon="-0.2378150">
    <ele>3.9</ele>
    <time>2026-06-19T18:20:45Z</time>
   </trkpt>
   <trkpt lat="51.4888910" lon="-0.2378000">
    <ele>3.9</ele>
    <time>2026-06-19T18:20:46Z</time>
   </trkpt>
   <trkpt lat="51.4888840" lon="-0.2377790">
    <ele>3.9</ele>
    <time>2026-06-19T18:20:47Z</time>
   </trkpt>
   <trkpt lat="51.4888830" lon="-0.2377580">
    <ele>3.9</ele>
    <time>2026-06-19T18:20:48Z</time>
   </trkpt>
   <trkpt lat="51.4888870" lon="-0.2377310">
    <ele>3.9</ele>
    <time>2026-06-19T18:20:49Z</time>
   </trkpt>
   <trkpt lat="51.4888890" lon="-0.2377090">
    <ele>3.9</ele>
    <time>2026-06-19T18:20:50Z</time>
   </trkpt>
   <trkpt lat="51.4888880" lon="-0.2376820">
    <ele>3.9</ele>
    <time>2026-06-19T18:20:51Z</time>
   </trkpt>
   <trkpt lat="51.4888910" lon="-0.2376630">
    <ele>3.9</ele>
    <time>2026-06-19T18:20:52Z</time>
   </trkpt>
   <trkpt lat="51.4888950" lon="-0.2376420">
    <ele>3.9</ele>
    <time>2026-06-19T18:20:53Z</time>
   </trkpt>
   <trkpt lat="51.4889020" lon="-0.2376190">
    <ele>3.9</ele>
    <time>2026-06-19T18:20:54Z</time>
   </trkpt>
   <trkpt lat="51.4889090" lon="-0.2375880">
    <ele>3.9</ele>
    <time>2026-06-19T18:20:55Z</time>
   </trkpt>
   <trkpt lat="51.4889110" lon="-0.2375740">
    <ele>3.9</ele>
    <time>2026-06-19T18:20:56Z</time>
   </trkpt>
   <trkpt lat="51.4889140" lon="-0.2375600">
    <ele>3.9</ele>
    <time>2026-06-19T18:20:57Z</time>
   </trkpt>
   <trkpt lat="51.4889210" lon="-0.2375390">
    <ele>3.9</ele>
    <time>2026-06-19T18:20:58Z</time>
   </trkpt>
   <trkpt lat="51.4889230" lon="-0.2375190">
    <ele>3.9</ele>
    <time>2026-06-19T18:20:59Z</time>
   </trkpt>
   <trkpt lat="51.4889260" lon="-0.2374970">
    <ele>3.9</ele>
    <time>2026-06-19T18:21:00Z</time>
   </trkpt>
   <trkpt lat="51.4889320" lon="-0.2374760">
    <ele>3.9</ele>
    <time>2026-06-19T18:21:01Z</time>
   </trkpt>
   <trkpt lat="51.4889370" lon="-0.2374580">
    <ele>3.9</ele>
    <time>2026-06-19T18:21:02Z</time>
   </trkpt>
   <trkpt lat="51.4889390" lon="-0.2374370">
    <ele>3.9</ele>
    <time>2026-06-19T18:21:03Z</time>
   </trkpt>
   <trkpt lat="51.4889400" lon="-0.2374180">
    <ele>3.9</ele>
    <time>2026-06-19T18:21:04Z</time>
   </trkpt>
   <trkpt lat="51.4889400" lon="-0.2373860">
    <ele>3.9</ele>
    <time>2026-06-19T18:21:05Z</time>
   </trkpt>
   <trkpt lat="51.4889390" lon="-0.2373720">
    <ele>3.9</ele>
    <time>2026-06-19T18:21:06Z</time>
   </trkpt>
   <trkpt lat="51.4889380" lon="-0.2373580">
    <ele>3.9</ele>
    <time>2026-06-19T18:21:07Z</time>
   </trkpt>
   <trkpt lat="51.4889360" lon="-0.2373330">
    <ele>3.9</ele>
    <time>2026-06-19T18:21:08Z</time>
   </trkpt>
   <trkpt lat="51.4889380" lon="-0.2373100">
    <ele>3.9</ele>
    <time>2026-06-19T18:21:09Z</time>
   </trkpt>
   <trkpt lat="51.4889380" lon="-0.2372900">
    <ele>3.9</ele>
    <time>2026-06-19T18:21:10Z</time>
   </trkpt>
   <trkpt lat="51.4889370" lon="-0.2372720">
    <ele>3.9</ele>
    <time>2026-06-19T18:21:11Z</time>
   </trkpt>
   <trkpt lat="51.4889360" lon="-0.2372540">
    <ele>3.9</ele>
    <time>2026-06-19T18:21:12Z</time>
   </trkpt>
   <trkpt lat="51.4889410" lon="-0.2372350">
    <ele>3.9</ele>
    <time>2026-06-19T18:21:13Z</time>
   </trkpt>
   <trkpt lat="51.4889440" lon="-0.2372180">
    <ele>3.9</ele>
    <time>2026-06-19T18:21:14Z</time>
   </trkpt>
   <trkpt lat="51.4889440" lon="-0.2371990">
    <ele>3.9</ele>
    <time>2026-06-19T18:21:15Z</time>
   </trkpt>
   <trkpt lat="51.4889440" lon="-0.2371820">
    <ele>3.9</ele>
    <time>2026-06-19T18:21:16Z</time>
   </trkpt>
   <trkpt lat="51.4889420" lon="-0.2371660">
    <ele>3.9</ele>
    <time>2026-06-19T18:21:17Z</time>
   </trkpt>
   <trkpt lat="51.4889400" lon="-0.2371500">
    <ele>3.9</ele>
    <time>2026-06-19T18:21:18Z</time>
   </trkpt>
   <trkpt lat="51.4889370" lon="-0.2371270">
    <ele>3.9</ele>
    <time>2026-06-19T18:21:19Z</time>
   </trkpt>
   <trkpt lat="51.4889340" lon="-0.2371050">
    <ele>3.9</ele>
    <time>2026-06-19T18:21:20Z</time>
   </trkpt>
   <trkpt lat="51.4889330" lon="-0.2370910">
    <ele>3.9</ele>
    <time>2026-06-19T18:21:21Z</time>
   </trkpt>
   <trkpt lat="51.4889310" lon="-0.2370750">
    <ele>3.9</ele>
    <time>2026-06-19T18:21:22Z</time>
   </trkpt>
   <trkpt lat="51.4889270" lon="-0.2370710">
    <ele>3.9</ele>
    <time>2026-06-19T18:21:23Z</time>
   </trkpt>
   <trkpt lat="51.4889190" lon="-0.2370570">
    <ele>3.9</ele>
    <time>2026-06-19T18:21:24Z</time>
   </trkpt>
   <trkpt lat="51.4889180" lon="-0.2370010">
    <ele>3.9</ele>
    <time>2026-06-19T18:21:25Z</time>
   </trkpt>
   <trkpt lat="51.4889170" lon="-0.2369850">
    <ele>3.9</ele>
    <time>2026-06-19T18:21:26Z</time>
   </trkpt>
   <trkpt lat="51.4889210" lon="-0.2369530">
    <ele>3.9</ele>
    <time>2026-06-19T18:21:27Z</time>
   </trkpt>
   <trkpt lat="51.4889200" lon="-0.2369280">
    <ele>3.9</ele>
    <time>2026-06-19T18:21:28Z</time>
   </trkpt>
   <trkpt lat="51.4889240" lon="-0.2368930">
    <ele>3.9</ele>
    <time>2026-06-19T18:21:29Z</time>
   </trkpt>
   <trkpt lat="51.4889220" lon="-0.2368720">
    <ele>3.9</ele>
    <time>2026-06-19T18:21:30Z</time>
   </trkpt>
   <trkpt lat="51.4889180" lon="-0.2368390">
    <ele>3.9</ele>
    <time>2026-06-19T18:21:31Z</time>
   </trkpt>
   <trkpt lat="51.4889180" lon="-0.2368240">
    <ele>3.9</ele>
    <time>2026-06-19T18:21:32Z</time>
   </trkpt>
   <trkpt lat="51.4889180" lon="-0.2368090">
    <ele>3.9</ele>
    <time>2026-06-19T18:21:33Z</time>
   </trkpt>
   <trkpt lat="51.4889240" lon="-0.2367570">
    <ele>3.9</ele>
    <time>2026-06-19T18:21:34Z</time>
   </trkpt>
   <trkpt lat="51.4889240" lon="-0.2367450">
    <ele>3.9</ele>
    <time>2026-06-19T18:21:35Z</time>
   </trkpt>
   <trkpt lat="51.4889270" lon="-0.2367200">
    <ele>3.9</ele>
    <time>2026-06-19T18:21:36Z</time>
   </trkpt>
   <trkpt lat="51.4889230" lon="-0.2366940">
    <ele>3.9</ele>
    <time>2026-06-19T18:21:37Z</time>
   </trkpt>
   <trkpt lat="51.4889250" lon="-0.2366690">
    <ele>3.9</ele>
    <time>2026-06-19T18:21:38Z</time>
   </trkpt>
   <trkpt lat="51.4889290" lon="-0.2366380">
    <ele>3.9</ele>
    <time>2026-06-19T18:21:39Z</time>
   </trkpt>
   <trkpt lat="51.4889270" lon="-0.2366130">
    <ele>3.9</ele>
    <time>2026-06-19T18:21:40Z</time>
   </trkpt>
   <trkpt lat="51.4889280" lon="-0.2365900">
    <ele>3.9</ele>
    <time>2026-06-19T18:21:41Z</time>
   </trkpt>
   <trkpt lat="51.4889330" lon="-0.2365540">
    <ele>3.9</ele>
    <time>2026-06-19T18:21:42Z</time>
   </trkpt>
   <trkpt lat="51.4889320" lon="-0.2365390">
    <ele>3.9</ele>
    <time>2026-06-19T18:21:43Z</time>
   </trkpt>
   <trkpt lat="51.4889310" lon="-0.2365250">
    <ele>3.9</ele>
    <time>2026-06-19T18:21:44Z</time>
   </trkpt>
   <trkpt lat="51.4889250" lon="-0.2364950">
    <ele>3.9</ele>
    <time>2026-06-19T18:21:45Z</time>
   </trkpt>
   <trkpt lat="51.4889230" lon="-0.2364810">
    <ele>3.9</ele>
    <time>2026-06-19T18:21:46Z</time>
   </trkpt>
   <trkpt lat="51.4889210" lon="-0.2364680">
    <ele>3.9</ele>
    <time>2026-06-19T18:21:47Z</time>
   </trkpt>
   <trkpt lat="51.4889180" lon="-0.2364410">
    <ele>3.9</ele>
    <time>2026-06-19T18:21:48Z</time>
   </trkpt>
   <trkpt lat="51.4889110" lon="-0.2364200">
    <ele>3.9</ele>
    <time>2026-06-19T18:21:49Z</time>
   </trkpt>
   <trkpt lat="51.4889110" lon="-0.2363980">
    <ele>3.9</ele>
    <time>2026-06-19T18:21:50Z</time>
   </trkpt>
   <trkpt lat="51.4889080" lon="-0.2363880">
    <ele>3.9</ele>
    <time>2026-06-19T18:21:51Z</time>
   </trkpt>
   <trkpt lat="51.4889050" lon="-0.2363640">
    <ele>3.9</ele>
    <time>2026-06-19T18:21:52Z</time>
   </trkpt>
   <trkpt lat="51.4889070" lon="-0.2363330">
    <ele>3.9</ele>
    <time>2026-06-19T18:21:53Z</time>
   </trkpt>
   <trkpt lat="51.4889050" lon="-0.2363110">
    <ele>3.9</ele>
    <time>2026-06-19T18:21:54Z</time>
   </trkpt>
   <trkpt lat="51.4888990" lon="-0.2362950">
    <ele>3.9</ele>
    <time>2026-06-19T18:21:55Z</time>
   </trkpt>
   <trkpt lat="51.4888960" lon="-0.2362770">
    <ele>3.9</ele>
    <time>2026-06-19T18:21:56Z</time>
   </trkpt>
   <trkpt lat="51.4888930" lon="-0.2362620">
    <ele>3.9</ele>
    <time>2026-06-19T18:21:57Z</time>
   </trkpt>
   <trkpt lat="51.4888920" lon="-0.2362360">
    <ele>3.9</ele>
    <time>2026-06-19T18:21:58Z</time>
   </trkpt>
   <trkpt lat="51.4888890" lon="-0.2362160">
    <ele>3.9</ele>
    <time>2026-06-19T18:21:59Z</time>
   </trkpt>
   <trkpt lat="51.4888830" lon="-0.2361820">
    <ele>3.9</ele>
    <time>2026-06-19T18:22:00Z</time>
   </trkpt>
   <trkpt lat="51.4888820" lon="-0.2361680">
    <ele>3.9</ele>
    <time>2026-06-19T18:22:01Z</time>
   </trkpt>
   <trkpt lat="51.4888820" lon="-0.2361550">
    <ele>3.9</ele>
    <time>2026-06-19T18:22:02Z</time>
   </trkpt>
   <trkpt lat="51.4888860" lon="-0.2361290">
    <ele>3.9</ele>
    <time>2026-06-19T18:22:03Z</time>
   </trkpt>
   <trkpt lat="51.4888860" lon="-0.2361040">
    <ele>3.9</ele>
    <time>2026-06-19T18:22:04Z</time>
   </trkpt>
   <trkpt lat="51.4888880" lon="-0.2360740">
    <ele>3.9</ele>
    <time>2026-06-19T18:22:05Z</time>
   </trkpt>
   <trkpt lat="51.4888940" lon="-0.2360490">
    <ele>3.9</ele>
    <time>2026-06-19T18:22:06Z</time>
   </trkpt>
   <trkpt lat="51.4889000" lon="-0.2360260">
    <ele>3.9</ele>
    <time>2026-06-19T18:22:07Z</time>
   </trkpt>
   <trkpt lat="51.4889050" lon="-0.2359970">
    <ele>3.9</ele>
    <time>2026-06-19T18:22:08Z</time>
   </trkpt>
   <trkpt lat="51.4889060" lon="-0.2359720">
    <ele>3.8</ele>
    <time>2026-06-19T18:22:09Z</time>
   </trkpt>
   <trkpt lat="51.4889070" lon="-0.2359430">
    <ele>3.8</ele>
    <time>2026-06-19T18:22:10Z</time>
   </trkpt>
   <trkpt lat="51.4889070" lon="-0.2359170">
    <ele>3.8</ele>
    <time>2026-06-19T18:22:11Z</time>
   </trkpt>
   <trkpt lat="51.4889100" lon="-0.2358860">
    <ele>3.8</ele>
    <time>2026-06-19T18:22:12Z</time>
   </trkpt>
   <trkpt lat="51.4889080" lon="-0.2358630">
    <ele>3.8</ele>
    <time>2026-06-19T18:22:13Z</time>
   </trkpt>
   <trkpt lat="51.4889060" lon="-0.2358380">
    <ele>3.8</ele>
    <time>2026-06-19T18:22:14Z</time>
   </trkpt>
   <trkpt lat="51.4889050" lon="-0.2358150">
    <ele>3.8</ele>
    <time>2026-06-19T18:22:15Z</time>
   </trkpt>
   <trkpt lat="51.4889050" lon="-0.2357930">
    <ele>3.8</ele>
    <time>2026-06-19T18:22:16Z</time>
   </trkpt>
   <trkpt lat="51.4889010" lon="-0.2357700">
    <ele>3.8</ele>
    <time>2026-06-19T18:22:17Z</time>
   </trkpt>
   <trkpt lat="51.4888990" lon="-0.2357470">
    <ele>3.8</ele>
    <time>2026-06-19T18:22:18Z</time>
   </trkpt>
   <trkpt lat="51.4888900" lon="-0.2357160">
    <ele>3.8</ele>
    <time>2026-06-19T18:22:19Z</time>
   </trkpt>
   <trkpt lat="51.4888880" lon="-0.2357030">
    <ele>3.7</ele>
    <time>2026-06-19T18:22:20Z</time>
   </trkpt>
   <trkpt lat="51.4888850" lon="-0.2356900">
    <ele>3.7</ele>
    <time>2026-06-19T18:22:21Z</time>
   </trkpt>
   <trkpt lat="51.4888860" lon="-0.2356610">
    <ele>3.7</ele>
    <time>2026-06-19T18:22:22Z</time>
   </trkpt>
   <trkpt lat="51.4888840" lon="-0.2356360">
    <ele>3.7</ele>
    <time>2026-06-19T18:22:23Z</time>
   </trkpt>
   <trkpt lat="51.4888790" lon="-0.2356030">
    <ele>3.7</ele>
    <time>2026-06-19T18:22:24Z</time>
   </trkpt>
   <trkpt lat="51.4888770" lon="-0.2355910">
    <ele>3.7</ele>
    <time>2026-06-19T18:22:25Z</time>
   </trkpt>
   <trkpt lat="51.4888750" lon="-0.2355800">
    <ele>3.7</ele>
    <time>2026-06-19T18:22:26Z</time>
   </trkpt>
   <trkpt lat="51.4888720" lon="-0.2355570">
    <ele>3.7</ele>
    <time>2026-06-19T18:22:27Z</time>
   </trkpt>
   <trkpt lat="51.4888710" lon="-0.2355360">
    <ele>3.7</ele>
    <time>2026-06-19T18:22:28Z</time>
   </trkpt>
   <trkpt lat="51.4888680" lon="-0.2355100">
    <ele>3.7</ele>
    <time>2026-06-19T18:22:29Z</time>
   </trkpt>
   <trkpt lat="51.4888640" lon="-0.2354840">
    <ele>3.7</ele>
    <time>2026-06-19T18:22:30Z</time>
   </trkpt>
   <trkpt lat="51.4888630" lon="-0.2354470">
    <ele>3.7</ele>
    <time>2026-06-19T18:22:31Z</time>
   </trkpt>
   <trkpt lat="51.4888620" lon="-0.2354340">
    <ele>3.7</ele>
    <time>2026-06-19T18:22:32Z</time>
   </trkpt>
   <trkpt lat="51.4888610" lon="-0.2354200">
    <ele>3.7</ele>
    <time>2026-06-19T18:22:33Z</time>
   </trkpt>
   <trkpt lat="51.4888550" lon="-0.2353870">
    <ele>3.7</ele>
    <time>2026-06-19T18:22:34Z</time>
   </trkpt>
   <trkpt lat="51.4888530" lon="-0.2353730">
    <ele>3.8</ele>
    <time>2026-06-19T18:22:35Z</time>
   </trkpt>
   <trkpt lat="51.4888520" lon="-0.2353590">
    <ele>3.8</ele>
    <time>2026-06-19T18:22:36Z</time>
   </trkpt>
   <trkpt lat="51.4888520" lon="-0.2353390">
    <ele>3.8</ele>
    <time>2026-06-19T18:22:37Z</time>
   </trkpt>
   <trkpt lat="51.4888490" lon="-0.2353230">
    <ele>3.8</ele>
    <time>2026-06-19T18:22:38Z</time>
   </trkpt>
   <trkpt lat="51.4888440" lon="-0.2353070">
    <ele>3.8</ele>
    <time>2026-06-19T18:22:39Z</time>
   </trkpt>
   <trkpt lat="51.4888400" lon="-0.2352910">
    <ele>3.8</ele>
    <time>2026-06-19T18:22:40Z</time>
   </trkpt>
   <trkpt lat="51.4888360" lon="-0.2352760">
    <ele>3.8</ele>
    <time>2026-06-19T18:22:41Z</time>
   </trkpt>
   <trkpt lat="51.4888370" lon="-0.2352560">
    <ele>3.8</ele>
    <time>2026-06-19T18:22:42Z</time>
   </trkpt>
   <trkpt lat="51.4888360" lon="-0.2352220">
    <ele>3.8</ele>
    <time>2026-06-19T18:22:43Z</time>
   </trkpt>
   <trkpt lat="51.4888350" lon="-0.2352070">
    <ele>3.8</ele>
    <time>2026-06-19T18:22:44Z</time>
   </trkpt>
   <trkpt lat="51.4888350" lon="-0.2351930">
    <ele>3.8</ele>
    <time>2026-06-19T18:22:45Z</time>
   </trkpt>
   <trkpt lat="51.4888360" lon="-0.2351580">
    <ele>3.8</ele>
    <time>2026-06-19T18:22:46Z</time>
   </trkpt>
   <trkpt lat="51.4888370" lon="-0.2351440">
    <ele>3.8</ele>
    <time>2026-06-19T18:22:47Z</time>
   </trkpt>
   <trkpt lat="51.4888370" lon="-0.2351310">
    <ele>3.8</ele>
    <time>2026-06-19T18:22:48Z</time>
   </trkpt>
   <trkpt lat="51.4888360" lon="-0.2351080">
    <ele>3.8</ele>
    <time>2026-06-19T18:22:49Z</time>
   </trkpt>
   <trkpt lat="51.4888320" lon="-0.2350830">
    <ele>3.8</ele>
    <time>2026-06-19T18:22:50Z</time>
   </trkpt>
   <trkpt lat="51.4888250" lon="-0.2350620">
    <ele>3.8</ele>
    <time>2026-06-19T18:22:51Z</time>
   </trkpt>
   <trkpt lat="51.4888220" lon="-0.2350390">
    <ele>3.8</ele>
    <time>2026-06-19T18:22:52Z</time>
   </trkpt>
   <trkpt lat="51.4888160" lon="-0.2350200">
    <ele>3.8</ele>
    <time>2026-06-19T18:22:53Z</time>
   </trkpt>
   <trkpt lat="51.4888160" lon="-0.2349970">
    <ele>3.8</ele>
    <time>2026-06-19T18:22:54Z</time>
   </trkpt>
   <trkpt lat="51.4888150" lon="-0.2349760">
    <ele>3.8</ele>
    <time>2026-06-19T18:22:55Z</time>
   </trkpt>
   <trkpt lat="51.4888160" lon="-0.2349520">
    <ele>3.8</ele>
    <time>2026-06-19T18:22:56Z</time>
   </trkpt>
   <trkpt lat="51.4888160" lon="-0.2349250">
    <ele>3.8</ele>
    <time>2026-06-19T18:22:57Z</time>
   </trkpt>
   <trkpt lat="51.4888120" lon="-0.2348990">
    <ele>3.8</ele>
    <time>2026-06-19T18:22:58Z</time>
   </trkpt>
   <trkpt lat="51.4888070" lon="-0.2348770">
    <ele>3.8</ele>
    <time>2026-06-19T18:22:59Z</time>
   </trkpt>
   <trkpt lat="51.4888060" lon="-0.2348500">
    <ele>3.8</ele>
    <time>2026-06-19T18:23:00Z</time>
   </trkpt>
   <trkpt lat="51.4888040" lon="-0.2348280">
    <ele>3.8</ele>
    <time>2026-06-19T18:23:01Z</time>
   </trkpt>
   <trkpt lat="51.4888010" lon="-0.2348080">
    <ele>3.8</ele>
    <time>2026-06-19T18:23:02Z</time>
   </trkpt>
   <trkpt lat="51.4888020" lon="-0.2347710">
    <ele>3.8</ele>
    <time>2026-06-19T18:23:03Z</time>
   </trkpt>
   <trkpt lat="51.4887980" lon="-0.2347580">
    <ele>3.8</ele>
    <time>2026-06-19T18:23:04Z</time>
   </trkpt>
   <trkpt lat="51.4887950" lon="-0.2347450">
    <ele>3.8</ele>
    <time>2026-06-19T18:23:05Z</time>
   </trkpt>
   <trkpt lat="51.4887950" lon="-0.2347220">
    <ele>3.8</ele>
    <time>2026-06-19T18:23:06Z</time>
   </trkpt>
   <trkpt lat="51.4887940" lon="-0.2346990">
    <ele>3.8</ele>
    <time>2026-06-19T18:23:07Z</time>
   </trkpt>
   <trkpt lat="51.4887930" lon="-0.2346780">
    <ele>3.8</ele>
    <time>2026-06-19T18:23:08Z</time>
   </trkpt>
   <trkpt lat="51.4887920" lon="-0.2346540">
    <ele>3.8</ele>
    <time>2026-06-19T18:23:09Z</time>
   </trkpt>
   <trkpt lat="51.4887880" lon="-0.2346220">
    <ele>3.8</ele>
    <time>2026-06-19T18:23:10Z</time>
   </trkpt>
   <trkpt lat="51.4887860" lon="-0.2346080">
    <ele>3.8</ele>
    <time>2026-06-19T18:23:11Z</time>
   </trkpt>
   <trkpt lat="51.4887840" lon="-0.2345950">
    <ele>3.8</ele>
    <time>2026-06-19T18:23:12Z</time>
   </trkpt>
   <trkpt lat="51.4887770" lon="-0.2345620">
    <ele>3.8</ele>
    <time>2026-06-19T18:23:13Z</time>
   </trkpt>
   <trkpt lat="51.4887750" lon="-0.2345480">
    <ele>3.8</ele>
    <time>2026-06-19T18:23:14Z</time>
   </trkpt>
   <trkpt lat="51.4887720" lon="-0.2345350">
    <ele>3.8</ele>
    <time>2026-06-19T18:23:15Z</time>
   </trkpt>
   <trkpt lat="51.4887640" lon="-0.2345150">
    <ele>3.8</ele>
    <time>2026-06-19T18:23:16Z</time>
   </trkpt>
   <trkpt lat="51.4887580" lon="-0.2344960">
    <ele>3.8</ele>
    <time>2026-06-19T18:23:17Z</time>
   </trkpt>
   <trkpt lat="51.4887570" lon="-0.2344720">
    <ele>3.8</ele>
    <time>2026-06-19T18:23:18Z</time>
   </trkpt>
   <trkpt lat="51.4887580" lon="-0.2344480">
    <ele>3.8</ele>
    <time>2026-06-19T18:23:19Z</time>
   </trkpt>
   <trkpt lat="51.4887530" lon="-0.2344280">
    <ele>3.8</ele>
    <time>2026-06-19T18:23:20Z</time>
   </trkpt>
   <trkpt lat="51.4887520" lon="-0.2344040">
    <ele>3.8</ele>
    <time>2026-06-19T18:23:21Z</time>
   </trkpt>
   <trkpt lat="51.4887500" lon="-0.2343830">
    <ele>3.8</ele>
    <time>2026-06-19T18:23:22Z</time>
   </trkpt>
   <trkpt lat="51.4887520" lon="-0.2343560">
    <ele>3.8</ele>
    <time>2026-06-19T18:23:23Z</time>
   </trkpt>
   <trkpt lat="51.4887470" lon="-0.2343340">
    <ele>3.8</ele>
    <time>2026-06-19T18:23:24Z</time>
   </trkpt>
   <trkpt lat="51.4887460" lon="-0.2343110">
    <ele>3.8</ele>
    <time>2026-06-19T18:23:25Z</time>
   </trkpt>
   <trkpt lat="51.4887380" lon="-0.2342780">
    <ele>3.8</ele>
    <time>2026-06-19T18:23:26Z</time>
   </trkpt>
   <trkpt lat="51.4887360" lon="-0.2342640">
    <ele>3.8</ele>
    <time>2026-06-19T18:23:27Z</time>
   </trkpt>
   <trkpt lat="51.4887330" lon="-0.2342500">
    <ele>3.8</ele>
    <time>2026-06-19T18:23:28Z</time>
   </trkpt>
   <trkpt lat="51.4887290" lon="-0.2342150">
    <ele>3.8</ele>
    <time>2026-06-19T18:23:29Z</time>
   </trkpt>
   <trkpt lat="51.4887280" lon="-0.2342020">
    <ele>3.8</ele>
    <time>2026-06-19T18:23:30Z</time>
   </trkpt>
   <trkpt lat="51.4887270" lon="-0.2341880">
    <ele>3.8</ele>
    <time>2026-06-19T18:23:31Z</time>
   </trkpt>
   <trkpt lat="51.4887240" lon="-0.2341670">
    <ele>3.8</ele>
    <time>2026-06-19T18:23:32Z</time>
   </trkpt>
   <trkpt lat="51.4887190" lon="-0.2341460">
    <ele>3.8</ele>
    <time>2026-06-19T18:23:33Z</time>
   </trkpt>
   <trkpt lat="51.4887160" lon="-0.2341240">
    <ele>3.8</ele>
    <time>2026-06-19T18:23:34Z</time>
   </trkpt>
   <trkpt lat="51.4887090" lon="-0.2341040">
    <ele>3.8</ele>
    <time>2026-06-19T18:23:35Z</time>
   </trkpt>
   <trkpt lat="51.4887040" lon="-0.2340840">
    <ele>3.8</ele>
    <time>2026-06-19T18:23:36Z</time>
   </trkpt>
   <trkpt lat="51.4887010" lon="-0.2340620">
    <ele>3.8</ele>
    <time>2026-06-19T18:23:37Z</time>
   </trkpt>
   <trkpt lat="51.4886940" lon="-0.2340420">
    <ele>3.8</ele>
    <time>2026-06-19T18:23:38Z</time>
   </trkpt>
   <trkpt lat="51.4886850" lon="-0.2340250">
    <ele>3.8</ele>
    <time>2026-06-19T18:23:39Z</time>
   </trkpt>
   <trkpt lat="51.4886830" lon="-0.2340020">
    <ele>3.8</ele>
    <time>2026-06-19T18:23:40Z</time>
   </trkpt>
   <trkpt lat="51.4886780" lon="-0.2339810">
    <ele>3.8</ele>
    <time>2026-06-19T18:23:41Z</time>
   </trkpt>
   <trkpt lat="51.4886770" lon="-0.2339580">
    <ele>3.8</ele>
    <time>2026-06-19T18:23:42Z</time>
   </trkpt>
   <trkpt lat="51.4886690" lon="-0.2339400">
    <ele>3.8</ele>
    <time>2026-06-19T18:23:43Z</time>
   </trkpt>
   <trkpt lat="51.4886640" lon="-0.2339180">
    <ele>3.8</ele>
    <time>2026-06-19T18:23:44Z</time>
   </trkpt>
   <trkpt lat="51.4886590" lon="-0.2338980">
    <ele>3.9</ele>
    <time>2026-06-19T18:23:45Z</time>
   </trkpt>
   <trkpt lat="51.4886500" lon="-0.2338670">
    <ele>3.9</ele>
    <time>2026-06-19T18:23:46Z</time>
   </trkpt>
   <trkpt lat="51.4886470" lon="-0.2338540">
    <ele>3.9</ele>
    <time>2026-06-19T18:23:47Z</time>
   </trkpt>
   <trkpt lat="51.4886430" lon="-0.2338420">
    <ele>3.9</ele>
    <time>2026-06-19T18:23:48Z</time>
   </trkpt>
   <trkpt lat="51.4886350" lon="-0.2338270">
    <ele>3.9</ele>
    <time>2026-06-19T18:23:49Z</time>
   </trkpt>
   <trkpt lat="51.4886280" lon="-0.2338130">
    <ele>3.9</ele>
    <time>2026-06-19T18:23:50Z</time>
   </trkpt>
   <trkpt lat="51.4886270" lon="-0.2338010">
    <ele>3.9</ele>
    <time>2026-06-19T18:23:51Z</time>
   </trkpt>
   <trkpt lat="51.4886210" lon="-0.2337670">
    <ele>3.9</ele>
    <time>2026-06-19T18:23:52Z</time>
   </trkpt>
   <trkpt lat="51.4886200" lon="-0.2337530">
    <ele>3.9</ele>
    <time>2026-06-19T18:23:53Z</time>
   </trkpt>
   <trkpt lat="51.4886190" lon="-0.2337390">
    <ele>3.9</ele>
    <time>2026-06-19T18:23:54Z</time>
   </trkpt>
   <trkpt lat="51.4886100" lon="-0.2337180">
    <ele>3.9</ele>
    <time>2026-06-19T18:23:55Z</time>
   </trkpt>
   <trkpt lat="51.4886020" lon="-0.2337020">
    <ele>3.9</ele>
    <time>2026-06-19T18:23:56Z</time>
   </trkpt>
   <trkpt lat="51.4885990" lon="-0.2336860">
    <ele>3.9</ele>
    <time>2026-06-19T18:23:57Z</time>
   </trkpt>
   <trkpt lat="51.4886000" lon="-0.2336660">
    <ele>3.9</ele>
    <time>2026-06-19T18:23:58Z</time>
   </trkpt>
   <trkpt lat="51.4885980" lon="-0.2336500">
    <ele>3.9</ele>
    <time>2026-06-19T18:23:59Z</time>
   </trkpt>
   <trkpt lat="51.4885880" lon="-0.2336300">
    <ele>3.9</ele>
    <time>2026-06-19T18:24:00Z</time>
   </trkpt>
   <trkpt lat="51.4885790" lon="-0.2336120">
    <ele>3.9</ele>
    <time>2026-06-19T18:24:01Z</time>
   </trkpt>
   <trkpt lat="51.4885820" lon="-0.2335820">
    <ele>3.9</ele>
    <time>2026-06-19T18:24:02Z</time>
   </trkpt>
   <trkpt lat="51.4885790" lon="-0.2335560">
    <ele>3.9</ele>
    <time>2026-06-19T18:24:03Z</time>
   </trkpt>
   <trkpt lat="51.4885720" lon="-0.2335360">
    <ele>3.9</ele>
    <time>2026-06-19T18:24:04Z</time>
   </trkpt>
   <trkpt lat="51.4885680" lon="-0.2335180">
    <ele>3.9</ele>
    <time>2026-06-19T18:24:05Z</time>
   </trkpt>
   <trkpt lat="51.4885640" lon="-0.2335150">
    <ele>3.9</ele>
    <time>2026-06-19T18:24:06Z</time>
   </trkpt>
   <trkpt lat="51.4885580" lon="-0.2334970">
    <ele>3.9</ele>
    <time>2026-06-19T18:24:07Z</time>
   </trkpt>
   <trkpt lat="51.4885500" lon="-0.2334730">
    <ele>3.9</ele>
    <time>2026-06-19T18:24:08Z</time>
   </trkpt>
   <trkpt lat="51.4885420" lon="-0.2334540">
    <ele>3.9</ele>
    <time>2026-06-19T18:24:09Z</time>
   </trkpt>
   <trkpt lat="51.4885360" lon="-0.2334350">
    <ele>3.9</ele>
    <time>2026-06-19T18:24:10Z</time>
   </trkpt>
   <trkpt lat="51.4885300" lon="-0.2333990">
    <ele>3.9</ele>
    <time>2026-06-19T18:24:11Z</time>
   </trkpt>
   <trkpt lat="51.4885290" lon="-0.2333850">
    <ele>3.9</ele>
    <time>2026-06-19T18:24:12Z</time>
   </trkpt>
   <trkpt lat="51.4885280" lon="-0.2333710">
    <ele>3.9</ele>
    <time>2026-06-19T18:24:13Z</time>
   </trkpt>
   <trkpt lat="51.4885250" lon="-0.2333490">
    <ele>3.9</ele>
    <time>2026-06-19T18:24:14Z</time>
   </trkpt>
   <trkpt lat="51.4885190" lon="-0.2333260">
    <ele>3.9</ele>
    <time>2026-06-19T18:24:15Z</time>
   </trkpt>
   <trkpt lat="51.4885130" lon="-0.2333090">
    <ele>3.9</ele>
    <time>2026-06-19T18:24:16Z</time>
   </trkpt>
   <trkpt lat="51.4885090" lon="-0.2332850">
    <ele>3.9</ele>
    <time>2026-06-19T18:24:17Z</time>
   </trkpt>
   <trkpt lat="51.4884990" lon="-0.2332530">
    <ele>3.9</ele>
    <time>2026-06-19T18:24:18Z</time>
   </trkpt>
   <trkpt lat="51.4884960" lon="-0.2332410">
    <ele>3.9</ele>
    <time>2026-06-19T18:24:19Z</time>
   </trkpt>
   <trkpt lat="51.4884940" lon="-0.2332290">
    <ele>3.9</ele>
    <time>2026-06-19T18:24:20Z</time>
   </trkpt>
   <trkpt lat="51.4884870" lon="-0.2332080">
    <ele>3.9</ele>
    <time>2026-06-19T18:24:21Z</time>
   </trkpt>
   <trkpt lat="51.4884820" lon="-0.2331820">
    <ele>3.9</ele>
    <time>2026-06-19T18:24:22Z</time>
   </trkpt>
   <trkpt lat="51.4884780" lon="-0.2331630">
    <ele>3.9</ele>
    <time>2026-06-19T18:24:23Z</time>
   </trkpt>
   <trkpt lat="51.4884710" lon="-0.2331400">
    <ele>3.9</ele>
    <time>2026-06-19T18:24:24Z</time>
   </trkpt>
   <trkpt lat="51.4884620" lon="-0.2331250">
    <ele>3.9</ele>
    <time>2026-06-19T18:24:25Z</time>
   </trkpt>
   <trkpt lat="51.4884540" lon="-0.2331050">
    <ele>4.0</ele>
    <time>2026-06-19T18:24:26Z</time>
   </trkpt>
   <trkpt lat="51.4884490" lon="-0.2330840">
    <ele>4.0</ele>
    <time>2026-06-19T18:24:27Z</time>
   </trkpt>
   <trkpt lat="51.4884440" lon="-0.2330610">
    <ele>4.0</ele>
    <time>2026-06-19T18:24:28Z</time>
   </trkpt>
   <trkpt lat="51.4884440" lon="-0.2330350">
    <ele>4.0</ele>
    <time>2026-06-19T18:24:29Z</time>
   </trkpt>
   <trkpt lat="51.4884410" lon="-0.2330160">
    <ele>4.0</ele>
    <time>2026-06-19T18:24:30Z</time>
   </trkpt>
   <trkpt lat="51.4884360" lon="-0.2329980">
    <ele>4.0</ele>
    <time>2026-06-19T18:24:31Z</time>
   </trkpt>
   <trkpt lat="51.4884330" lon="-0.2329730">
    <ele>4.0</ele>
    <time>2026-06-19T18:24:32Z</time>
   </trkpt>
   <trkpt lat="51.4884210" lon="-0.2329440">
    <ele>4.0</ele>
    <time>2026-06-19T18:24:33Z</time>
   </trkpt>
   <trkpt lat="51.4884180" lon="-0.2329330">
    <ele>4.0</ele>
    <time>2026-06-19T18:24:34Z</time>
   </trkpt>
   <trkpt lat="51.4884140" lon="-0.2329210">
    <ele>4.0</ele>
    <time>2026-06-19T18:24:35Z</time>
   </trkpt>
   <trkpt lat="51.4884050" lon="-0.2328940">
    <ele>4.0</ele>
    <time>2026-06-19T18:24:36Z</time>
   </trkpt>
   <trkpt lat="51.4884030" lon="-0.2328790">
    <ele>4.0</ele>
    <time>2026-06-19T18:24:37Z</time>
   </trkpt>
   <trkpt lat="51.4884000" lon="-0.2328650">
    <ele>4.0</ele>
    <time>2026-06-19T18:24:38Z</time>
   </trkpt>
   <trkpt lat="51.4883970" lon="-0.2328480">
    <ele>4.0</ele>
    <time>2026-06-19T18:24:39Z</time>
   </trkpt>
   <trkpt lat="51.4884000" lon="-0.2328330">
    <ele>4.0</ele>
    <time>2026-06-19T18:24:40Z</time>
   </trkpt>
   <trkpt lat="51.4883910" lon="-0.2328160">
    <ele>4.0</ele>
    <time>2026-06-19T18:24:41Z</time>
   </trkpt>
   <trkpt lat="51.4883810" lon="-0.2327890">
    <ele>4.0</ele>
    <time>2026-06-19T18:24:42Z</time>
   </trkpt>
   <trkpt lat="51.4883770" lon="-0.2327750">
    <ele>4.0</ele>
    <time>2026-06-19T18:24:43Z</time>
   </trkpt>
   <trkpt lat="51.4883730" lon="-0.2327610">
    <ele>4.0</ele>
    <time>2026-06-19T18:24:44Z</time>
   </trkpt>
   <trkpt lat="51.4883650" lon="-0.2327440">
    <ele>4.0</ele>
    <time>2026-06-19T18:24:45Z</time>
   </trkpt>
   <trkpt lat="51.4883600" lon="-0.2327210">
    <ele>4.0</ele>
    <time>2026-06-19T18:24:46Z</time>
   </trkpt>
   <trkpt lat="51.4883570" lon="-0.2327050">
    <ele>4.0</ele>
    <time>2026-06-19T18:24:47Z</time>
   </trkpt>
   <trkpt lat="51.4883520" lon="-0.2326840">
    <ele>4.0</ele>
    <time>2026-06-19T18:24:48Z</time>
   </trkpt>
   <trkpt lat="51.4883460" lon="-0.2326740">
    <ele>4.0</ele>
    <time>2026-06-19T18:24:49Z</time>
   </trkpt>
   <trkpt lat="51.4883370" lon="-0.2326540">
    <ele>4.0</ele>
    <time>2026-06-19T18:24:50Z</time>
   </trkpt>
   <trkpt lat="51.4883310" lon="-0.2326330">
    <ele>4.0</ele>
    <time>2026-06-19T18:24:51Z</time>
   </trkpt>
   <trkpt lat="51.4883200" lon="-0.2326040">
    <ele>4.0</ele>
    <time>2026-06-19T18:24:52Z</time>
   </trkpt>
   <trkpt lat="51.4883170" lon="-0.2325920">
    <ele>4.0</ele>
    <time>2026-06-19T18:24:53Z</time>
   </trkpt>
   <trkpt lat="51.4883130" lon="-0.2325810">
    <ele>4.0</ele>
    <time>2026-06-19T18:24:54Z</time>
   </trkpt>
   <trkpt lat="51.4883060" lon="-0.2325600">
    <ele>4.0</ele>
    <time>2026-06-19T18:24:55Z</time>
   </trkpt>
   <trkpt lat="51.4882980" lon="-0.2325430">
    <ele>4.0</ele>
    <time>2026-06-19T18:24:56Z</time>
   </trkpt>
   <trkpt lat="51.4882950" lon="-0.2325230">
    <ele>4.0</ele>
    <time>2026-06-19T18:24:57Z</time>
   </trkpt>
   <trkpt lat="51.4882880" lon="-0.2325070">
    <ele>4.0</ele>
    <time>2026-06-19T18:24:58Z</time>
   </trkpt>
   <trkpt lat="51.4882840" lon="-0.2324940">
    <ele>4.0</ele>
    <time>2026-06-19T18:24:59Z</time>
   </trkpt>
   <trkpt lat="51.4882720" lon="-0.2324660">
    <ele>4.0</ele>
    <time>2026-06-19T18:25:00Z</time>
   </trkpt>
   <trkpt lat="51.4882670" lon="-0.2324520">
    <ele>4.0</ele>
    <time>2026-06-19T18:25:01Z</time>
   </trkpt>
   <trkpt lat="51.4882610" lon="-0.2324380">
    <ele>4.0</ele>
    <time>2026-06-19T18:25:02Z</time>
   </trkpt>
   <trkpt lat="51.4882570" lon="-0.2324160">
    <ele>4.0</ele>
    <time>2026-06-19T18:25:03Z</time>
   </trkpt>
   <trkpt lat="51.4882560" lon="-0.2323910">
    <ele>4.0</ele>
    <time>2026-06-19T18:25:04Z</time>
   </trkpt>
   <trkpt lat="51.4882490" lon="-0.2323670">
    <ele>4.0</ele>
    <time>2026-06-19T18:25:05Z</time>
   </trkpt>
   <trkpt lat="51.4882430" lon="-0.2323470">
    <ele>4.0</ele>
    <time>2026-06-19T18:25:06Z</time>
   </trkpt>
   <trkpt lat="51.4882330" lon="-0.2323170">
    <ele>4.0</ele>
    <time>2026-06-19T18:25:07Z</time>
   </trkpt>
   <trkpt lat="51.4882280" lon="-0.2323050">
    <ele>4.0</ele>
    <time>2026-06-19T18:25:08Z</time>
   </trkpt>
   <trkpt lat="51.4882240" lon="-0.2322940">
    <ele>4.0</ele>
    <time>2026-06-19T18:25:09Z</time>
   </trkpt>
   <trkpt lat="51.4882110" lon="-0.2322670">
    <ele>4.0</ele>
    <time>2026-06-19T18:25:10Z</time>
   </trkpt>
   <trkpt lat="51.4882080" lon="-0.2322530">
    <ele>4.0</ele>
    <time>2026-06-19T18:25:11Z</time>
   </trkpt>
   <trkpt lat="51.4882040" lon="-0.2322400">
    <ele>4.0</ele>
    <time>2026-06-19T18:25:12Z</time>
   </trkpt>
   <trkpt lat="51.4881930" lon="-0.2322120">
    <ele>4.0</ele>
    <time>2026-06-19T18:25:13Z</time>
   </trkpt>
   <trkpt lat="51.4881870" lon="-0.2322020">
    <ele>4.0</ele>
    <time>2026-06-19T18:25:14Z</time>
   </trkpt>
   <trkpt lat="51.4881820" lon="-0.2321920">
    <ele>4.0</ele>
    <time>2026-06-19T18:25:15Z</time>
   </trkpt>
   <trkpt lat="51.4881750" lon="-0.2321730">
    <ele>3.9</ele>
    <time>2026-06-19T18:25:16Z</time>
   </trkpt>
   <trkpt lat="51.4881720" lon="-0.2321540">
    <ele>3.9</ele>
    <time>2026-06-19T18:25:17Z</time>
   </trkpt>
   <trkpt lat="51.4881650" lon="-0.2321440">
    <ele>3.9</ele>
    <time>2026-06-19T18:25:18Z</time>
   </trkpt>
   <trkpt lat="51.4881540" lon="-0.2321290">
    <ele>3.9</ele>
    <time>2026-06-19T18:25:19Z</time>
   </trkpt>
   <trkpt lat="51.4881440" lon="-0.2321110">
    <ele>3.9</ele>
    <time>2026-06-19T18:25:20Z</time>
   </trkpt>
   <trkpt lat="51.4881340" lon="-0.2320910">
    <ele>3.9</ele>
    <time>2026-06-19T18:25:21Z</time>
   </trkpt>
   <trkpt lat="51.4881260" lon="-0.2320760">
    <ele>3.9</ele>
    <time>2026-06-19T18:25:22Z</time>
   </trkpt>
   <trkpt lat="51.4881180" lon="-0.2320610">
    <ele>3.9</ele>
    <time>2026-06-19T18:25:23Z</time>
   </trkpt>
   <trkpt lat="51.4881110" lon="-0.2320400">
    <ele>3.9</ele>
    <time>2026-06-19T18:25:24Z</time>
   </trkpt>
   <trkpt lat="51.4881060" lon="-0.2320210">
    <ele>3.9</ele>
    <time>2026-06-19T18:25:25Z</time>
   </trkpt>
   <trkpt lat="51.4880960" lon="-0.2320000">
    <ele>3.9</ele>
    <time>2026-06-19T18:25:26Z</time>
   </trkpt>
   <trkpt lat="51.4880830" lon="-0.2319810">
    <ele>3.9</ele>
    <time>2026-06-19T18:25:27Z</time>
   </trkpt>
   <trkpt lat="51.4880740" lon="-0.2319650">
    <ele>3.9</ele>
    <time>2026-06-19T18:25:28Z</time>
   </trkpt>
   <trkpt lat="51.4880660" lon="-0.2319440">
    <ele>3.9</ele>
    <time>2026-06-19T18:25:29Z</time>
   </trkpt>
   <trkpt lat="51.4880600" lon="-0.2319220">
    <ele>3.9</ele>
    <time>2026-06-19T18:25:30Z</time>
   </trkpt>
   <trkpt lat="51.4880520" lon="-0.2319020">
    <ele>3.9</ele>
    <time>2026-06-19T18:25:31Z</time>
   </trkpt>
   <trkpt lat="51.4880440" lon="-0.2318780">
    <ele>3.9</ele>
    <time>2026-06-19T18:25:32Z</time>
   </trkpt>
   <trkpt lat="51.4880380" lon="-0.2318550">
    <ele>3.9</ele>
    <time>2026-06-19T18:25:33Z</time>
   </trkpt>
   <trkpt lat="51.4880300" lon="-0.2318310">
    <ele>3.9</ele>
    <time>2026-06-19T18:25:34Z</time>
   </trkpt>
   <trkpt lat="51.4880210" lon="-0.2318120">
    <ele>3.9</ele>
    <time>2026-06-19T18:25:35Z</time>
   </trkpt>
   <trkpt lat="51.4880150" lon="-0.2317910">
    <ele>3.9</ele>
    <time>2026-06-19T18:25:36Z</time>
   </trkpt>
   <trkpt lat="51.4880050" lon="-0.2317580">
    <ele>3.9</ele>
    <time>2026-06-19T18:25:37Z</time>
   </trkpt>
   <trkpt lat="51.4880010" lon="-0.2317440">
    <ele>3.9</ele>
    <time>2026-06-19T18:25:38Z</time>
   </trkpt>
   <trkpt lat="51.4879960" lon="-0.2317310">
    <ele>3.9</ele>
    <time>2026-06-19T18:25:39Z</time>
   </trkpt>
   <trkpt lat="51.4879900" lon="-0.2317110">
    <ele>3.8</ele>
    <time>2026-06-19T18:25:40Z</time>
   </trkpt>
   <trkpt lat="51.4879820" lon="-0.2316890">
    <ele>3.8</ele>
    <time>2026-06-19T18:25:41Z</time>
   </trkpt>
   <trkpt lat="51.4879730" lon="-0.2316710">
    <ele>3.8</ele>
    <time>2026-06-19T18:25:42Z</time>
   </trkpt>
   <trkpt lat="51.4879650" lon="-0.2316510">
    <ele>3.8</ele>
    <time>2026-06-19T18:25:43Z</time>
   </trkpt>
   <trkpt lat="51.4879550" lon="-0.2316320">
    <ele>3.8</ele>
    <time>2026-06-19T18:25:44Z</time>
   </trkpt>
   <trkpt lat="51.4879460" lon="-0.2316140">
    <ele>3.8</ele>
    <time>2026-06-19T18:25:45Z</time>
   </trkpt>
   <trkpt lat="51.4879390" lon="-0.2315910">
    <ele>3.8</ele>
    <time>2026-06-19T18:25:46Z</time>
   </trkpt>
   <trkpt lat="51.4879350" lon="-0.2315700">
    <ele>3.8</ele>
    <time>2026-06-19T18:25:47Z</time>
   </trkpt>
   <trkpt lat="51.4879220" lon="-0.2315410">
    <ele>3.8</ele>
    <time>2026-06-19T18:25:48Z</time>
   </trkpt>
   <trkpt lat="51.4879150" lon="-0.2315300">
    <ele>3.8</ele>
    <time>2026-06-19T18:25:49Z</time>
   </trkpt>
   <trkpt lat="51.4879090" lon="-0.2315190">
    <ele>3.8</ele>
    <time>2026-06-19T18:25:50Z</time>
   </trkpt>
   <trkpt lat="51.4878920" lon="-0.2314930">
    <ele>3.8</ele>
    <time>2026-06-19T18:25:51Z</time>
   </trkpt>
   <trkpt lat="51.4878860" lon="-0.2314820">
    <ele>3.8</ele>
    <time>2026-06-19T18:25:52Z</time>
   </trkpt>
   <trkpt lat="51.4878790" lon="-0.2314710">
    <ele>3.8</ele>
    <time>2026-06-19T18:25:53Z</time>
   </trkpt>
   <trkpt lat="51.4878670" lon="-0.2314570">
    <ele>3.8</ele>
    <time>2026-06-19T18:25:54Z</time>
   </trkpt>
   <trkpt lat="51.4878580" lon="-0.2314490">
    <ele>3.8</ele>
    <time>2026-06-19T18:25:55Z</time>
   </trkpt>
   <trkpt lat="51.4878510" lon="-0.2314400">
    <ele>3.8</ele>
    <time>2026-06-19T18:25:56Z</time>
   </trkpt>
   <trkpt lat="51.4878460" lon="-0.2314380">
    <ele>3.8</ele>
    <time>2026-06-19T18:25:57Z</time>
   </trkpt>
   <trkpt lat="51.4878410" lon="-0.2314410">
    <ele>3.8</ele>
    <time>2026-06-19T18:25:58Z</time>
   </trkpt>
   <trkpt lat="51.4878420" lon="-0.2314410">
    <ele>3.8</ele>
    <time>2026-06-19T18:25:59Z</time>
   </trkpt>
   <trkpt lat="51.4878460" lon="-0.2314370">
    <ele>3.8</ele>
    <time>2026-06-19T18:26:00Z</time>
   </trkpt>
   <trkpt lat="51.4878470" lon="-0.2314340">
    <ele>3.8</ele>
    <time>2026-06-19T18:26:01Z</time>
   </trkpt>
   <trkpt lat="51.4878440" lon="-0.2314280">
    <ele>3.8</ele>
    <time>2026-06-19T18:26:02Z</time>
   </trkpt>
   <trkpt lat="51.4878440" lon="-0.2314210">
    <ele>3.8</ele>
    <time>2026-06-19T18:26:03Z</time>
   </trkpt>
   <trkpt lat="51.4878460" lon="-0.2314230">
    <ele>3.8</ele>
    <time>2026-06-19T18:26:04Z</time>
   </trkpt>
   <trkpt lat="51.4878500" lon="-0.2314250">
    <ele>3.8</ele>
    <time>2026-06-19T18:26:05Z</time>
   </trkpt>
   <trkpt lat="51.4878460" lon="-0.2314280">
    <ele>3.8</ele>
    <time>2026-06-19T18:26:06Z</time>
   </trkpt>
   <trkpt lat="51.4878470" lon="-0.2314310">
    <ele>3.8</ele>
    <time>2026-06-19T18:26:07Z</time>
   </trkpt>
   <trkpt lat="51.4878500" lon="-0.2314360">
    <ele>3.8</ele>
    <time>2026-06-19T18:26:08Z</time>
   </trkpt>
   <trkpt lat="51.4878500" lon="-0.2314360">
    <ele>3.8</ele>
    <time>2026-06-19T18:26:09Z</time>
   </trkpt>
   <trkpt lat="51.4878500" lon="-0.2314370">
    <ele>3.8</ele>
    <time>2026-06-19T18:26:10Z</time>
   </trkpt>
   <trkpt lat="51.4878460" lon="-0.2314350">
    <ele>3.8</ele>
    <time>2026-06-19T18:26:11Z</time>
   </trkpt>
   <trkpt lat="51.4878480" lon="-0.2314340">
    <ele>3.8</ele>
    <time>2026-06-19T18:26:12Z</time>
   </trkpt>
   <trkpt lat="51.4878510" lon="-0.2314270">
    <ele>3.8</ele>
    <time>2026-06-19T18:26:13Z</time>
   </trkpt>
   <trkpt lat="51.4878550" lon="-0.2314200">
    <ele>3.8</ele>
    <time>2026-06-19T18:26:14Z</time>
   </trkpt>
   <trkpt lat="51.4878500" lon="-0.2314240">
    <ele>3.8</ele>
    <time>2026-06-19T18:26:15Z</time>
   </trkpt>
   <trkpt lat="51.4878510" lon="-0.2314230">
    <ele>3.8</ele>
    <time>2026-06-19T18:26:16Z</time>
   </trkpt>
   <trkpt lat="51.4878490" lon="-0.2314260">
    <ele>3.8</ele>
    <time>2026-06-19T18:26:17Z</time>
   </trkpt>
   <trkpt lat="51.4878510" lon="-0.2314200">
    <ele>3.8</ele>
    <time>2026-06-19T18:26:18Z</time>
   </trkpt>
   <trkpt lat="51.4878480" lon="-0.2314200">
    <ele>3.8</ele>
    <time>2026-06-19T18:26:19Z</time>
   </trkpt>
   <trkpt lat="51.4878460" lon="-0.2314280">
    <ele>3.8</ele>
    <time>2026-06-19T18:26:20Z</time>
   </trkpt>
   <trkpt lat="51.4878480" lon="-0.2314220">
    <ele>3.8</ele>
    <time>2026-06-19T18:26:21Z</time>
   </trkpt>
   <trkpt lat="51.4878520" lon="-0.2314190">
    <ele>3.8</ele>
    <time>2026-06-19T18:26:22Z</time>
   </trkpt>
   <trkpt lat="51.4878520" lon="-0.2314210">
    <ele>3.8</ele>
    <time>2026-06-19T18:26:23Z</time>
   </trkpt>
   <trkpt lat="51.4878510" lon="-0.2314210">
    <ele>3.8</ele>
    <time>2026-06-19T18:26:24Z</time>
   </trkpt>
   <trkpt lat="51.4878520" lon="-0.2314150">
    <ele>3.8</ele>
    <time>2026-06-19T18:26:25Z</time>
   </trkpt>
   <trkpt lat="51.4878550" lon="-0.2314140">
    <ele>3.8</ele>
    <time>2026-06-19T18:26:26Z</time>
   </trkpt>
   <trkpt lat="51.4878540" lon="-0.2314150">
    <ele>3.8</ele>
    <time>2026-06-19T18:26:27Z</time>
   </trkpt>
   <trkpt lat="51.4878560" lon="-0.2314120">
    <ele>3.8</ele>
    <time>2026-06-19T18:26:28Z</time>
   </trkpt>
   <trkpt lat="51.4878560" lon="-0.2314100">
    <ele>3.8</ele>
    <time>2026-06-19T18:26:29Z</time>
   </trkpt>
   <trkpt lat="51.4878510" lon="-0.2314090">
    <ele>3.8</ele>
    <time>2026-06-19T18:26:30Z</time>
   </trkpt>
   <trkpt lat="51.4878550" lon="-0.2314080">
    <ele>3.8</ele>
    <time>2026-06-19T18:26:31Z</time>
   </trkpt>
   <trkpt lat="51.4878550" lon="-0.2314070">
    <ele>3.8</ele>
    <time>2026-06-19T18:26:32Z</time>
   </trkpt>
   <trkpt lat="51.4878530" lon="-0.2314070">
    <ele>3.8</ele>
    <time>2026-06-19T18:26:33Z</time>
   </trkpt>
   <trkpt lat="51.4878560" lon="-0.2313980">
    <ele>3.8</ele>
    <time>2026-06-19T18:26:34Z</time>
   </trkpt>
   <trkpt lat="51.4878590" lon="-0.2313970">
    <ele>3.8</ele>
    <time>2026-06-19T18:26:35Z</time>
   </trkpt>
   <trkpt lat="51.4878580" lon="-0.2313970">
    <ele>3.8</ele>
    <time>2026-06-19T18:26:36Z</time>
   </trkpt>
   <trkpt lat="51.4878580" lon="-0.2313930">
    <ele>3.8</ele>
    <time>2026-06-19T18:26:37Z</time>
   </trkpt>
   <trkpt lat="51.4878580" lon="-0.2313940">
    <ele>3.8</ele>
    <time>2026-06-19T18:26:38Z</time>
   </trkpt>
   <trkpt lat="51.4878580" lon="-0.2313970">
    <ele>3.8</ele>
    <time>2026-06-19T18:26:39Z</time>
   </trkpt>
   <trkpt lat="51.4878560" lon="-0.2314010">
    <ele>3.8</ele>
    <time>2026-06-19T18:26:40Z</time>
   </trkpt>
   <trkpt lat="51.4878570" lon="-0.2314020">
    <ele>3.8</ele>
    <time>2026-06-19T18:26:41Z</time>
   </trkpt>
   <trkpt lat="51.4878570" lon="-0.2314030">
    <ele>3.8</ele>
    <time>2026-06-19T18:26:42Z</time>
   </trkpt>
   <trkpt lat="51.4878560" lon="-0.2314020">
    <ele>3.8</ele>
    <time>2026-06-19T18:26:43Z</time>
   </trkpt>
   <trkpt lat="51.4878560" lon="-0.2314030">
    <ele>3.8</ele>
    <time>2026-06-19T18:26:44Z</time>
   </trkpt>
   <trkpt lat="51.4878560" lon="-0.2314050">
    <ele>3.8</ele>
    <time>2026-06-19T18:26:45Z</time>
   </trkpt>
   <trkpt lat="51.4878550" lon="-0.2314030">
    <ele>3.8</ele>
    <time>2026-06-19T18:26:46Z</time>
   </trkpt>
   <trkpt lat="51.4878530" lon="-0.2314050">
    <ele>3.8</ele>
    <time>2026-06-19T18:26:47Z</time>
   </trkpt>
   <trkpt lat="51.4878550" lon="-0.2314040">
    <ele>3.8</ele>
    <time>2026-06-19T18:26:48Z</time>
   </trkpt>
   <trkpt lat="51.4878530" lon="-0.2314070">
    <ele>3.8</ele>
    <time>2026-06-19T18:26:49Z</time>
   </trkpt>
   <trkpt lat="51.4878530" lon="-0.2314090">
    <ele>3.8</ele>
    <time>2026-06-19T18:26:50Z</time>
   </trkpt>
   <trkpt lat="51.4878510" lon="-0.2314110">
    <ele>3.8</ele>
    <time>2026-06-19T18:26:51Z</time>
   </trkpt>
   <trkpt lat="51.4878510" lon="-0.2314130">
    <ele>3.8</ele>
    <time>2026-06-19T18:26:52Z</time>
   </trkpt>
   <trkpt lat="51.4878480" lon="-0.2314140">
    <ele>3.8</ele>
    <time>2026-06-19T18:26:53Z</time>
   </trkpt>
   <trkpt lat="51.4878490" lon="-0.2314160">
    <ele>3.8</ele>
    <time>2026-06-19T18:26:54Z</time>
   </trkpt>
   <trkpt lat="51.4878490" lon="-0.2314150">
    <ele>3.8</ele>
    <time>2026-06-19T18:26:55Z</time>
   </trkpt>
   <trkpt lat="51.4878460" lon="-0.2314170">
    <ele>3.8</ele>
    <time>2026-06-19T18:26:56Z</time>
   </trkpt>
   <trkpt lat="51.4878470" lon="-0.2314150">
    <ele>3.8</ele>
    <time>2026-06-19T18:26:57Z</time>
   </trkpt>
   <trkpt lat="51.4878440" lon="-0.2314160">
    <ele>3.8</ele>
    <time>2026-06-19T18:26:58Z</time>
   </trkpt>
   <trkpt lat="51.4878430" lon="-0.2314200">
    <ele>3.8</ele>
    <time>2026-06-19T18:26:59Z</time>
   </trkpt>
   <trkpt lat="51.4878440" lon="-0.2314150">
    <ele>3.8</ele>
    <time>2026-06-19T18:27:00Z</time>
   </trkpt>
   <trkpt lat="51.4878420" lon="-0.2314180">
    <ele>3.8</ele>
    <time>2026-06-19T18:27:01Z</time>
   </trkpt>
   <trkpt lat="51.4878390" lon="-0.2314180">
    <ele>3.8</ele>
    <time>2026-06-19T18:27:02Z</time>
   </trkpt>
   <trkpt lat="51.4878450" lon="-0.2314180">
    <ele>3.8</ele>
    <time>2026-06-19T18:27:03Z</time>
   </trkpt>
   <trkpt lat="51.4878450" lon="-0.2314160">
    <ele>3.8</ele>
    <time>2026-06-19T18:27:04Z</time>
   </trkpt>
   <trkpt lat="51.4878420" lon="-0.2314240">
    <ele>3.8</ele>
    <time>2026-06-19T18:27:05Z</time>
   </trkpt>
   <trkpt lat="51.4878450" lon="-0.2314190">
    <ele>3.8</ele>
    <time>2026-06-19T18:27:06Z</time>
   </trkpt>
   <trkpt lat="51.4878450" lon="-0.2314140">
    <ele>3.8</ele>
    <time>2026-06-19T18:27:07Z</time>
   </trkpt>
   <trkpt lat="51.4878450" lon="-0.2314130">
    <ele>3.8</ele>
    <time>2026-06-19T18:27:08Z</time>
   </trkpt>
   <trkpt lat="51.4878460" lon="-0.2314140">
    <ele>3.8</ele>
    <time>2026-06-19T18:27:09Z</time>
   </trkpt>
   <trkpt lat="51.4878490" lon="-0.2314170">
    <ele>3.8</ele>
    <time>2026-06-19T18:27:10Z</time>
   </trkpt>
   <trkpt lat="51.4878470" lon="-0.2314160">
    <ele>3.8</ele>
    <time>2026-06-19T18:27:11Z</time>
   </trkpt>
   <trkpt lat="51.4878450" lon="-0.2314190">
    <ele>3.8</ele>
    <time>2026-06-19T18:27:12Z</time>
   </trkpt>
   <trkpt lat="51.4878480" lon="-0.2314220">
    <ele>3.8</ele>
    <time>2026-06-19T18:27:13Z</time>
   </trkpt>
   <trkpt lat="51.4878540" lon="-0.2314210">
    <ele>3.8</ele>
    <time>2026-06-19T18:27:14Z</time>
   </trkpt>
   <trkpt lat="51.4878520" lon="-0.2314230">
    <ele>3.8</ele>
    <time>2026-06-19T18:27:15Z</time>
   </trkpt>
   <trkpt lat="51.4878560" lon="-0.2314230">
    <ele>3.8</ele>
    <time>2026-06-19T18:27:16Z</time>
   </trkpt>
   <trkpt lat="51.4878550" lon="-0.2314240">
    <ele>3.8</ele>
    <time>2026-06-19T18:27:17Z</time>
   </trkpt>
   <trkpt lat="51.4878530" lon="-0.2314310">
    <ele>3.8</ele>
    <time>2026-06-19T18:27:18Z</time>
   </trkpt>
   <trkpt lat="51.4878550" lon="-0.2314230">
    <ele>3.8</ele>
    <time>2026-06-19T18:27:19Z</time>
   </trkpt>
   <trkpt lat="51.4878550" lon="-0.2314220">
    <ele>3.8</ele>
    <time>2026-06-19T18:27:20Z</time>
   </trkpt>
   <trkpt lat="51.4878560" lon="-0.2314250">
    <ele>3.8</ele>
    <time>2026-06-19T18:27:21Z</time>
   </trkpt>
   <trkpt lat="51.4878530" lon="-0.2314210">
    <ele>3.8</ele>
    <time>2026-06-19T18:27:22Z</time>
   </trkpt>
   <trkpt lat="51.4878520" lon="-0.2314170">
    <ele>3.8</ele>
    <time>2026-06-19T18:27:23Z</time>
   </trkpt>
   <trkpt lat="51.4878530" lon="-0.2314160">
    <ele>3.8</ele>
    <time>2026-06-19T18:27:24Z</time>
   </trkpt>
   <trkpt lat="51.4878520" lon="-0.2314170">
    <ele>3.8</ele>
    <time>2026-06-19T18:27:25Z</time>
   </trkpt>
   <trkpt lat="51.4878530" lon="-0.2314150">
    <ele>3.8</ele>
    <time>2026-06-19T18:27:26Z</time>
   </trkpt>
   <trkpt lat="51.4878500" lon="-0.2314140">
    <ele>3.8</ele>
    <time>2026-06-19T18:27:27Z</time>
   </trkpt>
   <trkpt lat="51.4878520" lon="-0.2314150">
    <ele>3.8</ele>
    <time>2026-06-19T18:27:28Z</time>
   </trkpt>
   <trkpt lat="51.4878510" lon="-0.2314080">
    <ele>3.8</ele>
    <time>2026-06-19T18:27:29Z</time>
   </trkpt>
   <trkpt lat="51.4878530" lon="-0.2314080">
    <ele>3.8</ele>
    <time>2026-06-19T18:27:30Z</time>
   </trkpt>
   <trkpt lat="51.4878490" lon="-0.2314120">
    <ele>3.9</ele>
    <time>2026-06-19T18:27:31Z</time>
   </trkpt>
   <trkpt lat="51.4878500" lon="-0.2314100">
    <ele>3.9</ele>
    <time>2026-06-19T18:27:32Z</time>
   </trkpt>
   <trkpt lat="51.4878470" lon="-0.2314130">
    <ele>3.9</ele>
    <time>2026-06-19T18:27:33Z</time>
   </trkpt>
   <trkpt lat="51.4878440" lon="-0.2314140">
    <ele>3.9</ele>
    <time>2026-06-19T18:27:34Z</time>
   </trkpt>
   <trkpt lat="51.4878470" lon="-0.2314110">
    <ele>3.9</ele>
    <time>2026-06-19T18:27:35Z</time>
   </trkpt>
   <trkpt lat="51.4878460" lon="-0.2314130">
    <ele>3.9</ele>
    <time>2026-06-19T18:27:36Z</time>
   </trkpt>
   <trkpt lat="51.4878440" lon="-0.2314100">
    <ele>3.9</ele>
    <time>2026-06-19T18:27:37Z</time>
   </trkpt>
   <trkpt lat="51.4878450" lon="-0.2314150">
    <ele>3.9</ele>
    <time>2026-06-19T18:27:38Z</time>
   </trkpt>
   <trkpt lat="51.4878460" lon="-0.2314140">
    <ele>3.9</ele>
    <time>2026-06-19T18:27:39Z</time>
   </trkpt>
   <trkpt lat="51.4878460" lon="-0.2314180">
    <ele>3.9</ele>
    <time>2026-06-19T18:27:40Z</time>
   </trkpt>
   <trkpt lat="51.4878410" lon="-0.2314210">
    <ele>3.9</ele>
    <time>2026-06-19T18:27:41Z</time>
   </trkpt>
   <trkpt lat="51.4878440" lon="-0.2314250">
    <ele>3.9</ele>
    <time>2026-06-19T18:27:42Z</time>
   </trkpt>
   <trkpt lat="51.4878450" lon="-0.2314210">
    <ele>3.8</ele>
    <time>2026-06-19T18:27:43Z</time>
   </trkpt>
   <trkpt lat="51.4878460" lon="-0.2314240">
    <ele>3.8</ele>
    <time>2026-06-19T18:27:44Z</time>
   </trkpt>
   <trkpt lat="51.4878480" lon="-0.2314280">
    <ele>3.8</ele>
    <time>2026-06-19T18:27:45Z</time>
   </trkpt>
   <trkpt lat="51.4878470" lon="-0.2314270">
    <ele>3.8</ele>
    <time>2026-06-19T18:27:46Z</time>
   </trkpt>
   <trkpt lat="51.4878440" lon="-0.2314230">
    <ele>3.8</ele>
    <time>2026-06-19T18:27:47Z</time>
   </trkpt>
   <trkpt lat="51.4878450" lon="-0.2314280">
    <ele>3.8</ele>
    <time>2026-06-19T18:27:48Z</time>
   </trkpt>
   <trkpt lat="51.4878410" lon="-0.2314310">
    <ele>3.8</ele>
    <time>2026-06-19T18:27:49Z</time>
   </trkpt>
   <trkpt lat="51.4878460" lon="-0.2314210">
    <ele>3.8</ele>
    <time>2026-06-19T18:27:50Z</time>
   </trkpt>
   <trkpt lat="51.4878460" lon="-0.2314200">
    <ele>3.8</ele>
    <time>2026-06-19T18:27:51Z</time>
   </trkpt>
   <trkpt lat="51.4878470" lon="-0.2314190">
    <ele>3.8</ele>
    <time>2026-06-19T18:27:52Z</time>
   </trkpt>
   <trkpt lat="51.4878480" lon="-0.2314190">
    <ele>3.8</ele>
    <time>2026-06-19T18:27:53Z</time>
   </trkpt>
   <trkpt lat="51.4878480" lon="-0.2314180">
    <ele>3.8</ele>
    <time>2026-06-19T18:27:54Z</time>
   </trkpt>
   <trkpt lat="51.4878490" lon="-0.2314170">
    <ele>3.8</ele>
    <time>2026-06-19T18:27:55Z</time>
   </trkpt>
   <trkpt lat="51.4878500" lon="-0.2314160">
    <ele>3.8</ele>
    <time>2026-06-19T18:27:56Z</time>
   </trkpt>
   <trkpt lat="51.4878500" lon="-0.2314150">
    <ele>3.8</ele>
    <time>2026-06-19T18:27:57Z</time>
   </trkpt>
   <trkpt lat="51.4878510" lon="-0.2314140">
    <ele>3.8</ele>
    <time>2026-06-19T18:27:58Z</time>
   </trkpt>
   <trkpt lat="51.4878520" lon="-0.2314130">
    <ele>3.8</ele>
    <time>2026-06-19T18:27:59Z</time>
   </trkpt>
   <trkpt lat="51.4878520" lon="-0.2314130">
    <ele>3.8</ele>
    <time>2026-06-19T18:28:00Z</time>
   </trkpt>
   <trkpt lat="51.4878530" lon="-0.2314120">
    <ele>3.8</ele>
    <time>2026-06-19T18:28:01Z</time>
   </trkpt>
   <trkpt lat="51.4878540" lon="-0.2314110">
    <ele>3.8</ele>
    <time>2026-06-19T18:28:02Z</time>
   </trkpt>
   <trkpt lat="51.4878540" lon="-0.2314100">
    <ele>3.8</ele>
    <time>2026-06-19T18:28:03Z</time>
   </trkpt>
   <trkpt lat="51.4878550" lon="-0.2314090">
    <ele>3.8</ele>
    <time>2026-06-19T18:28:04Z</time>
   </trkpt>
   <trkpt lat="51.4878560" lon="-0.2314080">
    <ele>3.8</ele>
    <time>2026-06-19T18:28:05Z</time>
   </trkpt>
   <trkpt lat="51.4878560" lon="-0.2314070">
    <ele>3.8</ele>
    <time>2026-06-19T18:28:06Z</time>
   </trkpt>
   <trkpt lat="51.4878570" lon="-0.2314070">
    <ele>3.8</ele>
    <time>2026-06-19T18:28:07Z</time>
   </trkpt>
   <trkpt lat="51.4878580" lon="-0.2314060">
    <ele>3.8</ele>
    <time>2026-06-19T18:28:08Z</time>
   </trkpt>
   <trkpt lat="51.4878580" lon="-0.2314050">
    <ele>3.8</ele>
    <time>2026-06-19T18:28:09Z</time>
   </trkpt>
   <trkpt lat="51.4878590" lon="-0.2314040">
    <ele>3.8</ele>
    <time>2026-06-19T18:28:10Z</time>
   </trkpt>
   <trkpt lat="51.4878600" lon="-0.2314030">
    <ele>3.8</ele>
    <time>2026-06-19T18:28:11Z</time>
   </trkpt>
   <trkpt lat="51.4878600" lon="-0.2314020">
    <ele>3.8</ele>
    <time>2026-06-19T18:28:12Z</time>
   </trkpt>
   <trkpt lat="51.4878610" lon="-0.2314010">
    <ele>3.8</ele>
    <time>2026-06-19T18:28:13Z</time>
   </trkpt>
   <trkpt lat="51.4878620" lon="-0.2314000">
    <ele>3.8</ele>
    <time>2026-06-19T18:28:14Z</time>
   </trkpt>
   <trkpt lat="51.4878620" lon="-0.2314000">
    <ele>3.8</ele>
    <time>2026-06-19T18:28:15Z</time>
   </trkpt>
   <trkpt lat="51.4878630" lon="-0.2313990">
    <ele>3.8</ele>
    <time>2026-06-19T18:28:16Z</time>
   </trkpt>
   <trkpt lat="51.4878640" lon="-0.2313980">
    <ele>3.8</ele>
    <time>2026-06-19T18:28:17Z</time>
   </trkpt>
   <trkpt lat="51.4878640" lon="-0.2313970">
    <ele>3.8</ele>
    <time>2026-06-19T18:28:18Z</time>
   </trkpt>
   <trkpt lat="51.4878650" lon="-0.2313960">
    <ele>3.8</ele>
    <time>2026-06-19T18:28:19Z</time>
   </trkpt>
   <trkpt lat="51.4878660" lon="-0.2313950">
    <ele>3.8</ele>
    <time>2026-06-19T18:28:20Z</time>
   </trkpt>
   <trkpt lat="51.4878660" lon="-0.2313940">
    <ele>3.8</ele>
    <time>2026-06-19T18:28:21Z</time>
   </trkpt>
   <trkpt lat="51.4878670" lon="-0.2313940">
    <ele>3.8</ele>
    <time>2026-06-19T18:28:22Z</time>
   </trkpt>
   <trkpt lat="51.4878680" lon="-0.2313930">
    <ele>3.8</ele>
    <time>2026-06-19T18:28:23Z</time>
   </trkpt>
   <trkpt lat="51.4878680" lon="-0.2313920">
    <ele>3.8</ele>
    <time>2026-06-19T18:28:24Z</time>
   </trkpt>
   <trkpt lat="51.4878690" lon="-0.2313910">
    <ele>3.8</ele>
    <time>2026-06-19T18:28:25Z</time>
   </trkpt>
   <trkpt lat="51.4878750" lon="-0.2313930">
    <ele>3.8</ele>
    <time>2026-06-19T18:28:26Z</time>
   </trkpt>
   <trkpt lat="51.4878790" lon="-0.2313940">
    <ele>3.8</ele>
    <time>2026-06-19T18:28:27Z</time>
   </trkpt>
   <trkpt lat="51.4878760" lon="-0.2313950">
    <ele>3.8</ele>
    <time>2026-06-19T18:28:28Z</time>
   </trkpt>
   <trkpt lat="51.4878770" lon="-0.2313940">
    <ele>3.8</ele>
    <time>2026-06-19T18:28:29Z</time>
   </trkpt>
   <trkpt lat="51.4878790" lon="-0.2313930">
    <ele>3.8</ele>
    <time>2026-06-19T18:28:30Z</time>
   </trkpt>
   <trkpt lat="51.4878790" lon="-0.2313930">
    <ele>3.8</ele>
    <time>2026-06-19T18:28:31Z</time>
   </trkpt>
   <trkpt lat="51.4878790" lon="-0.2313930">
    <ele>3.8</ele>
    <time>2026-06-19T18:28:32Z</time>
   </trkpt>
   <trkpt lat="51.4878830" lon="-0.2313900">
    <ele>3.8</ele>
    <time>2026-06-19T18:28:33Z</time>
   </trkpt>
   <trkpt lat="51.4878840" lon="-0.2313920">
    <ele>3.8</ele>
    <time>2026-06-19T18:28:34Z</time>
   </trkpt>
   <trkpt lat="51.4878860" lon="-0.2313880">
    <ele>3.8</ele>
    <time>2026-06-19T18:28:35Z</time>
   </trkpt>
   <trkpt lat="51.4878850" lon="-0.2313900">
    <ele>3.8</ele>
    <time>2026-06-19T18:28:36Z</time>
   </trkpt>
   <trkpt lat="51.4878820" lon="-0.2313920">
    <ele>3.8</ele>
    <time>2026-06-19T18:28:37Z</time>
   </trkpt>
   <trkpt lat="51.4878840" lon="-0.2313900">
    <ele>3.8</ele>
    <time>2026-06-19T18:28:38Z</time>
   </trkpt>
   <trkpt lat="51.4878850" lon="-0.2313900">
    <ele>3.8</ele>
    <time>2026-06-19T18:28:39Z</time>
   </trkpt>
   <trkpt lat="51.4878840" lon="-0.2313910">
    <ele>3.8</ele>
    <time>2026-06-19T18:28:40Z</time>
   </trkpt>
   <trkpt lat="51.4878860" lon="-0.2313890">
    <ele>3.8</ele>
    <time>2026-06-19T18:28:41Z</time>
   </trkpt>
   <trkpt lat="51.4878850" lon="-0.2313890">
    <ele>3.8</ele>
    <time>2026-06-19T18:28:42Z</time>
   </trkpt>
   <trkpt lat="51.4878850" lon="-0.2313890">
    <ele>3.8</ele>
    <time>2026-06-19T18:28:43Z</time>
   </trkpt>
   <trkpt lat="51.4878860" lon="-0.2313860">
    <ele>3.8</ele>
    <time>2026-06-19T18:28:44Z</time>
   </trkpt>
   <trkpt lat="51.4878850" lon="-0.2313860">
    <ele>3.8</ele>
    <time>2026-06-19T18:28:45Z</time>
   </trkpt>
   <trkpt lat="51.4878810" lon="-0.2313910">
    <ele>3.8</ele>
    <time>2026-06-19T18:28:46Z</time>
   </trkpt>
   <trkpt lat="51.4878730" lon="-0.2313930">
    <ele>3.8</ele>
    <time>2026-06-19T18:28:47Z</time>
   </trkpt>
   <trkpt lat="51.4878700" lon="-0.2313970">
    <ele>3.8</ele>
    <time>2026-06-19T18:28:48Z</time>
   </trkpt>
   <trkpt lat="51.4878660" lon="-0.2314010">
    <ele>3.8</ele>
    <time>2026-06-19T18:28:49Z</time>
   </trkpt>
   <trkpt lat="51.4878640" lon="-0.2314020">
    <ele>3.8</ele>
    <time>2026-06-19T18:28:50Z</time>
   </trkpt>
   <trkpt lat="51.4878590" lon="-0.2314040">
    <ele>3.8</ele>
    <time>2026-06-19T18:28:51Z</time>
   </trkpt>
   <trkpt lat="51.4878590" lon="-0.2314110">
    <ele>3.8</ele>
    <time>2026-06-19T18:28:52Z</time>
   </trkpt>
   <trkpt lat="51.4878560" lon="-0.2314120">
    <ele>3.8</ele>
    <time>2026-06-19T18:28:53Z</time>
   </trkpt>
   <trkpt lat="51.4878560" lon="-0.2314120">
    <ele>3.8</ele>
    <time>2026-06-19T18:28:54Z</time>
   </trkpt>
   <trkpt lat="51.4878620" lon="-0.2314160">
    <ele>3.8</ele>
    <time>2026-06-19T18:28:55Z</time>
   </trkpt>
   <trkpt lat="51.4878700" lon="-0.2314240">
    <ele>3.8</ele>
    <time>2026-06-19T18:28:56Z</time>
   </trkpt>
   <trkpt lat="51.4878790" lon="-0.2314340">
    <ele>3.8</ele>
    <time>2026-06-19T18:28:57Z</time>
   </trkpt>
   <trkpt lat="51.4878880" lon="-0.2314490">
    <ele>3.8</ele>
    <time>2026-06-19T18:28:58Z</time>
   </trkpt>
   <trkpt lat="51.4878960" lon="-0.2314610">
    <ele>3.8</ele>
    <time>2026-06-19T18:28:59Z</time>
   </trkpt>
   <trkpt lat="51.4879010" lon="-0.2314750">
    <ele>3.8</ele>
    <time>2026-06-19T18:29:00Z</time>
   </trkpt>
   <trkpt lat="51.4879100" lon="-0.2314920">
    <ele>3.8</ele>
    <time>2026-06-19T18:29:01Z</time>
   </trkpt>
   <trkpt lat="51.4879190" lon="-0.2315020">
    <ele>3.8</ele>
    <time>2026-06-19T18:29:02Z</time>
   </trkpt>
   <trkpt lat="51.4879250" lon="-0.2315120">
    <ele>3.8</ele>
    <time>2026-06-19T18:29:03Z</time>
   </trkpt>
   <trkpt lat="51.4879360" lon="-0.2315450">
    <ele>3.8</ele>
    <time>2026-06-19T18:29:04Z</time>
   </trkpt>
   <trkpt lat="51.4879400" lon="-0.2315580">
    <ele>3.8</ele>
    <time>2026-06-19T18:29:05Z</time>
   </trkpt>
   <trkpt lat="51.4879450" lon="-0.2315720">
    <ele>3.8</ele>
    <time>2026-06-19T18:29:06Z</time>
   </trkpt>
   <trkpt lat="51.4879560" lon="-0.2315980">
    <ele>3.8</ele>
    <time>2026-06-19T18:29:07Z</time>
   </trkpt>
   <trkpt lat="51.4879620" lon="-0.2316090">
    <ele>3.8</ele>
    <time>2026-06-19T18:29:08Z</time>
   </trkpt>
   <trkpt lat="51.4879680" lon="-0.2316200">
    <ele>3.8</ele>
    <time>2026-06-19T18:29:09Z</time>
   </trkpt>
   <trkpt lat="51.4879770" lon="-0.2316400">
    <ele>3.8</ele>
    <time>2026-06-19T18:29:10Z</time>
   </trkpt>
   <trkpt lat="51.4879860" lon="-0.2316550">
    <ele>3.8</ele>
    <time>2026-06-19T18:29:11Z</time>
   </trkpt>
   <trkpt lat="51.4879980" lon="-0.2316680">
    <ele>3.8</ele>
    <time>2026-06-19T18:29:12Z</time>
   </trkpt>
   <trkpt lat="51.4880040" lon="-0.2316860">
    <ele>3.8</ele>
    <time>2026-06-19T18:29:13Z</time>
   </trkpt>
   <trkpt lat="51.4880100" lon="-0.2317030">
    <ele>3.8</ele>
    <time>2026-06-19T18:29:14Z</time>
   </trkpt>
   <trkpt lat="51.4880100" lon="-0.2317260">
    <ele>3.8</ele>
    <time>2026-06-19T18:29:15Z</time>
   </trkpt>
   <trkpt lat="51.4880130" lon="-0.2317490">
    <ele>3.8</ele>
    <time>2026-06-19T18:29:16Z</time>
   </trkpt>
   <trkpt lat="51.4880210" lon="-0.2317640">
    <ele>3.8</ele>
    <time>2026-06-19T18:29:17Z</time>
   </trkpt>
   <trkpt lat="51.4880240" lon="-0.2317780">
    <ele>3.8</ele>
    <time>2026-06-19T18:29:18Z</time>
   </trkpt>
   <trkpt lat="51.4880310" lon="-0.2317980">
    <ele>3.8</ele>
    <time>2026-06-19T18:29:19Z</time>
   </trkpt>
   <trkpt lat="51.4880360" lon="-0.2318140">
    <ele>3.8</ele>
    <time>2026-06-19T18:29:20Z</time>
   </trkpt>
   <trkpt lat="51.4880480" lon="-0.2318360">
    <ele>3.8</ele>
    <time>2026-06-19T18:29:21Z</time>
   </trkpt>
   <trkpt lat="51.4880550" lon="-0.2318480">
    <ele>3.8</ele>
    <time>2026-06-19T18:29:22Z</time>
   </trkpt>
   <trkpt lat="51.4880700" lon="-0.2318690">
    <ele>3.9</ele>
    <time>2026-06-19T18:29:23Z</time>
   </trkpt>
   <trkpt lat="51.4880800" lon="-0.2318940">
    <ele>3.9</ele>
    <time>2026-06-19T18:29:24Z</time>
   </trkpt>
   <trkpt lat="51.4880880" lon="-0.2319070">
    <ele>3.9</ele>
    <time>2026-06-19T18:29:25Z</time>
   </trkpt>
   <trkpt lat="51.4880960" lon="-0.2319210">
    <ele>3.9</ele>
    <time>2026-06-19T18:29:26Z</time>
   </trkpt>
   <trkpt lat="51.4881070" lon="-0.2319410">
    <ele>3.9</ele>
    <time>2026-06-19T18:29:27Z</time>
   </trkpt>
   <trkpt lat="51.4881140" lon="-0.2319520">
    <ele>3.9</ele>
    <time>2026-06-19T18:29:28Z</time>
   </trkpt>
   <trkpt lat="51.4881220" lon="-0.2319660">
    <ele>3.9</ele>
    <time>2026-06-19T18:29:29Z</time>
   </trkpt>
   <trkpt lat="51.4881260" lon="-0.2319880">
    <ele>3.9</ele>
    <time>2026-06-19T18:29:30Z</time>
   </trkpt>
   <trkpt lat="51.4881340" lon="-0.2320040">
    <ele>3.9</ele>
    <time>2026-06-19T18:29:31Z</time>
   </trkpt>
   <trkpt lat="51.4881350" lon="-0.2320130">
    <ele>3.9</ele>
    <time>2026-06-19T18:29:32Z</time>
   </trkpt>
   <trkpt lat="51.4881410" lon="-0.2320240">
    <ele>3.9</ele>
    <time>2026-06-19T18:29:33Z</time>
   </trkpt>
   <trkpt lat="51.4881490" lon="-0.2320380">
    <ele>3.9</ele>
    <time>2026-06-19T18:29:34Z</time>
   </trkpt>
   <trkpt lat="51.4881550" lon="-0.2320480">
    <ele>3.9</ele>
    <time>2026-06-19T18:29:35Z</time>
   </trkpt>
   <trkpt lat="51.4881650" lon="-0.2320650">
    <ele>3.9</ele>
    <time>2026-06-19T18:29:36Z</time>
   </trkpt>
   <trkpt lat="51.4881740" lon="-0.2320760">
    <ele>3.9</ele>
    <time>2026-06-19T18:29:37Z</time>
   </trkpt>
   <trkpt lat="51.4881830" lon="-0.2320900">
    <ele>3.9</ele>
    <time>2026-06-19T18:29:38Z</time>
   </trkpt>
   <trkpt lat="51.4881920" lon="-0.2320970">
    <ele>3.9</ele>
    <time>2026-06-19T18:29:39Z</time>
   </trkpt>
   <trkpt lat="51.4882020" lon="-0.2321110">
    <ele>3.9</ele>
    <time>2026-06-19T18:29:40Z</time>
   </trkpt>
   <trkpt lat="51.4882100" lon="-0.2321330">
    <ele>3.9</ele>
    <time>2026-06-19T18:29:41Z</time>
   </trkpt>
   <trkpt lat="51.4882110" lon="-0.2321470">
    <ele>3.9</ele>
    <time>2026-06-19T18:29:42Z</time>
   </trkpt>
   <trkpt lat="51.4882140" lon="-0.2321590">
    <ele>3.9</ele>
    <time>2026-06-19T18:29:43Z</time>
   </trkpt>
   <trkpt lat="51.4882220" lon="-0.2321780">
    <ele>3.9</ele>
    <time>2026-06-19T18:29:44Z</time>
   </trkpt>
   <trkpt lat="51.4882320" lon="-0.2321980">
    <ele>3.9</ele>
    <time>2026-06-19T18:29:45Z</time>
   </trkpt>
   <trkpt lat="51.4882400" lon="-0.2322090">
    <ele>3.9</ele>
    <time>2026-06-19T18:29:46Z</time>
   </trkpt>
   <trkpt lat="51.4882430" lon="-0.2322280">
    <ele>3.9</ele>
    <time>2026-06-19T18:29:47Z</time>
   </trkpt>
   <trkpt lat="51.4882500" lon="-0.2322370">
    <ele>3.9</ele>
    <time>2026-06-19T18:29:48Z</time>
   </trkpt>
   <trkpt lat="51.4882540" lon="-0.2322620">
    <ele>3.9</ele>
    <time>2026-06-19T18:29:49Z</time>
   </trkpt>
   <trkpt lat="51.4882660" lon="-0.2322930">
    <ele>4.0</ele>
    <time>2026-06-19T18:29:50Z</time>
   </trkpt>
   <trkpt lat="51.4882700" lon="-0.2323060">
    <ele>4.0</ele>
    <time>2026-06-19T18:29:51Z</time>
   </trkpt>
   <trkpt lat="51.4882750" lon="-0.2323180">
    <ele>4.0</ele>
    <time>2026-06-19T18:29:52Z</time>
   </trkpt>
   <trkpt lat="51.4882810" lon="-0.2323350">
    <ele>4.0</ele>
    <time>2026-06-19T18:29:53Z</time>
   </trkpt>
   <trkpt lat="51.4882890" lon="-0.2323490">
    <ele>4.0</ele>
    <time>2026-06-19T18:29:54Z</time>
   </trkpt>
   <trkpt lat="51.4882920" lon="-0.2323660">
    <ele>4.0</ele>
    <time>2026-06-19T18:29:55Z</time>
   </trkpt>
   <trkpt lat="51.4882960" lon="-0.2323810">
    <ele>4.0</ele>
    <time>2026-06-19T18:29:56Z</time>
   </trkpt>
   <trkpt lat="51.4883020" lon="-0.2323920">
    <ele>4.0</ele>
    <time>2026-06-19T18:29:57Z</time>
   </trkpt>
   <trkpt lat="51.4883100" lon="-0.2324090">
    <ele>4.0</ele>
    <time>2026-06-19T18:29:58Z</time>
   </trkpt>
   <trkpt lat="51.4883210" lon="-0.2324270">
    <ele>4.0</ele>
    <time>2026-06-19T18:29:59Z</time>
   </trkpt>
   <trkpt lat="51.4883310" lon="-0.2324380">
    <ele>4.0</ele>
    <time>2026-06-19T18:30:00Z</time>
   </trkpt>
   <trkpt lat="51.4883350" lon="-0.2324620">
    <ele>4.0</ele>
    <time>2026-06-19T18:30:01Z</time>
   </trkpt>
   <trkpt lat="51.4883410" lon="-0.2324900">
    <ele>4.0</ele>
    <time>2026-06-19T18:30:02Z</time>
   </trkpt>
   <trkpt lat="51.4883490" lon="-0.2325250">
    <ele>4.0</ele>
    <time>2026-06-19T18:30:03Z</time>
   </trkpt>
   <trkpt lat="51.4883540" lon="-0.2325410">
    <ele>4.0</ele>
    <time>2026-06-19T18:30:04Z</time>
   </trkpt>
   <trkpt lat="51.4883580" lon="-0.2325560">
    <ele>4.0</ele>
    <time>2026-06-19T18:30:05Z</time>
   </trkpt>
   <trkpt lat="51.4883560" lon="-0.2325790">
    <ele>4.0</ele>
    <time>2026-06-19T18:30:06Z</time>
   </trkpt>
   <trkpt lat="51.4883600" lon="-0.2326020">
    <ele>4.0</ele>
    <time>2026-06-19T18:30:07Z</time>
   </trkpt>
   <trkpt lat="51.4883710" lon="-0.2326280">
    <ele>4.0</ele>
    <time>2026-06-19T18:30:08Z</time>
   </trkpt>
   <trkpt lat="51.4883770" lon="-0.2326380">
    <ele>4.0</ele>
    <time>2026-06-19T18:30:09Z</time>
   </trkpt>
   <trkpt lat="51.4883830" lon="-0.2326490">
    <ele>4.0</ele>
    <time>2026-06-19T18:30:10Z</time>
   </trkpt>
   <trkpt lat="51.4883900" lon="-0.2326800">
    <ele>4.0</ele>
    <time>2026-06-19T18:30:11Z</time>
   </trkpt>
   <trkpt lat="51.4883950" lon="-0.2326940">
    <ele>4.0</ele>
    <time>2026-06-19T18:30:12Z</time>
   </trkpt>
   <trkpt lat="51.4883990" lon="-0.2327080">
    <ele>4.0</ele>
    <time>2026-06-19T18:30:13Z</time>
   </trkpt>
   <trkpt lat="51.4884120" lon="-0.2327400">
    <ele>4.0</ele>
    <time>2026-06-19T18:30:14Z</time>
   </trkpt>
   <trkpt lat="51.4884180" lon="-0.2327520">
    <ele>4.0</ele>
    <time>2026-06-19T18:30:15Z</time>
   </trkpt>
   <trkpt lat="51.4884250" lon="-0.2327650">
    <ele>4.0</ele>
    <time>2026-06-19T18:30:16Z</time>
   </trkpt>
   <trkpt lat="51.4884340" lon="-0.2327790">
    <ele>4.0</ele>
    <time>2026-06-19T18:30:17Z</time>
   </trkpt>
   <trkpt lat="51.4884400" lon="-0.2328020">
    <ele>4.0</ele>
    <time>2026-06-19T18:30:18Z</time>
   </trkpt>
   <trkpt lat="51.4884440" lon="-0.2328350">
    <ele>4.0</ele>
    <time>2026-06-19T18:30:19Z</time>
   </trkpt>
   <trkpt lat="51.4884440" lon="-0.2328520">
    <ele>4.0</ele>
    <time>2026-06-19T18:30:20Z</time>
   </trkpt>
   <trkpt lat="51.4884450" lon="-0.2328690">
    <ele>4.0</ele>
    <time>2026-06-19T18:30:21Z</time>
   </trkpt>
   <trkpt lat="51.4884500" lon="-0.2328830">
    <ele>4.0</ele>
    <time>2026-06-19T18:30:22Z</time>
   </trkpt>
   <trkpt lat="51.4884540" lon="-0.2329010">
    <ele>4.0</ele>
    <time>2026-06-19T18:30:23Z</time>
   </trkpt>
   <trkpt lat="51.4884610" lon="-0.2329190">
    <ele>4.0</ele>
    <time>2026-06-19T18:30:24Z</time>
   </trkpt>
   <trkpt lat="51.4884710" lon="-0.2329490">
    <ele>4.0</ele>
    <time>2026-06-19T18:30:25Z</time>
   </trkpt>
   <trkpt lat="51.4884740" lon="-0.2329620">
    <ele>4.0</ele>
    <time>2026-06-19T18:30:26Z</time>
   </trkpt>
   <trkpt lat="51.4884770" lon="-0.2329740">
    <ele>4.0</ele>
    <time>2026-06-19T18:30:27Z</time>
   </trkpt>
   <trkpt lat="51.4884850" lon="-0.2329980">
    <ele>4.0</ele>
    <time>2026-06-19T18:30:28Z</time>
   </trkpt>
   <trkpt lat="51.4884890" lon="-0.2330140">
    <ele>4.0</ele>
    <time>2026-06-19T18:30:29Z</time>
   </trkpt>
   <trkpt lat="51.4884930" lon="-0.2330330">
    <ele>4.0</ele>
    <time>2026-06-19T18:30:30Z</time>
   </trkpt>
   <trkpt lat="51.4884980" lon="-0.2330470">
    <ele>4.0</ele>
    <time>2026-06-19T18:30:31Z</time>
   </trkpt>
   <trkpt lat="51.4885010" lon="-0.2330590">
    <ele>4.0</ele>
    <time>2026-06-19T18:30:32Z</time>
   </trkpt>
   <trkpt lat="51.4885020" lon="-0.2330780">
    <ele>4.0</ele>
    <time>2026-06-19T18:30:33Z</time>
   </trkpt>
   <trkpt lat="51.4885030" lon="-0.2330960">
    <ele>4.0</ele>
    <time>2026-06-19T18:30:34Z</time>
   </trkpt>
   <trkpt lat="51.4885080" lon="-0.2331080">
    <ele>4.0</ele>
    <time>2026-06-19T18:30:35Z</time>
   </trkpt>
   <trkpt lat="51.4885080" lon="-0.2331260">
    <ele>4.0</ele>
    <time>2026-06-19T18:30:36Z</time>
   </trkpt>
   <trkpt lat="51.4885090" lon="-0.2331440">
    <ele>4.0</ele>
    <time>2026-06-19T18:30:37Z</time>
   </trkpt>
   <trkpt lat="51.4885120" lon="-0.2331650">
    <ele>4.0</ele>
    <time>2026-06-19T18:30:38Z</time>
   </trkpt>
   <trkpt lat="51.4885310" lon="-0.2331770">
    <ele>4.0</ele>
    <time>2026-06-19T18:30:39Z</time>
   </trkpt>
   <trkpt lat="51.4885370" lon="-0.2332050">
    <ele>3.9</ele>
    <time>2026-06-19T18:30:40Z</time>
   </trkpt>
   <trkpt lat="51.4885430" lon="-0.2332310">
    <ele>3.9</ele>
    <time>2026-06-19T18:30:41Z</time>
   </trkpt>
   <trkpt lat="51.4885480" lon="-0.2332510">
    <ele>3.9</ele>
    <time>2026-06-19T18:30:42Z</time>
   </trkpt>
   <trkpt lat="51.4885520" lon="-0.2332740">
    <ele>3.9</ele>
    <time>2026-06-19T18:30:43Z</time>
   </trkpt>
   <trkpt lat="51.4885560" lon="-0.2332940">
    <ele>3.9</ele>
    <time>2026-06-19T18:30:44Z</time>
   </trkpt>
   <trkpt lat="51.4885610" lon="-0.2333170">
    <ele>3.9</ele>
    <time>2026-06-19T18:30:45Z</time>
   </trkpt>
   <trkpt lat="51.4885660" lon="-0.2333410">
    <ele>3.9</ele>
    <time>2026-06-19T18:30:46Z</time>
   </trkpt>
   <trkpt lat="51.4885760" lon="-0.2333650">
    <ele>3.9</ele>
    <time>2026-06-19T18:30:47Z</time>
   </trkpt>
   <trkpt lat="51.4885770" lon="-0.2333830">
    <ele>3.9</ele>
    <time>2026-06-19T18:30:48Z</time>
   </trkpt>
   <trkpt lat="51.4885830" lon="-0.2333950">
    <ele>3.9</ele>
    <time>2026-06-19T18:30:49Z</time>
   </trkpt>
   <trkpt lat="51.4885880" lon="-0.2334060">
    <ele>3.9</ele>
    <time>2026-06-19T18:30:50Z</time>
   </trkpt>
   <trkpt lat="51.4885920" lon="-0.2334280">
    <ele>3.9</ele>
    <time>2026-06-19T18:30:51Z</time>
   </trkpt>
   <trkpt lat="51.4885980" lon="-0.2334470">
    <ele>3.9</ele>
    <time>2026-06-19T18:30:52Z</time>
   </trkpt>
   <trkpt lat="51.4886010" lon="-0.2334710">
    <ele>3.9</ele>
    <time>2026-06-19T18:30:53Z</time>
   </trkpt>
   <trkpt lat="51.4886030" lon="-0.2334890">
    <ele>3.9</ele>
    <time>2026-06-19T18:30:54Z</time>
   </trkpt>
   <trkpt lat="51.4886050" lon="-0.2335200">
    <ele>3.9</ele>
    <time>2026-06-19T18:30:55Z</time>
   </trkpt>
   <trkpt lat="51.4886100" lon="-0.2335400">
    <ele>3.9</ele>
    <time>2026-06-19T18:30:56Z</time>
   </trkpt>
   <trkpt lat="51.4886100" lon="-0.2335640">
    <ele>3.9</ele>
    <time>2026-06-19T18:30:57Z</time>
   </trkpt>
   <trkpt lat="51.4886170" lon="-0.2335870">
    <ele>3.9</ele>
    <time>2026-06-19T18:30:58Z</time>
   </trkpt>
   <trkpt lat="51.4886190" lon="-0.2336010">
    <ele>3.9</ele>
    <time>2026-06-19T18:30:59Z</time>
   </trkpt>
   <trkpt lat="51.4886240" lon="-0.2336170">
    <ele>3.9</ele>
    <time>2026-06-19T18:31:00Z</time>
   </trkpt>
   <trkpt lat="51.4886270" lon="-0.2336340">
    <ele>3.9</ele>
    <time>2026-06-19T18:31:01Z</time>
   </trkpt>
   <trkpt lat="51.4886360" lon="-0.2336470">
    <ele>3.9</ele>
    <time>2026-06-19T18:31:02Z</time>
   </trkpt>
   <trkpt lat="51.4886390" lon="-0.2336640">
    <ele>3.9</ele>
    <time>2026-06-19T18:31:03Z</time>
   </trkpt>
   <trkpt lat="51.4886410" lon="-0.2336890">
    <ele>3.9</ele>
    <time>2026-06-19T18:31:04Z</time>
   </trkpt>
   <trkpt lat="51.4886470" lon="-0.2337090">
    <ele>3.9</ele>
    <time>2026-06-19T18:31:05Z</time>
   </trkpt>
   <trkpt lat="51.4886540" lon="-0.2337400">
    <ele>3.9</ele>
    <time>2026-06-19T18:31:06Z</time>
   </trkpt>
   <trkpt lat="51.4886570" lon="-0.2337530">
    <ele>3.9</ele>
    <time>2026-06-19T18:31:07Z</time>
   </trkpt>
   <trkpt lat="51.4886600" lon="-0.2337670">
    <ele>3.9</ele>
    <time>2026-06-19T18:31:08Z</time>
   </trkpt>
   <trkpt lat="51.4886640" lon="-0.2337840">
    <ele>3.9</ele>
    <time>2026-06-19T18:31:09Z</time>
   </trkpt>
   <trkpt lat="51.4886680" lon="-0.2338050">
    <ele>3.9</ele>
    <time>2026-06-19T18:31:10Z</time>
   </trkpt>
   <trkpt lat="51.4886720" lon="-0.2338200">
    <ele>3.9</ele>
    <time>2026-06-19T18:31:11Z</time>
   </trkpt>
   <trkpt lat="51.4886770" lon="-0.2338400">
    <ele>3.9</ele>
    <time>2026-06-19T18:31:12Z</time>
   </trkpt>
   <trkpt lat="51.4886810" lon="-0.2338590">
    <ele>3.9</ele>
    <time>2026-06-19T18:31:13Z</time>
   </trkpt>
   <trkpt lat="51.4886840" lon="-0.2338730">
    <ele>3.9</ele>
    <time>2026-06-19T18:31:14Z</time>
   </trkpt>
   <trkpt lat="51.4886870" lon="-0.2339070">
    <ele>3.9</ele>
    <time>2026-06-19T18:31:15Z</time>
   </trkpt>
   <trkpt lat="51.4886890" lon="-0.2339200">
    <ele>3.9</ele>
    <time>2026-06-19T18:31:16Z</time>
   </trkpt>
   <trkpt lat="51.4886910" lon="-0.2339320">
    <ele>3.9</ele>
    <time>2026-06-19T18:31:17Z</time>
   </trkpt>
   <trkpt lat="51.4886990" lon="-0.2339650">
    <ele>3.9</ele>
    <time>2026-06-19T18:31:18Z</time>
   </trkpt>
   <trkpt lat="51.4887040" lon="-0.2339770">
    <ele>3.9</ele>
    <time>2026-06-19T18:31:19Z</time>
   </trkpt>
   <trkpt lat="51.4887100" lon="-0.2339890">
    <ele>3.9</ele>
    <time>2026-06-19T18:31:20Z</time>
   </trkpt>
   <trkpt lat="51.4887150" lon="-0.2340050">
    <ele>3.8</ele>
    <time>2026-06-19T18:31:21Z</time>
   </trkpt>
   <trkpt lat="51.4887250" lon="-0.2340220">
    <ele>3.8</ele>
    <time>2026-06-19T18:31:22Z</time>
   </trkpt>
   <trkpt lat="51.4887290" lon="-0.2340370">
    <ele>3.8</ele>
    <time>2026-06-19T18:31:23Z</time>
   </trkpt>
   <trkpt lat="51.4887330" lon="-0.2340510">
    <ele>3.8</ele>
    <time>2026-06-19T18:31:24Z</time>
   </trkpt>
   <trkpt lat="51.4887440" lon="-0.2340700">
    <ele>3.8</ele>
    <time>2026-06-19T18:31:25Z</time>
   </trkpt>
   <trkpt lat="51.4887490" lon="-0.2340830">
    <ele>3.8</ele>
    <time>2026-06-19T18:31:26Z</time>
   </trkpt>
   <trkpt lat="51.4887550" lon="-0.2340950">
    <ele>3.8</ele>
    <time>2026-06-19T18:31:27Z</time>
   </trkpt>
   <trkpt lat="51.4887570" lon="-0.2341120">
    <ele>3.8</ele>
    <time>2026-06-19T18:31:28Z</time>
   </trkpt>
   <trkpt lat="51.4887540" lon="-0.2341390">
    <ele>3.8</ele>
    <time>2026-06-19T18:31:29Z</time>
   </trkpt>
   <trkpt lat="51.4887550" lon="-0.2341760">
    <ele>3.8</ele>
    <time>2026-06-19T18:31:30Z</time>
   </trkpt>
   <trkpt lat="51.4887560" lon="-0.2341920">
    <ele>3.8</ele>
    <time>2026-06-19T18:31:31Z</time>
   </trkpt>
   <trkpt lat="51.4887560" lon="-0.2342090">
    <ele>3.8</ele>
    <time>2026-06-19T18:31:32Z</time>
   </trkpt>
   <trkpt lat="51.4887470" lon="-0.2342500">
    <ele>3.8</ele>
    <time>2026-06-19T18:31:33Z</time>
   </trkpt>
   <trkpt lat="51.4887420" lon="-0.2342660">
    <ele>3.8</ele>
    <time>2026-06-19T18:31:34Z</time>
   </trkpt>
   <trkpt lat="51.4887450" lon="-0.2342990">
    <ele>3.8</ele>
    <time>2026-06-19T18:31:35Z</time>
   </trkpt>
   <trkpt lat="51.4887500" lon="-0.2343100">
    <ele>3.8</ele>
    <time>2026-06-19T18:31:36Z</time>
   </trkpt>
   <trkpt lat="51.4887540" lon="-0.2343220">
    <ele>3.8</ele>
    <time>2026-06-19T18:31:37Z</time>
   </trkpt>
   <trkpt lat="51.4887660" lon="-0.2343420">
    <ele>3.8</ele>
    <time>2026-06-19T18:31:38Z</time>
   </trkpt>
   <trkpt lat="51.4887780" lon="-0.2343620">
    <ele>3.8</ele>
    <time>2026-06-19T18:31:39Z</time>
   </trkpt>
   <trkpt lat="51.4887860" lon="-0.2343930">
    <ele>3.8</ele>
    <time>2026-06-19T18:31:40Z</time>
   </trkpt>
   <trkpt lat="51.4887900" lon="-0.2344060">
    <ele>3.8</ele>
    <time>2026-06-19T18:31:41Z</time>
   </trkpt>
   <trkpt lat="51.4887930" lon="-0.2344190">
    <ele>3.8</ele>
    <time>2026-06-19T18:31:42Z</time>
   </trkpt>
   <trkpt lat="51.4887990" lon="-0.2344510">
    <ele>3.8</ele>
    <time>2026-06-19T18:31:43Z</time>
   </trkpt>
   <trkpt lat="51.4888010" lon="-0.2344650">
    <ele>3.8</ele>
    <time>2026-06-19T18:31:44Z</time>
   </trkpt>
   <trkpt lat="51.4888040" lon="-0.2344780">
    <ele>3.8</ele>
    <time>2026-06-19T18:31:45Z</time>
   </trkpt>
   <trkpt lat="51.4888050" lon="-0.2345000">
    <ele>3.8</ele>
    <time>2026-06-19T18:31:46Z</time>
   </trkpt>
   <trkpt lat="51.4888050" lon="-0.2345230">
    <ele>3.8</ele>
    <time>2026-06-19T18:31:47Z</time>
   </trkpt>
   <trkpt lat="51.4888100" lon="-0.2345560">
    <ele>3.8</ele>
    <time>2026-06-19T18:31:48Z</time>
   </trkpt>
   <trkpt lat="51.4888100" lon="-0.2345700">
    <ele>3.8</ele>
    <time>2026-06-19T18:31:49Z</time>
   </trkpt>
   <trkpt lat="51.4888100" lon="-0.2345830">
    <ele>3.8</ele>
    <time>2026-06-19T18:31:50Z</time>
   </trkpt>
   <trkpt lat="51.4888120" lon="-0.2346190">
    <ele>3.8</ele>
    <time>2026-06-19T18:31:51Z</time>
   </trkpt>
   <trkpt lat="51.4888150" lon="-0.2346330">
    <ele>3.8</ele>
    <time>2026-06-19T18:31:52Z</time>
   </trkpt>
   <trkpt lat="51.4888170" lon="-0.2346470">
    <ele>3.8</ele>
    <time>2026-06-19T18:31:53Z</time>
   </trkpt>
   <trkpt lat="51.4888220" lon="-0.2346800">
    <ele>3.8</ele>
    <time>2026-06-19T18:31:54Z</time>
   </trkpt>
   <trkpt lat="51.4888230" lon="-0.2346950">
    <ele>3.8</ele>
    <time>2026-06-19T18:31:55Z</time>
   </trkpt>
   <trkpt lat="51.4888250" lon="-0.2347110">
    <ele>3.8</ele>
    <time>2026-06-19T18:31:56Z</time>
   </trkpt>
   <trkpt lat="51.4888280" lon="-0.2347340">
    <ele>3.8</ele>
    <time>2026-06-19T18:31:57Z</time>
   </trkpt>
   <trkpt lat="51.4888290" lon="-0.2347540">
    <ele>3.8</ele>
    <time>2026-06-19T18:31:58Z</time>
   </trkpt>
   <trkpt lat="51.4888340" lon="-0.2347900">
    <ele>3.8</ele>
    <time>2026-06-19T18:31:59Z</time>
   </trkpt>
   <trkpt lat="51.4888360" lon="-0.2348040">
    <ele>3.8</ele>
    <time>2026-06-19T18:32:00Z</time>
   </trkpt>
   <trkpt lat="51.4888370" lon="-0.2348170">
    <ele>3.8</ele>
    <time>2026-06-19T18:32:01Z</time>
   </trkpt>
   <trkpt lat="51.4888390" lon="-0.2348530">
    <ele>3.8</ele>
    <time>2026-06-19T18:32:02Z</time>
   </trkpt>
   <trkpt lat="51.4888420" lon="-0.2348650">
    <ele>3.8</ele>
    <time>2026-06-19T18:32:03Z</time>
   </trkpt>
   <trkpt lat="51.4888440" lon="-0.2348780">
    <ele>3.8</ele>
    <time>2026-06-19T18:32:04Z</time>
   </trkpt>
   <trkpt lat="51.4888430" lon="-0.2348990">
    <ele>3.8</ele>
    <time>2026-06-19T18:32:05Z</time>
   </trkpt>
   <trkpt lat="51.4888410" lon="-0.2349230">
    <ele>3.8</ele>
    <time>2026-06-19T18:32:06Z</time>
   </trkpt>
   <trkpt lat="51.4888460" lon="-0.2349420">
    <ele>3.8</ele>
    <time>2026-06-19T18:32:07Z</time>
   </trkpt>
   <trkpt lat="51.4888500" lon="-0.2349530">
    <ele>3.8</ele>
    <time>2026-06-19T18:32:08Z</time>
   </trkpt>
   <trkpt lat="51.4888540" lon="-0.2349710">
    <ele>3.8</ele>
    <time>2026-06-19T18:32:09Z</time>
   </trkpt>
   <trkpt lat="51.4888550" lon="-0.2349930">
    <ele>3.8</ele>
    <time>2026-06-19T18:32:10Z</time>
   </trkpt>
   <trkpt lat="51.4888560" lon="-0.2350150">
    <ele>3.8</ele>
    <time>2026-06-19T18:32:11Z</time>
   </trkpt>
   <trkpt lat="51.4888590" lon="-0.2350370">
    <ele>3.8</ele>
    <time>2026-06-19T18:32:12Z</time>
   </trkpt>
   <trkpt lat="51.4888620" lon="-0.2350500">
    <ele>3.8</ele>
    <time>2026-06-19T18:32:13Z</time>
   </trkpt>
   <trkpt lat="51.4888630" lon="-0.2350720">
    <ele>3.8</ele>
    <time>2026-06-19T18:32:14Z</time>
   </trkpt>
   <trkpt lat="51.4888580" lon="-0.2350940">
    <ele>3.8</ele>
    <time>2026-06-19T18:32:15Z</time>
   </trkpt>
   <trkpt lat="51.4888600" lon="-0.2351210">
    <ele>3.8</ele>
    <time>2026-06-19T18:32:16Z</time>
   </trkpt>
   <trkpt lat="51.4888610" lon="-0.2351460">
    <ele>3.8</ele>
    <time>2026-06-19T18:32:17Z</time>
   </trkpt>
   <trkpt lat="51.4888650" lon="-0.2351640">
    <ele>3.8</ele>
    <time>2026-06-19T18:32:18Z</time>
   </trkpt>
   <trkpt lat="51.4888700" lon="-0.2351830">
    <ele>3.8</ele>
    <time>2026-06-19T18:32:19Z</time>
   </trkpt>
   <trkpt lat="51.4888710" lon="-0.2352090">
    <ele>3.8</ele>
    <time>2026-06-19T18:32:20Z</time>
   </trkpt>
   <trkpt lat="51.4888820" lon="-0.2352280">
    <ele>3.8</ele>
    <time>2026-06-19T18:32:21Z</time>
   </trkpt>
   <trkpt lat="51.4888860" lon="-0.2352500">
    <ele>3.8</ele>
    <time>2026-06-19T18:32:22Z</time>
   </trkpt>
   <trkpt lat="51.4888840" lon="-0.2352830">
    <ele>3.8</ele>
    <time>2026-06-19T18:32:23Z</time>
   </trkpt>
   <trkpt lat="51.4888860" lon="-0.2352960">
    <ele>3.8</ele>
    <time>2026-06-19T18:32:24Z</time>
   </trkpt>
   <trkpt lat="51.4888870" lon="-0.2353090">
    <ele>3.8</ele>
    <time>2026-06-19T18:32:25Z</time>
   </trkpt>
   <trkpt lat="51.4888910" lon="-0.2353400">
    <ele>3.8</ele>
    <time>2026-06-19T18:32:26Z</time>
   </trkpt>
   <trkpt lat="51.4888910" lon="-0.2353550">
    <ele>3.8</ele>
    <time>2026-06-19T18:32:27Z</time>
   </trkpt>
   <trkpt lat="51.4888920" lon="-0.2353700">
    <ele>3.8</ele>
    <time>2026-06-19T18:32:28Z</time>
   </trkpt>
   <trkpt lat="51.4888930" lon="-0.2353820">
    <ele>3.8</ele>
    <time>2026-06-19T18:32:29Z</time>
   </trkpt>
   <trkpt lat="51.4888950" lon="-0.2353980">
    <ele>3.8</ele>
    <time>2026-06-19T18:32:30Z</time>
   </trkpt>
   <trkpt lat="51.4889020" lon="-0.2354190">
    <ele>3.8</ele>
    <time>2026-06-19T18:32:31Z</time>
   </trkpt>
   <trkpt lat="51.4889050" lon="-0.2354410">
    <ele>3.7</ele>
    <time>2026-06-19T18:32:32Z</time>
   </trkpt>
   <trkpt lat="51.4889050" lon="-0.2354620">
    <ele>3.7</ele>
    <time>2026-06-19T18:32:33Z</time>
   </trkpt>
   <trkpt lat="51.4889090" lon="-0.2354960">
    <ele>3.7</ele>
    <time>2026-06-19T18:32:34Z</time>
   </trkpt>
   <trkpt lat="51.4889100" lon="-0.2355170">
    <ele>3.7</ele>
    <time>2026-06-19T18:32:35Z</time>
   </trkpt>
   <trkpt lat="51.4889100" lon="-0.2355370">
    <ele>3.7</ele>
    <time>2026-06-19T18:32:36Z</time>
   </trkpt>
   <trkpt lat="51.4889150" lon="-0.2355490">
    <ele>3.7</ele>
    <time>2026-06-19T18:32:37Z</time>
   </trkpt>
   <trkpt lat="51.4889190" lon="-0.2355610">
    <ele>3.7</ele>
    <time>2026-06-19T18:32:38Z</time>
   </trkpt>
   <trkpt lat="51.4889200" lon="-0.2355850">
    <ele>3.7</ele>
    <time>2026-06-19T18:32:39Z</time>
   </trkpt>
   <trkpt lat="51.4889200" lon="-0.2356110">
    <ele>3.7</ele>
    <time>2026-06-19T18:32:40Z</time>
   </trkpt>
   <trkpt lat="51.4889220" lon="-0.2356320">
    <ele>3.7</ele>
    <time>2026-06-19T18:32:41Z</time>
   </trkpt>
   <trkpt lat="51.4889230" lon="-0.2356710">
    <ele>3.7</ele>
    <time>2026-06-19T18:32:42Z</time>
   </trkpt>
   <trkpt lat="51.4889230" lon="-0.2356850">
    <ele>3.7</ele>
    <time>2026-06-19T18:32:43Z</time>
   </trkpt>
   <trkpt lat="51.4889220" lon="-0.2357000">
    <ele>3.7</ele>
    <time>2026-06-19T18:32:44Z</time>
   </trkpt>
   <trkpt lat="51.4889240" lon="-0.2357360">
    <ele>3.7</ele>
    <time>2026-06-19T18:32:45Z</time>
   </trkpt>
   <trkpt lat="51.4889250" lon="-0.2357500">
    <ele>3.7</ele>
    <time>2026-06-19T18:32:46Z</time>
   </trkpt>
   <trkpt lat="51.4889250" lon="-0.2357650">
    <ele>3.8</ele>
    <time>2026-06-19T18:32:47Z</time>
   </trkpt>
   <trkpt lat="51.4889230" lon="-0.2357940">
    <ele>3.8</ele>
    <time>2026-06-19T18:32:48Z</time>
   </trkpt>
   <trkpt lat="51.4889240" lon="-0.2358100">
    <ele>3.8</ele>
    <time>2026-06-19T18:32:49Z</time>
   </trkpt>
   <trkpt lat="51.4889240" lon="-0.2358430">
    <ele>3.8</ele>
    <time>2026-06-19T18:32:50Z</time>
   </trkpt>
   <trkpt lat="51.4889240" lon="-0.2358570">
    <ele>3.8</ele>
    <time>2026-06-19T18:32:51Z</time>
   </trkpt>
   <trkpt lat="51.4889250" lon="-0.2358710">
    <ele>3.8</ele>
    <time>2026-06-19T18:32:52Z</time>
   </trkpt>
   <trkpt lat="51.4889250" lon="-0.2358990">
    <ele>3.8</ele>
    <time>2026-06-19T18:32:53Z</time>
   </trkpt>
   <trkpt lat="51.4889260" lon="-0.2359210">
    <ele>3.8</ele>
    <time>2026-06-19T18:32:54Z</time>
   </trkpt>
   <trkpt lat="51.4889270" lon="-0.2359570">
    <ele>3.8</ele>
    <time>2026-06-19T18:32:55Z</time>
   </trkpt>
   <trkpt lat="51.4889290" lon="-0.2359690">
    <ele>3.8</ele>
    <time>2026-06-19T18:32:56Z</time>
   </trkpt>
   <trkpt lat="51.4889310" lon="-0.2359810">
    <ele>3.8</ele>
    <time>2026-06-19T18:32:57Z</time>
   </trkpt>
   <trkpt lat="51.4889310" lon="-0.2359950">
    <ele>3.8</ele>
    <time>2026-06-19T18:32:58Z</time>
   </trkpt>
   <trkpt lat="51.4889340" lon="-0.2360130">
    <ele>3.8</ele>
    <time>2026-06-19T18:32:59Z</time>
   </trkpt>
   <trkpt lat="51.4889340" lon="-0.2360340">
    <ele>3.8</ele>
    <time>2026-06-19T18:33:00Z</time>
   </trkpt>
   <trkpt lat="51.4889400" lon="-0.2360680">
    <ele>3.9</ele>
    <time>2026-06-19T18:33:01Z</time>
   </trkpt>
   <trkpt lat="51.4889400" lon="-0.2360840">
    <ele>3.9</ele>
    <time>2026-06-19T18:33:02Z</time>
   </trkpt>
   <trkpt lat="51.4889410" lon="-0.2361000">
    <ele>3.9</ele>
    <time>2026-06-19T18:33:03Z</time>
   </trkpt>
   <trkpt lat="51.4889390" lon="-0.2361230">
    <ele>3.9</ele>
    <time>2026-06-19T18:33:04Z</time>
   </trkpt>
   <trkpt lat="51.4889370" lon="-0.2361480">
    <ele>3.9</ele>
    <time>2026-06-19T18:33:05Z</time>
   </trkpt>
   <trkpt lat="51.4889380" lon="-0.2361820">
    <ele>3.9</ele>
    <time>2026-06-19T18:33:06Z</time>
   </trkpt>
   <trkpt lat="51.4889400" lon="-0.2361930">
    <ele>3.9</ele>
    <time>2026-06-19T18:33:07Z</time>
   </trkpt>
   <trkpt lat="51.4889430" lon="-0.2362050">
    <ele>3.9</ele>
    <time>2026-06-19T18:33:08Z</time>
   </trkpt>
   <trkpt lat="51.4889460" lon="-0.2362180">
    <ele>3.9</ele>
    <time>2026-06-19T18:33:09Z</time>
   </trkpt>
   <trkpt lat="51.4889460" lon="-0.2362330">
    <ele>3.9</ele>
    <time>2026-06-19T18:33:10Z</time>
   </trkpt>
   <trkpt lat="51.4889490" lon="-0.2362520">
    <ele>3.9</ele>
    <time>2026-06-19T18:33:11Z</time>
   </trkpt>
   <trkpt lat="51.4889520" lon="-0.2362640">
    <ele>3.9</ele>
    <time>2026-06-19T18:33:12Z</time>
   </trkpt>
   <trkpt lat="51.4889540" lon="-0.2362830">
    <ele>3.9</ele>
    <time>2026-06-19T18:33:13Z</time>
   </trkpt>
   <trkpt lat="51.4889550" lon="-0.2363080">
    <ele>3.9</ele>
    <time>2026-06-19T18:33:14Z</time>
   </trkpt>
   <trkpt lat="51.4889520" lon="-0.2363280">
    <ele>3.9</ele>
    <time>2026-06-19T18:33:15Z</time>
   </trkpt>
   <trkpt lat="51.4889530" lon="-0.2363410">
    <ele>3.9</ele>
    <time>2026-06-19T18:33:16Z</time>
   </trkpt>
   <trkpt lat="51.4889530" lon="-0.2363530">
    <ele>3.9</ele>
    <time>2026-06-19T18:33:17Z</time>
   </trkpt>
   <trkpt lat="51.4889520" lon="-0.2363880">
    <ele>3.9</ele>
    <time>2026-06-19T18:33:18Z</time>
   </trkpt>
   <trkpt lat="51.4889530" lon="-0.2364010">
    <ele>3.9</ele>
    <time>2026-06-19T18:33:19Z</time>
   </trkpt>
   <trkpt lat="51.4889530" lon="-0.2364150">
    <ele>3.9</ele>
    <time>2026-06-19T18:33:20Z</time>
   </trkpt>
   <trkpt lat="51.4889490" lon="-0.2364340">
    <ele>3.9</ele>
    <time>2026-06-19T18:33:21Z</time>
   </trkpt>
   <trkpt lat="51.4889490" lon="-0.2364490">
    <ele>3.9</ele>
    <time>2026-06-19T18:33:22Z</time>
   </trkpt>
   <trkpt lat="51.4889510" lon="-0.2364640">
    <ele>3.9</ele>
    <time>2026-06-19T18:33:23Z</time>
   </trkpt>
   <trkpt lat="51.4889540" lon="-0.2364850">
    <ele>3.9</ele>
    <time>2026-06-19T18:33:24Z</time>
   </trkpt>
   <trkpt lat="51.4889560" lon="-0.2365100">
    <ele>3.9</ele>
    <time>2026-06-19T18:33:25Z</time>
   </trkpt>
   <trkpt lat="51.4889610" lon="-0.2365220">
    <ele>3.9</ele>
    <time>2026-06-19T18:33:26Z</time>
   </trkpt>
   <trkpt lat="51.4889680" lon="-0.2365410">
    <ele>3.9</ele>
    <time>2026-06-19T18:33:27Z</time>
   </trkpt>
   <trkpt lat="51.4889660" lon="-0.2365550">
    <ele>3.9</ele>
    <time>2026-06-19T18:33:28Z</time>
   </trkpt>
   <trkpt lat="51.4889640" lon="-0.2365710">
    <ele>3.9</ele>
    <time>2026-06-19T18:33:29Z</time>
   </trkpt>
   <trkpt lat="51.4889660" lon="-0.2365930">
    <ele>3.9</ele>
    <time>2026-06-19T18:33:30Z</time>
   </trkpt>
   <trkpt lat="51.4889670" lon="-0.2366120">
    <ele>3.9</ele>
    <time>2026-06-19T18:33:31Z</time>
   </trkpt>
   <trkpt lat="51.4889670" lon="-0.2366350">
    <ele>3.9</ele>
    <time>2026-06-19T18:33:32Z</time>
   </trkpt>
   <trkpt lat="51.4889650" lon="-0.2366670">
    <ele>3.9</ele>
    <time>2026-06-19T18:33:33Z</time>
   </trkpt>
   <trkpt lat="51.4889660" lon="-0.2366910">
    <ele>3.9</ele>
    <time>2026-06-19T18:33:34Z</time>
   </trkpt>
   <trkpt lat="51.4889670" lon="-0.2367160">
    <ele>3.9</ele>
    <time>2026-06-19T18:33:35Z</time>
   </trkpt>
   <trkpt lat="51.4889640" lon="-0.2367470">
    <ele>3.9</ele>
    <time>2026-06-19T18:33:36Z</time>
   </trkpt>
   <trkpt lat="51.4889610" lon="-0.2367700">
    <ele>3.9</ele>
    <time>2026-06-19T18:33:37Z</time>
   </trkpt>
   <trkpt lat="51.4889550" lon="-0.2368000">
    <ele>3.9</ele>
    <time>2026-06-19T18:33:38Z</time>
   </trkpt>
   <trkpt lat="51.4889530" lon="-0.2368160">
    <ele>3.9</ele>
    <time>2026-06-19T18:33:39Z</time>
   </trkpt>
   <trkpt lat="51.4889520" lon="-0.2368310">
    <ele>3.9</ele>
    <time>2026-06-19T18:33:40Z</time>
   </trkpt>
   <trkpt lat="51.4889530" lon="-0.2368540">
    <ele>3.9</ele>
    <time>2026-06-19T18:33:41Z</time>
   </trkpt>
   <trkpt lat="51.4889520" lon="-0.2368700">
    <ele>3.9</ele>
    <time>2026-06-19T18:33:42Z</time>
   </trkpt>
   <trkpt lat="51.4889520" lon="-0.2368830">
    <ele>3.9</ele>
    <time>2026-06-19T18:33:43Z</time>
   </trkpt>
   <trkpt lat="51.4889520" lon="-0.2369060">
    <ele>3.9</ele>
    <time>2026-06-19T18:33:44Z</time>
   </trkpt>
   <trkpt lat="51.4889510" lon="-0.2369300">
    <ele>3.9</ele>
    <time>2026-06-19T18:33:45Z</time>
   </trkpt>
   <trkpt lat="51.4889490" lon="-0.2369630">
    <ele>3.9</ele>
    <time>2026-06-19T18:33:46Z</time>
   </trkpt>
   <trkpt lat="51.4889480" lon="-0.2369760">
    <ele>3.9</ele>
    <time>2026-06-19T18:33:47Z</time>
   </trkpt>
   <trkpt lat="51.4889470" lon="-0.2369890">
    <ele>3.9</ele>
    <time>2026-06-19T18:33:48Z</time>
   </trkpt>
   <trkpt lat="51.4889450" lon="-0.2370200">
    <ele>3.9</ele>
    <time>2026-06-19T18:33:49Z</time>
   </trkpt>
   <trkpt lat="51.4889440" lon="-0.2370380">
    <ele>3.9</ele>
    <time>2026-06-19T18:33:50Z</time>
   </trkpt>
   <trkpt lat="51.4889420" lon="-0.2370550">
    <ele>3.9</ele>
    <time>2026-06-19T18:33:51Z</time>
   </trkpt>
   <trkpt lat="51.4889430" lon="-0.2370740">
    <ele>3.9</ele>
    <time>2026-06-19T18:33:52Z</time>
   </trkpt>
   <trkpt lat="51.4889490" lon="-0.2370850">
    <ele>3.9</ele>
    <time>2026-06-19T18:33:53Z</time>
   </trkpt>
   <trkpt lat="51.4889490" lon="-0.2370990">
    <ele>3.9</ele>
    <time>2026-06-19T18:33:54Z</time>
   </trkpt>
   <trkpt lat="51.4889520" lon="-0.2371260">
    <ele>3.9</ele>
    <time>2026-06-19T18:33:55Z</time>
   </trkpt>
   <trkpt lat="51.4889560" lon="-0.2371480">
    <ele>3.9</ele>
    <time>2026-06-19T18:33:56Z</time>
   </trkpt>
   <trkpt lat="51.4889550" lon="-0.2371750">
    <ele>3.9</ele>
    <time>2026-06-19T18:33:57Z</time>
   </trkpt>
   <trkpt lat="51.4889540" lon="-0.2372040">
    <ele>3.9</ele>
    <time>2026-06-19T18:33:58Z</time>
   </trkpt>
   <trkpt lat="51.4889500" lon="-0.2372300">
    <ele>3.9</ele>
    <time>2026-06-19T18:33:59Z</time>
   </trkpt>
   <trkpt lat="51.4889530" lon="-0.2372610">
    <ele>3.9</ele>
    <time>2026-06-19T18:34:00Z</time>
   </trkpt>
   <trkpt lat="51.4889550" lon="-0.2372950">
    <ele>3.9</ele>
    <time>2026-06-19T18:34:01Z</time>
   </trkpt>
   <trkpt lat="51.4889550" lon="-0.2373100">
    <ele>3.9</ele>
    <time>2026-06-19T18:34:02Z</time>
   </trkpt>
   <trkpt lat="51.4889550" lon="-0.2373240">
    <ele>3.9</ele>
    <time>2026-06-19T18:34:03Z</time>
   </trkpt>
   <trkpt lat="51.4889490" lon="-0.2373420">
    <ele>3.9</ele>
    <time>2026-06-19T18:34:04Z</time>
   </trkpt>
   <trkpt lat="51.4889470" lon="-0.2373730">
    <ele>3.9</ele>
    <time>2026-06-19T18:34:05Z</time>
   </trkpt>
   <trkpt lat="51.4889460" lon="-0.2373970">
    <ele>3.9</ele>
    <time>2026-06-19T18:34:06Z</time>
   </trkpt>
   <trkpt lat="51.4889430" lon="-0.2374260">
    <ele>3.9</ele>
    <time>2026-06-19T18:34:07Z</time>
   </trkpt>
   <trkpt lat="51.4889460" lon="-0.2374480">
    <ele>3.9</ele>
    <time>2026-06-19T18:34:08Z</time>
   </trkpt>
   <trkpt lat="51.4889450" lon="-0.2374720">
    <ele>3.9</ele>
    <time>2026-06-19T18:34:09Z</time>
   </trkpt>
   <trkpt lat="51.4889450" lon="-0.2374990">
    <ele>3.9</ele>
    <time>2026-06-19T18:34:10Z</time>
   </trkpt>
   <trkpt lat="51.4889500" lon="-0.2375180">
    <ele>3.9</ele>
    <time>2026-06-19T18:34:11Z</time>
   </trkpt>
   <trkpt lat="51.4889570" lon="-0.2375280">
    <ele>3.9</ele>
    <time>2026-06-19T18:34:12Z</time>
   </trkpt>
   <trkpt lat="51.4889560" lon="-0.2375470">
    <ele>3.9</ele>
    <time>2026-06-19T18:34:13Z</time>
   </trkpt>
   <trkpt lat="51.4889600" lon="-0.2375700">
    <ele>3.9</ele>
    <time>2026-06-19T18:34:14Z</time>
   </trkpt>
   <trkpt lat="51.4889620" lon="-0.2375880">
    <ele>3.9</ele>
    <time>2026-06-19T18:34:15Z</time>
   </trkpt>
   <trkpt lat="51.4889610" lon="-0.2376140">
    <ele>3.9</ele>
    <time>2026-06-19T18:34:16Z</time>
   </trkpt>
   <trkpt lat="51.4889530" lon="-0.2376620">
    <ele>3.9</ele>
    <time>2026-06-19T18:34:17Z</time>
   </trkpt>
   <trkpt lat="51.4889510" lon="-0.2376720">
    <ele>3.9</ele>
    <time>2026-06-19T18:34:18Z</time>
   </trkpt>
   <trkpt lat="51.4889540" lon="-0.2376910">
    <ele>3.9</ele>
    <time>2026-06-19T18:34:19Z</time>
   </trkpt>
   <trkpt lat="51.4889590" lon="-0.2377090">
    <ele>3.9</ele>
    <time>2026-06-19T18:34:20Z</time>
   </trkpt>
   <trkpt lat="51.4889600" lon="-0.2377250">
    <ele>3.9</ele>
    <time>2026-06-19T18:34:21Z</time>
   </trkpt>
   <trkpt lat="51.4889570" lon="-0.2377550">
    <ele>3.9</ele>
    <time>2026-06-19T18:34:22Z</time>
   </trkpt>
   <trkpt lat="51.4889550" lon="-0.2377740">
    <ele>3.9</ele>
    <time>2026-06-19T18:34:23Z</time>
   </trkpt>
   <trkpt lat="51.4889530" lon="-0.2377930">
    <ele>3.9</ele>
    <time>2026-06-19T18:34:24Z</time>
   </trkpt>
   <trkpt lat="51.4889520" lon="-0.2378180">
    <ele>3.9</ele>
    <time>2026-06-19T18:34:25Z</time>
   </trkpt>
   <trkpt lat="51.4889510" lon="-0.2378430">
    <ele>3.9</ele>
    <time>2026-06-19T18:34:26Z</time>
   </trkpt>
   <trkpt lat="51.4889490" lon="-0.2378630">
    <ele>3.9</ele>
    <time>2026-06-19T18:34:27Z</time>
   </trkpt>
   <trkpt lat="51.4889470" lon="-0.2378800">
    <ele>3.9</ele>
    <time>2026-06-19T18:34:28Z</time>
   </trkpt>
   <trkpt lat="51.4889470" lon="-0.2378970">
    <ele>3.9</ele>
    <time>2026-06-19T18:34:29Z</time>
   </trkpt>
   <trkpt lat="51.4889430" lon="-0.2379160">
    <ele>3.9</ele>
    <time>2026-06-19T18:34:30Z</time>
   </trkpt>
   <trkpt lat="51.4889430" lon="-0.2379280">
    <ele>3.9</ele>
    <time>2026-06-19T18:34:31Z</time>
   </trkpt>
   <trkpt lat="51.4889390" lon="-0.2379250">
    <ele>3.9</ele>
    <time>2026-06-19T18:34:32Z</time>
   </trkpt>
   <trkpt lat="51.4889410" lon="-0.2379390">
    <ele>3.9</ele>
    <time>2026-06-19T18:34:33Z</time>
   </trkpt>
   <trkpt lat="51.4889370" lon="-0.2379640">
    <ele>3.9</ele>
    <time>2026-06-19T18:34:34Z</time>
   </trkpt>
   <trkpt lat="51.4889300" lon="-0.2379790">
    <ele>3.9</ele>
    <time>2026-06-19T18:34:35Z</time>
   </trkpt>
   <trkpt lat="51.4889270" lon="-0.2379970">
    <ele>3.9</ele>
    <time>2026-06-19T18:34:36Z</time>
   </trkpt>
   <trkpt lat="51.4889200" lon="-0.2380240">
    <ele>3.9</ele>
    <time>2026-06-19T18:34:37Z</time>
   </trkpt>
   <trkpt lat="51.4889170" lon="-0.2380520">
    <ele>3.9</ele>
    <time>2026-06-19T18:34:38Z</time>
   </trkpt>
   <trkpt lat="51.4889180" lon="-0.2380700">
    <ele>3.9</ele>
    <time>2026-06-19T18:34:39Z</time>
   </trkpt>
   <trkpt lat="51.4889190" lon="-0.2380820">
    <ele>3.9</ele>
    <time>2026-06-19T18:34:40Z</time>
   </trkpt>
   <trkpt lat="51.4889190" lon="-0.2381010">
    <ele>3.9</ele>
    <time>2026-06-19T18:34:41Z</time>
   </trkpt>
   <trkpt lat="51.4889120" lon="-0.2381250">
    <ele>3.9</ele>
    <time>2026-06-19T18:34:42Z</time>
   </trkpt>
   <trkpt lat="51.4889000" lon="-0.2381540">
    <ele>3.9</ele>
    <time>2026-06-19T18:34:43Z</time>
   </trkpt>
   <trkpt lat="51.4888980" lon="-0.2381750">
    <ele>3.9</ele>
    <time>2026-06-19T18:34:44Z</time>
   </trkpt>
   <trkpt lat="51.4889020" lon="-0.2381990">
    <ele>3.9</ele>
    <time>2026-06-19T18:34:45Z</time>
   </trkpt>
   <trkpt lat="51.4889040" lon="-0.2382260">
    <ele>3.9</ele>
    <time>2026-06-19T18:34:46Z</time>
   </trkpt>
   <trkpt lat="51.4888960" lon="-0.2382670">
    <ele>3.9</ele>
    <time>2026-06-19T18:34:47Z</time>
   </trkpt>
   <trkpt lat="51.4888920" lon="-0.2382850">
    <ele>3.9</ele>
    <time>2026-06-19T18:34:48Z</time>
   </trkpt>
   <trkpt lat="51.4888920" lon="-0.2383200">
    <ele>3.9</ele>
    <time>2026-06-19T18:34:49Z</time>
   </trkpt>
   <trkpt lat="51.4888900" lon="-0.2383380">
    <ele>3.9</ele>
    <time>2026-06-19T18:34:50Z</time>
   </trkpt>
   <trkpt lat="51.4888880" lon="-0.2383550">
    <ele>3.9</ele>
    <time>2026-06-19T18:34:51Z</time>
   </trkpt>
   <trkpt lat="51.4888780" lon="-0.2383780">
    <ele>3.9</ele>
    <time>2026-06-19T18:34:52Z</time>
   </trkpt>
   <trkpt lat="51.4888700" lon="-0.2384020">
    <ele>3.9</ele>
    <time>2026-06-19T18:34:53Z</time>
   </trkpt>
   <trkpt lat="51.4888620" lon="-0.2384250">
    <ele>3.9</ele>
    <time>2026-06-19T18:34:54Z</time>
   </trkpt>
   <trkpt lat="51.4888570" lon="-0.2384480">
    <ele>3.9</ele>
    <time>2026-06-19T18:34:55Z</time>
   </trkpt>
   <trkpt lat="51.4888540" lon="-0.2384690">
    <ele>3.9</ele>
    <time>2026-06-19T18:34:56Z</time>
   </trkpt>
   <trkpt lat="51.4888520" lon="-0.2384930">
    <ele>3.9</ele>
    <time>2026-06-19T18:34:57Z</time>
   </trkpt>
   <trkpt lat="51.4888480" lon="-0.2385260">
    <ele>3.9</ele>
    <time>2026-06-19T18:34:58Z</time>
   </trkpt>
   <trkpt lat="51.4888460" lon="-0.2385390">
    <ele>3.9</ele>
    <time>2026-06-19T18:34:59Z</time>
   </trkpt>
   <trkpt lat="51.4888450" lon="-0.2385520">
    <ele>3.9</ele>
    <time>2026-06-19T18:35:00Z</time>
   </trkpt>
   <trkpt lat="51.4888430" lon="-0.2385840">
    <ele>3.9</ele>
    <time>2026-06-19T18:35:01Z</time>
   </trkpt>
   <trkpt lat="51.4888410" lon="-0.2386020">
    <ele>3.9</ele>
    <time>2026-06-19T18:35:02Z</time>
   </trkpt>
   <trkpt lat="51.4888390" lon="-0.2386200">
    <ele>3.9</ele>
    <time>2026-06-19T18:35:03Z</time>
   </trkpt>
   <trkpt lat="51.4888370" lon="-0.2386360">
    <ele>3.9</ele>
    <time>2026-06-19T18:35:04Z</time>
   </trkpt>
   <trkpt lat="51.4888350" lon="-0.2386520">
    <ele>3.9</ele>
    <time>2026-06-19T18:35:05Z</time>
   </trkpt>
   <trkpt lat="51.4888340" lon="-0.2386750">
    <ele>3.9</ele>
    <time>2026-06-19T18:35:06Z</time>
   </trkpt>
   <trkpt lat="51.4888360" lon="-0.2386980">
    <ele>3.8</ele>
    <time>2026-06-19T18:35:07Z</time>
   </trkpt>
   <trkpt lat="51.4888360" lon="-0.2387190">
    <ele>3.8</ele>
    <time>2026-06-19T18:35:08Z</time>
   </trkpt>
   <trkpt lat="51.4888290" lon="-0.2387420">
    <ele>3.8</ele>
    <time>2026-06-19T18:35:09Z</time>
   </trkpt>
   <trkpt lat="51.4888270" lon="-0.2387630">
    <ele>3.8</ele>
    <time>2026-06-19T18:35:10Z</time>
   </trkpt>
   <trkpt lat="51.4888270" lon="-0.2387970">
    <ele>3.8</ele>
    <time>2026-06-19T18:35:11Z</time>
   </trkpt>
   <trkpt lat="51.4888270" lon="-0.2388090">
    <ele>3.8</ele>
    <time>2026-06-19T18:35:12Z</time>
   </trkpt>
   <trkpt lat="51.4888270" lon="-0.2388220">
    <ele>3.8</ele>
    <time>2026-06-19T18:35:13Z</time>
   </trkpt>
   <trkpt lat="51.4888200" lon="-0.2388540">
    <ele>3.8</ele>
    <time>2026-06-19T18:35:14Z</time>
   </trkpt>
   <trkpt lat="51.4888170" lon="-0.2388660">
    <ele>3.8</ele>
    <time>2026-06-19T18:35:15Z</time>
   </trkpt>
   <trkpt lat="51.4888130" lon="-0.2388780">
    <ele>3.8</ele>
    <time>2026-06-19T18:35:16Z</time>
   </trkpt>
   <trkpt lat="51.4888120" lon="-0.2388980">
    <ele>3.8</ele>
    <time>2026-06-19T18:35:17Z</time>
   </trkpt>
   <trkpt lat="51.4888130" lon="-0.2389170">
    <ele>3.8</ele>
    <time>2026-06-19T18:35:18Z</time>
   </trkpt>
   <trkpt lat="51.4888120" lon="-0.2389350">
    <ele>3.8</ele>
    <time>2026-06-19T18:35:19Z</time>
   </trkpt>
   <trkpt lat="51.4888050" lon="-0.2389680">
    <ele>3.8</ele>
    <time>2026-06-19T18:35:20Z</time>
   </trkpt>
   <trkpt lat="51.4888020" lon="-0.2389820">
    <ele>3.8</ele>
    <time>2026-06-19T18:35:21Z</time>
   </trkpt>
   <trkpt lat="51.4887980" lon="-0.2389970">
    <ele>3.8</ele>
    <time>2026-06-19T18:35:22Z</time>
   </trkpt>
   <trkpt lat="51.4887930" lon="-0.2390190">
    <ele>3.8</ele>
    <time>2026-06-19T18:35:23Z</time>
   </trkpt>
   <trkpt lat="51.4887900" lon="-0.2390410">
    <ele>3.8</ele>
    <time>2026-06-19T18:35:24Z</time>
   </trkpt>
   <trkpt lat="51.4887800" lon="-0.2390760">
    <ele>3.8</ele>
    <time>2026-06-19T18:35:25Z</time>
   </trkpt>
   <trkpt lat="51.4887770" lon="-0.2390880">
    <ele>3.8</ele>
    <time>2026-06-19T18:35:26Z</time>
   </trkpt>
   <trkpt lat="51.4887740" lon="-0.2391010">
    <ele>3.8</ele>
    <time>2026-06-19T18:35:27Z</time>
   </trkpt>
   <trkpt lat="51.4887720" lon="-0.2391250">
    <ele>3.8</ele>
    <time>2026-06-19T18:35:28Z</time>
   </trkpt>
   <trkpt lat="51.4887710" lon="-0.2391540">
    <ele>3.8</ele>
    <time>2026-06-19T18:35:29Z</time>
   </trkpt>
   <trkpt lat="51.4887600" lon="-0.2391750">
    <ele>3.8</ele>
    <time>2026-06-19T18:35:30Z</time>
   </trkpt>
   <trkpt lat="51.4887570" lon="-0.2391990">
    <ele>3.8</ele>
    <time>2026-06-19T18:35:31Z</time>
   </trkpt>
   <trkpt lat="51.4887500" lon="-0.2392330">
    <ele>3.8</ele>
    <time>2026-06-19T18:35:32Z</time>
   </trkpt>
   <trkpt lat="51.4887460" lon="-0.2392450">
    <ele>3.8</ele>
    <time>2026-06-19T18:35:33Z</time>
   </trkpt>
   <trkpt lat="51.4887430" lon="-0.2392580">
    <ele>3.8</ele>
    <time>2026-06-19T18:35:34Z</time>
   </trkpt>
   <trkpt lat="51.4887410" lon="-0.2392800">
    <ele>3.8</ele>
    <time>2026-06-19T18:35:35Z</time>
   </trkpt>
   <trkpt lat="51.4887400" lon="-0.2392920">
    <ele>3.8</ele>
    <time>2026-06-19T18:35:36Z</time>
   </trkpt>
   <trkpt lat="51.4887360" lon="-0.2393090">
    <ele>3.8</ele>
    <time>2026-06-19T18:35:37Z</time>
   </trkpt>
   <trkpt lat="51.4887340" lon="-0.2393290">
    <ele>3.8</ele>
    <time>2026-06-19T18:35:38Z</time>
   </trkpt>
   <trkpt lat="51.4887350" lon="-0.2393450">
    <ele>3.8</ele>
    <time>2026-06-19T18:35:39Z</time>
   </trkpt>
   <trkpt lat="51.4887350" lon="-0.2393680">
    <ele>3.8</ele>
    <time>2026-06-19T18:35:40Z</time>
   </trkpt>
   <trkpt lat="51.4887360" lon="-0.2393900">
    <ele>3.8</ele>
    <time>2026-06-19T18:35:41Z</time>
   </trkpt>
   <trkpt lat="51.4887370" lon="-0.2394130">
    <ele>3.8</ele>
    <time>2026-06-19T18:35:42Z</time>
   </trkpt>
   <trkpt lat="51.4887300" lon="-0.2394390">
    <ele>3.8</ele>
    <time>2026-06-19T18:35:43Z</time>
   </trkpt>
   <trkpt lat="51.4887260" lon="-0.2394570">
    <ele>3.8</ele>
    <time>2026-06-19T18:35:44Z</time>
   </trkpt>
   <trkpt lat="51.4887200" lon="-0.2394790">
    <ele>3.8</ele>
    <time>2026-06-19T18:35:45Z</time>
   </trkpt>
   <trkpt lat="51.4887200" lon="-0.2395020">
    <ele>3.8</ele>
    <time>2026-06-19T18:35:46Z</time>
   </trkpt>
   <trkpt lat="51.4887210" lon="-0.2395240">
    <ele>3.8</ele>
    <time>2026-06-19T18:35:47Z</time>
   </trkpt>
   <trkpt lat="51.4887150" lon="-0.2395490">
    <ele>3.8</ele>
    <time>2026-06-19T18:35:48Z</time>
   </trkpt>
   <trkpt lat="51.4887090" lon="-0.2395670">
    <ele>3.8</ele>
    <time>2026-06-19T18:35:49Z</time>
   </trkpt>
   <trkpt lat="51.4887080" lon="-0.2395820">
    <ele>3.8</ele>
    <time>2026-06-19T18:35:50Z</time>
   </trkpt>
   <trkpt lat="51.4887050" lon="-0.2396010">
    <ele>3.8</ele>
    <time>2026-06-19T18:35:51Z</time>
   </trkpt>
   <trkpt lat="51.4886990" lon="-0.2396370">
    <ele>3.8</ele>
    <time>2026-06-19T18:35:52Z</time>
   </trkpt>
   <trkpt lat="51.4886970" lon="-0.2396520">
    <ele>3.8</ele>
    <time>2026-06-19T18:35:53Z</time>
   </trkpt>
   <trkpt lat="51.4886940" lon="-0.2396660">
    <ele>3.8</ele>
    <time>2026-06-19T18:35:54Z</time>
   </trkpt>
   <trkpt lat="51.4886870" lon="-0.2396960">
    <ele>3.8</ele>
    <time>2026-06-19T18:35:55Z</time>
   </trkpt>
   <trkpt lat="51.4886830" lon="-0.2397100">
    <ele>3.8</ele>
    <time>2026-06-19T18:35:56Z</time>
   </trkpt>
   <trkpt lat="51.4886790" lon="-0.2397240">
    <ele>3.8</ele>
    <time>2026-06-19T18:35:57Z</time>
   </trkpt>
   <trkpt lat="51.4886710" lon="-0.2397540">
    <ele>3.8</ele>
    <time>2026-06-19T18:35:58Z</time>
   </trkpt>
   <trkpt lat="51.4886680" lon="-0.2397650">
    <ele>3.8</ele>
    <time>2026-06-19T18:35:59Z</time>
   </trkpt>
   <trkpt lat="51.4886650" lon="-0.2397770">
    <ele>3.8</ele>
    <time>2026-06-19T18:36:00Z</time>
   </trkpt>
   <trkpt lat="51.4886610" lon="-0.2397940">
    <ele>3.8</ele>
    <time>2026-06-19T18:36:01Z</time>
   </trkpt>
   <trkpt lat="51.4886530" lon="-0.2398170">
    <ele>3.8</ele>
    <time>2026-06-19T18:36:02Z</time>
   </trkpt>
   <trkpt lat="51.4886460" lon="-0.2398490">
    <ele>3.8</ele>
    <time>2026-06-19T18:36:03Z</time>
   </trkpt>
   <trkpt lat="51.4886420" lon="-0.2398620">
    <ele>3.8</ele>
    <time>2026-06-19T18:36:04Z</time>
   </trkpt>
   <trkpt lat="51.4886390" lon="-0.2398750">
    <ele>3.8</ele>
    <time>2026-06-19T18:36:05Z</time>
   </trkpt>
   <trkpt lat="51.4886300" lon="-0.2398920">
    <ele>3.8</ele>
    <time>2026-06-19T18:36:06Z</time>
   </trkpt>
   <trkpt lat="51.4886210" lon="-0.2399120">
    <ele>3.8</ele>
    <time>2026-06-19T18:36:07Z</time>
   </trkpt>
   <trkpt lat="51.4886110" lon="-0.2399410">
    <ele>3.8</ele>
    <time>2026-06-19T18:36:08Z</time>
   </trkpt>
   <trkpt lat="51.4886070" lon="-0.2399520">
    <ele>3.8</ele>
    <time>2026-06-19T18:36:09Z</time>
   </trkpt>
   <trkpt lat="51.4886030" lon="-0.2399640">
    <ele>3.8</ele>
    <time>2026-06-19T18:36:10Z</time>
   </trkpt>
   <trkpt lat="51.4885890" lon="-0.2399940">
    <ele>3.8</ele>
    <time>2026-06-19T18:36:11Z</time>
   </trkpt>
   <trkpt lat="51.4885860" lon="-0.2400050">
    <ele>3.8</ele>
    <time>2026-06-19T18:36:12Z</time>
   </trkpt>
   <trkpt lat="51.4885820" lon="-0.2400160">
    <ele>3.8</ele>
    <time>2026-06-19T18:36:13Z</time>
   </trkpt>
   <trkpt lat="51.4885810" lon="-0.2400320">
    <ele>3.8</ele>
    <time>2026-06-19T18:36:14Z</time>
   </trkpt>
   <trkpt lat="51.4885700" lon="-0.2400460">
    <ele>3.8</ele>
    <time>2026-06-19T18:36:15Z</time>
   </trkpt>
   <trkpt lat="51.4885710" lon="-0.2400660">
    <ele>3.8</ele>
    <time>2026-06-19T18:36:16Z</time>
   </trkpt>
   <trkpt lat="51.4885640" lon="-0.2400910">
    <ele>3.8</ele>
    <time>2026-06-19T18:36:17Z</time>
   </trkpt>
   <trkpt lat="51.4885550" lon="-0.2401080">
    <ele>3.8</ele>
    <time>2026-06-19T18:36:18Z</time>
   </trkpt>
   <trkpt lat="51.4885460" lon="-0.2401310">
    <ele>3.8</ele>
    <time>2026-06-19T18:36:19Z</time>
   </trkpt>
   <trkpt lat="51.4885470" lon="-0.2401470">
    <ele>3.8</ele>
    <time>2026-06-19T18:36:20Z</time>
   </trkpt>
   <trkpt lat="51.4885410" lon="-0.2401600">
    <ele>3.8</ele>
    <time>2026-06-19T18:36:21Z</time>
   </trkpt>
   <trkpt lat="51.4885400" lon="-0.2401890">
    <ele>3.8</ele>
    <time>2026-06-19T18:36:22Z</time>
   </trkpt>
   <trkpt lat="51.4885370" lon="-0.2402050">
    <ele>3.8</ele>
    <time>2026-06-19T18:36:23Z</time>
   </trkpt>
   <trkpt lat="51.4885350" lon="-0.2402200">
    <ele>3.8</ele>
    <time>2026-06-19T18:36:24Z</time>
   </trkpt>
   <trkpt lat="51.4885370" lon="-0.2402350">
    <ele>3.8</ele>
    <time>2026-06-19T18:36:25Z</time>
   </trkpt>
   <trkpt lat="51.4885300" lon="-0.2402480">
    <ele>3.8</ele>
    <time>2026-06-19T18:36:26Z</time>
   </trkpt>
   <trkpt lat="51.4885240" lon="-0.2402730">
    <ele>3.8</ele>
    <time>2026-06-19T18:36:27Z</time>
   </trkpt>
   <trkpt lat="51.4885150" lon="-0.2403070">
    <ele>3.8</ele>
    <time>2026-06-19T18:36:28Z</time>
   </trkpt>
   <trkpt lat="51.4885130" lon="-0.2403180">
    <ele>3.8</ele>
    <time>2026-06-19T18:36:29Z</time>
   </trkpt>
   <trkpt lat="51.4885100" lon="-0.2403300">
    <ele>3.8</ele>
    <time>2026-06-19T18:36:30Z</time>
   </trkpt>
   <trkpt lat="51.4885030" lon="-0.2403460">
    <ele>3.8</ele>
    <time>2026-06-19T18:36:31Z</time>
   </trkpt>
   <trkpt lat="51.4884880" lon="-0.2403700">
    <ele>3.8</ele>
    <time>2026-06-19T18:36:32Z</time>
   </trkpt>
   <trkpt lat="51.4884760" lon="-0.2404010">
    <ele>3.8</ele>
    <time>2026-06-19T18:36:33Z</time>
   </trkpt>
   <trkpt lat="51.4884690" lon="-0.2404120">
    <ele>3.8</ele>
    <time>2026-06-19T18:36:34Z</time>
   </trkpt>
   <trkpt lat="51.4884630" lon="-0.2404220">
    <ele>3.8</ele>
    <time>2026-06-19T18:36:35Z</time>
   </trkpt>
   <trkpt lat="51.4884550" lon="-0.2404390">
    <ele>3.8</ele>
    <time>2026-06-19T18:36:36Z</time>
   </trkpt>
   <trkpt lat="51.4884470" lon="-0.2404600">
    <ele>3.8</ele>
    <time>2026-06-19T18:36:37Z</time>
   </trkpt>
   <trkpt lat="51.4884390" lon="-0.2404830">
    <ele>3.8</ele>
    <time>2026-06-19T18:36:38Z</time>
   </trkpt>
   <trkpt lat="51.4884300" lon="-0.2405080">
    <ele>3.8</ele>
    <time>2026-06-19T18:36:39Z</time>
   </trkpt>
   <trkpt lat="51.4884200" lon="-0.2405370">
    <ele>3.8</ele>
    <time>2026-06-19T18:36:40Z</time>
   </trkpt>
   <trkpt lat="51.4884160" lon="-0.2405480">
    <ele>3.9</ele>
    <time>2026-06-19T18:36:41Z</time>
   </trkpt>
   <trkpt lat="51.4884120" lon="-0.2405590">
    <ele>3.9</ele>
    <time>2026-06-19T18:36:42Z</time>
   </trkpt>
   <trkpt lat="51.4884050" lon="-0.2405770">
    <ele>3.9</ele>
    <time>2026-06-19T18:36:43Z</time>
   </trkpt>
   <trkpt lat="51.4883990" lon="-0.2405900">
    <ele>3.9</ele>
    <time>2026-06-19T18:36:44Z</time>
   </trkpt>
   <trkpt lat="51.4883940" lon="-0.2406010">
    <ele>3.9</ele>
    <time>2026-06-19T18:36:45Z</time>
   </trkpt>
   <trkpt lat="51.4883810" lon="-0.2406300">
    <ele>3.9</ele>
    <time>2026-06-19T18:36:46Z</time>
   </trkpt>
   <trkpt lat="51.4883790" lon="-0.2406430">
    <ele>3.9</ele>
    <time>2026-06-19T18:36:47Z</time>
   </trkpt>
   <trkpt lat="51.4883760" lon="-0.2406550">
    <ele>3.9</ele>
    <time>2026-06-19T18:36:48Z</time>
   </trkpt>
   <trkpt lat="51.4883740" lon="-0.2406760">
    <ele>3.9</ele>
    <time>2026-06-19T18:36:49Z</time>
   </trkpt>
   <trkpt lat="51.4883670" lon="-0.2406980">
    <ele>3.9</ele>
    <time>2026-06-19T18:36:50Z</time>
   </trkpt>
   <trkpt lat="51.4883600" lon="-0.2407180">
    <ele>3.9</ele>
    <time>2026-06-19T18:36:51Z</time>
   </trkpt>
   <trkpt lat="51.4883550" lon="-0.2407330">
    <ele>3.9</ele>
    <time>2026-06-19T18:36:52Z</time>
   </trkpt>
   <trkpt lat="51.4883550" lon="-0.2407420">
    <ele>3.9</ele>
    <time>2026-06-19T18:36:53Z</time>
   </trkpt>
   <trkpt lat="51.4883450" lon="-0.2407620">
    <ele>3.9</ele>
    <time>2026-06-19T18:36:54Z</time>
   </trkpt>
   <trkpt lat="51.4883350" lon="-0.2407870">
    <ele>3.9</ele>
    <time>2026-06-19T18:36:55Z</time>
   </trkpt>
   <trkpt lat="51.4883280" lon="-0.2408050">
    <ele>3.9</ele>
    <time>2026-06-19T18:36:56Z</time>
   </trkpt>
   <trkpt lat="51.4883220" lon="-0.2408250">
    <ele>3.8</ele>
    <time>2026-06-19T18:36:57Z</time>
   </trkpt>
   <trkpt lat="51.4883170" lon="-0.2408470">
    <ele>3.8</ele>
    <time>2026-06-19T18:36:58Z</time>
   </trkpt>
   <trkpt lat="51.4883100" lon="-0.2408650">
    <ele>3.8</ele>
    <time>2026-06-19T18:36:59Z</time>
   </trkpt>
   <trkpt lat="51.4883010" lon="-0.2408820">
    <ele>3.8</ele>
    <time>2026-06-19T18:37:00Z</time>
   </trkpt>
   <trkpt lat="51.4882900" lon="-0.2409020">
    <ele>3.8</ele>
    <time>2026-06-19T18:37:01Z</time>
   </trkpt>
   <trkpt lat="51.4882850" lon="-0.2409210">
    <ele>3.8</ele>
    <time>2026-06-19T18:37:02Z</time>
   </trkpt>
   <trkpt lat="51.4882810" lon="-0.2409440">
    <ele>3.8</ele>
    <time>2026-06-19T18:37:03Z</time>
   </trkpt>
   <trkpt lat="51.4882770" lon="-0.2409590">
    <ele>3.8</ele>
    <time>2026-06-19T18:37:04Z</time>
   </trkpt>
   <trkpt lat="51.4882680" lon="-0.2409730">
    <ele>3.8</ele>
    <time>2026-06-19T18:37:05Z</time>
   </trkpt>
   <trkpt lat="51.4882650" lon="-0.2409860">
    <ele>3.8</ele>
    <time>2026-06-19T18:37:06Z</time>
   </trkpt>
   <trkpt lat="51.4882490" lon="-0.2410120">
    <ele>3.8</ele>
    <time>2026-06-19T18:37:07Z</time>
   </trkpt>
   <trkpt lat="51.4882430" lon="-0.2410230">
    <ele>3.8</ele>
    <time>2026-06-19T18:37:08Z</time>
   </trkpt>
   <trkpt lat="51.4882380" lon="-0.2410340">
    <ele>3.8</ele>
    <time>2026-06-19T18:37:09Z</time>
   </trkpt>
   <trkpt lat="51.4882250" lon="-0.2410610">
    <ele>3.8</ele>
    <time>2026-06-19T18:37:10Z</time>
   </trkpt>
   <trkpt lat="51.4882190" lon="-0.2410730">
    <ele>3.8</ele>
    <time>2026-06-19T18:37:11Z</time>
   </trkpt>
   <trkpt lat="51.4882130" lon="-0.2410850">
    <ele>3.8</ele>
    <time>2026-06-19T18:37:12Z</time>
   </trkpt>
   <trkpt lat="51.4882030" lon="-0.2411070">
    <ele>3.8</ele>
    <time>2026-06-19T18:37:13Z</time>
   </trkpt>
   <trkpt lat="51.4881960" lon="-0.2411230">
    <ele>3.8</ele>
    <time>2026-06-19T18:37:14Z</time>
   </trkpt>
   <trkpt lat="51.4881830" lon="-0.2411510">
    <ele>3.8</ele>
    <time>2026-06-19T18:37:15Z</time>
   </trkpt>
   <trkpt lat="51.4881790" lon="-0.2411600">
    <ele>3.8</ele>
    <time>2026-06-19T18:37:16Z</time>
   </trkpt>
   <trkpt lat="51.4881740" lon="-0.2411700">
    <ele>3.8</ele>
    <time>2026-06-19T18:37:17Z</time>
   </trkpt>
   <trkpt lat="51.4881610" lon="-0.2411910">
    <ele>3.8</ele>
    <time>2026-06-19T18:37:18Z</time>
   </trkpt>
   <trkpt lat="51.4881570" lon="-0.2412070">
    <ele>3.8</ele>
    <time>2026-06-19T18:37:19Z</time>
   </trkpt>
   <trkpt lat="51.4881500" lon="-0.2412240">
    <ele>3.8</ele>
    <time>2026-06-19T18:37:20Z</time>
   </trkpt>
   <trkpt lat="51.4881420" lon="-0.2412380">
    <ele>3.8</ele>
    <time>2026-06-19T18:37:21Z</time>
   </trkpt>
   <trkpt lat="51.4881370" lon="-0.2412540">
    <ele>3.8</ele>
    <time>2026-06-19T18:37:22Z</time>
   </trkpt>
   <trkpt lat="51.4881250" lon="-0.2412700">
    <ele>3.8</ele>
    <time>2026-06-19T18:37:23Z</time>
   </trkpt>
   <trkpt lat="51.4881160" lon="-0.2412880">
    <ele>3.8</ele>
    <time>2026-06-19T18:37:24Z</time>
   </trkpt>
   <trkpt lat="51.4881030" lon="-0.2413120">
    <ele>3.8</ele>
    <time>2026-06-19T18:37:25Z</time>
   </trkpt>
   <trkpt lat="51.4880970" lon="-0.2413220">
    <ele>3.8</ele>
    <time>2026-06-19T18:37:26Z</time>
   </trkpt>
   <trkpt lat="51.4880920" lon="-0.2413320">
    <ele>3.8</ele>
    <time>2026-06-19T18:37:27Z</time>
   </trkpt>
   <trkpt lat="51.4880820" lon="-0.2413610">
    <ele>3.8</ele>
    <time>2026-06-19T18:37:28Z</time>
   </trkpt>
   <trkpt lat="51.4880760" lon="-0.2413720">
    <ele>3.8</ele>
    <time>2026-06-19T18:37:29Z</time>
   </trkpt>
   <trkpt lat="51.4880700" lon="-0.2413830">
    <ele>3.8</ele>
    <time>2026-06-19T18:37:30Z</time>
   </trkpt>
   <trkpt lat="51.4880590" lon="-0.2414120">
    <ele>3.8</ele>
    <time>2026-06-19T18:37:31Z</time>
   </trkpt>
   <trkpt lat="51.4880540" lon="-0.2414220">
    <ele>3.8</ele>
    <time>2026-06-19T18:37:32Z</time>
   </trkpt>
   <trkpt lat="51.4880500" lon="-0.2414320">
    <ele>3.8</ele>
    <time>2026-06-19T18:37:33Z</time>
   </trkpt>
   <trkpt lat="51.4880420" lon="-0.2414520">
    <ele>3.8</ele>
    <time>2026-06-19T18:37:34Z</time>
   </trkpt>
   <trkpt lat="51.4880310" lon="-0.2414670">
    <ele>3.8</ele>
    <time>2026-06-19T18:37:35Z</time>
   </trkpt>
   <trkpt lat="51.4880190" lon="-0.2414990">
    <ele>3.8</ele>
    <time>2026-06-19T18:37:36Z</time>
   </trkpt>
   <trkpt lat="51.4880140" lon="-0.2415090">
    <ele>3.8</ele>
    <time>2026-06-19T18:37:37Z</time>
   </trkpt>
   <trkpt lat="51.4880090" lon="-0.2415180">
    <ele>3.8</ele>
    <time>2026-06-19T18:37:38Z</time>
   </trkpt>
   <trkpt lat="51.4879930" lon="-0.2415340">
    <ele>3.8</ele>
    <time>2026-06-19T18:37:39Z</time>
   </trkpt>
   <trkpt lat="51.4879850" lon="-0.2415470">
    <ele>3.8</ele>
    <time>2026-06-19T18:37:40Z</time>
   </trkpt>
   <trkpt lat="51.4879760" lon="-0.2415630">
    <ele>3.8</ele>
    <time>2026-06-19T18:37:41Z</time>
   </trkpt>
   <trkpt lat="51.4879670" lon="-0.2415900">
    <ele>3.8</ele>
    <time>2026-06-19T18:37:42Z</time>
   </trkpt>
   <trkpt lat="51.4879550" lon="-0.2416170">
    <ele>3.8</ele>
    <time>2026-06-19T18:37:43Z</time>
   </trkpt>
   <trkpt lat="51.4879490" lon="-0.2416290">
    <ele>3.8</ele>
    <time>2026-06-19T18:37:44Z</time>
   </trkpt>
   <trkpt lat="51.4879420" lon="-0.2416400">
    <ele>3.8</ele>
    <time>2026-06-19T18:37:45Z</time>
   </trkpt>
   <trkpt lat="51.4879350" lon="-0.2416570">
    <ele>3.8</ele>
    <time>2026-06-19T18:37:46Z</time>
   </trkpt>
   <trkpt lat="51.4879270" lon="-0.2416760">
    <ele>3.8</ele>
    <time>2026-06-19T18:37:47Z</time>
   </trkpt>
   <trkpt lat="51.4879120" lon="-0.2417040">
    <ele>3.8</ele>
    <time>2026-06-19T18:37:48Z</time>
   </trkpt>
   <trkpt lat="51.4879060" lon="-0.2417150">
    <ele>3.8</ele>
    <time>2026-06-19T18:37:49Z</time>
   </trkpt>
   <trkpt lat="51.4878990" lon="-0.2417250">
    <ele>3.8</ele>
    <time>2026-06-19T18:37:50Z</time>
   </trkpt>
   <trkpt lat="51.4878860" lon="-0.2417460">
    <ele>3.8</ele>
    <time>2026-06-19T18:37:51Z</time>
   </trkpt>
   <trkpt lat="51.4878820" lon="-0.2417600">
    <ele>3.8</ele>
    <time>2026-06-19T18:37:52Z</time>
   </trkpt>
   <trkpt lat="51.4878780" lon="-0.2417730">
    <ele>3.8</ele>
    <time>2026-06-19T18:37:53Z</time>
   </trkpt>
   <trkpt lat="51.4878700" lon="-0.2417900">
    <ele>3.8</ele>
    <time>2026-06-19T18:37:54Z</time>
   </trkpt>
   <trkpt lat="51.4878610" lon="-0.2418050">
    <ele>3.8</ele>
    <time>2026-06-19T18:37:55Z</time>
   </trkpt>
   <trkpt lat="51.4878540" lon="-0.2418170">
    <ele>3.8</ele>
    <time>2026-06-19T18:37:56Z</time>
   </trkpt>
   <trkpt lat="51.4878520" lon="-0.2418290">
    <ele>3.8</ele>
    <time>2026-06-19T18:37:57Z</time>
   </trkpt>
   <trkpt lat="51.4878450" lon="-0.2418470">
    <ele>3.8</ele>
    <time>2026-06-19T18:37:58Z</time>
   </trkpt>
   <trkpt lat="51.4878360" lon="-0.2418570">
    <ele>3.8</ele>
    <time>2026-06-19T18:37:59Z</time>
   </trkpt>
   <trkpt lat="51.4878240" lon="-0.2418680">
    <ele>3.8</ele>
    <time>2026-06-19T18:38:00Z</time>
   </trkpt>
   <trkpt lat="51.4878170" lon="-0.2418790">
    <ele>3.8</ele>
    <time>2026-06-19T18:38:01Z</time>
   </trkpt>
   <trkpt lat="51.4878130" lon="-0.2418890">
    <ele>3.8</ele>
    <time>2026-06-19T18:38:02Z</time>
   </trkpt>
   <trkpt lat="51.4877980" lon="-0.2419120">
    <ele>3.8</ele>
    <time>2026-06-19T18:38:03Z</time>
   </trkpt>
   <trkpt lat="51.4877920" lon="-0.2419250">
    <ele>3.8</ele>
    <time>2026-06-19T18:38:04Z</time>
   </trkpt>
   <trkpt lat="51.4877860" lon="-0.2419380">
    <ele>3.8</ele>
    <time>2026-06-19T18:38:05Z</time>
   </trkpt>
   <trkpt lat="51.4877820" lon="-0.2419470">
    <ele>3.8</ele>
    <time>2026-06-19T18:38:06Z</time>
   </trkpt>
   <trkpt lat="51.4877720" lon="-0.2419650">
    <ele>3.8</ele>
    <time>2026-06-19T18:38:07Z</time>
   </trkpt>
   <trkpt lat="51.4877630" lon="-0.2419790">
    <ele>3.8</ele>
    <time>2026-06-19T18:38:08Z</time>
   </trkpt>
   <trkpt lat="51.4877470" lon="-0.2420120">
    <ele>3.8</ele>
    <time>2026-06-19T18:38:09Z</time>
   </trkpt>
   <trkpt lat="51.4877380" lon="-0.2420260">
    <ele>3.8</ele>
    <time>2026-06-19T18:38:10Z</time>
   </trkpt>
   <trkpt lat="51.4877300" lon="-0.2420410">
    <ele>3.8</ele>
    <time>2026-06-19T18:38:11Z</time>
   </trkpt>
   <trkpt lat="51.4877150" lon="-0.2420580">
    <ele>3.8</ele>
    <time>2026-06-19T18:38:12Z</time>
   </trkpt>
   <trkpt lat="51.4877030" lon="-0.2420740">
    <ele>3.8</ele>
    <time>2026-06-19T18:38:13Z</time>
   </trkpt>
   <trkpt lat="51.4876930" lon="-0.2420890">
    <ele>3.8</ele>
    <time>2026-06-19T18:38:14Z</time>
   </trkpt>
   <trkpt lat="51.4876900" lon="-0.2421020">
    <ele>3.8</ele>
    <time>2026-06-19T18:38:15Z</time>
   </trkpt>
   <trkpt lat="51.4876870" lon="-0.2421260">
    <ele>3.8</ele>
    <time>2026-06-19T18:38:16Z</time>
   </trkpt>
   <trkpt lat="51.4876760" lon="-0.2421430">
    <ele>3.8</ele>
    <time>2026-06-19T18:38:17Z</time>
   </trkpt>
   <trkpt lat="51.4876700" lon="-0.2421550">
    <ele>3.8</ele>
    <time>2026-06-19T18:38:18Z</time>
   </trkpt>
   <trkpt lat="51.4876620" lon="-0.2421630">
    <ele>3.8</ele>
    <time>2026-06-19T18:38:19Z</time>
   </trkpt>
   <trkpt lat="51.4876470" lon="-0.2421870">
    <ele>3.8</ele>
    <time>2026-06-19T18:38:20Z</time>
   </trkpt>
   <trkpt lat="51.4876410" lon="-0.2421990">
    <ele>3.8</ele>
    <time>2026-06-19T18:38:21Z</time>
   </trkpt>
   <trkpt lat="51.4876220" lon="-0.2422100">
    <ele>3.8</ele>
    <time>2026-06-19T18:38:22Z</time>
   </trkpt>
   <trkpt lat="51.4876160" lon="-0.2422190">
    <ele>3.8</ele>
    <time>2026-06-19T18:38:23Z</time>
   </trkpt>
   <trkpt lat="51.4876090" lon="-0.2422280">
    <ele>3.8</ele>
    <time>2026-06-19T18:38:24Z</time>
   </trkpt>
   <trkpt lat="51.4875990" lon="-0.2422430">
    <ele>3.8</ele>
    <time>2026-06-19T18:38:25Z</time>
   </trkpt>
   <trkpt lat="51.4875870" lon="-0.2422540">
    <ele>3.8</ele>
    <time>2026-06-19T18:38:26Z</time>
   </trkpt>
   <trkpt lat="51.4875760" lon="-0.2422730">
    <ele>3.8</ele>
    <time>2026-06-19T18:38:27Z</time>
   </trkpt>
   <trkpt lat="51.4875680" lon="-0.2422890">
    <ele>3.8</ele>
    <time>2026-06-19T18:38:28Z</time>
   </trkpt>
   <trkpt lat="51.4875600" lon="-0.2423070">
    <ele>3.8</ele>
    <time>2026-06-19T18:38:29Z</time>
   </trkpt>
   <trkpt lat="51.4875490" lon="-0.2423240">
    <ele>3.8</ele>
    <time>2026-06-19T18:38:30Z</time>
   </trkpt>
   <trkpt lat="51.4875310" lon="-0.2423480">
    <ele>3.8</ele>
    <time>2026-06-19T18:38:31Z</time>
   </trkpt>
   <trkpt lat="51.4875250" lon="-0.2423560">
    <ele>3.8</ele>
    <time>2026-06-19T18:38:32Z</time>
   </trkpt>
   <trkpt lat="51.4875180" lon="-0.2423650">
    <ele>3.8</ele>
    <time>2026-06-19T18:38:33Z</time>
   </trkpt>
   <trkpt lat="51.4875040" lon="-0.2423890">
    <ele>3.8</ele>
    <time>2026-06-19T18:38:34Z</time>
   </trkpt>
   <trkpt lat="51.4874970" lon="-0.2424010">
    <ele>3.8</ele>
    <time>2026-06-19T18:38:35Z</time>
   </trkpt>
   <trkpt lat="51.4874900" lon="-0.2424120">
    <ele>3.8</ele>
    <time>2026-06-19T18:38:36Z</time>
   </trkpt>
   <trkpt lat="51.4874770" lon="-0.2424290">
    <ele>3.8</ele>
    <time>2026-06-19T18:38:37Z</time>
   </trkpt>
   <trkpt lat="51.4874700" lon="-0.2424430">
    <ele>3.8</ele>
    <time>2026-06-19T18:38:38Z</time>
   </trkpt>
   <trkpt lat="51.4874600" lon="-0.2424600">
    <ele>3.8</ele>
    <time>2026-06-19T18:38:39Z</time>
   </trkpt>
   <trkpt lat="51.4874490" lon="-0.2424740">
    <ele>3.8</ele>
    <time>2026-06-19T18:38:40Z</time>
   </trkpt>
   <trkpt lat="51.4874380" lon="-0.2424910">
    <ele>3.8</ele>
    <time>2026-06-19T18:38:41Z</time>
   </trkpt>
   <trkpt lat="51.4874280" lon="-0.2425040">
    <ele>3.8</ele>
    <time>2026-06-19T18:38:42Z</time>
   </trkpt>
   <trkpt lat="51.4874170" lon="-0.2425210">
    <ele>3.8</ele>
    <time>2026-06-19T18:38:43Z</time>
   </trkpt>
   <trkpt lat="51.4874060" lon="-0.2425390">
    <ele>3.8</ele>
    <time>2026-06-19T18:38:44Z</time>
   </trkpt>
   <trkpt lat="51.4873980" lon="-0.2425510">
    <ele>3.8</ele>
    <time>2026-06-19T18:38:45Z</time>
   </trkpt>
   <trkpt lat="51.4873920" lon="-0.2425650">
    <ele>3.8</ele>
    <time>2026-06-19T18:38:46Z</time>
   </trkpt>
   <trkpt lat="51.4873870" lon="-0.2425770">
    <ele>3.8</ele>
    <time>2026-06-19T18:38:47Z</time>
   </trkpt>
   <trkpt lat="51.4873700" lon="-0.2425970">
    <ele>3.8</ele>
    <time>2026-06-19T18:38:48Z</time>
   </trkpt>
   <trkpt lat="51.4873610" lon="-0.2426050">
    <ele>3.8</ele>
    <time>2026-06-19T18:38:49Z</time>
   </trkpt>
   <trkpt lat="51.4873530" lon="-0.2426140">
    <ele>3.8</ele>
    <time>2026-06-19T18:38:50Z</time>
   </trkpt>
   <trkpt lat="51.4873460" lon="-0.2426250">
    <ele>3.8</ele>
    <time>2026-06-19T18:38:51Z</time>
   </trkpt>
   <trkpt lat="51.4873400" lon="-0.2426420">
    <ele>3.8</ele>
    <time>2026-06-19T18:38:52Z</time>
   </trkpt>
   <trkpt lat="51.4873320" lon="-0.2426590">
    <ele>3.8</ele>
    <time>2026-06-19T18:38:53Z</time>
   </trkpt>
   <trkpt lat="51.4873210" lon="-0.2426810">
    <ele>3.8</ele>
    <time>2026-06-19T18:38:54Z</time>
   </trkpt>
   <trkpt lat="51.4873110" lon="-0.2426970">
    <ele>3.8</ele>
    <time>2026-06-19T18:38:55Z</time>
   </trkpt>
   <trkpt lat="51.4873050" lon="-0.2427130">
    <ele>3.8</ele>
    <time>2026-06-19T18:38:56Z</time>
   </trkpt>
   <trkpt lat="51.4872950" lon="-0.2427260">
    <ele>3.8</ele>
    <time>2026-06-19T18:38:57Z</time>
   </trkpt>
   <trkpt lat="51.4872920" lon="-0.2427410">
    <ele>3.8</ele>
    <time>2026-06-19T18:38:58Z</time>
   </trkpt>
   <trkpt lat="51.4872850" lon="-0.2427490">
    <ele>3.8</ele>
    <time>2026-06-19T18:38:59Z</time>
   </trkpt>
   <trkpt lat="51.4872760" lon="-0.2427630">
    <ele>3.8</ele>
    <time>2026-06-19T18:39:00Z</time>
   </trkpt>
   <trkpt lat="51.4872700" lon="-0.2427840">
    <ele>3.8</ele>
    <time>2026-06-19T18:39:01Z</time>
   </trkpt>
   <trkpt lat="51.4872600" lon="-0.2428040">
    <ele>3.8</ele>
    <time>2026-06-19T18:39:02Z</time>
   </trkpt>
   <trkpt lat="51.4872520" lon="-0.2428220">
    <ele>3.8</ele>
    <time>2026-06-19T18:39:03Z</time>
   </trkpt>
   <trkpt lat="51.4872470" lon="-0.2428430">
    <ele>3.8</ele>
    <time>2026-06-19T18:39:04Z</time>
   </trkpt>
   <trkpt lat="51.4872350" lon="-0.2428590">
    <ele>3.8</ele>
    <time>2026-06-19T18:39:05Z</time>
   </trkpt>
   <trkpt lat="51.4872260" lon="-0.2428770">
    <ele>3.8</ele>
    <time>2026-06-19T18:39:06Z</time>
   </trkpt>
   <trkpt lat="51.4872150" lon="-0.2428910">
    <ele>3.8</ele>
    <time>2026-06-19T18:39:07Z</time>
   </trkpt>
   <trkpt lat="51.4872060" lon="-0.2429080">
    <ele>3.8</ele>
    <time>2026-06-19T18:39:08Z</time>
   </trkpt>
   <trkpt lat="51.4871970" lon="-0.2429240">
    <ele>3.8</ele>
    <time>2026-06-19T18:39:09Z</time>
   </trkpt>
   <trkpt lat="51.4871840" lon="-0.2429480">
    <ele>3.8</ele>
    <time>2026-06-19T18:39:10Z</time>
   </trkpt>
   <trkpt lat="51.4871780" lon="-0.2429590">
    <ele>3.8</ele>
    <time>2026-06-19T18:39:11Z</time>
   </trkpt>
   <trkpt lat="51.4871730" lon="-0.2429690">
    <ele>3.8</ele>
    <time>2026-06-19T18:39:12Z</time>
   </trkpt>
   <trkpt lat="51.4871580" lon="-0.2429910">
    <ele>3.8</ele>
    <time>2026-06-19T18:39:13Z</time>
   </trkpt>
   <trkpt lat="51.4871510" lon="-0.2430030">
    <ele>3.8</ele>
    <time>2026-06-19T18:39:14Z</time>
   </trkpt>
   <trkpt lat="51.4871440" lon="-0.2430140">
    <ele>3.8</ele>
    <time>2026-06-19T18:39:15Z</time>
   </trkpt>
   <trkpt lat="51.4871320" lon="-0.2430380">
    <ele>3.8</ele>
    <time>2026-06-19T18:39:16Z</time>
   </trkpt>
   <trkpt lat="51.4871220" lon="-0.2430530">
    <ele>3.8</ele>
    <time>2026-06-19T18:39:17Z</time>
   </trkpt>
   <trkpt lat="51.4871110" lon="-0.2430700">
    <ele>3.8</ele>
    <time>2026-06-19T18:39:18Z</time>
   </trkpt>
   <trkpt lat="51.4871010" lon="-0.2430910">
    <ele>3.8</ele>
    <time>2026-06-19T18:39:19Z</time>
   </trkpt>
   <trkpt lat="51.4870910" lon="-0.2431090">
    <ele>3.8</ele>
    <time>2026-06-19T18:39:20Z</time>
   </trkpt>
   <trkpt lat="51.4870800" lon="-0.2431250">
    <ele>3.8</ele>
    <time>2026-06-19T18:39:21Z</time>
   </trkpt>
   <trkpt lat="51.4870710" lon="-0.2431430">
    <ele>3.8</ele>
    <time>2026-06-19T18:39:22Z</time>
   </trkpt>
   <trkpt lat="51.4870590" lon="-0.2431600">
    <ele>3.8</ele>
    <time>2026-06-19T18:39:23Z</time>
   </trkpt>
   <trkpt lat="51.4870470" lon="-0.2431870">
    <ele>3.8</ele>
    <time>2026-06-19T18:39:24Z</time>
   </trkpt>
   <trkpt lat="51.4870410" lon="-0.2431950">
    <ele>3.8</ele>
    <time>2026-06-19T18:39:25Z</time>
   </trkpt>
   <trkpt lat="51.4870360" lon="-0.2432040">
    <ele>3.8</ele>
    <time>2026-06-19T18:39:26Z</time>
   </trkpt>
   <trkpt lat="51.4870300" lon="-0.2432190">
    <ele>3.8</ele>
    <time>2026-06-19T18:39:27Z</time>
   </trkpt>
   <trkpt lat="51.4870210" lon="-0.2432280">
    <ele>3.8</ele>
    <time>2026-06-19T18:39:28Z</time>
   </trkpt>
   <trkpt lat="51.4870090" lon="-0.2432420">
    <ele>3.8</ele>
    <time>2026-06-19T18:39:29Z</time>
   </trkpt>
   <trkpt lat="51.4869930" lon="-0.2432690">
    <ele>3.8</ele>
    <time>2026-06-19T18:39:30Z</time>
   </trkpt>
   <trkpt lat="51.4869860" lon="-0.2432810">
    <ele>3.8</ele>
    <time>2026-06-19T18:39:31Z</time>
   </trkpt>
   <trkpt lat="51.4869800" lon="-0.2432920">
    <ele>3.8</ele>
    <time>2026-06-19T18:39:32Z</time>
   </trkpt>
   <trkpt lat="51.4869690" lon="-0.2433100">
    <ele>3.8</ele>
    <time>2026-06-19T18:39:33Z</time>
   </trkpt>
   <trkpt lat="51.4869580" lon="-0.2433240">
    <ele>3.8</ele>
    <time>2026-06-19T18:39:34Z</time>
   </trkpt>
   <trkpt lat="51.4869450" lon="-0.2433390">
    <ele>3.8</ele>
    <time>2026-06-19T18:39:35Z</time>
   </trkpt>
   <trkpt lat="51.4869360" lon="-0.2433540">
    <ele>3.8</ele>
    <time>2026-06-19T18:39:36Z</time>
   </trkpt>
   <trkpt lat="51.4869240" lon="-0.2433670">
    <ele>3.8</ele>
    <time>2026-06-19T18:39:37Z</time>
   </trkpt>
   <trkpt lat="51.4869170" lon="-0.2433810">
    <ele>3.8</ele>
    <time>2026-06-19T18:39:38Z</time>
   </trkpt>
   <trkpt lat="51.4869100" lon="-0.2433950">
    <ele>3.8</ele>
    <time>2026-06-19T18:39:39Z</time>
   </trkpt>
   <trkpt lat="51.4868930" lon="-0.2434180">
    <ele>3.8</ele>
    <time>2026-06-19T18:39:40Z</time>
   </trkpt>
   <trkpt lat="51.4868860" lon="-0.2434280">
    <ele>3.8</ele>
    <time>2026-06-19T18:39:41Z</time>
   </trkpt>
   <trkpt lat="51.4868800" lon="-0.2434370">
    <ele>3.8</ele>
    <time>2026-06-19T18:39:42Z</time>
   </trkpt>
   <trkpt lat="51.4868700" lon="-0.2434540">
    <ele>3.8</ele>
    <time>2026-06-19T18:39:43Z</time>
   </trkpt>
   <trkpt lat="51.4868600" lon="-0.2434710">
    <ele>3.8</ele>
    <time>2026-06-19T18:39:44Z</time>
   </trkpt>
   <trkpt lat="51.4868500" lon="-0.2435000">
    <ele>3.8</ele>
    <time>2026-06-19T18:39:45Z</time>
   </trkpt>
   <trkpt lat="51.4868430" lon="-0.2435100">
    <ele>3.8</ele>
    <time>2026-06-19T18:39:46Z</time>
   </trkpt>
   <trkpt lat="51.4868370" lon="-0.2435210">
    <ele>3.8</ele>
    <time>2026-06-19T18:39:47Z</time>
   </trkpt>
   <trkpt lat="51.4868290" lon="-0.2435390">
    <ele>3.8</ele>
    <time>2026-06-19T18:39:48Z</time>
   </trkpt>
   <trkpt lat="51.4868210" lon="-0.2435560">
    <ele>3.8</ele>
    <time>2026-06-19T18:39:49Z</time>
   </trkpt>
   <trkpt lat="51.4868160" lon="-0.2435720">
    <ele>3.8</ele>
    <time>2026-06-19T18:39:50Z</time>
   </trkpt>
   <trkpt lat="51.4868090" lon="-0.2435900">
    <ele>3.8</ele>
    <time>2026-06-19T18:39:51Z</time>
   </trkpt>
   <trkpt lat="51.4868020" lon="-0.2436040">
    <ele>3.8</ele>
    <time>2026-06-19T18:39:52Z</time>
   </trkpt>
   <trkpt lat="51.4867970" lon="-0.2436150">
    <ele>3.8</ele>
    <time>2026-06-19T18:39:53Z</time>
   </trkpt>
   <trkpt lat="51.4867870" lon="-0.2436270">
    <ele>3.8</ele>
    <time>2026-06-19T18:39:54Z</time>
   </trkpt>
   <trkpt lat="51.4867840" lon="-0.2436430">
    <ele>3.8</ele>
    <time>2026-06-19T18:39:55Z</time>
   </trkpt>
   <trkpt lat="51.4867720" lon="-0.2436670">
    <ele>3.9</ele>
    <time>2026-06-19T18:39:56Z</time>
   </trkpt>
   <trkpt lat="51.4867650" lon="-0.2436790">
    <ele>3.9</ele>
    <time>2026-06-19T18:39:57Z</time>
   </trkpt>
   <trkpt lat="51.4867590" lon="-0.2436910">
    <ele>3.9</ele>
    <time>2026-06-19T18:39:58Z</time>
   </trkpt>
   <trkpt lat="51.4867500" lon="-0.2437080">
    <ele>3.9</ele>
    <time>2026-06-19T18:39:59Z</time>
   </trkpt>
   <trkpt lat="51.4867410" lon="-0.2437270">
    <ele>3.9</ele>
    <time>2026-06-19T18:40:00Z</time>
   </trkpt>
   <trkpt lat="51.4867310" lon="-0.2437390">
    <ele>3.9</ele>
    <time>2026-06-19T18:40:01Z</time>
   </trkpt>
   <trkpt lat="51.4867190" lon="-0.2437580">
    <ele>3.9</ele>
    <time>2026-06-19T18:40:02Z</time>
   </trkpt>
   <trkpt lat="51.4867110" lon="-0.2437770">
    <ele>3.9</ele>
    <time>2026-06-19T18:40:03Z</time>
   </trkpt>
   <trkpt lat="51.4867000" lon="-0.2437900">
    <ele>3.9</ele>
    <time>2026-06-19T18:40:04Z</time>
   </trkpt>
   <trkpt lat="51.4866910" lon="-0.2438040">
    <ele>3.9</ele>
    <time>2026-06-19T18:40:05Z</time>
   </trkpt>
   <trkpt lat="51.4866810" lon="-0.2438200">
    <ele>3.9</ele>
    <time>2026-06-19T18:40:06Z</time>
   </trkpt>
   <trkpt lat="51.4866710" lon="-0.2438510">
    <ele>3.9</ele>
    <time>2026-06-19T18:40:07Z</time>
   </trkpt>
   <trkpt lat="51.4866670" lon="-0.2438620">
    <ele>3.9</ele>
    <time>2026-06-19T18:40:08Z</time>
   </trkpt>
   <trkpt lat="51.4866620" lon="-0.2438740">
    <ele>3.9</ele>
    <time>2026-06-19T18:40:09Z</time>
   </trkpt>
   <trkpt lat="51.4866460" lon="-0.2438980">
    <ele>3.9</ele>
    <time>2026-06-19T18:40:10Z</time>
   </trkpt>
   <trkpt lat="51.4866390" lon="-0.2439060">
    <ele>3.9</ele>
    <time>2026-06-19T18:40:11Z</time>
   </trkpt>
   <trkpt lat="51.4866320" lon="-0.2439150">
    <ele>3.9</ele>
    <time>2026-06-19T18:40:12Z</time>
   </trkpt>
   <trkpt lat="51.4866170" lon="-0.2439240">
    <ele>3.9</ele>
    <time>2026-06-19T18:40:13Z</time>
   </trkpt>
   <trkpt lat="51.4866090" lon="-0.2439380">
    <ele>3.9</ele>
    <time>2026-06-19T18:40:14Z</time>
   </trkpt>
   <trkpt lat="51.4865920" lon="-0.2439630">
    <ele>3.9</ele>
    <time>2026-06-19T18:40:15Z</time>
   </trkpt>
   <trkpt lat="51.4865860" lon="-0.2439740">
    <ele>3.9</ele>
    <time>2026-06-19T18:40:16Z</time>
   </trkpt>
   <trkpt lat="51.4865790" lon="-0.2439840">
    <ele>3.9</ele>
    <time>2026-06-19T18:40:17Z</time>
   </trkpt>
   <trkpt lat="51.4865660" lon="-0.2440030">
    <ele>3.9</ele>
    <time>2026-06-19T18:40:18Z</time>
   </trkpt>
   <trkpt lat="51.4865590" lon="-0.2440170">
    <ele>3.9</ele>
    <time>2026-06-19T18:40:19Z</time>
   </trkpt>
   <trkpt lat="51.4865510" lon="-0.2440370">
    <ele>3.9</ele>
    <time>2026-06-19T18:40:20Z</time>
   </trkpt>
   <trkpt lat="51.4865430" lon="-0.2440550">
    <ele>3.9</ele>
    <time>2026-06-19T18:40:21Z</time>
   </trkpt>
   <trkpt lat="51.4865360" lon="-0.2440680">
    <ele>3.9</ele>
    <time>2026-06-19T18:40:22Z</time>
   </trkpt>
   <trkpt lat="51.4865260" lon="-0.2440830">
    <ele>3.9</ele>
    <time>2026-06-19T18:40:23Z</time>
   </trkpt>
   <trkpt lat="51.4865220" lon="-0.2440980">
    <ele>3.9</ele>
    <time>2026-06-19T18:40:24Z</time>
   </trkpt>
   <trkpt lat="51.4865110" lon="-0.2441130">
    <ele>3.9</ele>
    <time>2026-06-19T18:40:25Z</time>
   </trkpt>
   <trkpt lat="51.4864960" lon="-0.2441250">
    <ele>3.9</ele>
    <time>2026-06-19T18:40:26Z</time>
   </trkpt>
   <trkpt lat="51.4864860" lon="-0.2441360">
    <ele>3.9</ele>
    <time>2026-06-19T18:40:27Z</time>
   </trkpt>
   <trkpt lat="51.4864760" lon="-0.2441560">
    <ele>3.9</ele>
    <time>2026-06-19T18:40:28Z</time>
   </trkpt>
   <trkpt lat="51.4864690" lon="-0.2441750">
    <ele>3.9</ele>
    <time>2026-06-19T18:40:29Z</time>
   </trkpt>
   <trkpt lat="51.4864600" lon="-0.2441960">
    <ele>3.9</ele>
    <time>2026-06-19T18:40:30Z</time>
   </trkpt>
   <trkpt lat="51.4864530" lon="-0.2442110">
    <ele>3.9</ele>
    <time>2026-06-19T18:40:31Z</time>
   </trkpt>
   <trkpt lat="51.4864480" lon="-0.2442170">
    <ele>3.9</ele>
    <time>2026-06-19T18:40:32Z</time>
   </trkpt>
   <trkpt lat="51.4864420" lon="-0.2442340">
    <ele>3.9</ele>
    <time>2026-06-19T18:40:33Z</time>
   </trkpt>
   <trkpt lat="51.4864400" lon="-0.2442430">
    <ele>3.9</ele>
    <time>2026-06-19T18:40:34Z</time>
   </trkpt>
   <trkpt lat="51.4864300" lon="-0.2442610">
    <ele>3.9</ele>
    <time>2026-06-19T18:40:35Z</time>
   </trkpt>
   <trkpt lat="51.4864220" lon="-0.2442770">
    <ele>3.9</ele>
    <time>2026-06-19T18:40:36Z</time>
   </trkpt>
   <trkpt lat="51.4864090" lon="-0.2442950">
    <ele>3.9</ele>
    <time>2026-06-19T18:40:37Z</time>
   </trkpt>
   <trkpt lat="51.4864050" lon="-0.2443150">
    <ele>3.9</ele>
    <time>2026-06-19T18:40:38Z</time>
   </trkpt>
   <trkpt lat="51.4863900" lon="-0.2443310">
    <ele>3.9</ele>
    <time>2026-06-19T18:40:39Z</time>
   </trkpt>
   <trkpt lat="51.4863810" lon="-0.2443520">
    <ele>3.9</ele>
    <time>2026-06-19T18:40:40Z</time>
   </trkpt>
   <trkpt lat="51.4863680" lon="-0.2443730">
    <ele>3.9</ele>
    <time>2026-06-19T18:40:41Z</time>
   </trkpt>
   <trkpt lat="51.4863590" lon="-0.2443830">
    <ele>3.9</ele>
    <time>2026-06-19T18:40:42Z</time>
   </trkpt>
   <trkpt lat="51.4863510" lon="-0.2443930">
    <ele>3.9</ele>
    <time>2026-06-19T18:40:43Z</time>
   </trkpt>
   <trkpt lat="51.4863350" lon="-0.2444120">
    <ele>3.9</ele>
    <time>2026-06-19T18:40:44Z</time>
   </trkpt>
   <trkpt lat="51.4863260" lon="-0.2444210">
    <ele>3.9</ele>
    <time>2026-06-19T18:40:45Z</time>
   </trkpt>
   <trkpt lat="51.4863180" lon="-0.2444290">
    <ele>3.9</ele>
    <time>2026-06-19T18:40:46Z</time>
   </trkpt>
   <trkpt lat="51.4863090" lon="-0.2444480">
    <ele>3.9</ele>
    <time>2026-06-19T18:40:47Z</time>
   </trkpt>
   <trkpt lat="51.4863000" lon="-0.2444650">
    <ele>3.9</ele>
    <time>2026-06-19T18:40:48Z</time>
   </trkpt>
   <trkpt lat="51.4862890" lon="-0.2444780">
    <ele>3.9</ele>
    <time>2026-06-19T18:40:49Z</time>
   </trkpt>
   <trkpt lat="51.4862790" lon="-0.2444930">
    <ele>3.9</ele>
    <time>2026-06-19T18:40:50Z</time>
   </trkpt>
   <trkpt lat="51.4862630" lon="-0.2445150">
    <ele>3.9</ele>
    <time>2026-06-19T18:40:51Z</time>
   </trkpt>
   <trkpt lat="51.4862560" lon="-0.2445270">
    <ele>3.9</ele>
    <time>2026-06-19T18:40:52Z</time>
   </trkpt>
   <trkpt lat="51.4862490" lon="-0.2445380">
    <ele>3.9</ele>
    <time>2026-06-19T18:40:53Z</time>
   </trkpt>
   <trkpt lat="51.4862380" lon="-0.2445490">
    <ele>3.9</ele>
    <time>2026-06-19T18:40:54Z</time>
   </trkpt>
   <trkpt lat="51.4862270" lon="-0.2445650">
    <ele>3.9</ele>
    <time>2026-06-19T18:40:55Z</time>
   </trkpt>
   <trkpt lat="51.4862140" lon="-0.2445800">
    <ele>3.9</ele>
    <time>2026-06-19T18:40:56Z</time>
   </trkpt>
   <trkpt lat="51.4862040" lon="-0.2446020">
    <ele>3.9</ele>
    <time>2026-06-19T18:40:57Z</time>
   </trkpt>
   <trkpt lat="51.4861950" lon="-0.2446300">
    <ele>3.9</ele>
    <time>2026-06-19T18:40:58Z</time>
   </trkpt>
   <trkpt lat="51.4861860" lon="-0.2446480">
    <ele>3.9</ele>
    <time>2026-06-19T18:40:59Z</time>
   </trkpt>
   <trkpt lat="51.4861780" lon="-0.2446640">
    <ele>3.9</ele>
    <time>2026-06-19T18:41:00Z</time>
   </trkpt>
   <trkpt lat="51.4861650" lon="-0.2446820">
    <ele>3.9</ele>
    <time>2026-06-19T18:41:01Z</time>
   </trkpt>
   <trkpt lat="51.4861540" lon="-0.2446940">
    <ele>3.9</ele>
    <time>2026-06-19T18:41:02Z</time>
   </trkpt>
   <trkpt lat="51.4861420" lon="-0.2447060">
    <ele>3.9</ele>
    <time>2026-06-19T18:41:03Z</time>
   </trkpt>
   <trkpt lat="51.4861270" lon="-0.2447280">
    <ele>3.9</ele>
    <time>2026-06-19T18:41:04Z</time>
   </trkpt>
   <trkpt lat="51.4861210" lon="-0.2447380">
    <ele>3.9</ele>
    <time>2026-06-19T18:41:05Z</time>
   </trkpt>
   <trkpt lat="51.4861150" lon="-0.2447490">
    <ele>3.9</ele>
    <time>2026-06-19T18:41:06Z</time>
   </trkpt>
   <trkpt lat="51.4861040" lon="-0.2447770">
    <ele>3.9</ele>
    <time>2026-06-19T18:41:07Z</time>
   </trkpt>
   <trkpt lat="51.4860980" lon="-0.2447870">
    <ele>3.9</ele>
    <time>2026-06-19T18:41:08Z</time>
   </trkpt>
   <trkpt lat="51.4860910" lon="-0.2447970">
    <ele>3.9</ele>
    <time>2026-06-19T18:41:09Z</time>
   </trkpt>
   <trkpt lat="51.4860830" lon="-0.2448150">
    <ele>3.9</ele>
    <time>2026-06-19T18:41:10Z</time>
   </trkpt>
   <trkpt lat="51.4860730" lon="-0.2448320">
    <ele>3.9</ele>
    <time>2026-06-19T18:41:11Z</time>
   </trkpt>
   <trkpt lat="51.4860700" lon="-0.2448560">
    <ele>3.9</ele>
    <time>2026-06-19T18:41:12Z</time>
   </trkpt>
   <trkpt lat="51.4860590" lon="-0.2448740">
    <ele>3.9</ele>
    <time>2026-06-19T18:41:13Z</time>
   </trkpt>
   <trkpt lat="51.4860490" lon="-0.2448970">
    <ele>3.9</ele>
    <time>2026-06-19T18:41:14Z</time>
   </trkpt>
   <trkpt lat="51.4860420" lon="-0.2449190">
    <ele>3.9</ele>
    <time>2026-06-19T18:41:15Z</time>
   </trkpt>
   <trkpt lat="51.4860330" lon="-0.2449380">
    <ele>3.9</ele>
    <time>2026-06-19T18:41:16Z</time>
   </trkpt>
   <trkpt lat="51.4860180" lon="-0.2449520">
    <ele>3.9</ele>
    <time>2026-06-19T18:41:17Z</time>
   </trkpt>
   <trkpt lat="51.4859980" lon="-0.2449790">
    <ele>3.9</ele>
    <time>2026-06-19T18:41:18Z</time>
   </trkpt>
   <trkpt lat="51.4859890" lon="-0.2449890">
    <ele>3.9</ele>
    <time>2026-06-19T18:41:19Z</time>
   </trkpt>
   <trkpt lat="51.4859770" lon="-0.2449990">
    <ele>3.9</ele>
    <time>2026-06-19T18:41:20Z</time>
   </trkpt>
   <trkpt lat="51.4859710" lon="-0.2450110">
    <ele>3.9</ele>
    <time>2026-06-19T18:41:21Z</time>
   </trkpt>
   <trkpt lat="51.4859650" lon="-0.2450230">
    <ele>3.9</ele>
    <time>2026-06-19T18:41:22Z</time>
   </trkpt>
   <trkpt lat="51.4859590" lon="-0.2450280">
    <ele>3.9</ele>
    <time>2026-06-19T18:41:23Z</time>
   </trkpt>
   <trkpt lat="51.4859500" lon="-0.2450410">
    <ele>3.9</ele>
    <time>2026-06-19T18:41:24Z</time>
   </trkpt>
   <trkpt lat="51.4859420" lon="-0.2450480">
    <ele>3.9</ele>
    <time>2026-06-19T18:41:25Z</time>
   </trkpt>
   <trkpt lat="51.4859210" lon="-0.2450670">
    <ele>3.9</ele>
    <time>2026-06-19T18:41:26Z</time>
   </trkpt>
   <trkpt lat="51.4859130" lon="-0.2450780">
    <ele>3.9</ele>
    <time>2026-06-19T18:41:27Z</time>
   </trkpt>
   <trkpt lat="51.4859050" lon="-0.2450880">
    <ele>3.9</ele>
    <time>2026-06-19T18:41:28Z</time>
   </trkpt>
   <trkpt lat="51.4858950" lon="-0.2451030">
    <ele>3.9</ele>
    <time>2026-06-19T18:41:29Z</time>
   </trkpt>
   <trkpt lat="51.4858890" lon="-0.2451240">
    <ele>3.9</ele>
    <time>2026-06-19T18:41:30Z</time>
   </trkpt>
   <trkpt lat="51.4858740" lon="-0.2451500">
    <ele>3.8</ele>
    <time>2026-06-19T18:41:31Z</time>
   </trkpt>
   <trkpt lat="51.4858690" lon="-0.2451600">
    <ele>3.8</ele>
    <time>2026-06-19T18:41:32Z</time>
   </trkpt>
   <trkpt lat="51.4858650" lon="-0.2451710">
    <ele>3.8</ele>
    <time>2026-06-19T18:41:33Z</time>
   </trkpt>
   <trkpt lat="51.4858460" lon="-0.2452050">
    <ele>3.8</ele>
    <time>2026-06-19T18:41:34Z</time>
   </trkpt>
   <trkpt lat="51.4858380" lon="-0.2452170">
    <ele>3.8</ele>
    <time>2026-06-19T18:41:35Z</time>
   </trkpt>
   <trkpt lat="51.4858240" lon="-0.2452340">
    <ele>3.8</ele>
    <time>2026-06-19T18:41:36Z</time>
   </trkpt>
   <trkpt lat="51.4858130" lon="-0.2452490">
    <ele>3.8</ele>
    <time>2026-06-19T18:41:37Z</time>
   </trkpt>
   <trkpt lat="51.4858020" lon="-0.2452760">
    <ele>3.8</ele>
    <time>2026-06-19T18:41:38Z</time>
   </trkpt>
   <trkpt lat="51.4857970" lon="-0.2452870">
    <ele>3.8</ele>
    <time>2026-06-19T18:41:39Z</time>
   </trkpt>
   <trkpt lat="51.4857920" lon="-0.2452970">
    <ele>3.8</ele>
    <time>2026-06-19T18:41:40Z</time>
   </trkpt>
   <trkpt lat="51.4857880" lon="-0.2453190">
    <ele>3.8</ele>
    <time>2026-06-19T18:41:41Z</time>
   </trkpt>
   <trkpt lat="51.4857800" lon="-0.2453340">
    <ele>3.8</ele>
    <time>2026-06-19T18:41:42Z</time>
   </trkpt>
   <trkpt lat="51.4857780" lon="-0.2453480">
    <ele>3.8</ele>
    <time>2026-06-19T18:41:43Z</time>
   </trkpt>
   <trkpt lat="51.4857630" lon="-0.2453600">
    <ele>3.8</ele>
    <time>2026-06-19T18:41:44Z</time>
   </trkpt>
   <trkpt lat="51.4857500" lon="-0.2453810">
    <ele>3.8</ele>
    <time>2026-06-19T18:41:45Z</time>
   </trkpt>
   <trkpt lat="51.4857390" lon="-0.2454000">
    <ele>3.8</ele>
    <time>2026-06-19T18:41:46Z</time>
   </trkpt>
   <trkpt lat="51.4857260" lon="-0.2454200">
    <ele>3.8</ele>
    <time>2026-06-19T18:41:47Z</time>
   </trkpt>
   <trkpt lat="51.4857210" lon="-0.2454350">
    <ele>3.8</ele>
    <time>2026-06-19T18:41:48Z</time>
   </trkpt>
   <trkpt lat="51.4857110" lon="-0.2454460">
    <ele>3.8</ele>
    <time>2026-06-19T18:41:49Z</time>
   </trkpt>
   <trkpt lat="51.4856980" lon="-0.2454560">
    <ele>3.8</ele>
    <time>2026-06-19T18:41:50Z</time>
   </trkpt>
   <trkpt lat="51.4856880" lon="-0.2454740">
    <ele>3.8</ele>
    <time>2026-06-19T18:41:51Z</time>
   </trkpt>
   <trkpt lat="51.4856750" lon="-0.2454880">
    <ele>3.8</ele>
    <time>2026-06-19T18:41:52Z</time>
   </trkpt>
   <trkpt lat="51.4856610" lon="-0.2455030">
    <ele>3.8</ele>
    <time>2026-06-19T18:41:53Z</time>
   </trkpt>
   <trkpt lat="51.4856520" lon="-0.2455240">
    <ele>3.8</ele>
    <time>2026-06-19T18:41:54Z</time>
   </trkpt>
   <trkpt lat="51.4856410" lon="-0.2455420">
    <ele>3.8</ele>
    <time>2026-06-19T18:41:55Z</time>
   </trkpt>
   <trkpt lat="51.4856310" lon="-0.2455550">
    <ele>3.8</ele>
    <time>2026-06-19T18:41:56Z</time>
   </trkpt>
   <trkpt lat="51.4856160" lon="-0.2455780">
    <ele>3.8</ele>
    <time>2026-06-19T18:41:57Z</time>
   </trkpt>
   <trkpt lat="51.4856110" lon="-0.2455890">
    <ele>3.8</ele>
    <time>2026-06-19T18:41:58Z</time>
   </trkpt>
   <trkpt lat="51.4856070" lon="-0.2456010">
    <ele>3.8</ele>
    <time>2026-06-19T18:41:59Z</time>
   </trkpt>
   <trkpt lat="51.4855910" lon="-0.2456130">
    <ele>3.8</ele>
    <time>2026-06-19T18:42:00Z</time>
   </trkpt>
   <trkpt lat="51.4855830" lon="-0.2456320">
    <ele>3.8</ele>
    <time>2026-06-19T18:42:01Z</time>
   </trkpt>
   <trkpt lat="51.4855810" lon="-0.2456600">
    <ele>3.8</ele>
    <time>2026-06-19T18:42:02Z</time>
   </trkpt>
   <trkpt lat="51.4855730" lon="-0.2456780">
    <ele>3.8</ele>
    <time>2026-06-19T18:42:03Z</time>
   </trkpt>
   <trkpt lat="51.4855620" lon="-0.2457060">
    <ele>3.8</ele>
    <time>2026-06-19T18:42:04Z</time>
   </trkpt>
   <trkpt lat="51.4855570" lon="-0.2457180">
    <ele>3.8</ele>
    <time>2026-06-19T18:42:05Z</time>
   </trkpt>
   <trkpt lat="51.4855530" lon="-0.2457310">
    <ele>3.8</ele>
    <time>2026-06-19T18:42:06Z</time>
   </trkpt>
   <trkpt lat="51.4855420" lon="-0.2457510">
    <ele>3.9</ele>
    <time>2026-06-19T18:42:07Z</time>
   </trkpt>
   <trkpt lat="51.4855310" lon="-0.2457710">
    <ele>3.9</ele>
    <time>2026-06-19T18:42:08Z</time>
   </trkpt>
   <trkpt lat="51.4855180" lon="-0.2457880">
    <ele>3.9</ele>
    <time>2026-06-19T18:42:09Z</time>
   </trkpt>
   <trkpt lat="51.4855110" lon="-0.2458070">
    <ele>3.9</ele>
    <time>2026-06-19T18:42:10Z</time>
   </trkpt>
   <trkpt lat="51.4854950" lon="-0.2458180">
    <ele>3.9</ele>
    <time>2026-06-19T18:42:11Z</time>
   </trkpt>
   <trkpt lat="51.4854820" lon="-0.2458330">
    <ele>3.9</ele>
    <time>2026-06-19T18:42:12Z</time>
   </trkpt>
   <trkpt lat="51.4854740" lon="-0.2458610">
    <ele>3.9</ele>
    <time>2026-06-19T18:42:13Z</time>
   </trkpt>
   <trkpt lat="51.4854690" lon="-0.2458740">
    <ele>3.9</ele>
    <time>2026-06-19T18:42:14Z</time>
   </trkpt>
   <trkpt lat="51.4854650" lon="-0.2458860">
    <ele>3.9</ele>
    <time>2026-06-19T18:42:15Z</time>
   </trkpt>
   <trkpt lat="51.4854510" lon="-0.2459170">
    <ele>3.9</ele>
    <time>2026-06-19T18:42:16Z</time>
   </trkpt>
   <trkpt lat="51.4854440" lon="-0.2459280">
    <ele>3.9</ele>
    <time>2026-06-19T18:42:17Z</time>
   </trkpt>
   <trkpt lat="51.4854360" lon="-0.2459390">
    <ele>3.9</ele>
    <time>2026-06-19T18:42:18Z</time>
   </trkpt>
   <trkpt lat="51.4854290" lon="-0.2459580">
    <ele>3.9</ele>
    <time>2026-06-19T18:42:19Z</time>
   </trkpt>
   <trkpt lat="51.4854170" lon="-0.2459710">
    <ele>3.9</ele>
    <time>2026-06-19T18:42:20Z</time>
   </trkpt>
   <trkpt lat="51.4854100" lon="-0.2459940">
    <ele>3.9</ele>
    <time>2026-06-19T18:42:21Z</time>
   </trkpt>
   <trkpt lat="51.4853960" lon="-0.2460100">
    <ele>3.9</ele>
    <time>2026-06-19T18:42:22Z</time>
   </trkpt>
   <trkpt lat="51.4853830" lon="-0.2460300">
    <ele>3.9</ele>
    <time>2026-06-19T18:42:23Z</time>
   </trkpt>
   <trkpt lat="51.4853750" lon="-0.2460410">
    <ele>3.9</ele>
    <time>2026-06-19T18:42:24Z</time>
   </trkpt>
   <trkpt lat="51.4853680" lon="-0.2460510">
    <ele>3.9</ele>
    <time>2026-06-19T18:42:25Z</time>
   </trkpt>
   <trkpt lat="51.4853540" lon="-0.2460760">
    <ele>3.9</ele>
    <time>2026-06-19T18:42:26Z</time>
   </trkpt>
   <trkpt lat="51.4853480" lon="-0.2460860">
    <ele>3.9</ele>
    <time>2026-06-19T18:42:27Z</time>
   </trkpt>
   <trkpt lat="51.4853430" lon="-0.2460970">
    <ele>3.9</ele>
    <time>2026-06-19T18:42:28Z</time>
   </trkpt>
   <trkpt lat="51.4853360" lon="-0.2461120">
    <ele>3.9</ele>
    <time>2026-06-19T18:42:29Z</time>
   </trkpt>
   <trkpt lat="51.4853290" lon="-0.2461210">
    <ele>3.9</ele>
    <time>2026-06-19T18:42:30Z</time>
   </trkpt>
   <trkpt lat="51.4853190" lon="-0.2461320">
    <ele>3.9</ele>
    <time>2026-06-19T18:42:31Z</time>
   </trkpt>
   <trkpt lat="51.4853050" lon="-0.2461550">
    <ele>3.9</ele>
    <time>2026-06-19T18:42:32Z</time>
   </trkpt>
   <trkpt lat="51.4853000" lon="-0.2461660">
    <ele>3.9</ele>
    <time>2026-06-19T18:42:33Z</time>
   </trkpt>
   <trkpt lat="51.4852940" lon="-0.2461770">
    <ele>3.9</ele>
    <time>2026-06-19T18:42:34Z</time>
   </trkpt>
   <trkpt lat="51.4852810" lon="-0.2461930">
    <ele>3.9</ele>
    <time>2026-06-19T18:42:35Z</time>
   </trkpt>
   <trkpt lat="51.4852710" lon="-0.2462090">
    <ele>3.9</ele>
    <time>2026-06-19T18:42:36Z</time>
   </trkpt>
   <trkpt lat="51.4852600" lon="-0.2462260">
    <ele>3.9</ele>
    <time>2026-06-19T18:42:37Z</time>
   </trkpt>
   <trkpt lat="51.4852530" lon="-0.2462440">
    <ele>3.9</ele>
    <time>2026-06-19T18:42:38Z</time>
   </trkpt>
   <trkpt lat="51.4852450" lon="-0.2462630">
    <ele>3.9</ele>
    <time>2026-06-19T18:42:39Z</time>
   </trkpt>
   <trkpt lat="51.4852350" lon="-0.2462810">
    <ele>3.9</ele>
    <time>2026-06-19T18:42:40Z</time>
   </trkpt>
   <trkpt lat="51.4852250" lon="-0.2462930">
    <ele>3.9</ele>
    <time>2026-06-19T18:42:41Z</time>
   </trkpt>
   <trkpt lat="51.4852140" lon="-0.2463130">
    <ele>3.9</ele>
    <time>2026-06-19T18:42:42Z</time>
   </trkpt>
   <trkpt lat="51.4851960" lon="-0.2463300">
    <ele>3.9</ele>
    <time>2026-06-19T18:42:43Z</time>
   </trkpt>
   <trkpt lat="51.4851900" lon="-0.2463380">
    <ele>3.9</ele>
    <time>2026-06-19T18:42:44Z</time>
   </trkpt>
   <trkpt lat="51.4851830" lon="-0.2463460">
    <ele>3.9</ele>
    <time>2026-06-19T18:42:45Z</time>
   </trkpt>
   <trkpt lat="51.4851720" lon="-0.2463600">
    <ele>4.0</ele>
    <time>2026-06-19T18:42:46Z</time>
   </trkpt>
   <trkpt lat="51.4851570" lon="-0.2463820">
    <ele>4.0</ele>
    <time>2026-06-19T18:42:47Z</time>
   </trkpt>
   <trkpt lat="51.4851400" lon="-0.2464060">
    <ele>4.0</ele>
    <time>2026-06-19T18:42:48Z</time>
   </trkpt>
   <trkpt lat="51.4851320" lon="-0.2464160">
    <ele>4.0</ele>
    <time>2026-06-19T18:42:49Z</time>
   </trkpt>
   <trkpt lat="51.4851250" lon="-0.2464260">
    <ele>4.0</ele>
    <time>2026-06-19T18:42:50Z</time>
   </trkpt>
   <trkpt lat="51.4851170" lon="-0.2464360">
    <ele>4.0</ele>
    <time>2026-06-19T18:42:51Z</time>
   </trkpt>
   <trkpt lat="51.4851000" lon="-0.2464470">
    <ele>4.0</ele>
    <time>2026-06-19T18:42:52Z</time>
   </trkpt>
   <trkpt lat="51.4850890" lon="-0.2464650">
    <ele>4.0</ele>
    <time>2026-06-19T18:42:53Z</time>
   </trkpt>
   <trkpt lat="51.4850760" lon="-0.2464750">
    <ele>4.0</ele>
    <time>2026-06-19T18:42:54Z</time>
   </trkpt>
   <trkpt lat="51.4850670" lon="-0.2465070">
    <ele>4.0</ele>
    <time>2026-06-19T18:42:55Z</time>
   </trkpt>
   <trkpt lat="51.4850580" lon="-0.2465200">
    <ele>4.0</ele>
    <time>2026-06-19T18:42:56Z</time>
   </trkpt>
   <trkpt lat="51.4850400" lon="-0.2465330">
    <ele>4.0</ele>
    <time>2026-06-19T18:42:57Z</time>
   </trkpt>
   <trkpt lat="51.4850290" lon="-0.2465370">
    <ele>4.0</ele>
    <time>2026-06-19T18:42:58Z</time>
   </trkpt>
   <trkpt lat="51.4850190" lon="-0.2465420">
    <ele>4.1</ele>
    <time>2026-06-19T18:42:59Z</time>
   </trkpt>
   <trkpt lat="51.4850100" lon="-0.2465560">
    <ele>4.1</ele>
    <time>2026-06-19T18:43:00Z</time>
   </trkpt>
   <trkpt lat="51.4850020" lon="-0.2465730">
    <ele>4.1</ele>
    <time>2026-06-19T18:43:01Z</time>
   </trkpt>
   <trkpt lat="51.4849950" lon="-0.2465850">
    <ele>4.1</ele>
    <time>2026-06-19T18:43:02Z</time>
   </trkpt>
   <trkpt lat="51.4849850" lon="-0.2465960">
    <ele>4.1</ele>
    <time>2026-06-19T18:43:03Z</time>
   </trkpt>
   <trkpt lat="51.4849770" lon="-0.2466060">
    <ele>4.1</ele>
    <time>2026-06-19T18:43:04Z</time>
   </trkpt>
   <trkpt lat="51.4849680" lon="-0.2466130">
    <ele>4.1</ele>
    <time>2026-06-19T18:43:05Z</time>
   </trkpt>
   <trkpt lat="51.4849500" lon="-0.2466290">
    <ele>4.1</ele>
    <time>2026-06-19T18:43:06Z</time>
   </trkpt>
   <trkpt lat="51.4849420" lon="-0.2466350">
    <ele>4.1</ele>
    <time>2026-06-19T18:43:07Z</time>
   </trkpt>
   <trkpt lat="51.4849350" lon="-0.2466540">
    <ele>4.1</ele>
    <time>2026-06-19T18:43:08Z</time>
   </trkpt>
   <trkpt lat="51.4849300" lon="-0.2466720">
    <ele>4.1</ele>
    <time>2026-06-19T18:43:09Z</time>
   </trkpt>
   <trkpt lat="51.4849250" lon="-0.2466790">
    <ele>4.1</ele>
    <time>2026-06-19T18:43:10Z</time>
   </trkpt>
   <trkpt lat="51.4849110" lon="-0.2467060">
    <ele>4.1</ele>
    <time>2026-06-19T18:43:11Z</time>
   </trkpt>
   <trkpt lat="51.4849040" lon="-0.2467150">
    <ele>4.1</ele>
    <time>2026-06-19T18:43:12Z</time>
   </trkpt>
   <trkpt lat="51.4848980" lon="-0.2467250">
    <ele>4.1</ele>
    <time>2026-06-19T18:43:13Z</time>
   </trkpt>
   <trkpt lat="51.4848860" lon="-0.2467350">
    <ele>4.1</ele>
    <time>2026-06-19T18:43:14Z</time>
   </trkpt>
   <trkpt lat="51.4848760" lon="-0.2467550">
    <ele>4.1</ele>
    <time>2026-06-19T18:43:15Z</time>
   </trkpt>
   <trkpt lat="51.4848690" lon="-0.2467730">
    <ele>4.1</ele>
    <time>2026-06-19T18:43:16Z</time>
   </trkpt>
   <trkpt lat="51.4848650" lon="-0.2467930">
    <ele>4.1</ele>
    <time>2026-06-19T18:43:17Z</time>
   </trkpt>
   <trkpt lat="51.4848620" lon="-0.2468060">
    <ele>4.1</ele>
    <time>2026-06-19T18:43:18Z</time>
   </trkpt>
   <trkpt lat="51.4848570" lon="-0.2468180">
    <ele>4.1</ele>
    <time>2026-06-19T18:43:19Z</time>
   </trkpt>
   <trkpt lat="51.4848420" lon="-0.2468450">
    <ele>4.1</ele>
    <time>2026-06-19T18:43:20Z</time>
   </trkpt>
   <trkpt lat="51.4848330" lon="-0.2468640">
    <ele>4.1</ele>
    <time>2026-06-19T18:43:21Z</time>
   </trkpt>
   <trkpt lat="51.4848230" lon="-0.2468820">
    <ele>4.2</ele>
    <time>2026-06-19T18:43:22Z</time>
   </trkpt>
   <trkpt lat="51.4848180" lon="-0.2469000">
    <ele>4.2</ele>
    <time>2026-06-19T18:43:23Z</time>
   </trkpt>
   <trkpt lat="51.4848110" lon="-0.2469160">
    <ele>4.2</ele>
    <time>2026-06-19T18:43:24Z</time>
   </trkpt>
   <trkpt lat="51.4848050" lon="-0.2469290">
    <ele>4.2</ele>
    <time>2026-06-19T18:43:25Z</time>
   </trkpt>
   <trkpt lat="51.4847990" lon="-0.2469380">
    <ele>4.2</ele>
    <time>2026-06-19T18:43:26Z</time>
   </trkpt>
   <trkpt lat="51.4847940" lon="-0.2469530">
    <ele>4.2</ele>
    <time>2026-06-19T18:43:27Z</time>
   </trkpt>
   <trkpt lat="51.4847880" lon="-0.2469590">
    <ele>4.2</ele>
    <time>2026-06-19T18:43:28Z</time>
   </trkpt>
   <trkpt lat="51.4847830" lon="-0.2469740">
    <ele>4.2</ele>
    <time>2026-06-19T18:43:29Z</time>
   </trkpt>
   <trkpt lat="51.4847770" lon="-0.2469800">
    <ele>4.2</ele>
    <time>2026-06-19T18:43:30Z</time>
   </trkpt>
   <trkpt lat="51.4847680" lon="-0.2469990">
    <ele>4.2</ele>
    <time>2026-06-19T18:43:31Z</time>
   </trkpt>
   <trkpt lat="51.4847550" lon="-0.2470090">
    <ele>4.2</ele>
    <time>2026-06-19T18:43:32Z</time>
   </trkpt>
   <trkpt lat="51.4847430" lon="-0.2470240">
    <ele>4.2</ele>
    <time>2026-06-19T18:43:33Z</time>
   </trkpt>
   <trkpt lat="51.4847310" lon="-0.2470400">
    <ele>4.2</ele>
    <time>2026-06-19T18:43:34Z</time>
   </trkpt>
   <trkpt lat="51.4847080" lon="-0.2470650">
    <ele>4.2</ele>
    <time>2026-06-19T18:43:35Z</time>
   </trkpt>
   <trkpt lat="51.4846990" lon="-0.2470730">
    <ele>4.2</ele>
    <time>2026-06-19T18:43:36Z</time>
   </trkpt>
   <trkpt lat="51.4846870" lon="-0.2470890">
    <ele>4.2</ele>
    <time>2026-06-19T18:43:37Z</time>
   </trkpt>
   <trkpt lat="51.4846770" lon="-0.2471020">
    <ele>4.2</ele>
    <time>2026-06-19T18:43:38Z</time>
   </trkpt>
   <trkpt lat="51.4846610" lon="-0.2471260">
    <ele>4.2</ele>
    <time>2026-06-19T18:43:39Z</time>
   </trkpt>
   <trkpt lat="51.4846530" lon="-0.2471390">
    <ele>4.2</ele>
    <time>2026-06-19T18:43:40Z</time>
   </trkpt>
   <trkpt lat="51.4846460" lon="-0.2471510">
    <ele>4.2</ele>
    <time>2026-06-19T18:43:41Z</time>
   </trkpt>
   <trkpt lat="51.4846390" lon="-0.2471610">
    <ele>4.2</ele>
    <time>2026-06-19T18:43:42Z</time>
   </trkpt>
   <trkpt lat="51.4846310" lon="-0.2471700">
    <ele>4.2</ele>
    <time>2026-06-19T18:43:43Z</time>
   </trkpt>
   <trkpt lat="51.4846200" lon="-0.2471820">
    <ele>4.2</ele>
    <time>2026-06-19T18:43:44Z</time>
   </trkpt>
   <trkpt lat="51.4846100" lon="-0.2471940">
    <ele>4.2</ele>
    <time>2026-06-19T18:43:45Z</time>
   </trkpt>
   <trkpt lat="51.4846010" lon="-0.2472170">
    <ele>4.2</ele>
    <time>2026-06-19T18:43:46Z</time>
   </trkpt>
   <trkpt lat="51.4845910" lon="-0.2472320">
    <ele>4.2</ele>
    <time>2026-06-19T18:43:47Z</time>
   </trkpt>
   <trkpt lat="51.4845750" lon="-0.2472540">
    <ele>4.2</ele>
    <time>2026-06-19T18:43:48Z</time>
   </trkpt>
   <trkpt lat="51.4845630" lon="-0.2472840">
    <ele>4.2</ele>
    <time>2026-06-19T18:43:49Z</time>
   </trkpt>
   <trkpt lat="51.4845610" lon="-0.2472970">
    <ele>4.2</ele>
    <time>2026-06-19T18:43:50Z</time>
   </trkpt>
   <trkpt lat="51.4845580" lon="-0.2473100">
    <ele>4.2</ele>
    <time>2026-06-19T18:43:51Z</time>
   </trkpt>
   <trkpt lat="51.4845420" lon="-0.2473290">
    <ele>4.2</ele>
    <time>2026-06-19T18:43:52Z</time>
   </trkpt>
   <trkpt lat="51.4845370" lon="-0.2473410">
    <ele>4.2</ele>
    <time>2026-06-19T18:43:53Z</time>
   </trkpt>
   <trkpt lat="51.4845310" lon="-0.2473520">
    <ele>4.3</ele>
    <time>2026-06-19T18:43:54Z</time>
   </trkpt>
   <trkpt lat="51.4845230" lon="-0.2473580">
    <ele>4.3</ele>
    <time>2026-06-19T18:43:55Z</time>
   </trkpt>
   <trkpt lat="51.4845150" lon="-0.2473740">
    <ele>4.3</ele>
    <time>2026-06-19T18:43:56Z</time>
   </trkpt>
   <trkpt lat="51.4845060" lon="-0.2473800">
    <ele>4.3</ele>
    <time>2026-06-19T18:43:57Z</time>
   </trkpt>
   <trkpt lat="51.4844970" lon="-0.2473920">
    <ele>4.3</ele>
    <time>2026-06-19T18:43:58Z</time>
   </trkpt>
   <trkpt lat="51.4844810" lon="-0.2474140">
    <ele>4.3</ele>
    <time>2026-06-19T18:43:59Z</time>
   </trkpt>
   <trkpt lat="51.4844680" lon="-0.2474230">
    <ele>4.3</ele>
    <time>2026-06-19T18:44:00Z</time>
   </trkpt>
   <trkpt lat="51.4844530" lon="-0.2474390">
    <ele>4.3</ele>
    <time>2026-06-19T18:44:01Z</time>
   </trkpt>
   <trkpt lat="51.4844400" lon="-0.2474580">
    <ele>4.3</ele>
    <time>2026-06-19T18:44:02Z</time>
   </trkpt>
   <trkpt lat="51.4844300" lon="-0.2474740">
    <ele>4.3</ele>
    <time>2026-06-19T18:44:03Z</time>
   </trkpt>
   <trkpt lat="51.4844160" lon="-0.2474980">
    <ele>4.3</ele>
    <time>2026-06-19T18:44:04Z</time>
   </trkpt>
   <trkpt lat="51.4844100" lon="-0.2475090">
    <ele>4.3</ele>
    <time>2026-06-19T18:44:05Z</time>
   </trkpt>
   <trkpt lat="51.4844040" lon="-0.2475190">
    <ele>4.3</ele>
    <time>2026-06-19T18:44:06Z</time>
   </trkpt>
   <trkpt lat="51.4843980" lon="-0.2475240">
    <ele>4.3</ele>
    <time>2026-06-19T18:44:07Z</time>
   </trkpt>
   <trkpt lat="51.4843890" lon="-0.2475360">
    <ele>4.3</ele>
    <time>2026-06-19T18:44:08Z</time>
   </trkpt>
   <trkpt lat="51.4843800" lon="-0.2475480">
    <ele>4.3</ele>
    <time>2026-06-19T18:44:09Z</time>
   </trkpt>
   <trkpt lat="51.4843700" lon="-0.2475690">
    <ele>4.3</ele>
    <time>2026-06-19T18:44:10Z</time>
   </trkpt>
   <trkpt lat="51.4843630" lon="-0.2475900">
    <ele>4.3</ele>
    <time>2026-06-19T18:44:11Z</time>
   </trkpt>
   <trkpt lat="51.4843460" lon="-0.2476160">
    <ele>4.3</ele>
    <time>2026-06-19T18:44:12Z</time>
   </trkpt>
   <trkpt lat="51.4843390" lon="-0.2476240">
    <ele>4.3</ele>
    <time>2026-06-19T18:44:13Z</time>
   </trkpt>
   <trkpt lat="51.4843310" lon="-0.2476320">
    <ele>4.3</ele>
    <time>2026-06-19T18:44:14Z</time>
   </trkpt>
   <trkpt lat="51.4843150" lon="-0.2476550">
    <ele>4.3</ele>
    <time>2026-06-19T18:44:15Z</time>
   </trkpt>
   <trkpt lat="51.4843090" lon="-0.2476640">
    <ele>4.3</ele>
    <time>2026-06-19T18:44:16Z</time>
   </trkpt>
   <trkpt lat="51.4843030" lon="-0.2476730">
    <ele>4.3</ele>
    <time>2026-06-19T18:44:17Z</time>
   </trkpt>
   <trkpt lat="51.4842880" lon="-0.2476960">
    <ele>4.3</ele>
    <time>2026-06-19T18:44:18Z</time>
   </trkpt>
   <trkpt lat="51.4842800" lon="-0.2477060">
    <ele>4.3</ele>
    <time>2026-06-19T18:44:19Z</time>
   </trkpt>
   <trkpt lat="51.4842720" lon="-0.2477150">
    <ele>4.3</ele>
    <time>2026-06-19T18:44:20Z</time>
   </trkpt>
   <trkpt lat="51.4842620" lon="-0.2477310">
    <ele>4.3</ele>
    <time>2026-06-19T18:44:21Z</time>
   </trkpt>
   <trkpt lat="51.4842500" lon="-0.2477510">
    <ele>4.4</ele>
    <time>2026-06-19T18:44:22Z</time>
   </trkpt>
   <trkpt lat="51.4842390" lon="-0.2477690">
    <ele>4.4</ele>
    <time>2026-06-19T18:44:23Z</time>
   </trkpt>
   <trkpt lat="51.4842290" lon="-0.2477860">
    <ele>4.4</ele>
    <time>2026-06-19T18:44:24Z</time>
   </trkpt>
   <trkpt lat="51.4842150" lon="-0.2478100">
    <ele>4.4</ele>
    <time>2026-06-19T18:44:25Z</time>
   </trkpt>
   <trkpt lat="51.4842090" lon="-0.2478200">
    <ele>4.4</ele>
    <time>2026-06-19T18:44:26Z</time>
   </trkpt>
   <trkpt lat="51.4842030" lon="-0.2478300">
    <ele>4.4</ele>
    <time>2026-06-19T18:44:27Z</time>
   </trkpt>
   <trkpt lat="51.4841850" lon="-0.2478490">
    <ele>4.4</ele>
    <time>2026-06-19T18:44:28Z</time>
   </trkpt>
   <trkpt lat="51.4841780" lon="-0.2478560">
    <ele>4.4</ele>
    <time>2026-06-19T18:44:29Z</time>
   </trkpt>
   <trkpt lat="51.4841700" lon="-0.2478640">
    <ele>4.4</ele>
    <time>2026-06-19T18:44:30Z</time>
   </trkpt>
   <trkpt lat="51.4841550" lon="-0.2478880">
    <ele>4.4</ele>
    <time>2026-06-19T18:44:31Z</time>
   </trkpt>
   <trkpt lat="51.4841490" lon="-0.2479000">
    <ele>4.4</ele>
    <time>2026-06-19T18:44:32Z</time>
   </trkpt>
   <trkpt lat="51.4841430" lon="-0.2479130">
    <ele>4.4</ele>
    <time>2026-06-19T18:44:33Z</time>
   </trkpt>
   <trkpt lat="51.4841340" lon="-0.2479300">
    <ele>4.4</ele>
    <time>2026-06-19T18:44:34Z</time>
   </trkpt>
   <trkpt lat="51.4841250" lon="-0.2479460">
    <ele>4.4</ele>
    <time>2026-06-19T18:44:35Z</time>
   </trkpt>
   <trkpt lat="51.4841080" lon="-0.2479680">
    <ele>4.4</ele>
    <time>2026-06-19T18:44:36Z</time>
   </trkpt>
   <trkpt lat="51.4841030" lon="-0.2479790">
    <ele>4.4</ele>
    <time>2026-06-19T18:44:37Z</time>
   </trkpt>
   <trkpt lat="51.4840970" lon="-0.2479900">
    <ele>4.4</ele>
    <time>2026-06-19T18:44:38Z</time>
   </trkpt>
   <trkpt lat="51.4840780" lon="-0.2480070">
    <ele>4.4</ele>
    <time>2026-06-19T18:44:39Z</time>
   </trkpt>
   <trkpt lat="51.4840670" lon="-0.2480210">
    <ele>4.4</ele>
    <time>2026-06-19T18:44:40Z</time>
   </trkpt>
   <trkpt lat="51.4840520" lon="-0.2480510">
    <ele>4.4</ele>
    <time>2026-06-19T18:44:41Z</time>
   </trkpt>
   <trkpt lat="51.4840440" lon="-0.2480640">
    <ele>4.4</ele>
    <time>2026-06-19T18:44:42Z</time>
   </trkpt>
   <trkpt lat="51.4840370" lon="-0.2480780">
    <ele>4.4</ele>
    <time>2026-06-19T18:44:43Z</time>
   </trkpt>
   <trkpt lat="51.4840180" lon="-0.2480950">
    <ele>4.4</ele>
    <time>2026-06-19T18:44:44Z</time>
   </trkpt>
   <trkpt lat="51.4840100" lon="-0.2481020">
    <ele>4.4</ele>
    <time>2026-06-19T18:44:45Z</time>
   </trkpt>
   <trkpt lat="51.4840020" lon="-0.2481090">
    <ele>4.4</ele>
    <time>2026-06-19T18:44:46Z</time>
   </trkpt>
   <trkpt lat="51.4839900" lon="-0.2481250">
    <ele>4.4</ele>
    <time>2026-06-19T18:44:47Z</time>
   </trkpt>
   <trkpt lat="51.4839790" lon="-0.2481420">
    <ele>4.4</ele>
    <time>2026-06-19T18:44:48Z</time>
   </trkpt>
   <trkpt lat="51.4839680" lon="-0.2481560">
    <ele>4.4</ele>
    <time>2026-06-19T18:44:49Z</time>
   </trkpt>
   <trkpt lat="51.4839590" lon="-0.2481730">
    <ele>4.4</ele>
    <time>2026-06-19T18:44:50Z</time>
   </trkpt>
   <trkpt lat="51.4839410" lon="-0.2481940">
    <ele>4.4</ele>
    <time>2026-06-19T18:44:51Z</time>
   </trkpt>
   <trkpt lat="51.4839350" lon="-0.2482020">
    <ele>4.4</ele>
    <time>2026-06-19T18:44:52Z</time>
   </trkpt>
   <trkpt lat="51.4839280" lon="-0.2482100">
    <ele>4.4</ele>
    <time>2026-06-19T18:44:53Z</time>
   </trkpt>
   <trkpt lat="51.4839180" lon="-0.2482170">
    <ele>4.4</ele>
    <time>2026-06-19T18:44:54Z</time>
   </trkpt>
   <trkpt lat="51.4839090" lon="-0.2482260">
    <ele>4.4</ele>
    <time>2026-06-19T18:44:55Z</time>
   </trkpt>
   <trkpt lat="51.4839000" lon="-0.2482340">
    <ele>4.4</ele>
    <time>2026-06-19T18:44:56Z</time>
   </trkpt>
   <trkpt lat="51.4838890" lon="-0.2482430">
    <ele>4.4</ele>
    <time>2026-06-19T18:44:57Z</time>
   </trkpt>
   <trkpt lat="51.4838680" lon="-0.2482530">
    <ele>4.4</ele>
    <time>2026-06-19T18:44:58Z</time>
   </trkpt>
   <trkpt lat="51.4838530" lon="-0.2482600">
    <ele>4.4</ele>
    <time>2026-06-19T18:44:59Z</time>
   </trkpt>
   <trkpt lat="51.4838390" lon="-0.2482830">
    <ele>4.4</ele>
    <time>2026-06-19T18:45:00Z</time>
   </trkpt>
   <trkpt lat="51.4838280" lon="-0.2483030">
    <ele>4.4</ele>
    <time>2026-06-19T18:45:01Z</time>
   </trkpt>
   <trkpt lat="51.4838170" lon="-0.2483180">
    <ele>4.4</ele>
    <time>2026-06-19T18:45:02Z</time>
   </trkpt>
   <trkpt lat="51.4838040" lon="-0.2483290">
    <ele>4.3</ele>
    <time>2026-06-19T18:45:03Z</time>
   </trkpt>
   <trkpt lat="51.4837920" lon="-0.2483420">
    <ele>4.3</ele>
    <time>2026-06-19T18:45:04Z</time>
   </trkpt>
   <trkpt lat="51.4837830" lon="-0.2483550">
    <ele>4.3</ele>
    <time>2026-06-19T18:45:05Z</time>
   </trkpt>
   <trkpt lat="51.4837730" lon="-0.2483620">
    <ele>4.3</ele>
    <time>2026-06-19T18:45:06Z</time>
   </trkpt>
   <trkpt lat="51.4837610" lon="-0.2483700">
    <ele>4.3</ele>
    <time>2026-06-19T18:45:07Z</time>
   </trkpt>
   <trkpt lat="51.4837510" lon="-0.2483810">
    <ele>4.3</ele>
    <time>2026-06-19T18:45:08Z</time>
   </trkpt>
   <trkpt lat="51.4837420" lon="-0.2483950">
    <ele>4.3</ele>
    <time>2026-06-19T18:45:09Z</time>
   </trkpt>
   <trkpt lat="51.4837320" lon="-0.2484040">
    <ele>4.3</ele>
    <time>2026-06-19T18:45:10Z</time>
   </trkpt>
   <trkpt lat="51.4837130" lon="-0.2484250">
    <ele>4.3</ele>
    <time>2026-06-19T18:45:11Z</time>
   </trkpt>
   <trkpt lat="51.4837030" lon="-0.2484330">
    <ele>4.3</ele>
    <time>2026-06-19T18:45:12Z</time>
   </trkpt>
   <trkpt lat="51.4836940" lon="-0.2484420">
    <ele>4.3</ele>
    <time>2026-06-19T18:45:13Z</time>
   </trkpt>
   <trkpt lat="51.4836750" lon="-0.2484640">
    <ele>4.3</ele>
    <time>2026-06-19T18:45:14Z</time>
   </trkpt>
   <trkpt lat="51.4836690" lon="-0.2484700">
    <ele>4.3</ele>
    <time>2026-06-19T18:45:15Z</time>
   </trkpt>
   <trkpt lat="51.4836620" lon="-0.2484770">
    <ele>4.3</ele>
    <time>2026-06-19T18:45:16Z</time>
   </trkpt>
   <trkpt lat="51.4836500" lon="-0.2484830">
    <ele>4.3</ele>
    <time>2026-06-19T18:45:17Z</time>
   </trkpt>
   <trkpt lat="51.4836440" lon="-0.2484910">
    <ele>4.3</ele>
    <time>2026-06-19T18:45:18Z</time>
   </trkpt>
   <trkpt lat="51.4836320" lon="-0.2484950">
    <ele>4.3</ele>
    <time>2026-06-19T18:45:19Z</time>
   </trkpt>
   <trkpt lat="51.4836180" lon="-0.2485030">
    <ele>4.3</ele>
    <time>2026-06-19T18:45:20Z</time>
   </trkpt>
   <trkpt lat="51.4836060" lon="-0.2485140">
    <ele>4.3</ele>
    <time>2026-06-19T18:45:21Z</time>
   </trkpt>
   <trkpt lat="51.4835980" lon="-0.2485280">
    <ele>4.3</ele>
    <time>2026-06-19T18:45:22Z</time>
   </trkpt>
   <trkpt lat="51.4835920" lon="-0.2485350">
    <ele>4.3</ele>
    <time>2026-06-19T18:45:23Z</time>
   </trkpt>
   <trkpt lat="51.4835840" lon="-0.2485450">
    <ele>4.3</ele>
    <time>2026-06-19T18:45:24Z</time>
   </trkpt>
   <trkpt lat="51.4835700" lon="-0.2485630">
    <ele>4.3</ele>
    <time>2026-06-19T18:45:25Z</time>
   </trkpt>
   <trkpt lat="51.4835610" lon="-0.2485690">
    <ele>4.3</ele>
    <time>2026-06-19T18:45:26Z</time>
   </trkpt>
   <trkpt lat="51.4835530" lon="-0.2485760">
    <ele>4.3</ele>
    <time>2026-06-19T18:45:27Z</time>
   </trkpt>
   <trkpt lat="51.4835340" lon="-0.2485950">
    <ele>4.3</ele>
    <time>2026-06-19T18:45:28Z</time>
   </trkpt>
   <trkpt lat="51.4835250" lon="-0.2486030">
    <ele>4.3</ele>
    <time>2026-06-19T18:45:29Z</time>
   </trkpt>
   <trkpt lat="51.4835170" lon="-0.2486100">
    <ele>4.3</ele>
    <time>2026-06-19T18:45:30Z</time>
   </trkpt>
   <trkpt lat="51.4835030" lon="-0.2486230">
    <ele>4.3</ele>
    <time>2026-06-19T18:45:31Z</time>
   </trkpt>
   <trkpt lat="51.4834890" lon="-0.2486320">
    <ele>4.3</ele>
    <time>2026-06-19T18:45:32Z</time>
   </trkpt>
   <trkpt lat="51.4834760" lon="-0.2486420">
    <ele>4.3</ele>
    <time>2026-06-19T18:45:33Z</time>
   </trkpt>
   <trkpt lat="51.4834670" lon="-0.2486480">
    <ele>4.3</ele>
    <time>2026-06-19T18:45:34Z</time>
   </trkpt>
   <trkpt lat="51.4834590" lon="-0.2486530">
    <ele>4.3</ele>
    <time>2026-06-19T18:45:35Z</time>
   </trkpt>
   <trkpt lat="51.4834420" lon="-0.2486620">
    <ele>4.3</ele>
    <time>2026-06-19T18:45:36Z</time>
   </trkpt>
   <trkpt lat="51.4834330" lon="-0.2486680">
    <ele>4.3</ele>
    <time>2026-06-19T18:45:37Z</time>
   </trkpt>
   <trkpt lat="51.4834240" lon="-0.2486740">
    <ele>4.3</ele>
    <time>2026-06-19T18:45:38Z</time>
   </trkpt>
   <trkpt lat="51.4834060" lon="-0.2486870">
    <ele>4.3</ele>
    <time>2026-06-19T18:45:39Z</time>
   </trkpt>
   <trkpt lat="51.4833980" lon="-0.2486930">
    <ele>4.3</ele>
    <time>2026-06-19T18:45:40Z</time>
   </trkpt>
   <trkpt lat="51.4833910" lon="-0.2486980">
    <ele>4.3</ele>
    <time>2026-06-19T18:45:41Z</time>
   </trkpt>
   <trkpt lat="51.4833850" lon="-0.2487100">
    <ele>4.2</ele>
    <time>2026-06-19T18:45:42Z</time>
   </trkpt>
   <trkpt lat="51.4833780" lon="-0.2487210">
    <ele>4.2</ele>
    <time>2026-06-19T18:45:43Z</time>
   </trkpt>
   <trkpt lat="51.4833680" lon="-0.2487290">
    <ele>4.2</ele>
    <time>2026-06-19T18:45:44Z</time>
   </trkpt>
   <trkpt lat="51.4833510" lon="-0.2487370">
    <ele>4.2</ele>
    <time>2026-06-19T18:45:45Z</time>
   </trkpt>
   <trkpt lat="51.4833430" lon="-0.2487460">
    <ele>4.2</ele>
    <time>2026-06-19T18:45:46Z</time>
   </trkpt>
   <trkpt lat="51.4833340" lon="-0.2487540">
    <ele>4.2</ele>
    <time>2026-06-19T18:45:47Z</time>
   </trkpt>
   <trkpt lat="51.4833230" lon="-0.2487510">
    <ele>4.2</ele>
    <time>2026-06-19T18:45:48Z</time>
   </trkpt>
   <trkpt lat="51.4833160" lon="-0.2487550">
    <ele>4.2</ele>
    <time>2026-06-19T18:45:49Z</time>
   </trkpt>
   <trkpt lat="51.4833090" lon="-0.2487680">
    <ele>4.2</ele>
    <time>2026-06-19T18:45:50Z</time>
   </trkpt>
   <trkpt lat="51.4833010" lon="-0.2487750">
    <ele>4.2</ele>
    <time>2026-06-19T18:45:51Z</time>
   </trkpt>
   <trkpt lat="51.4832950" lon="-0.2487830">
    <ele>4.2</ele>
    <time>2026-06-19T18:45:52Z</time>
   </trkpt>
   <trkpt lat="51.4832800" lon="-0.2487860">
    <ele>4.2</ele>
    <time>2026-06-19T18:45:53Z</time>
   </trkpt>
   <trkpt lat="51.4832700" lon="-0.2487880">
    <ele>4.2</ele>
    <time>2026-06-19T18:45:54Z</time>
   </trkpt>
   <trkpt lat="51.4832440" lon="-0.2487960">
    <ele>4.2</ele>
    <time>2026-06-19T18:45:55Z</time>
   </trkpt>
   <trkpt lat="51.4832340" lon="-0.2488000">
    <ele>4.2</ele>
    <time>2026-06-19T18:45:56Z</time>
   </trkpt>
   <trkpt lat="51.4832180" lon="-0.2488090">
    <ele>4.2</ele>
    <time>2026-06-19T18:45:57Z</time>
   </trkpt>
   <trkpt lat="51.4832020" lon="-0.2488180">
    <ele>4.2</ele>
    <time>2026-06-19T18:45:58Z</time>
   </trkpt>
   <trkpt lat="51.4831760" lon="-0.2488380">
    <ele>4.2</ele>
    <time>2026-06-19T18:45:59Z</time>
   </trkpt>
   <trkpt lat="51.4831670" lon="-0.2488420">
    <ele>4.2</ele>
    <time>2026-06-19T18:46:00Z</time>
   </trkpt>
   <trkpt lat="51.4831510" lon="-0.2488550">
    <ele>4.2</ele>
    <time>2026-06-19T18:46:01Z</time>
   </trkpt>
   <trkpt lat="51.4831380" lon="-0.2488680">
    <ele>4.2</ele>
    <time>2026-06-19T18:46:02Z</time>
   </trkpt>
   <trkpt lat="51.4831250" lon="-0.2488780">
    <ele>4.2</ele>
    <time>2026-06-19T18:46:03Z</time>
   </trkpt>
   <trkpt lat="51.4831160" lon="-0.2488840">
    <ele>4.2</ele>
    <time>2026-06-19T18:46:04Z</time>
   </trkpt>
   <trkpt lat="51.4831060" lon="-0.2488900">
    <ele>4.2</ele>
    <time>2026-06-19T18:46:05Z</time>
   </trkpt>
   <trkpt lat="51.4830980" lon="-0.2488980">
    <ele>4.2</ele>
    <time>2026-06-19T18:46:06Z</time>
   </trkpt>
   <trkpt lat="51.4830940" lon="-0.2488990">
    <ele>4.2</ele>
    <time>2026-06-19T18:46:07Z</time>
   </trkpt>
   <trkpt lat="51.4830860" lon="-0.2489050">
    <ele>4.2</ele>
    <time>2026-06-19T18:46:08Z</time>
   </trkpt>
   <trkpt lat="51.4830790" lon="-0.2489060">
    <ele>4.2</ele>
    <time>2026-06-19T18:46:09Z</time>
   </trkpt>
   <trkpt lat="51.4830580" lon="-0.2489180">
    <ele>4.2</ele>
    <time>2026-06-19T18:46:10Z</time>
   </trkpt>
   <trkpt lat="51.4830480" lon="-0.2489250">
    <ele>4.2</ele>
    <time>2026-06-19T18:46:11Z</time>
   </trkpt>
   <trkpt lat="51.4830380" lon="-0.2489310">
    <ele>4.2</ele>
    <time>2026-06-19T18:46:12Z</time>
   </trkpt>
   <trkpt lat="51.4830270" lon="-0.2489440">
    <ele>4.2</ele>
    <time>2026-06-19T18:46:13Z</time>
   </trkpt>
   <trkpt lat="51.4830120" lon="-0.2489500">
    <ele>4.2</ele>
    <time>2026-06-19T18:46:14Z</time>
   </trkpt>
   <trkpt lat="51.4830010" lon="-0.2489590">
    <ele>4.2</ele>
    <time>2026-06-19T18:46:15Z</time>
   </trkpt>
   <trkpt lat="51.4829920" lon="-0.2489590">
    <ele>4.2</ele>
    <time>2026-06-19T18:46:16Z</time>
   </trkpt>
   <trkpt lat="51.4829790" lon="-0.2489580">
    <ele>4.2</ele>
    <time>2026-06-19T18:46:17Z</time>
   </trkpt>
   <trkpt lat="51.4829600" lon="-0.2489670">
    <ele>4.2</ele>
    <time>2026-06-19T18:46:18Z</time>
   </trkpt>
   <trkpt lat="51.4829510" lon="-0.2489700">
    <ele>4.2</ele>
    <time>2026-06-19T18:46:19Z</time>
   </trkpt>
   <trkpt lat="51.4829430" lon="-0.2489740">
    <ele>4.2</ele>
    <time>2026-06-19T18:46:20Z</time>
   </trkpt>
   <trkpt lat="51.4829370" lon="-0.2489790">
    <ele>4.2</ele>
    <time>2026-06-19T18:46:21Z</time>
   </trkpt>
   <trkpt lat="51.4829240" lon="-0.2489890">
    <ele>4.2</ele>
    <time>2026-06-19T18:46:22Z</time>
   </trkpt>
   <trkpt lat="51.4829120" lon="-0.2490010">
    <ele>4.1</ele>
    <time>2026-06-19T18:46:23Z</time>
   </trkpt>
   <trkpt lat="51.4828910" lon="-0.2490070">
    <ele>4.1</ele>
    <time>2026-06-19T18:46:24Z</time>
   </trkpt>
   <trkpt lat="51.4828790" lon="-0.2490170">
    <ele>4.1</ele>
    <time>2026-06-19T18:46:25Z</time>
   </trkpt>
   <trkpt lat="51.4828630" lon="-0.2490260">
    <ele>4.1</ele>
    <time>2026-06-19T18:46:26Z</time>
   </trkpt>
   <trkpt lat="51.4828560" lon="-0.2490270">
    <ele>4.1</ele>
    <time>2026-06-19T18:46:27Z</time>
   </trkpt>
   <trkpt lat="51.4828480" lon="-0.2490280">
    <ele>4.1</ele>
    <time>2026-06-19T18:46:28Z</time>
   </trkpt>
   <trkpt lat="51.4828410" lon="-0.2490290">
    <ele>4.1</ele>
    <time>2026-06-19T18:46:29Z</time>
   </trkpt>
   <trkpt lat="51.4828240" lon="-0.2490400">
    <ele>4.1</ele>
    <time>2026-06-19T18:46:30Z</time>
   </trkpt>
   <trkpt lat="51.4828090" lon="-0.2490470">
    <ele>4.1</ele>
    <time>2026-06-19T18:46:31Z</time>
   </trkpt>
   <trkpt lat="51.4827930" lon="-0.2490530">
    <ele>4.1</ele>
    <time>2026-06-19T18:46:32Z</time>
   </trkpt>
   <trkpt lat="51.4827820" lon="-0.2490550">
    <ele>4.1</ele>
    <time>2026-06-19T18:46:33Z</time>
   </trkpt>
   <trkpt lat="51.4827660" lon="-0.2490650">
    <ele>4.1</ele>
    <time>2026-06-19T18:46:34Z</time>
   </trkpt>
   <trkpt lat="51.4827510" lon="-0.2490750">
    <ele>4.1</ele>
    <time>2026-06-19T18:46:35Z</time>
   </trkpt>
   <trkpt lat="51.4827370" lon="-0.2490850">
    <ele>4.1</ele>
    <time>2026-06-19T18:46:36Z</time>
   </trkpt>
   <trkpt lat="51.4827180" lon="-0.2490900">
    <ele>4.1</ele>
    <time>2026-06-19T18:46:37Z</time>
   </trkpt>
   <trkpt lat="51.4827030" lon="-0.2490970">
    <ele>4.1</ele>
    <time>2026-06-19T18:46:38Z</time>
   </trkpt>
   <trkpt lat="51.4826850" lon="-0.2491030">
    <ele>4.1</ele>
    <time>2026-06-19T18:46:39Z</time>
   </trkpt>
   <trkpt lat="51.4826710" lon="-0.2491130">
    <ele>4.1</ele>
    <time>2026-06-19T18:46:40Z</time>
   </trkpt>
   <trkpt lat="51.4826580" lon="-0.2491210">
    <ele>4.1</ele>
    <time>2026-06-19T18:46:41Z</time>
   </trkpt>
   <trkpt lat="51.4826470" lon="-0.2491300">
    <ele>4.1</ele>
    <time>2026-06-19T18:46:42Z</time>
   </trkpt>
   <trkpt lat="51.4826320" lon="-0.2491360">
    <ele>4.1</ele>
    <time>2026-06-19T18:46:43Z</time>
   </trkpt>
   <trkpt lat="51.4826190" lon="-0.2491430">
    <ele>4.1</ele>
    <time>2026-06-19T18:46:44Z</time>
   </trkpt>
   <trkpt lat="51.4826030" lon="-0.2491480">
    <ele>4.1</ele>
    <time>2026-06-19T18:46:45Z</time>
   </trkpt>
   <trkpt lat="51.4825870" lon="-0.2491530">
    <ele>4.1</ele>
    <time>2026-06-19T18:46:46Z</time>
   </trkpt>
   <trkpt lat="51.4825750" lon="-0.2491610">
    <ele>4.1</ele>
    <time>2026-06-19T18:46:47Z</time>
   </trkpt>
   <trkpt lat="51.4825520" lon="-0.2491690">
    <ele>4.1</ele>
    <time>2026-06-19T18:46:48Z</time>
   </trkpt>
   <trkpt lat="51.4825400" lon="-0.2491720">
    <ele>4.1</ele>
    <time>2026-06-19T18:46:49Z</time>
   </trkpt>
   <trkpt lat="51.4825280" lon="-0.2491740">
    <ele>4.1</ele>
    <time>2026-06-19T18:46:50Z</time>
   </trkpt>
   <trkpt lat="51.4825160" lon="-0.2491800">
    <ele>4.1</ele>
    <time>2026-06-19T18:46:51Z</time>
   </trkpt>
   <trkpt lat="51.4825010" lon="-0.2491830">
    <ele>4.1</ele>
    <time>2026-06-19T18:46:52Z</time>
   </trkpt>
   <trkpt lat="51.4824730" lon="-0.2491850">
    <ele>4.1</ele>
    <time>2026-06-19T18:46:53Z</time>
   </trkpt>
   <trkpt lat="51.4824640" lon="-0.2491830">
    <ele>4.1</ele>
    <time>2026-06-19T18:46:54Z</time>
   </trkpt>
   <trkpt lat="51.4824430" lon="-0.2491860">
    <ele>4.1</ele>
    <time>2026-06-19T18:46:55Z</time>
   </trkpt>
   <trkpt lat="51.4824330" lon="-0.2491930">
    <ele>4.1</ele>
    <time>2026-06-19T18:46:56Z</time>
   </trkpt>
   <trkpt lat="51.4824240" lon="-0.2491990">
    <ele>4.1</ele>
    <time>2026-06-19T18:46:57Z</time>
   </trkpt>
   <trkpt lat="51.4824030" lon="-0.2492050">
    <ele>4.0</ele>
    <time>2026-06-19T18:46:58Z</time>
   </trkpt>
   <trkpt lat="51.4823960" lon="-0.2492070">
    <ele>4.0</ele>
    <time>2026-06-19T18:46:59Z</time>
   </trkpt>
   <trkpt lat="51.4823880" lon="-0.2492090">
    <ele>4.0</ele>
    <time>2026-06-19T18:47:00Z</time>
   </trkpt>
   <trkpt lat="51.4823790" lon="-0.2492130">
    <ele>4.0</ele>
    <time>2026-06-19T18:47:01Z</time>
   </trkpt>
   <trkpt lat="51.4823650" lon="-0.2492060">
    <ele>4.0</ele>
    <time>2026-06-19T18:47:02Z</time>
   </trkpt>
   <trkpt lat="51.4823520" lon="-0.2492100">
    <ele>4.0</ele>
    <time>2026-06-19T18:47:03Z</time>
   </trkpt>
   <trkpt lat="51.4823380" lon="-0.2492060">
    <ele>4.0</ele>
    <time>2026-06-19T18:47:04Z</time>
   </trkpt>
   <trkpt lat="51.4823250" lon="-0.2492090">
    <ele>4.0</ele>
    <time>2026-06-19T18:47:05Z</time>
   </trkpt>
   <trkpt lat="51.4823220" lon="-0.2492050">
    <ele>4.0</ele>
    <time>2026-06-19T18:47:06Z</time>
   </trkpt>
   <trkpt lat="51.4823110" lon="-0.2492040">
    <ele>4.0</ele>
    <time>2026-06-19T18:47:07Z</time>
   </trkpt>
   <trkpt lat="51.4823030" lon="-0.2492130">
    <ele>4.0</ele>
    <time>2026-06-19T18:47:08Z</time>
   </trkpt>
   <trkpt lat="51.4822940" lon="-0.2492180">
    <ele>4.0</ele>
    <time>2026-06-19T18:47:09Z</time>
   </trkpt>
   <trkpt lat="51.4822820" lon="-0.2492240">
    <ele>4.0</ele>
    <time>2026-06-19T18:47:10Z</time>
   </trkpt>
   <trkpt lat="51.4822680" lon="-0.2492400">
    <ele>4.0</ele>
    <time>2026-06-19T18:47:11Z</time>
   </trkpt>
   <trkpt lat="51.4822550" lon="-0.2492440">
    <ele>4.0</ele>
    <time>2026-06-19T18:47:12Z</time>
   </trkpt>
   <trkpt lat="51.4822400" lon="-0.2492490">
    <ele>4.0</ele>
    <time>2026-06-19T18:47:13Z</time>
   </trkpt>
   <trkpt lat="51.4822270" lon="-0.2492560">
    <ele>4.0</ele>
    <time>2026-06-19T18:47:14Z</time>
   </trkpt>
   <trkpt lat="51.4822110" lon="-0.2492660">
    <ele>4.0</ele>
    <time>2026-06-19T18:47:15Z</time>
   </trkpt>
   <trkpt lat="51.4821930" lon="-0.2492700">
    <ele>4.0</ele>
    <time>2026-06-19T18:47:16Z</time>
   </trkpt>
   <trkpt lat="51.4821840" lon="-0.2492740">
    <ele>4.0</ele>
    <time>2026-06-19T18:47:17Z</time>
   </trkpt>
   <trkpt lat="51.4821760" lon="-0.2492770">
    <ele>4.0</ele>
    <time>2026-06-19T18:47:18Z</time>
   </trkpt>
   <trkpt lat="51.4821600" lon="-0.2492840">
    <ele>4.0</ele>
    <time>2026-06-19T18:47:19Z</time>
   </trkpt>
   <trkpt lat="51.4821430" lon="-0.2492890">
    <ele>4.0</ele>
    <time>2026-06-19T18:47:20Z</time>
   </trkpt>
   <trkpt lat="51.4821290" lon="-0.2492920">
    <ele>4.0</ele>
    <time>2026-06-19T18:47:21Z</time>
   </trkpt>
   <trkpt lat="51.4821090" lon="-0.2492970">
    <ele>4.0</ele>
    <time>2026-06-19T18:47:22Z</time>
   </trkpt>
   <trkpt lat="51.4820960" lon="-0.2492990">
    <ele>4.0</ele>
    <time>2026-06-19T18:47:23Z</time>
   </trkpt>
   <trkpt lat="51.4820860" lon="-0.2492910">
    <ele>4.0</ele>
    <time>2026-06-19T18:47:24Z</time>
   </trkpt>
   <trkpt lat="51.4820740" lon="-0.2492850">
    <ele>4.0</ele>
    <time>2026-06-19T18:47:25Z</time>
   </trkpt>
   <trkpt lat="51.4820630" lon="-0.2492870">
    <ele>4.0</ele>
    <time>2026-06-19T18:47:26Z</time>
   </trkpt>
   <trkpt lat="51.4820520" lon="-0.2492890">
    <ele>4.0</ele>
    <time>2026-06-19T18:47:27Z</time>
   </trkpt>
   <trkpt lat="51.4820380" lon="-0.2492930">
    <ele>4.0</ele>
    <time>2026-06-19T18:47:28Z</time>
   </trkpt>
   <trkpt lat="51.4820210" lon="-0.2492960">
    <ele>4.0</ele>
    <time>2026-06-19T18:47:29Z</time>
   </trkpt>
   <trkpt lat="51.4820060" lon="-0.2492930">
    <ele>4.0</ele>
    <time>2026-06-19T18:47:30Z</time>
   </trkpt>
   <trkpt lat="51.4819920" lon="-0.2492880">
    <ele>4.0</ele>
    <time>2026-06-19T18:47:31Z</time>
   </trkpt>
   <trkpt lat="51.4819750" lon="-0.2492830">
    <ele>4.0</ele>
    <time>2026-06-19T18:47:32Z</time>
   </trkpt>
   <trkpt lat="51.4819460" lon="-0.2492830">
    <ele>4.0</ele>
    <time>2026-06-19T18:47:33Z</time>
   </trkpt>
   <trkpt lat="51.4819380" lon="-0.2492850">
    <ele>4.0</ele>
    <time>2026-06-19T18:47:34Z</time>
   </trkpt>
   <trkpt lat="51.4819190" lon="-0.2492980">
    <ele>4.0</ele>
    <time>2026-06-19T18:47:35Z</time>
   </trkpt>
   <trkpt lat="51.4819060" lon="-0.2493040">
    <ele>4.0</ele>
    <time>2026-06-19T18:47:36Z</time>
   </trkpt>
   <trkpt lat="51.4818980" lon="-0.2493020">
    <ele>4.0</ele>
    <time>2026-06-19T18:47:37Z</time>
   </trkpt>
   <trkpt lat="51.4818880" lon="-0.2493080">
    <ele>4.0</ele>
    <time>2026-06-19T18:47:38Z</time>
   </trkpt>
   <trkpt lat="51.4818770" lon="-0.2493030">
    <ele>4.0</ele>
    <time>2026-06-19T18:47:39Z</time>
   </trkpt>
   <trkpt lat="51.4818650" lon="-0.2493070">
    <ele>4.0</ele>
    <time>2026-06-19T18:47:40Z</time>
   </trkpt>
   <trkpt lat="51.4818440" lon="-0.2493090">
    <ele>4.0</ele>
    <time>2026-06-19T18:47:41Z</time>
   </trkpt>
   <trkpt lat="51.4818240" lon="-0.2493040">
    <ele>4.0</ele>
    <time>2026-06-19T18:47:42Z</time>
   </trkpt>
   <trkpt lat="51.4818140" lon="-0.2493030">
    <ele>4.0</ele>
    <time>2026-06-19T18:47:43Z</time>
   </trkpt>
   <trkpt lat="51.4818030" lon="-0.2493030">
    <ele>4.0</ele>
    <time>2026-06-19T18:47:44Z</time>
   </trkpt>
   <trkpt lat="51.4817910" lon="-0.2493050">
    <ele>4.0</ele>
    <time>2026-06-19T18:47:45Z</time>
   </trkpt>
   <trkpt lat="51.4817760" lon="-0.2493010">
    <ele>4.0</ele>
    <time>2026-06-19T18:47:46Z</time>
   </trkpt>
   <trkpt lat="51.4817540" lon="-0.2493080">
    <ele>4.0</ele>
    <time>2026-06-19T18:47:47Z</time>
   </trkpt>
   <trkpt lat="51.4817460" lon="-0.2493110">
    <ele>4.0</ele>
    <time>2026-06-19T18:47:48Z</time>
   </trkpt>
   <trkpt lat="51.4817370" lon="-0.2493140">
    <ele>3.9</ele>
    <time>2026-06-19T18:47:49Z</time>
   </trkpt>
   <trkpt lat="51.4817260" lon="-0.2493160">
    <ele>3.9</ele>
    <time>2026-06-19T18:47:50Z</time>
   </trkpt>
   <trkpt lat="51.4817160" lon="-0.2493150">
    <ele>3.9</ele>
    <time>2026-06-19T18:47:51Z</time>
   </trkpt>
   <trkpt lat="51.4817100" lon="-0.2493110">
    <ele>3.9</ele>
    <time>2026-06-19T18:47:52Z</time>
   </trkpt>
   <trkpt lat="51.4817000" lon="-0.2493110">
    <ele>3.9</ele>
    <time>2026-06-19T18:47:53Z</time>
   </trkpt>
   <trkpt lat="51.4816890" lon="-0.2493100">
    <ele>3.9</ele>
    <time>2026-06-19T18:47:54Z</time>
   </trkpt>
   <trkpt lat="51.4816770" lon="-0.2493140">
    <ele>3.9</ele>
    <time>2026-06-19T18:47:55Z</time>
   </trkpt>
   <trkpt lat="51.4816650" lon="-0.2493160">
    <ele>3.9</ele>
    <time>2026-06-19T18:47:56Z</time>
   </trkpt>
   <trkpt lat="51.4816470" lon="-0.2493120">
    <ele>3.9</ele>
    <time>2026-06-19T18:47:57Z</time>
   </trkpt>
   <trkpt lat="51.4816350" lon="-0.2493150">
    <ele>3.9</ele>
    <time>2026-06-19T18:47:58Z</time>
   </trkpt>
   <trkpt lat="51.4816240" lon="-0.2493130">
    <ele>3.9</ele>
    <time>2026-06-19T18:47:59Z</time>
   </trkpt>
   <trkpt lat="51.4816110" lon="-0.2493090">
    <ele>3.9</ele>
    <time>2026-06-19T18:48:00Z</time>
   </trkpt>
   <trkpt lat="51.4815940" lon="-0.2493050">
    <ele>3.9</ele>
    <time>2026-06-19T18:48:01Z</time>
   </trkpt>
   <trkpt lat="51.4815810" lon="-0.2493070">
    <ele>3.9</ele>
    <time>2026-06-19T18:48:02Z</time>
   </trkpt>
   <trkpt lat="51.4815610" lon="-0.2493040">
    <ele>3.9</ele>
    <time>2026-06-19T18:48:03Z</time>
   </trkpt>
   <trkpt lat="51.4815510" lon="-0.2493030">
    <ele>3.9</ele>
    <time>2026-06-19T18:48:04Z</time>
   </trkpt>
   <trkpt lat="51.4815420" lon="-0.2493010">
    <ele>3.9</ele>
    <time>2026-06-19T18:48:05Z</time>
   </trkpt>
   <trkpt lat="51.4815240" lon="-0.2493110">
    <ele>3.9</ele>
    <time>2026-06-19T18:48:06Z</time>
   </trkpt>
   <trkpt lat="51.4815090" lon="-0.2493160">
    <ele>3.9</ele>
    <time>2026-06-19T18:48:07Z</time>
   </trkpt>
   <trkpt lat="51.4814930" lon="-0.2493220">
    <ele>3.9</ele>
    <time>2026-06-19T18:48:08Z</time>
   </trkpt>
   <trkpt lat="51.4814780" lon="-0.2493210">
    <ele>3.9</ele>
    <time>2026-06-19T18:48:09Z</time>
   </trkpt>
   <trkpt lat="51.4814620" lon="-0.2493230">
    <ele>3.9</ele>
    <time>2026-06-19T18:48:10Z</time>
   </trkpt>
   <trkpt lat="51.4814490" lon="-0.2493180">
    <ele>3.9</ele>
    <time>2026-06-19T18:48:11Z</time>
   </trkpt>
   <trkpt lat="51.4814340" lon="-0.2493210">
    <ele>3.9</ele>
    <time>2026-06-19T18:48:12Z</time>
   </trkpt>
   <trkpt lat="51.4814190" lon="-0.2493190">
    <ele>3.9</ele>
    <time>2026-06-19T18:48:13Z</time>
   </trkpt>
   <trkpt lat="51.4814060" lon="-0.2493160">
    <ele>3.9</ele>
    <time>2026-06-19T18:48:14Z</time>
   </trkpt>
   <trkpt lat="51.4813930" lon="-0.2493120">
    <ele>3.9</ele>
    <time>2026-06-19T18:48:15Z</time>
   </trkpt>
   <trkpt lat="51.4813850" lon="-0.2493020">
    <ele>3.9</ele>
    <time>2026-06-19T18:48:16Z</time>
   </trkpt>
   <trkpt lat="51.4813720" lon="-0.2493010">
    <ele>3.9</ele>
    <time>2026-06-19T18:48:17Z</time>
   </trkpt>
   <trkpt lat="51.4813640" lon="-0.2493030">
    <ele>3.9</ele>
    <time>2026-06-19T18:48:18Z</time>
   </trkpt>
   <trkpt lat="51.4813560" lon="-0.2493050">
    <ele>3.9</ele>
    <time>2026-06-19T18:48:19Z</time>
   </trkpt>
   <trkpt lat="51.4813480" lon="-0.2493070">
    <ele>3.9</ele>
    <time>2026-06-19T18:48:20Z</time>
   </trkpt>
   <trkpt lat="51.4813230" lon="-0.2493120">
    <ele>3.9</ele>
    <time>2026-06-19T18:48:21Z</time>
   </trkpt>
   <trkpt lat="51.4813110" lon="-0.2493140">
    <ele>3.9</ele>
    <time>2026-06-19T18:48:22Z</time>
   </trkpt>
   <trkpt lat="51.4813070" lon="-0.2492980">
    <ele>3.9</ele>
    <time>2026-06-19T18:48:23Z</time>
   </trkpt>
   <trkpt lat="51.4812950" lon="-0.2492960">
    <ele>3.9</ele>
    <time>2026-06-19T18:48:24Z</time>
   </trkpt>
   <trkpt lat="51.4812850" lon="-0.2492940">
    <ele>3.9</ele>
    <time>2026-06-19T18:48:25Z</time>
   </trkpt>
   <trkpt lat="51.4812770" lon="-0.2492950">
    <ele>3.9</ele>
    <time>2026-06-19T18:48:26Z</time>
   </trkpt>
   <trkpt lat="51.4812680" lon="-0.2492970">
    <ele>3.9</ele>
    <time>2026-06-19T18:48:27Z</time>
   </trkpt>
   <trkpt lat="51.4812540" lon="-0.2492990">
    <ele>3.9</ele>
    <time>2026-06-19T18:48:28Z</time>
   </trkpt>
   <trkpt lat="51.4812360" lon="-0.2492980">
    <ele>3.9</ele>
    <time>2026-06-19T18:48:29Z</time>
   </trkpt>
   <trkpt lat="51.4812220" lon="-0.2493000">
    <ele>3.9</ele>
    <time>2026-06-19T18:48:30Z</time>
   </trkpt>
   <trkpt lat="51.4812090" lon="-0.2493010">
    <ele>3.9</ele>
    <time>2026-06-19T18:48:31Z</time>
   </trkpt>
   <trkpt lat="51.4811910" lon="-0.2492950">
    <ele>3.9</ele>
    <time>2026-06-19T18:48:32Z</time>
   </trkpt>
   <trkpt lat="51.4811750" lon="-0.2492920">
    <ele>3.9</ele>
    <time>2026-06-19T18:48:33Z</time>
   </trkpt>
   <trkpt lat="51.4811580" lon="-0.2492880">
    <ele>3.9</ele>
    <time>2026-06-19T18:48:34Z</time>
   </trkpt>
   <trkpt lat="51.4811320" lon="-0.2492840">
    <ele>3.9</ele>
    <time>2026-06-19T18:48:35Z</time>
   </trkpt>
   <trkpt lat="51.4811200" lon="-0.2492840">
    <ele>3.9</ele>
    <time>2026-06-19T18:48:36Z</time>
   </trkpt>
   <trkpt lat="51.4811070" lon="-0.2492830">
    <ele>3.9</ele>
    <time>2026-06-19T18:48:37Z</time>
   </trkpt>
   <trkpt lat="51.4810850" lon="-0.2492810">
    <ele>3.9</ele>
    <time>2026-06-19T18:48:38Z</time>
   </trkpt>
   <trkpt lat="51.4810750" lon="-0.2492800">
    <ele>3.9</ele>
    <time>2026-06-19T18:48:39Z</time>
   </trkpt>
   <trkpt lat="51.4810650" lon="-0.2492780">
    <ele>3.9</ele>
    <time>2026-06-19T18:48:40Z</time>
   </trkpt>
   <trkpt lat="51.4810490" lon="-0.2492800">
    <ele>3.9</ele>
    <time>2026-06-19T18:48:41Z</time>
   </trkpt>
   <trkpt lat="51.4810340" lon="-0.2492780">
    <ele>3.9</ele>
    <time>2026-06-19T18:48:42Z</time>
   </trkpt>
   <trkpt lat="51.4810200" lon="-0.2492750">
    <ele>3.9</ele>
    <time>2026-06-19T18:48:43Z</time>
   </trkpt>
   <trkpt lat="51.4810030" lon="-0.2492760">
    <ele>3.9</ele>
    <time>2026-06-19T18:48:44Z</time>
   </trkpt>
   <trkpt lat="51.4809810" lon="-0.2492760">
    <ele>3.8</ele>
    <time>2026-06-19T18:48:45Z</time>
   </trkpt>
   <trkpt lat="51.4809720" lon="-0.2492780">
    <ele>3.8</ele>
    <time>2026-06-19T18:48:46Z</time>
   </trkpt>
   <trkpt lat="51.4809640" lon="-0.2492790">
    <ele>3.8</ele>
    <time>2026-06-19T18:48:47Z</time>
   </trkpt>
   <trkpt lat="51.4809480" lon="-0.2492800">
    <ele>3.8</ele>
    <time>2026-06-19T18:48:48Z</time>
   </trkpt>
   <trkpt lat="51.4809350" lon="-0.2492790">
    <ele>3.8</ele>
    <time>2026-06-19T18:48:49Z</time>
   </trkpt>
   <trkpt lat="51.4809110" lon="-0.2492760">
    <ele>3.8</ele>
    <time>2026-06-19T18:48:50Z</time>
   </trkpt>
   <trkpt lat="51.4809030" lon="-0.2492730">
    <ele>3.8</ele>
    <time>2026-06-19T18:48:51Z</time>
   </trkpt>
   <trkpt lat="51.4808940" lon="-0.2492710">
    <ele>3.8</ele>
    <time>2026-06-19T18:48:52Z</time>
   </trkpt>
   <trkpt lat="51.4808780" lon="-0.2492640">
    <ele>3.8</ele>
    <time>2026-06-19T18:48:53Z</time>
   </trkpt>
   <trkpt lat="51.4808610" lon="-0.2492610">
    <ele>3.8</ele>
    <time>2026-06-19T18:48:54Z</time>
   </trkpt>
   <trkpt lat="51.4808460" lon="-0.2492600">
    <ele>3.8</ele>
    <time>2026-06-19T18:48:55Z</time>
   </trkpt>
   <trkpt lat="51.4808340" lon="-0.2492580">
    <ele>3.8</ele>
    <time>2026-06-19T18:48:56Z</time>
   </trkpt>
   <trkpt lat="51.4808200" lon="-0.2492550">
    <ele>3.8</ele>
    <time>2026-06-19T18:48:57Z</time>
   </trkpt>
   <trkpt lat="51.4808080" lon="-0.2492570">
    <ele>3.8</ele>
    <time>2026-06-19T18:48:58Z</time>
   </trkpt>
   <trkpt lat="51.4807980" lon="-0.2492560">
    <ele>3.8</ele>
    <time>2026-06-19T18:48:59Z</time>
   </trkpt>
   <trkpt lat="51.4807880" lon="-0.2492530">
    <ele>3.8</ele>
    <time>2026-06-19T18:49:00Z</time>
   </trkpt>
   <trkpt lat="51.4807700" lon="-0.2492550">
    <ele>3.8</ele>
    <time>2026-06-19T18:49:01Z</time>
   </trkpt>
   <trkpt lat="51.4807490" lon="-0.2492520">
    <ele>3.8</ele>
    <time>2026-06-19T18:49:02Z</time>
   </trkpt>
   <trkpt lat="51.4807400" lon="-0.2492500">
    <ele>3.8</ele>
    <time>2026-06-19T18:49:03Z</time>
   </trkpt>
   <trkpt lat="51.4807300" lon="-0.2492490">
    <ele>3.8</ele>
    <time>2026-06-19T18:49:04Z</time>
   </trkpt>
   <trkpt lat="51.4807170" lon="-0.2492430">
    <ele>3.8</ele>
    <time>2026-06-19T18:49:05Z</time>
   </trkpt>
   <trkpt lat="51.4807020" lon="-0.2492390">
    <ele>3.8</ele>
    <time>2026-06-19T18:49:06Z</time>
   </trkpt>
   <trkpt lat="51.4806910" lon="-0.2492340">
    <ele>3.8</ele>
    <time>2026-06-19T18:49:07Z</time>
   </trkpt>
   <trkpt lat="51.4806800" lon="-0.2492350">
    <ele>3.8</ele>
    <time>2026-06-19T18:49:08Z</time>
   </trkpt>
   <trkpt lat="51.4806700" lon="-0.2492320">
    <ele>3.8</ele>
    <time>2026-06-19T18:49:09Z</time>
   </trkpt>
   <trkpt lat="51.4806580" lon="-0.2492280">
    <ele>3.8</ele>
    <time>2026-06-19T18:49:10Z</time>
   </trkpt>
   <trkpt lat="51.4806500" lon="-0.2492260">
    <ele>3.8</ele>
    <time>2026-06-19T18:49:11Z</time>
   </trkpt>
   <trkpt lat="51.4806380" lon="-0.2492250">
    <ele>3.8</ele>
    <time>2026-06-19T18:49:12Z</time>
   </trkpt>
   <trkpt lat="51.4806220" lon="-0.2492240">
    <ele>3.8</ele>
    <time>2026-06-19T18:49:13Z</time>
   </trkpt>
   <trkpt lat="51.4806110" lon="-0.2492230">
    <ele>3.8</ele>
    <time>2026-06-19T18:49:14Z</time>
   </trkpt>
   <trkpt lat="51.4805990" lon="-0.2492230">
    <ele>3.8</ele>
    <time>2026-06-19T18:49:15Z</time>
   </trkpt>
   <trkpt lat="51.4805830" lon="-0.2492220">
    <ele>3.8</ele>
    <time>2026-06-19T18:49:16Z</time>
   </trkpt>
   <trkpt lat="51.4805760" lon="-0.2492230">
    <ele>3.8</ele>
    <time>2026-06-19T18:49:17Z</time>
   </trkpt>
   <trkpt lat="51.4805680" lon="-0.2492220">
    <ele>3.8</ele>
    <time>2026-06-19T18:49:18Z</time>
   </trkpt>
   <trkpt lat="51.4805560" lon="-0.2492220">
    <ele>3.8</ele>
    <time>2026-06-19T18:49:19Z</time>
   </trkpt>
   <trkpt lat="51.4805440" lon="-0.2492240">
    <ele>3.8</ele>
    <time>2026-06-19T18:49:20Z</time>
   </trkpt>
   <trkpt lat="51.4805360" lon="-0.2492230">
    <ele>3.8</ele>
    <time>2026-06-19T18:49:21Z</time>
   </trkpt>
   <trkpt lat="51.4805160" lon="-0.2492180">
    <ele>3.7</ele>
    <time>2026-06-19T18:49:22Z</time>
   </trkpt>
   <trkpt lat="51.4805040" lon="-0.2492170">
    <ele>3.7</ele>
    <time>2026-06-19T18:49:23Z</time>
   </trkpt>
   <trkpt lat="51.4804930" lon="-0.2492160">
    <ele>3.7</ele>
    <time>2026-06-19T18:49:24Z</time>
   </trkpt>
   <trkpt lat="51.4804750" lon="-0.2492140">
    <ele>3.7</ele>
    <time>2026-06-19T18:49:25Z</time>
   </trkpt>
   <trkpt lat="51.4804570" lon="-0.2492040">
    <ele>3.7</ele>
    <time>2026-06-19T18:49:26Z</time>
   </trkpt>
   <trkpt lat="51.4804430" lon="-0.2492010">
    <ele>3.7</ele>
    <time>2026-06-19T18:49:27Z</time>
   </trkpt>
   <trkpt lat="51.4804230" lon="-0.2492060">
    <ele>3.7</ele>
    <time>2026-06-19T18:49:28Z</time>
   </trkpt>
   <trkpt lat="51.4804110" lon="-0.2492100">
    <ele>3.7</ele>
    <time>2026-06-19T18:49:29Z</time>
   </trkpt>
   <trkpt lat="51.4804030" lon="-0.2492090">
    <ele>3.7</ele>
    <time>2026-06-19T18:49:30Z</time>
   </trkpt>
   <trkpt lat="51.4804000" lon="-0.2492040">
    <ele>3.7</ele>
    <time>2026-06-19T18:49:31Z</time>
   </trkpt>
   <trkpt lat="51.4803900" lon="-0.2492020">
    <ele>3.7</ele>
    <time>2026-06-19T18:49:32Z</time>
   </trkpt>
   <trkpt lat="51.4803780" lon="-0.2492050">
    <ele>3.7</ele>
    <time>2026-06-19T18:49:33Z</time>
   </trkpt>
   <trkpt lat="51.4803620" lon="-0.2492020">
    <ele>3.7</ele>
    <time>2026-06-19T18:49:34Z</time>
   </trkpt>
   <trkpt lat="51.4803510" lon="-0.2492000">
    <ele>3.7</ele>
    <time>2026-06-19T18:49:35Z</time>
   </trkpt>
   <trkpt lat="51.4803350" lon="-0.2491950">
    <ele>3.7</ele>
    <time>2026-06-19T18:49:36Z</time>
   </trkpt>
   <trkpt lat="51.4803130" lon="-0.2491950">
    <ele>3.7</ele>
    <time>2026-06-19T18:49:37Z</time>
   </trkpt>
   <trkpt lat="51.4803050" lon="-0.2491940">
    <ele>3.7</ele>
    <time>2026-06-19T18:49:38Z</time>
   </trkpt>
   <trkpt lat="51.4802970" lon="-0.2491920">
    <ele>3.7</ele>
    <time>2026-06-19T18:49:39Z</time>
   </trkpt>
   <trkpt lat="51.4802830" lon="-0.2491840">
    <ele>3.7</ele>
    <time>2026-06-19T18:49:40Z</time>
   </trkpt>
   <trkpt lat="51.4802690" lon="-0.2491760">
    <ele>3.7</ele>
    <time>2026-06-19T18:49:41Z</time>
   </trkpt>
   <trkpt lat="51.4802380" lon="-0.2491660">
    <ele>3.7</ele>
    <time>2026-06-19T18:49:42Z</time>
   </trkpt>
   <trkpt lat="51.4802290" lon="-0.2491650">
    <ele>3.7</ele>
    <time>2026-06-19T18:49:43Z</time>
   </trkpt>
   <trkpt lat="51.4802140" lon="-0.2491620">
    <ele>3.7</ele>
    <time>2026-06-19T18:49:44Z</time>
   </trkpt>
   <trkpt lat="51.4801960" lon="-0.2491640">
    <ele>3.7</ele>
    <time>2026-06-19T18:49:45Z</time>
   </trkpt>
   <trkpt lat="51.4801790" lon="-0.2491630">
    <ele>3.7</ele>
    <time>2026-06-19T18:49:46Z</time>
   </trkpt>
   <trkpt lat="51.4801650" lon="-0.2491650">
    <ele>3.7</ele>
    <time>2026-06-19T18:49:47Z</time>
   </trkpt>
   <trkpt lat="51.4801510" lon="-0.2491670">
    <ele>3.7</ele>
    <time>2026-06-19T18:49:48Z</time>
   </trkpt>
   <trkpt lat="51.4801370" lon="-0.2491660">
    <ele>3.7</ele>
    <time>2026-06-19T18:49:49Z</time>
   </trkpt>
   <trkpt lat="51.4801230" lon="-0.2491660">
    <ele>3.7</ele>
    <time>2026-06-19T18:49:50Z</time>
   </trkpt>
   <trkpt lat="51.4801070" lon="-0.2491660">
    <ele>3.7</ele>
    <time>2026-06-19T18:49:51Z</time>
   </trkpt>
   <trkpt lat="51.4800950" lon="-0.2491620">
    <ele>3.7</ele>
    <time>2026-06-19T18:49:52Z</time>
   </trkpt>
   <trkpt lat="51.4800900" lon="-0.2491610">
    <ele>3.7</ele>
    <time>2026-06-19T18:49:53Z</time>
   </trkpt>
   <trkpt lat="51.4800780" lon="-0.2491510">
    <ele>3.7</ele>
    <time>2026-06-19T18:49:54Z</time>
   </trkpt>
   <trkpt lat="51.4800580" lon="-0.2491380">
    <ele>3.7</ele>
    <time>2026-06-19T18:49:55Z</time>
   </trkpt>
   <trkpt lat="51.4800480" lon="-0.2491350">
    <ele>3.7</ele>
    <time>2026-06-19T18:49:56Z</time>
   </trkpt>
   <trkpt lat="51.4800390" lon="-0.2491330">
    <ele>3.7</ele>
    <time>2026-06-19T18:49:57Z</time>
   </trkpt>
   <trkpt lat="51.4800230" lon="-0.2491410">
    <ele>3.7</ele>
    <time>2026-06-19T18:49:58Z</time>
   </trkpt>
   <trkpt lat="51.4800100" lon="-0.2491350">
    <ele>3.7</ele>
    <time>2026-06-19T18:49:59Z</time>
   </trkpt>
   <trkpt lat="51.4799900" lon="-0.2491360">
    <ele>3.7</ele>
    <time>2026-06-19T18:50:00Z</time>
   </trkpt>
   <trkpt lat="51.4799800" lon="-0.2491350">
    <ele>3.7</ele>
    <time>2026-06-19T18:50:01Z</time>
   </trkpt>
   <trkpt lat="51.4799700" lon="-0.2491330">
    <ele>3.7</ele>
    <time>2026-06-19T18:50:02Z</time>
   </trkpt>
   <trkpt lat="51.4799500" lon="-0.2491320">
    <ele>3.7</ele>
    <time>2026-06-19T18:50:03Z</time>
   </trkpt>
   <trkpt lat="51.4799400" lon="-0.2491310">
    <ele>3.7</ele>
    <time>2026-06-19T18:50:04Z</time>
   </trkpt>
   <trkpt lat="51.4799310" lon="-0.2491300">
    <ele>3.7</ele>
    <time>2026-06-19T18:50:05Z</time>
   </trkpt>
   <trkpt lat="51.4799200" lon="-0.2491270">
    <ele>3.7</ele>
    <time>2026-06-19T18:50:06Z</time>
   </trkpt>
   <trkpt lat="51.4799130" lon="-0.2491200">
    <ele>3.7</ele>
    <time>2026-06-19T18:50:07Z</time>
   </trkpt>
   <trkpt lat="51.4798960" lon="-0.2491170">
    <ele>3.7</ele>
    <time>2026-06-19T18:50:08Z</time>
   </trkpt>
   <trkpt lat="51.4798770" lon="-0.2491130">
    <ele>3.7</ele>
    <time>2026-06-19T18:50:09Z</time>
   </trkpt>
   <trkpt lat="51.4798660" lon="-0.2491170">
    <ele>3.7</ele>
    <time>2026-06-19T18:50:10Z</time>
   </trkpt>
   <trkpt lat="51.4798540" lon="-0.2491200">
    <ele>3.7</ele>
    <time>2026-06-19T18:50:11Z</time>
   </trkpt>
   <trkpt lat="51.4798330" lon="-0.2491220">
    <ele>3.7</ele>
    <time>2026-06-19T18:50:12Z</time>
   </trkpt>
   <trkpt lat="51.4798240" lon="-0.2491190">
    <ele>3.7</ele>
    <time>2026-06-19T18:50:13Z</time>
   </trkpt>
   <trkpt lat="51.4798160" lon="-0.2491170">
    <ele>3.7</ele>
    <time>2026-06-19T18:50:14Z</time>
   </trkpt>
   <trkpt lat="51.4798030" lon="-0.2491180">
    <ele>3.7</ele>
    <time>2026-06-19T18:50:15Z</time>
   </trkpt>
   <trkpt lat="51.4797850" lon="-0.2491160">
    <ele>3.7</ele>
    <time>2026-06-19T18:50:16Z</time>
   </trkpt>
   <trkpt lat="51.4797610" lon="-0.2491200">
    <ele>3.7</ele>
    <time>2026-06-19T18:50:17Z</time>
   </trkpt>
   <trkpt lat="51.4797510" lon="-0.2491200">
    <ele>3.7</ele>
    <time>2026-06-19T18:50:18Z</time>
   </trkpt>
   <trkpt lat="51.4797410" lon="-0.2491210">
    <ele>3.7</ele>
    <time>2026-06-19T18:50:19Z</time>
   </trkpt>
   <trkpt lat="51.4797210" lon="-0.2491160">
    <ele>3.7</ele>
    <time>2026-06-19T18:50:20Z</time>
   </trkpt>
   <trkpt lat="51.4797130" lon="-0.2491160">
    <ele>3.7</ele>
    <time>2026-06-19T18:50:21Z</time>
   </trkpt>
   <trkpt lat="51.4797040" lon="-0.2491170">
    <ele>3.7</ele>
    <time>2026-06-19T18:50:22Z</time>
   </trkpt>
   <trkpt lat="51.4796930" lon="-0.2491140">
    <ele>3.7</ele>
    <time>2026-06-19T18:50:23Z</time>
   </trkpt>
   <trkpt lat="51.4796790" lon="-0.2491100">
    <ele>3.7</ele>
    <time>2026-06-19T18:50:24Z</time>
   </trkpt>
   <trkpt lat="51.4796700" lon="-0.2491140">
    <ele>3.7</ele>
    <time>2026-06-19T18:50:25Z</time>
   </trkpt>
   <trkpt lat="51.4796540" lon="-0.2491190">
    <ele>3.7</ele>
    <time>2026-06-19T18:50:26Z</time>
   </trkpt>
   <trkpt lat="51.4796370" lon="-0.2491180">
    <ele>3.7</ele>
    <time>2026-06-19T18:50:27Z</time>
   </trkpt>
   <trkpt lat="51.4796230" lon="-0.2491180">
    <ele>3.7</ele>
    <time>2026-06-19T18:50:28Z</time>
   </trkpt>
   <trkpt lat="51.4796070" lon="-0.2491190">
    <ele>3.7</ele>
    <time>2026-06-19T18:50:29Z</time>
   </trkpt>
   <trkpt lat="51.4795950" lon="-0.2491190">
    <ele>3.7</ele>
    <time>2026-06-19T18:50:30Z</time>
   </trkpt>
   <trkpt lat="51.4795830" lon="-0.2491180">
    <ele>3.7</ele>
    <time>2026-06-19T18:50:31Z</time>
   </trkpt>
   <trkpt lat="51.4795710" lon="-0.2491230">
    <ele>3.7</ele>
    <time>2026-06-19T18:50:32Z</time>
   </trkpt>
   <trkpt lat="51.4795580" lon="-0.2491200">
    <ele>3.7</ele>
    <time>2026-06-19T18:50:33Z</time>
   </trkpt>
   <trkpt lat="51.4795400" lon="-0.2491190">
    <ele>3.7</ele>
    <time>2026-06-19T18:50:34Z</time>
   </trkpt>
   <trkpt lat="51.4795280" lon="-0.2491040">
    <ele>3.7</ele>
    <time>2026-06-19T18:50:35Z</time>
   </trkpt>
   <trkpt lat="51.4795150" lon="-0.2491010">
    <ele>3.7</ele>
    <time>2026-06-19T18:50:36Z</time>
   </trkpt>
   <trkpt lat="51.4794940" lon="-0.2491000">
    <ele>3.7</ele>
    <time>2026-06-19T18:50:37Z</time>
   </trkpt>
   <trkpt lat="51.4794840" lon="-0.2491020">
    <ele>3.7</ele>
    <time>2026-06-19T18:50:38Z</time>
   </trkpt>
   <trkpt lat="51.4794750" lon="-0.2491030">
    <ele>3.7</ele>
    <time>2026-06-19T18:50:39Z</time>
   </trkpt>
   <trkpt lat="51.4794560" lon="-0.2491090">
    <ele>3.7</ele>
    <time>2026-06-19T18:50:40Z</time>
   </trkpt>
   <trkpt lat="51.4794410" lon="-0.2491150">
    <ele>3.7</ele>
    <time>2026-06-19T18:50:41Z</time>
   </trkpt>
   <trkpt lat="51.4794260" lon="-0.2491180">
    <ele>3.7</ele>
    <time>2026-06-19T18:50:42Z</time>
   </trkpt>
   <trkpt lat="51.4794090" lon="-0.2491170">
    <ele>3.7</ele>
    <time>2026-06-19T18:50:43Z</time>
   </trkpt>
   <trkpt lat="51.4793910" lon="-0.2491100">
    <ele>3.7</ele>
    <time>2026-06-19T18:50:44Z</time>
   </trkpt>
   <trkpt lat="51.4793780" lon="-0.2491130">
    <ele>3.7</ele>
    <time>2026-06-19T18:50:45Z</time>
   </trkpt>
   <trkpt lat="51.4793590" lon="-0.2491190">
    <ele>3.8</ele>
    <time>2026-06-19T18:50:46Z</time>
   </trkpt>
   <trkpt lat="51.4793500" lon="-0.2491230">
    <ele>3.8</ele>
    <time>2026-06-19T18:50:47Z</time>
   </trkpt>
   <trkpt lat="51.4793420" lon="-0.2491260">
    <ele>3.8</ele>
    <time>2026-06-19T18:50:48Z</time>
   </trkpt>
   <trkpt lat="51.4793200" lon="-0.2491240">
    <ele>3.8</ele>
    <time>2026-06-19T18:50:49Z</time>
   </trkpt>
   <trkpt lat="51.4793120" lon="-0.2491270">
    <ele>3.8</ele>
    <time>2026-06-19T18:50:50Z</time>
   </trkpt>
   <trkpt lat="51.4793030" lon="-0.2491290">
    <ele>3.8</ele>
    <time>2026-06-19T18:50:51Z</time>
   </trkpt>
   <trkpt lat="51.4792810" lon="-0.2491330">
    <ele>3.8</ele>
    <time>2026-06-19T18:50:52Z</time>
   </trkpt>
   <trkpt lat="51.4792730" lon="-0.2491340">
    <ele>3.8</ele>
    <time>2026-06-19T18:50:53Z</time>
   </trkpt>
   <trkpt lat="51.4792660" lon="-0.2491350">
    <ele>3.8</ele>
    <time>2026-06-19T18:50:54Z</time>
   </trkpt>
   <trkpt lat="51.4792540" lon="-0.2491410">
    <ele>3.8</ele>
    <time>2026-06-19T18:50:55Z</time>
   </trkpt>
   <trkpt lat="51.4792390" lon="-0.2491450">
    <ele>3.8</ele>
    <time>2026-06-19T18:50:56Z</time>
   </trkpt>
   <trkpt lat="51.4792170" lon="-0.2491540">
    <ele>3.8</ele>
    <time>2026-06-19T18:50:57Z</time>
   </trkpt>
   <trkpt lat="51.4792090" lon="-0.2491560">
    <ele>3.8</ele>
    <time>2026-06-19T18:50:58Z</time>
   </trkpt>
   <trkpt lat="51.4792010" lon="-0.2491580">
    <ele>3.8</ele>
    <time>2026-06-19T18:50:59Z</time>
   </trkpt>
   <trkpt lat="51.4791810" lon="-0.2491600">
    <ele>3.8</ele>
    <time>2026-06-19T18:51:00Z</time>
   </trkpt>
   <trkpt lat="51.4791710" lon="-0.2491600">
    <ele>3.8</ele>
    <time>2026-06-19T18:51:01Z</time>
   </trkpt>
   <trkpt lat="51.4791620" lon="-0.2491590">
    <ele>3.8</ele>
    <time>2026-06-19T18:51:02Z</time>
   </trkpt>
   <trkpt lat="51.4791430" lon="-0.2491550">
    <ele>3.8</ele>
    <time>2026-06-19T18:51:03Z</time>
   </trkpt>
   <trkpt lat="51.4791370" lon="-0.2491530">
    <ele>3.8</ele>
    <time>2026-06-19T18:51:04Z</time>
   </trkpt>
   <trkpt lat="51.4791310" lon="-0.2491510">
    <ele>3.8</ele>
    <time>2026-06-19T18:51:05Z</time>
   </trkpt>
   <trkpt lat="51.4791250" lon="-0.2491490">
    <ele>3.8</ele>
    <time>2026-06-19T18:51:06Z</time>
   </trkpt>
   <trkpt lat="51.4790990" lon="-0.2491530">
    <ele>3.8</ele>
    <time>2026-06-19T18:51:07Z</time>
   </trkpt>
   <trkpt lat="51.4790920" lon="-0.2491530">
    <ele>3.8</ele>
    <time>2026-06-19T18:51:08Z</time>
   </trkpt>
   <trkpt lat="51.4790840" lon="-0.2491520">
    <ele>3.8</ele>
    <time>2026-06-19T18:51:09Z</time>
   </trkpt>
   <trkpt lat="51.4790670" lon="-0.2491420">
    <ele>3.8</ele>
    <time>2026-06-19T18:51:10Z</time>
   </trkpt>
   <trkpt lat="51.4790560" lon="-0.2491430">
    <ele>3.8</ele>
    <time>2026-06-19T18:51:11Z</time>
   </trkpt>
   <trkpt lat="51.4790460" lon="-0.2491430">
    <ele>3.8</ele>
    <time>2026-06-19T18:51:12Z</time>
   </trkpt>
   <trkpt lat="51.4790320" lon="-0.2491420">
    <ele>3.8</ele>
    <time>2026-06-19T18:51:13Z</time>
   </trkpt>
   <trkpt lat="51.4790190" lon="-0.2491470">
    <ele>3.8</ele>
    <time>2026-06-19T18:51:14Z</time>
   </trkpt>
   <trkpt lat="51.4789980" lon="-0.2491490">
    <ele>3.8</ele>
    <time>2026-06-19T18:51:15Z</time>
   </trkpt>
   <trkpt lat="51.4789890" lon="-0.2491500">
    <ele>3.8</ele>
    <time>2026-06-19T18:51:16Z</time>
   </trkpt>
   <trkpt lat="51.4789800" lon="-0.2491500">
    <ele>3.8</ele>
    <time>2026-06-19T18:51:17Z</time>
   </trkpt>
   <trkpt lat="51.4789590" lon="-0.2491510">
    <ele>3.8</ele>
    <time>2026-06-19T18:51:18Z</time>
   </trkpt>
   <trkpt lat="51.4789490" lon="-0.2491490">
    <ele>3.8</ele>
    <time>2026-06-19T18:51:19Z</time>
   </trkpt>
   <trkpt lat="51.4789400" lon="-0.2491480">
    <ele>3.8</ele>
    <time>2026-06-19T18:51:20Z</time>
   </trkpt>
   <trkpt lat="51.4789240" lon="-0.2491440">
    <ele>3.8</ele>
    <time>2026-06-19T18:51:21Z</time>
   </trkpt>
   <trkpt lat="51.4789090" lon="-0.2491390">
    <ele>3.9</ele>
    <time>2026-06-19T18:51:22Z</time>
   </trkpt>
   <trkpt lat="51.4788960" lon="-0.2491380">
    <ele>3.9</ele>
    <time>2026-06-19T18:51:23Z</time>
   </trkpt>
   <trkpt lat="51.4788820" lon="-0.2491460">
    <ele>3.9</ele>
    <time>2026-06-19T18:51:24Z</time>
   </trkpt>
   <trkpt lat="51.4788670" lon="-0.2491490">
    <ele>3.9</ele>
    <time>2026-06-19T18:51:25Z</time>
   </trkpt>
   <trkpt lat="51.4788550" lon="-0.2491500">
    <ele>3.9</ele>
    <time>2026-06-19T18:51:26Z</time>
   </trkpt>
   <trkpt lat="51.4788420" lon="-0.2491530">
    <ele>3.9</ele>
    <time>2026-06-19T18:51:27Z</time>
   </trkpt>
   <trkpt lat="51.4788270" lon="-0.2491460">
    <ele>3.9</ele>
    <time>2026-06-19T18:51:28Z</time>
   </trkpt>
   <trkpt lat="51.4788050" lon="-0.2491480">
    <ele>3.9</ele>
    <time>2026-06-19T18:51:29Z</time>
   </trkpt>
   <trkpt lat="51.4787970" lon="-0.2491510">
    <ele>3.9</ele>
    <time>2026-06-19T18:51:30Z</time>
   </trkpt>
   <trkpt lat="51.4787880" lon="-0.2491550">
    <ele>3.9</ele>
    <time>2026-06-19T18:51:31Z</time>
   </trkpt>
   <trkpt lat="51.4787770" lon="-0.2491630">
    <ele>3.9</ele>
    <time>2026-06-19T18:51:32Z</time>
   </trkpt>
   <trkpt lat="51.4787690" lon="-0.2491560">
    <ele>3.9</ele>
    <time>2026-06-19T18:51:33Z</time>
   </trkpt>
   <trkpt lat="51.4787540" lon="-0.2491550">
    <ele>3.9</ele>
    <time>2026-06-19T18:51:34Z</time>
   </trkpt>
   <trkpt lat="51.4787390" lon="-0.2491490">
    <ele>3.9</ele>
    <time>2026-06-19T18:51:35Z</time>
   </trkpt>
   <trkpt lat="51.4787270" lon="-0.2491480">
    <ele>4.0</ele>
    <time>2026-06-19T18:51:36Z</time>
   </trkpt>
   <trkpt lat="51.4787160" lon="-0.2491460">
    <ele>4.0</ele>
    <time>2026-06-19T18:51:37Z</time>
   </trkpt>
   <trkpt lat="51.4787020" lon="-0.2491480">
    <ele>4.0</ele>
    <time>2026-06-19T18:51:38Z</time>
   </trkpt>
   <trkpt lat="51.4786870" lon="-0.2491410">
    <ele>4.0</ele>
    <time>2026-06-19T18:51:39Z</time>
   </trkpt>
   <trkpt lat="51.4786710" lon="-0.2491360">
    <ele>4.0</ele>
    <time>2026-06-19T18:51:40Z</time>
   </trkpt>
   <trkpt lat="51.4786650" lon="-0.2491350">
    <ele>4.0</ele>
    <time>2026-06-19T18:51:41Z</time>
   </trkpt>
   <trkpt lat="51.4786580" lon="-0.2491330">
    <ele>4.0</ele>
    <time>2026-06-19T18:51:42Z</time>
   </trkpt>
   <trkpt lat="51.4786510" lon="-0.2491320">
    <ele>4.0</ele>
    <time>2026-06-19T18:51:43Z</time>
   </trkpt>
   <trkpt lat="51.4786440" lon="-0.2491280">
    <ele>4.0</ele>
    <time>2026-06-19T18:51:44Z</time>
   </trkpt>
   <trkpt lat="51.4786340" lon="-0.2491330">
    <ele>4.0</ele>
    <time>2026-06-19T18:51:45Z</time>
   </trkpt>
   <trkpt lat="51.4786250" lon="-0.2491360">
    <ele>4.0</ele>
    <time>2026-06-19T18:51:46Z</time>
   </trkpt>
   <trkpt lat="51.4786170" lon="-0.2491420">
    <ele>4.0</ele>
    <time>2026-06-19T18:51:47Z</time>
   </trkpt>
   <trkpt lat="51.4786030" lon="-0.2491450">
    <ele>4.0</ele>
    <time>2026-06-19T18:51:48Z</time>
   </trkpt>
   <trkpt lat="51.4785860" lon="-0.2491480">
    <ele>4.0</ele>
    <time>2026-06-19T18:51:49Z</time>
   </trkpt>
   <trkpt lat="51.4785720" lon="-0.2491430">
    <ele>4.0</ele>
    <time>2026-06-19T18:51:50Z</time>
   </trkpt>
   <trkpt lat="51.4785560" lon="-0.2491430">
    <ele>4.0</ele>
    <time>2026-06-19T18:51:51Z</time>
   </trkpt>
   <trkpt lat="51.4785330" lon="-0.2491510">
    <ele>4.0</ele>
    <time>2026-06-19T18:51:52Z</time>
   </trkpt>
   <trkpt lat="51.4785240" lon="-0.2491540">
    <ele>4.0</ele>
    <time>2026-06-19T18:51:53Z</time>
   </trkpt>
   <trkpt lat="51.4785140" lon="-0.2491580">
    <ele>4.0</ele>
    <time>2026-06-19T18:51:54Z</time>
   </trkpt>
   <trkpt lat="51.4784910" lon="-0.2491620">
    <ele>4.0</ele>
    <time>2026-06-19T18:51:55Z</time>
   </trkpt>
   <trkpt lat="51.4784800" lon="-0.2491710">
    <ele>4.0</ele>
    <time>2026-06-19T18:51:56Z</time>
   </trkpt>
   <trkpt lat="51.4784600" lon="-0.2491760">
    <ele>4.0</ele>
    <time>2026-06-19T18:51:57Z</time>
   </trkpt>
   <trkpt lat="51.4784520" lon="-0.2491790">
    <ele>4.0</ele>
    <time>2026-06-19T18:51:58Z</time>
   </trkpt>
   <trkpt lat="51.4784430" lon="-0.2491810">
    <ele>3.9</ele>
    <time>2026-06-19T18:51:59Z</time>
   </trkpt>
   <trkpt lat="51.4784280" lon="-0.2491880">
    <ele>3.9</ele>
    <time>2026-06-19T18:52:00Z</time>
   </trkpt>
   <trkpt lat="51.4784110" lon="-0.2491980">
    <ele>3.9</ele>
    <time>2026-06-19T18:52:01Z</time>
   </trkpt>
   <trkpt lat="51.4783890" lon="-0.2492010">
    <ele>3.9</ele>
    <time>2026-06-19T18:52:02Z</time>
   </trkpt>
   <trkpt lat="51.4783790" lon="-0.2492020">
    <ele>3.9</ele>
    <time>2026-06-19T18:52:03Z</time>
   </trkpt>
   <trkpt lat="51.4783690" lon="-0.2492040">
    <ele>3.9</ele>
    <time>2026-06-19T18:52:04Z</time>
   </trkpt>
   <trkpt lat="51.4783490" lon="-0.2492060">
    <ele>3.9</ele>
    <time>2026-06-19T18:52:05Z</time>
   </trkpt>
   <trkpt lat="51.4783350" lon="-0.2492030">
    <ele>3.9</ele>
    <time>2026-06-19T18:52:06Z</time>
   </trkpt>
   <trkpt lat="51.4783110" lon="-0.2492040">
    <ele>3.9</ele>
    <time>2026-06-19T18:52:07Z</time>
   </trkpt>
   <trkpt lat="51.4783020" lon="-0.2492050">
    <ele>3.9</ele>
    <time>2026-06-19T18:52:08Z</time>
   </trkpt>
   <trkpt lat="51.4782920" lon="-0.2492050">
    <ele>3.9</ele>
    <time>2026-06-19T18:52:09Z</time>
   </trkpt>
   <trkpt lat="51.4782810" lon="-0.2492090">
    <ele>3.9</ele>
    <time>2026-06-19T18:52:10Z</time>
   </trkpt>
   <trkpt lat="51.4782700" lon="-0.2492090">
    <ele>3.9</ele>
    <time>2026-06-19T18:52:11Z</time>
   </trkpt>
   <trkpt lat="51.4782580" lon="-0.2492130">
    <ele>3.9</ele>
    <time>2026-06-19T18:52:12Z</time>
   </trkpt>
   <trkpt lat="51.4782380" lon="-0.2492190">
    <ele>3.9</ele>
    <time>2026-06-19T18:52:13Z</time>
   </trkpt>
   <trkpt lat="51.4782240" lon="-0.2492270">
    <ele>3.9</ele>
    <time>2026-06-19T18:52:14Z</time>
   </trkpt>
   <trkpt lat="51.4782050" lon="-0.2492300">
    <ele>3.9</ele>
    <time>2026-06-19T18:52:15Z</time>
   </trkpt>
   <trkpt lat="51.4781910" lon="-0.2492300">
    <ele>3.9</ele>
    <time>2026-06-19T18:52:16Z</time>
   </trkpt>
   <trkpt lat="51.4781750" lon="-0.2492380">
    <ele>3.9</ele>
    <time>2026-06-19T18:52:17Z</time>
   </trkpt>
   <trkpt lat="51.4781630" lon="-0.2492420">
    <ele>3.9</ele>
    <time>2026-06-19T18:52:18Z</time>
   </trkpt>
   <trkpt lat="51.4781380" lon="-0.2492430">
    <ele>3.9</ele>
    <time>2026-06-19T18:52:19Z</time>
   </trkpt>
   <trkpt lat="51.4781260" lon="-0.2492440">
    <ele>4.0</ele>
    <time>2026-06-19T18:52:20Z</time>
   </trkpt>
   <trkpt lat="51.4781120" lon="-0.2492470">
    <ele>4.0</ele>
    <time>2026-06-19T18:52:21Z</time>
   </trkpt>
   <trkpt lat="51.4780990" lon="-0.2492410">
    <ele>4.0</ele>
    <time>2026-06-19T18:52:22Z</time>
   </trkpt>
   <trkpt lat="51.4780980" lon="-0.2492450">
    <ele>4.0</ele>
    <time>2026-06-19T18:52:23Z</time>
   </trkpt>
   <trkpt lat="51.4780890" lon="-0.2492430">
    <ele>4.0</ele>
    <time>2026-06-19T18:52:24Z</time>
   </trkpt>
   <trkpt lat="51.4780740" lon="-0.2492500">
    <ele>4.0</ele>
    <time>2026-06-19T18:52:25Z</time>
   </trkpt>
   <trkpt lat="51.4780630" lon="-0.2492520">
    <ele>4.0</ele>
    <time>2026-06-19T18:52:26Z</time>
   </trkpt>
   <trkpt lat="51.4780510" lon="-0.2492560">
    <ele>4.0</ele>
    <time>2026-06-19T18:52:27Z</time>
   </trkpt>
   <trkpt lat="51.4780380" lon="-0.2492530">
    <ele>4.0</ele>
    <time>2026-06-19T18:52:28Z</time>
   </trkpt>
   <trkpt lat="51.4780310" lon="-0.2492480">
    <ele>4.0</ele>
    <time>2026-06-19T18:52:29Z</time>
   </trkpt>
   <trkpt lat="51.4780170" lon="-0.2492480">
    <ele>4.0</ele>
    <time>2026-06-19T18:52:30Z</time>
   </trkpt>
   <trkpt lat="51.4780000" lon="-0.2492480">
    <ele>4.0</ele>
    <time>2026-06-19T18:52:31Z</time>
   </trkpt>
   <trkpt lat="51.4779740" lon="-0.2492770">
    <ele>4.0</ele>
    <time>2026-06-19T18:52:32Z</time>
   </trkpt>
   <trkpt lat="51.4779650" lon="-0.2492830">
    <ele>4.0</ele>
    <time>2026-06-19T18:52:33Z</time>
   </trkpt>
   <trkpt lat="51.4779510" lon="-0.2492920">
    <ele>4.0</ele>
    <time>2026-06-19T18:52:34Z</time>
   </trkpt>
   <trkpt lat="51.4779340" lon="-0.2492930">
    <ele>4.0</ele>
    <time>2026-06-19T18:52:35Z</time>
   </trkpt>
   <trkpt lat="51.4779210" lon="-0.2492990">
    <ele>4.0</ele>
    <time>2026-06-19T18:52:36Z</time>
   </trkpt>
   <trkpt lat="51.4779060" lon="-0.2493030">
    <ele>4.0</ele>
    <time>2026-06-19T18:52:37Z</time>
   </trkpt>
   <trkpt lat="51.4778960" lon="-0.2492920">
    <ele>4.0</ele>
    <time>2026-06-19T18:52:38Z</time>
   </trkpt>
   <trkpt lat="51.4778740" lon="-0.2492920">
    <ele>4.0</ele>
    <time>2026-06-19T18:52:39Z</time>
   </trkpt>
   <trkpt lat="51.4778590" lon="-0.2492940">
    <ele>4.0</ele>
    <time>2026-06-19T18:52:40Z</time>
   </trkpt>
   <trkpt lat="51.4778450" lon="-0.2492930">
    <ele>4.0</ele>
    <time>2026-06-19T18:52:41Z</time>
   </trkpt>
   <trkpt lat="51.4778310" lon="-0.2492980">
    <ele>4.0</ele>
    <time>2026-06-19T18:52:42Z</time>
   </trkpt>
   <trkpt lat="51.4778150" lon="-0.2493000">
    <ele>4.0</ele>
    <time>2026-06-19T18:52:43Z</time>
   </trkpt>
   <trkpt lat="51.4778010" lon="-0.2493010">
    <ele>4.0</ele>
    <time>2026-06-19T18:52:44Z</time>
   </trkpt>
   <trkpt lat="51.4777870" lon="-0.2493050">
    <ele>4.0</ele>
    <time>2026-06-19T18:52:45Z</time>
   </trkpt>
   <trkpt lat="51.4777720" lon="-0.2493050">
    <ele>4.0</ele>
    <time>2026-06-19T18:52:46Z</time>
   </trkpt>
   <trkpt lat="51.4777600" lon="-0.2493070">
    <ele>4.0</ele>
    <time>2026-06-19T18:52:47Z</time>
   </trkpt>
   <trkpt lat="51.4777450" lon="-0.2493100">
    <ele>3.9</ele>
    <time>2026-06-19T18:52:48Z</time>
   </trkpt>
   <trkpt lat="51.4777310" lon="-0.2493110">
    <ele>3.9</ele>
    <time>2026-06-19T18:52:49Z</time>
   </trkpt>
   <trkpt lat="51.4777150" lon="-0.2493160">
    <ele>3.9</ele>
    <time>2026-06-19T18:52:50Z</time>
   </trkpt>
   <trkpt lat="51.4777040" lon="-0.2493170">
    <ele>3.9</ele>
    <time>2026-06-19T18:52:51Z</time>
   </trkpt>
   <trkpt lat="51.4776850" lon="-0.2493240">
    <ele>3.9</ele>
    <time>2026-06-19T18:52:52Z</time>
   </trkpt>
   <trkpt lat="51.4776750" lon="-0.2493280">
    <ele>3.9</ele>
    <time>2026-06-19T18:52:53Z</time>
   </trkpt>
   <trkpt lat="51.4776660" lon="-0.2493310">
    <ele>3.9</ele>
    <time>2026-06-19T18:52:54Z</time>
   </trkpt>
   <trkpt lat="51.4776450" lon="-0.2493250">
    <ele>3.9</ele>
    <time>2026-06-19T18:52:55Z</time>
   </trkpt>
   <trkpt lat="51.4776370" lon="-0.2493240">
    <ele>3.9</ele>
    <time>2026-06-19T18:52:56Z</time>
   </trkpt>
   <trkpt lat="51.4776280" lon="-0.2493220">
    <ele>3.9</ele>
    <time>2026-06-19T18:52:57Z</time>
   </trkpt>
   <trkpt lat="51.4776170" lon="-0.2493210">
    <ele>4.0</ele>
    <time>2026-06-19T18:52:58Z</time>
   </trkpt>
   <trkpt lat="51.4776040" lon="-0.2493250">
    <ele>4.0</ele>
    <time>2026-06-19T18:52:59Z</time>
   </trkpt>
   <trkpt lat="51.4775940" lon="-0.2493290">
    <ele>4.0</ele>
    <time>2026-06-19T18:53:00Z</time>
   </trkpt>
   <trkpt lat="51.4775790" lon="-0.2493280">
    <ele>4.0</ele>
    <time>2026-06-19T18:53:01Z</time>
   </trkpt>
   <trkpt lat="51.4775650" lon="-0.2493280">
    <ele>4.0</ele>
    <time>2026-06-19T18:53:02Z</time>
   </trkpt>
   <trkpt lat="51.4775440" lon="-0.2493310">
    <ele>4.0</ele>
    <time>2026-06-19T18:53:03Z</time>
   </trkpt>
   <trkpt lat="51.4775340" lon="-0.2493330">
    <ele>4.0</ele>
    <time>2026-06-19T18:53:04Z</time>
   </trkpt>
   <trkpt lat="51.4775250" lon="-0.2493360">
    <ele>4.0</ele>
    <time>2026-06-19T18:53:05Z</time>
   </trkpt>
   <trkpt lat="51.4775120" lon="-0.2493430">
    <ele>4.0</ele>
    <time>2026-06-19T18:53:06Z</time>
   </trkpt>
   <trkpt lat="51.4774970" lon="-0.2493500">
    <ele>4.0</ele>
    <time>2026-06-19T18:53:07Z</time>
   </trkpt>
   <trkpt lat="51.4774820" lon="-0.2493570">
    <ele>4.0</ele>
    <time>2026-06-19T18:53:08Z</time>
   </trkpt>
   <trkpt lat="51.4774650" lon="-0.2493550">
    <ele>4.0</ele>
    <time>2026-06-19T18:53:09Z</time>
   </trkpt>
   <trkpt lat="51.4774500" lon="-0.2493590">
    <ele>4.1</ele>
    <time>2026-06-19T18:53:10Z</time>
   </trkpt>
   <trkpt lat="51.4774370" lon="-0.2493640">
    <ele>4.1</ele>
    <time>2026-06-19T18:53:11Z</time>
   </trkpt>
   <trkpt lat="51.4774220" lon="-0.2493630">
    <ele>4.1</ele>
    <time>2026-06-19T18:53:12Z</time>
   </trkpt>
   <trkpt lat="51.4774080" lon="-0.2493650">
    <ele>4.1</ele>
    <time>2026-06-19T18:53:13Z</time>
   </trkpt>
   <trkpt lat="51.4773950" lon="-0.2493650">
    <ele>4.1</ele>
    <time>2026-06-19T18:53:14Z</time>
   </trkpt>
   <trkpt lat="51.4773800" lon="-0.2493530">
    <ele>4.1</ele>
    <time>2026-06-19T18:53:15Z</time>
   </trkpt>
   <trkpt lat="51.4773580" lon="-0.2493570">
    <ele>4.1</ele>
    <time>2026-06-19T18:53:16Z</time>
   </trkpt>
   <trkpt lat="51.4773490" lon="-0.2493600">
    <ele>4.1</ele>
    <time>2026-06-19T18:53:17Z</time>
   </trkpt>
   <trkpt lat="51.4773410" lon="-0.2493630">
    <ele>4.1</ele>
    <time>2026-06-19T18:53:18Z</time>
   </trkpt>
   <trkpt lat="51.4773240" lon="-0.2493660">
    <ele>4.1</ele>
    <time>2026-06-19T18:53:19Z</time>
   </trkpt>
   <trkpt lat="51.4773100" lon="-0.2493660">
    <ele>4.1</ele>
    <time>2026-06-19T18:53:20Z</time>
   </trkpt>
   <trkpt lat="51.4772890" lon="-0.2493680">
    <ele>4.2</ele>
    <time>2026-06-19T18:53:21Z</time>
   </trkpt>
   <trkpt lat="51.4772800" lon="-0.2493700">
    <ele>4.2</ele>
    <time>2026-06-19T18:53:22Z</time>
   </trkpt>
   <trkpt lat="51.4772700" lon="-0.2493710">
    <ele>4.2</ele>
    <time>2026-06-19T18:53:23Z</time>
   </trkpt>
   <trkpt lat="51.4772570" lon="-0.2493710">
    <ele>4.2</ele>
    <time>2026-06-19T18:53:24Z</time>
   </trkpt>
   <trkpt lat="51.4772420" lon="-0.2493710">
    <ele>4.2</ele>
    <time>2026-06-19T18:53:25Z</time>
   </trkpt>
   <trkpt lat="51.4772270" lon="-0.2493750">
    <ele>4.2</ele>
    <time>2026-06-19T18:53:26Z</time>
   </trkpt>
   <trkpt lat="51.4772110" lon="-0.2493860">
    <ele>4.3</ele>
    <time>2026-06-19T18:53:27Z</time>
   </trkpt>
   <trkpt lat="51.4771920" lon="-0.2493950">
    <ele>4.3</ele>
    <time>2026-06-19T18:53:28Z</time>
   </trkpt>
   <trkpt lat="51.4771820" lon="-0.2494000">
    <ele>4.3</ele>
    <time>2026-06-19T18:53:29Z</time>
   </trkpt>
   <trkpt lat="51.4771720" lon="-0.2494040">
    <ele>4.3</ele>
    <time>2026-06-19T18:53:30Z</time>
   </trkpt>
   <trkpt lat="51.4771640" lon="-0.2494120">
    <ele>4.3</ele>
    <time>2026-06-19T18:53:31Z</time>
   </trkpt>
   <trkpt lat="51.4771510" lon="-0.2494140">
    <ele>4.4</ele>
    <time>2026-06-19T18:53:32Z</time>
   </trkpt>
   <trkpt lat="51.4771370" lon="-0.2494170">
    <ele>4.4</ele>
    <time>2026-06-19T18:53:33Z</time>
   </trkpt>
   <trkpt lat="51.4771220" lon="-0.2494210">
    <ele>4.4</ele>
    <time>2026-06-19T18:53:34Z</time>
   </trkpt>
   <trkpt lat="51.4771050" lon="-0.2494220">
    <ele>4.5</ele>
    <time>2026-06-19T18:53:35Z</time>
   </trkpt>
   <trkpt lat="51.4770910" lon="-0.2494240">
    <ele>4.5</ele>
    <time>2026-06-19T18:53:36Z</time>
   </trkpt>
   <trkpt lat="51.4770780" lon="-0.2494260">
    <ele>4.5</ele>
    <time>2026-06-19T18:53:37Z</time>
   </trkpt>
   <trkpt lat="51.4770660" lon="-0.2494270">
    <ele>4.5</ele>
    <time>2026-06-19T18:53:38Z</time>
   </trkpt>
   <trkpt lat="51.4770590" lon="-0.2494260">
    <ele>4.5</ele>
    <time>2026-06-19T18:53:39Z</time>
   </trkpt>
   <trkpt lat="51.4770450" lon="-0.2494280">
    <ele>4.6</ele>
    <time>2026-06-19T18:53:40Z</time>
   </trkpt>
   <trkpt lat="51.4770280" lon="-0.2494290">
    <ele>4.6</ele>
    <time>2026-06-19T18:53:41Z</time>
   </trkpt>
   <trkpt lat="51.4770130" lon="-0.2494290">
    <ele>4.6</ele>
    <time>2026-06-19T18:53:42Z</time>
   </trkpt>
   <trkpt lat="51.4769890" lon="-0.2494320">
    <ele>4.6</ele>
    <time>2026-06-19T18:53:43Z</time>
   </trkpt>
   <trkpt lat="51.4769800" lon="-0.2494330">
    <ele>4.7</ele>
    <time>2026-06-19T18:53:44Z</time>
   </trkpt>
   <trkpt lat="51.4769710" lon="-0.2494340">
    <ele>4.7</ele>
    <time>2026-06-19T18:53:45Z</time>
   </trkpt>
   <trkpt lat="51.4769500" lon="-0.2494380">
    <ele>4.7</ele>
    <time>2026-06-19T18:53:46Z</time>
   </trkpt>
   <trkpt lat="51.4769410" lon="-0.2494400">
    <ele>4.7</ele>
    <time>2026-06-19T18:53:47Z</time>
   </trkpt>
   <trkpt lat="51.4769330" lon="-0.2494430">
    <ele>4.7</ele>
    <time>2026-06-19T18:53:48Z</time>
   </trkpt>
   <trkpt lat="51.4769120" lon="-0.2494450">
    <ele>4.7</ele>
    <time>2026-06-19T18:53:49Z</time>
   </trkpt>
   <trkpt lat="51.4769040" lon="-0.2494460">
    <ele>4.7</ele>
    <time>2026-06-19T18:53:50Z</time>
   </trkpt>
   <trkpt lat="51.4768950" lon="-0.2494470">
    <ele>4.7</ele>
    <time>2026-06-19T18:53:51Z</time>
   </trkpt>
   <trkpt lat="51.4768750" lon="-0.2494460">
    <ele>4.6</ele>
    <time>2026-06-19T18:53:52Z</time>
   </trkpt>
   <trkpt lat="51.4768670" lon="-0.2494490">
    <ele>4.6</ele>
    <time>2026-06-19T18:53:53Z</time>
   </trkpt>
   <trkpt lat="51.4768580" lon="-0.2494510">
    <ele>4.6</ele>
    <time>2026-06-19T18:53:54Z</time>
   </trkpt>
   <trkpt lat="51.4768410" lon="-0.2494550">
    <ele>4.6</ele>
    <time>2026-06-19T18:53:55Z</time>
   </trkpt>
   <trkpt lat="51.4768240" lon="-0.2494590">
    <ele>4.6</ele>
    <time>2026-06-19T18:53:56Z</time>
   </trkpt>
   <trkpt lat="51.4768080" lon="-0.2494610">
    <ele>4.6</ele>
    <time>2026-06-19T18:53:57Z</time>
   </trkpt>
   <trkpt lat="51.4767960" lon="-0.2494670">
    <ele>4.6</ele>
    <time>2026-06-19T18:53:58Z</time>
   </trkpt>
   <trkpt lat="51.4767810" lon="-0.2494680">
    <ele>4.6</ele>
    <time>2026-06-19T18:53:59Z</time>
   </trkpt>
   <trkpt lat="51.4767680" lon="-0.2494690">
    <ele>4.5</ele>
    <time>2026-06-19T18:54:00Z</time>
   </trkpt>
   <trkpt lat="51.4767470" lon="-0.2494750">
    <ele>4.5</ele>
    <time>2026-06-19T18:54:01Z</time>
   </trkpt>
   <trkpt lat="51.4767390" lon="-0.2494740">
    <ele>4.5</ele>
    <time>2026-06-19T18:54:02Z</time>
   </trkpt>
   <trkpt lat="51.4767300" lon="-0.2494740">
    <ele>4.5</ele>
    <time>2026-06-19T18:54:03Z</time>
   </trkpt>
   <trkpt lat="51.4767150" lon="-0.2494740">
    <ele>4.5</ele>
    <time>2026-06-19T18:54:04Z</time>
   </trkpt>
   <trkpt lat="51.4767010" lon="-0.2494740">
    <ele>4.5</ele>
    <time>2026-06-19T18:54:05Z</time>
   </trkpt>
   <trkpt lat="51.4766800" lon="-0.2494790">
    <ele>4.4</ele>
    <time>2026-06-19T18:54:06Z</time>
   </trkpt>
   <trkpt lat="51.4766710" lon="-0.2494810">
    <ele>4.4</ele>
    <time>2026-06-19T18:54:07Z</time>
   </trkpt>
   <trkpt lat="51.4766630" lon="-0.2494840">
    <ele>4.4</ele>
    <time>2026-06-19T18:54:08Z</time>
   </trkpt>
   <trkpt lat="51.4766430" lon="-0.2494830">
    <ele>4.4</ele>
    <time>2026-06-19T18:54:09Z</time>
   </trkpt>
   <trkpt lat="51.4766320" lon="-0.2494850">
    <ele>4.4</ele>
    <time>2026-06-19T18:54:10Z</time>
   </trkpt>
   <trkpt lat="51.4766190" lon="-0.2494850">
    <ele>4.4</ele>
    <time>2026-06-19T18:54:11Z</time>
   </trkpt>
   <trkpt lat="51.4766070" lon="-0.2494780">
    <ele>4.4</ele>
    <time>2026-06-19T18:54:12Z</time>
   </trkpt>
   <trkpt lat="51.4765960" lon="-0.2494820">
    <ele>4.4</ele>
    <time>2026-06-19T18:54:13Z</time>
   </trkpt>
   <trkpt lat="51.4765860" lon="-0.2494830">
    <ele>4.4</ele>
    <time>2026-06-19T18:54:14Z</time>
   </trkpt>
   <trkpt lat="51.4765710" lon="-0.2494800">
    <ele>4.4</ele>
    <time>2026-06-19T18:54:15Z</time>
   </trkpt>
   <trkpt lat="51.4765610" lon="-0.2494810">
    <ele>4.4</ele>
    <time>2026-06-19T18:54:16Z</time>
   </trkpt>
   <trkpt lat="51.4765450" lon="-0.2494760">
    <ele>4.4</ele>
    <time>2026-06-19T18:54:17Z</time>
   </trkpt>
   <trkpt lat="51.4765280" lon="-0.2494730">
    <ele>4.4</ele>
    <time>2026-06-19T18:54:18Z</time>
   </trkpt>
   <trkpt lat="51.4765140" lon="-0.2494770">
    <ele>4.4</ele>
    <time>2026-06-19T18:54:19Z</time>
   </trkpt>
   <trkpt lat="51.4765010" lon="-0.2494810">
    <ele>4.4</ele>
    <time>2026-06-19T18:54:20Z</time>
   </trkpt>
   <trkpt lat="51.4764890" lon="-0.2494860">
    <ele>4.4</ele>
    <time>2026-06-19T18:54:21Z</time>
   </trkpt>
   <trkpt lat="51.4764760" lon="-0.2494900">
    <ele>4.4</ele>
    <time>2026-06-19T18:54:22Z</time>
   </trkpt>
   <trkpt lat="51.4764660" lon="-0.2494920">
    <ele>4.4</ele>
    <time>2026-06-19T18:54:23Z</time>
   </trkpt>
   <trkpt lat="51.4764540" lon="-0.2494900">
    <ele>4.4</ele>
    <time>2026-06-19T18:54:24Z</time>
   </trkpt>
   <trkpt lat="51.4764360" lon="-0.2494920">
    <ele>4.4</ele>
    <time>2026-06-19T18:54:25Z</time>
   </trkpt>
   <trkpt lat="51.4764130" lon="-0.2494970">
    <ele>4.4</ele>
    <time>2026-06-19T18:54:26Z</time>
   </trkpt>
   <trkpt lat="51.4764040" lon="-0.2494990">
    <ele>4.4</ele>
    <time>2026-06-19T18:54:27Z</time>
   </trkpt>
   <trkpt lat="51.4763940" lon="-0.2495010">
    <ele>4.5</ele>
    <time>2026-06-19T18:54:28Z</time>
   </trkpt>
   <trkpt lat="51.4763820" lon="-0.2495070">
    <ele>4.5</ele>
    <time>2026-06-19T18:54:29Z</time>
   </trkpt>
   <trkpt lat="51.4763720" lon="-0.2495110">
    <ele>4.5</ele>
    <time>2026-06-19T18:54:30Z</time>
   </trkpt>
   <trkpt lat="51.4763590" lon="-0.2495120">
    <ele>4.5</ele>
    <time>2026-06-19T18:54:31Z</time>
   </trkpt>
   <trkpt lat="51.4763460" lon="-0.2495140">
    <ele>4.4</ele>
    <time>2026-06-19T18:54:32Z</time>
   </trkpt>
   <trkpt lat="51.4763350" lon="-0.2495190">
    <ele>4.4</ele>
    <time>2026-06-19T18:54:33Z</time>
   </trkpt>
   <trkpt lat="51.4763230" lon="-0.2495210">
    <ele>4.4</ele>
    <time>2026-06-19T18:54:34Z</time>
   </trkpt>
   <trkpt lat="51.4763140" lon="-0.2495220">
    <ele>4.4</ele>
    <time>2026-06-19T18:54:35Z</time>
   </trkpt>
   <trkpt lat="51.4763030" lon="-0.2495250">
    <ele>4.4</ele>
    <time>2026-06-19T18:54:36Z</time>
   </trkpt>
   <trkpt lat="51.4762940" lon="-0.2495230">
    <ele>4.4</ele>
    <time>2026-06-19T18:54:37Z</time>
   </trkpt>
   <trkpt lat="51.4762860" lon="-0.2495250">
    <ele>4.4</ele>
    <time>2026-06-19T18:54:38Z</time>
   </trkpt>
   <trkpt lat="51.4762730" lon="-0.2495310">
    <ele>4.4</ele>
    <time>2026-06-19T18:54:39Z</time>
   </trkpt>
   <trkpt lat="51.4762640" lon="-0.2495310">
    <ele>4.3</ele>
    <time>2026-06-19T18:54:40Z</time>
   </trkpt>
   <trkpt lat="51.4762470" lon="-0.2495380">
    <ele>4.3</ele>
    <time>2026-06-19T18:54:41Z</time>
   </trkpt>
   <trkpt lat="51.4762340" lon="-0.2495440">
    <ele>4.3</ele>
    <time>2026-06-19T18:54:42Z</time>
   </trkpt>
   <trkpt lat="51.4762210" lon="-0.2495560">
    <ele>4.3</ele>
    <time>2026-06-19T18:54:43Z</time>
   </trkpt>
   <trkpt lat="51.4762080" lon="-0.2495630">
    <ele>4.2</ele>
    <time>2026-06-19T18:54:44Z</time>
   </trkpt>
   <trkpt lat="51.4761960" lon="-0.2495690">
    <ele>4.2</ele>
    <time>2026-06-19T18:54:45Z</time>
   </trkpt>
   <trkpt lat="51.4761820" lon="-0.2495770">
    <ele>4.2</ele>
    <time>2026-06-19T18:54:46Z</time>
   </trkpt>
   <trkpt lat="51.4761700" lon="-0.2495810">
    <ele>4.2</ele>
    <time>2026-06-19T18:54:47Z</time>
   </trkpt>
   <trkpt lat="51.4761560" lon="-0.2495880">
    <ele>4.1</ele>
    <time>2026-06-19T18:54:48Z</time>
   </trkpt>
   <trkpt lat="51.4761340" lon="-0.2495980">
    <ele>4.1</ele>
    <time>2026-06-19T18:54:49Z</time>
   </trkpt>
   <trkpt lat="51.4761270" lon="-0.2496010">
    <ele>4.1</ele>
    <time>2026-06-19T18:54:50Z</time>
   </trkpt>
   <trkpt lat="51.4761190" lon="-0.2496050">
    <ele>4.1</ele>
    <time>2026-06-19T18:54:51Z</time>
   </trkpt>
   <trkpt lat="51.4760970" lon="-0.2496170">
    <ele>4.1</ele>
    <time>2026-06-19T18:54:52Z</time>
   </trkpt>
   <trkpt lat="51.4760890" lon="-0.2496210">
    <ele>4.1</ele>
    <time>2026-06-19T18:54:53Z</time>
   </trkpt>
   <trkpt lat="51.4760800" lon="-0.2496240">
    <ele>4.0</ele>
    <time>2026-06-19T18:54:54Z</time>
   </trkpt>
   <trkpt lat="51.4760590" lon="-0.2496350">
    <ele>4.0</ele>
    <time>2026-06-19T18:54:55Z</time>
   </trkpt>
   <trkpt lat="51.4760520" lon="-0.2496400">
    <ele>4.0</ele>
    <time>2026-06-19T18:54:56Z</time>
   </trkpt>
   <trkpt lat="51.4760440" lon="-0.2496450">
    <ele>4.0</ele>
    <time>2026-06-19T18:54:57Z</time>
   </trkpt>
   <trkpt lat="51.4760240" lon="-0.2496530">
    <ele>4.0</ele>
    <time>2026-06-19T18:54:58Z</time>
   </trkpt>
   <trkpt lat="51.4760140" lon="-0.2496580">
    <ele>4.0</ele>
    <time>2026-06-19T18:54:59Z</time>
   </trkpt>
   <trkpt lat="51.4760050" lon="-0.2496620">
    <ele>4.0</ele>
    <time>2026-06-19T18:55:00Z</time>
   </trkpt>
   <trkpt lat="51.4759850" lon="-0.2496750">
    <ele>4.0</ele>
    <time>2026-06-19T18:55:01Z</time>
   </trkpt>
   <trkpt lat="51.4759740" lon="-0.2496790">
    <ele>4.0</ele>
    <time>2026-06-19T18:55:02Z</time>
   </trkpt>
   <trkpt lat="51.4759640" lon="-0.2496830">
    <ele>4.0</ele>
    <time>2026-06-19T18:55:03Z</time>
   </trkpt>
   <trkpt lat="51.4759510" lon="-0.2496870">
    <ele>4.0</ele>
    <time>2026-06-19T18:55:04Z</time>
   </trkpt>
   <trkpt lat="51.4759370" lon="-0.2496920">
    <ele>4.0</ele>
    <time>2026-06-19T18:55:05Z</time>
   </trkpt>
   <trkpt lat="51.4759170" lon="-0.2497050">
    <ele>4.0</ele>
    <time>2026-06-19T18:55:06Z</time>
   </trkpt>
   <trkpt lat="51.4759100" lon="-0.2497100">
    <ele>4.0</ele>
    <time>2026-06-19T18:55:07Z</time>
   </trkpt>
   <trkpt lat="51.4759020" lon="-0.2497140">
    <ele>4.0</ele>
    <time>2026-06-19T18:55:08Z</time>
   </trkpt>
   <trkpt lat="51.4758820" lon="-0.2497270">
    <ele>4.0</ele>
    <time>2026-06-19T18:55:09Z</time>
   </trkpt>
   <trkpt lat="51.4758740" lon="-0.2497300">
    <ele>4.0</ele>
    <time>2026-06-19T18:55:10Z</time>
   </trkpt>
   <trkpt lat="51.4758660" lon="-0.2497330">
    <ele>4.0</ele>
    <time>2026-06-19T18:55:11Z</time>
   </trkpt>
   <trkpt lat="51.4758450" lon="-0.2497440">
    <ele>4.0</ele>
    <time>2026-06-19T18:55:12Z</time>
   </trkpt>
   <trkpt lat="51.4758370" lon="-0.2497480">
    <ele>4.0</ele>
    <time>2026-06-19T18:55:13Z</time>
   </trkpt>
   <trkpt lat="51.4758290" lon="-0.2497510">
    <ele>4.0</ele>
    <time>2026-06-19T18:55:14Z</time>
   </trkpt>
   <trkpt lat="51.4758170" lon="-0.2497590">
    <ele>4.0</ele>
    <time>2026-06-19T18:55:15Z</time>
   </trkpt>
   <trkpt lat="51.4758040" lon="-0.2497730">
    <ele>4.0</ele>
    <time>2026-06-19T18:55:16Z</time>
   </trkpt>
   <trkpt lat="51.4757910" lon="-0.2497790">
    <ele>4.0</ele>
    <time>2026-06-19T18:55:17Z</time>
   </trkpt>
   <trkpt lat="51.4757780" lon="-0.2497830">
    <ele>4.0</ele>
    <time>2026-06-19T18:55:18Z</time>
   </trkpt>
   <trkpt lat="51.4757640" lon="-0.2497940">
    <ele>4.0</ele>
    <time>2026-06-19T18:55:19Z</time>
   </trkpt>
   <trkpt lat="51.4757510" lon="-0.2498000">
    <ele>4.0</ele>
    <time>2026-06-19T18:55:20Z</time>
   </trkpt>
   <trkpt lat="51.4757310" lon="-0.2498120">
    <ele>4.0</ele>
    <time>2026-06-19T18:55:21Z</time>
   </trkpt>
   <trkpt lat="51.4757230" lon="-0.2498140">
    <ele>4.0</ele>
    <time>2026-06-19T18:55:22Z</time>
   </trkpt>
   <trkpt lat="51.4757140" lon="-0.2498170">
    <ele>4.0</ele>
    <time>2026-06-19T18:55:23Z</time>
   </trkpt>
   <trkpt lat="51.4756950" lon="-0.2498380">
    <ele>4.0</ele>
    <time>2026-06-19T18:55:24Z</time>
   </trkpt>
   <trkpt lat="51.4756870" lon="-0.2498450">
    <ele>4.0</ele>
    <time>2026-06-19T18:55:25Z</time>
   </trkpt>
   <trkpt lat="51.4756800" lon="-0.2498510">
    <ele>4.0</ele>
    <time>2026-06-19T18:55:26Z</time>
   </trkpt>
   <trkpt lat="51.4756680" lon="-0.2498600">
    <ele>4.0</ele>
    <time>2026-06-19T18:55:27Z</time>
   </trkpt>
   <trkpt lat="51.4756560" lon="-0.2498670">
    <ele>4.0</ele>
    <time>2026-06-19T18:55:28Z</time>
   </trkpt>
   <trkpt lat="51.4756470" lon="-0.2498750">
    <ele>4.0</ele>
    <time>2026-06-19T18:55:29Z</time>
   </trkpt>
   <trkpt lat="51.4756250" lon="-0.2498860">
    <ele>4.0</ele>
    <time>2026-06-19T18:55:30Z</time>
   </trkpt>
   <trkpt lat="51.4756170" lon="-0.2498930">
    <ele>4.0</ele>
    <time>2026-06-19T18:55:31Z</time>
   </trkpt>
   <trkpt lat="51.4756090" lon="-0.2498990">
    <ele>4.0</ele>
    <time>2026-06-19T18:55:32Z</time>
   </trkpt>
   <trkpt lat="51.4755920" lon="-0.2499190">
    <ele>4.0</ele>
    <time>2026-06-19T18:55:33Z</time>
   </trkpt>
   <trkpt lat="51.4755850" lon="-0.2499240">
    <ele>4.0</ele>
    <time>2026-06-19T18:55:34Z</time>
   </trkpt>
   <trkpt lat="51.4755780" lon="-0.2499300">
    <ele>4.0</ele>
    <time>2026-06-19T18:55:35Z</time>
   </trkpt>
   <trkpt lat="51.4755620" lon="-0.2499400">
    <ele>4.0</ele>
    <time>2026-06-19T18:55:36Z</time>
   </trkpt>
   <trkpt lat="51.4755530" lon="-0.2499480">
    <ele>4.0</ele>
    <time>2026-06-19T18:55:37Z</time>
   </trkpt>
   <trkpt lat="51.4755360" lon="-0.2499680">
    <ele>4.0</ele>
    <time>2026-06-19T18:55:38Z</time>
   </trkpt>
   <trkpt lat="51.4755280" lon="-0.2499740">
    <ele>4.0</ele>
    <time>2026-06-19T18:55:39Z</time>
   </trkpt>
   <trkpt lat="51.4755210" lon="-0.2499810">
    <ele>4.0</ele>
    <time>2026-06-19T18:55:40Z</time>
   </trkpt>
   <trkpt lat="51.4755110" lon="-0.2499950">
    <ele>4.0</ele>
    <time>2026-06-19T18:55:41Z</time>
   </trkpt>
   <trkpt lat="51.4755000" lon="-0.2500020">
    <ele>4.0</ele>
    <time>2026-06-19T18:55:42Z</time>
   </trkpt>
   <trkpt lat="51.4754900" lon="-0.2500070">
    <ele>4.0</ele>
    <time>2026-06-19T18:55:43Z</time>
   </trkpt>
   <trkpt lat="51.4754680" lon="-0.2500190">
    <ele>4.0</ele>
    <time>2026-06-19T18:55:44Z</time>
   </trkpt>
   <trkpt lat="51.4754610" lon="-0.2500260">
    <ele>4.0</ele>
    <time>2026-06-19T18:55:45Z</time>
   </trkpt>
   <trkpt lat="51.4754550" lon="-0.2500320">
    <ele>4.0</ele>
    <time>2026-06-19T18:55:46Z</time>
   </trkpt>
   <trkpt lat="51.4754420" lon="-0.2500410">
    <ele>4.0</ele>
    <time>2026-06-19T18:55:47Z</time>
   </trkpt>
   <trkpt lat="51.4754310" lon="-0.2500510">
    <ele>4.0</ele>
    <time>2026-06-19T18:55:48Z</time>
   </trkpt>
   <trkpt lat="51.4754210" lon="-0.2500620">
    <ele>4.0</ele>
    <time>2026-06-19T18:55:49Z</time>
   </trkpt>
   <trkpt lat="51.4754110" lon="-0.2500720">
    <ele>4.0</ele>
    <time>2026-06-19T18:55:50Z</time>
   </trkpt>
   <trkpt lat="51.4754010" lon="-0.2500840">
    <ele>4.0</ele>
    <time>2026-06-19T18:55:51Z</time>
   </trkpt>
   <trkpt lat="51.4753910" lon="-0.2500920">
    <ele>4.0</ele>
    <time>2026-06-19T18:55:52Z</time>
   </trkpt>
   <trkpt lat="51.4753820" lon="-0.2501010">
    <ele>4.0</ele>
    <time>2026-06-19T18:55:53Z</time>
   </trkpt>
   <trkpt lat="51.4753700" lon="-0.2501110">
    <ele>4.0</ele>
    <time>2026-06-19T18:55:54Z</time>
   </trkpt>
   <trkpt lat="51.4753500" lon="-0.2501290">
    <ele>4.0</ele>
    <time>2026-06-19T18:55:55Z</time>
   </trkpt>
   <trkpt lat="51.4753430" lon="-0.2501360">
    <ele>4.0</ele>
    <time>2026-06-19T18:55:56Z</time>
   </trkpt>
   <trkpt lat="51.4753350" lon="-0.2501430">
    <ele>4.0</ele>
    <time>2026-06-19T18:55:57Z</time>
   </trkpt>
   <trkpt lat="51.4753210" lon="-0.2501540">
    <ele>4.0</ele>
    <time>2026-06-19T18:55:58Z</time>
   </trkpt>
   <trkpt lat="51.4753100" lon="-0.2501620">
    <ele>4.0</ele>
    <time>2026-06-19T18:55:59Z</time>
   </trkpt>
   <trkpt lat="51.4752910" lon="-0.2501790">
    <ele>4.0</ele>
    <time>2026-06-19T18:56:00Z</time>
   </trkpt>
   <trkpt lat="51.4752830" lon="-0.2501850">
    <ele>4.0</ele>
    <time>2026-06-19T18:56:01Z</time>
   </trkpt>
   <trkpt lat="51.4752760" lon="-0.2501920">
    <ele>4.0</ele>
    <time>2026-06-19T18:56:02Z</time>
   </trkpt>
   <trkpt lat="51.4752630" lon="-0.2502010">
    <ele>4.0</ele>
    <time>2026-06-19T18:56:03Z</time>
   </trkpt>
   <trkpt lat="51.4752510" lon="-0.2502130">
    <ele>4.0</ele>
    <time>2026-06-19T18:56:04Z</time>
   </trkpt>
   <trkpt lat="51.4752310" lon="-0.2502290">
    <ele>4.0</ele>
    <time>2026-06-19T18:56:05Z</time>
   </trkpt>
   <trkpt lat="51.4752230" lon="-0.2502340">
    <ele>4.0</ele>
    <time>2026-06-19T18:56:06Z</time>
   </trkpt>
   <trkpt lat="51.4752140" lon="-0.2502400">
    <ele>4.0</ele>
    <time>2026-06-19T18:56:07Z</time>
   </trkpt>
   <trkpt lat="51.4752030" lon="-0.2502500">
    <ele>4.0</ele>
    <time>2026-06-19T18:56:08Z</time>
   </trkpt>
   <trkpt lat="51.4751900" lon="-0.2502620">
    <ele>4.0</ele>
    <time>2026-06-19T18:56:09Z</time>
   </trkpt>
   <trkpt lat="51.4751720" lon="-0.2502790">
    <ele>4.0</ele>
    <time>2026-06-19T18:56:10Z</time>
   </trkpt>
   <trkpt lat="51.4751630" lon="-0.2502840">
    <ele>4.0</ele>
    <time>2026-06-19T18:56:11Z</time>
   </trkpt>
   <trkpt lat="51.4751550" lon="-0.2502900">
    <ele>4.0</ele>
    <time>2026-06-19T18:56:12Z</time>
   </trkpt>
   <trkpt lat="51.4751350" lon="-0.2503040">
    <ele>4.0</ele>
    <time>2026-06-19T18:56:13Z</time>
   </trkpt>
   <trkpt lat="51.4751270" lon="-0.2503090">
    <ele>4.0</ele>
    <time>2026-06-19T18:56:14Z</time>
   </trkpt>
   <trkpt lat="51.4751190" lon="-0.2503150">
    <ele>4.0</ele>
    <time>2026-06-19T18:56:15Z</time>
   </trkpt>
   <trkpt lat="51.4751000" lon="-0.2503300">
    <ele>4.0</ele>
    <time>2026-06-19T18:56:16Z</time>
   </trkpt>
   <trkpt lat="51.4750930" lon="-0.2503360">
    <ele>4.0</ele>
    <time>2026-06-19T18:56:17Z</time>
   </trkpt>
   <trkpt lat="51.4750860" lon="-0.2503420">
    <ele>4.0</ele>
    <time>2026-06-19T18:56:18Z</time>
   </trkpt>
   <trkpt lat="51.4750660" lon="-0.2503580">
    <ele>4.0</ele>
    <time>2026-06-19T18:56:19Z</time>
   </trkpt>
   <trkpt lat="51.4750570" lon="-0.2503640">
    <ele>4.0</ele>
    <time>2026-06-19T18:56:20Z</time>
   </trkpt>
   <trkpt lat="51.4750490" lon="-0.2503700">
    <ele>4.0</ele>
    <time>2026-06-19T18:56:21Z</time>
   </trkpt>
   <trkpt lat="51.4750310" lon="-0.2503860">
    <ele>4.0</ele>
    <time>2026-06-19T18:56:22Z</time>
   </trkpt>
   <trkpt lat="51.4750230" lon="-0.2503920">
    <ele>4.0</ele>
    <time>2026-06-19T18:56:23Z</time>
   </trkpt>
   <trkpt lat="51.4750150" lon="-0.2503980">
    <ele>4.0</ele>
    <time>2026-06-19T18:56:24Z</time>
   </trkpt>
   <trkpt lat="51.4749950" lon="-0.2504150">
    <ele>4.0</ele>
    <time>2026-06-19T18:56:25Z</time>
   </trkpt>
   <trkpt lat="51.4749860" lon="-0.2504220">
    <ele>4.0</ele>
    <time>2026-06-19T18:56:26Z</time>
   </trkpt>
   <trkpt lat="51.4749780" lon="-0.2504290">
    <ele>4.0</ele>
    <time>2026-06-19T18:56:27Z</time>
   </trkpt>
   <trkpt lat="51.4749560" lon="-0.2504420">
    <ele>4.0</ele>
    <time>2026-06-19T18:56:28Z</time>
   </trkpt>
   <trkpt lat="51.4749470" lon="-0.2504490">
    <ele>4.0</ele>
    <time>2026-06-19T18:56:29Z</time>
   </trkpt>
   <trkpt lat="51.4749390" lon="-0.2504560">
    <ele>4.0</ele>
    <time>2026-06-19T18:56:30Z</time>
   </trkpt>
   <trkpt lat="51.4749190" lon="-0.2504730">
    <ele>4.0</ele>
    <time>2026-06-19T18:56:31Z</time>
   </trkpt>
   <trkpt lat="51.4749110" lon="-0.2504810">
    <ele>4.0</ele>
    <time>2026-06-19T18:56:32Z</time>
   </trkpt>
   <trkpt lat="51.4749020" lon="-0.2504900">
    <ele>4.0</ele>
    <time>2026-06-19T18:56:33Z</time>
   </trkpt>
   <trkpt lat="51.4748840" lon="-0.2504990">
    <ele>4.0</ele>
    <time>2026-06-19T18:56:34Z</time>
   </trkpt>
   <trkpt lat="51.4748750" lon="-0.2505040">
    <ele>4.0</ele>
    <time>2026-06-19T18:56:35Z</time>
   </trkpt>
   <trkpt lat="51.4748670" lon="-0.2505090">
    <ele>4.0</ele>
    <time>2026-06-19T18:56:36Z</time>
   </trkpt>
   <trkpt lat="51.4748580" lon="-0.2505160">
    <ele>4.0</ele>
    <time>2026-06-19T18:56:37Z</time>
   </trkpt>
   <trkpt lat="51.4748470" lon="-0.2505260">
    <ele>4.0</ele>
    <time>2026-06-19T18:56:38Z</time>
   </trkpt>
   <trkpt lat="51.4748380" lon="-0.2505360">
    <ele>4.0</ele>
    <time>2026-06-19T18:56:39Z</time>
   </trkpt>
   <trkpt lat="51.4748250" lon="-0.2505430">
    <ele>4.0</ele>
    <time>2026-06-19T18:56:40Z</time>
   </trkpt>
   <trkpt lat="51.4748090" lon="-0.2505520">
    <ele>4.0</ele>
    <time>2026-06-19T18:56:41Z</time>
   </trkpt>
   <trkpt lat="51.4748000" lon="-0.2505610">
    <ele>4.0</ele>
    <time>2026-06-19T18:56:42Z</time>
   </trkpt>
   <trkpt lat="51.4747870" lon="-0.2505720">
    <ele>4.0</ele>
    <time>2026-06-19T18:56:43Z</time>
   </trkpt>
   <trkpt lat="51.4747780" lon="-0.2505810">
    <ele>4.0</ele>
    <time>2026-06-19T18:56:44Z</time>
   </trkpt>
   <trkpt lat="51.4747640" lon="-0.2505880">
    <ele>4.0</ele>
    <time>2026-06-19T18:56:45Z</time>
   </trkpt>
   <trkpt lat="51.4747520" lon="-0.2505950">
    <ele>4.0</ele>
    <time>2026-06-19T18:56:46Z</time>
   </trkpt>
   <trkpt lat="51.4747380" lon="-0.2506030">
    <ele>4.0</ele>
    <time>2026-06-19T18:56:47Z</time>
   </trkpt>
   <trkpt lat="51.4747270" lon="-0.2506130">
    <ele>4.0</ele>
    <time>2026-06-19T18:56:48Z</time>
   </trkpt>
   <trkpt lat="51.4747160" lon="-0.2506230">
    <ele>4.0</ele>
    <time>2026-06-19T18:56:49Z</time>
   </trkpt>
   <trkpt lat="51.4747020" lon="-0.2506320">
    <ele>4.1</ele>
    <time>2026-06-19T18:56:50Z</time>
   </trkpt>
   <trkpt lat="51.4746820" lon="-0.2506500">
    <ele>4.1</ele>
    <time>2026-06-19T18:56:51Z</time>
   </trkpt>
   <trkpt lat="51.4746750" lon="-0.2506560">
    <ele>4.1</ele>
    <time>2026-06-19T18:56:52Z</time>
   </trkpt>
   <trkpt lat="51.4746670" lon="-0.2506630">
    <ele>4.1</ele>
    <time>2026-06-19T18:56:53Z</time>
   </trkpt>
   <trkpt lat="51.4746460" lon="-0.2506730">
    <ele>4.1</ele>
    <time>2026-06-19T18:56:54Z</time>
   </trkpt>
   <trkpt lat="51.4746390" lon="-0.2506800">
    <ele>4.1</ele>
    <time>2026-06-19T18:56:55Z</time>
   </trkpt>
   <trkpt lat="51.4746320" lon="-0.2506880">
    <ele>4.1</ele>
    <time>2026-06-19T18:56:56Z</time>
   </trkpt>
   <trkpt lat="51.4746210" lon="-0.2506970">
    <ele>4.1</ele>
    <time>2026-06-19T18:56:57Z</time>
   </trkpt>
   <trkpt lat="51.4746100" lon="-0.2507000">
    <ele>4.1</ele>
    <time>2026-06-19T18:56:58Z</time>
   </trkpt>
   <trkpt lat="51.4746000" lon="-0.2507050">
    <ele>4.1</ele>
    <time>2026-06-19T18:56:59Z</time>
   </trkpt>
   <trkpt lat="51.4745860" lon="-0.2507160">
    <ele>4.1</ele>
    <time>2026-06-19T18:57:00Z</time>
   </trkpt>
   <trkpt lat="51.4745740" lon="-0.2507240">
    <ele>4.1</ele>
    <time>2026-06-19T18:57:01Z</time>
   </trkpt>
   <trkpt lat="51.4745610" lon="-0.2507340">
    <ele>4.1</ele>
    <time>2026-06-19T18:57:02Z</time>
   </trkpt>
   <trkpt lat="51.4745460" lon="-0.2507410">
    <ele>4.1</ele>
    <time>2026-06-19T18:57:03Z</time>
   </trkpt>
   <trkpt lat="51.4745260" lon="-0.2507600">
    <ele>4.1</ele>
    <time>2026-06-19T18:57:04Z</time>
   </trkpt>
   <trkpt lat="51.4745160" lon="-0.2507660">
    <ele>4.1</ele>
    <time>2026-06-19T18:57:05Z</time>
   </trkpt>
   <trkpt lat="51.4745070" lon="-0.2507730">
    <ele>4.1</ele>
    <time>2026-06-19T18:57:06Z</time>
   </trkpt>
   <trkpt lat="51.4744960" lon="-0.2507840">
    <ele>4.1</ele>
    <time>2026-06-19T18:57:07Z</time>
   </trkpt>
   <trkpt lat="51.4744880" lon="-0.2507940">
    <ele>4.1</ele>
    <time>2026-06-19T18:57:08Z</time>
   </trkpt>
   <trkpt lat="51.4744790" lon="-0.2508000">
    <ele>4.1</ele>
    <time>2026-06-19T18:57:09Z</time>
   </trkpt>
   <trkpt lat="51.4744700" lon="-0.2508070">
    <ele>4.1</ele>
    <time>2026-06-19T18:57:10Z</time>
   </trkpt>
   <trkpt lat="51.4744600" lon="-0.2508180">
    <ele>4.1</ele>
    <time>2026-06-19T18:57:11Z</time>
   </trkpt>
   <trkpt lat="51.4744500" lon="-0.2508260">
    <ele>4.1</ele>
    <time>2026-06-19T18:57:12Z</time>
   </trkpt>
   <trkpt lat="51.4744370" lon="-0.2508390">
    <ele>4.1</ele>
    <time>2026-06-19T18:57:13Z</time>
   </trkpt>
   <trkpt lat="51.4744240" lon="-0.2508460">
    <ele>4.1</ele>
    <time>2026-06-19T18:57:14Z</time>
   </trkpt>
   <trkpt lat="51.4744040" lon="-0.2508630">
    <ele>4.1</ele>
    <time>2026-06-19T18:57:15Z</time>
   </trkpt>
   <trkpt lat="51.4743950" lon="-0.2508690">
    <ele>4.1</ele>
    <time>2026-06-19T18:57:16Z</time>
   </trkpt>
   <trkpt lat="51.4743870" lon="-0.2508760">
    <ele>4.1</ele>
    <time>2026-06-19T18:57:17Z</time>
   </trkpt>
   <trkpt lat="51.4743660" lon="-0.2508860">
    <ele>4.1</ele>
    <time>2026-06-19T18:57:18Z</time>
   </trkpt>
   <trkpt lat="51.4743580" lon="-0.2508900">
    <ele>4.1</ele>
    <time>2026-06-19T18:57:19Z</time>
   </trkpt>
   <trkpt lat="51.4743490" lon="-0.2508940">
    <ele>4.1</ele>
    <time>2026-06-19T18:57:20Z</time>
   </trkpt>
   <trkpt lat="51.4743360" lon="-0.2509050">
    <ele>4.1</ele>
    <time>2026-06-19T18:57:21Z</time>
   </trkpt>
   <trkpt lat="51.4743240" lon="-0.2509170">
    <ele>4.1</ele>
    <time>2026-06-19T18:57:22Z</time>
   </trkpt>
   <trkpt lat="51.4743120" lon="-0.2509290">
    <ele>4.1</ele>
    <time>2026-06-19T18:57:23Z</time>
   </trkpt>
   <trkpt lat="51.4743000" lon="-0.2509370">
    <ele>4.1</ele>
    <time>2026-06-19T18:57:24Z</time>
   </trkpt>
   <trkpt lat="51.4742870" lon="-0.2509400">
    <ele>4.1</ele>
    <time>2026-06-19T18:57:25Z</time>
   </trkpt>
   <trkpt lat="51.4742740" lon="-0.2509490">
    <ele>4.1</ele>
    <time>2026-06-19T18:57:26Z</time>
   </trkpt>
   <trkpt lat="51.4742560" lon="-0.2509690">
    <ele>4.1</ele>
    <time>2026-06-19T18:57:27Z</time>
   </trkpt>
   <trkpt lat="51.4742480" lon="-0.2509730">
    <ele>4.1</ele>
    <time>2026-06-19T18:57:28Z</time>
   </trkpt>
   <trkpt lat="51.4742400" lon="-0.2509780">
    <ele>4.1</ele>
    <time>2026-06-19T18:57:29Z</time>
   </trkpt>
   <trkpt lat="51.4742280" lon="-0.2509870">
    <ele>4.1</ele>
    <time>2026-06-19T18:57:30Z</time>
   </trkpt>
   <trkpt lat="51.4742180" lon="-0.2509940">
    <ele>4.1</ele>
    <time>2026-06-19T18:57:31Z</time>
   </trkpt>
   <trkpt lat="51.4742070" lon="-0.2510020">
    <ele>4.1</ele>
    <time>2026-06-19T18:57:32Z</time>
   </trkpt>
   <trkpt lat="51.4741970" lon="-0.2510110">
    <ele>4.1</ele>
    <time>2026-06-19T18:57:33Z</time>
   </trkpt>
   <trkpt lat="51.4741860" lon="-0.2510220">
    <ele>4.1</ele>
    <time>2026-06-19T18:57:34Z</time>
   </trkpt>
   <trkpt lat="51.4741780" lon="-0.2510350">
    <ele>4.1</ele>
    <time>2026-06-19T18:57:35Z</time>
   </trkpt>
   <trkpt lat="51.4741610" lon="-0.2510530">
    <ele>4.1</ele>
    <time>2026-06-19T18:57:36Z</time>
   </trkpt>
   <trkpt lat="51.4741540" lon="-0.2510600">
    <ele>4.1</ele>
    <time>2026-06-19T18:57:37Z</time>
   </trkpt>
   <trkpt lat="51.4741480" lon="-0.2510670">
    <ele>4.1</ele>
    <time>2026-06-19T18:57:38Z</time>
   </trkpt>
   <trkpt lat="51.4741280" lon="-0.2510770">
    <ele>4.1</ele>
    <time>2026-06-19T18:57:39Z</time>
   </trkpt>
   <trkpt lat="51.4741200" lon="-0.2510830">
    <ele>4.1</ele>
    <time>2026-06-19T18:57:40Z</time>
   </trkpt>
   <trkpt lat="51.4741110" lon="-0.2510890">
    <ele>4.1</ele>
    <time>2026-06-19T18:57:41Z</time>
   </trkpt>
   <trkpt lat="51.4740900" lon="-0.2511010">
    <ele>4.1</ele>
    <time>2026-06-19T18:57:42Z</time>
   </trkpt>
   <trkpt lat="51.4740810" lon="-0.2511080">
    <ele>4.1</ele>
    <time>2026-06-19T18:57:43Z</time>
   </trkpt>
   <trkpt lat="51.4740730" lon="-0.2511140">
    <ele>4.1</ele>
    <time>2026-06-19T18:57:44Z</time>
   </trkpt>
   <trkpt lat="51.4740550" lon="-0.2511250">
    <ele>4.1</ele>
    <time>2026-06-19T18:57:45Z</time>
   </trkpt>
   <trkpt lat="51.4740460" lon="-0.2511320">
    <ele>4.1</ele>
    <time>2026-06-19T18:57:46Z</time>
   </trkpt>
   <trkpt lat="51.4740380" lon="-0.2511380">
    <ele>4.1</ele>
    <time>2026-06-19T18:57:47Z</time>
   </trkpt>
   <trkpt lat="51.4740190" lon="-0.2511530">
    <ele>4.1</ele>
    <time>2026-06-19T18:57:48Z</time>
   </trkpt>
   <trkpt lat="51.4740100" lon="-0.2511580">
    <ele>4.1</ele>
    <time>2026-06-19T18:57:49Z</time>
   </trkpt>
   <trkpt lat="51.4740020" lon="-0.2511630">
    <ele>4.1</ele>
    <time>2026-06-19T18:57:50Z</time>
   </trkpt>
   <trkpt lat="51.4739910" lon="-0.2511700">
    <ele>4.1</ele>
    <time>2026-06-19T18:57:51Z</time>
   </trkpt>
   <trkpt lat="51.4739760" lon="-0.2511810">
    <ele>4.1</ele>
    <time>2026-06-19T18:57:52Z</time>
   </trkpt>
   <trkpt lat="51.4739560" lon="-0.2511930">
    <ele>4.1</ele>
    <time>2026-06-19T18:57:53Z</time>
   </trkpt>
   <trkpt lat="51.4739480" lon="-0.2512000">
    <ele>4.1</ele>
    <time>2026-06-19T18:57:54Z</time>
   </trkpt>
   <trkpt lat="51.4739400" lon="-0.2512070">
    <ele>4.1</ele>
    <time>2026-06-19T18:57:55Z</time>
   </trkpt>
   <trkpt lat="51.4739200" lon="-0.2512200">
    <ele>4.1</ele>
    <time>2026-06-19T18:57:56Z</time>
   </trkpt>
   <trkpt lat="51.4739110" lon="-0.2512250">
    <ele>4.1</ele>
    <time>2026-06-19T18:57:57Z</time>
   </trkpt>
   <trkpt lat="51.4739030" lon="-0.2512290">
    <ele>4.1</ele>
    <time>2026-06-19T18:57:58Z</time>
   </trkpt>
   <trkpt lat="51.4738820" lon="-0.2512400">
    <ele>4.1</ele>
    <time>2026-06-19T18:57:59Z</time>
   </trkpt>
   <trkpt lat="51.4738730" lon="-0.2512440">
    <ele>4.1</ele>
    <time>2026-06-19T18:58:00Z</time>
   </trkpt>
   <trkpt lat="51.4738650" lon="-0.2512470">
    <ele>4.1</ele>
    <time>2026-06-19T18:58:01Z</time>
   </trkpt>
   <trkpt lat="51.4738440" lon="-0.2512610">
    <ele>4.1</ele>
    <time>2026-06-19T18:58:02Z</time>
   </trkpt>
   <trkpt lat="51.4738360" lon="-0.2512660">
    <ele>4.1</ele>
    <time>2026-06-19T18:58:03Z</time>
   </trkpt>
   <trkpt lat="51.4738280" lon="-0.2512720">
    <ele>4.1</ele>
    <time>2026-06-19T18:58:04Z</time>
   </trkpt>
   <trkpt lat="51.4738090" lon="-0.2512860">
    <ele>4.1</ele>
    <time>2026-06-19T18:58:05Z</time>
   </trkpt>
   <trkpt lat="51.4738010" lon="-0.2512900">
    <ele>4.1</ele>
    <time>2026-06-19T18:58:06Z</time>
   </trkpt>
   <trkpt lat="51.4737930" lon="-0.2512950">
    <ele>4.1</ele>
    <time>2026-06-19T18:58:07Z</time>
   </trkpt>
   <trkpt lat="51.4737710" lon="-0.2513070">
    <ele>4.1</ele>
    <time>2026-06-19T18:58:08Z</time>
   </trkpt>
   <trkpt lat="51.4737630" lon="-0.2513120">
    <ele>4.1</ele>
    <time>2026-06-19T18:58:09Z</time>
   </trkpt>
   <trkpt lat="51.4737540" lon="-0.2513160">
    <ele>4.1</ele>
    <time>2026-06-19T18:58:10Z</time>
   </trkpt>
   <trkpt lat="51.4737330" lon="-0.2513310">
    <ele>4.1</ele>
    <time>2026-06-19T18:58:11Z</time>
   </trkpt>
   <trkpt lat="51.4737240" lon="-0.2513360">
    <ele>4.1</ele>
    <time>2026-06-19T18:58:12Z</time>
   </trkpt>
   <trkpt lat="51.4737150" lon="-0.2513400">
    <ele>4.1</ele>
    <time>2026-06-19T18:58:13Z</time>
   </trkpt>
   <trkpt lat="51.4737050" lon="-0.2513500">
    <ele>4.1</ele>
    <time>2026-06-19T18:58:14Z</time>
   </trkpt>
   <trkpt lat="51.4736970" lon="-0.2513590">
    <ele>4.1</ele>
    <time>2026-06-19T18:58:15Z</time>
   </trkpt>
   <trkpt lat="51.4736850" lon="-0.2513660">
    <ele>4.1</ele>
    <time>2026-06-19T18:58:16Z</time>
   </trkpt>
   <trkpt lat="51.4736740" lon="-0.2513790">
    <ele>4.1</ele>
    <time>2026-06-19T18:58:17Z</time>
   </trkpt>
   <trkpt lat="51.4736550" lon="-0.2513890">
    <ele>4.1</ele>
    <time>2026-06-19T18:58:18Z</time>
   </trkpt>
   <trkpt lat="51.4736430" lon="-0.2513990">
    <ele>4.1</ele>
    <time>2026-06-19T18:58:19Z</time>
   </trkpt>
   <trkpt lat="51.4736300" lon="-0.2514140">
    <ele>4.1</ele>
    <time>2026-06-19T18:58:20Z</time>
   </trkpt>
   <trkpt lat="51.4736160" lon="-0.2514190">
    <ele>4.1</ele>
    <time>2026-06-19T18:58:21Z</time>
   </trkpt>
   <trkpt lat="51.4736030" lon="-0.2514310">
    <ele>4.1</ele>
    <time>2026-06-19T18:58:22Z</time>
   </trkpt>
   <trkpt lat="51.4735920" lon="-0.2514420">
    <ele>4.1</ele>
    <time>2026-06-19T18:58:23Z</time>
   </trkpt>
   <trkpt lat="51.4735830" lon="-0.2514560">
    <ele>4.1</ele>
    <time>2026-06-19T18:58:24Z</time>
   </trkpt>
   <trkpt lat="51.4735760" lon="-0.2514650">
    <ele>4.1</ele>
    <time>2026-06-19T18:58:25Z</time>
   </trkpt>
   <trkpt lat="51.4735620" lon="-0.2514820">
    <ele>4.1</ele>
    <time>2026-06-19T18:58:26Z</time>
   </trkpt>
   <trkpt lat="51.4735520" lon="-0.2514950">
    <ele>4.1</ele>
    <time>2026-06-19T18:58:27Z</time>
   </trkpt>
   <trkpt lat="51.4735380" lon="-0.2515190">
    <ele>4.1</ele>
    <time>2026-06-19T18:58:28Z</time>
   </trkpt>
   <trkpt lat="51.4735310" lon="-0.2515280">
    <ele>4.1</ele>
    <time>2026-06-19T18:58:29Z</time>
   </trkpt>
   <trkpt lat="51.4735250" lon="-0.2515370">
    <ele>4.1</ele>
    <time>2026-06-19T18:58:30Z</time>
   </trkpt>
   <trkpt lat="51.4735120" lon="-0.2515480">
    <ele>4.1</ele>
    <time>2026-06-19T18:58:31Z</time>
   </trkpt>
   <trkpt lat="51.4735000" lon="-0.2515600">
    <ele>4.1</ele>
    <time>2026-06-19T18:58:32Z</time>
   </trkpt>
   <trkpt lat="51.4734890" lon="-0.2515740">
    <ele>4.1</ele>
    <time>2026-06-19T18:58:33Z</time>
   </trkpt>
   <trkpt lat="51.4734780" lon="-0.2515870">
    <ele>4.1</ele>
    <time>2026-06-19T18:58:34Z</time>
   </trkpt>
   <trkpt lat="51.4734590" lon="-0.2516070">
    <ele>4.1</ele>
    <time>2026-06-19T18:58:35Z</time>
   </trkpt>
   <trkpt lat="51.4734520" lon="-0.2516170">
    <ele>4.1</ele>
    <time>2026-06-19T18:58:36Z</time>
   </trkpt>
   <trkpt lat="51.4734450" lon="-0.2516260">
    <ele>4.1</ele>
    <time>2026-06-19T18:58:37Z</time>
   </trkpt>
   <trkpt lat="51.4734340" lon="-0.2516400">
    <ele>4.1</ele>
    <time>2026-06-19T18:58:38Z</time>
   </trkpt>
   <trkpt lat="51.4734210" lon="-0.2516460">
    <ele>4.1</ele>
    <time>2026-06-19T18:58:39Z</time>
   </trkpt>
   <trkpt lat="51.4734090" lon="-0.2516610">
    <ele>4.1</ele>
    <time>2026-06-19T18:58:40Z</time>
   </trkpt>
   <trkpt lat="51.4733990" lon="-0.2516760">
    <ele>4.1</ele>
    <time>2026-06-19T18:58:41Z</time>
   </trkpt>
   <trkpt lat="51.4733840" lon="-0.2517000">
    <ele>4.1</ele>
    <time>2026-06-19T18:58:42Z</time>
   </trkpt>
   <trkpt lat="51.4733770" lon="-0.2517090">
    <ele>4.1</ele>
    <time>2026-06-19T18:58:43Z</time>
   </trkpt>
   <trkpt lat="51.4733700" lon="-0.2517180">
    <ele>4.1</ele>
    <time>2026-06-19T18:58:44Z</time>
   </trkpt>
   <trkpt lat="51.4733540" lon="-0.2517390">
    <ele>4.1</ele>
    <time>2026-06-19T18:58:45Z</time>
   </trkpt>
   <trkpt lat="51.4733470" lon="-0.2517480">
    <ele>4.1</ele>
    <time>2026-06-19T18:58:46Z</time>
   </trkpt>
   <trkpt lat="51.4733410" lon="-0.2517560">
    <ele>4.1</ele>
    <time>2026-06-19T18:58:47Z</time>
   </trkpt>
   <trkpt lat="51.4733240" lon="-0.2517780">
    <ele>4.1</ele>
    <time>2026-06-19T18:58:48Z</time>
   </trkpt>
   <trkpt lat="51.4733180" lon="-0.2517860">
    <ele>4.1</ele>
    <time>2026-06-19T18:58:49Z</time>
   </trkpt>
   <trkpt lat="51.4733110" lon="-0.2517950">
    <ele>4.1</ele>
    <time>2026-06-19T18:58:50Z</time>
   </trkpt>
   <trkpt lat="51.4732920" lon="-0.2518170">
    <ele>4.1</ele>
    <time>2026-06-19T18:58:51Z</time>
   </trkpt>
   <trkpt lat="51.4732860" lon="-0.2518250">
    <ele>4.1</ele>
    <time>2026-06-19T18:58:52Z</time>
   </trkpt>
   <trkpt lat="51.4732790" lon="-0.2518340">
    <ele>4.1</ele>
    <time>2026-06-19T18:58:53Z</time>
   </trkpt>
   <trkpt lat="51.4732630" lon="-0.2518590">
    <ele>4.1</ele>
    <time>2026-06-19T18:58:54Z</time>
   </trkpt>
   <trkpt lat="51.4732580" lon="-0.2518690">
    <ele>4.1</ele>
    <time>2026-06-19T18:58:55Z</time>
   </trkpt>
   <trkpt lat="51.4732520" lon="-0.2518800">
    <ele>4.1</ele>
    <time>2026-06-19T18:58:56Z</time>
   </trkpt>
   <trkpt lat="51.4732360" lon="-0.2519010">
    <ele>4.1</ele>
    <time>2026-06-19T18:58:57Z</time>
   </trkpt>
   <trkpt lat="51.4732300" lon="-0.2519110">
    <ele>4.1</ele>
    <time>2026-06-19T18:58:58Z</time>
   </trkpt>
   <trkpt lat="51.4732240" lon="-0.2519210">
    <ele>4.2</ele>
    <time>2026-06-19T18:58:59Z</time>
   </trkpt>
   <trkpt lat="51.4732130" lon="-0.2519320">
    <ele>4.2</ele>
    <time>2026-06-19T18:59:00Z</time>
   </trkpt>
   <trkpt lat="51.4732020" lon="-0.2519460">
    <ele>4.2</ele>
    <time>2026-06-19T18:59:01Z</time>
   </trkpt>
   <trkpt lat="51.4731930" lon="-0.2519580">
    <ele>4.2</ele>
    <time>2026-06-19T18:59:02Z</time>
   </trkpt>
   <trkpt lat="51.4731840" lon="-0.2519720">
    <ele>4.2</ele>
    <time>2026-06-19T18:59:03Z</time>
   </trkpt>
   <trkpt lat="51.4731750" lon="-0.2519830">
    <ele>4.2</ele>
    <time>2026-06-19T18:59:04Z</time>
   </trkpt>
   <trkpt lat="51.4731640" lon="-0.2519990">
    <ele>4.2</ele>
    <time>2026-06-19T18:59:05Z</time>
   </trkpt>
   <trkpt lat="51.4731530" lon="-0.2520120">
    <ele>4.2</ele>
    <time>2026-06-19T18:59:06Z</time>
   </trkpt>
   <trkpt lat="51.4731360" lon="-0.2520340">
    <ele>4.2</ele>
    <time>2026-06-19T18:59:07Z</time>
   </trkpt>
   <trkpt lat="51.4731300" lon="-0.2520440">
    <ele>4.2</ele>
    <time>2026-06-19T18:59:08Z</time>
   </trkpt>
   <trkpt lat="51.4731240" lon="-0.2520530">
    <ele>4.2</ele>
    <time>2026-06-19T18:59:09Z</time>
   </trkpt>
   <trkpt lat="51.4731070" lon="-0.2520770">
    <ele>4.2</ele>
    <time>2026-06-19T18:59:10Z</time>
   </trkpt>
   <trkpt lat="51.4731010" lon="-0.2520850">
    <ele>4.2</ele>
    <time>2026-06-19T18:59:11Z</time>
   </trkpt>
   <trkpt lat="51.4730940" lon="-0.2520940">
    <ele>4.2</ele>
    <time>2026-06-19T18:59:12Z</time>
   </trkpt>
   <trkpt lat="51.4730820" lon="-0.2521060">
    <ele>4.2</ele>
    <time>2026-06-19T18:59:13Z</time>
   </trkpt>
   <trkpt lat="51.4730720" lon="-0.2521210">
    <ele>4.2</ele>
    <time>2026-06-19T18:59:14Z</time>
   </trkpt>
   <trkpt lat="51.4730570" lon="-0.2521450">
    <ele>4.2</ele>
    <time>2026-06-19T18:59:15Z</time>
   </trkpt>
   <trkpt lat="51.4730510" lon="-0.2521550">
    <ele>4.2</ele>
    <time>2026-06-19T18:59:16Z</time>
   </trkpt>
   <trkpt lat="51.4730450" lon="-0.2521650">
    <ele>4.2</ele>
    <time>2026-06-19T18:59:17Z</time>
   </trkpt>
   <trkpt lat="51.4730340" lon="-0.2521830">
    <ele>4.2</ele>
    <time>2026-06-19T18:59:18Z</time>
   </trkpt>
   <trkpt lat="51.4730230" lon="-0.2521960">
    <ele>4.2</ele>
    <time>2026-06-19T18:59:19Z</time>
   </trkpt>
   <trkpt lat="51.4730120" lon="-0.2522070">
    <ele>4.2</ele>
    <time>2026-06-19T18:59:20Z</time>
   </trkpt>
   <trkpt lat="51.4730010" lon="-0.2522200">
    <ele>4.2</ele>
    <time>2026-06-19T18:59:21Z</time>
   </trkpt>
   <trkpt lat="51.4729900" lon="-0.2522350">
    <ele>4.2</ele>
    <time>2026-06-19T18:59:22Z</time>
   </trkpt>
   <trkpt lat="51.4729790" lon="-0.2522530">
    <ele>4.2</ele>
    <time>2026-06-19T18:59:23Z</time>
   </trkpt>
   <trkpt lat="51.4729640" lon="-0.2522780">
    <ele>4.2</ele>
    <time>2026-06-19T18:59:24Z</time>
   </trkpt>
   <trkpt lat="51.4729580" lon="-0.2522880">
    <ele>4.2</ele>
    <time>2026-06-19T18:59:25Z</time>
   </trkpt>
   <trkpt lat="51.4729510" lon="-0.2522970">
    <ele>4.2</ele>
    <time>2026-06-19T18:59:26Z</time>
   </trkpt>
   <trkpt lat="51.4729310" lon="-0.2523150">
    <ele>4.2</ele>
    <time>2026-06-19T18:59:27Z</time>
   </trkpt>
   <trkpt lat="51.4729230" lon="-0.2523210">
    <ele>4.2</ele>
    <time>2026-06-19T18:59:28Z</time>
   </trkpt>
   <trkpt lat="51.4729160" lon="-0.2523280">
    <ele>4.2</ele>
    <time>2026-06-19T18:59:29Z</time>
   </trkpt>
   <trkpt lat="51.4728990" lon="-0.2523500">
    <ele>4.2</ele>
    <time>2026-06-19T18:59:30Z</time>
   </trkpt>
   <trkpt lat="51.4728930" lon="-0.2523590">
    <ele>4.2</ele>
    <time>2026-06-19T18:59:31Z</time>
   </trkpt>
   <trkpt lat="51.4728860" lon="-0.2523680">
    <ele>4.2</ele>
    <time>2026-06-19T18:59:32Z</time>
   </trkpt>
   <trkpt lat="51.4728700" lon="-0.2523940">
    <ele>4.2</ele>
    <time>2026-06-19T18:59:33Z</time>
   </trkpt>
   <trkpt lat="51.4728650" lon="-0.2524030">
    <ele>4.2</ele>
    <time>2026-06-19T18:59:34Z</time>
   </trkpt>
   <trkpt lat="51.4728590" lon="-0.2524130">
    <ele>4.2</ele>
    <time>2026-06-19T18:59:35Z</time>
   </trkpt>
   <trkpt lat="51.4728420" lon="-0.2524330">
    <ele>4.2</ele>
    <time>2026-06-19T18:59:36Z</time>
   </trkpt>
   <trkpt lat="51.4728360" lon="-0.2524420">
    <ele>4.2</ele>
    <time>2026-06-19T18:59:37Z</time>
   </trkpt>
   <trkpt lat="51.4728290" lon="-0.2524510">
    <ele>4.2</ele>
    <time>2026-06-19T18:59:38Z</time>
   </trkpt>
   <trkpt lat="51.4728120" lon="-0.2524740">
    <ele>4.2</ele>
    <time>2026-06-19T18:59:39Z</time>
   </trkpt>
   <trkpt lat="51.4728050" lon="-0.2524820">
    <ele>4.2</ele>
    <time>2026-06-19T18:59:40Z</time>
   </trkpt>
   <trkpt lat="51.4727990" lon="-0.2524910">
    <ele>4.2</ele>
    <time>2026-06-19T18:59:41Z</time>
   </trkpt>
   <trkpt lat="51.4727830" lon="-0.2525140">
    <ele>4.2</ele>
    <time>2026-06-19T18:59:42Z</time>
   </trkpt>
   <trkpt lat="51.4727750" lon="-0.2525230">
    <ele>4.2</ele>
    <time>2026-06-19T18:59:43Z</time>
   </trkpt>
   <trkpt lat="51.4727680" lon="-0.2525310">
    <ele>4.2</ele>
    <time>2026-06-19T18:59:44Z</time>
   </trkpt>
   <trkpt lat="51.4727530" lon="-0.2525550">
    <ele>4.2</ele>
    <time>2026-06-19T18:59:45Z</time>
   </trkpt>
   <trkpt lat="51.4727470" lon="-0.2525650">
    <ele>4.2</ele>
    <time>2026-06-19T18:59:46Z</time>
   </trkpt>
   <trkpt lat="51.4727410" lon="-0.2525760">
    <ele>4.2</ele>
    <time>2026-06-19T18:59:47Z</time>
   </trkpt>
   <trkpt lat="51.4727250" lon="-0.2525970">
    <ele>4.2</ele>
    <time>2026-06-19T18:59:48Z</time>
   </trkpt>
   <trkpt lat="51.4727190" lon="-0.2526070">
    <ele>4.2</ele>
    <time>2026-06-19T18:59:49Z</time>
   </trkpt>
   <trkpt lat="51.4727130" lon="-0.2526160">
    <ele>4.2</ele>
    <time>2026-06-19T18:59:50Z</time>
   </trkpt>
   <trkpt lat="51.4726970" lon="-0.2526410">
    <ele>4.2</ele>
    <time>2026-06-19T18:59:51Z</time>
   </trkpt>
   <trkpt lat="51.4726910" lon="-0.2526510">
    <ele>4.2</ele>
    <time>2026-06-19T18:59:52Z</time>
   </trkpt>
   <trkpt lat="51.4726850" lon="-0.2526610">
    <ele>4.2</ele>
    <time>2026-06-19T18:59:53Z</time>
   </trkpt>
   <trkpt lat="51.4726690" lon="-0.2526820">
    <ele>4.2</ele>
    <time>2026-06-19T18:59:54Z</time>
   </trkpt>
   <trkpt lat="51.4726630" lon="-0.2526910">
    <ele>4.2</ele>
    <time>2026-06-19T18:59:55Z</time>
   </trkpt>
   <trkpt lat="51.4726570" lon="-0.2527000">
    <ele>4.2</ele>
    <time>2026-06-19T18:59:56Z</time>
   </trkpt>
   <trkpt lat="51.4726420" lon="-0.2527280">
    <ele>4.1</ele>
    <time>2026-06-19T18:59:57Z</time>
   </trkpt>
   <trkpt lat="51.4726360" lon="-0.2527360">
    <ele>4.1</ele>
    <time>2026-06-19T18:59:58Z</time>
   </trkpt>
   <trkpt lat="51.4726310" lon="-0.2527440">
    <ele>4.1</ele>
    <time>2026-06-19T18:59:59Z</time>
   </trkpt>
   <trkpt lat="51.4726200" lon="-0.2527590">
    <ele>4.1</ele>
    <time>2026-06-19T19:00:00Z</time>
   </trkpt>
   <trkpt lat="51.4726080" lon="-0.2527700">
    <ele>4.1</ele>
    <time>2026-06-19T19:00:01Z</time>
   </trkpt>
   <trkpt lat="51.4725920" lon="-0.2527920">
    <ele>4.1</ele>
    <time>2026-06-19T19:00:02Z</time>
   </trkpt>
   <trkpt lat="51.4725860" lon="-0.2528040">
    <ele>4.1</ele>
    <time>2026-06-19T19:00:03Z</time>
   </trkpt>
   <trkpt lat="51.4725810" lon="-0.2528160">
    <ele>4.1</ele>
    <time>2026-06-19T19:00:04Z</time>
   </trkpt>
   <trkpt lat="51.4725720" lon="-0.2528300">
    <ele>4.1</ele>
    <time>2026-06-19T19:00:05Z</time>
   </trkpt>
   <trkpt lat="51.4725590" lon="-0.2528470">
    <ele>4.1</ele>
    <time>2026-06-19T19:00:06Z</time>
   </trkpt>
   <trkpt lat="51.4725520" lon="-0.2528600">
    <ele>4.1</ele>
    <time>2026-06-19T19:00:07Z</time>
   </trkpt>
   <trkpt lat="51.4725490" lon="-0.2528790">
    <ele>4.1</ele>
    <time>2026-06-19T19:00:08Z</time>
   </trkpt>
   <trkpt lat="51.4725490" lon="-0.2528980">
    <ele>4.2</ele>
    <time>2026-06-19T19:00:09Z</time>
   </trkpt>
   <trkpt lat="51.4725340" lon="-0.2529130">
    <ele>4.2</ele>
    <time>2026-06-19T19:00:10Z</time>
   </trkpt>
   <trkpt lat="51.4725250" lon="-0.2529230">
    <ele>4.2</ele>
    <time>2026-06-19T19:00:11Z</time>
   </trkpt>
   <trkpt lat="51.4725170" lon="-0.2529410">
    <ele>4.2</ele>
    <time>2026-06-19T19:00:12Z</time>
   </trkpt>
   <trkpt lat="51.4725100" lon="-0.2529550">
    <ele>4.2</ele>
    <time>2026-06-19T19:00:13Z</time>
   </trkpt>
   <trkpt lat="51.4725050" lon="-0.2529700">
    <ele>4.2</ele>
    <time>2026-06-19T19:00:14Z</time>
   </trkpt>
   <trkpt lat="51.4724970" lon="-0.2529810">
    <ele>4.2</ele>
    <time>2026-06-19T19:00:15Z</time>
   </trkpt>
   <trkpt lat="51.4724910" lon="-0.2529930">
    <ele>4.2</ele>
    <time>2026-06-19T19:00:16Z</time>
   </trkpt>
   <trkpt lat="51.4724850" lon="-0.2530080">
    <ele>4.2</ele>
    <time>2026-06-19T19:00:17Z</time>
   </trkpt>
   <trkpt lat="51.4724780" lon="-0.2530240">
    <ele>4.2</ele>
    <time>2026-06-19T19:00:18Z</time>
   </trkpt>
   <trkpt lat="51.4724710" lon="-0.2530340">
    <ele>4.2</ele>
    <time>2026-06-19T19:00:19Z</time>
   </trkpt>
   <trkpt lat="51.4724630" lon="-0.2530490">
    <ele>4.2</ele>
    <time>2026-06-19T19:00:20Z</time>
   </trkpt>
   <trkpt lat="51.4724540" lon="-0.2530580">
    <ele>4.2</ele>
    <time>2026-06-19T19:00:21Z</time>
   </trkpt>
   <trkpt lat="51.4724460" lon="-0.2530620">
    <ele>4.2</ele>
    <time>2026-06-19T19:00:22Z</time>
   </trkpt>
   <trkpt lat="51.4724390" lon="-0.2530720">
    <ele>4.2</ele>
    <time>2026-06-19T19:00:23Z</time>
   </trkpt>
   <trkpt lat="51.4724280" lon="-0.2530810">
    <ele>4.2</ele>
    <time>2026-06-19T19:00:24Z</time>
   </trkpt>
   <trkpt lat="51.4724180" lon="-0.2530890">
    <ele>4.1</ele>
    <time>2026-06-19T19:00:25Z</time>
   </trkpt>
   <trkpt lat="51.4724110" lon="-0.2531040">
    <ele>4.1</ele>
    <time>2026-06-19T19:00:26Z</time>
   </trkpt>
   <trkpt lat="51.4724000" lon="-0.2531130">
    <ele>4.1</ele>
    <time>2026-06-19T19:00:27Z</time>
   </trkpt>
   <trkpt lat="51.4723880" lon="-0.2531300">
    <ele>4.1</ele>
    <time>2026-06-19T19:00:28Z</time>
   </trkpt>
   <trkpt lat="51.4723780" lon="-0.2531330">
    <ele>4.1</ele>
    <time>2026-06-19T19:00:29Z</time>
   </trkpt>
   <trkpt lat="51.4723720" lon="-0.2531410">
    <ele>4.0</ele>
    <time>2026-06-19T19:00:30Z</time>
   </trkpt>
   <trkpt lat="51.4723670" lon="-0.2531520">
    <ele>4.0</ele>
    <time>2026-06-19T19:00:31Z</time>
   </trkpt>
   <trkpt lat="51.4723660" lon="-0.2531690">
    <ele>4.0</ele>
    <time>2026-06-19T19:00:32Z</time>
   </trkpt>
   <trkpt lat="51.4723620" lon="-0.2531860">
    <ele>4.0</ele>
    <time>2026-06-19T19:00:33Z</time>
   </trkpt>
   <trkpt lat="51.4723550" lon="-0.2532010">
    <ele>4.0</ele>
    <time>2026-06-19T19:00:34Z</time>
   </trkpt>
   <trkpt lat="51.4723500" lon="-0.2532120">
    <ele>3.9</ele>
    <time>2026-06-19T19:00:35Z</time>
   </trkpt>
   <trkpt lat="51.4723460" lon="-0.2532210">
    <ele>3.9</ele>
    <time>2026-06-19T19:00:36Z</time>
   </trkpt>
   <trkpt lat="51.4723330" lon="-0.2532350">
    <ele>3.9</ele>
    <time>2026-06-19T19:00:37Z</time>
   </trkpt>
   <trkpt lat="51.4723240" lon="-0.2532460">
    <ele>3.9</ele>
    <time>2026-06-19T19:00:38Z</time>
   </trkpt>
   <trkpt lat="51.4723080" lon="-0.2532550">
    <ele>3.9</ele>
    <time>2026-06-19T19:00:39Z</time>
   </trkpt>
   <trkpt lat="51.4722960" lon="-0.2532750">
    <ele>3.8</ele>
    <time>2026-06-19T19:00:40Z</time>
   </trkpt>
   <trkpt lat="51.4722830" lon="-0.2532990">
    <ele>3.8</ele>
    <time>2026-06-19T19:00:41Z</time>
   </trkpt>
   <trkpt lat="51.4722770" lon="-0.2533030">
    <ele>3.8</ele>
    <time>2026-06-19T19:00:42Z</time>
   </trkpt>
   <trkpt lat="51.4722710" lon="-0.2533070">
    <ele>3.8</ele>
    <time>2026-06-19T19:00:43Z</time>
   </trkpt>
   <trkpt lat="51.4722650" lon="-0.2533110">
    <ele>3.8</ele>
    <time>2026-06-19T19:00:44Z</time>
   </trkpt>
   <trkpt lat="51.4722530" lon="-0.2533150">
    <ele>3.8</ele>
    <time>2026-06-19T19:00:45Z</time>
   </trkpt>
   <trkpt lat="51.4722440" lon="-0.2533160">
    <ele>3.8</ele>
    <time>2026-06-19T19:00:46Z</time>
   </trkpt>
   <trkpt lat="51.4722370" lon="-0.2533210">
    <ele>3.8</ele>
    <time>2026-06-19T19:00:47Z</time>
   </trkpt>
   <trkpt lat="51.4722240" lon="-0.2533420">
    <ele>3.8</ele>
    <time>2026-06-19T19:00:48Z</time>
   </trkpt>
   <trkpt lat="51.4722160" lon="-0.2533540">
    <ele>3.8</ele>
    <time>2026-06-19T19:00:49Z</time>
   </trkpt>
   <trkpt lat="51.4722080" lon="-0.2533650">
    <ele>3.8</ele>
    <time>2026-06-19T19:00:50Z</time>
   </trkpt>
   <trkpt lat="51.4721970" lon="-0.2533820">
    <ele>3.8</ele>
    <time>2026-06-19T19:00:51Z</time>
   </trkpt>
   <trkpt lat="51.4721860" lon="-0.2534010">
    <ele>3.8</ele>
    <time>2026-06-19T19:00:52Z</time>
   </trkpt>
   <trkpt lat="51.4721720" lon="-0.2534280">
    <ele>3.8</ele>
    <time>2026-06-19T19:00:53Z</time>
   </trkpt>
   <trkpt lat="51.4721660" lon="-0.2534410">
    <ele>3.8</ele>
    <time>2026-06-19T19:00:54Z</time>
   </trkpt>
   <trkpt lat="51.4721590" lon="-0.2534540">
    <ele>3.8</ele>
    <time>2026-06-19T19:00:55Z</time>
   </trkpt>
   <trkpt lat="51.4721510" lon="-0.2534740">
    <ele>3.8</ele>
    <time>2026-06-19T19:00:56Z</time>
   </trkpt>
   <trkpt lat="51.4721400" lon="-0.2534950">
    <ele>3.9</ele>
    <time>2026-06-19T19:00:57Z</time>
   </trkpt>
   <trkpt lat="51.4721290" lon="-0.2535100">
    <ele>3.9</ele>
    <time>2026-06-19T19:00:58Z</time>
   </trkpt>
   <trkpt lat="51.4721180" lon="-0.2535210">
    <ele>3.9</ele>
    <time>2026-06-19T19:00:59Z</time>
   </trkpt>
   <trkpt lat="51.4721020" lon="-0.2535470">
    <ele>3.9</ele>
    <time>2026-06-19T19:01:00Z</time>
   </trkpt>
   <trkpt lat="51.4720960" lon="-0.2535570">
    <ele>3.9</ele>
    <time>2026-06-19T19:01:01Z</time>
   </trkpt>
   <trkpt lat="51.4720910" lon="-0.2535670">
    <ele>3.9</ele>
    <time>2026-06-19T19:01:02Z</time>
   </trkpt>
   <trkpt lat="51.4720850" lon="-0.2535800">
    <ele>3.9</ele>
    <time>2026-06-19T19:01:03Z</time>
   </trkpt>
   <trkpt lat="51.4720760" lon="-0.2535930">
    <ele>3.9</ele>
    <time>2026-06-19T19:01:04Z</time>
   </trkpt>
   <trkpt lat="51.4720700" lon="-0.2536050">
    <ele>3.9</ele>
    <time>2026-06-19T19:01:05Z</time>
   </trkpt>
   <trkpt lat="51.4720590" lon="-0.2536210">
    <ele>3.9</ele>
    <time>2026-06-19T19:01:06Z</time>
   </trkpt>
   <trkpt lat="51.4720490" lon="-0.2536330">
    <ele>3.9</ele>
    <time>2026-06-19T19:01:07Z</time>
   </trkpt>
   <trkpt lat="51.4720340" lon="-0.2536470">
    <ele>3.9</ele>
    <time>2026-06-19T19:01:08Z</time>
   </trkpt>
   <trkpt lat="51.4720240" lon="-0.2536580">
    <ele>3.9</ele>
    <time>2026-06-19T19:01:10Z</time>
   </trkpt>
   <trkpt lat="51.4720170" lon="-0.2536690">
    <ele>3.9</ele>
    <time>2026-06-19T19:01:11Z</time>
   </trkpt>
   <trkpt lat="51.4720120" lon="-0.2536820">
    <ele>3.9</ele>
    <time>2026-06-19T19:01:12Z</time>
   </trkpt>
   <trkpt lat="51.4720050" lon="-0.2537020">
    <ele>3.9</ele>
    <time>2026-06-19T19:01:13Z</time>
   </trkpt>
   <trkpt lat="51.4719950" lon="-0.2537240">
    <ele>3.9</ele>
    <time>2026-06-19T19:01:14Z</time>
   </trkpt>
   <trkpt lat="51.4719860" lon="-0.2537350">
    <ele>3.9</ele>
    <time>2026-06-19T19:01:15Z</time>
   </trkpt>
   <trkpt lat="51.4719760" lon="-0.2537620">
    <ele>3.9</ele>
    <time>2026-06-19T19:01:16Z</time>
   </trkpt>
   <trkpt lat="51.4719710" lon="-0.2537740">
    <ele>3.9</ele>
    <time>2026-06-19T19:01:17Z</time>
   </trkpt>
   <trkpt lat="51.4719670" lon="-0.2537850">
    <ele>3.9</ele>
    <time>2026-06-19T19:01:18Z</time>
   </trkpt>
   <trkpt lat="51.4719530" lon="-0.2538100">
    <ele>3.9</ele>
    <time>2026-06-19T19:01:19Z</time>
   </trkpt>
   <trkpt lat="51.4719470" lon="-0.2538200">
    <ele>3.9</ele>
    <time>2026-06-19T19:01:20Z</time>
   </trkpt>
   <trkpt lat="51.4719420" lon="-0.2538310">
    <ele>3.9</ele>
    <time>2026-06-19T19:01:21Z</time>
   </trkpt>
   <trkpt lat="51.4719300" lon="-0.2538470">
    <ele>3.9</ele>
    <time>2026-06-19T19:01:22Z</time>
   </trkpt>
   <trkpt lat="51.4719210" lon="-0.2538610">
    <ele>3.9</ele>
    <time>2026-06-19T19:01:23Z</time>
   </trkpt>
   <trkpt lat="51.4719050" lon="-0.2538910">
    <ele>3.9</ele>
    <time>2026-06-19T19:01:24Z</time>
   </trkpt>
   <trkpt lat="51.4718990" lon="-0.2539020">
    <ele>3.9</ele>
    <time>2026-06-19T19:01:25Z</time>
   </trkpt>
   <trkpt lat="51.4718910" lon="-0.2539170">
    <ele>3.9</ele>
    <time>2026-06-19T19:01:26Z</time>
   </trkpt>
   <trkpt lat="51.4718850" lon="-0.2539350">
    <ele>3.9</ele>
    <time>2026-06-19T19:01:27Z</time>
   </trkpt>
   <trkpt lat="51.4718780" lon="-0.2539490">
    <ele>3.9</ele>
    <time>2026-06-19T19:01:28Z</time>
   </trkpt>
   <trkpt lat="51.4718710" lon="-0.2539640">
    <ele>3.9</ele>
    <time>2026-06-19T19:01:29Z</time>
   </trkpt>
   <trkpt lat="51.4718680" lon="-0.2539730">
    <ele>3.9</ele>
    <time>2026-06-19T19:01:30Z</time>
   </trkpt>
   <trkpt lat="51.4718630" lon="-0.2539880">
    <ele>3.9</ele>
    <time>2026-06-19T19:01:31Z</time>
   </trkpt>
   <trkpt lat="51.4718540" lon="-0.2540020">
    <ele>3.9</ele>
    <time>2026-06-19T19:01:32Z</time>
   </trkpt>
   <trkpt lat="51.4718440" lon="-0.2540130">
    <ele>3.9</ele>
    <time>2026-06-19T19:01:33Z</time>
   </trkpt>
   <trkpt lat="51.4718380" lon="-0.2540240">
    <ele>3.9</ele>
    <time>2026-06-19T19:01:34Z</time>
   </trkpt>
   <trkpt lat="51.4718330" lon="-0.2540340">
    <ele>4.0</ele>
    <time>2026-06-19T19:01:35Z</time>
   </trkpt>
   <trkpt lat="51.4718220" lon="-0.2540500">
    <ele>4.0</ele>
    <time>2026-06-19T19:01:36Z</time>
   </trkpt>
   <trkpt lat="51.4718120" lon="-0.2540640">
    <ele>4.0</ele>
    <time>2026-06-19T19:01:37Z</time>
   </trkpt>
   <trkpt lat="51.4718080" lon="-0.2540780">
    <ele>4.0</ele>
    <time>2026-06-19T19:01:38Z</time>
   </trkpt>
   <trkpt lat="51.4718030" lon="-0.2540900">
    <ele>4.0</ele>
    <time>2026-06-19T19:01:39Z</time>
   </trkpt>
   <trkpt lat="51.4717950" lon="-0.2541090">
    <ele>4.0</ele>
    <time>2026-06-19T19:01:40Z</time>
   </trkpt>
   <trkpt lat="51.4717880" lon="-0.2541240">
    <ele>4.0</ele>
    <time>2026-06-19T19:01:41Z</time>
   </trkpt>
   <trkpt lat="51.4717800" lon="-0.2541370">
    <ele>4.0</ele>
    <time>2026-06-19T19:01:42Z</time>
   </trkpt>
   <trkpt lat="51.4717750" lon="-0.2541490">
    <ele>4.0</ele>
    <time>2026-06-19T19:01:43Z</time>
   </trkpt>
   <trkpt lat="51.4717580" lon="-0.2541760">
    <ele>4.0</ele>
    <time>2026-06-19T19:01:44Z</time>
   </trkpt>
   <trkpt lat="51.4717500" lon="-0.2541860">
    <ele>4.0</ele>
    <time>2026-06-19T19:01:45Z</time>
   </trkpt>
   <trkpt lat="51.4717430" lon="-0.2541970">
    <ele>4.0</ele>
    <time>2026-06-19T19:01:46Z</time>
   </trkpt>
   <trkpt lat="51.4717300" lon="-0.2542210">
    <ele>4.0</ele>
    <time>2026-06-19T19:01:47Z</time>
   </trkpt>
   <trkpt lat="51.4717250" lon="-0.2542310">
    <ele>4.0</ele>
    <time>2026-06-19T19:01:48Z</time>
   </trkpt>
   <trkpt lat="51.4717190" lon="-0.2542410">
    <ele>4.0</ele>
    <time>2026-06-19T19:01:49Z</time>
   </trkpt>
   <trkpt lat="51.4717080" lon="-0.2542550">
    <ele>4.0</ele>
    <time>2026-06-19T19:01:50Z</time>
   </trkpt>
   <trkpt lat="51.4717040" lon="-0.2542720">
    <ele>4.0</ele>
    <time>2026-06-19T19:01:51Z</time>
   </trkpt>
   <trkpt lat="51.4716970" lon="-0.2542820">
    <ele>4.0</ele>
    <time>2026-06-19T19:01:52Z</time>
   </trkpt>
   <trkpt lat="51.4716900" lon="-0.2542950">
    <ele>4.0</ele>
    <time>2026-06-19T19:01:53Z</time>
   </trkpt>
   <trkpt lat="51.4716830" lon="-0.2543110">
    <ele>4.0</ele>
    <time>2026-06-19T19:01:54Z</time>
   </trkpt>
   <trkpt lat="51.4716750" lon="-0.2543280">
    <ele>4.0</ele>
    <time>2026-06-19T19:01:55Z</time>
   </trkpt>
   <trkpt lat="51.4716690" lon="-0.2543450">
    <ele>4.0</ele>
    <time>2026-06-19T19:01:56Z</time>
   </trkpt>
   <trkpt lat="51.4716560" lon="-0.2543590">
    <ele>4.0</ele>
    <time>2026-06-19T19:01:57Z</time>
   </trkpt>
   <trkpt lat="51.4716430" lon="-0.2543860">
    <ele>4.0</ele>
    <time>2026-06-19T19:01:58Z</time>
   </trkpt>
   <trkpt lat="51.4716380" lon="-0.2543960">
    <ele>4.0</ele>
    <time>2026-06-19T19:01:59Z</time>
   </trkpt>
   <trkpt lat="51.4716320" lon="-0.2544070">
    <ele>4.0</ele>
    <time>2026-06-19T19:02:00Z</time>
   </trkpt>
   <trkpt lat="51.4716200" lon="-0.2544360">
    <ele>4.0</ele>
    <time>2026-06-19T19:02:01Z</time>
   </trkpt>
   <trkpt lat="51.4716150" lon="-0.2544490">
    <ele>4.0</ele>
    <time>2026-06-19T19:02:02Z</time>
   </trkpt>
   <trkpt lat="51.4716110" lon="-0.2544610">
    <ele>4.0</ele>
    <time>2026-06-19T19:02:03Z</time>
   </trkpt>
   <trkpt lat="51.4716030" lon="-0.2544820">
    <ele>4.0</ele>
    <time>2026-06-19T19:02:04Z</time>
   </trkpt>
   <trkpt lat="51.4715900" lon="-0.2544910">
    <ele>4.0</ele>
    <time>2026-06-19T19:02:05Z</time>
   </trkpt>
   <trkpt lat="51.4715800" lon="-0.2545180">
    <ele>4.0</ele>
    <time>2026-06-19T19:02:06Z</time>
   </trkpt>
   <trkpt lat="51.4715740" lon="-0.2545320">
    <ele>4.0</ele>
    <time>2026-06-19T19:02:07Z</time>
   </trkpt>
   <trkpt lat="51.4715680" lon="-0.2545450">
    <ele>4.0</ele>
    <time>2026-06-19T19:02:08Z</time>
   </trkpt>
   <trkpt lat="51.4715650" lon="-0.2545620">
    <ele>4.0</ele>
    <time>2026-06-19T19:02:09Z</time>
   </trkpt>
   <trkpt lat="51.4715580" lon="-0.2545740">
    <ele>4.0</ele>
    <time>2026-06-19T19:02:10Z</time>
   </trkpt>
   <trkpt lat="51.4715500" lon="-0.2545950">
    <ele>4.0</ele>
    <time>2026-06-19T19:02:11Z</time>
   </trkpt>
   <trkpt lat="51.4715420" lon="-0.2546090">
    <ele>4.1</ele>
    <time>2026-06-19T19:02:12Z</time>
   </trkpt>
   <trkpt lat="51.4715370" lon="-0.2546260">
    <ele>4.1</ele>
    <time>2026-06-19T19:02:13Z</time>
   </trkpt>
   <trkpt lat="51.4715300" lon="-0.2546410">
    <ele>4.1</ele>
    <time>2026-06-19T19:02:14Z</time>
   </trkpt>
   <trkpt lat="51.4715200" lon="-0.2546720">
    <ele>4.1</ele>
    <time>2026-06-19T19:02:15Z</time>
   </trkpt>
   <trkpt lat="51.4715150" lon="-0.2546830">
    <ele>4.1</ele>
    <time>2026-06-19T19:02:16Z</time>
   </trkpt>
   <trkpt lat="51.4715100" lon="-0.2546940">
    <ele>4.1</ele>
    <time>2026-06-19T19:02:17Z</time>
   </trkpt>
   <trkpt lat="51.4715010" lon="-0.2547120">
    <ele>4.1</ele>
    <time>2026-06-19T19:02:18Z</time>
   </trkpt>
   <trkpt lat="51.4714870" lon="-0.2547290">
    <ele>4.1</ele>
    <time>2026-06-19T19:02:19Z</time>
   </trkpt>
   <trkpt lat="51.4714780" lon="-0.2547350">
    <ele>4.1</ele>
    <time>2026-06-19T19:02:20Z</time>
   </trkpt>
   <trkpt lat="51.4714700" lon="-0.2547500">
    <ele>4.1</ele>
    <time>2026-06-19T19:02:21Z</time>
   </trkpt>
   <trkpt lat="51.4714650" lon="-0.2547650">
    <ele>4.1</ele>
    <time>2026-06-19T19:02:22Z</time>
   </trkpt>
   <trkpt lat="51.4714530" lon="-0.2547930">
    <ele>4.1</ele>
    <time>2026-06-19T19:02:23Z</time>
   </trkpt>
   <trkpt lat="51.4714490" lon="-0.2548060">
    <ele>4.1</ele>
    <time>2026-06-19T19:02:24Z</time>
   </trkpt>
   <trkpt lat="51.4714440" lon="-0.2548180">
    <ele>4.1</ele>
    <time>2026-06-19T19:02:25Z</time>
   </trkpt>
   <trkpt lat="51.4714380" lon="-0.2548360">
    <ele>4.1</ele>
    <time>2026-06-19T19:02:26Z</time>
   </trkpt>
   <trkpt lat="51.4714320" lon="-0.2548520">
    <ele>4.1</ele>
    <time>2026-06-19T19:02:27Z</time>
   </trkpt>
   <trkpt lat="51.4714260" lon="-0.2548680">
    <ele>4.1</ele>
    <time>2026-06-19T19:02:28Z</time>
   </trkpt>
   <trkpt lat="51.4714130" lon="-0.2548950">
    <ele>4.1</ele>
    <time>2026-06-19T19:02:29Z</time>
   </trkpt>
   <trkpt lat="51.4714090" lon="-0.2549070">
    <ele>4.1</ele>
    <time>2026-06-19T19:02:30Z</time>
   </trkpt>
   <trkpt lat="51.4714050" lon="-0.2549180">
    <ele>4.1</ele>
    <time>2026-06-19T19:02:31Z</time>
   </trkpt>
   <trkpt lat="51.4713920" lon="-0.2549490">
    <ele>4.1</ele>
    <time>2026-06-19T19:02:32Z</time>
   </trkpt>
   <trkpt lat="51.4713860" lon="-0.2549600">
    <ele>4.1</ele>
    <time>2026-06-19T19:02:33Z</time>
   </trkpt>
   <trkpt lat="51.4713810" lon="-0.2549720">
    <ele>4.1</ele>
    <time>2026-06-19T19:02:34Z</time>
   </trkpt>
   <trkpt lat="51.4713750" lon="-0.2549860">
    <ele>4.1</ele>
    <time>2026-06-19T19:02:35Z</time>
   </trkpt>
   <trkpt lat="51.4713670" lon="-0.2550020">
    <ele>4.1</ele>
    <time>2026-06-19T19:02:36Z</time>
   </trkpt>
   <trkpt lat="51.4713610" lon="-0.2550170">
    <ele>4.1</ele>
    <time>2026-06-19T19:02:37Z</time>
   </trkpt>
   <trkpt lat="51.4713580" lon="-0.2550350">
    <ele>4.1</ele>
    <time>2026-06-19T19:02:38Z</time>
   </trkpt>
   <trkpt lat="51.4713500" lon="-0.2550560">
    <ele>4.1</ele>
    <time>2026-06-19T19:02:39Z</time>
   </trkpt>
   <trkpt lat="51.4713430" lon="-0.2550730">
    <ele>4.1</ele>
    <time>2026-06-19T19:02:40Z</time>
   </trkpt>
   <trkpt lat="51.4713350" lon="-0.2550870">
    <ele>4.1</ele>
    <time>2026-06-19T19:02:41Z</time>
   </trkpt>
   <trkpt lat="51.4713290" lon="-0.2551010">
    <ele>4.1</ele>
    <time>2026-06-19T19:02:42Z</time>
   </trkpt>
   <trkpt lat="51.4713260" lon="-0.2551120">
    <ele>4.1</ele>
    <time>2026-06-19T19:02:43Z</time>
   </trkpt>
   <trkpt lat="51.4713170" lon="-0.2551310">
    <ele>4.1</ele>
    <time>2026-06-19T19:02:44Z</time>
   </trkpt>
   <trkpt lat="51.4713130" lon="-0.2551510">
    <ele>4.1</ele>
    <time>2026-06-19T19:02:45Z</time>
   </trkpt>
   <trkpt lat="51.4713070" lon="-0.2551820">
    <ele>4.1</ele>
    <time>2026-06-19T19:02:46Z</time>
   </trkpt>
   <trkpt lat="51.4713010" lon="-0.2551930">
    <ele>4.1</ele>
    <time>2026-06-19T19:02:47Z</time>
   </trkpt>
   <trkpt lat="51.4712960" lon="-0.2552040">
    <ele>4.1</ele>
    <time>2026-06-19T19:02:48Z</time>
   </trkpt>
   <trkpt lat="51.4712920" lon="-0.2552220">
    <ele>4.1</ele>
    <time>2026-06-19T19:02:49Z</time>
   </trkpt>
   <trkpt lat="51.4712850" lon="-0.2552330">
    <ele>4.1</ele>
    <time>2026-06-19T19:02:50Z</time>
   </trkpt>
   <trkpt lat="51.4712770" lon="-0.2552460">
    <ele>4.1</ele>
    <time>2026-06-19T19:02:51Z</time>
   </trkpt>
   <trkpt lat="51.4712650" lon="-0.2552740">
    <ele>4.0</ele>
    <time>2026-06-19T19:02:52Z</time>
   </trkpt>
   <trkpt lat="51.4712600" lon="-0.2552830">
    <ele>4.0</ele>
    <time>2026-06-19T19:02:53Z</time>
   </trkpt>
   <trkpt lat="51.4712550" lon="-0.2552930">
    <ele>4.0</ele>
    <time>2026-06-19T19:02:54Z</time>
   </trkpt>
   <trkpt lat="51.4712490" lon="-0.2553050">
    <ele>4.0</ele>
    <time>2026-06-19T19:02:55Z</time>
   </trkpt>
   <trkpt lat="51.4712450" lon="-0.2553160">
    <ele>4.0</ele>
    <time>2026-06-19T19:02:56Z</time>
   </trkpt>
   <trkpt lat="51.4712380" lon="-0.2553350">
    <ele>4.0</ele>
    <time>2026-06-19T19:02:57Z</time>
   </trkpt>
   <trkpt lat="51.4712320" lon="-0.2553470">
    <ele>4.0</ele>
    <time>2026-06-19T19:02:58Z</time>
   </trkpt>
   <trkpt lat="51.4712230" lon="-0.2553580">
    <ele>4.0</ele>
    <time>2026-06-19T19:02:59Z</time>
   </trkpt>
   <trkpt lat="51.4712150" lon="-0.2553670">
    <ele>4.0</ele>
    <time>2026-06-19T19:03:00Z</time>
   </trkpt>
   <trkpt lat="51.4711990" lon="-0.2553860">
    <ele>3.9</ele>
    <time>2026-06-19T19:03:01Z</time>
   </trkpt>
   <trkpt lat="51.4711930" lon="-0.2553940">
    <ele>3.9</ele>
    <time>2026-06-19T19:03:02Z</time>
   </trkpt>
   <trkpt lat="51.4711860" lon="-0.2554020">
    <ele>3.9</ele>
    <time>2026-06-19T19:03:03Z</time>
   </trkpt>
   <trkpt lat="51.4711810" lon="-0.2554090">
    <ele>3.9</ele>
    <time>2026-06-19T19:03:04Z</time>
   </trkpt>
   <trkpt lat="51.4711750" lon="-0.2554150">
    <ele>3.9</ele>
    <time>2026-06-19T19:03:05Z</time>
   </trkpt>
   <trkpt lat="51.4711730" lon="-0.2554180">
    <ele>3.9</ele>
    <time>2026-06-19T19:03:06Z</time>
   </trkpt>
   <trkpt lat="51.4711640" lon="-0.2554290">
    <ele>3.9</ele>
    <time>2026-06-19T19:03:07Z</time>
   </trkpt>
   <trkpt lat="51.4711550" lon="-0.2554360">
    <ele>3.9</ele>
    <time>2026-06-19T19:03:08Z</time>
   </trkpt>
   <trkpt lat="51.4711430" lon="-0.2554390">
    <ele>4.0</ele>
    <time>2026-06-19T19:03:09Z</time>
   </trkpt>
   <trkpt lat="51.4711370" lon="-0.2554340">
    <ele>4.1</ele>
    <time>2026-06-19T19:03:10Z</time>
   </trkpt>
   <trkpt lat="51.4711310" lon="-0.2554410">
    <ele>4.1</ele>
    <time>2026-06-19T19:03:11Z</time>
   </trkpt>
   <trkpt lat="51.4711210" lon="-0.2554560">
    <ele>4.3</ele>
    <time>2026-06-19T19:03:12Z</time>
   </trkpt>
   <trkpt lat="51.4711140" lon="-0.2554760">
    <ele>4.4</ele>
    <time>2026-06-19T19:03:13Z</time>
   </trkpt>
   <trkpt lat="51.4711060" lon="-0.2554880">
    <ele>4.6</ele>
    <time>2026-06-19T19:03:14Z</time>
   </trkpt>
   <trkpt lat="51.4711010" lon="-0.2554980">
    <ele>4.6</ele>
    <time>2026-06-19T19:03:16Z</time>
   </trkpt>
   <trkpt lat="51.4710960" lon="-0.2555120">
    <ele>4.7</ele>
    <time>2026-06-19T19:03:17Z</time>
   </trkpt>
   <trkpt lat="51.4710830" lon="-0.2555350">
    <ele>5.0</ele>
    <time>2026-06-19T19:03:18Z</time>
   </trkpt>
   <trkpt lat="51.4710760" lon="-0.2555450">
    <ele>5.1</ele>
    <time>2026-06-19T19:03:19Z</time>
   </trkpt>
   <trkpt lat="51.4710680" lon="-0.2555550">
    <ele>5.3</ele>
    <time>2026-06-19T19:03:20Z</time>
   </trkpt>
   <trkpt lat="51.4710620" lon="-0.2555570">
    <ele>5.3</ele>
    <time>2026-06-19T19:03:22Z</time>
   </trkpt>
   <trkpt lat="51.4710480" lon="-0.2555660">
    <ele>5.5</ele>
    <time>2026-06-19T19:03:23Z</time>
   </trkpt>
   <trkpt lat="51.4710360" lon="-0.2555740">
    <ele>5.6</ele>
    <time>2026-06-19T19:03:24Z</time>
   </trkpt>
   <trkpt lat="51.4710270" lon="-0.2555810">
    <ele>5.6</ele>
    <time>2026-06-19T19:03:25Z</time>
   </trkpt>
   <trkpt lat="51.4710180" lon="-0.2555830">
    <ele>5.6</ele>
    <time>2026-06-19T19:03:26Z</time>
   </trkpt>
   <trkpt lat="51.4710110" lon="-0.2555900">
    <ele>5.7</ele>
    <time>2026-06-19T19:03:27Z</time>
   </trkpt>
   <trkpt lat="51.4710020" lon="-0.2555990">
    <ele>5.7</ele>
    <time>2026-06-19T19:03:28Z</time>
   </trkpt>
   <trkpt lat="51.4709870" lon="-0.2556130">
    <ele>5.7</ele>
    <time>2026-06-19T19:03:29Z</time>
   </trkpt>
   <trkpt lat="51.4709710" lon="-0.2556310">
    <ele>5.8</ele>
    <time>2026-06-19T19:03:30Z</time>
   </trkpt>
   <trkpt lat="51.4709570" lon="-0.2556380">
    <ele>5.8</ele>
    <time>2026-06-19T19:03:31Z</time>
   </trkpt>
   <trkpt lat="51.4709470" lon="-0.2556440">
    <ele>5.8</ele>
    <time>2026-06-19T19:03:32Z</time>
   </trkpt>
   <trkpt lat="51.4709380" lon="-0.2556570">
    <ele>5.8</ele>
    <time>2026-06-19T19:03:33Z</time>
   </trkpt>
   <trkpt lat="51.4709270" lon="-0.2556610">
    <ele>5.8</ele>
    <time>2026-06-19T19:03:34Z</time>
   </trkpt>
   <trkpt lat="51.4709140" lon="-0.2556860">
    <ele>5.9</ele>
    <time>2026-06-19T19:03:35Z</time>
   </trkpt>
   <trkpt lat="51.4709090" lon="-0.2557030">
    <ele>5.9</ele>
    <time>2026-06-19T19:03:36Z</time>
   </trkpt>
   <trkpt lat="51.4709050" lon="-0.2557200">
    <ele>5.9</ele>
    <time>2026-06-19T19:03:37Z</time>
   </trkpt>
   <trkpt lat="51.4708970" lon="-0.2557270">
    <ele>5.9</ele>
    <time>2026-06-19T19:03:38Z</time>
   </trkpt>
   <trkpt lat="51.4708840" lon="-0.2557350">
    <ele>6.0</ele>
    <time>2026-06-19T19:03:39Z</time>
   </trkpt>
   <trkpt lat="51.4708730" lon="-0.2557430">
    <ele>6.0</ele>
    <time>2026-06-19T19:03:40Z</time>
   </trkpt>
   <trkpt lat="51.4708580" lon="-0.2557430">
    <ele>6.0</ele>
    <time>2026-06-19T19:03:41Z</time>
   </trkpt>
   <trkpt lat="51.4708460" lon="-0.2557570">
    <ele>6.0</ele>
    <time>2026-06-19T19:03:42Z</time>
   </trkpt>
   <trkpt lat="51.4708390" lon="-0.2557780">
    <ele>6.0</ele>
    <time>2026-06-19T19:03:43Z</time>
   </trkpt>
   <trkpt lat="51.4708290" lon="-0.2558050">
    <ele>6.1</ele>
    <time>2026-06-19T19:03:44Z</time>
   </trkpt>
   <trkpt lat="51.4708220" lon="-0.2558350">
    <ele>6.1</ele>
    <time>2026-06-19T19:03:45Z</time>
   </trkpt>
   <trkpt lat="51.4708080" lon="-0.2558520">
    <ele>6.1</ele>
    <time>2026-06-19T19:03:46Z</time>
   </trkpt>
   <trkpt lat="51.4707960" lon="-0.2558660">
    <ele>6.2</ele>
    <time>2026-06-19T19:03:47Z</time>
   </trkpt>
   <trkpt lat="51.4707840" lon="-0.2558800">
    <ele>6.2</ele>
    <time>2026-06-19T19:03:48Z</time>
   </trkpt>
   <trkpt lat="51.4707730" lon="-0.2558960">
    <ele>6.2</ele>
    <time>2026-06-19T19:03:49Z</time>
   </trkpt>
   <trkpt lat="51.4707600" lon="-0.2559100">
    <ele>6.2</ele>
    <time>2026-06-19T19:03:50Z</time>
   </trkpt>
   <trkpt lat="51.4707470" lon="-0.2559210">
    <ele>6.3</ele>
    <time>2026-06-19T19:03:51Z</time>
   </trkpt>
   <trkpt lat="51.4707340" lon="-0.2559290">
    <ele>6.3</ele>
    <time>2026-06-19T19:03:52Z</time>
   </trkpt>
   <trkpt lat="51.4707200" lon="-0.2559420">
    <ele>6.3</ele>
    <time>2026-06-19T19:03:53Z</time>
   </trkpt>
   <trkpt lat="51.4707060" lon="-0.2559510">
    <ele>6.3</ele>
    <time>2026-06-19T19:03:54Z</time>
   </trkpt>
   <trkpt lat="51.4706920" lon="-0.2559570">
    <ele>6.4</ele>
    <time>2026-06-19T19:03:55Z</time>
   </trkpt>
   <trkpt lat="51.4706790" lon="-0.2559660">
    <ele>6.4</ele>
    <time>2026-06-19T19:03:56Z</time>
   </trkpt>
   <trkpt lat="51.4706660" lon="-0.2559810">
    <ele>6.4</ele>
    <time>2026-06-19T19:03:57Z</time>
   </trkpt>
   <trkpt lat="51.4706540" lon="-0.2559940">
    <ele>6.4</ele>
    <time>2026-06-19T19:03:58Z</time>
   </trkpt>
   <trkpt lat="51.4706440" lon="-0.2560070">
    <ele>6.4</ele>
    <time>2026-06-19T19:03:59Z</time>
   </trkpt>
   <trkpt lat="51.4706340" lon="-0.2560230">
    <ele>6.4</ele>
    <time>2026-06-19T19:04:00Z</time>
   </trkpt>
   <trkpt lat="51.4706210" lon="-0.2560340">
    <ele>6.4</ele>
    <time>2026-06-19T19:04:01Z</time>
   </trkpt>
   <trkpt lat="51.4706110" lon="-0.2560450">
    <ele>6.4</ele>
    <time>2026-06-19T19:04:02Z</time>
   </trkpt>
   <trkpt lat="51.4706020" lon="-0.2560630">
    <ele>6.4</ele>
    <time>2026-06-19T19:04:03Z</time>
   </trkpt>
   <trkpt lat="51.4705970" lon="-0.2560870">
    <ele>6.4</ele>
    <time>2026-06-19T19:04:04Z</time>
   </trkpt>
   <trkpt lat="51.4705830" lon="-0.2561140">
    <ele>6.4</ele>
    <time>2026-06-19T19:04:05Z</time>
   </trkpt>
   <trkpt lat="51.4705790" lon="-0.2561270">
    <ele>6.4</ele>
    <time>2026-06-19T19:04:06Z</time>
   </trkpt>
   <trkpt lat="51.4705750" lon="-0.2561390">
    <ele>6.4</ele>
    <time>2026-06-19T19:04:07Z</time>
   </trkpt>
   <trkpt lat="51.4705730" lon="-0.2561590">
    <ele>6.4</ele>
    <time>2026-06-19T19:04:08Z</time>
   </trkpt>
   <trkpt lat="51.4705670" lon="-0.2561750">
    <ele>6.4</ele>
    <time>2026-06-19T19:04:09Z</time>
   </trkpt>
   <trkpt lat="51.4705570" lon="-0.2561890">
    <ele>6.4</ele>
    <time>2026-06-19T19:04:10Z</time>
   </trkpt>
   <trkpt lat="51.4705520" lon="-0.2562100">
    <ele>6.4</ele>
    <time>2026-06-19T19:04:11Z</time>
   </trkpt>
   <trkpt lat="51.4705490" lon="-0.2562320">
    <ele>6.5</ele>
    <time>2026-06-19T19:04:12Z</time>
   </trkpt>
   <trkpt lat="51.4705470" lon="-0.2562550">
    <ele>6.5</ele>
    <time>2026-06-19T19:04:13Z</time>
   </trkpt>
   <trkpt lat="51.4705410" lon="-0.2562760">
    <ele>6.5</ele>
    <time>2026-06-19T19:04:14Z</time>
   </trkpt>
   <trkpt lat="51.4705330" lon="-0.2563080">
    <ele>6.5</ele>
    <time>2026-06-19T19:04:15Z</time>
   </trkpt>
   <trkpt lat="51.4705300" lon="-0.2563200">
    <ele>6.5</ele>
    <time>2026-06-19T19:04:16Z</time>
   </trkpt>
   <trkpt lat="51.4705270" lon="-0.2563330">
    <ele>6.5</ele>
    <time>2026-06-19T19:04:17Z</time>
   </trkpt>
   <trkpt lat="51.4705250" lon="-0.2563580">
    <ele>6.5</ele>
    <time>2026-06-19T19:04:18Z</time>
   </trkpt>
   <trkpt lat="51.4705180" lon="-0.2563780">
    <ele>6.5</ele>
    <time>2026-06-19T19:04:19Z</time>
   </trkpt>
   <trkpt lat="51.4705080" lon="-0.2563980">
    <ele>6.5</ele>
    <time>2026-06-19T19:04:20Z</time>
   </trkpt>
   <trkpt lat="51.4704990" lon="-0.2564190">
    <ele>6.5</ele>
    <time>2026-06-19T19:04:21Z</time>
   </trkpt>
   <trkpt lat="51.4704930" lon="-0.2564530">
    <ele>6.5</ele>
    <time>2026-06-19T19:04:22Z</time>
   </trkpt>
   <trkpt lat="51.4704910" lon="-0.2564680">
    <ele>6.5</ele>
    <time>2026-06-19T19:04:23Z</time>
   </trkpt>
   <trkpt lat="51.4704890" lon="-0.2564820">
    <ele>6.5</ele>
    <time>2026-06-19T19:04:24Z</time>
   </trkpt>
   <trkpt lat="51.4704820" lon="-0.2565110">
    <ele>6.5</ele>
    <time>2026-06-19T19:04:25Z</time>
   </trkpt>
   <trkpt lat="51.4704780" lon="-0.2565240">
    <ele>6.5</ele>
    <time>2026-06-19T19:04:26Z</time>
   </trkpt>
   <trkpt lat="51.4704740" lon="-0.2565360">
    <ele>6.5</ele>
    <time>2026-06-19T19:04:27Z</time>
   </trkpt>
   <trkpt lat="51.4704700" lon="-0.2565570">
    <ele>6.5</ele>
    <time>2026-06-19T19:04:28Z</time>
   </trkpt>
   <trkpt lat="51.4704630" lon="-0.2565800">
    <ele>6.4</ele>
    <time>2026-06-19T19:04:29Z</time>
   </trkpt>
   <trkpt lat="51.4704530" lon="-0.2565960">
    <ele>6.4</ele>
    <time>2026-06-19T19:04:30Z</time>
   </trkpt>
   <trkpt lat="51.4704430" lon="-0.2566100">
    <ele>6.4</ele>
    <time>2026-06-19T19:04:31Z</time>
   </trkpt>
   <trkpt lat="51.4704290" lon="-0.2566380">
    <ele>6.4</ele>
    <time>2026-06-19T19:04:32Z</time>
   </trkpt>
   <trkpt lat="51.4704220" lon="-0.2566480">
    <ele>6.4</ele>
    <time>2026-06-19T19:04:33Z</time>
   </trkpt>
   <trkpt lat="51.4704160" lon="-0.2566590">
    <ele>6.4</ele>
    <time>2026-06-19T19:04:34Z</time>
   </trkpt>
   <trkpt lat="51.4704030" lon="-0.2566830">
    <ele>6.4</ele>
    <time>2026-06-19T19:04:35Z</time>
   </trkpt>
   <trkpt lat="51.4703980" lon="-0.2566930">
    <ele>6.4</ele>
    <time>2026-06-19T19:04:36Z</time>
   </trkpt>
   <trkpt lat="51.4703930" lon="-0.2567030">
    <ele>6.4</ele>
    <time>2026-06-19T19:04:37Z</time>
   </trkpt>
   <trkpt lat="51.4703860" lon="-0.2567170">
    <ele>6.4</ele>
    <time>2026-06-19T19:04:38Z</time>
   </trkpt>
   <trkpt lat="51.4703810" lon="-0.2567330">
    <ele>6.4</ele>
    <time>2026-06-19T19:04:39Z</time>
   </trkpt>
   <trkpt lat="51.4703760" lon="-0.2567510">
    <ele>6.4</ele>
    <time>2026-06-19T19:04:40Z</time>
   </trkpt>
   <trkpt lat="51.4703700" lon="-0.2567750">
    <ele>6.4</ele>
    <time>2026-06-19T19:04:41Z</time>
   </trkpt>
   <trkpt lat="51.4703650" lon="-0.2568000">
    <ele>6.4</ele>
    <time>2026-06-19T19:04:42Z</time>
   </trkpt>
   <trkpt lat="51.4703540" lon="-0.2568190">
    <ele>6.4</ele>
    <time>2026-06-19T19:04:43Z</time>
   </trkpt>
   <trkpt lat="51.4703470" lon="-0.2568400">
    <ele>6.4</ele>
    <time>2026-06-19T19:04:44Z</time>
   </trkpt>
   <trkpt lat="51.4703380" lon="-0.2568530">
    <ele>6.4</ele>
    <time>2026-06-19T19:04:45Z</time>
   </trkpt>
   <trkpt lat="51.4703340" lon="-0.2568720">
    <ele>6.4</ele>
    <time>2026-06-19T19:04:46Z</time>
   </trkpt>
   <trkpt lat="51.4703370" lon="-0.2568940">
    <ele>6.4</ele>
    <time>2026-06-19T19:04:47Z</time>
   </trkpt>
   <trkpt lat="51.4703390" lon="-0.2569360">
    <ele>6.4</ele>
    <time>2026-06-19T19:04:48Z</time>
   </trkpt>
   <trkpt lat="51.4703420" lon="-0.2569550">
    <ele>6.4</ele>
    <time>2026-06-19T19:04:49Z</time>
   </trkpt>
   <trkpt lat="51.4703440" lon="-0.2569840">
    <ele>6.4</ele>
    <time>2026-06-19T19:04:50Z</time>
   </trkpt>
   <trkpt lat="51.4703390" lon="-0.2570030">
    <ele>6.3</ele>
    <time>2026-06-19T19:04:51Z</time>
   </trkpt>
   <trkpt lat="51.4703360" lon="-0.2570360">
    <ele>6.3</ele>
    <time>2026-06-19T19:04:52Z</time>
   </trkpt>
   <trkpt lat="51.4703330" lon="-0.2570480">
    <ele>6.3</ele>
    <time>2026-06-19T19:04:53Z</time>
   </trkpt>
   <trkpt lat="51.4703290" lon="-0.2570610">
    <ele>6.3</ele>
    <time>2026-06-19T19:04:54Z</time>
   </trkpt>
   <trkpt lat="51.4703180" lon="-0.2570940">
    <ele>6.3</ele>
    <time>2026-06-19T19:04:55Z</time>
   </trkpt>
   <trkpt lat="51.4703140" lon="-0.2571060">
    <ele>6.3</ele>
    <time>2026-06-19T19:04:56Z</time>
   </trkpt>
   <trkpt lat="51.4703090" lon="-0.2571170">
    <ele>6.3</ele>
    <time>2026-06-19T19:04:57Z</time>
   </trkpt>
   <trkpt lat="51.4703010" lon="-0.2571360">
    <ele>6.3</ele>
    <time>2026-06-19T19:04:58Z</time>
   </trkpt>
   <trkpt lat="51.4702920" lon="-0.2571520">
    <ele>6.3</ele>
    <time>2026-06-19T19:04:59Z</time>
   </trkpt>
   <trkpt lat="51.4702870" lon="-0.2571710">
    <ele>6.3</ele>
    <time>2026-06-19T19:05:00Z</time>
   </trkpt>
   <trkpt lat="51.4702810" lon="-0.2571920">
    <ele>6.3</ele>
    <time>2026-06-19T19:05:01Z</time>
   </trkpt>
   <trkpt lat="51.4702760" lon="-0.2572160">
    <ele>6.3</ele>
    <time>2026-06-19T19:05:02Z</time>
   </trkpt>
   <trkpt lat="51.4702750" lon="-0.2572390">
    <ele>6.2</ele>
    <time>2026-06-19T19:05:03Z</time>
   </trkpt>
   <trkpt lat="51.4702730" lon="-0.2572630">
    <ele>6.2</ele>
    <time>2026-06-19T19:05:04Z</time>
   </trkpt>
   <trkpt lat="51.4702720" lon="-0.2572840">
    <ele>6.2</ele>
    <time>2026-06-19T19:05:05Z</time>
   </trkpt>
   <trkpt lat="51.4702700" lon="-0.2573080">
    <ele>6.2</ele>
    <time>2026-06-19T19:05:06Z</time>
   </trkpt>
   <trkpt lat="51.4702670" lon="-0.2573300">
    <ele>6.2</ele>
    <time>2026-06-19T19:05:07Z</time>
   </trkpt>
   <trkpt lat="51.4702640" lon="-0.2573490">
    <ele>6.2</ele>
    <time>2026-06-19T19:05:08Z</time>
   </trkpt>
   <trkpt lat="51.4702580" lon="-0.2573700">
    <ele>6.2</ele>
    <time>2026-06-19T19:05:09Z</time>
   </trkpt>
   <trkpt lat="51.4702470" lon="-0.2574010">
    <ele>6.2</ele>
    <time>2026-06-19T19:05:10Z</time>
   </trkpt>
   <trkpt lat="51.4702440" lon="-0.2574150">
    <ele>6.2</ele>
    <time>2026-06-19T19:05:11Z</time>
   </trkpt>
   <trkpt lat="51.4702410" lon="-0.2574290">
    <ele>6.1</ele>
    <time>2026-06-19T19:05:12Z</time>
   </trkpt>
   <trkpt lat="51.4702320" lon="-0.2574460">
    <ele>6.1</ele>
    <time>2026-06-19T19:05:13Z</time>
   </trkpt>
   <trkpt lat="51.4702270" lon="-0.2574680">
    <ele>6.1</ele>
    <time>2026-06-19T19:05:14Z</time>
   </trkpt>
   <trkpt lat="51.4702220" lon="-0.2574890">
    <ele>6.1</ele>
    <time>2026-06-19T19:05:15Z</time>
   </trkpt>
   <trkpt lat="51.4702210" lon="-0.2575180">
    <ele>6.1</ele>
    <time>2026-06-19T19:05:16Z</time>
   </trkpt>
   <trkpt lat="51.4702190" lon="-0.2575380">
    <ele>6.1</ele>
    <time>2026-06-19T19:05:17Z</time>
   </trkpt>
   <trkpt lat="51.4702120" lon="-0.2575610">
    <ele>6.1</ele>
    <time>2026-06-19T19:05:18Z</time>
   </trkpt>
   <trkpt lat="51.4702020" lon="-0.2575830">
    <ele>6.1</ele>
    <time>2026-06-19T19:05:19Z</time>
   </trkpt>
   <trkpt lat="51.4701910" lon="-0.2576010">
    <ele>6.0</ele>
    <time>2026-06-19T19:05:20Z</time>
   </trkpt>
   <trkpt lat="51.4701810" lon="-0.2576170">
    <ele>6.0</ele>
    <time>2026-06-19T19:05:21Z</time>
   </trkpt>
   <trkpt lat="51.4701760" lon="-0.2576340">
    <ele>6.0</ele>
    <time>2026-06-19T19:05:22Z</time>
   </trkpt>
   <trkpt lat="51.4701720" lon="-0.2576500">
    <ele>6.0</ele>
    <time>2026-06-19T19:05:23Z</time>
   </trkpt>
   <trkpt lat="51.4701630" lon="-0.2576800">
    <ele>6.0</ele>
    <time>2026-06-19T19:05:24Z</time>
   </trkpt>
   <trkpt lat="51.4701600" lon="-0.2576930">
    <ele>6.0</ele>
    <time>2026-06-19T19:05:25Z</time>
   </trkpt>
   <trkpt lat="51.4701560" lon="-0.2577070">
    <ele>6.0</ele>
    <time>2026-06-19T19:05:26Z</time>
   </trkpt>
   <trkpt lat="51.4701580" lon="-0.2577310">
    <ele>6.0</ele>
    <time>2026-06-19T19:05:27Z</time>
   </trkpt>
   <trkpt lat="51.4701590" lon="-0.2577520">
    <ele>5.9</ele>
    <time>2026-06-19T19:05:28Z</time>
   </trkpt>
   <trkpt lat="51.4701600" lon="-0.2577740">
    <ele>5.9</ele>
    <time>2026-06-19T19:05:29Z</time>
   </trkpt>
   <trkpt lat="51.4701630" lon="-0.2577940">
    <ele>5.9</ele>
    <time>2026-06-19T19:05:30Z</time>
   </trkpt>
   <trkpt lat="51.4701620" lon="-0.2578160">
    <ele>5.9</ele>
    <time>2026-06-19T19:05:31Z</time>
   </trkpt>
   <trkpt lat="51.4701670" lon="-0.2578420">
    <ele>5.9</ele>
    <time>2026-06-19T19:05:32Z</time>
   </trkpt>
   <trkpt lat="51.4701710" lon="-0.2578670">
    <ele>5.9</ele>
    <time>2026-06-19T19:05:33Z</time>
   </trkpt>
   <trkpt lat="51.4701770" lon="-0.2578880">
    <ele>5.9</ele>
    <time>2026-06-19T19:05:34Z</time>
   </trkpt>
   <trkpt lat="51.4701760" lon="-0.2579100">
    <ele>5.9</ele>
    <time>2026-06-19T19:05:35Z</time>
   </trkpt>
   <trkpt lat="51.4701750" lon="-0.2579320">
    <ele>5.8</ele>
    <time>2026-06-19T19:05:36Z</time>
   </trkpt>
   <trkpt lat="51.4701690" lon="-0.2579530">
    <ele>5.8</ele>
    <time>2026-06-19T19:05:37Z</time>
   </trkpt>
   <trkpt lat="51.4701650" lon="-0.2579750">
    <ele>5.8</ele>
    <time>2026-06-19T19:05:38Z</time>
   </trkpt>
   <trkpt lat="51.4701590" lon="-0.2579940">
    <ele>5.8</ele>
    <time>2026-06-19T19:05:39Z</time>
   </trkpt>
   <trkpt lat="51.4701520" lon="-0.2580150">
    <ele>5.8</ele>
    <time>2026-06-19T19:05:40Z</time>
   </trkpt>
   <trkpt lat="51.4701500" lon="-0.2580400">
    <ele>5.8</ele>
    <time>2026-06-19T19:05:41Z</time>
   </trkpt>
   <trkpt lat="51.4701500" lon="-0.2580610">
    <ele>5.8</ele>
    <time>2026-06-19T19:05:42Z</time>
   </trkpt>
   <trkpt lat="51.4701500" lon="-0.2580850">
    <ele>5.8</ele>
    <time>2026-06-19T19:05:43Z</time>
   </trkpt>
   <trkpt lat="51.4701450" lon="-0.2581100">
    <ele>5.8</ele>
    <time>2026-06-19T19:05:44Z</time>
   </trkpt>
   <trkpt lat="51.4701480" lon="-0.2581360">
    <ele>5.8</ele>
    <time>2026-06-19T19:05:45Z</time>
   </trkpt>
   <trkpt lat="51.4701500" lon="-0.2581640">
    <ele>5.7</ele>
    <time>2026-06-19T19:05:46Z</time>
   </trkpt>
   <trkpt lat="51.4701510" lon="-0.2581870">
    <ele>5.7</ele>
    <time>2026-06-19T19:05:47Z</time>
   </trkpt>
   <trkpt lat="51.4701510" lon="-0.2582120">
    <ele>5.7</ele>
    <time>2026-06-19T19:05:48Z</time>
   </trkpt>
   <trkpt lat="51.4701460" lon="-0.2582340">
    <ele>5.7</ele>
    <time>2026-06-19T19:05:49Z</time>
   </trkpt>
   <trkpt lat="51.4701420" lon="-0.2582540">
    <ele>5.7</ele>
    <time>2026-06-19T19:05:50Z</time>
   </trkpt>
   <trkpt lat="51.4701440" lon="-0.2582770">
    <ele>5.7</ele>
    <time>2026-06-19T19:05:51Z</time>
   </trkpt>
   <trkpt lat="51.4701340" lon="-0.2582960">
    <ele>5.7</ele>
    <time>2026-06-19T19:05:52Z</time>
   </trkpt>
   <trkpt lat="51.4701240" lon="-0.2583120">
    <ele>5.7</ele>
    <time>2026-06-19T19:05:53Z</time>
   </trkpt>
   <trkpt lat="51.4701110" lon="-0.2583270">
    <ele>5.7</ele>
    <time>2026-06-19T19:05:54Z</time>
   </trkpt>
   <trkpt lat="51.4701010" lon="-0.2583430">
    <ele>5.7</ele>
    <time>2026-06-19T19:05:55Z</time>
   </trkpt>
   <trkpt lat="51.4700920" lon="-0.2583620">
    <ele>5.7</ele>
    <time>2026-06-19T19:05:56Z</time>
   </trkpt>
   <trkpt lat="51.4700760" lon="-0.2583700">
    <ele>5.6</ele>
    <time>2026-06-19T19:05:57Z</time>
   </trkpt>
   <trkpt lat="51.4700690" lon="-0.2583910">
    <ele>5.6</ele>
    <time>2026-06-19T19:05:58Z</time>
   </trkpt>
   <trkpt lat="51.4700620" lon="-0.2584170">
    <ele>5.6</ele>
    <time>2026-06-19T19:05:59Z</time>
   </trkpt>
   <trkpt lat="51.4700570" lon="-0.2584380">
    <ele>5.6</ele>
    <time>2026-06-19T19:06:00Z</time>
   </trkpt>
   <trkpt lat="51.4700510" lon="-0.2584650">
    <ele>5.6</ele>
    <time>2026-06-19T19:06:01Z</time>
   </trkpt>
   <trkpt lat="51.4700460" lon="-0.2584900">
    <ele>5.6</ele>
    <time>2026-06-19T19:06:02Z</time>
   </trkpt>
   <trkpt lat="51.4700360" lon="-0.2585160">
    <ele>5.6</ele>
    <time>2026-06-19T19:06:03Z</time>
   </trkpt>
   <trkpt lat="51.4700320" lon="-0.2585350">
    <ele>5.6</ele>
    <time>2026-06-19T19:06:04Z</time>
   </trkpt>
   <trkpt lat="51.4700220" lon="-0.2585560">
    <ele>5.6</ele>
    <time>2026-06-19T19:06:05Z</time>
   </trkpt>
   <trkpt lat="51.4700200" lon="-0.2585800">
    <ele>5.6</ele>
    <time>2026-06-19T19:06:06Z</time>
   </trkpt>
   <trkpt lat="51.4700150" lon="-0.2586020">
    <ele>5.5</ele>
    <time>2026-06-19T19:06:07Z</time>
   </trkpt>
   <trkpt lat="51.4700150" lon="-0.2586260">
    <ele>5.5</ele>
    <time>2026-06-19T19:06:08Z</time>
   </trkpt>
   <trkpt lat="51.4700150" lon="-0.2586490">
    <ele>5.5</ele>
    <time>2026-06-19T19:06:09Z</time>
   </trkpt>
   <trkpt lat="51.4700090" lon="-0.2586710">
    <ele>5.5</ele>
    <time>2026-06-19T19:06:10Z</time>
   </trkpt>
   <trkpt lat="51.4700060" lon="-0.2586950">
    <ele>5.5</ele>
    <time>2026-06-19T19:06:11Z</time>
   </trkpt>
   <trkpt lat="51.4700020" lon="-0.2587140">
    <ele>5.5</ele>
    <time>2026-06-19T19:06:12Z</time>
   </trkpt>
   <trkpt lat="51.4700020" lon="-0.2587390">
    <ele>5.5</ele>
    <time>2026-06-19T19:06:13Z</time>
   </trkpt>
   <trkpt lat="51.4700030" lon="-0.2587600">
    <ele>5.5</ele>
    <time>2026-06-19T19:06:14Z</time>
   </trkpt>
   <trkpt lat="51.4700010" lon="-0.2587810">
    <ele>5.5</ele>
    <time>2026-06-19T19:06:15Z</time>
   </trkpt>
   <trkpt lat="51.4700040" lon="-0.2588050">
    <ele>5.5</ele>
    <time>2026-06-19T19:06:16Z</time>
   </trkpt>
   <trkpt lat="51.4700040" lon="-0.2588390">
    <ele>5.5</ele>
    <time>2026-06-19T19:06:17Z</time>
   </trkpt>
   <trkpt lat="51.4700040" lon="-0.2588520">
    <ele>5.4</ele>
    <time>2026-06-19T19:06:18Z</time>
   </trkpt>
   <trkpt lat="51.4700050" lon="-0.2588660">
    <ele>5.4</ele>
    <time>2026-06-19T19:06:19Z</time>
   </trkpt>
   <trkpt lat="51.4699980" lon="-0.2588860">
    <ele>5.4</ele>
    <time>2026-06-19T19:06:20Z</time>
   </trkpt>
   <trkpt lat="51.4699910" lon="-0.2589040">
    <ele>5.4</ele>
    <time>2026-06-19T19:06:21Z</time>
   </trkpt>
   <trkpt lat="51.4699900" lon="-0.2589280">
    <ele>5.4</ele>
    <time>2026-06-19T19:06:22Z</time>
   </trkpt>
   <trkpt lat="51.4699880" lon="-0.2589540">
    <ele>5.4</ele>
    <time>2026-06-19T19:06:23Z</time>
   </trkpt>
   <trkpt lat="51.4699890" lon="-0.2589800">
    <ele>5.4</ele>
    <time>2026-06-19T19:06:24Z</time>
   </trkpt>
   <trkpt lat="51.4699850" lon="-0.2590030">
    <ele>5.4</ele>
    <time>2026-06-19T19:06:25Z</time>
   </trkpt>
   <trkpt lat="51.4699810" lon="-0.2590270">
    <ele>5.4</ele>
    <time>2026-06-19T19:06:26Z</time>
   </trkpt>
   <trkpt lat="51.4699780" lon="-0.2590480">
    <ele>5.4</ele>
    <time>2026-06-19T19:06:27Z</time>
   </trkpt>
   <trkpt lat="51.4699770" lon="-0.2590820">
    <ele>5.4</ele>
    <time>2026-06-19T19:06:28Z</time>
   </trkpt>
   <trkpt lat="51.4699760" lon="-0.2590970">
    <ele>5.4</ele>
    <time>2026-06-19T19:06:29Z</time>
   </trkpt>
   <trkpt lat="51.4699760" lon="-0.2591110">
    <ele>5.4</ele>
    <time>2026-06-19T19:06:30Z</time>
   </trkpt>
   <trkpt lat="51.4699720" lon="-0.2591440">
    <ele>5.4</ele>
    <time>2026-06-19T19:06:31Z</time>
   </trkpt>
   <trkpt lat="51.4699710" lon="-0.2591580">
    <ele>5.4</ele>
    <time>2026-06-19T19:06:32Z</time>
   </trkpt>
   <trkpt lat="51.4699690" lon="-0.2591720">
    <ele>5.4</ele>
    <time>2026-06-19T19:06:33Z</time>
   </trkpt>
   <trkpt lat="51.4699630" lon="-0.2591930">
    <ele>5.4</ele>
    <time>2026-06-19T19:06:34Z</time>
   </trkpt>
   <trkpt lat="51.4699630" lon="-0.2592170">
    <ele>5.4</ele>
    <time>2026-06-19T19:06:35Z</time>
   </trkpt>
   <trkpt lat="51.4699610" lon="-0.2592400">
    <ele>5.4</ele>
    <time>2026-06-19T19:06:36Z</time>
   </trkpt>
   <trkpt lat="51.4699590" lon="-0.2592610">
    <ele>5.4</ele>
    <time>2026-06-19T19:06:37Z</time>
   </trkpt>
   <trkpt lat="51.4699580" lon="-0.2592790">
    <ele>5.4</ele>
    <time>2026-06-19T19:06:38Z</time>
   </trkpt>
   <trkpt lat="51.4699570" lon="-0.2592970">
    <ele>5.4</ele>
    <time>2026-06-19T19:06:39Z</time>
   </trkpt>
   <trkpt lat="51.4699540" lon="-0.2593180">
    <ele>5.4</ele>
    <time>2026-06-19T19:06:40Z</time>
   </trkpt>
   <trkpt lat="51.4699500" lon="-0.2593510">
    <ele>5.4</ele>
    <time>2026-06-19T19:06:41Z</time>
   </trkpt>
   <trkpt lat="51.4699500" lon="-0.2593650">
    <ele>5.5</ele>
    <time>2026-06-19T19:06:42Z</time>
   </trkpt>
   <trkpt lat="51.4699510" lon="-0.2593780">
    <ele>5.5</ele>
    <time>2026-06-19T19:06:43Z</time>
   </trkpt>
   <trkpt lat="51.4699480" lon="-0.2593970">
    <ele>5.5</ele>
    <time>2026-06-19T19:06:44Z</time>
   </trkpt>
   <trkpt lat="51.4699450" lon="-0.2594160">
    <ele>5.5</ele>
    <time>2026-06-19T19:06:45Z</time>
   </trkpt>
   <trkpt lat="51.4699430" lon="-0.2594350">
    <ele>5.5</ele>
    <time>2026-06-19T19:06:46Z</time>
   </trkpt>
   <trkpt lat="51.4699400" lon="-0.2594600">
    <ele>5.5</ele>
    <time>2026-06-19T19:06:47Z</time>
   </trkpt>
   <trkpt lat="51.4699350" lon="-0.2594790">
    <ele>5.5</ele>
    <time>2026-06-19T19:06:48Z</time>
   </trkpt>
   <trkpt lat="51.4699310" lon="-0.2594990">
    <ele>5.5</ele>
    <time>2026-06-19T19:06:49Z</time>
   </trkpt>
   <trkpt lat="51.4699280" lon="-0.2595220">
    <ele>5.5</ele>
    <time>2026-06-19T19:06:50Z</time>
   </trkpt>
   <trkpt lat="51.4699250" lon="-0.2595570">
    <ele>5.5</ele>
    <time>2026-06-19T19:06:51Z</time>
   </trkpt>
   <trkpt lat="51.4699270" lon="-0.2595740">
    <ele>5.5</ele>
    <time>2026-06-19T19:06:52Z</time>
   </trkpt>
   <trkpt lat="51.4699280" lon="-0.2595900">
    <ele>5.5</ele>
    <time>2026-06-19T19:06:53Z</time>
   </trkpt>
   <trkpt lat="51.4699270" lon="-0.2596110">
    <ele>5.5</ele>
    <time>2026-06-19T19:06:54Z</time>
   </trkpt>
   <trkpt lat="51.4699310" lon="-0.2596390">
    <ele>5.5</ele>
    <time>2026-06-19T19:06:55Z</time>
   </trkpt>
   <trkpt lat="51.4699300" lon="-0.2596630">
    <ele>5.5</ele>
    <time>2026-06-19T19:06:56Z</time>
   </trkpt>
   <trkpt lat="51.4699250" lon="-0.2596840">
    <ele>5.5</ele>
    <time>2026-06-19T19:06:57Z</time>
   </trkpt>
   <trkpt lat="51.4699190" lon="-0.2597040">
    <ele>5.5</ele>
    <time>2026-06-19T19:06:58Z</time>
   </trkpt>
   <trkpt lat="51.4699150" lon="-0.2597250">
    <ele>5.5</ele>
    <time>2026-06-19T19:06:59Z</time>
   </trkpt>
   <trkpt lat="51.4699120" lon="-0.2597480">
    <ele>5.5</ele>
    <time>2026-06-19T19:07:00Z</time>
   </trkpt>
   <trkpt lat="51.4699070" lon="-0.2597680">
    <ele>5.5</ele>
    <time>2026-06-19T19:07:01Z</time>
   </trkpt>
   <trkpt lat="51.4699070" lon="-0.2597920">
    <ele>5.5</ele>
    <time>2026-06-19T19:07:02Z</time>
   </trkpt>
   <trkpt lat="51.4699050" lon="-0.2598160">
    <ele>5.5</ele>
    <time>2026-06-19T19:07:03Z</time>
   </trkpt>
   <trkpt lat="51.4699020" lon="-0.2598390">
    <ele>5.5</ele>
    <time>2026-06-19T19:07:04Z</time>
   </trkpt>
   <trkpt lat="51.4699080" lon="-0.2598660">
    <ele>5.5</ele>
    <time>2026-06-19T19:07:05Z</time>
   </trkpt>
   <trkpt lat="51.4699060" lon="-0.2598900">
    <ele>5.5</ele>
    <time>2026-06-19T19:07:06Z</time>
   </trkpt>
   <trkpt lat="51.4699030" lon="-0.2599130">
    <ele>5.5</ele>
    <time>2026-06-19T19:07:07Z</time>
   </trkpt>
   <trkpt lat="51.4699030" lon="-0.2599340">
    <ele>5.5</ele>
    <time>2026-06-19T19:07:08Z</time>
   </trkpt>
   <trkpt lat="51.4699000" lon="-0.2599560">
    <ele>5.6</ele>
    <time>2026-06-19T19:07:09Z</time>
   </trkpt>
   <trkpt lat="51.4698940" lon="-0.2599790">
    <ele>5.6</ele>
    <time>2026-06-19T19:07:10Z</time>
   </trkpt>
   <trkpt lat="51.4698910" lon="-0.2600060">
    <ele>5.6</ele>
    <time>2026-06-19T19:07:11Z</time>
   </trkpt>
   <trkpt lat="51.4698870" lon="-0.2600290">
    <ele>5.6</ele>
    <time>2026-06-19T19:07:12Z</time>
   </trkpt>
   <trkpt lat="51.4698840" lon="-0.2600520">
    <ele>5.6</ele>
    <time>2026-06-19T19:07:13Z</time>
   </trkpt>
   <trkpt lat="51.4698840" lon="-0.2600880">
    <ele>5.6</ele>
    <time>2026-06-19T19:07:14Z</time>
   </trkpt>
   <trkpt lat="51.4698850" lon="-0.2601020">
    <ele>5.6</ele>
    <time>2026-06-19T19:07:15Z</time>
   </trkpt>
   <trkpt lat="51.4698870" lon="-0.2601160">
    <ele>5.6</ele>
    <time>2026-06-19T19:07:16Z</time>
   </trkpt>
   <trkpt lat="51.4698860" lon="-0.2601410">
    <ele>5.6</ele>
    <time>2026-06-19T19:07:17Z</time>
   </trkpt>
   <trkpt lat="51.4698860" lon="-0.2601650">
    <ele>5.6</ele>
    <time>2026-06-19T19:07:18Z</time>
   </trkpt>
   <trkpt lat="51.4698870" lon="-0.2601880">
    <ele>5.6</ele>
    <time>2026-06-19T19:07:19Z</time>
   </trkpt>
   <trkpt lat="51.4698830" lon="-0.2602110">
    <ele>5.6</ele>
    <time>2026-06-19T19:07:20Z</time>
   </trkpt>
   <trkpt lat="51.4698810" lon="-0.2602470">
    <ele>5.6</ele>
    <time>2026-06-19T19:07:21Z</time>
   </trkpt>
   <trkpt lat="51.4698810" lon="-0.2602620">
    <ele>5.6</ele>
    <time>2026-06-19T19:07:22Z</time>
   </trkpt>
   <trkpt lat="51.4698820" lon="-0.2602780">
    <ele>5.6</ele>
    <time>2026-06-19T19:07:23Z</time>
   </trkpt>
   <trkpt lat="51.4698820" lon="-0.2602990">
    <ele>5.6</ele>
    <time>2026-06-19T19:07:24Z</time>
   </trkpt>
   <trkpt lat="51.4698820" lon="-0.2603160">
    <ele>5.6</ele>
    <time>2026-06-19T19:07:25Z</time>
   </trkpt>
   <trkpt lat="51.4698820" lon="-0.2603360">
    <ele>5.6</ele>
    <time>2026-06-19T19:07:26Z</time>
   </trkpt>
   <trkpt lat="51.4698760" lon="-0.2603680">
    <ele>5.6</ele>
    <time>2026-06-19T19:07:27Z</time>
   </trkpt>
   <trkpt lat="51.4698720" lon="-0.2603820">
    <ele>5.6</ele>
    <time>2026-06-19T19:07:28Z</time>
   </trkpt>
   <trkpt lat="51.4698690" lon="-0.2603950">
    <ele>5.7</ele>
    <time>2026-06-19T19:07:29Z</time>
   </trkpt>
   <trkpt lat="51.4698670" lon="-0.2604270">
    <ele>5.7</ele>
    <time>2026-06-19T19:07:30Z</time>
   </trkpt>
   <trkpt lat="51.4698680" lon="-0.2604420">
    <ele>5.7</ele>
    <time>2026-06-19T19:07:31Z</time>
   </trkpt>
   <trkpt lat="51.4698680" lon="-0.2604570">
    <ele>5.7</ele>
    <time>2026-06-19T19:07:32Z</time>
   </trkpt>
   <trkpt lat="51.4698740" lon="-0.2604750">
    <ele>5.7</ele>
    <time>2026-06-19T19:07:33Z</time>
   </trkpt>
   <trkpt lat="51.4698830" lon="-0.2605060">
    <ele>5.7</ele>
    <time>2026-06-19T19:07:34Z</time>
   </trkpt>
   <trkpt lat="51.4698750" lon="-0.2605400">
    <ele>5.7</ele>
    <time>2026-06-19T19:07:35Z</time>
   </trkpt>
   <trkpt lat="51.4698730" lon="-0.2605520">
    <ele>5.7</ele>
    <time>2026-06-19T19:07:36Z</time>
   </trkpt>
   <trkpt lat="51.4698720" lon="-0.2605640">
    <ele>5.7</ele>
    <time>2026-06-19T19:07:37Z</time>
   </trkpt>
   <trkpt lat="51.4698700" lon="-0.2605880">
    <ele>5.7</ele>
    <time>2026-06-19T19:07:38Z</time>
   </trkpt>
   <trkpt lat="51.4698690" lon="-0.2606070">
    <ele>5.7</ele>
    <time>2026-06-19T19:07:39Z</time>
   </trkpt>
   <trkpt lat="51.4698700" lon="-0.2606520">
    <ele>5.7</ele>
    <time>2026-06-19T19:07:40Z</time>
   </trkpt>
   <trkpt lat="51.4698710" lon="-0.2606650">
    <ele>5.7</ele>
    <time>2026-06-19T19:07:41Z</time>
   </trkpt>
   <trkpt lat="51.4698760" lon="-0.2606860">
    <ele>5.7</ele>
    <time>2026-06-19T19:07:42Z</time>
   </trkpt>
   <trkpt lat="51.4698810" lon="-0.2607070">
    <ele>5.7</ele>
    <time>2026-06-19T19:07:43Z</time>
   </trkpt>
   <trkpt lat="51.4698790" lon="-0.2607410">
    <ele>5.8</ele>
    <time>2026-06-19T19:07:44Z</time>
   </trkpt>
   <trkpt lat="51.4698780" lon="-0.2607550">
    <ele>5.8</ele>
    <time>2026-06-19T19:07:45Z</time>
   </trkpt>
   <trkpt lat="51.4698760" lon="-0.2607700">
    <ele>5.8</ele>
    <time>2026-06-19T19:07:46Z</time>
   </trkpt>
   <trkpt lat="51.4698770" lon="-0.2608040">
    <ele>5.8</ele>
    <time>2026-06-19T19:07:47Z</time>
   </trkpt>
   <trkpt lat="51.4698770" lon="-0.2608180">
    <ele>5.8</ele>
    <time>2026-06-19T19:07:48Z</time>
   </trkpt>
   <trkpt lat="51.4698760" lon="-0.2608330">
    <ele>5.8</ele>
    <time>2026-06-19T19:07:49Z</time>
   </trkpt>
   <trkpt lat="51.4698760" lon="-0.2608570">
    <ele>5.8</ele>
    <time>2026-06-19T19:07:50Z</time>
   </trkpt>
   <trkpt lat="51.4698800" lon="-0.2608830">
    <ele>5.8</ele>
    <time>2026-06-19T19:07:51Z</time>
   </trkpt>
   <trkpt lat="51.4698790" lon="-0.2609170">
    <ele>5.8</ele>
    <time>2026-06-19T19:07:52Z</time>
   </trkpt>
   <trkpt lat="51.4698770" lon="-0.2609300">
    <ele>5.8</ele>
    <time>2026-06-19T19:07:53Z</time>
   </trkpt>
   <trkpt lat="51.4698740" lon="-0.2609420">
    <ele>5.8</ele>
    <time>2026-06-19T19:07:54Z</time>
   </trkpt>
   <trkpt lat="51.4698790" lon="-0.2609710">
    <ele>5.8</ele>
    <time>2026-06-19T19:07:55Z</time>
   </trkpt>
   <trkpt lat="51.4698740" lon="-0.2609950">
    <ele>5.8</ele>
    <time>2026-06-19T19:07:56Z</time>
   </trkpt>
   <trkpt lat="51.4698780" lon="-0.2610330">
    <ele>5.8</ele>
    <time>2026-06-19T19:07:57Z</time>
   </trkpt>
   <trkpt lat="51.4698800" lon="-0.2610500">
    <ele>5.8</ele>
    <time>2026-06-19T19:07:58Z</time>
   </trkpt>
   <trkpt lat="51.4698820" lon="-0.2610670">
    <ele>5.8</ele>
    <time>2026-06-19T19:07:59Z</time>
   </trkpt>
   <trkpt lat="51.4698830" lon="-0.2610900">
    <ele>5.8</ele>
    <time>2026-06-19T19:08:00Z</time>
   </trkpt>
   <trkpt lat="51.4698790" lon="-0.2611160">
    <ele>5.8</ele>
    <time>2026-06-19T19:08:01Z</time>
   </trkpt>
   <trkpt lat="51.4698810" lon="-0.2611460">
    <ele>5.7</ele>
    <time>2026-06-19T19:08:02Z</time>
   </trkpt>
   <trkpt lat="51.4698810" lon="-0.2611590">
    <ele>5.7</ele>
    <time>2026-06-19T19:08:03Z</time>
   </trkpt>
   <trkpt lat="51.4698820" lon="-0.2611730">
    <ele>5.7</ele>
    <time>2026-06-19T19:08:04Z</time>
   </trkpt>
   <trkpt lat="51.4698900" lon="-0.2612190">
    <ele>5.7</ele>
    <time>2026-06-19T19:08:05Z</time>
   </trkpt>
   <trkpt lat="51.4698920" lon="-0.2612360">
    <ele>5.7</ele>
    <time>2026-06-19T19:08:06Z</time>
   </trkpt>
   <trkpt lat="51.4698950" lon="-0.2612690">
    <ele>5.7</ele>
    <time>2026-06-19T19:08:07Z</time>
   </trkpt>
   <trkpt lat="51.4698980" lon="-0.2612840">
    <ele>5.7</ele>
    <time>2026-06-19T19:08:08Z</time>
   </trkpt>
   <trkpt lat="51.4699000" lon="-0.2612990">
    <ele>5.7</ele>
    <time>2026-06-19T19:08:09Z</time>
   </trkpt>
   <trkpt lat="51.4699040" lon="-0.2613310">
    <ele>5.7</ele>
    <time>2026-06-19T19:08:10Z</time>
   </trkpt>
   <trkpt lat="51.4699080" lon="-0.2613460">
    <ele>5.7</ele>
    <time>2026-06-19T19:08:11Z</time>
   </trkpt>
   <trkpt lat="51.4699110" lon="-0.2613600">
    <ele>5.7</ele>
    <time>2026-06-19T19:08:12Z</time>
   </trkpt>
   <trkpt lat="51.4699100" lon="-0.2613940">
    <ele>5.7</ele>
    <time>2026-06-19T19:08:13Z</time>
   </trkpt>
   <trkpt lat="51.4699100" lon="-0.2614070">
    <ele>5.7</ele>
    <time>2026-06-19T19:08:14Z</time>
   </trkpt>
   <trkpt lat="51.4699090" lon="-0.2614210">
    <ele>5.7</ele>
    <time>2026-06-19T19:08:15Z</time>
   </trkpt>
   <trkpt lat="51.4699070" lon="-0.2614560">
    <ele>5.7</ele>
    <time>2026-06-19T19:08:16Z</time>
   </trkpt>
   <trkpt lat="51.4699080" lon="-0.2614710">
    <ele>5.7</ele>
    <time>2026-06-19T19:08:17Z</time>
   </trkpt>
   <trkpt lat="51.4699080" lon="-0.2614860">
    <ele>5.7</ele>
    <time>2026-06-19T19:08:18Z</time>
   </trkpt>
   <trkpt lat="51.4699040" lon="-0.2615100">
    <ele>5.6</ele>
    <time>2026-06-19T19:08:19Z</time>
   </trkpt>
   <trkpt lat="51.4699010" lon="-0.2615280">
    <ele>5.6</ele>
    <time>2026-06-19T19:08:20Z</time>
   </trkpt>
   <trkpt lat="51.4699040" lon="-0.2615620">
    <ele>5.6</ele>
    <time>2026-06-19T19:08:21Z</time>
   </trkpt>
   <trkpt lat="51.4699050" lon="-0.2615750">
    <ele>5.6</ele>
    <time>2026-06-19T19:08:22Z</time>
   </trkpt>
   <trkpt lat="51.4699050" lon="-0.2615880">
    <ele>5.6</ele>
    <time>2026-06-19T19:08:23Z</time>
   </trkpt>
   <trkpt lat="51.4698940" lon="-0.2616200">
    <ele>5.6</ele>
    <time>2026-06-19T19:08:24Z</time>
   </trkpt>
   <trkpt lat="51.4698920" lon="-0.2616330">
    <ele>5.6</ele>
    <time>2026-06-19T19:08:25Z</time>
   </trkpt>
   <trkpt lat="51.4698900" lon="-0.2616450">
    <ele>5.6</ele>
    <time>2026-06-19T19:08:26Z</time>
   </trkpt>
   <trkpt lat="51.4698860" lon="-0.2616760">
    <ele>5.6</ele>
    <time>2026-06-19T19:08:27Z</time>
   </trkpt>
   <trkpt lat="51.4698860" lon="-0.2616890">
    <ele>5.6</ele>
    <time>2026-06-19T19:08:28Z</time>
   </trkpt>
   <trkpt lat="51.4698870" lon="-0.2617030">
    <ele>5.6</ele>
    <time>2026-06-19T19:08:29Z</time>
   </trkpt>
   <trkpt lat="51.4698850" lon="-0.2617250">
    <ele>5.6</ele>
    <time>2026-06-19T19:08:30Z</time>
   </trkpt>
   <trkpt lat="51.4698880" lon="-0.2617500">
    <ele>5.6</ele>
    <time>2026-06-19T19:08:31Z</time>
   </trkpt>
   <trkpt lat="51.4698910" lon="-0.2617880">
    <ele>5.6</ele>
    <time>2026-06-19T19:08:32Z</time>
   </trkpt>
   <trkpt lat="51.4698890" lon="-0.2618020">
    <ele>5.6</ele>
    <time>2026-06-19T19:08:33Z</time>
   </trkpt>
   <trkpt lat="51.4698880" lon="-0.2618170">
    <ele>5.6</ele>
    <time>2026-06-19T19:08:34Z</time>
   </trkpt>
   <trkpt lat="51.4698950" lon="-0.2618410">
    <ele>5.6</ele>
    <time>2026-06-19T19:08:35Z</time>
   </trkpt>
   <trkpt lat="51.4698980" lon="-0.2618620">
    <ele>5.6</ele>
    <time>2026-06-19T19:08:36Z</time>
   </trkpt>
   <trkpt lat="51.4698940" lon="-0.2618820">
    <ele>5.6</ele>
    <time>2026-06-19T19:08:37Z</time>
   </trkpt>
   <trkpt lat="51.4698970" lon="-0.2618980">
    <ele>5.6</ele>
    <time>2026-06-19T19:08:38Z</time>
   </trkpt>
   <trkpt lat="51.4698930" lon="-0.2619150">
    <ele>5.6</ele>
    <time>2026-06-19T19:08:39Z</time>
   </trkpt>
   <trkpt lat="51.4698920" lon="-0.2619370">
    <ele>5.5</ele>
    <time>2026-06-19T19:08:40Z</time>
   </trkpt>
   <trkpt lat="51.4698960" lon="-0.2619610">
    <ele>5.5</ele>
    <time>2026-06-19T19:08:41Z</time>
   </trkpt>
   <trkpt lat="51.4698970" lon="-0.2619890">
    <ele>5.5</ele>
    <time>2026-06-19T19:08:42Z</time>
   </trkpt>
   <trkpt lat="51.4698970" lon="-0.2620130">
    <ele>5.5</ele>
    <time>2026-06-19T19:08:43Z</time>
   </trkpt>
   <trkpt lat="51.4698910" lon="-0.2620490">
    <ele>5.5</ele>
    <time>2026-06-19T19:08:44Z</time>
   </trkpt>
   <trkpt lat="51.4698870" lon="-0.2620650">
    <ele>5.5</ele>
    <time>2026-06-19T19:08:45Z</time>
   </trkpt>
   <trkpt lat="51.4698840" lon="-0.2620820">
    <ele>5.5</ele>
    <time>2026-06-19T19:08:46Z</time>
   </trkpt>
   <trkpt lat="51.4698860" lon="-0.2621060">
    <ele>5.5</ele>
    <time>2026-06-19T19:08:47Z</time>
   </trkpt>
   <trkpt lat="51.4698900" lon="-0.2621280">
    <ele>5.5</ele>
    <time>2026-06-19T19:08:48Z</time>
   </trkpt>
   <trkpt lat="51.4698910" lon="-0.2621620">
    <ele>5.4</ele>
    <time>2026-06-19T19:08:49Z</time>
   </trkpt>
   <trkpt lat="51.4698930" lon="-0.2621790">
    <ele>5.4</ele>
    <time>2026-06-19T19:08:50Z</time>
   </trkpt>
   <trkpt lat="51.4698960" lon="-0.2621950">
    <ele>5.4</ele>
    <time>2026-06-19T19:08:51Z</time>
   </trkpt>
   <trkpt lat="51.4698980" lon="-0.2622190">
    <ele>5.4</ele>
    <time>2026-06-19T19:08:52Z</time>
   </trkpt>
   <trkpt lat="51.4699000" lon="-0.2622390">
    <ele>5.4</ele>
    <time>2026-06-19T19:08:53Z</time>
   </trkpt>
   <trkpt lat="51.4698990" lon="-0.2622720">
    <ele>5.4</ele>
    <time>2026-06-19T19:08:54Z</time>
   </trkpt>
   <trkpt lat="51.4699000" lon="-0.2622860">
    <ele>5.4</ele>
    <time>2026-06-19T19:08:55Z</time>
   </trkpt>
   <trkpt lat="51.4699000" lon="-0.2623010">
    <ele>5.4</ele>
    <time>2026-06-19T19:08:56Z</time>
   </trkpt>
   <trkpt lat="51.4699020" lon="-0.2623230">
    <ele>5.4</ele>
    <time>2026-06-19T19:08:57Z</time>
   </trkpt>
   <trkpt lat="51.4699020" lon="-0.2623460">
    <ele>5.4</ele>
    <time>2026-06-19T19:08:58Z</time>
   </trkpt>
   <trkpt lat="51.4699030" lon="-0.2623670">
    <ele>5.3</ele>
    <time>2026-06-19T19:08:59Z</time>
   </trkpt>
   <trkpt lat="51.4699030" lon="-0.2623900">
    <ele>5.3</ele>
    <time>2026-06-19T19:09:00Z</time>
   </trkpt>
   <trkpt lat="51.4699080" lon="-0.2624220">
    <ele>5.3</ele>
    <time>2026-06-19T19:09:01Z</time>
   </trkpt>
   <trkpt lat="51.4699100" lon="-0.2624370">
    <ele>5.3</ele>
    <time>2026-06-19T19:09:02Z</time>
   </trkpt>
   <trkpt lat="51.4699110" lon="-0.2624510">
    <ele>5.3</ele>
    <time>2026-06-19T19:09:03Z</time>
   </trkpt>
   <trkpt lat="51.4699120" lon="-0.2624750">
    <ele>5.3</ele>
    <time>2026-06-19T19:09:04Z</time>
   </trkpt>
   <trkpt lat="51.4699110" lon="-0.2624970">
    <ele>5.3</ele>
    <time>2026-06-19T19:09:05Z</time>
   </trkpt>
   <trkpt lat="51.4699140" lon="-0.2625210">
    <ele>5.3</ele>
    <time>2026-06-19T19:09:06Z</time>
   </trkpt>
   <trkpt lat="51.4699170" lon="-0.2625430">
    <ele>5.3</ele>
    <time>2026-06-19T19:09:07Z</time>
   </trkpt>
   <trkpt lat="51.4699190" lon="-0.2625780">
    <ele>5.3</ele>
    <time>2026-06-19T19:09:08Z</time>
   </trkpt>
   <trkpt lat="51.4699200" lon="-0.2625910">
    <ele>5.3</ele>
    <time>2026-06-19T19:09:09Z</time>
   </trkpt>
   <trkpt lat="51.4699210" lon="-0.2626050">
    <ele>5.3</ele>
    <time>2026-06-19T19:09:10Z</time>
   </trkpt>
   <trkpt lat="51.4699250" lon="-0.2626260">
    <ele>5.3</ele>
    <time>2026-06-19T19:09:11Z</time>
   </trkpt>
   <trkpt lat="51.4699280" lon="-0.2626480">
    <ele>5.3</ele>
    <time>2026-06-19T19:09:12Z</time>
   </trkpt>
   <trkpt lat="51.4699320" lon="-0.2626700">
    <ele>5.3</ele>
    <time>2026-06-19T19:09:13Z</time>
   </trkpt>
   <trkpt lat="51.4699370" lon="-0.2626900">
    <ele>5.3</ele>
    <time>2026-06-19T19:09:14Z</time>
   </trkpt>
   <trkpt lat="51.4699400" lon="-0.2627250">
    <ele>5.3</ele>
    <time>2026-06-19T19:09:15Z</time>
   </trkpt>
   <trkpt lat="51.4699400" lon="-0.2627400">
    <ele>5.3</ele>
    <time>2026-06-19T19:09:16Z</time>
   </trkpt>
   <trkpt lat="51.4699410" lon="-0.2627550">
    <ele>5.3</ele>
    <time>2026-06-19T19:09:17Z</time>
   </trkpt>
   <trkpt lat="51.4699360" lon="-0.2627770">
    <ele>5.3</ele>
    <time>2026-06-19T19:09:18Z</time>
   </trkpt>
   <trkpt lat="51.4699390" lon="-0.2627980">
    <ele>5.3</ele>
    <time>2026-06-19T19:09:19Z</time>
   </trkpt>
   <trkpt lat="51.4699420" lon="-0.2628220">
    <ele>5.3</ele>
    <time>2026-06-19T19:09:20Z</time>
   </trkpt>
   <trkpt lat="51.4699440" lon="-0.2628450">
    <ele>5.3</ele>
    <time>2026-06-19T19:09:21Z</time>
   </trkpt>
   <trkpt lat="51.4699440" lon="-0.2628680">
    <ele>5.3</ele>
    <time>2026-06-19T19:09:22Z</time>
   </trkpt>
   <trkpt lat="51.4699460" lon="-0.2628910">
    <ele>5.2</ele>
    <time>2026-06-19T19:09:23Z</time>
   </trkpt>
   <trkpt lat="51.4699460" lon="-0.2629250">
    <ele>5.2</ele>
    <time>2026-06-19T19:09:24Z</time>
   </trkpt>
   <trkpt lat="51.4699470" lon="-0.2629390">
    <ele>5.2</ele>
    <time>2026-06-19T19:09:25Z</time>
   </trkpt>
   <trkpt lat="51.4699480" lon="-0.2629530">
    <ele>5.2</ele>
    <time>2026-06-19T19:09:26Z</time>
   </trkpt>
   <trkpt lat="51.4699490" lon="-0.2629760">
    <ele>5.2</ele>
    <time>2026-06-19T19:09:27Z</time>
   </trkpt>
   <trkpt lat="51.4699540" lon="-0.2629980">
    <ele>5.2</ele>
    <time>2026-06-19T19:09:28Z</time>
   </trkpt>
   <trkpt lat="51.4699500" lon="-0.2630180">
    <ele>5.2</ele>
    <time>2026-06-19T19:09:29Z</time>
   </trkpt>
   <trkpt lat="51.4699480" lon="-0.2630410">
    <ele>5.2</ele>
    <time>2026-06-19T19:09:30Z</time>
   </trkpt>
   <trkpt lat="51.4699470" lon="-0.2630640">
    <ele>5.2</ele>
    <time>2026-06-19T19:09:31Z</time>
   </trkpt>
   <trkpt lat="51.4699470" lon="-0.2630860">
    <ele>5.2</ele>
    <time>2026-06-19T19:09:32Z</time>
   </trkpt>
   <trkpt lat="51.4699530" lon="-0.2631210">
    <ele>5.2</ele>
    <time>2026-06-19T19:09:33Z</time>
   </trkpt>
   <trkpt lat="51.4699520" lon="-0.2631360">
    <ele>5.2</ele>
    <time>2026-06-19T19:09:34Z</time>
   </trkpt>
   <trkpt lat="51.4699520" lon="-0.2631500">
    <ele>5.2</ele>
    <time>2026-06-19T19:09:35Z</time>
   </trkpt>
   <trkpt lat="51.4699540" lon="-0.2631710">
    <ele>5.2</ele>
    <time>2026-06-19T19:09:36Z</time>
   </trkpt>
   <trkpt lat="51.4699570" lon="-0.2631950">
    <ele>5.2</ele>
    <time>2026-06-19T19:09:37Z</time>
   </trkpt>
   <trkpt lat="51.4699590" lon="-0.2632170">
    <ele>5.2</ele>
    <time>2026-06-19T19:09:38Z</time>
   </trkpt>
   <trkpt lat="51.4699570" lon="-0.2632400">
    <ele>5.2</ele>
    <time>2026-06-19T19:09:39Z</time>
   </trkpt>
   <trkpt lat="51.4699550" lon="-0.2632630">
    <ele>5.2</ele>
    <time>2026-06-19T19:09:40Z</time>
   </trkpt>
   <trkpt lat="51.4699540" lon="-0.2632860">
    <ele>5.2</ele>
    <time>2026-06-19T19:09:41Z</time>
   </trkpt>
   <trkpt lat="51.4699570" lon="-0.2633080">
    <ele>5.2</ele>
    <time>2026-06-19T19:09:42Z</time>
   </trkpt>
   <trkpt lat="51.4699600" lon="-0.2633320">
    <ele>5.2</ele>
    <time>2026-06-19T19:09:43Z</time>
   </trkpt>
   <trkpt lat="51.4699590" lon="-0.2633560">
    <ele>5.2</ele>
    <time>2026-06-19T19:09:44Z</time>
   </trkpt>
   <trkpt lat="51.4699610" lon="-0.2633770">
    <ele>5.2</ele>
    <time>2026-06-19T19:09:45Z</time>
   </trkpt>
   <trkpt lat="51.4699590" lon="-0.2633990">
    <ele>5.1</ele>
    <time>2026-06-19T19:09:46Z</time>
   </trkpt>
   <trkpt lat="51.4699610" lon="-0.2634200">
    <ele>5.1</ele>
    <time>2026-06-19T19:09:47Z</time>
   </trkpt>
   <trkpt lat="51.4699550" lon="-0.2634460">
    <ele>5.1</ele>
    <time>2026-06-19T19:09:48Z</time>
   </trkpt>
   <trkpt lat="51.4699520" lon="-0.2634680">
    <ele>5.1</ele>
    <time>2026-06-19T19:09:49Z</time>
   </trkpt>
   <trkpt lat="51.4699520" lon="-0.2634880">
    <ele>5.1</ele>
    <time>2026-06-19T19:09:50Z</time>
   </trkpt>
   <trkpt lat="51.4699540" lon="-0.2635120">
    <ele>5.1</ele>
    <time>2026-06-19T19:09:51Z</time>
   </trkpt>
   <trkpt lat="51.4699530" lon="-0.2635350">
    <ele>5.1</ele>
    <time>2026-06-19T19:09:52Z</time>
   </trkpt>
   <trkpt lat="51.4699520" lon="-0.2635560">
    <ele>5.1</ele>
    <time>2026-06-19T19:09:53Z</time>
   </trkpt>
   <trkpt lat="51.4699470" lon="-0.2635880">
    <ele>5.1</ele>
    <time>2026-06-19T19:09:54Z</time>
   </trkpt>
   <trkpt lat="51.4699470" lon="-0.2636020">
    <ele>5.1</ele>
    <time>2026-06-19T19:09:55Z</time>
   </trkpt>
   <trkpt lat="51.4699460" lon="-0.2636160">
    <ele>5.1</ele>
    <time>2026-06-19T19:09:56Z</time>
   </trkpt>
   <trkpt lat="51.4699440" lon="-0.2636500">
    <ele>5.1</ele>
    <time>2026-06-19T19:09:57Z</time>
   </trkpt>
   <trkpt lat="51.4699410" lon="-0.2636630">
    <ele>5.1</ele>
    <time>2026-06-19T19:09:58Z</time>
   </trkpt>
   <trkpt lat="51.4699390" lon="-0.2636760">
    <ele>5.1</ele>
    <time>2026-06-19T19:09:59Z</time>
   </trkpt>
   <trkpt lat="51.4699410" lon="-0.2637090">
    <ele>5.0</ele>
    <time>2026-06-19T19:10:00Z</time>
   </trkpt>
   <trkpt lat="51.4699450" lon="-0.2637210">
    <ele>5.0</ele>
    <time>2026-06-19T19:10:01Z</time>
   </trkpt>
   <trkpt lat="51.4699480" lon="-0.2637330">
    <ele>5.0</ele>
    <time>2026-06-19T19:10:02Z</time>
   </trkpt>
   <trkpt lat="51.4699460" lon="-0.2637670">
    <ele>5.0</ele>
    <time>2026-06-19T19:10:03Z</time>
   </trkpt>
   <trkpt lat="51.4699430" lon="-0.2637810">
    <ele>5.0</ele>
    <time>2026-06-19T19:10:04Z</time>
   </trkpt>
   <trkpt lat="51.4699410" lon="-0.2637940">
    <ele>5.0</ele>
    <time>2026-06-19T19:10:05Z</time>
   </trkpt>
   <trkpt lat="51.4699420" lon="-0.2638140">
    <ele>5.0</ele>
    <time>2026-06-19T19:10:06Z</time>
   </trkpt>
   <trkpt lat="51.4699440" lon="-0.2638380">
    <ele>5.0</ele>
    <time>2026-06-19T19:10:07Z</time>
   </trkpt>
   <trkpt lat="51.4699480" lon="-0.2638600">
    <ele>5.0</ele>
    <time>2026-06-19T19:10:08Z</time>
   </trkpt>
   <trkpt lat="51.4699450" lon="-0.2638820">
    <ele>5.0</ele>
    <time>2026-06-19T19:10:09Z</time>
   </trkpt>
   <trkpt lat="51.4699460" lon="-0.2639040">
    <ele>5.0</ele>
    <time>2026-06-19T19:10:10Z</time>
   </trkpt>
   <trkpt lat="51.4699470" lon="-0.2639270">
    <ele>5.0</ele>
    <time>2026-06-19T19:10:11Z</time>
   </trkpt>
   <trkpt lat="51.4699480" lon="-0.2639490">
    <ele>5.0</ele>
    <time>2026-06-19T19:10:12Z</time>
   </trkpt>
   <trkpt lat="51.4699510" lon="-0.2639740">
    <ele>5.0</ele>
    <time>2026-06-19T19:10:13Z</time>
   </trkpt>
   <trkpt lat="51.4699540" lon="-0.2639970">
    <ele>5.0</ele>
    <time>2026-06-19T19:10:14Z</time>
   </trkpt>
   <trkpt lat="51.4699550" lon="-0.2640170">
    <ele>5.0</ele>
    <time>2026-06-19T19:10:15Z</time>
   </trkpt>
   <trkpt lat="51.4699540" lon="-0.2640420">
    <ele>5.0</ele>
    <time>2026-06-19T19:10:16Z</time>
   </trkpt>
   <trkpt lat="51.4699530" lon="-0.2640660">
    <ele>5.0</ele>
    <time>2026-06-19T19:10:17Z</time>
   </trkpt>
   <trkpt lat="51.4699490" lon="-0.2640920">
    <ele>5.0</ele>
    <time>2026-06-19T19:10:18Z</time>
   </trkpt>
   <trkpt lat="51.4699390" lon="-0.2641110">
    <ele>5.0</ele>
    <time>2026-06-19T19:10:19Z</time>
   </trkpt>
   <trkpt lat="51.4699320" lon="-0.2641310">
    <ele>5.0</ele>
    <time>2026-06-19T19:10:20Z</time>
   </trkpt>
   <trkpt lat="51.4699230" lon="-0.2641500">
    <ele>5.0</ele>
    <time>2026-06-19T19:10:21Z</time>
   </trkpt>
   <trkpt lat="51.4699210" lon="-0.2641820">
    <ele>5.0</ele>
    <time>2026-06-19T19:10:22Z</time>
   </trkpt>
   <trkpt lat="51.4699220" lon="-0.2642020">
    <ele>5.0</ele>
    <time>2026-06-19T19:10:23Z</time>
   </trkpt>
   <trkpt lat="51.4699240" lon="-0.2642220">
    <ele>5.0</ele>
    <time>2026-06-19T19:10:24Z</time>
   </trkpt>
   <trkpt lat="51.4699360" lon="-0.2642460">
    <ele>5.0</ele>
    <time>2026-06-19T19:10:25Z</time>
   </trkpt>
   <trkpt lat="51.4699340" lon="-0.2642640">
    <ele>5.0</ele>
    <time>2026-06-19T19:10:26Z</time>
   </trkpt>
   <trkpt lat="51.4699330" lon="-0.2642960">
    <ele>5.0</ele>
    <time>2026-06-19T19:10:27Z</time>
   </trkpt>
   <trkpt lat="51.4699300" lon="-0.2643120">
    <ele>5.0</ele>
    <time>2026-06-19T19:10:28Z</time>
   </trkpt>
   <trkpt lat="51.4699280" lon="-0.2643290">
    <ele>5.0</ele>
    <time>2026-06-19T19:10:29Z</time>
   </trkpt>
   <trkpt lat="51.4699290" lon="-0.2643630">
    <ele>5.1</ele>
    <time>2026-06-19T19:10:30Z</time>
   </trkpt>
   <trkpt lat="51.4699300" lon="-0.2643770">
    <ele>5.1</ele>
    <time>2026-06-19T19:10:31Z</time>
   </trkpt>
   <trkpt lat="51.4699310" lon="-0.2643920">
    <ele>5.1</ele>
    <time>2026-06-19T19:10:32Z</time>
   </trkpt>
   <trkpt lat="51.4699300" lon="-0.2644130">
    <ele>5.1</ele>
    <time>2026-06-19T19:10:33Z</time>
   </trkpt>
   <trkpt lat="51.4699260" lon="-0.2644360">
    <ele>5.1</ele>
    <time>2026-06-19T19:10:34Z</time>
   </trkpt>
   <trkpt lat="51.4699240" lon="-0.2644580">
    <ele>5.1</ele>
    <time>2026-06-19T19:10:35Z</time>
   </trkpt>
   <trkpt lat="51.4699210" lon="-0.2644790">
    <ele>5.1</ele>
    <time>2026-06-19T19:10:36Z</time>
   </trkpt>
   <trkpt lat="51.4699130" lon="-0.2645110">
    <ele>5.1</ele>
    <time>2026-06-19T19:10:37Z</time>
   </trkpt>
   <trkpt lat="51.4699110" lon="-0.2645240">
    <ele>5.1</ele>
    <time>2026-06-19T19:10:38Z</time>
   </trkpt>
   <trkpt lat="51.4699090" lon="-0.2645380">
    <ele>5.1</ele>
    <time>2026-06-19T19:10:39Z</time>
   </trkpt>
   <trkpt lat="51.4699050" lon="-0.2645730">
    <ele>5.1</ele>
    <time>2026-06-19T19:10:40Z</time>
   </trkpt>
   <trkpt lat="51.4699030" lon="-0.2645860">
    <ele>5.1</ele>
    <time>2026-06-19T19:10:41Z</time>
   </trkpt>
   <trkpt lat="51.4699010" lon="-0.2646000">
    <ele>5.1</ele>
    <time>2026-06-19T19:10:42Z</time>
   </trkpt>
   <trkpt lat="51.4698970" lon="-0.2646340">
    <ele>5.2</ele>
    <time>2026-06-19T19:10:43Z</time>
   </trkpt>
   <trkpt lat="51.4698960" lon="-0.2646480">
    <ele>5.2</ele>
    <time>2026-06-19T19:10:44Z</time>
   </trkpt>
   <trkpt lat="51.4698950" lon="-0.2646620">
    <ele>5.2</ele>
    <time>2026-06-19T19:10:45Z</time>
   </trkpt>
   <trkpt lat="51.4698940" lon="-0.2646860">
    <ele>5.2</ele>
    <time>2026-06-19T19:10:46Z</time>
   </trkpt>
   <trkpt lat="51.4698920" lon="-0.2647080">
    <ele>5.2</ele>
    <time>2026-06-19T19:10:47Z</time>
   </trkpt>
   <trkpt lat="51.4698890" lon="-0.2647280">
    <ele>5.2</ele>
    <time>2026-06-19T19:10:48Z</time>
   </trkpt>
   <trkpt lat="51.4698830" lon="-0.2647440">
    <ele>5.2</ele>
    <time>2026-06-19T19:10:49Z</time>
   </trkpt>
   <trkpt lat="51.4698830" lon="-0.2647630">
    <ele>5.2</ele>
    <time>2026-06-19T19:10:50Z</time>
   </trkpt>
   <trkpt lat="51.4698780" lon="-0.2647970">
    <ele>5.2</ele>
    <time>2026-06-19T19:10:51Z</time>
   </trkpt>
   <trkpt lat="51.4698770" lon="-0.2648120">
    <ele>5.2</ele>
    <time>2026-06-19T19:10:52Z</time>
   </trkpt>
   <trkpt lat="51.4698750" lon="-0.2648260">
    <ele>5.2</ele>
    <time>2026-06-19T19:10:53Z</time>
   </trkpt>
   <trkpt lat="51.4698710" lon="-0.2648600">
    <ele>5.2</ele>
    <time>2026-06-19T19:10:54Z</time>
   </trkpt>
   <trkpt lat="51.4698690" lon="-0.2648730">
    <ele>5.2</ele>
    <time>2026-06-19T19:10:55Z</time>
   </trkpt>
   <trkpt lat="51.4698680" lon="-0.2648870">
    <ele>5.2</ele>
    <time>2026-06-19T19:10:56Z</time>
   </trkpt>
   <trkpt lat="51.4698750" lon="-0.2649140">
    <ele>5.2</ele>
    <time>2026-06-19T19:10:57Z</time>
   </trkpt>
   <trkpt lat="51.4698720" lon="-0.2649370">
    <ele>5.3</ele>
    <time>2026-06-19T19:10:58Z</time>
   </trkpt>
   <trkpt lat="51.4698690" lon="-0.2649600">
    <ele>5.3</ele>
    <time>2026-06-19T19:10:59Z</time>
   </trkpt>
   <trkpt lat="51.4698640" lon="-0.2649790">
    <ele>5.3</ele>
    <time>2026-06-19T19:11:00Z</time>
   </trkpt>
   <trkpt lat="51.4698600" lon="-0.2650040">
    <ele>5.3</ele>
    <time>2026-06-19T19:11:01Z</time>
   </trkpt>
   <trkpt lat="51.4698630" lon="-0.2650280">
    <ele>5.3</ele>
    <time>2026-06-19T19:11:02Z</time>
   </trkpt>
   <trkpt lat="51.4698650" lon="-0.2650480">
    <ele>5.2</ele>
    <time>2026-06-19T19:11:03Z</time>
   </trkpt>
   <trkpt lat="51.4698560" lon="-0.2650740">
    <ele>5.2</ele>
    <time>2026-06-19T19:11:04Z</time>
   </trkpt>
   <trkpt lat="51.4698540" lon="-0.2650940">
    <ele>5.2</ele>
    <time>2026-06-19T19:11:05Z</time>
   </trkpt>
   <trkpt lat="51.4698470" lon="-0.2651160">
    <ele>5.2</ele>
    <time>2026-06-19T19:11:06Z</time>
   </trkpt>
   <trkpt lat="51.4698400" lon="-0.2651490">
    <ele>5.2</ele>
    <time>2026-06-19T19:11:07Z</time>
   </trkpt>
   <trkpt lat="51.4698380" lon="-0.2651620">
    <ele>5.2</ele>
    <time>2026-06-19T19:11:08Z</time>
   </trkpt>
   <trkpt lat="51.4698350" lon="-0.2651750">
    <ele>5.2</ele>
    <time>2026-06-19T19:11:09Z</time>
   </trkpt>
   <trkpt lat="51.4698300" lon="-0.2652050">
    <ele>5.2</ele>
    <time>2026-06-19T19:11:10Z</time>
   </trkpt>
   <trkpt lat="51.4698250" lon="-0.2652170">
    <ele>5.2</ele>
    <time>2026-06-19T19:11:11Z</time>
   </trkpt>
   <trkpt lat="51.4698210" lon="-0.2652300">
    <ele>5.2</ele>
    <time>2026-06-19T19:11:12Z</time>
   </trkpt>
   <trkpt lat="51.4698190" lon="-0.2652510">
    <ele>5.2</ele>
    <time>2026-06-19T19:11:13Z</time>
   </trkpt>
   <trkpt lat="51.4698160" lon="-0.2652730">
    <ele>5.2</ele>
    <time>2026-06-19T19:11:14Z</time>
   </trkpt>
   <trkpt lat="51.4698120" lon="-0.2653050">
    <ele>5.2</ele>
    <time>2026-06-19T19:11:15Z</time>
   </trkpt>
   <trkpt lat="51.4698120" lon="-0.2653170">
    <ele>5.2</ele>
    <time>2026-06-19T19:11:16Z</time>
   </trkpt>
   <trkpt lat="51.4698110" lon="-0.2653300">
    <ele>5.2</ele>
    <time>2026-06-19T19:11:17Z</time>
   </trkpt>
   <trkpt lat="51.4698120" lon="-0.2653490">
    <ele>5.2</ele>
    <time>2026-06-19T19:11:18Z</time>
   </trkpt>
   <trkpt lat="51.4698100" lon="-0.2653690">
    <ele>5.2</ele>
    <time>2026-06-19T19:11:19Z</time>
   </trkpt>
   <trkpt lat="51.4698100" lon="-0.2653870">
    <ele>5.2</ele>
    <time>2026-06-19T19:11:20Z</time>
   </trkpt>
   <trkpt lat="51.4698040" lon="-0.2654180">
    <ele>5.2</ele>
    <time>2026-06-19T19:11:21Z</time>
   </trkpt>
   <trkpt lat="51.4698010" lon="-0.2654310">
    <ele>5.2</ele>
    <time>2026-06-19T19:11:22Z</time>
   </trkpt>
   <trkpt lat="51.4697970" lon="-0.2654450">
    <ele>5.2</ele>
    <time>2026-06-19T19:11:23Z</time>
   </trkpt>
   <trkpt lat="51.4697910" lon="-0.2654720">
    <ele>5.2</ele>
    <time>2026-06-19T19:11:24Z</time>
   </trkpt>
   <trkpt lat="51.4697850" lon="-0.2654990">
    <ele>5.2</ele>
    <time>2026-06-19T19:11:25Z</time>
   </trkpt>
   <trkpt lat="51.4697790" lon="-0.2655220">
    <ele>5.1</ele>
    <time>2026-06-19T19:11:26Z</time>
   </trkpt>
   <trkpt lat="51.4697770" lon="-0.2655430">
    <ele>5.1</ele>
    <time>2026-06-19T19:11:27Z</time>
   </trkpt>
   <trkpt lat="51.4697710" lon="-0.2655600">
    <ele>5.1</ele>
    <time>2026-06-19T19:11:28Z</time>
   </trkpt>
   <trkpt lat="51.4697620" lon="-0.2655740">
    <ele>5.1</ele>
    <time>2026-06-19T19:11:29Z</time>
   </trkpt>
   <trkpt lat="51.4697560" lon="-0.2655860">
    <ele>5.1</ele>
    <time>2026-06-19T19:11:30Z</time>
   </trkpt>
   <trkpt lat="51.4697470" lon="-0.2655930">
    <ele>5.1</ele>
    <time>2026-06-19T19:11:31Z</time>
   </trkpt>
   <trkpt lat="51.4697390" lon="-0.2655990">
    <ele>5.1</ele>
    <time>2026-06-19T19:11:32Z</time>
   </trkpt>
   <trkpt lat="51.4697290" lon="-0.2656070">
    <ele>5.1</ele>
    <time>2026-06-19T19:11:33Z</time>
   </trkpt>
   <trkpt lat="51.4697190" lon="-0.2656180">
    <ele>5.1</ele>
    <time>2026-06-19T19:11:34Z</time>
   </trkpt>
   <trkpt lat="51.4697130" lon="-0.2656200">
    <ele>5.1</ele>
    <time>2026-06-19T19:11:35Z</time>
   </trkpt>
   <trkpt lat="51.4697050" lon="-0.2656290">
    <ele>5.1</ele>
    <time>2026-06-19T19:11:36Z</time>
   </trkpt>
   <trkpt lat="51.4696990" lon="-0.2656350">
    <ele>5.1</ele>
    <time>2026-06-19T19:11:37Z</time>
   </trkpt>
   <trkpt lat="51.4696880" lon="-0.2656440">
    <ele>5.1</ele>
    <time>2026-06-19T19:11:38Z</time>
   </trkpt>
   <trkpt lat="51.4696710" lon="-0.2656560">
    <ele>5.1</ele>
    <time>2026-06-19T19:11:39Z</time>
   </trkpt>
   <trkpt lat="51.4696620" lon="-0.2656620">
    <ele>5.1</ele>
    <time>2026-06-19T19:11:40Z</time>
   </trkpt>
   <trkpt lat="51.4696510" lon="-0.2656640">
    <ele>5.1</ele>
    <time>2026-06-19T19:11:41Z</time>
   </trkpt>
   <trkpt lat="51.4696420" lon="-0.2656720">
    <ele>5.1</ele>
    <time>2026-06-19T19:11:42Z</time>
   </trkpt>
   <trkpt lat="51.4696250" lon="-0.2656730">
    <ele>5.0</ele>
    <time>2026-06-19T19:11:43Z</time>
   </trkpt>
   <trkpt lat="51.4696160" lon="-0.2656900">
    <ele>5.0</ele>
    <time>2026-06-19T19:11:44Z</time>
   </trkpt>
   <trkpt lat="51.4696090" lon="-0.2657190">
    <ele>5.0</ele>
    <time>2026-06-19T19:11:45Z</time>
   </trkpt>
   <trkpt lat="51.4696010" lon="-0.2657430">
    <ele>5.0</ele>
    <time>2026-06-19T19:11:46Z</time>
   </trkpt>
   <trkpt lat="51.4695950" lon="-0.2657620">
    <ele>5.0</ele>
    <time>2026-06-19T19:11:47Z</time>
   </trkpt>
   <trkpt lat="51.4695930" lon="-0.2657910">
    <ele>5.0</ele>
    <time>2026-06-19T19:11:48Z</time>
   </trkpt>
   <trkpt lat="51.4695900" lon="-0.2658240">
    <ele>5.0</ele>
    <time>2026-06-19T19:11:49Z</time>
   </trkpt>
   <trkpt lat="51.4695880" lon="-0.2658400">
    <ele>5.0</ele>
    <time>2026-06-19T19:11:50Z</time>
   </trkpt>
   <trkpt lat="51.4695870" lon="-0.2658560">
    <ele>5.0</ele>
    <time>2026-06-19T19:11:51Z</time>
   </trkpt>
   <trkpt lat="51.4695840" lon="-0.2658780">
    <ele>5.0</ele>
    <time>2026-06-19T19:11:52Z</time>
   </trkpt>
   <trkpt lat="51.4695830" lon="-0.2658990">
    <ele>5.0</ele>
    <time>2026-06-19T19:11:53Z</time>
   </trkpt>
   <trkpt lat="51.4695850" lon="-0.2659260">
    <ele>5.0</ele>
    <time>2026-06-19T19:11:54Z</time>
   </trkpt>
   <trkpt lat="51.4695860" lon="-0.2659550">
    <ele>5.0</ele>
    <time>2026-06-19T19:11:55Z</time>
   </trkpt>
   <trkpt lat="51.4695820" lon="-0.2659820">
    <ele>5.0</ele>
    <time>2026-06-19T19:11:56Z</time>
   </trkpt>
   <trkpt lat="51.4695770" lon="-0.2660090">
    <ele>5.0</ele>
    <time>2026-06-19T19:11:57Z</time>
   </trkpt>
   <trkpt lat="51.4695790" lon="-0.2660540">
    <ele>5.0</ele>
    <time>2026-06-19T19:11:58Z</time>
   </trkpt>
   <trkpt lat="51.4695800" lon="-0.2660710">
    <ele>5.0</ele>
    <time>2026-06-19T19:11:59Z</time>
   </trkpt>
   <trkpt lat="51.4695770" lon="-0.2661190">
    <ele>5.0</ele>
    <time>2026-06-19T19:12:00Z</time>
   </trkpt>
   <trkpt lat="51.4695730" lon="-0.2661310">
    <ele>5.0</ele>
    <time>2026-06-19T19:12:01Z</time>
   </trkpt>
   <trkpt lat="51.4695690" lon="-0.2661760">
    <ele>5.0</ele>
    <time>2026-06-19T19:12:02Z</time>
   </trkpt>
   <trkpt lat="51.4695710" lon="-0.2661950">
    <ele>5.0</ele>
    <time>2026-06-19T19:12:03Z</time>
   </trkpt>
   <trkpt lat="51.4695730" lon="-0.2662420">
    <ele>5.0</ele>
    <time>2026-06-19T19:12:04Z</time>
   </trkpt>
   <trkpt lat="51.4695710" lon="-0.2662560">
    <ele>5.1</ele>
    <time>2026-06-19T19:12:05Z</time>
   </trkpt>
   <trkpt lat="51.4695640" lon="-0.2662800">
    <ele>5.1</ele>
    <time>2026-06-19T19:12:06Z</time>
   </trkpt>
   <trkpt lat="51.4695620" lon="-0.2663080">
    <ele>5.1</ele>
    <time>2026-06-19T19:12:07Z</time>
   </trkpt>
   <trkpt lat="51.4695630" lon="-0.2663330">
    <ele>5.1</ele>
    <time>2026-06-19T19:12:08Z</time>
   </trkpt>
   <trkpt lat="51.4695620" lon="-0.2663580">
    <ele>5.1</ele>
    <time>2026-06-19T19:12:09Z</time>
   </trkpt>
   <trkpt lat="51.4695560" lon="-0.2663920">
    <ele>5.2</ele>
    <time>2026-06-19T19:12:10Z</time>
   </trkpt>
   <trkpt lat="51.4695530" lon="-0.2664080">
    <ele>5.2</ele>
    <time>2026-06-19T19:12:11Z</time>
   </trkpt>
   <trkpt lat="51.4695490" lon="-0.2664240">
    <ele>5.2</ele>
    <time>2026-06-19T19:12:12Z</time>
   </trkpt>
   <trkpt lat="51.4695530" lon="-0.2664660">
    <ele>5.2</ele>
    <time>2026-06-19T19:12:13Z</time>
   </trkpt>
   <trkpt lat="51.4695550" lon="-0.2664820">
    <ele>5.2</ele>
    <time>2026-06-19T19:12:14Z</time>
   </trkpt>
   <trkpt lat="51.4695580" lon="-0.2664990">
    <ele>5.2</ele>
    <time>2026-06-19T19:12:15Z</time>
   </trkpt>
   <trkpt lat="51.4695740" lon="-0.2665440">
    <ele>5.3</ele>
    <time>2026-06-19T19:12:16Z</time>
   </trkpt>
   <trkpt lat="51.4695790" lon="-0.2665570">
    <ele>5.3</ele>
    <time>2026-06-19T19:12:17Z</time>
   </trkpt>
   <trkpt lat="51.4695950" lon="-0.2665980">
    <ele>5.3</ele>
    <time>2026-06-19T19:12:18Z</time>
   </trkpt>
   <trkpt lat="51.4696030" lon="-0.2666110">
    <ele>5.3</ele>
    <time>2026-06-19T19:12:19Z</time>
   </trkpt>
   <trkpt lat="51.4696160" lon="-0.2666300">
    <ele>5.3</ele>
    <time>2026-06-19T19:12:20Z</time>
   </trkpt>
   <trkpt lat="51.4696240" lon="-0.2666420">
    <ele>5.3</ele>
    <time>2026-06-19T19:12:21Z</time>
   </trkpt>
   <trkpt lat="51.4696270" lon="-0.2666480">
    <ele>5.3</ele>
    <time>2026-06-19T19:12:22Z</time>
   </trkpt>
   <trkpt lat="51.4696320" lon="-0.2666550">
    <ele>5.3</ele>
    <time>2026-06-19T19:12:23Z</time>
   </trkpt>
   <trkpt lat="51.4696490" lon="-0.2666640">
    <ele>5.3</ele>
    <time>2026-06-19T19:12:24Z</time>
   </trkpt>
   <trkpt lat="51.4696660" lon="-0.2666700">
    <ele>5.3</ele>
    <time>2026-06-19T19:12:25Z</time>
   </trkpt>
   <trkpt lat="51.4696790" lon="-0.2666890">
    <ele>5.2</ele>
    <time>2026-06-19T19:12:26Z</time>
   </trkpt>
   <trkpt lat="51.4696880" lon="-0.2667080">
    <ele>5.2</ele>
    <time>2026-06-19T19:12:27Z</time>
   </trkpt>
   <trkpt lat="51.4697010" lon="-0.2667240">
    <ele>5.2</ele>
    <time>2026-06-19T19:12:28Z</time>
   </trkpt>
   <trkpt lat="51.4697090" lon="-0.2667450">
    <ele>5.2</ele>
    <time>2026-06-19T19:12:29Z</time>
   </trkpt>
   <trkpt lat="51.4697230" lon="-0.2667670">
    <ele>5.2</ele>
    <time>2026-06-19T19:12:30Z</time>
   </trkpt>
   <trkpt lat="51.4697330" lon="-0.2667910">
    <ele>5.2</ele>
    <time>2026-06-19T19:12:31Z</time>
   </trkpt>
   <trkpt lat="51.4697480" lon="-0.2668020">
    <ele>5.2</ele>
    <time>2026-06-19T19:12:32Z</time>
   </trkpt>
   <trkpt lat="51.4697580" lon="-0.2668090">
    <ele>5.2</ele>
    <time>2026-06-19T19:12:33Z</time>
   </trkpt>
   <trkpt lat="51.4697700" lon="-0.2668310">
    <ele>5.2</ele>
    <time>2026-06-19T19:12:34Z</time>
   </trkpt>
   <trkpt lat="51.4697830" lon="-0.2668430">
    <ele>5.2</ele>
    <time>2026-06-19T19:12:35Z</time>
   </trkpt>
   <trkpt lat="51.4697940" lon="-0.2668520">
    <ele>5.2</ele>
    <time>2026-06-19T19:12:36Z</time>
   </trkpt>
   <trkpt lat="51.4698050" lon="-0.2668810">
    <ele>5.2</ele>
    <time>2026-06-19T19:12:37Z</time>
   </trkpt>
   <trkpt lat="51.4698090" lon="-0.2668940">
    <ele>5.1</ele>
    <time>2026-06-19T19:12:38Z</time>
   </trkpt>
   <trkpt lat="51.4698130" lon="-0.2669070">
    <ele>5.1</ele>
    <time>2026-06-19T19:12:39Z</time>
   </trkpt>
   <trkpt lat="51.4698190" lon="-0.2669240">
    <ele>5.1</ele>
    <time>2026-06-19T19:12:40Z</time>
   </trkpt>
   <trkpt lat="51.4698230" lon="-0.2669470">
    <ele>5.1</ele>
    <time>2026-06-19T19:12:41Z</time>
   </trkpt>
   <trkpt lat="51.4698270" lon="-0.2669810">
    <ele>5.1</ele>
    <time>2026-06-19T19:12:42Z</time>
   </trkpt>
   <trkpt lat="51.4698270" lon="-0.2669940">
    <ele>5.1</ele>
    <time>2026-06-19T19:12:43Z</time>
   </trkpt>
   <trkpt lat="51.4698280" lon="-0.2670070">
    <ele>5.1</ele>
    <time>2026-06-19T19:12:44Z</time>
   </trkpt>
   <trkpt lat="51.4698320" lon="-0.2670290">
    <ele>5.1</ele>
    <time>2026-06-19T19:12:45Z</time>
   </trkpt>
   <trkpt lat="51.4698350" lon="-0.2670530">
    <ele>5.1</ele>
    <time>2026-06-19T19:12:46Z</time>
   </trkpt>
   <trkpt lat="51.4698340" lon="-0.2670720">
    <ele>5.1</ele>
    <time>2026-06-19T19:12:47Z</time>
   </trkpt>
   <trkpt lat="51.4698330" lon="-0.2670890">
    <ele>5.1</ele>
    <time>2026-06-19T19:12:48Z</time>
   </trkpt>
   <trkpt lat="51.4698290" lon="-0.2671080">
    <ele>5.1</ele>
    <time>2026-06-19T19:12:49Z</time>
   </trkpt>
   <trkpt lat="51.4698240" lon="-0.2671400">
    <ele>5.1</ele>
    <time>2026-06-19T19:12:50Z</time>
   </trkpt>
   <trkpt lat="51.4698220" lon="-0.2671520">
    <ele>5.1</ele>
    <time>2026-06-19T19:12:51Z</time>
   </trkpt>
   <trkpt lat="51.4698190" lon="-0.2671640">
    <ele>5.1</ele>
    <time>2026-06-19T19:12:52Z</time>
   </trkpt>
   <trkpt lat="51.4698180" lon="-0.2672000">
    <ele>5.1</ele>
    <time>2026-06-19T19:12:53Z</time>
   </trkpt>
   <trkpt lat="51.4698150" lon="-0.2672130">
    <ele>5.1</ele>
    <time>2026-06-19T19:12:54Z</time>
   </trkpt>
   <trkpt lat="51.4698130" lon="-0.2672260">
    <ele>5.1</ele>
    <time>2026-06-19T19:12:55Z</time>
   </trkpt>
   <trkpt lat="51.4698090" lon="-0.2672470">
    <ele>5.1</ele>
    <time>2026-06-19T19:12:56Z</time>
   </trkpt>
   <trkpt lat="51.4698030" lon="-0.2672670">
    <ele>5.1</ele>
    <time>2026-06-19T19:12:57Z</time>
   </trkpt>
   <trkpt lat="51.4698060" lon="-0.2672910">
    <ele>5.1</ele>
    <time>2026-06-19T19:12:58Z</time>
   </trkpt>
   <trkpt lat="51.4698050" lon="-0.2673130">
    <ele>5.1</ele>
    <time>2026-06-19T19:12:59Z</time>
   </trkpt>
   <trkpt lat="51.4698000" lon="-0.2673330">
    <ele>5.1</ele>
    <time>2026-06-19T19:13:00Z</time>
   </trkpt>
   <trkpt lat="51.4697930" lon="-0.2673540">
    <ele>5.1</ele>
    <time>2026-06-19T19:13:01Z</time>
   </trkpt>
   <trkpt lat="51.4697920" lon="-0.2673880">
    <ele>5.1</ele>
    <time>2026-06-19T19:13:02Z</time>
   </trkpt>
   <trkpt lat="51.4697920" lon="-0.2674030">
    <ele>5.1</ele>
    <time>2026-06-19T19:13:03Z</time>
   </trkpt>
   <trkpt lat="51.4697920" lon="-0.2674180">
    <ele>5.1</ele>
    <time>2026-06-19T19:13:04Z</time>
   </trkpt>
   <trkpt lat="51.4697900" lon="-0.2674530">
    <ele>5.1</ele>
    <time>2026-06-19T19:13:05Z</time>
   </trkpt>
   <trkpt lat="51.4697890" lon="-0.2674670">
    <ele>5.1</ele>
    <time>2026-06-19T19:13:06Z</time>
   </trkpt>
   <trkpt lat="51.4697880" lon="-0.2674820">
    <ele>5.1</ele>
    <time>2026-06-19T19:13:07Z</time>
   </trkpt>
   <trkpt lat="51.4697840" lon="-0.2675160">
    <ele>5.1</ele>
    <time>2026-06-19T19:13:08Z</time>
   </trkpt>
   <trkpt lat="51.4697820" lon="-0.2675290">
    <ele>5.1</ele>
    <time>2026-06-19T19:13:09Z</time>
   </trkpt>
   <trkpt lat="51.4697790" lon="-0.2675420">
    <ele>5.1</ele>
    <time>2026-06-19T19:13:10Z</time>
   </trkpt>
   <trkpt lat="51.4697750" lon="-0.2675700">
    <ele>5.1</ele>
    <time>2026-06-19T19:13:11Z</time>
   </trkpt>
   <trkpt lat="51.4697710" lon="-0.2675890">
    <ele>5.1</ele>
    <time>2026-06-19T19:13:12Z</time>
   </trkpt>
   <trkpt lat="51.4697690" lon="-0.2676230">
    <ele>5.1</ele>
    <time>2026-06-19T19:13:13Z</time>
   </trkpt>
   <trkpt lat="51.4697670" lon="-0.2676370">
    <ele>5.1</ele>
    <time>2026-06-19T19:13:14Z</time>
   </trkpt>
   <trkpt lat="51.4697650" lon="-0.2676500">
    <ele>5.1</ele>
    <time>2026-06-19T19:13:15Z</time>
   </trkpt>
   <trkpt lat="51.4697580" lon="-0.2676740">
    <ele>5.2</ele>
    <time>2026-06-19T19:13:16Z</time>
   </trkpt>
   <trkpt lat="51.4697590" lon="-0.2676960">
    <ele>5.2</ele>
    <time>2026-06-19T19:13:17Z</time>
   </trkpt>
   <trkpt lat="51.4697580" lon="-0.2677190">
    <ele>5.2</ele>
    <time>2026-06-19T19:13:18Z</time>
   </trkpt>
   <trkpt lat="51.4697550" lon="-0.2677390">
    <ele>5.2</ele>
    <time>2026-06-19T19:13:19Z</time>
   </trkpt>
   <trkpt lat="51.4697480" lon="-0.2677610">
    <ele>5.2</ele>
    <time>2026-06-19T19:13:20Z</time>
   </trkpt>
   <trkpt lat="51.4697470" lon="-0.2677870">
    <ele>5.2</ele>
    <time>2026-06-19T19:13:21Z</time>
   </trkpt>
   <trkpt lat="51.4697390" lon="-0.2678070">
    <ele>5.2</ele>
    <time>2026-06-19T19:13:22Z</time>
   </trkpt>
   <trkpt lat="51.4697370" lon="-0.2678270">
    <ele>5.3</ele>
    <time>2026-06-19T19:13:23Z</time>
   </trkpt>
   <trkpt lat="51.4697350" lon="-0.2678650">
    <ele>5.3</ele>
    <time>2026-06-19T19:13:24Z</time>
   </trkpt>
   <trkpt lat="51.4697340" lon="-0.2678820">
    <ele>5.3</ele>
    <time>2026-06-19T19:13:25Z</time>
   </trkpt>
   <trkpt lat="51.4697330" lon="-0.2678980">
    <ele>5.3</ele>
    <time>2026-06-19T19:13:26Z</time>
   </trkpt>
   <trkpt lat="51.4697230" lon="-0.2679310">
    <ele>5.3</ele>
    <time>2026-06-19T19:13:27Z</time>
   </trkpt>
   <trkpt lat="51.4697200" lon="-0.2679410">
    <ele>5.3</ele>
    <time>2026-06-19T19:13:28Z</time>
   </trkpt>
   <trkpt lat="51.4697160" lon="-0.2679520">
    <ele>5.4</ele>
    <time>2026-06-19T19:13:29Z</time>
   </trkpt>
   <trkpt lat="51.4697120" lon="-0.2679680">
    <ele>5.4</ele>
    <time>2026-06-19T19:13:30Z</time>
   </trkpt>
   <trkpt lat="51.4697140" lon="-0.2679970">
    <ele>5.4</ele>
    <time>2026-06-19T19:13:31Z</time>
   </trkpt>
   <trkpt lat="51.4697130" lon="-0.2680200">
    <ele>5.5</ele>
    <time>2026-06-19T19:13:32Z</time>
   </trkpt>
   <trkpt lat="51.4697090" lon="-0.2680450">
    <ele>5.5</ele>
    <time>2026-06-19T19:13:33Z</time>
   </trkpt>
   <trkpt lat="51.4697080" lon="-0.2680690">
    <ele>5.5</ele>
    <time>2026-06-19T19:13:34Z</time>
   </trkpt>
   <trkpt lat="51.4697070" lon="-0.2680910">
    <ele>5.5</ele>
    <time>2026-06-19T19:13:35Z</time>
   </trkpt>
   <trkpt lat="51.4697030" lon="-0.2681130">
    <ele>5.5</ele>
    <time>2026-06-19T19:13:36Z</time>
   </trkpt>
   <trkpt lat="51.4697020" lon="-0.2681380">
    <ele>5.5</ele>
    <time>2026-06-19T19:13:37Z</time>
   </trkpt>
   <trkpt lat="51.4696950" lon="-0.2681720">
    <ele>5.6</ele>
    <time>2026-06-19T19:13:38Z</time>
   </trkpt>
   <trkpt lat="51.4696930" lon="-0.2681860">
    <ele>5.6</ele>
    <time>2026-06-19T19:13:39Z</time>
   </trkpt>
   <trkpt lat="51.4696900" lon="-0.2681990">
    <ele>5.6</ele>
    <time>2026-06-19T19:13:40Z</time>
   </trkpt>
   <trkpt lat="51.4696870" lon="-0.2682150">
    <ele>5.6</ele>
    <time>2026-06-19T19:13:41Z</time>
   </trkpt>
   <trkpt lat="51.4696900" lon="-0.2682350">
    <ele>5.6</ele>
    <time>2026-06-19T19:13:42Z</time>
   </trkpt>
   <trkpt lat="51.4696910" lon="-0.2682500">
    <ele>5.6</ele>
    <time>2026-06-19T19:13:43Z</time>
   </trkpt>
   <trkpt lat="51.4696940" lon="-0.2682760">
    <ele>5.6</ele>
    <time>2026-06-19T19:13:44Z</time>
   </trkpt>
   <trkpt lat="51.4697020" lon="-0.2682850">
    <ele>5.6</ele>
    <time>2026-06-19T19:13:45Z</time>
   </trkpt>
   <trkpt lat="51.4697090" lon="-0.2682950">
    <ele>5.6</ele>
    <time>2026-06-19T19:13:46Z</time>
   </trkpt>
   <trkpt lat="51.4697160" lon="-0.2683040">
    <ele>5.7</ele>
    <time>2026-06-19T19:13:47Z</time>
   </trkpt>
   <trkpt lat="51.4697300" lon="-0.2683080">
    <ele>5.7</ele>
    <time>2026-06-19T19:13:48Z</time>
   </trkpt>
   <trkpt lat="51.4697360" lon="-0.2683130">
    <ele>5.7</ele>
    <time>2026-06-19T19:13:49Z</time>
   </trkpt>
   <trkpt lat="51.4697470" lon="-0.2683180">
    <ele>5.7</ele>
    <time>2026-06-19T19:13:50Z</time>
   </trkpt>
   <trkpt lat="51.4697560" lon="-0.2683200">
    <ele>5.7</ele>
    <time>2026-06-19T19:13:51Z</time>
   </trkpt>
   <trkpt lat="51.4697710" lon="-0.2683220">
    <ele>5.7</ele>
    <time>2026-06-19T19:13:52Z</time>
   </trkpt>
   <trkpt lat="51.4697800" lon="-0.2683220">
    <ele>5.7</ele>
    <time>2026-06-19T19:13:53Z</time>
   </trkpt>
   <trkpt lat="51.4698010" lon="-0.2683220">
    <ele>5.8</ele>
    <time>2026-06-19T19:13:54Z</time>
   </trkpt>
   <trkpt lat="51.4698110" lon="-0.2683250">
    <ele>5.8</ele>
    <time>2026-06-19T19:13:55Z</time>
   </trkpt>
   <trkpt lat="51.4698210" lon="-0.2683270">
    <ele>5.8</ele>
    <time>2026-06-19T19:13:56Z</time>
   </trkpt>
   <trkpt lat="51.4698340" lon="-0.2683280">
    <ele>5.8</ele>
    <time>2026-06-19T19:13:57Z</time>
   </trkpt>
   <trkpt lat="51.4698460" lon="-0.2683280">
    <ele>5.8</ele>
    <time>2026-06-19T19:13:58Z</time>
   </trkpt>
   <trkpt lat="51.4698570" lon="-0.2683260">
    <ele>5.8</ele>
    <time>2026-06-19T19:13:59Z</time>
   </trkpt>
   <trkpt lat="51.4698700" lon="-0.2683200">
    <ele>5.8</ele>
    <time>2026-06-19T19:14:00Z</time>
   </trkpt>
   <trkpt lat="51.4698790" lon="-0.2683180">
    <ele>5.8</ele>
    <time>2026-06-19T19:14:01Z</time>
   </trkpt>
   <trkpt lat="51.4698870" lon="-0.2683170">
    <ele>5.9</ele>
    <time>2026-06-19T19:14:02Z</time>
   </trkpt>
   <trkpt lat="51.4698960" lon="-0.2683150">
    <ele>5.9</ele>
    <time>2026-06-19T19:14:03Z</time>
   </trkpt>
   <trkpt lat="51.4699040" lon="-0.2683150">
    <ele>5.9</ele>
    <time>2026-06-19T19:14:04Z</time>
   </trkpt>
   <trkpt lat="51.4699150" lon="-0.2683220">
    <ele>5.9</ele>
    <time>2026-06-19T19:14:05Z</time>
   </trkpt>
   <trkpt lat="51.4699320" lon="-0.2683190">
    <ele>5.9</ele>
    <time>2026-06-19T19:14:06Z</time>
   </trkpt>
   <trkpt lat="51.4699430" lon="-0.2683160">
    <ele>5.9</ele>
    <time>2026-06-19T19:14:07Z</time>
   </trkpt>
   <trkpt lat="51.4699500" lon="-0.2683120">
    <ele>5.9</ele>
    <time>2026-06-19T19:14:08Z</time>
   </trkpt>
   <trkpt lat="51.4699600" lon="-0.2683080">
    <ele>5.9</ele>
    <time>2026-06-19T19:14:09Z</time>
   </trkpt>
   <trkpt lat="51.4699760" lon="-0.2683050">
    <ele>6.0</ele>
    <time>2026-06-19T19:14:10Z</time>
   </trkpt>
   <trkpt lat="51.4699890" lon="-0.2683070">
    <ele>6.0</ele>
    <time>2026-06-19T19:14:11Z</time>
   </trkpt>
   <trkpt lat="51.4700090" lon="-0.2683190">
    <ele>6.0</ele>
    <time>2026-06-19T19:14:12Z</time>
   </trkpt>
   <trkpt lat="51.4700160" lon="-0.2683240">
    <ele>6.0</ele>
    <time>2026-06-19T19:14:13Z</time>
   </trkpt>
   <trkpt lat="51.4700230" lon="-0.2683300">
    <ele>6.0</ele>
    <time>2026-06-19T19:14:14Z</time>
   </trkpt>
   <trkpt lat="51.4700460" lon="-0.2683250">
    <ele>6.0</ele>
    <time>2026-06-19T19:14:15Z</time>
   </trkpt>
   <trkpt lat="51.4700550" lon="-0.2683270">
    <ele>6.0</ele>
    <time>2026-06-19T19:14:16Z</time>
   </trkpt>
   <trkpt lat="51.4700640" lon="-0.2683290">
    <ele>6.0</ele>
    <time>2026-06-19T19:14:17Z</time>
   </trkpt>
   <trkpt lat="51.4700870" lon="-0.2683350">
    <ele>6.1</ele>
    <time>2026-06-19T19:14:18Z</time>
   </trkpt>
   <trkpt lat="51.4700940" lon="-0.2683290">
    <ele>6.1</ele>
    <time>2026-06-19T19:14:19Z</time>
   </trkpt>
   <trkpt lat="51.4701110" lon="-0.2683380">
    <ele>6.1</ele>
    <time>2026-06-19T19:14:20Z</time>
   </trkpt>
   <trkpt lat="51.4701180" lon="-0.2683390">
    <ele>6.1</ele>
    <time>2026-06-19T19:14:21Z</time>
   </trkpt>
   <trkpt lat="51.4701240" lon="-0.2683400">
    <ele>6.1</ele>
    <time>2026-06-19T19:14:22Z</time>
   </trkpt>
   <trkpt lat="51.4701310" lon="-0.2683410">
    <ele>6.1</ele>
    <time>2026-06-19T19:14:23Z</time>
   </trkpt>
   <trkpt lat="51.4701500" lon="-0.2683430">
    <ele>6.1</ele>
    <time>2026-06-19T19:14:24Z</time>
   </trkpt>
   <trkpt lat="51.4701640" lon="-0.2683420">
    <ele>6.1</ele>
    <time>2026-06-19T19:14:25Z</time>
   </trkpt>
   <trkpt lat="51.4701780" lon="-0.2683430">
    <ele>6.2</ele>
    <time>2026-06-19T19:14:26Z</time>
   </trkpt>
   <trkpt lat="51.4701930" lon="-0.2683550">
    <ele>6.2</ele>
    <time>2026-06-19T19:14:27Z</time>
   </trkpt>
   <trkpt lat="51.4702190" lon="-0.2683480">
    <ele>6.2</ele>
    <time>2026-06-19T19:14:28Z</time>
   </trkpt>
   <trkpt lat="51.4702300" lon="-0.2683470">
    <ele>6.2</ele>
    <time>2026-06-19T19:14:29Z</time>
   </trkpt>
   <trkpt lat="51.4702400" lon="-0.2683440">
    <ele>6.2</ele>
    <time>2026-06-19T19:14:30Z</time>
   </trkpt>
   <trkpt lat="51.4702510" lon="-0.2683410">
    <ele>6.2</ele>
    <time>2026-06-19T19:14:31Z</time>
   </trkpt>
   <trkpt lat="51.4702610" lon="-0.2683420">
    <ele>6.2</ele>
    <time>2026-06-19T19:14:32Z</time>
   </trkpt>
   <trkpt lat="51.4702660" lon="-0.2683350">
    <ele>6.2</ele>
    <time>2026-06-19T19:14:33Z</time>
   </trkpt>
   <trkpt lat="51.4702750" lon="-0.2683320">
    <ele>6.2</ele>
    <time>2026-06-19T19:14:34Z</time>
   </trkpt>
   <trkpt lat="51.4702920" lon="-0.2683250">
    <ele>6.1</ele>
    <time>2026-06-19T19:14:35Z</time>
   </trkpt>
   <trkpt lat="51.4703040" lon="-0.2683110">
    <ele>6.1</ele>
    <time>2026-06-19T19:14:36Z</time>
   </trkpt>
   <trkpt lat="51.4703180" lon="-0.2683020">
    <ele>6.1</ele>
    <time>2026-06-19T19:14:37Z</time>
   </trkpt>
   <trkpt lat="51.4703470" lon="-0.2682930">
    <ele>6.1</ele>
    <time>2026-06-19T19:14:38Z</time>
   </trkpt>
   <trkpt lat="51.4703550" lon="-0.2682930">
    <ele>6.1</ele>
    <time>2026-06-19T19:14:39Z</time>
   </trkpt>
   <trkpt lat="51.4703770" lon="-0.2682900">
    <ele>6.1</ele>
    <time>2026-06-19T19:14:40Z</time>
   </trkpt>
   <trkpt lat="51.4703860" lon="-0.2682870">
    <ele>6.1</ele>
    <time>2026-06-19T19:14:41Z</time>
   </trkpt>
   <trkpt lat="51.4703960" lon="-0.2682840">
    <ele>6.1</ele>
    <time>2026-06-19T19:14:42Z</time>
   </trkpt>
   <trkpt lat="51.4704130" lon="-0.2682880">
    <ele>6.1</ele>
    <time>2026-06-19T19:14:43Z</time>
   </trkpt>
   <trkpt lat="51.4704220" lon="-0.2682880">
    <ele>6.0</ele>
    <time>2026-06-19T19:14:44Z</time>
   </trkpt>
   <trkpt lat="51.4704300" lon="-0.2682880">
    <ele>6.0</ele>
    <time>2026-06-19T19:14:45Z</time>
   </trkpt>
   <trkpt lat="51.4704390" lon="-0.2682880">
    <ele>6.0</ele>
    <time>2026-06-19T19:14:46Z</time>
   </trkpt>
   <trkpt lat="51.4704610" lon="-0.2682690">
    <ele>6.0</ele>
    <time>2026-06-19T19:14:47Z</time>
   </trkpt>
   <trkpt lat="51.4704690" lon="-0.2682610">
    <ele>6.0</ele>
    <time>2026-06-19T19:14:48Z</time>
   </trkpt>
   <trkpt lat="51.4704780" lon="-0.2682540">
    <ele>6.0</ele>
    <time>2026-06-19T19:14:49Z</time>
   </trkpt>
   <trkpt lat="51.4704940" lon="-0.2682410">
    <ele>6.0</ele>
    <time>2026-06-19T19:14:50Z</time>
   </trkpt>
   <trkpt lat="51.4705050" lon="-0.2682420">
    <ele>6.0</ele>
    <time>2026-06-19T19:14:51Z</time>
   </trkpt>
   <trkpt lat="51.4705060" lon="-0.2682500">
    <ele>6.0</ele>
    <time>2026-06-19T19:14:52Z</time>
   </trkpt>
   <trkpt lat="51.4705180" lon="-0.2682520">
    <ele>6.0</ele>
    <time>2026-06-19T19:14:53Z</time>
   </trkpt>
   <trkpt lat="51.4705330" lon="-0.2682440">
    <ele>5.9</ele>
    <time>2026-06-19T19:14:54Z</time>
   </trkpt>
   <trkpt lat="51.4705480" lon="-0.2682410">
    <ele>5.9</ele>
    <time>2026-06-19T19:14:55Z</time>
   </trkpt>
   <trkpt lat="51.4705610" lon="-0.2682360">
    <ele>5.9</ele>
    <time>2026-06-19T19:14:56Z</time>
   </trkpt>
   <trkpt lat="51.4705740" lon="-0.2682450">
    <ele>5.9</ele>
    <time>2026-06-19T19:14:57Z</time>
   </trkpt>
   <trkpt lat="51.4705800" lon="-0.2682680">
    <ele>5.9</ele>
    <time>2026-06-19T19:14:58Z</time>
   </trkpt>
   <trkpt lat="51.4705850" lon="-0.2682800">
    <ele>5.9</ele>
    <time>2026-06-19T19:14:59Z</time>
   </trkpt>
   <trkpt lat="51.4705950" lon="-0.2682930">
    <ele>5.9</ele>
    <time>2026-06-19T19:15:00Z</time>
   </trkpt>
   <trkpt lat="51.4706040" lon="-0.2682980">
    <ele>5.8</ele>
    <time>2026-06-19T19:15:01Z</time>
   </trkpt>
   <trkpt lat="51.4706130" lon="-0.2682920">
    <ele>5.8</ele>
    <time>2026-06-19T19:15:02Z</time>
   </trkpt>
   <trkpt lat="51.4706400" lon="-0.2682940">
    <ele>5.8</ele>
    <time>2026-06-19T19:15:03Z</time>
   </trkpt>
   <trkpt lat="51.4706600" lon="-0.2682990">
    <ele>5.8</ele>
    <time>2026-06-19T19:15:04Z</time>
   </trkpt>
   <trkpt lat="51.4706690" lon="-0.2683010">
    <ele>5.8</ele>
    <time>2026-06-19T19:15:05Z</time>
   </trkpt>
   <trkpt lat="51.4706790" lon="-0.2683020">
    <ele>5.8</ele>
    <time>2026-06-19T19:15:06Z</time>
   </trkpt>
   <trkpt lat="51.4706990" lon="-0.2682920">
    <ele>5.7</ele>
    <time>2026-06-19T19:15:07Z</time>
   </trkpt>
   <trkpt lat="51.4707090" lon="-0.2682810">
    <ele>5.7</ele>
    <time>2026-06-19T19:15:08Z</time>
   </trkpt>
   <trkpt lat="51.4707190" lon="-0.2682700">
    <ele>5.7</ele>
    <time>2026-06-19T19:15:09Z</time>
   </trkpt>
   <trkpt lat="51.4707280" lon="-0.2682450">
    <ele>5.7</ele>
    <time>2026-06-19T19:15:10Z</time>
   </trkpt>
   <trkpt lat="51.4707380" lon="-0.2682320">
    <ele>5.7</ele>
    <time>2026-06-19T19:15:11Z</time>
   </trkpt>
   <trkpt lat="51.4707400" lon="-0.2682070">
    <ele>5.6</ele>
    <time>2026-06-19T19:15:12Z</time>
   </trkpt>
   <trkpt lat="51.4707460" lon="-0.2681930">
    <ele>5.6</ele>
    <time>2026-06-19T19:15:13Z</time>
   </trkpt>
   <trkpt lat="51.4707530" lon="-0.2681800">
    <ele>5.6</ele>
    <time>2026-06-19T19:15:14Z</time>
   </trkpt>
   <trkpt lat="51.4707600" lon="-0.2681640">
    <ele>5.6</ele>
    <time>2026-06-19T19:15:15Z</time>
   </trkpt>
   <trkpt lat="51.4707820" lon="-0.2681450">
    <ele>5.6</ele>
    <time>2026-06-19T19:15:16Z</time>
   </trkpt>
   <trkpt lat="51.4708080" lon="-0.2681290">
    <ele>5.5</ele>
    <time>2026-06-19T19:15:17Z</time>
   </trkpt>
   <trkpt lat="51.4708160" lon="-0.2681220">
    <ele>5.5</ele>
    <time>2026-06-19T19:15:18Z</time>
   </trkpt>
   <trkpt lat="51.4708420" lon="-0.2681040">
    <ele>5.5</ele>
    <time>2026-06-19T19:15:19Z</time>
   </trkpt>
   <trkpt lat="51.4708520" lon="-0.2680980">
    <ele>5.4</ele>
    <time>2026-06-19T19:15:20Z</time>
   </trkpt>
   <trkpt lat="51.4708620" lon="-0.2680760">
    <ele>5.4</ele>
    <time>2026-06-19T19:15:21Z</time>
   </trkpt>
   <trkpt lat="51.4708770" lon="-0.2680730">
    <ele>5.4</ele>
    <time>2026-06-19T19:15:22Z</time>
   </trkpt>
   <trkpt lat="51.4708890" lon="-0.2680540">
    <ele>5.3</ele>
    <time>2026-06-19T19:15:23Z</time>
   </trkpt>
   <trkpt lat="51.4709010" lon="-0.2680480">
    <ele>5.3</ele>
    <time>2026-06-19T19:15:24Z</time>
   </trkpt>
   <trkpt lat="51.4709310" lon="-0.2680400">
    <ele>5.2</ele>
    <time>2026-06-19T19:15:25Z</time>
   </trkpt>
   <trkpt lat="51.4709380" lon="-0.2680380">
    <ele>5.1</ele>
    <time>2026-06-19T19:15:26Z</time>
   </trkpt>
   <trkpt lat="51.4709550" lon="-0.2680330">
    <ele>5.1</ele>
    <time>2026-06-19T19:15:27Z</time>
   </trkpt>
   <trkpt lat="51.4709710" lon="-0.2680270">
    <ele>5.0</ele>
    <time>2026-06-19T19:15:28Z</time>
   </trkpt>
   <trkpt lat="51.4709850" lon="-0.2680210">
    <ele>5.0</ele>
    <time>2026-06-19T19:15:29Z</time>
   </trkpt>
   <trkpt lat="51.4709960" lon="-0.2680080">
    <ele>4.9</ele>
    <time>2026-06-19T19:15:30Z</time>
   </trkpt>
   <trkpt lat="51.4710140" lon="-0.2679910">
    <ele>4.8</ele>
    <time>2026-06-19T19:15:31Z</time>
   </trkpt>
   <trkpt lat="51.4710200" lon="-0.2679850">
    <ele>4.8</ele>
    <time>2026-06-19T19:15:32Z</time>
   </trkpt>
   <trkpt lat="51.4710270" lon="-0.2679780">
    <ele>4.8</ele>
    <time>2026-06-19T19:15:33Z</time>
   </trkpt>
   <trkpt lat="51.4710370" lon="-0.2679630">
    <ele>4.7</ele>
    <time>2026-06-19T19:15:34Z</time>
   </trkpt>
   <trkpt lat="51.4710500" lon="-0.2679530">
    <ele>4.7</ele>
    <time>2026-06-19T19:15:35Z</time>
   </trkpt>
   <trkpt lat="51.4710660" lon="-0.2679290">
    <ele>4.6</ele>
    <time>2026-06-19T19:15:36Z</time>
   </trkpt>
   <trkpt lat="51.4710710" lon="-0.2679170">
    <ele>4.6</ele>
    <time>2026-06-19T19:15:37Z</time>
   </trkpt>
   <trkpt lat="51.4710760" lon="-0.2679050">
    <ele>4.6</ele>
    <time>2026-06-19T19:15:38Z</time>
   </trkpt>
   <trkpt lat="51.4710880" lon="-0.2678870">
    <ele>4.5</ele>
    <time>2026-06-19T19:15:39Z</time>
   </trkpt>
   <trkpt lat="51.4710910" lon="-0.2678830">
    <ele>4.5</ele>
    <time>2026-06-19T19:15:40Z</time>
   </trkpt>
   <trkpt lat="51.4710940" lon="-0.2678780">
    <ele>4.5</ele>
    <time>2026-06-19T19:15:41Z</time>
   </trkpt>
   <trkpt lat="51.4710970" lon="-0.2678730">
    <ele>4.5</ele>
    <time>2026-06-19T19:15:42Z</time>
   </trkpt>
   <trkpt lat="51.4711000" lon="-0.2678690">
    <ele>4.4</ele>
    <time>2026-06-19T19:15:43Z</time>
   </trkpt>
   <trkpt lat="51.4711030" lon="-0.2678640">
    <ele>4.4</ele>
    <time>2026-06-19T19:15:44Z</time>
   </trkpt>
   <trkpt lat="51.4711130" lon="-0.2678500">
    <ele>4.4</ele>
    <time>2026-06-19T19:15:45Z</time>
   </trkpt>
   <trkpt lat="51.4711260" lon="-0.2678380">
    <ele>4.3</ele>
    <time>2026-06-19T19:15:46Z</time>
   </trkpt>
   <trkpt lat="51.4711460" lon="-0.2678280">
    <ele>4.3</ele>
    <time>2026-06-19T19:15:47Z</time>
   </trkpt>
   <trkpt lat="51.4711560" lon="-0.2678250">
    <ele>4.3</ele>
    <time>2026-06-19T19:15:48Z</time>
   </trkpt>
   <trkpt lat="51.4711670" lon="-0.2678220">
    <ele>4.2</ele>
    <time>2026-06-19T19:15:49Z</time>
   </trkpt>
   <trkpt lat="51.4711870" lon="-0.2678250">
    <ele>4.2</ele>
    <time>2026-06-19T19:15:50Z</time>
   </trkpt>
   <trkpt lat="51.4712010" lon="-0.2678260">
    <ele>4.1</ele>
    <time>2026-06-19T19:15:52Z</time>
   </trkpt>
   <trkpt lat="51.4712110" lon="-0.2678200">
    <ele>4.1</ele>
    <time>2026-06-19T19:15:53Z</time>
   </trkpt>
   <trkpt lat="51.4712220" lon="-0.2678110">
    <ele>4.1</ele>
    <time>2026-06-19T19:15:54Z</time>
   </trkpt>
   <trkpt lat="51.4712350" lon="-0.2678130">
    <ele>4.1</ele>
    <time>2026-06-19T19:15:55Z</time>
   </trkpt>
   <trkpt lat="51.4712640" lon="-0.2678140">
    <ele>4.0</ele>
    <time>2026-06-19T19:15:56Z</time>
   </trkpt>
   <trkpt lat="51.4712860" lon="-0.2678360">
    <ele>3.9</ele>
    <time>2026-06-19T19:15:57Z</time>
   </trkpt>
   <trkpt lat="51.4712940" lon="-0.2678500">
    <ele>3.9</ele>
    <time>2026-06-19T19:15:58Z</time>
   </trkpt>
   <trkpt lat="51.4713190" lon="-0.2678810">
    <ele>3.9</ele>
    <time>2026-06-19T19:15:59Z</time>
   </trkpt>
   <trkpt lat="51.4713270" lon="-0.2678920">
    <ele>3.9</ele>
    <time>2026-06-19T19:16:00Z</time>
   </trkpt>
   <trkpt lat="51.4713370" lon="-0.2679120">
    <ele>3.9</ele>
    <time>2026-06-19T19:16:01Z</time>
   </trkpt>
   <trkpt lat="51.4713490" lon="-0.2679290">
    <ele>3.9</ele>
    <time>2026-06-19T19:16:02Z</time>
   </trkpt>
   <trkpt lat="51.4713600" lon="-0.2679450">
    <ele>3.9</ele>
    <time>2026-06-19T19:16:03Z</time>
   </trkpt>
   <trkpt lat="51.4713710" lon="-0.2679620">
    <ele>3.9</ele>
    <time>2026-06-19T19:16:04Z</time>
   </trkpt>
   <trkpt lat="51.4713800" lon="-0.2679830">
    <ele>3.8</ele>
    <time>2026-06-19T19:16:05Z</time>
   </trkpt>
   <trkpt lat="51.4713860" lon="-0.2680080">
    <ele>3.8</ele>
    <time>2026-06-19T19:16:06Z</time>
   </trkpt>
   <trkpt lat="51.4713920" lon="-0.2680310">
    <ele>3.8</ele>
    <time>2026-06-19T19:16:07Z</time>
   </trkpt>
   <trkpt lat="51.4713970" lon="-0.2680530">
    <ele>3.8</ele>
    <time>2026-06-19T19:16:08Z</time>
   </trkpt>
   <trkpt lat="51.4714150" lon="-0.2680870">
    <ele>3.8</ele>
    <time>2026-06-19T19:16:09Z</time>
   </trkpt>
   <trkpt lat="51.4714230" lon="-0.2681040">
    <ele>3.8</ele>
    <time>2026-06-19T19:16:10Z</time>
   </trkpt>
   <trkpt lat="51.4714370" lon="-0.2681330">
    <ele>3.8</ele>
    <time>2026-06-19T19:16:11Z</time>
   </trkpt>
   <trkpt lat="51.4714430" lon="-0.2681440">
    <ele>3.8</ele>
    <time>2026-06-19T19:16:12Z</time>
   </trkpt>
   <trkpt lat="51.4714490" lon="-0.2681550">
    <ele>3.8</ele>
    <time>2026-06-19T19:16:13Z</time>
   </trkpt>
   <trkpt lat="51.4714590" lon="-0.2681700">
    <ele>3.8</ele>
    <time>2026-06-19T19:16:14Z</time>
   </trkpt>
   <trkpt lat="51.4714680" lon="-0.2681880">
    <ele>3.8</ele>
    <time>2026-06-19T19:16:15Z</time>
   </trkpt>
   <trkpt lat="51.4714780" lon="-0.2682040">
    <ele>3.9</ele>
    <time>2026-06-19T19:16:16Z</time>
   </trkpt>
   <trkpt lat="51.4714830" lon="-0.2682220">
    <ele>3.9</ele>
    <time>2026-06-19T19:16:17Z</time>
   </trkpt>
   <trkpt lat="51.4714870" lon="-0.2682370">
    <ele>3.9</ele>
    <time>2026-06-19T19:16:18Z</time>
   </trkpt>
   <trkpt lat="51.4714970" lon="-0.2682710">
    <ele>3.9</ele>
    <time>2026-06-19T19:16:19Z</time>
   </trkpt>
   <trkpt lat="51.4715020" lon="-0.2682820">
    <ele>3.9</ele>
    <time>2026-06-19T19:16:20Z</time>
   </trkpt>
   <trkpt lat="51.4715070" lon="-0.2682940">
    <ele>3.9</ele>
    <time>2026-06-19T19:16:21Z</time>
   </trkpt>
   <trkpt lat="51.4715080" lon="-0.2683160">
    <ele>3.9</ele>
    <time>2026-06-19T19:16:22Z</time>
   </trkpt>
   <trkpt lat="51.4715120" lon="-0.2683420">
    <ele>3.9</ele>
    <time>2026-06-19T19:16:23Z</time>
   </trkpt>
   <trkpt lat="51.4715160" lon="-0.2683650">
    <ele>3.9</ele>
    <time>2026-06-19T19:16:24Z</time>
   </trkpt>
   <trkpt lat="51.4715260" lon="-0.2683840">
    <ele>3.9</ele>
    <time>2026-06-19T19:16:25Z</time>
   </trkpt>
   <trkpt lat="51.4715370" lon="-0.2683990">
    <ele>3.9</ele>
    <time>2026-06-19T19:16:26Z</time>
   </trkpt>
   <trkpt lat="51.4715460" lon="-0.2684200">
    <ele>3.9</ele>
    <time>2026-06-19T19:16:27Z</time>
   </trkpt>
   <trkpt lat="51.4715500" lon="-0.2684440">
    <ele>3.9</ele>
    <time>2026-06-19T19:16:28Z</time>
   </trkpt>
   <trkpt lat="51.4715550" lon="-0.2684630">
    <ele>3.9</ele>
    <time>2026-06-19T19:16:29Z</time>
   </trkpt>
   <trkpt lat="51.4715600" lon="-0.2685010">
    <ele>3.9</ele>
    <time>2026-06-19T19:16:30Z</time>
   </trkpt>
   <trkpt lat="51.4715640" lon="-0.2685160">
    <ele>3.9</ele>
    <time>2026-06-19T19:16:31Z</time>
   </trkpt>
   <trkpt lat="51.4715670" lon="-0.2685310">
    <ele>3.9</ele>
    <time>2026-06-19T19:16:32Z</time>
   </trkpt>
   <trkpt lat="51.4715780" lon="-0.2685580">
    <ele>3.9</ele>
    <time>2026-06-19T19:16:33Z</time>
   </trkpt>
   <trkpt lat="51.4715820" lon="-0.2685690">
    <ele>3.9</ele>
    <time>2026-06-19T19:16:34Z</time>
   </trkpt>
   <trkpt lat="51.4715870" lon="-0.2685800">
    <ele>3.9</ele>
    <time>2026-06-19T19:16:35Z</time>
   </trkpt>
   <trkpt lat="51.4715940" lon="-0.2685950">
    <ele>3.9</ele>
    <time>2026-06-19T19:16:36Z</time>
   </trkpt>
   <trkpt lat="51.4715970" lon="-0.2686170">
    <ele>3.9</ele>
    <time>2026-06-19T19:16:37Z</time>
   </trkpt>
   <trkpt lat="51.4716050" lon="-0.2686310">
    <ele>3.9</ele>
    <time>2026-06-19T19:16:38Z</time>
   </trkpt>
   <trkpt lat="51.4716180" lon="-0.2686600">
    <ele>3.9</ele>
    <time>2026-06-19T19:16:39Z</time>
   </trkpt>
   <trkpt lat="51.4716220" lon="-0.2686730">
    <ele>3.9</ele>
    <time>2026-06-19T19:16:40Z</time>
   </trkpt>
   <trkpt lat="51.4716270" lon="-0.2686850">
    <ele>3.9</ele>
    <time>2026-06-19T19:16:41Z</time>
   </trkpt>
   <trkpt lat="51.4716350" lon="-0.2687040">
    <ele>3.9</ele>
    <time>2026-06-19T19:16:42Z</time>
   </trkpt>
   <trkpt lat="51.4716410" lon="-0.2687250">
    <ele>3.9</ele>
    <time>2026-06-19T19:16:43Z</time>
   </trkpt>
   <trkpt lat="51.4716500" lon="-0.2687430">
    <ele>3.9</ele>
    <time>2026-06-19T19:16:44Z</time>
   </trkpt>
   <trkpt lat="51.4716560" lon="-0.2687630">
    <ele>4.0</ele>
    <time>2026-06-19T19:16:45Z</time>
   </trkpt>
   <trkpt lat="51.4716610" lon="-0.2687830">
    <ele>4.0</ele>
    <time>2026-06-19T19:16:46Z</time>
   </trkpt>
   <trkpt lat="51.4716670" lon="-0.2688050">
    <ele>4.0</ele>
    <time>2026-06-19T19:16:47Z</time>
   </trkpt>
   <trkpt lat="51.4716760" lon="-0.2688220">
    <ele>4.0</ele>
    <time>2026-06-19T19:16:48Z</time>
   </trkpt>
   <trkpt lat="51.4716800" lon="-0.2688450">
    <ele>4.0</ele>
    <time>2026-06-19T19:16:49Z</time>
   </trkpt>
   <trkpt lat="51.4716930" lon="-0.2688740">
    <ele>4.0</ele>
    <time>2026-06-19T19:16:50Z</time>
   </trkpt>
   <trkpt lat="51.4716970" lon="-0.2688850">
    <ele>4.0</ele>
    <time>2026-06-19T19:16:51Z</time>
   </trkpt>
   <trkpt lat="51.4717020" lon="-0.2688950">
    <ele>4.0</ele>
    <time>2026-06-19T19:16:52Z</time>
   </trkpt>
   <trkpt lat="51.4717120" lon="-0.2689200">
    <ele>4.0</ele>
    <time>2026-06-19T19:16:53Z</time>
   </trkpt>
   <trkpt lat="51.4717190" lon="-0.2689360">
    <ele>4.0</ele>
    <time>2026-06-19T19:16:54Z</time>
   </trkpt>
   <trkpt lat="51.4717250" lon="-0.2689520">
    <ele>4.0</ele>
    <time>2026-06-19T19:16:55Z</time>
   </trkpt>
   <trkpt lat="51.4717330" lon="-0.2689800">
    <ele>4.0</ele>
    <time>2026-06-19T19:16:56Z</time>
   </trkpt>
   <trkpt lat="51.4717380" lon="-0.2689950">
    <ele>4.0</ele>
    <time>2026-06-19T19:16:57Z</time>
   </trkpt>
   <trkpt lat="51.4717420" lon="-0.2690090">
    <ele>4.0</ele>
    <time>2026-06-19T19:16:58Z</time>
   </trkpt>
   <trkpt lat="51.4717500" lon="-0.2690240">
    <ele>4.0</ele>
    <time>2026-06-19T19:16:59Z</time>
   </trkpt>
   <trkpt lat="51.4717580" lon="-0.2690400">
    <ele>4.0</ele>
    <time>2026-06-19T19:17:00Z</time>
   </trkpt>
   <trkpt lat="51.4717660" lon="-0.2690500">
    <ele>4.0</ele>
    <time>2026-06-19T19:17:01Z</time>
   </trkpt>
   <trkpt lat="51.4717750" lon="-0.2690660">
    <ele>4.0</ele>
    <time>2026-06-19T19:17:02Z</time>
   </trkpt>
   <trkpt lat="51.4717830" lon="-0.2690940">
    <ele>4.0</ele>
    <time>2026-06-19T19:17:03Z</time>
   </trkpt>
   <trkpt lat="51.4717920" lon="-0.2691120">
    <ele>4.0</ele>
    <time>2026-06-19T19:17:04Z</time>
   </trkpt>
   <trkpt lat="51.4718020" lon="-0.2691320">
    <ele>4.0</ele>
    <time>2026-06-19T19:17:05Z</time>
   </trkpt>
   <trkpt lat="51.4718100" lon="-0.2691530">
    <ele>4.0</ele>
    <time>2026-06-19T19:17:06Z</time>
   </trkpt>
   <trkpt lat="51.4718180" lon="-0.2691710">
    <ele>4.0</ele>
    <time>2026-06-19T19:17:07Z</time>
   </trkpt>
   <trkpt lat="51.4718340" lon="-0.2691980">
    <ele>4.0</ele>
    <time>2026-06-19T19:17:08Z</time>
   </trkpt>
   <trkpt lat="51.4718410" lon="-0.2692060">
    <ele>4.0</ele>
    <time>2026-06-19T19:17:09Z</time>
   </trkpt>
   <trkpt lat="51.4718480" lon="-0.2692130">
    <ele>4.0</ele>
    <time>2026-06-19T19:17:10Z</time>
   </trkpt>
   <trkpt lat="51.4718580" lon="-0.2692250">
    <ele>4.0</ele>
    <time>2026-06-19T19:17:11Z</time>
   </trkpt>
   <trkpt lat="51.4718650" lon="-0.2692520">
    <ele>4.0</ele>
    <time>2026-06-19T19:17:12Z</time>
   </trkpt>
   <trkpt lat="51.4718770" lon="-0.2692820">
    <ele>4.0</ele>
    <time>2026-06-19T19:17:13Z</time>
   </trkpt>
   <trkpt lat="51.4718820" lon="-0.2692920">
    <ele>4.0</ele>
    <time>2026-06-19T19:17:14Z</time>
   </trkpt>
   <trkpt lat="51.4718870" lon="-0.2693020">
    <ele>4.0</ele>
    <time>2026-06-19T19:17:15Z</time>
   </trkpt>
   <trkpt lat="51.4718940" lon="-0.2693160">
    <ele>4.0</ele>
    <time>2026-06-19T19:17:16Z</time>
   </trkpt>
   <trkpt lat="51.4719010" lon="-0.2693400">
    <ele>4.0</ele>
    <time>2026-06-19T19:17:17Z</time>
   </trkpt>
   <trkpt lat="51.4719050" lon="-0.2693590">
    <ele>4.0</ele>
    <time>2026-06-19T19:17:18Z</time>
   </trkpt>
   <trkpt lat="51.4719110" lon="-0.2693810">
    <ele>4.0</ele>
    <time>2026-06-19T19:17:19Z</time>
   </trkpt>
   <trkpt lat="51.4719210" lon="-0.2693960">
    <ele>4.0</ele>
    <time>2026-06-19T19:17:20Z</time>
   </trkpt>
   <trkpt lat="51.4719270" lon="-0.2694060">
    <ele>4.0</ele>
    <time>2026-06-19T19:17:21Z</time>
   </trkpt>
   <trkpt lat="51.4719360" lon="-0.2694210">
    <ele>4.0</ele>
    <time>2026-06-19T19:17:22Z</time>
   </trkpt>
   <trkpt lat="51.4719480" lon="-0.2694550">
    <ele>4.0</ele>
    <time>2026-06-19T19:17:23Z</time>
   </trkpt>
   <trkpt lat="51.4719510" lon="-0.2694730">
    <ele>4.0</ele>
    <time>2026-06-19T19:17:24Z</time>
   </trkpt>
   <trkpt lat="51.4719630" lon="-0.2695010">
    <ele>4.0</ele>
    <time>2026-06-19T19:17:25Z</time>
   </trkpt>
   <trkpt lat="51.4719690" lon="-0.2695120">
    <ele>4.0</ele>
    <time>2026-06-19T19:17:26Z</time>
   </trkpt>
   <trkpt lat="51.4719760" lon="-0.2695230">
    <ele>4.0</ele>
    <time>2026-06-19T19:17:27Z</time>
   </trkpt>
   <trkpt lat="51.4719900" lon="-0.2695480">
    <ele>4.0</ele>
    <time>2026-06-19T19:17:28Z</time>
   </trkpt>
   <trkpt lat="51.4719950" lon="-0.2695590">
    <ele>4.0</ele>
    <time>2026-06-19T19:17:29Z</time>
   </trkpt>
   <trkpt lat="51.4720010" lon="-0.2695700">
    <ele>4.0</ele>
    <time>2026-06-19T19:17:30Z</time>
   </trkpt>
   <trkpt lat="51.4720130" lon="-0.2695850">
    <ele>4.0</ele>
    <time>2026-06-19T19:17:31Z</time>
   </trkpt>
   <trkpt lat="51.4720280" lon="-0.2695990">
    <ele>4.0</ele>
    <time>2026-06-19T19:17:32Z</time>
   </trkpt>
   <trkpt lat="51.4720450" lon="-0.2696210">
    <ele>4.1</ele>
    <time>2026-06-19T19:17:33Z</time>
   </trkpt>
   <trkpt lat="51.4720530" lon="-0.2696310">
    <ele>4.1</ele>
    <time>2026-06-19T19:17:34Z</time>
   </trkpt>
   <trkpt lat="51.4720600" lon="-0.2696410">
    <ele>4.1</ele>
    <time>2026-06-19T19:17:35Z</time>
   </trkpt>
   <trkpt lat="51.4720710" lon="-0.2696510">
    <ele>4.1</ele>
    <time>2026-06-19T19:17:36Z</time>
   </trkpt>
   <trkpt lat="51.4720790" lon="-0.2696600">
    <ele>4.1</ele>
    <time>2026-06-19T19:17:37Z</time>
   </trkpt>
   <trkpt lat="51.4720860" lon="-0.2696730">
    <ele>4.1</ele>
    <time>2026-06-19T19:17:38Z</time>
   </trkpt>
   <trkpt lat="51.4720950" lon="-0.2696850">
    <ele>4.1</ele>
    <time>2026-06-19T19:17:39Z</time>
   </trkpt>
   <trkpt lat="51.4721070" lon="-0.2696880">
    <ele>4.1</ele>
    <time>2026-06-19T19:17:40Z</time>
   </trkpt>
   <trkpt lat="51.4721190" lon="-0.2696900">
    <ele>4.1</ele>
    <time>2026-06-19T19:17:41Z</time>
   </trkpt>
   <trkpt lat="51.4721320" lon="-0.2696930">
    <ele>4.1</ele>
    <time>2026-06-19T19:17:42Z</time>
   </trkpt>
   <trkpt lat="51.4721430" lon="-0.2697070">
    <ele>4.1</ele>
    <time>2026-06-19T19:17:43Z</time>
   </trkpt>
   <trkpt lat="51.4721470" lon="-0.2697230">
    <ele>4.1</ele>
    <time>2026-06-19T19:17:44Z</time>
   </trkpt>
   <trkpt lat="51.4721530" lon="-0.2697360">
    <ele>4.2</ele>
    <time>2026-06-19T19:17:45Z</time>
   </trkpt>
   <trkpt lat="51.4721580" lon="-0.2697480">
    <ele>4.2</ele>
    <time>2026-06-19T19:17:46Z</time>
   </trkpt>
   <trkpt lat="51.4721700" lon="-0.2697680">
    <ele>4.2</ele>
    <time>2026-06-19T19:17:47Z</time>
   </trkpt>
   <trkpt lat="51.4721780" lon="-0.2697790">
    <ele>4.2</ele>
    <time>2026-06-19T19:17:48Z</time>
   </trkpt>
   <trkpt lat="51.4721850" lon="-0.2697900">
    <ele>4.2</ele>
    <time>2026-06-19T19:17:49Z</time>
   </trkpt>
   <trkpt lat="51.4721960" lon="-0.2698080">
    <ele>4.2</ele>
    <time>2026-06-19T19:17:50Z</time>
   </trkpt>
   <trkpt lat="51.4722050" lon="-0.2698250">
    <ele>4.3</ele>
    <time>2026-06-19T19:17:51Z</time>
   </trkpt>
   <trkpt lat="51.4722160" lon="-0.2698420">
    <ele>4.3</ele>
    <time>2026-06-19T19:17:52Z</time>
   </trkpt>
   <trkpt lat="51.4722290" lon="-0.2698680">
    <ele>4.3</ele>
    <time>2026-06-19T19:17:53Z</time>
   </trkpt>
   <trkpt lat="51.4722340" lon="-0.2698780">
    <ele>4.3</ele>
    <time>2026-06-19T19:17:54Z</time>
   </trkpt>
   <trkpt lat="51.4722390" lon="-0.2698890">
    <ele>4.3</ele>
    <time>2026-06-19T19:17:55Z</time>
   </trkpt>
   <trkpt lat="51.4722570" lon="-0.2699190">
    <ele>4.4</ele>
    <time>2026-06-19T19:17:56Z</time>
   </trkpt>
   <trkpt lat="51.4722640" lon="-0.2699300">
    <ele>4.4</ele>
    <time>2026-06-19T19:17:58Z</time>
   </trkpt>
   <trkpt lat="51.4722710" lon="-0.2699420">
    <ele>4.4</ele>
    <time>2026-06-19T19:17:59Z</time>
   </trkpt>
   <trkpt lat="51.4722780" lon="-0.2699530">
    <ele>4.4</ele>
    <time>2026-06-19T19:18:00Z</time>
   </trkpt>
   <trkpt lat="51.4722850" lon="-0.2699650">
    <ele>4.4</ele>
    <time>2026-06-19T19:18:01Z</time>
   </trkpt>
   <trkpt lat="51.4722920" lon="-0.2699750">
    <ele>4.4</ele>
    <time>2026-06-19T19:18:02Z</time>
   </trkpt>
   <trkpt lat="51.4723000" lon="-0.2699940">
    <ele>4.4</ele>
    <time>2026-06-19T19:18:03Z</time>
   </trkpt>
   <trkpt lat="51.4723080" lon="-0.2700040">
    <ele>4.4</ele>
    <time>2026-06-19T19:18:04Z</time>
   </trkpt>
   <trkpt lat="51.4723160" lon="-0.2700170">
    <ele>4.5</ele>
    <time>2026-06-19T19:18:05Z</time>
   </trkpt>
   <trkpt lat="51.4723300" lon="-0.2700330">
    <ele>4.5</ele>
    <time>2026-06-19T19:18:06Z</time>
   </trkpt>
   <trkpt lat="51.4723380" lon="-0.2700460">
    <ele>4.5</ele>
    <time>2026-06-19T19:18:07Z</time>
   </trkpt>
   <trkpt lat="51.4723480" lon="-0.2700580">
    <ele>4.5</ele>
    <time>2026-06-19T19:18:08Z</time>
   </trkpt>
   <trkpt lat="51.4723560" lon="-0.2700740">
    <ele>4.5</ele>
    <time>2026-06-19T19:18:09Z</time>
   </trkpt>
   <trkpt lat="51.4723640" lon="-0.2700940">
    <ele>4.5</ele>
    <time>2026-06-19T19:18:10Z</time>
   </trkpt>
   <trkpt lat="51.4723710" lon="-0.2701100">
    <ele>4.5</ele>
    <time>2026-06-19T19:18:11Z</time>
   </trkpt>
   <trkpt lat="51.4723800" lon="-0.2701220">
    <ele>4.5</ele>
    <time>2026-06-19T19:18:12Z</time>
   </trkpt>
   <trkpt lat="51.4723850" lon="-0.2701310">
    <ele>4.5</ele>
    <time>2026-06-19T19:18:13Z</time>
   </trkpt>
   <trkpt lat="51.4723910" lon="-0.2701410">
    <ele>4.5</ele>
    <time>2026-06-19T19:18:14Z</time>
   </trkpt>
   <trkpt lat="51.4724020" lon="-0.2701590">
    <ele>4.6</ele>
    <time>2026-06-19T19:18:15Z</time>
   </trkpt>
   <trkpt lat="51.4724130" lon="-0.2701800">
    <ele>4.6</ele>
    <time>2026-06-19T19:18:16Z</time>
   </trkpt>
   <trkpt lat="51.4724300" lon="-0.2702050">
    <ele>4.6</ele>
    <time>2026-06-19T19:18:17Z</time>
   </trkpt>
   <trkpt lat="51.4724350" lon="-0.2702170">
    <ele>4.6</ele>
    <time>2026-06-19T19:18:18Z</time>
   </trkpt>
   <trkpt lat="51.4724410" lon="-0.2702300">
    <ele>4.6</ele>
    <time>2026-06-19T19:18:19Z</time>
   </trkpt>
   <trkpt lat="51.4724490" lon="-0.2702490">
    <ele>4.6</ele>
    <time>2026-06-19T19:18:20Z</time>
   </trkpt>
   <trkpt lat="51.4724580" lon="-0.2702690">
    <ele>4.6</ele>
    <time>2026-06-19T19:18:21Z</time>
   </trkpt>
   <trkpt lat="51.4724750" lon="-0.2702930">
    <ele>4.6</ele>
    <time>2026-06-19T19:18:22Z</time>
   </trkpt>
   <trkpt lat="51.4724840" lon="-0.2703060">
    <ele>4.6</ele>
    <time>2026-06-19T19:18:23Z</time>
   </trkpt>
   <trkpt lat="51.4724940" lon="-0.2703250">
    <ele>4.6</ele>
    <time>2026-06-19T19:18:24Z</time>
   </trkpt>
   <trkpt lat="51.4725010" lon="-0.2703410">
    <ele>4.7</ele>
    <time>2026-06-19T19:18:25Z</time>
   </trkpt>
   <trkpt lat="51.4725120" lon="-0.2703700">
    <ele>4.7</ele>
    <time>2026-06-19T19:18:26Z</time>
   </trkpt>
   <trkpt lat="51.4725170" lon="-0.2703810">
    <ele>4.7</ele>
    <time>2026-06-19T19:18:27Z</time>
   </trkpt>
   <trkpt lat="51.4725210" lon="-0.2703920">
    <ele>4.7</ele>
    <time>2026-06-19T19:18:28Z</time>
   </trkpt>
   <trkpt lat="51.4725280" lon="-0.2704150">
    <ele>4.7</ele>
    <time>2026-06-19T19:18:29Z</time>
   </trkpt>
   <trkpt lat="51.4725370" lon="-0.2704320">
    <ele>4.7</ele>
    <time>2026-06-19T19:18:30Z</time>
   </trkpt>
   <trkpt lat="51.4725450" lon="-0.2704390">
    <ele>4.7</ele>
    <time>2026-06-19T19:18:31Z</time>
   </trkpt>
   <trkpt lat="51.4725510" lon="-0.2704450">
    <ele>4.7</ele>
    <time>2026-06-19T19:18:32Z</time>
   </trkpt>
   <trkpt lat="51.4725590" lon="-0.2704600">
    <ele>4.7</ele>
    <time>2026-06-19T19:18:33Z</time>
   </trkpt>
   <trkpt lat="51.4725680" lon="-0.2704800">
    <ele>4.7</ele>
    <time>2026-06-19T19:18:34Z</time>
   </trkpt>
   <trkpt lat="51.4725740" lon="-0.2704900">
    <ele>4.7</ele>
    <time>2026-06-19T19:18:35Z</time>
   </trkpt>
   <trkpt lat="51.4725800" lon="-0.2705000">
    <ele>4.7</ele>
    <time>2026-06-19T19:18:36Z</time>
   </trkpt>
   <trkpt lat="51.4725860" lon="-0.2705100">
    <ele>4.7</ele>
    <time>2026-06-19T19:18:37Z</time>
   </trkpt>
   <trkpt lat="51.4726050" lon="-0.2705280">
    <ele>4.7</ele>
    <time>2026-06-19T19:18:38Z</time>
   </trkpt>
   <trkpt lat="51.4726140" lon="-0.2705370">
    <ele>4.7</ele>
    <time>2026-06-19T19:18:39Z</time>
   </trkpt>
   <trkpt lat="51.4726240" lon="-0.2705470">
    <ele>4.7</ele>
    <time>2026-06-19T19:18:40Z</time>
   </trkpt>
   <trkpt lat="51.4726380" lon="-0.2705710">
    <ele>4.7</ele>
    <time>2026-06-19T19:18:41Z</time>
   </trkpt>
   <trkpt lat="51.4726450" lon="-0.2705840">
    <ele>4.7</ele>
    <time>2026-06-19T19:18:42Z</time>
   </trkpt>
   <trkpt lat="51.4726510" lon="-0.2705980">
    <ele>4.7</ele>
    <time>2026-06-19T19:18:43Z</time>
   </trkpt>
   <trkpt lat="51.4726790" lon="-0.2706450">
    <ele>4.7</ele>
    <time>2026-06-19T19:18:44Z</time>
   </trkpt>
   <trkpt lat="51.4726940" lon="-0.2707000">
    <ele>4.7</ele>
    <time>2026-06-19T19:18:45Z</time>
   </trkpt>
   <trkpt lat="51.4727020" lon="-0.2707200">
    <ele>4.7</ele>
    <time>2026-06-19T19:18:46Z</time>
   </trkpt>
   <trkpt lat="51.4727110" lon="-0.2707400">
    <ele>4.7</ele>
    <time>2026-06-19T19:18:47Z</time>
   </trkpt>
   <trkpt lat="51.4727280" lon="-0.2707420">
    <ele>4.7</ele>
    <time>2026-06-19T19:18:48Z</time>
   </trkpt>
   <trkpt lat="51.4727450" lon="-0.2707690">
    <ele>4.7</ele>
    <time>2026-06-19T19:18:49Z</time>
   </trkpt>
   <trkpt lat="51.4727510" lon="-0.2707760">
    <ele>4.7</ele>
    <time>2026-06-19T19:18:50Z</time>
   </trkpt>
   <trkpt lat="51.4727560" lon="-0.2707840">
    <ele>4.7</ele>
    <time>2026-06-19T19:18:51Z</time>
   </trkpt>
   <trkpt lat="51.4727650" lon="-0.2707830">
    <ele>4.7</ele>
    <time>2026-06-19T19:18:52Z</time>
   </trkpt>
   <trkpt lat="51.4727650" lon="-0.2707770">
    <ele>4.7</ele>
    <time>2026-06-19T19:18:53Z</time>
   </trkpt>
   <trkpt lat="51.4727750" lon="-0.2707880">
    <ele>4.7</ele>
    <time>2026-06-19T19:18:54Z</time>
   </trkpt>
   <trkpt lat="51.4727850" lon="-0.2708010">
    <ele>4.7</ele>
    <time>2026-06-19T19:18:55Z</time>
   </trkpt>
   <trkpt lat="51.4727990" lon="-0.2708280">
    <ele>4.6</ele>
    <time>2026-06-19T19:18:56Z</time>
   </trkpt>
   <trkpt lat="51.4728030" lon="-0.2708400">
    <ele>4.6</ele>
    <time>2026-06-19T19:18:57Z</time>
   </trkpt>
   <trkpt lat="51.4728080" lon="-0.2708510">
    <ele>4.6</ele>
    <time>2026-06-19T19:18:58Z</time>
   </trkpt>
   <trkpt lat="51.4728150" lon="-0.2708590">
    <ele>4.6</ele>
    <time>2026-06-19T19:18:59Z</time>
   </trkpt>
   <trkpt lat="51.4728260" lon="-0.2708720">
    <ele>4.6</ele>
    <time>2026-06-19T19:19:00Z</time>
   </trkpt>
   <trkpt lat="51.4728390" lon="-0.2708780">
    <ele>4.6</ele>
    <time>2026-06-19T19:19:01Z</time>
   </trkpt>
   <trkpt lat="51.4728520" lon="-0.2708830">
    <ele>4.6</ele>
    <time>2026-06-19T19:19:02Z</time>
   </trkpt>
   <trkpt lat="51.4728550" lon="-0.2708870">
    <ele>4.6</ele>
    <time>2026-06-19T19:19:03Z</time>
   </trkpt>
   <trkpt lat="51.4728660" lon="-0.2709060">
    <ele>4.6</ele>
    <time>2026-06-19T19:19:04Z</time>
   </trkpt>
   <trkpt lat="51.4728750" lon="-0.2709230">
    <ele>4.6</ele>
    <time>2026-06-19T19:19:05Z</time>
   </trkpt>
   <trkpt lat="51.4728870" lon="-0.2709350">
    <ele>4.6</ele>
    <time>2026-06-19T19:19:06Z</time>
   </trkpt>
   <trkpt lat="51.4728970" lon="-0.2709520">
    <ele>4.6</ele>
    <time>2026-06-19T19:19:07Z</time>
   </trkpt>
   <trkpt lat="51.4729060" lon="-0.2709720">
    <ele>4.6</ele>
    <time>2026-06-19T19:19:08Z</time>
   </trkpt>
   <trkpt lat="51.4729150" lon="-0.2709880">
    <ele>4.6</ele>
    <time>2026-06-19T19:19:09Z</time>
   </trkpt>
   <trkpt lat="51.4729230" lon="-0.2710090">
    <ele>4.6</ele>
    <time>2026-06-19T19:19:10Z</time>
   </trkpt>
   <trkpt lat="51.4729350" lon="-0.2710290">
    <ele>4.6</ele>
    <time>2026-06-19T19:19:11Z</time>
   </trkpt>
   <trkpt lat="51.4729460" lon="-0.2710440">
    <ele>4.6</ele>
    <time>2026-06-19T19:19:12Z</time>
   </trkpt>
   <trkpt lat="51.4729600" lon="-0.2710610">
    <ele>4.6</ele>
    <time>2026-06-19T19:19:13Z</time>
   </trkpt>
   <trkpt lat="51.4729680" lon="-0.2710840">
    <ele>4.6</ele>
    <time>2026-06-19T19:19:14Z</time>
   </trkpt>
   <trkpt lat="51.4729780" lon="-0.2711080">
    <ele>4.6</ele>
    <time>2026-06-19T19:19:15Z</time>
   </trkpt>
   <trkpt lat="51.4729860" lon="-0.2711300">
    <ele>4.6</ele>
    <time>2026-06-19T19:19:16Z</time>
   </trkpt>
   <trkpt lat="51.4729970" lon="-0.2711540">
    <ele>4.6</ele>
    <time>2026-06-19T19:19:17Z</time>
   </trkpt>
   <trkpt lat="51.4730070" lon="-0.2711730">
    <ele>4.6</ele>
    <time>2026-06-19T19:19:18Z</time>
   </trkpt>
   <trkpt lat="51.4730160" lon="-0.2711920">
    <ele>4.6</ele>
    <time>2026-06-19T19:19:19Z</time>
   </trkpt>
   <trkpt lat="51.4730280" lon="-0.2712040">
    <ele>4.6</ele>
    <time>2026-06-19T19:19:20Z</time>
   </trkpt>
   <trkpt lat="51.4730400" lon="-0.2712200">
    <ele>4.6</ele>
    <time>2026-06-19T19:19:21Z</time>
   </trkpt>
   <trkpt lat="51.4730520" lon="-0.2712360">
    <ele>4.6</ele>
    <time>2026-06-19T19:19:22Z</time>
   </trkpt>
   <trkpt lat="51.4730610" lon="-0.2712560">
    <ele>4.6</ele>
    <time>2026-06-19T19:19:23Z</time>
   </trkpt>
   <trkpt lat="51.4730740" lon="-0.2712760">
    <ele>4.6</ele>
    <time>2026-06-19T19:19:24Z</time>
   </trkpt>
   <trkpt lat="51.4730850" lon="-0.2712920">
    <ele>4.6</ele>
    <time>2026-06-19T19:19:25Z</time>
   </trkpt>
   <trkpt lat="51.4730950" lon="-0.2713060">
    <ele>4.6</ele>
    <time>2026-06-19T19:19:26Z</time>
   </trkpt>
   <trkpt lat="51.4731050" lon="-0.2713220">
    <ele>4.6</ele>
    <time>2026-06-19T19:19:27Z</time>
   </trkpt>
   <trkpt lat="51.4731120" lon="-0.2713400">
    <ele>4.6</ele>
    <time>2026-06-19T19:19:28Z</time>
   </trkpt>
   <trkpt lat="51.4731280" lon="-0.2713650">
    <ele>4.6</ele>
    <time>2026-06-19T19:19:29Z</time>
   </trkpt>
   <trkpt lat="51.4731350" lon="-0.2713720">
    <ele>4.6</ele>
    <time>2026-06-19T19:19:30Z</time>
   </trkpt>
   <trkpt lat="51.4731410" lon="-0.2713800">
    <ele>4.6</ele>
    <time>2026-06-19T19:19:31Z</time>
   </trkpt>
   <trkpt lat="51.4731510" lon="-0.2713950">
    <ele>4.6</ele>
    <time>2026-06-19T19:19:32Z</time>
   </trkpt>
   <trkpt lat="51.4731610" lon="-0.2714140">
    <ele>4.6</ele>
    <time>2026-06-19T19:19:33Z</time>
   </trkpt>
   <trkpt lat="51.4731760" lon="-0.2714370">
    <ele>4.6</ele>
    <time>2026-06-19T19:19:34Z</time>
   </trkpt>
   <trkpt lat="51.4731830" lon="-0.2714440">
    <ele>4.6</ele>
    <time>2026-06-19T19:19:35Z</time>
   </trkpt>
   <trkpt lat="51.4731900" lon="-0.2714520">
    <ele>4.6</ele>
    <time>2026-06-19T19:19:36Z</time>
   </trkpt>
   <trkpt lat="51.4732020" lon="-0.2714780">
    <ele>4.6</ele>
    <time>2026-06-19T19:19:37Z</time>
   </trkpt>
   <trkpt lat="51.4732070" lon="-0.2714920">
    <ele>4.6</ele>
    <time>2026-06-19T19:19:38Z</time>
   </trkpt>
   <trkpt lat="51.4732120" lon="-0.2715060">
    <ele>4.6</ele>
    <time>2026-06-19T19:19:39Z</time>
   </trkpt>
   <trkpt lat="51.4732270" lon="-0.2715300">
    <ele>4.6</ele>
    <time>2026-06-19T19:19:40Z</time>
   </trkpt>
   <trkpt lat="51.4732330" lon="-0.2715420">
    <ele>4.6</ele>
    <time>2026-06-19T19:19:41Z</time>
   </trkpt>
   <trkpt lat="51.4732390" lon="-0.2715530">
    <ele>4.6</ele>
    <time>2026-06-19T19:19:42Z</time>
   </trkpt>
   <trkpt lat="51.4732480" lon="-0.2715710">
    <ele>4.6</ele>
    <time>2026-06-19T19:19:43Z</time>
   </trkpt>
   <trkpt lat="51.4732600" lon="-0.2715820">
    <ele>4.6</ele>
    <time>2026-06-19T19:19:44Z</time>
   </trkpt>
   <trkpt lat="51.4732690" lon="-0.2716000">
    <ele>4.5</ele>
    <time>2026-06-19T19:19:45Z</time>
   </trkpt>
   <trkpt lat="51.4732820" lon="-0.2716190">
    <ele>4.5</ele>
    <time>2026-06-19T19:19:46Z</time>
   </trkpt>
   <trkpt lat="51.4732930" lon="-0.2716370">
    <ele>4.5</ele>
    <time>2026-06-19T19:19:47Z</time>
   </trkpt>
   <trkpt lat="51.4733060" lon="-0.2716550">
    <ele>4.5</ele>
    <time>2026-06-19T19:19:48Z</time>
   </trkpt>
   <trkpt lat="51.4733180" lon="-0.2716710">
    <ele>4.5</ele>
    <time>2026-06-19T19:19:49Z</time>
   </trkpt>
   <trkpt lat="51.4733300" lon="-0.2716860">
    <ele>4.5</ele>
    <time>2026-06-19T19:19:50Z</time>
   </trkpt>
   <trkpt lat="51.4733420" lon="-0.2717040">
    <ele>4.5</ele>
    <time>2026-06-19T19:19:51Z</time>
   </trkpt>
   <trkpt lat="51.4733540" lon="-0.2717190">
    <ele>4.5</ele>
    <time>2026-06-19T19:19:52Z</time>
   </trkpt>
   <trkpt lat="51.4733660" lon="-0.2717350">
    <ele>4.5</ele>
    <time>2026-06-19T19:19:53Z</time>
   </trkpt>
   <trkpt lat="51.4733770" lon="-0.2717580">
    <ele>4.5</ele>
    <time>2026-06-19T19:19:54Z</time>
   </trkpt>
   <trkpt lat="51.4733880" lon="-0.2717710">
    <ele>4.5</ele>
    <time>2026-06-19T19:19:55Z</time>
   </trkpt>
   <trkpt lat="51.4733970" lon="-0.2717860">
    <ele>4.5</ele>
    <time>2026-06-19T19:19:56Z</time>
   </trkpt>
   <trkpt lat="51.4734070" lon="-0.2718010">
    <ele>4.5</ele>
    <time>2026-06-19T19:19:57Z</time>
   </trkpt>
   <trkpt lat="51.4734170" lon="-0.2718160">
    <ele>4.5</ele>
    <time>2026-06-19T19:19:58Z</time>
   </trkpt>
   <trkpt lat="51.4734270" lon="-0.2718300">
    <ele>4.5</ele>
    <time>2026-06-19T19:19:59Z</time>
   </trkpt>
   <trkpt lat="51.4734390" lon="-0.2718460">
    <ele>4.5</ele>
    <time>2026-06-19T19:20:00Z</time>
   </trkpt>
   <trkpt lat="51.4734490" lon="-0.2718590">
    <ele>4.5</ele>
    <time>2026-06-19T19:20:01Z</time>
   </trkpt>
   <trkpt lat="51.4734620" lon="-0.2718740">
    <ele>4.5</ele>
    <time>2026-06-19T19:20:02Z</time>
   </trkpt>
   <trkpt lat="51.4734750" lon="-0.2718880">
    <ele>4.5</ele>
    <time>2026-06-19T19:20:04Z</time>
   </trkpt>
   <trkpt lat="51.4734850" lon="-0.2719070">
    <ele>4.5</ele>
    <time>2026-06-19T19:20:05Z</time>
   </trkpt>
   <trkpt lat="51.4734970" lon="-0.2719230">
    <ele>4.5</ele>
    <time>2026-06-19T19:20:06Z</time>
   </trkpt>
   <trkpt lat="51.4735060" lon="-0.2719380">
    <ele>4.5</ele>
    <time>2026-06-19T19:20:07Z</time>
   </trkpt>
   <trkpt lat="51.4735210" lon="-0.2719620">
    <ele>4.5</ele>
    <time>2026-06-19T19:20:08Z</time>
   </trkpt>
   <trkpt lat="51.4735270" lon="-0.2719730">
    <ele>4.5</ele>
    <time>2026-06-19T19:20:09Z</time>
   </trkpt>
   <trkpt lat="51.4735330" lon="-0.2719830">
    <ele>4.5</ele>
    <time>2026-06-19T19:20:10Z</time>
   </trkpt>
   <trkpt lat="51.4735500" lon="-0.2720010">
    <ele>4.5</ele>
    <time>2026-06-19T19:20:11Z</time>
   </trkpt>
   <trkpt lat="51.4735570" lon="-0.2720110">
    <ele>4.5</ele>
    <time>2026-06-19T19:20:12Z</time>
   </trkpt>
   <trkpt lat="51.4735630" lon="-0.2720200">
    <ele>4.5</ele>
    <time>2026-06-19T19:20:13Z</time>
   </trkpt>
   <trkpt lat="51.4735810" lon="-0.2720360">
    <ele>4.5</ele>
    <time>2026-06-19T19:20:14Z</time>
   </trkpt>
   <trkpt lat="51.4735890" lon="-0.2720450">
    <ele>4.5</ele>
    <time>2026-06-19T19:20:15Z</time>
   </trkpt>
   <trkpt lat="51.4735970" lon="-0.2720550">
    <ele>4.5</ele>
    <time>2026-06-19T19:20:16Z</time>
   </trkpt>
   <trkpt lat="51.4736080" lon="-0.2720670">
    <ele>4.5</ele>
    <time>2026-06-19T19:20:17Z</time>
   </trkpt>
   <trkpt lat="51.4736200" lon="-0.2720810">
    <ele>4.5</ele>
    <time>2026-06-19T19:20:18Z</time>
   </trkpt>
   <trkpt lat="51.4736350" lon="-0.2721050">
    <ele>4.5</ele>
    <time>2026-06-19T19:20:19Z</time>
   </trkpt>
   <trkpt lat="51.4736430" lon="-0.2721140">
    <ele>4.5</ele>
    <time>2026-06-19T19:20:20Z</time>
   </trkpt>
   <trkpt lat="51.4736500" lon="-0.2721220">
    <ele>4.5</ele>
    <time>2026-06-19T19:20:21Z</time>
   </trkpt>
   <trkpt lat="51.4736620" lon="-0.2721370">
    <ele>4.5</ele>
    <time>2026-06-19T19:20:22Z</time>
   </trkpt>
   <trkpt lat="51.4736720" lon="-0.2721520">
    <ele>4.5</ele>
    <time>2026-06-19T19:20:23Z</time>
   </trkpt>
   <trkpt lat="51.4736830" lon="-0.2721680">
    <ele>4.5</ele>
    <time>2026-06-19T19:20:24Z</time>
   </trkpt>
   <trkpt lat="51.4736930" lon="-0.2721850">
    <ele>4.5</ele>
    <time>2026-06-19T19:20:25Z</time>
   </trkpt>
   <trkpt lat="51.4737040" lon="-0.2721980">
    <ele>4.5</ele>
    <time>2026-06-19T19:20:26Z</time>
   </trkpt>
   <trkpt lat="51.4737150" lon="-0.2722100">
    <ele>4.5</ele>
    <time>2026-06-19T19:20:27Z</time>
   </trkpt>
   <trkpt lat="51.4737260" lon="-0.2722270">
    <ele>4.5</ele>
    <time>2026-06-19T19:20:28Z</time>
   </trkpt>
   <trkpt lat="51.4737370" lon="-0.2722430">
    <ele>4.5</ele>
    <time>2026-06-19T19:20:29Z</time>
   </trkpt>
   <trkpt lat="51.4737500" lon="-0.2722540">
    <ele>4.6</ele>
    <time>2026-06-19T19:20:30Z</time>
   </trkpt>
   <trkpt lat="51.4737630" lon="-0.2722650">
    <ele>4.6</ele>
    <time>2026-06-19T19:20:31Z</time>
   </trkpt>
   <trkpt lat="51.4737730" lon="-0.2722810">
    <ele>4.6</ele>
    <time>2026-06-19T19:20:32Z</time>
   </trkpt>
   <trkpt lat="51.4737830" lon="-0.2722970">
    <ele>4.6</ele>
    <time>2026-06-19T19:20:33Z</time>
   </trkpt>
   <trkpt lat="51.4737940" lon="-0.2723090">
    <ele>4.6</ele>
    <time>2026-06-19T19:20:34Z</time>
   </trkpt>
   <trkpt lat="51.4738200" lon="-0.2723330">
    <ele>4.6</ele>
    <time>2026-06-19T19:20:35Z</time>
   </trkpt>
   <trkpt lat="51.4738330" lon="-0.2723460">
    <ele>4.6</ele>
    <time>2026-06-19T19:20:36Z</time>
   </trkpt>
   <trkpt lat="51.4738440" lon="-0.2723620">
    <ele>4.6</ele>
    <time>2026-06-19T19:20:37Z</time>
   </trkpt>
   <trkpt lat="51.4738550" lon="-0.2723750">
    <ele>4.6</ele>
    <time>2026-06-19T19:20:38Z</time>
   </trkpt>
   <trkpt lat="51.4738670" lon="-0.2723890">
    <ele>4.6</ele>
    <time>2026-06-19T19:20:39Z</time>
   </trkpt>
   <trkpt lat="51.4738790" lon="-0.2724060">
    <ele>4.7</ele>
    <time>2026-06-19T19:20:40Z</time>
   </trkpt>
   <trkpt lat="51.4738900" lon="-0.2724200">
    <ele>4.7</ele>
    <time>2026-06-19T19:20:41Z</time>
   </trkpt>
   <trkpt lat="51.4739020" lon="-0.2724330">
    <ele>4.7</ele>
    <time>2026-06-19T19:20:42Z</time>
   </trkpt>
   <trkpt lat="51.4739120" lon="-0.2724490">
    <ele>4.7</ele>
    <time>2026-06-19T19:20:43Z</time>
   </trkpt>
   <trkpt lat="51.4739230" lon="-0.2724630">
    <ele>4.7</ele>
    <time>2026-06-19T19:20:44Z</time>
   </trkpt>
   <trkpt lat="51.4739380" lon="-0.2724850">
    <ele>4.7</ele>
    <time>2026-06-19T19:20:45Z</time>
   </trkpt>
   <trkpt lat="51.4739450" lon="-0.2724930">
    <ele>4.7</ele>
    <time>2026-06-19T19:20:46Z</time>
   </trkpt>
   <trkpt lat="51.4739520" lon="-0.2725000">
    <ele>4.7</ele>
    <time>2026-06-19T19:20:47Z</time>
   </trkpt>
   <trkpt lat="51.4739650" lon="-0.2725070">
    <ele>4.7</ele>
    <time>2026-06-19T19:20:48Z</time>
   </trkpt>
   <trkpt lat="51.4739780" lon="-0.2725120">
    <ele>4.7</ele>
    <time>2026-06-19T19:20:49Z</time>
   </trkpt>
   <trkpt lat="51.4739950" lon="-0.2725320">
    <ele>4.7</ele>
    <time>2026-06-19T19:20:50Z</time>
   </trkpt>
   <trkpt lat="51.4740030" lon="-0.2725410">
    <ele>4.7</ele>
    <time>2026-06-19T19:20:51Z</time>
   </trkpt>
   <trkpt lat="51.4740100" lon="-0.2725490">
    <ele>4.7</ele>
    <time>2026-06-19T19:20:52Z</time>
   </trkpt>
   <trkpt lat="51.4740210" lon="-0.2725690">
    <ele>4.7</ele>
    <time>2026-06-19T19:20:53Z</time>
   </trkpt>
   <trkpt lat="51.4740320" lon="-0.2725890">
    <ele>4.7</ele>
    <time>2026-06-19T19:20:54Z</time>
   </trkpt>
   <trkpt lat="51.4740430" lon="-0.2725970">
    <ele>4.7</ele>
    <time>2026-06-19T19:20:55Z</time>
   </trkpt>
   <trkpt lat="51.4740570" lon="-0.2726060">
    <ele>4.7</ele>
    <time>2026-06-19T19:20:56Z</time>
   </trkpt>
   <trkpt lat="51.4740720" lon="-0.2726220">
    <ele>4.7</ele>
    <time>2026-06-19T19:20:57Z</time>
   </trkpt>
   <trkpt lat="51.4740830" lon="-0.2726320">
    <ele>4.7</ele>
    <time>2026-06-19T19:20:58Z</time>
   </trkpt>
   <trkpt lat="51.4740950" lon="-0.2726440">
    <ele>4.7</ele>
    <time>2026-06-19T19:20:59Z</time>
   </trkpt>
   <trkpt lat="51.4741070" lon="-0.2726600">
    <ele>4.7</ele>
    <time>2026-06-19T19:21:00Z</time>
   </trkpt>
   <trkpt lat="51.4741180" lon="-0.2726720">
    <ele>4.7</ele>
    <time>2026-06-19T19:21:01Z</time>
   </trkpt>
   <trkpt lat="51.4741280" lon="-0.2726880">
    <ele>4.7</ele>
    <time>2026-06-19T19:21:02Z</time>
   </trkpt>
   <trkpt lat="51.4741390" lon="-0.2727020">
    <ele>4.7</ele>
    <time>2026-06-19T19:21:03Z</time>
   </trkpt>
   <trkpt lat="51.4741520" lon="-0.2727140">
    <ele>4.7</ele>
    <time>2026-06-19T19:21:04Z</time>
   </trkpt>
   <trkpt lat="51.4741640" lon="-0.2727270">
    <ele>4.7</ele>
    <time>2026-06-19T19:21:05Z</time>
   </trkpt>
   <trkpt lat="51.4741750" lon="-0.2727390">
    <ele>4.7</ele>
    <time>2026-06-19T19:21:06Z</time>
   </trkpt>
   <trkpt lat="51.4741860" lon="-0.2727510">
    <ele>4.7</ele>
    <time>2026-06-19T19:21:07Z</time>
   </trkpt>
   <trkpt lat="51.4741990" lon="-0.2727630">
    <ele>4.7</ele>
    <time>2026-06-19T19:21:08Z</time>
   </trkpt>
   <trkpt lat="51.4742120" lon="-0.2727760">
    <ele>4.7</ele>
    <time>2026-06-19T19:21:09Z</time>
   </trkpt>
   <trkpt lat="51.4742220" lon="-0.2727920">
    <ele>4.7</ele>
    <time>2026-06-19T19:21:10Z</time>
   </trkpt>
   <trkpt lat="51.4742400" lon="-0.2728140">
    <ele>4.7</ele>
    <time>2026-06-19T19:21:11Z</time>
   </trkpt>
   <trkpt lat="51.4742470" lon="-0.2728210">
    <ele>4.7</ele>
    <time>2026-06-19T19:21:12Z</time>
   </trkpt>
   <trkpt lat="51.4742550" lon="-0.2728290">
    <ele>4.7</ele>
    <time>2026-06-19T19:21:13Z</time>
   </trkpt>
   <trkpt lat="51.4742740" lon="-0.2728470">
    <ele>4.7</ele>
    <time>2026-06-19T19:21:14Z</time>
   </trkpt>
   <trkpt lat="51.4742810" lon="-0.2728550">
    <ele>4.7</ele>
    <time>2026-06-19T19:21:15Z</time>
   </trkpt>
   <trkpt lat="51.4742890" lon="-0.2728640">
    <ele>4.7</ele>
    <time>2026-06-19T19:21:16Z</time>
   </trkpt>
   <trkpt lat="51.4743030" lon="-0.2728710">
    <ele>4.7</ele>
    <time>2026-06-19T19:21:17Z</time>
   </trkpt>
   <trkpt lat="51.4743150" lon="-0.2728850">
    <ele>4.7</ele>
    <time>2026-06-19T19:21:18Z</time>
   </trkpt>
   <trkpt lat="51.4743270" lon="-0.2728960">
    <ele>4.7</ele>
    <time>2026-06-19T19:21:19Z</time>
   </trkpt>
   <trkpt lat="51.4743410" lon="-0.2729040">
    <ele>4.7</ele>
    <time>2026-06-19T19:21:20Z</time>
   </trkpt>
   <trkpt lat="51.4743540" lon="-0.2729150">
    <ele>4.7</ele>
    <time>2026-06-19T19:21:21Z</time>
   </trkpt>
   <trkpt lat="51.4743660" lon="-0.2729230">
    <ele>4.8</ele>
    <time>2026-06-19T19:21:22Z</time>
   </trkpt>
   <trkpt lat="51.4743860" lon="-0.2729390">
    <ele>4.8</ele>
    <time>2026-06-19T19:21:23Z</time>
   </trkpt>
   <trkpt lat="51.4743930" lon="-0.2729480">
    <ele>4.8</ele>
    <time>2026-06-19T19:21:24Z</time>
   </trkpt>
   <trkpt lat="51.4744000" lon="-0.2729580">
    <ele>4.8</ele>
    <time>2026-06-19T19:21:25Z</time>
   </trkpt>
   <trkpt lat="51.4744110" lon="-0.2729820">
    <ele>4.9</ele>
    <time>2026-06-19T19:21:26Z</time>
   </trkpt>
   <trkpt lat="51.4744240" lon="-0.2730000">
    <ele>4.9</ele>
    <time>2026-06-19T19:21:27Z</time>
   </trkpt>
   <trkpt lat="51.4744380" lon="-0.2730090">
    <ele>4.9</ele>
    <time>2026-06-19T19:21:28Z</time>
   </trkpt>
   <trkpt lat="51.4744520" lon="-0.2730220">
    <ele>4.9</ele>
    <time>2026-06-19T19:21:29Z</time>
   </trkpt>
   <trkpt lat="51.4744640" lon="-0.2730350">
    <ele>5.0</ele>
    <time>2026-06-19T19:21:30Z</time>
   </trkpt>
   <trkpt lat="51.4744740" lon="-0.2730480">
    <ele>5.0</ele>
    <time>2026-06-19T19:21:31Z</time>
   </trkpt>
   <trkpt lat="51.4744880" lon="-0.2730730">
    <ele>5.0</ele>
    <time>2026-06-19T19:21:32Z</time>
   </trkpt>
   <trkpt lat="51.4744940" lon="-0.2730820">
    <ele>5.0</ele>
    <time>2026-06-19T19:21:33Z</time>
   </trkpt>
   <trkpt lat="51.4744990" lon="-0.2730920">
    <ele>5.0</ele>
    <time>2026-06-19T19:21:34Z</time>
   </trkpt>
   <trkpt lat="51.4745140" lon="-0.2731080">
    <ele>5.1</ele>
    <time>2026-06-19T19:21:35Z</time>
   </trkpt>
   <trkpt lat="51.4745220" lon="-0.2731180">
    <ele>5.1</ele>
    <time>2026-06-19T19:21:36Z</time>
   </trkpt>
   <trkpt lat="51.4745300" lon="-0.2731280">
    <ele>5.1</ele>
    <time>2026-06-19T19:21:37Z</time>
   </trkpt>
   <trkpt lat="51.4745440" lon="-0.2731350">
    <ele>5.1</ele>
    <time>2026-06-19T19:21:38Z</time>
   </trkpt>
   <trkpt lat="51.4745560" lon="-0.2731470">
    <ele>5.1</ele>
    <time>2026-06-19T19:21:39Z</time>
   </trkpt>
   <trkpt lat="51.4745670" lon="-0.2731600">
    <ele>5.1</ele>
    <time>2026-06-19T19:21:40Z</time>
   </trkpt>
   <trkpt lat="51.4745770" lon="-0.2731750">
    <ele>5.2</ele>
    <time>2026-06-19T19:21:41Z</time>
   </trkpt>
   <trkpt lat="51.4745960" lon="-0.2731900">
    <ele>5.2</ele>
    <time>2026-06-19T19:21:42Z</time>
   </trkpt>
   <trkpt lat="51.4746050" lon="-0.2731950">
    <ele>5.2</ele>
    <time>2026-06-19T19:21:43Z</time>
   </trkpt>
   <trkpt lat="51.4746130" lon="-0.2732000">
    <ele>5.2</ele>
    <time>2026-06-19T19:21:44Z</time>
   </trkpt>
   <trkpt lat="51.4746300" lon="-0.2732170">
    <ele>5.2</ele>
    <time>2026-06-19T19:21:45Z</time>
   </trkpt>
   <trkpt lat="51.4746380" lon="-0.2732240">
    <ele>5.2</ele>
    <time>2026-06-19T19:21:46Z</time>
   </trkpt>
   <trkpt lat="51.4746450" lon="-0.2732300">
    <ele>5.2</ele>
    <time>2026-06-19T19:21:47Z</time>
   </trkpt>
   <trkpt lat="51.4746570" lon="-0.2732430">
    <ele>5.2</ele>
    <time>2026-06-19T19:21:48Z</time>
   </trkpt>
   <trkpt lat="51.4746690" lon="-0.2732590">
    <ele>5.2</ele>
    <time>2026-06-19T19:21:49Z</time>
   </trkpt>
   <trkpt lat="51.4746790" lon="-0.2732770">
    <ele>5.3</ele>
    <time>2026-06-19T19:21:50Z</time>
   </trkpt>
   <trkpt lat="51.4746900" lon="-0.2732850">
    <ele>5.3</ele>
    <time>2026-06-19T19:21:51Z</time>
   </trkpt>
   <trkpt lat="51.4747010" lon="-0.2732970">
    <ele>5.3</ele>
    <time>2026-06-19T19:21:52Z</time>
   </trkpt>
   <trkpt lat="51.4747130" lon="-0.2733100">
    <ele>5.3</ele>
    <time>2026-06-19T19:21:53Z</time>
   </trkpt>
   <trkpt lat="51.4747310" lon="-0.2733280">
    <ele>5.3</ele>
    <time>2026-06-19T19:21:54Z</time>
   </trkpt>
   <trkpt lat="51.4747390" lon="-0.2733340">
    <ele>5.3</ele>
    <time>2026-06-19T19:21:55Z</time>
   </trkpt>
   <trkpt lat="51.4747470" lon="-0.2733400">
    <ele>5.3</ele>
    <time>2026-06-19T19:21:56Z</time>
   </trkpt>
   <trkpt lat="51.4747630" lon="-0.2733590">
    <ele>5.3</ele>
    <time>2026-06-19T19:21:57Z</time>
   </trkpt>
   <trkpt lat="51.4747700" lon="-0.2733670">
    <ele>5.3</ele>
    <time>2026-06-19T19:21:58Z</time>
   </trkpt>
   <trkpt lat="51.4747770" lon="-0.2733740">
    <ele>5.3</ele>
    <time>2026-06-19T19:21:59Z</time>
   </trkpt>
   <trkpt lat="51.4747970" lon="-0.2733860">
    <ele>5.3</ele>
    <time>2026-06-19T19:22:00Z</time>
   </trkpt>
   <trkpt lat="51.4748050" lon="-0.2733900">
    <ele>5.3</ele>
    <time>2026-06-19T19:22:01Z</time>
   </trkpt>
   <trkpt lat="51.4748130" lon="-0.2733950">
    <ele>5.3</ele>
    <time>2026-06-19T19:22:02Z</time>
   </trkpt>
   <trkpt lat="51.4748330" lon="-0.2734080">
    <ele>5.3</ele>
    <time>2026-06-19T19:22:03Z</time>
   </trkpt>
   <trkpt lat="51.4748400" lon="-0.2734150">
    <ele>5.3</ele>
    <time>2026-06-19T19:22:04Z</time>
   </trkpt>
   <trkpt lat="51.4748470" lon="-0.2734230">
    <ele>5.3</ele>
    <time>2026-06-19T19:22:05Z</time>
   </trkpt>
   <trkpt lat="51.4748670" lon="-0.2734420">
    <ele>5.3</ele>
    <time>2026-06-19T19:22:06Z</time>
   </trkpt>
   <trkpt lat="51.4748760" lon="-0.2734460">
    <ele>5.3</ele>
    <time>2026-06-19T19:22:07Z</time>
   </trkpt>
   <trkpt lat="51.4748840" lon="-0.2734510">
    <ele>5.3</ele>
    <time>2026-06-19T19:22:08Z</time>
   </trkpt>
   <trkpt lat="51.4749020" lon="-0.2734620">
    <ele>5.3</ele>
    <time>2026-06-19T19:22:10Z</time>
   </trkpt>
   <trkpt lat="51.4749100" lon="-0.2734670">
    <ele>5.3</ele>
    <time>2026-06-19T19:22:11Z</time>
   </trkpt>
   <trkpt lat="51.4749180" lon="-0.2734730">
    <ele>5.3</ele>
    <time>2026-06-19T19:22:12Z</time>
   </trkpt>
   <trkpt lat="51.4749360" lon="-0.2734930">
    <ele>5.3</ele>
    <time>2026-06-19T19:22:13Z</time>
   </trkpt>
   <trkpt lat="51.4749430" lon="-0.2735000">
    <ele>5.3</ele>
    <time>2026-06-19T19:22:14Z</time>
   </trkpt>
   <trkpt lat="51.4749500" lon="-0.2735080">
    <ele>5.3</ele>
    <time>2026-06-19T19:22:15Z</time>
   </trkpt>
   <trkpt lat="51.4749690" lon="-0.2735230">
    <ele>5.3</ele>
    <time>2026-06-19T19:22:16Z</time>
   </trkpt>
   <trkpt lat="51.4749770" lon="-0.2735280">
    <ele>5.3</ele>
    <time>2026-06-19T19:22:17Z</time>
   </trkpt>
   <trkpt lat="51.4749840" lon="-0.2735340">
    <ele>5.3</ele>
    <time>2026-06-19T19:22:18Z</time>
   </trkpt>
   <trkpt lat="51.4750000" lon="-0.2735380">
    <ele>5.3</ele>
    <time>2026-06-19T19:22:19Z</time>
   </trkpt>
   <trkpt lat="51.4750160" lon="-0.2735370">
    <ele>5.3</ele>
    <time>2026-06-19T19:22:20Z</time>
   </trkpt>
   <trkpt lat="51.4750290" lon="-0.2735430">
    <ele>5.3</ele>
    <time>2026-06-19T19:22:21Z</time>
   </trkpt>
   <trkpt lat="51.4750430" lon="-0.2735470">
    <ele>5.3</ele>
    <time>2026-06-19T19:22:22Z</time>
   </trkpt>
   <trkpt lat="51.4750580" lon="-0.2735600">
    <ele>5.3</ele>
    <time>2026-06-19T19:22:23Z</time>
   </trkpt>
   <trkpt lat="51.4750690" lon="-0.2735750">
    <ele>5.3</ele>
    <time>2026-06-19T19:22:24Z</time>
   </trkpt>
   <trkpt lat="51.4750850" lon="-0.2735830">
    <ele>5.3</ele>
    <time>2026-06-19T19:22:25Z</time>
   </trkpt>
   <trkpt lat="51.4750980" lon="-0.2735960">
    <ele>5.3</ele>
    <time>2026-06-19T19:22:26Z</time>
   </trkpt>
   <trkpt lat="51.4751170" lon="-0.2736120">
    <ele>5.3</ele>
    <time>2026-06-19T19:22:27Z</time>
   </trkpt>
   <trkpt lat="51.4751270" lon="-0.2736190">
    <ele>5.3</ele>
    <time>2026-06-19T19:22:28Z</time>
   </trkpt>
   <trkpt lat="51.4751360" lon="-0.2736270">
    <ele>5.3</ele>
    <time>2026-06-19T19:22:29Z</time>
   </trkpt>
   <trkpt lat="51.4751520" lon="-0.2736510">
    <ele>5.3</ele>
    <time>2026-06-19T19:22:30Z</time>
   </trkpt>
   <trkpt lat="51.4751590" lon="-0.2736560">
    <ele>5.3</ele>
    <time>2026-06-19T19:22:31Z</time>
   </trkpt>
   <trkpt lat="51.4751660" lon="-0.2736600">
    <ele>5.3</ele>
    <time>2026-06-19T19:22:32Z</time>
   </trkpt>
   <trkpt lat="51.4751790" lon="-0.2736660">
    <ele>5.3</ele>
    <time>2026-06-19T19:22:33Z</time>
   </trkpt>
   <trkpt lat="51.4751890" lon="-0.2736750">
    <ele>5.3</ele>
    <time>2026-06-19T19:22:34Z</time>
   </trkpt>
   <trkpt lat="51.4751990" lon="-0.2736850">
    <ele>5.3</ele>
    <time>2026-06-19T19:22:35Z</time>
   </trkpt>
   <trkpt lat="51.4752090" lon="-0.2736870">
    <ele>5.3</ele>
    <time>2026-06-19T19:22:36Z</time>
   </trkpt>
   <trkpt lat="51.4752220" lon="-0.2736950">
    <ele>5.3</ele>
    <time>2026-06-19T19:22:37Z</time>
   </trkpt>
   <trkpt lat="51.4752320" lon="-0.2737040">
    <ele>5.3</ele>
    <time>2026-06-19T19:22:38Z</time>
   </trkpt>
   <trkpt lat="51.4752440" lon="-0.2737080">
    <ele>5.3</ele>
    <time>2026-06-19T19:22:39Z</time>
   </trkpt>
   <trkpt lat="51.4752590" lon="-0.2737250">
    <ele>5.3</ele>
    <time>2026-06-19T19:22:40Z</time>
   </trkpt>
   <trkpt lat="51.4752660" lon="-0.2737310">
    <ele>5.3</ele>
    <time>2026-06-19T19:22:41Z</time>
   </trkpt>
   <trkpt lat="51.4752790" lon="-0.2737410">
    <ele>5.3</ele>
    <time>2026-06-19T19:22:42Z</time>
   </trkpt>
   <trkpt lat="51.4752900" lon="-0.2737470">
    <ele>5.3</ele>
    <time>2026-06-19T19:22:43Z</time>
   </trkpt>
   <trkpt lat="51.4753090" lon="-0.2737560">
    <ele>5.3</ele>
    <time>2026-06-19T19:22:44Z</time>
   </trkpt>
   <trkpt lat="51.4753170" lon="-0.2737630">
    <ele>5.3</ele>
    <time>2026-06-19T19:22:45Z</time>
   </trkpt>
   <trkpt lat="51.4753250" lon="-0.2737690">
    <ele>5.3</ele>
    <time>2026-06-19T19:22:46Z</time>
   </trkpt>
   <trkpt lat="51.4753380" lon="-0.2737760">
    <ele>5.3</ele>
    <time>2026-06-19T19:22:47Z</time>
   </trkpt>
   <trkpt lat="51.4753470" lon="-0.2737780">
    <ele>5.3</ele>
    <time>2026-06-19T19:22:48Z</time>
   </trkpt>
   <trkpt lat="51.4753580" lon="-0.2737830">
    <ele>5.3</ele>
    <time>2026-06-19T19:22:49Z</time>
   </trkpt>
   <trkpt lat="51.4753690" lon="-0.2737940">
    <ele>5.3</ele>
    <time>2026-06-19T19:22:50Z</time>
   </trkpt>
   <trkpt lat="51.4753820" lon="-0.2738130">
    <ele>5.3</ele>
    <time>2026-06-19T19:22:51Z</time>
   </trkpt>
   <trkpt lat="51.4754020" lon="-0.2738230">
    <ele>5.3</ele>
    <time>2026-06-19T19:22:52Z</time>
   </trkpt>
   <trkpt lat="51.4754110" lon="-0.2738260">
    <ele>5.3</ele>
    <time>2026-06-19T19:22:53Z</time>
   </trkpt>
   <trkpt lat="51.4754200" lon="-0.2738300">
    <ele>5.3</ele>
    <time>2026-06-19T19:22:54Z</time>
   </trkpt>
   <trkpt lat="51.4754430" lon="-0.2738550">
    <ele>5.3</ele>
    <time>2026-06-19T19:22:55Z</time>
   </trkpt>
   <trkpt lat="51.4754510" lon="-0.2738700">
    <ele>5.3</ele>
    <time>2026-06-19T19:22:56Z</time>
   </trkpt>
   <trkpt lat="51.4754620" lon="-0.2738790">
    <ele>5.3</ele>
    <time>2026-06-19T19:22:57Z</time>
   </trkpt>
   <trkpt lat="51.4754760" lon="-0.2738890">
    <ele>5.3</ele>
    <time>2026-06-19T19:22:58Z</time>
   </trkpt>
   <trkpt lat="51.4754880" lon="-0.2739090">
    <ele>5.3</ele>
    <time>2026-06-19T19:22:59Z</time>
   </trkpt>
   <trkpt lat="51.4755000" lon="-0.2739160">
    <ele>5.3</ele>
    <time>2026-06-19T19:23:00Z</time>
   </trkpt>
   <trkpt lat="51.4755210" lon="-0.2739280">
    <ele>5.3</ele>
    <time>2026-06-19T19:23:01Z</time>
   </trkpt>
   <trkpt lat="51.4755300" lon="-0.2739310">
    <ele>5.3</ele>
    <time>2026-06-19T19:23:02Z</time>
   </trkpt>
   <trkpt lat="51.4755390" lon="-0.2739340">
    <ele>5.3</ele>
    <time>2026-06-19T19:23:03Z</time>
   </trkpt>
   <trkpt lat="51.4755530" lon="-0.2739360">
    <ele>5.3</ele>
    <time>2026-06-19T19:23:04Z</time>
   </trkpt>
   <trkpt lat="51.4755690" lon="-0.2739450">
    <ele>5.3</ele>
    <time>2026-06-19T19:23:05Z</time>
   </trkpt>
   <trkpt lat="51.4755890" lon="-0.2739600">
    <ele>5.3</ele>
    <time>2026-06-19T19:23:06Z</time>
   </trkpt>
   <trkpt lat="51.4755970" lon="-0.2739660">
    <ele>5.3</ele>
    <time>2026-06-19T19:23:07Z</time>
   </trkpt>
   <trkpt lat="51.4756050" lon="-0.2739710">
    <ele>5.3</ele>
    <time>2026-06-19T19:23:08Z</time>
   </trkpt>
   <trkpt lat="51.4756240" lon="-0.2739810">
    <ele>5.3</ele>
    <time>2026-06-19T19:23:09Z</time>
   </trkpt>
   <trkpt lat="51.4756330" lon="-0.2739870">
    <ele>5.3</ele>
    <time>2026-06-19T19:23:10Z</time>
   </trkpt>
   <trkpt lat="51.4756410" lon="-0.2739930">
    <ele>5.3</ele>
    <time>2026-06-19T19:23:11Z</time>
   </trkpt>
   <trkpt lat="51.4756540" lon="-0.2740020">
    <ele>5.3</ele>
    <time>2026-06-19T19:23:12Z</time>
   </trkpt>
   <trkpt lat="51.4756660" lon="-0.2740170">
    <ele>5.3</ele>
    <time>2026-06-19T19:23:13Z</time>
   </trkpt>
   <trkpt lat="51.4756780" lon="-0.2740300">
    <ele>5.3</ele>
    <time>2026-06-19T19:23:14Z</time>
   </trkpt>
   <trkpt lat="51.4756890" lon="-0.2740440">
    <ele>5.3</ele>
    <time>2026-06-19T19:23:15Z</time>
   </trkpt>
   <trkpt lat="51.4757000" lon="-0.2740610">
    <ele>5.3</ele>
    <time>2026-06-19T19:23:16Z</time>
   </trkpt>
   <trkpt lat="51.4757100" lon="-0.2740770">
    <ele>5.3</ele>
    <time>2026-06-19T19:23:17Z</time>
   </trkpt>
   <trkpt lat="51.4757280" lon="-0.2740950">
    <ele>5.3</ele>
    <time>2026-06-19T19:23:18Z</time>
   </trkpt>
   <trkpt lat="51.4757360" lon="-0.2741030">
    <ele>5.3</ele>
    <time>2026-06-19T19:23:19Z</time>
   </trkpt>
   <trkpt lat="51.4757440" lon="-0.2741100">
    <ele>5.3</ele>
    <time>2026-06-19T19:23:20Z</time>
   </trkpt>
   <trkpt lat="51.4757560" lon="-0.2741200">
    <ele>5.3</ele>
    <time>2026-06-19T19:23:21Z</time>
   </trkpt>
   <trkpt lat="51.4757680" lon="-0.2741330">
    <ele>5.3</ele>
    <time>2026-06-19T19:23:22Z</time>
   </trkpt>
   <trkpt lat="51.4757820" lon="-0.2741440">
    <ele>5.3</ele>
    <time>2026-06-19T19:23:23Z</time>
   </trkpt>
   <trkpt lat="51.4757940" lon="-0.2741580">
    <ele>5.3</ele>
    <time>2026-06-19T19:23:24Z</time>
   </trkpt>
   <trkpt lat="51.4758030" lon="-0.2741780">
    <ele>5.3</ele>
    <time>2026-06-19T19:23:25Z</time>
   </trkpt>
   <trkpt lat="51.4758150" lon="-0.2741880">
    <ele>5.3</ele>
    <time>2026-06-19T19:23:26Z</time>
   </trkpt>
   <trkpt lat="51.4758360" lon="-0.2742040">
    <ele>5.3</ele>
    <time>2026-06-19T19:23:27Z</time>
   </trkpt>
   <trkpt lat="51.4758440" lon="-0.2742120">
    <ele>5.3</ele>
    <time>2026-06-19T19:23:28Z</time>
   </trkpt>
   <trkpt lat="51.4758520" lon="-0.2742210">
    <ele>5.3</ele>
    <time>2026-06-19T19:23:29Z</time>
   </trkpt>
   <trkpt lat="51.4758670" lon="-0.2742350">
    <ele>5.3</ele>
    <time>2026-06-19T19:23:30Z</time>
   </trkpt>
   <trkpt lat="51.4758800" lon="-0.2742430">
    <ele>5.3</ele>
    <time>2026-06-19T19:23:31Z</time>
   </trkpt>
   <trkpt lat="51.4758940" lon="-0.2742520">
    <ele>5.3</ele>
    <time>2026-06-19T19:23:32Z</time>
   </trkpt>
   <trkpt lat="51.4759080" lon="-0.2742620">
    <ele>5.3</ele>
    <time>2026-06-19T19:23:33Z</time>
   </trkpt>
   <trkpt lat="51.4759210" lon="-0.2742690">
    <ele>5.3</ele>
    <time>2026-06-19T19:23:34Z</time>
   </trkpt>
   <trkpt lat="51.4759300" lon="-0.2742740">
    <ele>5.3</ele>
    <time>2026-06-19T19:23:35Z</time>
   </trkpt>
   <trkpt lat="51.4759370" lon="-0.2742750">
    <ele>5.3</ele>
    <time>2026-06-19T19:23:36Z</time>
   </trkpt>
   <trkpt lat="51.4759460" lon="-0.2742830">
    <ele>5.3</ele>
    <time>2026-06-19T19:23:37Z</time>
   </trkpt>
   <trkpt lat="51.4759670" lon="-0.2743020">
    <ele>5.3</ele>
    <time>2026-06-19T19:23:38Z</time>
   </trkpt>
   <trkpt lat="51.4759780" lon="-0.2743060">
    <ele>5.3</ele>
    <time>2026-06-19T19:23:39Z</time>
   </trkpt>
   <trkpt lat="51.4759940" lon="-0.2743170">
    <ele>5.3</ele>
    <time>2026-06-19T19:23:40Z</time>
   </trkpt>
   <trkpt lat="51.4760070" lon="-0.2743320">
    <ele>5.3</ele>
    <time>2026-06-19T19:23:41Z</time>
   </trkpt>
   <trkpt lat="51.4760190" lon="-0.2743360">
    <ele>5.3</ele>
    <time>2026-06-19T19:23:42Z</time>
   </trkpt>
   <trkpt lat="51.4760400" lon="-0.2743480">
    <ele>5.3</ele>
    <time>2026-06-19T19:23:43Z</time>
   </trkpt>
   <trkpt lat="51.4760470" lon="-0.2743520">
    <ele>5.3</ele>
    <time>2026-06-19T19:23:44Z</time>
   </trkpt>
   <trkpt lat="51.4760550" lon="-0.2743570">
    <ele>5.3</ele>
    <time>2026-06-19T19:23:45Z</time>
   </trkpt>
   <trkpt lat="51.4760640" lon="-0.2743590">
    <ele>5.3</ele>
    <time>2026-06-19T19:23:46Z</time>
   </trkpt>
   <trkpt lat="51.4760750" lon="-0.2743680">
    <ele>5.3</ele>
    <time>2026-06-19T19:23:47Z</time>
   </trkpt>
   <trkpt lat="51.4760850" lon="-0.2743770">
    <ele>5.3</ele>
    <time>2026-06-19T19:23:48Z</time>
   </trkpt>
   <trkpt lat="51.4761050" lon="-0.2743870">
    <ele>5.3</ele>
    <time>2026-06-19T19:23:49Z</time>
   </trkpt>
   <trkpt lat="51.4761140" lon="-0.2743960">
    <ele>5.3</ele>
    <time>2026-06-19T19:23:50Z</time>
   </trkpt>
   <trkpt lat="51.4761240" lon="-0.2744040">
    <ele>5.3</ele>
    <time>2026-06-19T19:23:51Z</time>
   </trkpt>
   <trkpt lat="51.4761360" lon="-0.2744150">
    <ele>5.3</ele>
    <time>2026-06-19T19:23:52Z</time>
   </trkpt>
   <trkpt lat="51.4761480" lon="-0.2744180">
    <ele>5.3</ele>
    <time>2026-06-19T19:23:53Z</time>
   </trkpt>
   <trkpt lat="51.4761570" lon="-0.2744260">
    <ele>5.3</ele>
    <time>2026-06-19T19:23:54Z</time>
   </trkpt>
   <trkpt lat="51.4761690" lon="-0.2744400">
    <ele>5.3</ele>
    <time>2026-06-19T19:23:55Z</time>
   </trkpt>
   <trkpt lat="51.4761850" lon="-0.2744530">
    <ele>5.3</ele>
    <time>2026-06-19T19:23:56Z</time>
   </trkpt>
   <trkpt lat="51.4761960" lon="-0.2744550">
    <ele>5.3</ele>
    <time>2026-06-19T19:23:57Z</time>
   </trkpt>
   <trkpt lat="51.4762090" lon="-0.2744610">
    <ele>5.3</ele>
    <time>2026-06-19T19:23:58Z</time>
   </trkpt>
   <trkpt lat="51.4762190" lon="-0.2744640">
    <ele>5.3</ele>
    <time>2026-06-19T19:23:59Z</time>
   </trkpt>
   <trkpt lat="51.4762290" lon="-0.2744670">
    <ele>5.3</ele>
    <time>2026-06-19T19:24:00Z</time>
   </trkpt>
   <trkpt lat="51.4762420" lon="-0.2744670">
    <ele>5.3</ele>
    <time>2026-06-19T19:24:01Z</time>
   </trkpt>
   <trkpt lat="51.4762520" lon="-0.2744740">
    <ele>5.3</ele>
    <time>2026-06-19T19:24:02Z</time>
   </trkpt>
   <trkpt lat="51.4762600" lon="-0.2744900">
    <ele>5.3</ele>
    <time>2026-06-19T19:24:03Z</time>
   </trkpt>
   <trkpt lat="51.4762760" lon="-0.2745040">
    <ele>5.3</ele>
    <time>2026-06-19T19:24:04Z</time>
   </trkpt>
   <trkpt lat="51.4762910" lon="-0.2745180">
    <ele>5.3</ele>
    <time>2026-06-19T19:24:05Z</time>
   </trkpt>
   <trkpt lat="51.4763010" lon="-0.2745340">
    <ele>5.4</ele>
    <time>2026-06-19T19:24:06Z</time>
   </trkpt>
   <trkpt lat="51.4763130" lon="-0.2745440">
    <ele>5.4</ele>
    <time>2026-06-19T19:24:07Z</time>
   </trkpt>
   <trkpt lat="51.4763240" lon="-0.2745630">
    <ele>5.4</ele>
    <time>2026-06-19T19:24:08Z</time>
   </trkpt>
   <trkpt lat="51.4763370" lon="-0.2745720">
    <ele>5.4</ele>
    <time>2026-06-19T19:24:09Z</time>
   </trkpt>
   <trkpt lat="51.4763470" lon="-0.2745930">
    <ele>5.4</ele>
    <time>2026-06-19T19:24:10Z</time>
   </trkpt>
   <trkpt lat="51.4763690" lon="-0.2746050">
    <ele>5.4</ele>
    <time>2026-06-19T19:24:11Z</time>
   </trkpt>
   <trkpt lat="51.4763780" lon="-0.2746070">
    <ele>5.4</ele>
    <time>2026-06-19T19:24:12Z</time>
   </trkpt>
   <trkpt lat="51.4763870" lon="-0.2746100">
    <ele>5.4</ele>
    <time>2026-06-19T19:24:13Z</time>
   </trkpt>
   <trkpt lat="51.4763980" lon="-0.2746130">
    <ele>5.4</ele>
    <time>2026-06-19T19:24:14Z</time>
   </trkpt>
   <trkpt lat="51.4764120" lon="-0.2746130">
    <ele>5.4</ele>
    <time>2026-06-19T19:24:16Z</time>
   </trkpt>
   <trkpt lat="51.4764230" lon="-0.2746160">
    <ele>5.4</ele>
    <time>2026-06-19T19:24:17Z</time>
   </trkpt>
   <trkpt lat="51.4764430" lon="-0.2746350">
    <ele>5.4</ele>
    <time>2026-06-19T19:24:18Z</time>
   </trkpt>
   <trkpt lat="51.4764510" lon="-0.2746390">
    <ele>5.4</ele>
    <time>2026-06-19T19:24:19Z</time>
   </trkpt>
   <trkpt lat="51.4764600" lon="-0.2746440">
    <ele>5.4</ele>
    <time>2026-06-19T19:24:20Z</time>
   </trkpt>
   <trkpt lat="51.4764740" lon="-0.2746500">
    <ele>5.4</ele>
    <time>2026-06-19T19:24:21Z</time>
   </trkpt>
   <trkpt lat="51.4764870" lon="-0.2746620">
    <ele>5.4</ele>
    <time>2026-06-19T19:24:22Z</time>
   </trkpt>
   <trkpt lat="51.4765080" lon="-0.2746780">
    <ele>5.4</ele>
    <time>2026-06-19T19:24:23Z</time>
   </trkpt>
   <trkpt lat="51.4765160" lon="-0.2746840">
    <ele>5.4</ele>
    <time>2026-06-19T19:24:24Z</time>
   </trkpt>
   <trkpt lat="51.4765250" lon="-0.2746890">
    <ele>5.4</ele>
    <time>2026-06-19T19:24:25Z</time>
   </trkpt>
   <trkpt lat="51.4765460" lon="-0.2747010">
    <ele>5.4</ele>
    <time>2026-06-19T19:24:26Z</time>
   </trkpt>
   <trkpt lat="51.4765540" lon="-0.2747070">
    <ele>5.4</ele>
    <time>2026-06-19T19:24:27Z</time>
   </trkpt>
   <trkpt lat="51.4765610" lon="-0.2747130">
    <ele>5.4</ele>
    <time>2026-06-19T19:24:28Z</time>
   </trkpt>
   <trkpt lat="51.4765740" lon="-0.2747230">
    <ele>5.4</ele>
    <time>2026-06-19T19:24:29Z</time>
   </trkpt>
   <trkpt lat="51.4765850" lon="-0.2747400">
    <ele>5.4</ele>
    <time>2026-06-19T19:24:30Z</time>
   </trkpt>
   <trkpt lat="51.4765990" lon="-0.2747610">
    <ele>5.4</ele>
    <time>2026-06-19T19:24:31Z</time>
   </trkpt>
   <trkpt lat="51.4766130" lon="-0.2747660">
    <ele>5.4</ele>
    <time>2026-06-19T19:24:32Z</time>
   </trkpt>
   <trkpt lat="51.4766350" lon="-0.2747730">
    <ele>5.4</ele>
    <time>2026-06-19T19:24:33Z</time>
   </trkpt>
   <trkpt lat="51.4766430" lon="-0.2747790">
    <ele>5.4</ele>
    <time>2026-06-19T19:24:34Z</time>
   </trkpt>
   <trkpt lat="51.4766510" lon="-0.2747860">
    <ele>5.4</ele>
    <time>2026-06-19T19:24:35Z</time>
   </trkpt>
   <trkpt lat="51.4766640" lon="-0.2747960">
    <ele>5.4</ele>
    <time>2026-06-19T19:24:36Z</time>
   </trkpt>
   <trkpt lat="51.4766790" lon="-0.2748020">
    <ele>5.4</ele>
    <time>2026-06-19T19:24:37Z</time>
   </trkpt>
   <trkpt lat="51.4766930" lon="-0.2748050">
    <ele>5.4</ele>
    <time>2026-06-19T19:24:38Z</time>
   </trkpt>
   <trkpt lat="51.4767020" lon="-0.2748140">
    <ele>5.4</ele>
    <time>2026-06-19T19:24:39Z</time>
   </trkpt>
   <trkpt lat="51.4767110" lon="-0.2748170">
    <ele>5.4</ele>
    <time>2026-06-19T19:24:40Z</time>
   </trkpt>
   <trkpt lat="51.4767280" lon="-0.2748320">
    <ele>5.4</ele>
    <time>2026-06-19T19:24:41Z</time>
   </trkpt>
   <trkpt lat="51.4767370" lon="-0.2748370">
    <ele>5.4</ele>
    <time>2026-06-19T19:24:42Z</time>
   </trkpt>
   <trkpt lat="51.4767460" lon="-0.2748410">
    <ele>5.4</ele>
    <time>2026-06-19T19:24:43Z</time>
   </trkpt>
   <trkpt lat="51.4767610" lon="-0.2748650">
    <ele>5.4</ele>
    <time>2026-06-19T19:24:44Z</time>
   </trkpt>
   <trkpt lat="51.4767720" lon="-0.2748770">
    <ele>5.4</ele>
    <time>2026-06-19T19:24:45Z</time>
   </trkpt>
   <trkpt lat="51.4768020" lon="-0.2748950">
    <ele>5.4</ele>
    <time>2026-06-19T19:24:46Z</time>
   </trkpt>
   <trkpt lat="51.4768090" lon="-0.2748990">
    <ele>5.4</ele>
    <time>2026-06-19T19:24:47Z</time>
   </trkpt>
   <trkpt lat="51.4768230" lon="-0.2749010">
    <ele>5.4</ele>
    <time>2026-06-19T19:24:48Z</time>
   </trkpt>
   <trkpt lat="51.4768330" lon="-0.2749090">
    <ele>5.4</ele>
    <time>2026-06-19T19:24:49Z</time>
   </trkpt>
   <trkpt lat="51.4768410" lon="-0.2749190">
    <ele>5.4</ele>
    <time>2026-06-19T19:24:50Z</time>
   </trkpt>
   <trkpt lat="51.4768540" lon="-0.2749260">
    <ele>5.4</ele>
    <time>2026-06-19T19:24:51Z</time>
   </trkpt>
   <trkpt lat="51.4768690" lon="-0.2749320">
    <ele>5.4</ele>
    <time>2026-06-19T19:24:52Z</time>
   </trkpt>
   <trkpt lat="51.4768830" lon="-0.2749390">
    <ele>5.4</ele>
    <time>2026-06-19T19:24:53Z</time>
   </trkpt>
   <trkpt lat="51.4768950" lon="-0.2749490">
    <ele>5.4</ele>
    <time>2026-06-19T19:24:54Z</time>
   </trkpt>
   <trkpt lat="51.4769080" lon="-0.2749570">
    <ele>5.4</ele>
    <time>2026-06-19T19:24:55Z</time>
   </trkpt>
   <trkpt lat="51.4769190" lon="-0.2749590">
    <ele>5.4</ele>
    <time>2026-06-19T19:24:56Z</time>
   </trkpt>
   <trkpt lat="51.4769260" lon="-0.2749620">
    <ele>5.4</ele>
    <time>2026-06-19T19:24:57Z</time>
   </trkpt>
   <trkpt lat="51.4769430" lon="-0.2749660">
    <ele>5.4</ele>
    <time>2026-06-19T19:24:58Z</time>
   </trkpt>
   <trkpt lat="51.4769540" lon="-0.2749730">
    <ele>5.4</ele>
    <time>2026-06-19T19:24:59Z</time>
   </trkpt>
   <trkpt lat="51.4769640" lon="-0.2749790">
    <ele>5.4</ele>
    <time>2026-06-19T19:25:00Z</time>
   </trkpt>
   <trkpt lat="51.4769830" lon="-0.2749930">
    <ele>5.4</ele>
    <time>2026-06-19T19:25:01Z</time>
   </trkpt>
   <trkpt lat="51.4769910" lon="-0.2749990">
    <ele>5.4</ele>
    <time>2026-06-19T19:25:02Z</time>
   </trkpt>
   <trkpt lat="51.4769980" lon="-0.2750050">
    <ele>5.5</ele>
    <time>2026-06-19T19:25:03Z</time>
   </trkpt>
   <trkpt lat="51.4770100" lon="-0.2750120">
    <ele>5.5</ele>
    <time>2026-06-19T19:25:04Z</time>
   </trkpt>
   <trkpt lat="51.4770200" lon="-0.2750140">
    <ele>5.5</ele>
    <time>2026-06-19T19:25:05Z</time>
   </trkpt>
   <trkpt lat="51.4770290" lon="-0.2750200">
    <ele>5.5</ele>
    <time>2026-06-19T19:25:06Z</time>
   </trkpt>
   <trkpt lat="51.4770470" lon="-0.2750310">
    <ele>5.5</ele>
    <time>2026-06-19T19:25:07Z</time>
   </trkpt>
   <trkpt lat="51.4770560" lon="-0.2750360">
    <ele>5.5</ele>
    <time>2026-06-19T19:25:08Z</time>
   </trkpt>
   <trkpt lat="51.4770650" lon="-0.2750420">
    <ele>5.5</ele>
    <time>2026-06-19T19:25:09Z</time>
   </trkpt>
   <trkpt lat="51.4770790" lon="-0.2750500">
    <ele>5.5</ele>
    <time>2026-06-19T19:25:10Z</time>
   </trkpt>
   <trkpt lat="51.4770960" lon="-0.2750560">
    <ele>5.5</ele>
    <time>2026-06-19T19:25:11Z</time>
   </trkpt>
   <trkpt lat="51.4771080" lon="-0.2750560">
    <ele>5.5</ele>
    <time>2026-06-19T19:25:12Z</time>
   </trkpt>
   <trkpt lat="51.4771190" lon="-0.2750610">
    <ele>5.5</ele>
    <time>2026-06-19T19:25:13Z</time>
   </trkpt>
   <trkpt lat="51.4771300" lon="-0.2750670">
    <ele>5.5</ele>
    <time>2026-06-19T19:25:14Z</time>
   </trkpt>
   <trkpt lat="51.4771490" lon="-0.2750850">
    <ele>5.5</ele>
    <time>2026-06-19T19:25:15Z</time>
   </trkpt>
   <trkpt lat="51.4771560" lon="-0.2750900">
    <ele>5.5</ele>
    <time>2026-06-19T19:25:16Z</time>
   </trkpt>
   <trkpt lat="51.4771630" lon="-0.2750960">
    <ele>5.5</ele>
    <time>2026-06-19T19:25:17Z</time>
   </trkpt>
   <trkpt lat="51.4771720" lon="-0.2750990">
    <ele>5.5</ele>
    <time>2026-06-19T19:25:18Z</time>
   </trkpt>
   <trkpt lat="51.4771830" lon="-0.2751030">
    <ele>5.5</ele>
    <time>2026-06-19T19:25:19Z</time>
   </trkpt>
   <trkpt lat="51.4771940" lon="-0.2751050">
    <ele>5.5</ele>
    <time>2026-06-19T19:25:20Z</time>
   </trkpt>
   <trkpt lat="51.4772070" lon="-0.2751100">
    <ele>5.5</ele>
    <time>2026-06-19T19:25:21Z</time>
   </trkpt>
   <trkpt lat="51.4772200" lon="-0.2751180">
    <ele>5.5</ele>
    <time>2026-06-19T19:25:22Z</time>
   </trkpt>
   <trkpt lat="51.4772400" lon="-0.2751330">
    <ele>5.5</ele>
    <time>2026-06-19T19:25:23Z</time>
   </trkpt>
   <trkpt lat="51.4772480" lon="-0.2751390">
    <ele>5.5</ele>
    <time>2026-06-19T19:25:24Z</time>
   </trkpt>
   <trkpt lat="51.4772550" lon="-0.2751460">
    <ele>5.5</ele>
    <time>2026-06-19T19:25:25Z</time>
   </trkpt>
   <trkpt lat="51.4772650" lon="-0.2751480">
    <ele>5.5</ele>
    <time>2026-06-19T19:25:26Z</time>
   </trkpt>
   <trkpt lat="51.4772820" lon="-0.2751630">
    <ele>5.5</ele>
    <time>2026-06-19T19:25:27Z</time>
   </trkpt>
   <trkpt lat="51.4773040" lon="-0.2751680">
    <ele>5.5</ele>
    <time>2026-06-19T19:25:28Z</time>
   </trkpt>
   <trkpt lat="51.4773130" lon="-0.2751750">
    <ele>5.5</ele>
    <time>2026-06-19T19:25:29Z</time>
   </trkpt>
   <trkpt lat="51.4773220" lon="-0.2751820">
    <ele>5.4</ele>
    <time>2026-06-19T19:25:30Z</time>
   </trkpt>
   <trkpt lat="51.4773330" lon="-0.2751910">
    <ele>5.4</ele>
    <time>2026-06-19T19:25:31Z</time>
   </trkpt>
   <trkpt lat="51.4773450" lon="-0.2751950">
    <ele>5.4</ele>
    <time>2026-06-19T19:25:32Z</time>
   </trkpt>
   <trkpt lat="51.4773540" lon="-0.2751960">
    <ele>5.4</ele>
    <time>2026-06-19T19:25:33Z</time>
   </trkpt>
   <trkpt lat="51.4773780" lon="-0.2752090">
    <ele>5.4</ele>
    <time>2026-06-19T19:25:34Z</time>
   </trkpt>
   <trkpt lat="51.4773890" lon="-0.2752180">
    <ele>5.4</ele>
    <time>2026-06-19T19:25:35Z</time>
   </trkpt>
   <trkpt lat="51.4774050" lon="-0.2752330">
    <ele>5.4</ele>
    <time>2026-06-19T19:25:36Z</time>
   </trkpt>
   <trkpt lat="51.4774200" lon="-0.2752430">
    <ele>5.4</ele>
    <time>2026-06-19T19:25:37Z</time>
   </trkpt>
   <trkpt lat="51.4774330" lon="-0.2752500">
    <ele>5.4</ele>
    <time>2026-06-19T19:25:38Z</time>
   </trkpt>
   <trkpt lat="51.4774460" lon="-0.2752590">
    <ele>5.4</ele>
    <time>2026-06-19T19:25:39Z</time>
   </trkpt>
   <trkpt lat="51.4774540" lon="-0.2752600">
    <ele>5.4</ele>
    <time>2026-06-19T19:25:40Z</time>
   </trkpt>
   <trkpt lat="51.4774670" lon="-0.2752670">
    <ele>5.4</ele>
    <time>2026-06-19T19:25:41Z</time>
   </trkpt>
   <trkpt lat="51.4774760" lon="-0.2752660">
    <ele>5.4</ele>
    <time>2026-06-19T19:25:42Z</time>
   </trkpt>
   <trkpt lat="51.4774950" lon="-0.2752750">
    <ele>5.4</ele>
    <time>2026-06-19T19:25:43Z</time>
   </trkpt>
   <trkpt lat="51.4775030" lon="-0.2752780">
    <ele>5.4</ele>
    <time>2026-06-19T19:25:44Z</time>
   </trkpt>
   <trkpt lat="51.4775110" lon="-0.2752810">
    <ele>5.4</ele>
    <time>2026-06-19T19:25:45Z</time>
   </trkpt>
   <trkpt lat="51.4775210" lon="-0.2752900">
    <ele>5.4</ele>
    <time>2026-06-19T19:25:46Z</time>
   </trkpt>
   <trkpt lat="51.4775330" lon="-0.2752920">
    <ele>5.4</ele>
    <time>2026-06-19T19:25:47Z</time>
   </trkpt>
   <trkpt lat="51.4775460" lon="-0.2752980">
    <ele>5.4</ele>
    <time>2026-06-19T19:25:48Z</time>
   </trkpt>
   <trkpt lat="51.4775610" lon="-0.2753150">
    <ele>5.4</ele>
    <time>2026-06-19T19:25:49Z</time>
   </trkpt>
   <trkpt lat="51.4775730" lon="-0.2753240">
    <ele>5.4</ele>
    <time>2026-06-19T19:25:50Z</time>
   </trkpt>
   <trkpt lat="51.4775830" lon="-0.2753290">
    <ele>5.4</ele>
    <time>2026-06-19T19:25:51Z</time>
   </trkpt>
   <trkpt lat="51.4775950" lon="-0.2753370">
    <ele>5.4</ele>
    <time>2026-06-19T19:25:52Z</time>
   </trkpt>
   <trkpt lat="51.4776090" lon="-0.2753360">
    <ele>5.4</ele>
    <time>2026-06-19T19:25:53Z</time>
   </trkpt>
   <trkpt lat="51.4776190" lon="-0.2753410">
    <ele>5.4</ele>
    <time>2026-06-19T19:25:54Z</time>
   </trkpt>
   <trkpt lat="51.4776340" lon="-0.2753570">
    <ele>5.4</ele>
    <time>2026-06-19T19:25:55Z</time>
   </trkpt>
   <trkpt lat="51.4776430" lon="-0.2753690">
    <ele>5.4</ele>
    <time>2026-06-19T19:25:56Z</time>
   </trkpt>
   <trkpt lat="51.4776550" lon="-0.2753700">
    <ele>5.4</ele>
    <time>2026-06-19T19:25:57Z</time>
   </trkpt>
   <trkpt lat="51.4776650" lon="-0.2753680">
    <ele>5.4</ele>
    <time>2026-06-19T19:25:58Z</time>
   </trkpt>
   <trkpt lat="51.4776820" lon="-0.2753760">
    <ele>5.4</ele>
    <time>2026-06-19T19:25:59Z</time>
   </trkpt>
   <trkpt lat="51.4776950" lon="-0.2753850">
    <ele>5.4</ele>
    <time>2026-06-19T19:26:00Z</time>
   </trkpt>
   <trkpt lat="51.4777060" lon="-0.2753850">
    <ele>5.4</ele>
    <time>2026-06-19T19:26:01Z</time>
   </trkpt>
   <trkpt lat="51.4777170" lon="-0.2753880">
    <ele>5.4</ele>
    <time>2026-06-19T19:26:02Z</time>
   </trkpt>
   <trkpt lat="51.4777270" lon="-0.2753900">
    <ele>5.4</ele>
    <time>2026-06-19T19:26:03Z</time>
   </trkpt>
   <trkpt lat="51.4777340" lon="-0.2753890">
    <ele>5.4</ele>
    <time>2026-06-19T19:26:04Z</time>
   </trkpt>
   <trkpt lat="51.4777430" lon="-0.2753900">
    <ele>5.4</ele>
    <time>2026-06-19T19:26:05Z</time>
   </trkpt>
   <trkpt lat="51.4777600" lon="-0.2753990">
    <ele>5.4</ele>
    <time>2026-06-19T19:26:06Z</time>
   </trkpt>
   <trkpt lat="51.4777750" lon="-0.2754120">
    <ele>5.4</ele>
    <time>2026-06-19T19:26:07Z</time>
   </trkpt>
   <trkpt lat="51.4777870" lon="-0.2754260">
    <ele>5.4</ele>
    <time>2026-06-19T19:26:08Z</time>
   </trkpt>
   <trkpt lat="51.4778000" lon="-0.2754320">
    <ele>5.4</ele>
    <time>2026-06-19T19:26:09Z</time>
   </trkpt>
   <trkpt lat="51.4778120" lon="-0.2754340">
    <ele>5.4</ele>
    <time>2026-06-19T19:26:10Z</time>
   </trkpt>
   <trkpt lat="51.4778200" lon="-0.2754410">
    <ele>5.4</ele>
    <time>2026-06-19T19:26:11Z</time>
   </trkpt>
   <trkpt lat="51.4778390" lon="-0.2754520">
    <ele>5.4</ele>
    <time>2026-06-19T19:26:12Z</time>
   </trkpt>
   <trkpt lat="51.4778470" lon="-0.2754560">
    <ele>5.4</ele>
    <time>2026-06-19T19:26:13Z</time>
   </trkpt>
   <trkpt lat="51.4778560" lon="-0.2754590">
    <ele>5.4</ele>
    <time>2026-06-19T19:26:14Z</time>
   </trkpt>
   <trkpt lat="51.4778700" lon="-0.2754670">
    <ele>5.4</ele>
    <time>2026-06-19T19:26:15Z</time>
   </trkpt>
   <trkpt lat="51.4778840" lon="-0.2754720">
    <ele>5.4</ele>
    <time>2026-06-19T19:26:16Z</time>
   </trkpt>
   <trkpt lat="51.4778970" lon="-0.2754760">
    <ele>5.4</ele>
    <time>2026-06-19T19:26:17Z</time>
   </trkpt>
   <trkpt lat="51.4779090" lon="-0.2754840">
    <ele>5.4</ele>
    <time>2026-06-19T19:26:18Z</time>
   </trkpt>
   <trkpt lat="51.4779150" lon="-0.2754880">
    <ele>5.4</ele>
    <time>2026-06-19T19:26:19Z</time>
   </trkpt>
   <trkpt lat="51.4779260" lon="-0.2754920">
    <ele>5.4</ele>
    <time>2026-06-19T19:26:20Z</time>
   </trkpt>
   <trkpt lat="51.4779460" lon="-0.2755060">
    <ele>5.4</ele>
    <time>2026-06-19T19:26:22Z</time>
   </trkpt>
   <trkpt lat="51.4779600" lon="-0.2755180">
    <ele>5.4</ele>
    <time>2026-06-19T19:26:23Z</time>
   </trkpt>
   <trkpt lat="51.4779720" lon="-0.2755390">
    <ele>5.4</ele>
    <time>2026-06-19T19:26:24Z</time>
   </trkpt>
   <trkpt lat="51.4779770" lon="-0.2755770">
    <ele>5.4</ele>
    <time>2026-06-19T19:26:25Z</time>
   </trkpt>
   <trkpt lat="51.4779770" lon="-0.2755950">
    <ele>5.4</ele>
    <time>2026-06-19T19:26:26Z</time>
   </trkpt>
   <trkpt lat="51.4779760" lon="-0.2756140">
    <ele>5.4</ele>
    <time>2026-06-19T19:26:27Z</time>
   </trkpt>
   <trkpt lat="51.4779650" lon="-0.2756360">
    <ele>5.4</ele>
    <time>2026-06-19T19:26:28Z</time>
   </trkpt>
   <trkpt lat="51.4779600" lon="-0.2756560">
    <ele>5.4</ele>
    <time>2026-06-19T19:26:29Z</time>
   </trkpt>
   <trkpt lat="51.4779680" lon="-0.2756780">
    <ele>5.4</ele>
    <time>2026-06-19T19:26:30Z</time>
   </trkpt>
   <trkpt lat="51.4779640" lon="-0.2757040">
    <ele>5.4</ele>
    <time>2026-06-19T19:26:31Z</time>
   </trkpt>
   <trkpt lat="51.4779580" lon="-0.2757350">
    <ele>5.4</ele>
    <time>2026-06-19T19:26:32Z</time>
   </trkpt>
   <trkpt lat="51.4779540" lon="-0.2757540">
    <ele>5.4</ele>
    <time>2026-06-19T19:26:33Z</time>
   </trkpt>
   <trkpt lat="51.4779520" lon="-0.2757780">
    <ele>5.4</ele>
    <time>2026-06-19T19:26:34Z</time>
   </trkpt>
   <trkpt lat="51.4779470" lon="-0.2757990">
    <ele>5.4</ele>
    <time>2026-06-19T19:26:35Z</time>
   </trkpt>
   <trkpt lat="51.4779450" lon="-0.2758210">
    <ele>5.3</ele>
    <time>2026-06-19T19:26:36Z</time>
   </trkpt>
   <trkpt lat="51.4779450" lon="-0.2758390">
    <ele>5.3</ele>
    <time>2026-06-19T19:26:37Z</time>
   </trkpt>
   <trkpt lat="51.4779470" lon="-0.2758510">
    <ele>5.3</ele>
    <time>2026-06-19T19:26:38Z</time>
   </trkpt>
   <trkpt lat="51.4779370" lon="-0.2758760">
    <ele>5.2</ele>
    <time>2026-06-19T19:26:39Z</time>
   </trkpt>
   <trkpt lat="51.4779280" lon="-0.2758950">
    <ele>5.2</ele>
    <time>2026-06-19T19:26:40Z</time>
   </trkpt>
   <trkpt lat="51.4779220" lon="-0.2759230">
    <ele>5.1</ele>
    <time>2026-06-19T19:26:41Z</time>
   </trkpt>
   <trkpt lat="51.4779190" lon="-0.2759370">
    <ele>5.1</ele>
    <time>2026-06-19T19:26:42Z</time>
   </trkpt>
   <trkpt lat="51.4779150" lon="-0.2759520">
    <ele>5.1</ele>
    <time>2026-06-19T19:26:43Z</time>
   </trkpt>
   <trkpt lat="51.4779130" lon="-0.2759670">
    <ele>5.0</ele>
    <time>2026-06-19T19:26:44Z</time>
   </trkpt>
   <trkpt lat="51.4779080" lon="-0.2759770">
    <ele>5.0</ele>
    <time>2026-06-19T19:26:45Z</time>
   </trkpt>
   <trkpt lat="51.4779040" lon="-0.2759930">
    <ele>5.0</ele>
    <time>2026-06-19T19:26:46Z</time>
   </trkpt>
   <trkpt lat="51.4779000" lon="-0.2760100">
    <ele>4.9</ele>
    <time>2026-06-19T19:26:47Z</time>
   </trkpt>
   <trkpt lat="51.4779010" lon="-0.2760150">
    <ele>4.9</ele>
    <time>2026-06-19T19:26:48Z</time>
   </trkpt>
   <trkpt lat="51.4778950" lon="-0.2760230">
    <ele>4.9</ele>
    <time>2026-06-19T19:26:49Z</time>
   </trkpt>
   <trkpt lat="51.4778860" lon="-0.2760290">
    <ele>4.8</ele>
    <time>2026-06-19T19:26:50Z</time>
   </trkpt>
   <trkpt lat="51.4778780" lon="-0.2760590">
    <ele>4.7</ele>
    <time>2026-06-19T19:26:51Z</time>
   </trkpt>
   <trkpt lat="51.4778710" lon="-0.2760780">
    <ele>4.6</ele>
    <time>2026-06-19T19:26:52Z</time>
   </trkpt>
   <trkpt lat="51.4778630" lon="-0.2760960">
    <ele>4.5</ele>
    <time>2026-06-19T19:26:53Z</time>
   </trkpt>
   <trkpt lat="51.4778560" lon="-0.2761150">
    <ele>4.5</ele>
    <time>2026-06-19T19:26:54Z</time>
   </trkpt>
   <trkpt lat="51.4778530" lon="-0.2761290">
    <ele>4.4</ele>
    <time>2026-06-19T19:26:55Z</time>
   </trkpt>
   <trkpt lat="51.4778490" lon="-0.2761610">
    <ele>4.3</ele>
    <time>2026-06-19T19:26:56Z</time>
   </trkpt>
   <trkpt lat="51.4778440" lon="-0.2761760">
    <ele>4.3</ele>
    <time>2026-06-19T19:26:57Z</time>
   </trkpt>
   <trkpt lat="51.4778390" lon="-0.2761920">
    <ele>4.3</ele>
    <time>2026-06-19T19:26:58Z</time>
   </trkpt>
   <trkpt lat="51.4778400" lon="-0.2762040">
    <ele>4.3</ele>
    <time>2026-06-19T19:26:59Z</time>
   </trkpt>
   <trkpt lat="51.4778340" lon="-0.2762240">
    <ele>4.3</ele>
    <time>2026-06-19T19:27:00Z</time>
   </trkpt>
   <trkpt lat="51.4778320" lon="-0.2762450">
    <ele>4.2</ele>
    <time>2026-06-19T19:27:01Z</time>
   </trkpt>
   <trkpt lat="51.4778280" lon="-0.2762570">
    <ele>4.2</ele>
    <time>2026-06-19T19:27:02Z</time>
   </trkpt>
   <trkpt lat="51.4778190" lon="-0.2762720">
    <ele>4.2</ele>
    <time>2026-06-19T19:27:03Z</time>
   </trkpt>
   <trkpt lat="51.4778140" lon="-0.2762920">
    <ele>4.2</ele>
    <time>2026-06-19T19:27:04Z</time>
   </trkpt>
   <trkpt lat="51.4778110" lon="-0.2763050">
    <ele>4.2</ele>
    <time>2026-06-19T19:27:05Z</time>
   </trkpt>
   <trkpt lat="51.4778080" lon="-0.2763220">
    <ele>4.2</ele>
    <time>2026-06-19T19:27:06Z</time>
   </trkpt>
   <trkpt lat="51.4778060" lon="-0.2763340">
    <ele>4.2</ele>
    <time>2026-06-19T19:27:07Z</time>
   </trkpt>
   <trkpt lat="51.4778050" lon="-0.2763500">
    <ele>4.2</ele>
    <time>2026-06-19T19:27:08Z</time>
   </trkpt>
   <trkpt lat="51.4778050" lon="-0.2763640">
    <ele>4.2</ele>
    <time>2026-06-19T19:27:09Z</time>
   </trkpt>
   <trkpt lat="51.4778060" lon="-0.2763890">
    <ele>4.2</ele>
    <time>2026-06-19T19:27:10Z</time>
   </trkpt>
   <trkpt lat="51.4778060" lon="-0.2764210">
    <ele>4.2</ele>
    <time>2026-06-19T19:27:11Z</time>
   </trkpt>
   <trkpt lat="51.4778040" lon="-0.2764310">
    <ele>4.2</ele>
    <time>2026-06-19T19:27:12Z</time>
   </trkpt>
   <trkpt lat="51.4778010" lon="-0.2764410">
    <ele>4.1</ele>
    <time>2026-06-19T19:27:13Z</time>
   </trkpt>
   <trkpt lat="51.4777980" lon="-0.2764510">
    <ele>4.1</ele>
    <time>2026-06-19T19:27:14Z</time>
   </trkpt>
   <trkpt lat="51.4777960" lon="-0.2764720">
    <ele>4.1</ele>
    <time>2026-06-19T19:27:15Z</time>
   </trkpt>
   <trkpt lat="51.4777930" lon="-0.2765020">
    <ele>4.1</ele>
    <time>2026-06-19T19:27:16Z</time>
   </trkpt>
   <trkpt lat="51.4777900" lon="-0.2765210">
    <ele>4.1</ele>
    <time>2026-06-19T19:27:17Z</time>
   </trkpt>
   <trkpt lat="51.4777850" lon="-0.2765360">
    <ele>4.1</ele>
    <time>2026-06-19T19:27:18Z</time>
   </trkpt>
   <trkpt lat="51.4777800" lon="-0.2765500">
    <ele>4.1</ele>
    <time>2026-06-19T19:27:19Z</time>
   </trkpt>
   <trkpt lat="51.4777750" lon="-0.2765760">
    <ele>4.1</ele>
    <time>2026-06-19T19:27:20Z</time>
   </trkpt>
   <trkpt lat="51.4777710" lon="-0.2765990">
    <ele>4.1</ele>
    <time>2026-06-19T19:27:21Z</time>
   </trkpt>
   <trkpt lat="51.4777710" lon="-0.2766220">
    <ele>4.1</ele>
    <time>2026-06-19T19:27:22Z</time>
   </trkpt>
   <trkpt lat="51.4777640" lon="-0.2766470">
    <ele>4.1</ele>
    <time>2026-06-19T19:27:23Z</time>
   </trkpt>
   <trkpt lat="51.4777560" lon="-0.2766850">
    <ele>4.1</ele>
    <time>2026-06-19T19:27:24Z</time>
   </trkpt>
   <trkpt lat="51.4777540" lon="-0.2766990">
    <ele>4.1</ele>
    <time>2026-06-19T19:27:25Z</time>
   </trkpt>
   <trkpt lat="51.4777530" lon="-0.2767140">
    <ele>4.1</ele>
    <time>2026-06-19T19:27:26Z</time>
   </trkpt>
   <trkpt lat="51.4777550" lon="-0.2767270">
    <ele>4.1</ele>
    <time>2026-06-19T19:27:27Z</time>
   </trkpt>
   <trkpt lat="51.4777480" lon="-0.2767460">
    <ele>4.1</ele>
    <time>2026-06-19T19:27:28Z</time>
   </trkpt>
   <trkpt lat="51.4777430" lon="-0.2767640">
    <ele>4.1</ele>
    <time>2026-06-19T19:27:29Z</time>
   </trkpt>
   <trkpt lat="51.4777370" lon="-0.2767860">
    <ele>4.1</ele>
    <time>2026-06-19T19:27:30Z</time>
   </trkpt>
   <trkpt lat="51.4777380" lon="-0.2768020">
    <ele>4.1</ele>
    <time>2026-06-19T19:27:31Z</time>
   </trkpt>
   <trkpt lat="51.4777370" lon="-0.2768170">
    <ele>4.1</ele>
    <time>2026-06-19T19:27:32Z</time>
   </trkpt>
   <trkpt lat="51.4777330" lon="-0.2768440">
    <ele>4.1</ele>
    <time>2026-06-19T19:27:33Z</time>
   </trkpt>
   <trkpt lat="51.4777300" lon="-0.2768590">
    <ele>4.1</ele>
    <time>2026-06-19T19:27:34Z</time>
   </trkpt>
   <trkpt lat="51.4777280" lon="-0.2768740">
    <ele>4.1</ele>
    <time>2026-06-19T19:27:35Z</time>
   </trkpt>
   <trkpt lat="51.4777080" lon="-0.2769200">
    <ele>4.1</ele>
    <time>2026-06-19T19:27:36Z</time>
   </trkpt>
   <trkpt lat="51.4777020" lon="-0.2769300">
    <ele>4.1</ele>
    <time>2026-06-19T19:27:37Z</time>
   </trkpt>
   <trkpt lat="51.4776930" lon="-0.2769570">
    <ele>4.1</ele>
    <time>2026-06-19T19:27:38Z</time>
   </trkpt>
   <trkpt lat="51.4776890" lon="-0.2769780">
    <ele>4.0</ele>
    <time>2026-06-19T19:27:39Z</time>
   </trkpt>
   <trkpt lat="51.4776800" lon="-0.2769990">
    <ele>4.0</ele>
    <time>2026-06-19T19:27:40Z</time>
   </trkpt>
   <trkpt lat="51.4776700" lon="-0.2770190">
    <ele>4.0</ele>
    <time>2026-06-19T19:27:41Z</time>
   </trkpt>
   <trkpt lat="51.4776580" lon="-0.2770460">
    <ele>4.0</ele>
    <time>2026-06-19T19:27:42Z</time>
   </trkpt>
   <trkpt lat="51.4776550" lon="-0.2770590">
    <ele>4.0</ele>
    <time>2026-06-19T19:27:43Z</time>
   </trkpt>
   <trkpt lat="51.4776510" lon="-0.2770730">
    <ele>4.0</ele>
    <time>2026-06-19T19:27:44Z</time>
   </trkpt>
   <trkpt lat="51.4776460" lon="-0.2770880">
    <ele>4.0</ele>
    <time>2026-06-19T19:27:45Z</time>
   </trkpt>
   <trkpt lat="51.4776420" lon="-0.2771060">
    <ele>4.0</ele>
    <time>2026-06-19T19:27:46Z</time>
   </trkpt>
   <trkpt lat="51.4776420" lon="-0.2771210">
    <ele>4.0</ele>
    <time>2026-06-19T19:27:47Z</time>
   </trkpt>
   <trkpt lat="51.4776340" lon="-0.2771470">
    <ele>4.0</ele>
    <time>2026-06-19T19:27:48Z</time>
   </trkpt>
   <trkpt lat="51.4776340" lon="-0.2771750">
    <ele>4.0</ele>
    <time>2026-06-19T19:27:49Z</time>
   </trkpt>
   <trkpt lat="51.4776330" lon="-0.2772020">
    <ele>4.0</ele>
    <time>2026-06-19T19:27:50Z</time>
   </trkpt>
   <trkpt lat="51.4776350" lon="-0.2772270">
    <ele>4.0</ele>
    <time>2026-06-19T19:27:51Z</time>
   </trkpt>
   <trkpt lat="51.4776410" lon="-0.2772360">
    <ele>4.0</ele>
    <time>2026-06-19T19:27:52Z</time>
   </trkpt>
   <trkpt lat="51.4776480" lon="-0.2772550">
    <ele>4.0</ele>
    <time>2026-06-19T19:27:53Z</time>
   </trkpt>
   <trkpt lat="51.4776540" lon="-0.2772620">
    <ele>4.0</ele>
    <time>2026-06-19T19:27:54Z</time>
   </trkpt>
  </trkseg>
 </trk>
</gpx>
