<?xml version="1.0" encoding="UTF-8"?>
<gpx creator="StravaGPX" version="1.1" xmlns="http://www.topografix.com/GPX/1/1" xmlns:xsi="http://www.w3.org/2001/XMLSchema-instance" xsi:schemaLocation="http://www.topografix.com/GPX/1/1 http://www.topografix.com/GPX/1/1/gpx.xsd">
 <metadata>
  <time>2026-05-16T09:17:37Z</time>
 </metadata>
 <trk>
  <name>Morning Walk</name>
  <type>walking</type>
  <trkseg>
   <trkpt lat="51.4807830" lon="-0.2769730">
    <ele>5.6</ele>
    <time>2026-05-16T09:17:37Z</time>
   </trkpt>
   <trkpt lat="51.4807830" lon="-0.2769730">
    <ele>5.6</ele>
    <time>2026-05-16T09:17:38Z</time>
   </trkpt>
   <trkpt lat="51.4807830" lon="-0.2769780">
    <ele>5.6</ele>
    <time>2026-05-16T09:17:39Z</time>
   </trkpt>
   <trkpt lat="51.4807820" lon="-0.2769810">
    <ele>5.6</ele>
    <time>2026-05-16T09:17:40Z</time>
   </trkpt>
   <trkpt lat="51.4807860" lon="-0.2769860">
    <ele>5.5</ele>
    <time>2026-05-16T09:17:41Z</time>
   </trkpt>
   <trkpt lat="51.4807900" lon="-0.2769930">
    <ele>5.5</ele>
    <time>2026-05-16T09:17:42Z</time>
   </trkpt>
   <trkpt lat="51.4807920" lon="-0.2769990">
    <ele>5.5</ele>
    <time>2026-05-16T09:17:43Z</time>
   </trkpt>
   <trkpt lat="51.4808010" lon="-0.2770060">
    <ele>5.5</ele>
    <time>2026-05-16T09:17:44Z</time>
   </trkpt>
   <trkpt lat="51.4808200" lon="-0.2770110">
    <ele>5.5</ele>
    <time>2026-05-16T09:17:45Z</time>
   </trkpt>
   <trkpt lat="51.4808310" lon="-0.2770200">
    <ele>5.5</ele>
    <time>2026-05-16T09:17:46Z</time>
   </trkpt>
   <trkpt lat="51.4808370" lon="-0.2770150">
    <ele>5.5</ele>
    <time>2026-05-16T09:17:47Z</time>
   </trkpt>
   <trkpt lat="51.4808490" lon="-0.2770200">
    <ele>5.5</ele>
    <time>2026-05-16T09:17:48Z</time>
   </trkpt>
   <trkpt lat="51.4808630" lon="-0.2770290">
    <ele>5.4</ele>
    <time>2026-05-16T09:17:49Z</time>
   </trkpt>
   <trkpt lat="51.4808750" lon="-0.2770290">
    <ele>5.4</ele>
    <time>2026-05-16T09:17:50Z</time>
   </trkpt>
   <trkpt lat="51.4808930" lon="-0.2770420">
    <ele>5.4</ele>
    <time>2026-05-16T09:17:51Z</time>
   </trkpt>
   <trkpt lat="51.4809110" lon="-0.2770480">
    <ele>5.4</ele>
    <time>2026-05-16T09:17:52Z</time>
   </trkpt>
   <trkpt lat="51.4809230" lon="-0.2770460">
    <ele>5.4</ele>
    <time>2026-05-16T09:17:53Z</time>
   </trkpt>
   <trkpt lat="51.4809370" lon="-0.2770620">
    <ele>5.3</ele>
    <time>2026-05-16T09:17:54Z</time>
   </trkpt>
   <trkpt lat="51.4809480" lon="-0.2770770">
    <ele>5.3</ele>
    <time>2026-05-16T09:17:55Z</time>
   </trkpt>
   <trkpt lat="51.4809570" lon="-0.2770860">
    <ele>5.3</ele>
    <time>2026-05-16T09:17:56Z</time>
   </trkpt>
   <trkpt lat="51.4809730" lon="-0.2770960">
    <ele>5.3</ele>
    <time>2026-05-16T09:17:57Z</time>
   </trkpt>
   <trkpt lat="51.4809930" lon="-0.2771010">
    <ele>5.3</ele>
    <time>2026-05-16T09:17:58Z</time>
   </trkpt>
   <trkpt lat="51.4810000" lon="-0.2771090">
    <ele>5.3</ele>
    <time>2026-05-16T09:17:59Z</time>
   </trkpt>
   <trkpt lat="51.4809960" lon="-0.2771080">
    <ele>5.3</ele>
    <time>2026-05-16T09:18:00Z</time>
   </trkpt>
   <trkpt lat="51.4810020" lon="-0.2771150">
    <ele>5.3</ele>
    <time>2026-05-16T09:18:01Z</time>
   </trkpt>
   <trkpt lat="51.4810080" lon="-0.2771140">
    <ele>5.3</ele>
    <time>2026-05-16T09:18:02Z</time>
   </trkpt>
   <trkpt lat="51.4809890" lon="-0.2771060">
    <ele>5.3</ele>
    <time>2026-05-16T09:18:03Z</time>
   </trkpt>
   <trkpt lat="51.4810030" lon="-0.2771150">
    <ele>5.2</ele>
    <time>2026-05-16T09:18:04Z</time>
   </trkpt>
   <trkpt lat="51.4810150" lon="-0.2771230">
    <ele>5.2</ele>
    <time>2026-05-16T09:18:05Z</time>
   </trkpt>
   <trkpt lat="51.4810200" lon="-0.2771390">
    <ele>5.2</ele>
    <time>2026-05-16T09:18:06Z</time>
   </trkpt>
   <trkpt lat="51.4810290" lon="-0.2771410">
    <ele>5.2</ele>
    <time>2026-05-16T09:18:07Z</time>
   </trkpt>
   <trkpt lat="51.4810340" lon="-0.2771460">
    <ele>5.2</ele>
    <time>2026-05-16T09:18:08Z</time>
   </trkpt>
   <trkpt lat="51.4810480" lon="-0.2771560">
    <ele>5.2</ele>
    <time>2026-05-16T09:18:09Z</time>
   </trkpt>
   <trkpt lat="51.4810550" lon="-0.2771650">
    <ele>5.2</ele>
    <time>2026-05-16T09:18:10Z</time>
   </trkpt>
   <trkpt lat="51.4810540" lon="-0.2771650">
    <ele>5.3</ele>
    <time>2026-05-16T09:18:11Z</time>
   </trkpt>
   <trkpt lat="51.4810630" lon="-0.2771720">
    <ele>5.3</ele>
    <time>2026-05-16T09:18:12Z</time>
   </trkpt>
   <trkpt lat="51.4810800" lon="-0.2771750">
    <ele>5.3</ele>
    <time>2026-05-16T09:18:13Z</time>
   </trkpt>
   <trkpt lat="51.4810890" lon="-0.2771720">
    <ele>5.3</ele>
    <time>2026-05-16T09:18:14Z</time>
   </trkpt>
   <trkpt lat="51.4810840" lon="-0.2771710">
    <ele>5.3</ele>
    <time>2026-05-16T09:18:15Z</time>
   </trkpt>
   <trkpt lat="51.4810880" lon="-0.2771730">
    <ele>5.3</ele>
    <time>2026-05-16T09:18:16Z</time>
   </trkpt>
   <trkpt lat="51.4811030" lon="-0.2771760">
    <ele>5.3</ele>
    <time>2026-05-16T09:18:17Z</time>
   </trkpt>
   <trkpt lat="51.4811060" lon="-0.2771740">
    <ele>5.3</ele>
    <time>2026-05-16T09:18:18Z</time>
   </trkpt>
   <trkpt lat="51.4811050" lon="-0.2771740">
    <ele>5.3</ele>
    <time>2026-05-16T09:18:19Z</time>
   </trkpt>
   <trkpt lat="51.4811080" lon="-0.2771650">
    <ele>5.3</ele>
    <time>2026-05-16T09:18:20Z</time>
   </trkpt>
   <trkpt lat="51.4811170" lon="-0.2771660">
    <ele>5.3</ele>
    <time>2026-05-16T09:18:21Z</time>
   </trkpt>
   <trkpt lat="51.4811260" lon="-0.2771710">
    <ele>5.3</ele>
    <time>2026-05-16T09:18:22Z</time>
   </trkpt>
   <trkpt lat="51.4811270" lon="-0.2771860">
    <ele>5.3</ele>
    <time>2026-05-16T09:18:23Z</time>
   </trkpt>
   <trkpt lat="51.4811320" lon="-0.2771990">
    <ele>5.3</ele>
    <time>2026-05-16T09:18:24Z</time>
   </trkpt>
   <trkpt lat="51.4811530" lon="-0.2772090">
    <ele>5.4</ele>
    <time>2026-05-16T09:18:25Z</time>
   </trkpt>
   <trkpt lat="51.4811600" lon="-0.2772120">
    <ele>5.4</ele>
    <time>2026-05-16T09:18:26Z</time>
   </trkpt>
   <trkpt lat="51.4811710" lon="-0.2772220">
    <ele>5.4</ele>
    <time>2026-05-16T09:18:27Z</time>
   </trkpt>
   <trkpt lat="51.4811810" lon="-0.2772280">
    <ele>5.4</ele>
    <time>2026-05-16T09:18:28Z</time>
   </trkpt>
   <trkpt lat="51.4811910" lon="-0.2772350">
    <ele>5.4</ele>
    <time>2026-05-16T09:18:29Z</time>
   </trkpt>
   <trkpt lat="51.4811980" lon="-0.2772520">
    <ele>5.4</ele>
    <time>2026-05-16T09:18:30Z</time>
   </trkpt>
   <trkpt lat="51.4812140" lon="-0.2772650">
    <ele>5.5</ele>
    <time>2026-05-16T09:18:31Z</time>
   </trkpt>
   <trkpt lat="51.4812190" lon="-0.2772670">
    <ele>5.5</ele>
    <time>2026-05-16T09:18:32Z</time>
   </trkpt>
   <trkpt lat="51.4812260" lon="-0.2772750">
    <ele>5.5</ele>
    <time>2026-05-16T09:18:33Z</time>
   </trkpt>
   <trkpt lat="51.4812390" lon="-0.2772810">
    <ele>5.5</ele>
    <time>2026-05-16T09:18:34Z</time>
   </trkpt>
   <trkpt lat="51.4812610" lon="-0.2772950">
    <ele>5.5</ele>
    <time>2026-05-16T09:18:35Z</time>
   </trkpt>
   <trkpt lat="51.4812690" lon="-0.2773030">
    <ele>5.5</ele>
    <time>2026-05-16T09:18:36Z</time>
   </trkpt>
   <trkpt lat="51.4812770" lon="-0.2773100">
    <ele>5.6</ele>
    <time>2026-05-16T09:18:37Z</time>
   </trkpt>
   <trkpt lat="51.4812900" lon="-0.2773260">
    <ele>5.6</ele>
    <time>2026-05-16T09:18:38Z</time>
   </trkpt>
   <trkpt lat="51.4812940" lon="-0.2773310">
    <ele>5.6</ele>
    <time>2026-05-16T09:18:39Z</time>
   </trkpt>
   <trkpt lat="51.4813070" lon="-0.2773340">
    <ele>5.6</ele>
    <time>2026-05-16T09:18:40Z</time>
   </trkpt>
   <trkpt lat="51.4813240" lon="-0.2773470">
    <ele>5.6</ele>
    <time>2026-05-16T09:18:41Z</time>
   </trkpt>
   <trkpt lat="51.4813320" lon="-0.2773530">
    <ele>5.6</ele>
    <time>2026-05-16T09:18:42Z</time>
   </trkpt>
   <trkpt lat="51.4813400" lon="-0.2773600">
    <ele>5.6</ele>
    <time>2026-05-16T09:18:43Z</time>
   </trkpt>
   <trkpt lat="51.4813570" lon="-0.2773800">
    <ele>5.6</ele>
    <time>2026-05-16T09:18:44Z</time>
   </trkpt>
   <trkpt lat="51.4813650" lon="-0.2773870">
    <ele>5.6</ele>
    <time>2026-05-16T09:18:45Z</time>
   </trkpt>
   <trkpt lat="51.4813730" lon="-0.2773940">
    <ele>5.6</ele>
    <time>2026-05-16T09:18:46Z</time>
   </trkpt>
   <trkpt lat="51.4813810" lon="-0.2774060">
    <ele>5.6</ele>
    <time>2026-05-16T09:18:47Z</time>
   </trkpt>
   <trkpt lat="51.4813890" lon="-0.2774140">
    <ele>5.6</ele>
    <time>2026-05-16T09:18:48Z</time>
   </trkpt>
   <trkpt lat="51.4813980" lon="-0.2774200">
    <ele>5.6</ele>
    <time>2026-05-16T09:18:49Z</time>
   </trkpt>
   <trkpt lat="51.4814140" lon="-0.2774310">
    <ele>5.7</ele>
    <time>2026-05-16T09:18:50Z</time>
   </trkpt>
   <trkpt lat="51.4814230" lon="-0.2774390">
    <ele>5.7</ele>
    <time>2026-05-16T09:18:51Z</time>
   </trkpt>
   <trkpt lat="51.4814460" lon="-0.2774570">
    <ele>5.7</ele>
    <time>2026-05-16T09:18:52Z</time>
   </trkpt>
   <trkpt lat="51.4814610" lon="-0.2774660">
    <ele>5.7</ele>
    <time>2026-05-16T09:18:53Z</time>
   </trkpt>
   <trkpt lat="51.4814750" lon="-0.2774760">
    <ele>5.7</ele>
    <time>2026-05-16T09:18:54Z</time>
   </trkpt>
   <trkpt lat="51.4814830" lon="-0.2774840">
    <ele>5.7</ele>
    <time>2026-05-16T09:18:55Z</time>
   </trkpt>
   <trkpt lat="51.4814890" lon="-0.2774900">
    <ele>5.7</ele>
    <time>2026-05-16T09:18:56Z</time>
   </trkpt>
   <trkpt lat="51.4814980" lon="-0.2774980">
    <ele>5.7</ele>
    <time>2026-05-16T09:18:57Z</time>
   </trkpt>
   <trkpt lat="51.4815140" lon="-0.2775090">
    <ele>5.7</ele>
    <time>2026-05-16T09:18:58Z</time>
   </trkpt>
   <trkpt lat="51.4815250" lon="-0.2775200">
    <ele>5.7</ele>
    <time>2026-05-16T09:18:59Z</time>
   </trkpt>
   <trkpt lat="51.4815350" lon="-0.2775280">
    <ele>5.7</ele>
    <time>2026-05-16T09:19:00Z</time>
   </trkpt>
   <trkpt lat="51.4815500" lon="-0.2775410">
    <ele>5.7</ele>
    <time>2026-05-16T09:19:01Z</time>
   </trkpt>
   <trkpt lat="51.4815690" lon="-0.2775570">
    <ele>5.7</ele>
    <time>2026-05-16T09:19:02Z</time>
   </trkpt>
   <trkpt lat="51.4815780" lon="-0.2775660">
    <ele>5.7</ele>
    <time>2026-05-16T09:19:03Z</time>
   </trkpt>
   <trkpt lat="51.4815860" lon="-0.2775760">
    <ele>5.7</ele>
    <time>2026-05-16T09:19:04Z</time>
   </trkpt>
   <trkpt lat="51.4816030" lon="-0.2776000">
    <ele>5.7</ele>
    <time>2026-05-16T09:19:05Z</time>
   </trkpt>
   <trkpt lat="51.4816090" lon="-0.2776090">
    <ele>5.7</ele>
    <time>2026-05-16T09:19:06Z</time>
   </trkpt>
   <trkpt lat="51.4816160" lon="-0.2776170">
    <ele>5.7</ele>
    <time>2026-05-16T09:19:07Z</time>
   </trkpt>
   <trkpt lat="51.4816290" lon="-0.2776260">
    <ele>5.7</ele>
    <time>2026-05-16T09:19:08Z</time>
   </trkpt>
   <trkpt lat="51.4816430" lon="-0.2776360">
    <ele>5.7</ele>
    <time>2026-05-16T09:19:09Z</time>
   </trkpt>
   <trkpt lat="51.4816520" lon="-0.2776430">
    <ele>5.7</ele>
    <time>2026-05-16T09:19:10Z</time>
   </trkpt>
   <trkpt lat="51.4816610" lon="-0.2776440">
    <ele>5.7</ele>
    <time>2026-05-16T09:19:11Z</time>
   </trkpt>
   <trkpt lat="51.4816750" lon="-0.2776540">
    <ele>5.7</ele>
    <time>2026-05-16T09:19:12Z</time>
   </trkpt>
   <trkpt lat="51.4816940" lon="-0.2776690">
    <ele>5.7</ele>
    <time>2026-05-16T09:19:13Z</time>
   </trkpt>
   <trkpt lat="51.4817030" lon="-0.2776770">
    <ele>5.7</ele>
    <time>2026-05-16T09:19:14Z</time>
   </trkpt>
   <trkpt lat="51.4817130" lon="-0.2776860">
    <ele>5.7</ele>
    <time>2026-05-16T09:19:15Z</time>
   </trkpt>
   <trkpt lat="51.4817220" lon="-0.2776980">
    <ele>5.7</ele>
    <time>2026-05-16T09:19:16Z</time>
   </trkpt>
   <trkpt lat="51.4817330" lon="-0.2777220">
    <ele>5.7</ele>
    <time>2026-05-16T09:19:17Z</time>
   </trkpt>
   <trkpt lat="51.4817450" lon="-0.2777390">
    <ele>5.7</ele>
    <time>2026-05-16T09:19:18Z</time>
   </trkpt>
   <trkpt lat="51.4817570" lon="-0.2777410">
    <ele>5.7</ele>
    <time>2026-05-16T09:19:19Z</time>
   </trkpt>
   <trkpt lat="51.4817720" lon="-0.2777540">
    <ele>5.7</ele>
    <time>2026-05-16T09:19:20Z</time>
   </trkpt>
   <trkpt lat="51.4817870" lon="-0.2777690">
    <ele>5.7</ele>
    <time>2026-05-16T09:19:21Z</time>
   </trkpt>
   <trkpt lat="51.4818000" lon="-0.2777840">
    <ele>5.7</ele>
    <time>2026-05-16T09:19:22Z</time>
   </trkpt>
   <trkpt lat="51.4818110" lon="-0.2778020">
    <ele>5.7</ele>
    <time>2026-05-16T09:19:23Z</time>
   </trkpt>
   <trkpt lat="51.4818280" lon="-0.2778120">
    <ele>5.7</ele>
    <time>2026-05-16T09:19:24Z</time>
   </trkpt>
   <trkpt lat="51.4818420" lon="-0.2778260">
    <ele>5.7</ele>
    <time>2026-05-16T09:19:25Z</time>
   </trkpt>
   <trkpt lat="51.4818620" lon="-0.2778420">
    <ele>5.7</ele>
    <time>2026-05-16T09:19:26Z</time>
   </trkpt>
   <trkpt lat="51.4818700" lon="-0.2778460">
    <ele>5.7</ele>
    <time>2026-05-16T09:19:27Z</time>
   </trkpt>
   <trkpt lat="51.4818770" lon="-0.2778510">
    <ele>5.7</ele>
    <time>2026-05-16T09:19:28Z</time>
   </trkpt>
   <trkpt lat="51.4818920" lon="-0.2778710">
    <ele>5.7</ele>
    <time>2026-05-16T09:19:29Z</time>
   </trkpt>
   <trkpt lat="51.4818990" lon="-0.2778790">
    <ele>5.7</ele>
    <time>2026-05-16T09:19:30Z</time>
   </trkpt>
   <trkpt lat="51.4819070" lon="-0.2778880">
    <ele>5.7</ele>
    <time>2026-05-16T09:19:31Z</time>
   </trkpt>
   <trkpt lat="51.4819250" lon="-0.2779040">
    <ele>5.7</ele>
    <time>2026-05-16T09:19:32Z</time>
   </trkpt>
   <trkpt lat="51.4819330" lon="-0.2779100">
    <ele>5.7</ele>
    <time>2026-05-16T09:19:33Z</time>
   </trkpt>
   <trkpt lat="51.4819410" lon="-0.2779170">
    <ele>5.7</ele>
    <time>2026-05-16T09:19:34Z</time>
   </trkpt>
   <trkpt lat="51.4819540" lon="-0.2779280">
    <ele>5.7</ele>
    <time>2026-05-16T09:19:35Z</time>
   </trkpt>
   <trkpt lat="51.4819630" lon="-0.2779460">
    <ele>5.7</ele>
    <time>2026-05-16T09:19:36Z</time>
   </trkpt>
   <trkpt lat="51.4819740" lon="-0.2779590">
    <ele>5.7</ele>
    <time>2026-05-16T09:19:37Z</time>
   </trkpt>
   <trkpt lat="51.4819830" lon="-0.2779750">
    <ele>5.7</ele>
    <time>2026-05-16T09:19:39Z</time>
   </trkpt>
   <trkpt lat="51.4819940" lon="-0.2779860">
    <ele>5.7</ele>
    <time>2026-05-16T09:19:40Z</time>
   </trkpt>
   <trkpt lat="51.4820070" lon="-0.2779990">
    <ele>5.7</ele>
    <time>2026-05-16T09:19:41Z</time>
   </trkpt>
   <trkpt lat="51.4820250" lon="-0.2780190">
    <ele>5.7</ele>
    <time>2026-05-16T09:19:42Z</time>
   </trkpt>
   <trkpt lat="51.4820320" lon="-0.2780290">
    <ele>5.7</ele>
    <time>2026-05-16T09:19:43Z</time>
   </trkpt>
   <trkpt lat="51.4820390" lon="-0.2780390">
    <ele>5.7</ele>
    <time>2026-05-16T09:19:44Z</time>
   </trkpt>
   <trkpt lat="51.4820530" lon="-0.2780540">
    <ele>5.7</ele>
    <time>2026-05-16T09:19:45Z</time>
   </trkpt>
   <trkpt lat="51.4820580" lon="-0.2780570">
    <ele>5.7</ele>
    <time>2026-05-16T09:19:46Z</time>
   </trkpt>
   <trkpt lat="51.4820630" lon="-0.2780680">
    <ele>5.7</ele>
    <time>2026-05-16T09:19:47Z</time>
   </trkpt>
   <trkpt lat="51.4820780" lon="-0.2780870">
    <ele>5.7</ele>
    <time>2026-05-16T09:19:48Z</time>
   </trkpt>
   <trkpt lat="51.4820860" lon="-0.2780990">
    <ele>5.7</ele>
    <time>2026-05-16T09:19:49Z</time>
   </trkpt>
   <trkpt lat="51.4820930" lon="-0.2781110">
    <ele>5.6</ele>
    <time>2026-05-16T09:19:50Z</time>
   </trkpt>
   <trkpt lat="51.4821230" lon="-0.2781360">
    <ele>5.6</ele>
    <time>2026-05-16T09:19:51Z</time>
   </trkpt>
   <trkpt lat="51.4821300" lon="-0.2781410">
    <ele>5.6</ele>
    <time>2026-05-16T09:19:52Z</time>
   </trkpt>
   <trkpt lat="51.4821420" lon="-0.2781550">
    <ele>5.6</ele>
    <time>2026-05-16T09:19:53Z</time>
   </trkpt>
   <trkpt lat="51.4821530" lon="-0.2781690">
    <ele>5.6</ele>
    <time>2026-05-16T09:19:54Z</time>
   </trkpt>
   <trkpt lat="51.4821620" lon="-0.2781890">
    <ele>5.6</ele>
    <time>2026-05-16T09:19:55Z</time>
   </trkpt>
   <trkpt lat="51.4821670" lon="-0.2781990">
    <ele>5.6</ele>
    <time>2026-05-16T09:19:56Z</time>
   </trkpt>
   <trkpt lat="51.4821710" lon="-0.2782100">
    <ele>5.5</ele>
    <time>2026-05-16T09:19:57Z</time>
   </trkpt>
   <trkpt lat="51.4821760" lon="-0.2782210">
    <ele>5.5</ele>
    <time>2026-05-16T09:19:58Z</time>
   </trkpt>
   <trkpt lat="51.4821830" lon="-0.2782270">
    <ele>5.5</ele>
    <time>2026-05-16T09:19:59Z</time>
   </trkpt>
   <trkpt lat="51.4821890" lon="-0.2782350">
    <ele>5.5</ele>
    <time>2026-05-16T09:20:00Z</time>
   </trkpt>
   <trkpt lat="51.4821970" lon="-0.2782500">
    <ele>5.5</ele>
    <time>2026-05-16T09:20:01Z</time>
   </trkpt>
   <trkpt lat="51.4822150" lon="-0.2782710">
    <ele>5.5</ele>
    <time>2026-05-16T09:20:02Z</time>
   </trkpt>
   <trkpt lat="51.4822220" lon="-0.2782790">
    <ele>5.5</ele>
    <time>2026-05-16T09:20:03Z</time>
   </trkpt>
   <trkpt lat="51.4822300" lon="-0.2782870">
    <ele>5.5</ele>
    <time>2026-05-16T09:20:04Z</time>
   </trkpt>
   <trkpt lat="51.4822470" lon="-0.2783070">
    <ele>5.4</ele>
    <time>2026-05-16T09:20:05Z</time>
   </trkpt>
   <trkpt lat="51.4822530" lon="-0.2783130">
    <ele>5.4</ele>
    <time>2026-05-16T09:20:06Z</time>
   </trkpt>
   <trkpt lat="51.4822600" lon="-0.2783200">
    <ele>5.4</ele>
    <time>2026-05-16T09:20:07Z</time>
   </trkpt>
   <trkpt lat="51.4822730" lon="-0.2783350">
    <ele>5.4</ele>
    <time>2026-05-16T09:20:08Z</time>
   </trkpt>
   <trkpt lat="51.4822850" lon="-0.2783490">
    <ele>5.4</ele>
    <time>2026-05-16T09:20:09Z</time>
   </trkpt>
   <trkpt lat="51.4822940" lon="-0.2783670">
    <ele>5.4</ele>
    <time>2026-05-16T09:20:10Z</time>
   </trkpt>
   <trkpt lat="51.4823010" lon="-0.2783850">
    <ele>5.4</ele>
    <time>2026-05-16T09:20:11Z</time>
   </trkpt>
   <trkpt lat="51.4823240" lon="-0.2784080">
    <ele>5.4</ele>
    <time>2026-05-16T09:20:12Z</time>
   </trkpt>
   <trkpt lat="51.4823360" lon="-0.2784230">
    <ele>5.4</ele>
    <time>2026-05-16T09:20:13Z</time>
   </trkpt>
   <trkpt lat="51.4823500" lon="-0.2784480">
    <ele>5.4</ele>
    <time>2026-05-16T09:20:14Z</time>
   </trkpt>
   <trkpt lat="51.4823550" lon="-0.2784580">
    <ele>5.4</ele>
    <time>2026-05-16T09:20:15Z</time>
   </trkpt>
   <trkpt lat="51.4823590" lon="-0.2784680">
    <ele>5.4</ele>
    <time>2026-05-16T09:20:16Z</time>
   </trkpt>
   <trkpt lat="51.4823690" lon="-0.2784830">
    <ele>5.4</ele>
    <time>2026-05-16T09:20:17Z</time>
   </trkpt>
   <trkpt lat="51.4823780" lon="-0.2784900">
    <ele>5.4</ele>
    <time>2026-05-16T09:20:18Z</time>
   </trkpt>
   <trkpt lat="51.4823890" lon="-0.2785010">
    <ele>5.4</ele>
    <time>2026-05-16T09:20:19Z</time>
   </trkpt>
   <trkpt lat="51.4824040" lon="-0.2785120">
    <ele>5.4</ele>
    <time>2026-05-16T09:20:20Z</time>
   </trkpt>
   <trkpt lat="51.4824190" lon="-0.2785310">
    <ele>5.4</ele>
    <time>2026-05-16T09:20:21Z</time>
   </trkpt>
   <trkpt lat="51.4824290" lon="-0.2785460">
    <ele>5.4</ele>
    <time>2026-05-16T09:20:22Z</time>
   </trkpt>
   <trkpt lat="51.4824410" lon="-0.2785640">
    <ele>5.4</ele>
    <time>2026-05-16T09:20:23Z</time>
   </trkpt>
   <trkpt lat="51.4824570" lon="-0.2785890">
    <ele>5.4</ele>
    <time>2026-05-16T09:20:24Z</time>
   </trkpt>
   <trkpt lat="51.4824640" lon="-0.2785980">
    <ele>5.4</ele>
    <time>2026-05-16T09:20:25Z</time>
   </trkpt>
   <trkpt lat="51.4824710" lon="-0.2786070">
    <ele>5.4</ele>
    <time>2026-05-16T09:20:26Z</time>
   </trkpt>
   <trkpt lat="51.4824830" lon="-0.2786150">
    <ele>5.4</ele>
    <time>2026-05-16T09:20:27Z</time>
   </trkpt>
   <trkpt lat="51.4824920" lon="-0.2786260">
    <ele>5.5</ele>
    <time>2026-05-16T09:20:28Z</time>
   </trkpt>
   <trkpt lat="51.4824950" lon="-0.2786470">
    <ele>5.5</ele>
    <time>2026-05-16T09:20:29Z</time>
   </trkpt>
   <trkpt lat="51.4825110" lon="-0.2786650">
    <ele>5.5</ele>
    <time>2026-05-16T09:20:30Z</time>
   </trkpt>
   <trkpt lat="51.4825220" lon="-0.2786740">
    <ele>5.5</ele>
    <time>2026-05-16T09:20:31Z</time>
   </trkpt>
   <trkpt lat="51.4825250" lon="-0.2786780">
    <ele>5.5</ele>
    <time>2026-05-16T09:20:32Z</time>
   </trkpt>
   <trkpt lat="51.4825360" lon="-0.2786880">
    <ele>5.5</ele>
    <time>2026-05-16T09:20:33Z</time>
   </trkpt>
   <trkpt lat="51.4825440" lon="-0.2787060">
    <ele>5.5</ele>
    <time>2026-05-16T09:20:34Z</time>
   </trkpt>
   <trkpt lat="51.4825510" lon="-0.2787180">
    <ele>5.5</ele>
    <time>2026-05-16T09:20:35Z</time>
   </trkpt>
   <trkpt lat="51.4825580" lon="-0.2787330">
    <ele>5.5</ele>
    <time>2026-05-16T09:20:36Z</time>
   </trkpt>
   <trkpt lat="51.4825690" lon="-0.2787460">
    <ele>5.6</ele>
    <time>2026-05-16T09:20:37Z</time>
   </trkpt>
   <trkpt lat="51.4825910" lon="-0.2787760">
    <ele>5.6</ele>
    <time>2026-05-16T09:20:38Z</time>
   </trkpt>
   <trkpt lat="51.4825970" lon="-0.2787850">
    <ele>5.6</ele>
    <time>2026-05-16T09:20:39Z</time>
   </trkpt>
   <trkpt lat="51.4826080" lon="-0.2788000">
    <ele>5.6</ele>
    <time>2026-05-16T09:20:40Z</time>
   </trkpt>
   <trkpt lat="51.4826160" lon="-0.2788050">
    <ele>5.6</ele>
    <time>2026-05-16T09:20:41Z</time>
   </trkpt>
   <trkpt lat="51.4826250" lon="-0.2788210">
    <ele>5.6</ele>
    <time>2026-05-16T09:20:42Z</time>
   </trkpt>
   <trkpt lat="51.4826380" lon="-0.2788380">
    <ele>5.6</ele>
    <time>2026-05-16T09:20:43Z</time>
   </trkpt>
   <trkpt lat="51.4826500" lon="-0.2788510">
    <ele>5.6</ele>
    <time>2026-05-16T09:20:44Z</time>
   </trkpt>
   <trkpt lat="51.4826630" lon="-0.2788710">
    <ele>5.7</ele>
    <time>2026-05-16T09:20:45Z</time>
   </trkpt>
   <trkpt lat="51.4826700" lon="-0.2788820">
    <ele>5.7</ele>
    <time>2026-05-16T09:20:46Z</time>
   </trkpt>
   <trkpt lat="51.4826850" lon="-0.2788910">
    <ele>5.7</ele>
    <time>2026-05-16T09:20:47Z</time>
   </trkpt>
   <trkpt lat="51.4826970" lon="-0.2789090">
    <ele>5.7</ele>
    <time>2026-05-16T09:20:48Z</time>
   </trkpt>
   <trkpt lat="51.4827050" lon="-0.2789220">
    <ele>5.7</ele>
    <time>2026-05-16T09:20:49Z</time>
   </trkpt>
   <trkpt lat="51.4827140" lon="-0.2789340">
    <ele>5.7</ele>
    <time>2026-05-16T09:20:50Z</time>
   </trkpt>
   <trkpt lat="51.4827200" lon="-0.2789440">
    <ele>5.7</ele>
    <time>2026-05-16T09:20:51Z</time>
   </trkpt>
   <trkpt lat="51.4827320" lon="-0.2789630">
    <ele>5.7</ele>
    <time>2026-05-16T09:20:52Z</time>
   </trkpt>
   <trkpt lat="51.4827390" lon="-0.2789760">
    <ele>5.7</ele>
    <time>2026-05-16T09:20:53Z</time>
   </trkpt>
   <trkpt lat="51.4827460" lon="-0.2789890">
    <ele>5.7</ele>
    <time>2026-05-16T09:20:54Z</time>
   </trkpt>
   <trkpt lat="51.4827530" lon="-0.2790020">
    <ele>5.7</ele>
    <time>2026-05-16T09:20:55Z</time>
   </trkpt>
   <trkpt lat="51.4827690" lon="-0.2790240">
    <ele>5.7</ele>
    <time>2026-05-16T09:20:56Z</time>
   </trkpt>
   <trkpt lat="51.4827770" lon="-0.2790350">
    <ele>5.7</ele>
    <time>2026-05-16T09:20:57Z</time>
   </trkpt>
   <trkpt lat="51.4827840" lon="-0.2790450">
    <ele>5.7</ele>
    <time>2026-05-16T09:20:58Z</time>
   </trkpt>
   <trkpt lat="51.4827960" lon="-0.2790610">
    <ele>5.7</ele>
    <time>2026-05-16T09:20:59Z</time>
   </trkpt>
   <trkpt lat="51.4828040" lon="-0.2790690">
    <ele>5.7</ele>
    <time>2026-05-16T09:21:00Z</time>
   </trkpt>
   <trkpt lat="51.4828100" lon="-0.2790790">
    <ele>5.8</ele>
    <time>2026-05-16T09:21:01Z</time>
   </trkpt>
   <trkpt lat="51.4828270" lon="-0.2791030">
    <ele>5.8</ele>
    <time>2026-05-16T09:21:02Z</time>
   </trkpt>
   <trkpt lat="51.4828370" lon="-0.2791160">
    <ele>5.8</ele>
    <time>2026-05-16T09:21:03Z</time>
   </trkpt>
   <trkpt lat="51.4828500" lon="-0.2791240">
    <ele>5.8</ele>
    <time>2026-05-16T09:21:04Z</time>
   </trkpt>
   <trkpt lat="51.4828660" lon="-0.2791400">
    <ele>5.8</ele>
    <time>2026-05-16T09:21:05Z</time>
   </trkpt>
   <trkpt lat="51.4828790" lon="-0.2791550">
    <ele>5.8</ele>
    <time>2026-05-16T09:21:06Z</time>
   </trkpt>
   <trkpt lat="51.4828890" lon="-0.2791690">
    <ele>5.8</ele>
    <time>2026-05-16T09:21:07Z</time>
   </trkpt>
   <trkpt lat="51.4829110" lon="-0.2791960">
    <ele>5.8</ele>
    <time>2026-05-16T09:21:08Z</time>
   </trkpt>
   <trkpt lat="51.4829180" lon="-0.2792060">
    <ele>5.8</ele>
    <time>2026-05-16T09:21:09Z</time>
   </trkpt>
   <trkpt lat="51.4829330" lon="-0.2792230">
    <ele>5.8</ele>
    <time>2026-05-16T09:21:10Z</time>
   </trkpt>
   <trkpt lat="51.4829460" lon="-0.2792430">
    <ele>5.8</ele>
    <time>2026-05-16T09:21:11Z</time>
   </trkpt>
   <trkpt lat="51.4829530" lon="-0.2792540">
    <ele>5.8</ele>
    <time>2026-05-16T09:21:12Z</time>
   </trkpt>
   <trkpt lat="51.4829640" lon="-0.2792680">
    <ele>5.8</ele>
    <time>2026-05-16T09:21:13Z</time>
   </trkpt>
   <trkpt lat="51.4829680" lon="-0.2792820">
    <ele>5.9</ele>
    <time>2026-05-16T09:21:14Z</time>
   </trkpt>
   <trkpt lat="51.4829780" lon="-0.2792990">
    <ele>5.9</ele>
    <time>2026-05-16T09:21:15Z</time>
   </trkpt>
   <trkpt lat="51.4829850" lon="-0.2793100">
    <ele>5.9</ele>
    <time>2026-05-16T09:21:16Z</time>
   </trkpt>
   <trkpt lat="51.4829940" lon="-0.2793210">
    <ele>5.9</ele>
    <time>2026-05-16T09:21:17Z</time>
   </trkpt>
   <trkpt lat="51.4830120" lon="-0.2793440">
    <ele>5.9</ele>
    <time>2026-05-16T09:21:18Z</time>
   </trkpt>
   <trkpt lat="51.4830190" lon="-0.2793520">
    <ele>5.9</ele>
    <time>2026-05-16T09:21:19Z</time>
   </trkpt>
   <trkpt lat="51.4830250" lon="-0.2793600">
    <ele>5.9</ele>
    <time>2026-05-16T09:21:20Z</time>
   </trkpt>
   <trkpt lat="51.4830370" lon="-0.2793760">
    <ele>5.9</ele>
    <time>2026-05-16T09:21:21Z</time>
   </trkpt>
   <trkpt lat="51.4830460" lon="-0.2793900">
    <ele>5.9</ele>
    <time>2026-05-16T09:21:22Z</time>
   </trkpt>
   <trkpt lat="51.4830560" lon="-0.2794070">
    <ele>5.9</ele>
    <time>2026-05-16T09:21:23Z</time>
   </trkpt>
   <trkpt lat="51.4830650" lon="-0.2794220">
    <ele>5.9</ele>
    <time>2026-05-16T09:21:24Z</time>
   </trkpt>
   <trkpt lat="51.4830830" lon="-0.2794430">
    <ele>5.9</ele>
    <time>2026-05-16T09:21:25Z</time>
   </trkpt>
   <trkpt lat="51.4830900" lon="-0.2794540">
    <ele>5.9</ele>
    <time>2026-05-16T09:21:26Z</time>
   </trkpt>
   <trkpt lat="51.4830970" lon="-0.2794640">
    <ele>5.9</ele>
    <time>2026-05-16T09:21:27Z</time>
   </trkpt>
   <trkpt lat="51.4831100" lon="-0.2794790">
    <ele>5.9</ele>
    <time>2026-05-16T09:21:28Z</time>
   </trkpt>
   <trkpt lat="51.4831150" lon="-0.2794880">
    <ele>5.9</ele>
    <time>2026-05-16T09:21:29Z</time>
   </trkpt>
   <trkpt lat="51.4831190" lon="-0.2794980">
    <ele>5.9</ele>
    <time>2026-05-16T09:21:30Z</time>
   </trkpt>
   <trkpt lat="51.4831230" lon="-0.2795070">
    <ele>5.9</ele>
    <time>2026-05-16T09:21:31Z</time>
   </trkpt>
   <trkpt lat="51.4831340" lon="-0.2795280">
    <ele>5.9</ele>
    <time>2026-05-16T09:21:32Z</time>
   </trkpt>
   <trkpt lat="51.4831390" lon="-0.2795380">
    <ele>5.9</ele>
    <time>2026-05-16T09:21:33Z</time>
   </trkpt>
   <trkpt lat="51.4831460" lon="-0.2795480">
    <ele>5.9</ele>
    <time>2026-05-16T09:21:34Z</time>
   </trkpt>
   <trkpt lat="51.4831550" lon="-0.2795660">
    <ele>5.9</ele>
    <time>2026-05-16T09:21:35Z</time>
   </trkpt>
   <trkpt lat="51.4831660" lon="-0.2795870">
    <ele>5.9</ele>
    <time>2026-05-16T09:21:36Z</time>
   </trkpt>
   <trkpt lat="51.4831750" lon="-0.2796060">
    <ele>5.8</ele>
    <time>2026-05-16T09:21:37Z</time>
   </trkpt>
   <trkpt lat="51.4831870" lon="-0.2796310">
    <ele>5.8</ele>
    <time>2026-05-16T09:21:38Z</time>
   </trkpt>
   <trkpt lat="51.4832100" lon="-0.2796630">
    <ele>5.8</ele>
    <time>2026-05-16T09:21:39Z</time>
   </trkpt>
   <trkpt lat="51.4832180" lon="-0.2796730">
    <ele>5.8</ele>
    <time>2026-05-16T09:21:40Z</time>
   </trkpt>
   <trkpt lat="51.4832310" lon="-0.2796880">
    <ele>5.8</ele>
    <time>2026-05-16T09:21:41Z</time>
   </trkpt>
   <trkpt lat="51.4832410" lon="-0.2797070">
    <ele>5.8</ele>
    <time>2026-05-16T09:21:42Z</time>
   </trkpt>
   <trkpt lat="51.4832470" lon="-0.2797260">
    <ele>5.8</ele>
    <time>2026-05-16T09:21:43Z</time>
   </trkpt>
   <trkpt lat="51.4832600" lon="-0.2797490">
    <ele>5.8</ele>
    <time>2026-05-16T09:21:45Z</time>
   </trkpt>
   <trkpt lat="51.4832710" lon="-0.2797680">
    <ele>5.8</ele>
    <time>2026-05-16T09:21:46Z</time>
   </trkpt>
   <trkpt lat="51.4832820" lon="-0.2797830">
    <ele>5.8</ele>
    <time>2026-05-16T09:21:47Z</time>
   </trkpt>
   <trkpt lat="51.4832930" lon="-0.2797950">
    <ele>5.8</ele>
    <time>2026-05-16T09:21:48Z</time>
   </trkpt>
   <trkpt lat="51.4833000" lon="-0.2798060">
    <ele>5.8</ele>
    <time>2026-05-16T09:21:49Z</time>
   </trkpt>
   <trkpt lat="51.4833120" lon="-0.2798150">
    <ele>5.8</ele>
    <time>2026-05-16T09:21:50Z</time>
   </trkpt>
   <trkpt lat="51.4833230" lon="-0.2798310">
    <ele>5.8</ele>
    <time>2026-05-16T09:21:51Z</time>
   </trkpt>
   <trkpt lat="51.4833340" lon="-0.2798420">
    <ele>5.8</ele>
    <time>2026-05-16T09:21:52Z</time>
   </trkpt>
   <trkpt lat="51.4833430" lon="-0.2798470">
    <ele>5.8</ele>
    <time>2026-05-16T09:21:53Z</time>
   </trkpt>
   <trkpt lat="51.4833470" lon="-0.2798500">
    <ele>5.8</ele>
    <time>2026-05-16T09:21:54Z</time>
   </trkpt>
   <trkpt lat="51.4833620" lon="-0.2798530">
    <ele>5.8</ele>
    <time>2026-05-16T09:21:55Z</time>
   </trkpt>
   <trkpt lat="51.4833680" lon="-0.2798680">
    <ele>5.8</ele>
    <time>2026-05-16T09:21:56Z</time>
   </trkpt>
   <trkpt lat="51.4833740" lon="-0.2798800">
    <ele>5.8</ele>
    <time>2026-05-16T09:21:57Z</time>
   </trkpt>
   <trkpt lat="51.4833880" lon="-0.2798910">
    <ele>5.8</ele>
    <time>2026-05-16T09:21:58Z</time>
   </trkpt>
   <trkpt lat="51.4833980" lon="-0.2799110">
    <ele>5.8</ele>
    <time>2026-05-16T09:21:59Z</time>
   </trkpt>
   <trkpt lat="51.4834080" lon="-0.2799320">
    <ele>5.8</ele>
    <time>2026-05-16T09:22:00Z</time>
   </trkpt>
   <trkpt lat="51.4834210" lon="-0.2799490">
    <ele>5.8</ele>
    <time>2026-05-16T09:22:01Z</time>
   </trkpt>
   <trkpt lat="51.4834320" lon="-0.2799630">
    <ele>5.8</ele>
    <time>2026-05-16T09:22:02Z</time>
   </trkpt>
   <trkpt lat="51.4834440" lon="-0.2799800">
    <ele>5.8</ele>
    <time>2026-05-16T09:22:03Z</time>
   </trkpt>
   <trkpt lat="51.4834520" lon="-0.2799920">
    <ele>5.8</ele>
    <time>2026-05-16T09:22:04Z</time>
   </trkpt>
   <trkpt lat="51.4834600" lon="-0.2800030">
    <ele>5.7</ele>
    <time>2026-05-16T09:22:05Z</time>
   </trkpt>
   <trkpt lat="51.4834690" lon="-0.2800250">
    <ele>5.7</ele>
    <time>2026-05-16T09:22:06Z</time>
   </trkpt>
   <trkpt lat="51.4834800" lon="-0.2800420">
    <ele>5.7</ele>
    <time>2026-05-16T09:22:07Z</time>
   </trkpt>
   <trkpt lat="51.4834930" lon="-0.2800550">
    <ele>5.7</ele>
    <time>2026-05-16T09:22:08Z</time>
   </trkpt>
   <trkpt lat="51.4834980" lon="-0.2800760">
    <ele>5.7</ele>
    <time>2026-05-16T09:22:09Z</time>
   </trkpt>
   <trkpt lat="51.4835100" lon="-0.2801000">
    <ele>5.7</ele>
    <time>2026-05-16T09:22:10Z</time>
   </trkpt>
   <trkpt lat="51.4835350" lon="-0.2801360">
    <ele>5.6</ele>
    <time>2026-05-16T09:22:11Z</time>
   </trkpt>
   <trkpt lat="51.4835450" lon="-0.2801570">
    <ele>5.6</ele>
    <time>2026-05-16T09:22:12Z</time>
   </trkpt>
   <trkpt lat="51.4835630" lon="-0.2801790">
    <ele>5.6</ele>
    <time>2026-05-16T09:22:13Z</time>
   </trkpt>
   <trkpt lat="51.4835690" lon="-0.2801890">
    <ele>5.6</ele>
    <time>2026-05-16T09:22:14Z</time>
   </trkpt>
   <trkpt lat="51.4835760" lon="-0.2801980">
    <ele>5.6</ele>
    <time>2026-05-16T09:22:15Z</time>
   </trkpt>
   <trkpt lat="51.4835850" lon="-0.2802110">
    <ele>5.6</ele>
    <time>2026-05-16T09:22:16Z</time>
   </trkpt>
   <trkpt lat="51.4835930" lon="-0.2802230">
    <ele>5.5</ele>
    <time>2026-05-16T09:22:17Z</time>
   </trkpt>
   <trkpt lat="51.4835980" lon="-0.2802330">
    <ele>5.5</ele>
    <time>2026-05-16T09:22:18Z</time>
   </trkpt>
   <trkpt lat="51.4836080" lon="-0.2802460">
    <ele>5.5</ele>
    <time>2026-05-16T09:22:19Z</time>
   </trkpt>
   <trkpt lat="51.4836130" lon="-0.2802550">
    <ele>5.5</ele>
    <time>2026-05-16T09:22:20Z</time>
   </trkpt>
   <trkpt lat="51.4836190" lon="-0.2802670">
    <ele>5.5</ele>
    <time>2026-05-16T09:22:21Z</time>
   </trkpt>
   <trkpt lat="51.4836340" lon="-0.2802890">
    <ele>5.5</ele>
    <time>2026-05-16T09:22:22Z</time>
   </trkpt>
   <trkpt lat="51.4836430" lon="-0.2803020">
    <ele>5.5</ele>
    <time>2026-05-16T09:22:23Z</time>
   </trkpt>
   <trkpt lat="51.4836530" lon="-0.2803120">
    <ele>5.4</ele>
    <time>2026-05-16T09:22:24Z</time>
   </trkpt>
   <trkpt lat="51.4836610" lon="-0.2803260">
    <ele>5.4</ele>
    <time>2026-05-16T09:22:25Z</time>
   </trkpt>
   <trkpt lat="51.4836690" lon="-0.2803410">
    <ele>5.4</ele>
    <time>2026-05-16T09:22:26Z</time>
   </trkpt>
   <trkpt lat="51.4836780" lon="-0.2803590">
    <ele>5.4</ele>
    <time>2026-05-16T09:22:27Z</time>
   </trkpt>
   <trkpt lat="51.4836930" lon="-0.2803790">
    <ele>5.4</ele>
    <time>2026-05-16T09:22:28Z</time>
   </trkpt>
   <trkpt lat="51.4837040" lon="-0.2803950">
    <ele>5.4</ele>
    <time>2026-05-16T09:22:29Z</time>
   </trkpt>
   <trkpt lat="51.4837160" lon="-0.2804160">
    <ele>5.3</ele>
    <time>2026-05-16T09:22:30Z</time>
   </trkpt>
   <trkpt lat="51.4837310" lon="-0.2804400">
    <ele>5.3</ele>
    <time>2026-05-16T09:22:31Z</time>
   </trkpt>
   <trkpt lat="51.4837380" lon="-0.2804510">
    <ele>5.3</ele>
    <time>2026-05-16T09:22:32Z</time>
   </trkpt>
   <trkpt lat="51.4837490" lon="-0.2804640">
    <ele>5.3</ele>
    <time>2026-05-16T09:22:33Z</time>
   </trkpt>
   <trkpt lat="51.4837570" lon="-0.2804790">
    <ele>5.3</ele>
    <time>2026-05-16T09:22:34Z</time>
   </trkpt>
   <trkpt lat="51.4837630" lon="-0.2804890">
    <ele>5.3</ele>
    <time>2026-05-16T09:22:35Z</time>
   </trkpt>
   <trkpt lat="51.4837730" lon="-0.2805100">
    <ele>5.3</ele>
    <time>2026-05-16T09:22:36Z</time>
   </trkpt>
   <trkpt lat="51.4837800" lon="-0.2805240">
    <ele>5.3</ele>
    <time>2026-05-16T09:22:37Z</time>
   </trkpt>
   <trkpt lat="51.4837950" lon="-0.2805460">
    <ele>5.3</ele>
    <time>2026-05-16T09:22:38Z</time>
   </trkpt>
   <trkpt lat="51.4838010" lon="-0.2805570">
    <ele>5.3</ele>
    <time>2026-05-16T09:22:39Z</time>
   </trkpt>
   <trkpt lat="51.4838070" lon="-0.2805670">
    <ele>5.3</ele>
    <time>2026-05-16T09:22:40Z</time>
   </trkpt>
   <trkpt lat="51.4838180" lon="-0.2805920">
    <ele>5.3</ele>
    <time>2026-05-16T09:22:41Z</time>
   </trkpt>
   <trkpt lat="51.4838250" lon="-0.2806040">
    <ele>5.3</ele>
    <time>2026-05-16T09:22:42Z</time>
   </trkpt>
   <trkpt lat="51.4838320" lon="-0.2806170">
    <ele>5.2</ele>
    <time>2026-05-16T09:22:43Z</time>
   </trkpt>
   <trkpt lat="51.4838400" lon="-0.2806310">
    <ele>5.2</ele>
    <time>2026-05-16T09:22:44Z</time>
   </trkpt>
   <trkpt lat="51.4838470" lon="-0.2806480">
    <ele>5.2</ele>
    <time>2026-05-16T09:22:45Z</time>
   </trkpt>
   <trkpt lat="51.4838530" lon="-0.2806640">
    <ele>5.2</ele>
    <time>2026-05-16T09:22:46Z</time>
   </trkpt>
   <trkpt lat="51.4838670" lon="-0.2806890">
    <ele>5.2</ele>
    <time>2026-05-16T09:22:47Z</time>
   </trkpt>
   <trkpt lat="51.4838730" lon="-0.2807000">
    <ele>5.2</ele>
    <time>2026-05-16T09:22:48Z</time>
   </trkpt>
   <trkpt lat="51.4838780" lon="-0.2807120">
    <ele>5.2</ele>
    <time>2026-05-16T09:22:49Z</time>
   </trkpt>
   <trkpt lat="51.4838860" lon="-0.2807230">
    <ele>5.2</ele>
    <time>2026-05-16T09:22:50Z</time>
   </trkpt>
   <trkpt lat="51.4838940" lon="-0.2807370">
    <ele>5.2</ele>
    <time>2026-05-16T09:22:51Z</time>
   </trkpt>
   <trkpt lat="51.4839020" lon="-0.2807380">
    <ele>5.2</ele>
    <time>2026-05-16T09:22:52Z</time>
   </trkpt>
   <trkpt lat="51.4839090" lon="-0.2807510">
    <ele>5.2</ele>
    <time>2026-05-16T09:22:53Z</time>
   </trkpt>
   <trkpt lat="51.4839130" lon="-0.2807650">
    <ele>5.2</ele>
    <time>2026-05-16T09:22:54Z</time>
   </trkpt>
   <trkpt lat="51.4839200" lon="-0.2807840">
    <ele>5.2</ele>
    <time>2026-05-16T09:22:55Z</time>
   </trkpt>
   <trkpt lat="51.4839330" lon="-0.2808160">
    <ele>5.2</ele>
    <time>2026-05-16T09:22:56Z</time>
   </trkpt>
   <trkpt lat="51.4839360" lon="-0.2808280">
    <ele>5.2</ele>
    <time>2026-05-16T09:22:57Z</time>
   </trkpt>
   <trkpt lat="51.4839400" lon="-0.2808390">
    <ele>5.2</ele>
    <time>2026-05-16T09:22:58Z</time>
   </trkpt>
   <trkpt lat="51.4839490" lon="-0.2808570">
    <ele>5.2</ele>
    <time>2026-05-16T09:22:59Z</time>
   </trkpt>
   <trkpt lat="51.4839590" lon="-0.2808780">
    <ele>5.2</ele>
    <time>2026-05-16T09:23:00Z</time>
   </trkpt>
   <trkpt lat="51.4839620" lon="-0.2808920">
    <ele>5.1</ele>
    <time>2026-05-16T09:23:01Z</time>
   </trkpt>
   <trkpt lat="51.4839730" lon="-0.2809170">
    <ele>5.1</ele>
    <time>2026-05-16T09:23:02Z</time>
   </trkpt>
   <trkpt lat="51.4839820" lon="-0.2809420">
    <ele>5.1</ele>
    <time>2026-05-16T09:23:03Z</time>
   </trkpt>
   <trkpt lat="51.4839880" lon="-0.2809600">
    <ele>5.1</ele>
    <time>2026-05-16T09:23:04Z</time>
   </trkpt>
   <trkpt lat="51.4839970" lon="-0.2809850">
    <ele>5.1</ele>
    <time>2026-05-16T09:23:05Z</time>
   </trkpt>
   <trkpt lat="51.4840050" lon="-0.2809980">
    <ele>5.1</ele>
    <time>2026-05-16T09:23:06Z</time>
   </trkpt>
   <trkpt lat="51.4840130" lon="-0.2810120">
    <ele>5.1</ele>
    <time>2026-05-16T09:23:07Z</time>
   </trkpt>
   <trkpt lat="51.4840260" lon="-0.2810330">
    <ele>5.1</ele>
    <time>2026-05-16T09:23:08Z</time>
   </trkpt>
   <trkpt lat="51.4840300" lon="-0.2810460">
    <ele>5.1</ele>
    <time>2026-05-16T09:23:09Z</time>
   </trkpt>
   <trkpt lat="51.4840400" lon="-0.2810680">
    <ele>5.1</ele>
    <time>2026-05-16T09:23:10Z</time>
   </trkpt>
   <trkpt lat="51.4840470" lon="-0.2810840">
    <ele>5.1</ele>
    <time>2026-05-16T09:23:11Z</time>
   </trkpt>
   <trkpt lat="51.4840530" lon="-0.2811030">
    <ele>5.1</ele>
    <time>2026-05-16T09:23:12Z</time>
   </trkpt>
   <trkpt lat="51.4840610" lon="-0.2811230">
    <ele>5.0</ele>
    <time>2026-05-16T09:23:13Z</time>
   </trkpt>
   <trkpt lat="51.4840720" lon="-0.2811310">
    <ele>5.0</ele>
    <time>2026-05-16T09:23:14Z</time>
   </trkpt>
   <trkpt lat="51.4840860" lon="-0.2811490">
    <ele>5.0</ele>
    <time>2026-05-16T09:23:15Z</time>
   </trkpt>
   <trkpt lat="51.4840940" lon="-0.2811690">
    <ele>5.0</ele>
    <time>2026-05-16T09:23:16Z</time>
   </trkpt>
   <trkpt lat="51.4841000" lon="-0.2811940">
    <ele>5.0</ele>
    <time>2026-05-16T09:23:17Z</time>
   </trkpt>
   <trkpt lat="51.4841080" lon="-0.2812240">
    <ele>5.0</ele>
    <time>2026-05-16T09:23:18Z</time>
   </trkpt>
   <trkpt lat="51.4841130" lon="-0.2812370">
    <ele>5.0</ele>
    <time>2026-05-16T09:23:19Z</time>
   </trkpt>
   <trkpt lat="51.4841170" lon="-0.2812490">
    <ele>5.0</ele>
    <time>2026-05-16T09:23:20Z</time>
   </trkpt>
   <trkpt lat="51.4841250" lon="-0.2812750">
    <ele>5.0</ele>
    <time>2026-05-16T09:23:21Z</time>
   </trkpt>
   <trkpt lat="51.4841320" lon="-0.2812880">
    <ele>5.0</ele>
    <time>2026-05-16T09:23:22Z</time>
   </trkpt>
   <trkpt lat="51.4841410" lon="-0.2813030">
    <ele>5.0</ele>
    <time>2026-05-16T09:23:23Z</time>
   </trkpt>
   <trkpt lat="51.4841490" lon="-0.2813300">
    <ele>5.0</ele>
    <time>2026-05-16T09:23:24Z</time>
   </trkpt>
   <trkpt lat="51.4841610" lon="-0.2813630">
    <ele>5.0</ele>
    <time>2026-05-16T09:23:25Z</time>
   </trkpt>
   <trkpt lat="51.4841660" lon="-0.2813760">
    <ele>5.0</ele>
    <time>2026-05-16T09:23:26Z</time>
   </trkpt>
   <trkpt lat="51.4841720" lon="-0.2813890">
    <ele>5.0</ele>
    <time>2026-05-16T09:23:27Z</time>
   </trkpt>
   <trkpt lat="51.4841810" lon="-0.2814050">
    <ele>5.0</ele>
    <time>2026-05-16T09:23:28Z</time>
   </trkpt>
   <trkpt lat="51.4841900" lon="-0.2814210">
    <ele>5.0</ele>
    <time>2026-05-16T09:23:29Z</time>
   </trkpt>
   <trkpt lat="51.4841990" lon="-0.2814330">
    <ele>5.0</ele>
    <time>2026-05-16T09:23:30Z</time>
   </trkpt>
   <trkpt lat="51.4842070" lon="-0.2814580">
    <ele>5.0</ele>
    <time>2026-05-16T09:23:31Z</time>
   </trkpt>
   <trkpt lat="51.4842200" lon="-0.2814740">
    <ele>5.0</ele>
    <time>2026-05-16T09:23:32Z</time>
   </trkpt>
   <trkpt lat="51.4842310" lon="-0.2814910">
    <ele>5.0</ele>
    <time>2026-05-16T09:23:33Z</time>
   </trkpt>
   <trkpt lat="51.4842380" lon="-0.2815050">
    <ele>5.0</ele>
    <time>2026-05-16T09:23:34Z</time>
   </trkpt>
   <trkpt lat="51.4842450" lon="-0.2815250">
    <ele>5.0</ele>
    <time>2026-05-16T09:23:35Z</time>
   </trkpt>
   <trkpt lat="51.4842530" lon="-0.2815350">
    <ele>5.0</ele>
    <time>2026-05-16T09:23:36Z</time>
   </trkpt>
   <trkpt lat="51.4842620" lon="-0.2815570">
    <ele>5.0</ele>
    <time>2026-05-16T09:23:37Z</time>
   </trkpt>
   <trkpt lat="51.4842700" lon="-0.2815750">
    <ele>5.0</ele>
    <time>2026-05-16T09:23:38Z</time>
   </trkpt>
   <trkpt lat="51.4842790" lon="-0.2815930">
    <ele>5.0</ele>
    <time>2026-05-16T09:23:39Z</time>
   </trkpt>
   <trkpt lat="51.4842860" lon="-0.2816150">
    <ele>5.0</ele>
    <time>2026-05-16T09:23:40Z</time>
   </trkpt>
   <trkpt lat="51.4843020" lon="-0.2816500">
    <ele>5.0</ele>
    <time>2026-05-16T09:23:41Z</time>
   </trkpt>
   <trkpt lat="51.4843090" lon="-0.2816610">
    <ele>5.0</ele>
    <time>2026-05-16T09:23:42Z</time>
   </trkpt>
   <trkpt lat="51.4843170" lon="-0.2816800">
    <ele>5.0</ele>
    <time>2026-05-16T09:23:43Z</time>
   </trkpt>
   <trkpt lat="51.4843230" lon="-0.2817040">
    <ele>5.0</ele>
    <time>2026-05-16T09:23:44Z</time>
   </trkpt>
   <trkpt lat="51.4843300" lon="-0.2817230">
    <ele>5.0</ele>
    <time>2026-05-16T09:23:45Z</time>
   </trkpt>
   <trkpt lat="51.4843380" lon="-0.2817430">
    <ele>5.0</ele>
    <time>2026-05-16T09:23:46Z</time>
   </trkpt>
   <trkpt lat="51.4843460" lon="-0.2817620">
    <ele>5.0</ele>
    <time>2026-05-16T09:23:47Z</time>
   </trkpt>
   <trkpt lat="51.4843550" lon="-0.2817810">
    <ele>5.0</ele>
    <time>2026-05-16T09:23:48Z</time>
   </trkpt>
   <trkpt lat="51.4843710" lon="-0.2818060">
    <ele>5.0</ele>
    <time>2026-05-16T09:23:50Z</time>
   </trkpt>
   <trkpt lat="51.4843780" lon="-0.2818150">
    <ele>5.0</ele>
    <time>2026-05-16T09:23:51Z</time>
   </trkpt>
   <trkpt lat="51.4843840" lon="-0.2818250">
    <ele>5.0</ele>
    <time>2026-05-16T09:23:52Z</time>
   </trkpt>
   <trkpt lat="51.4843890" lon="-0.2818470">
    <ele>5.0</ele>
    <time>2026-05-16T09:23:53Z</time>
   </trkpt>
   <trkpt lat="51.4843920" lon="-0.2818680">
    <ele>5.0</ele>
    <time>2026-05-16T09:23:54Z</time>
   </trkpt>
   <trkpt lat="51.4844020" lon="-0.2818830">
    <ele>5.0</ele>
    <time>2026-05-16T09:23:55Z</time>
   </trkpt>
   <trkpt lat="51.4844080" lon="-0.2819050">
    <ele>5.0</ele>
    <time>2026-05-16T09:23:56Z</time>
   </trkpt>
   <trkpt lat="51.4844170" lon="-0.2819340">
    <ele>5.0</ele>
    <time>2026-05-16T09:23:57Z</time>
   </trkpt>
   <trkpt lat="51.4844210" lon="-0.2819440">
    <ele>5.0</ele>
    <time>2026-05-16T09:23:58Z</time>
   </trkpt>
   <trkpt lat="51.4844240" lon="-0.2819540">
    <ele>5.0</ele>
    <time>2026-05-16T09:23:59Z</time>
   </trkpt>
   <trkpt lat="51.4844280" lon="-0.2819640">
    <ele>5.0</ele>
    <time>2026-05-16T09:24:00Z</time>
   </trkpt>
   <trkpt lat="51.4844370" lon="-0.2819790">
    <ele>5.0</ele>
    <time>2026-05-16T09:24:01Z</time>
   </trkpt>
   <trkpt lat="51.4844450" lon="-0.2819920">
    <ele>5.0</ele>
    <time>2026-05-16T09:24:02Z</time>
   </trkpt>
   <trkpt lat="51.4844510" lon="-0.2820050">
    <ele>5.0</ele>
    <time>2026-05-16T09:24:03Z</time>
   </trkpt>
   <trkpt lat="51.4844570" lon="-0.2820240">
    <ele>5.0</ele>
    <time>2026-05-16T09:24:04Z</time>
   </trkpt>
   <trkpt lat="51.4844710" lon="-0.2820440">
    <ele>5.0</ele>
    <time>2026-05-16T09:24:05Z</time>
   </trkpt>
   <trkpt lat="51.4844840" lon="-0.2820750">
    <ele>5.0</ele>
    <time>2026-05-16T09:24:06Z</time>
   </trkpt>
   <trkpt lat="51.4844870" lon="-0.2820870">
    <ele>5.0</ele>
    <time>2026-05-16T09:24:07Z</time>
   </trkpt>
   <trkpt lat="51.4844910" lon="-0.2820990">
    <ele>5.0</ele>
    <time>2026-05-16T09:24:08Z</time>
   </trkpt>
   <trkpt lat="51.4845090" lon="-0.2821480">
    <ele>5.0</ele>
    <time>2026-05-16T09:24:09Z</time>
   </trkpt>
   <trkpt lat="51.4845170" lon="-0.2821650">
    <ele>5.0</ele>
    <time>2026-05-16T09:24:10Z</time>
   </trkpt>
   <trkpt lat="51.4845280" lon="-0.2821850">
    <ele>5.0</ele>
    <time>2026-05-16T09:24:11Z</time>
   </trkpt>
   <trkpt lat="51.4845370" lon="-0.2822020">
    <ele>5.0</ele>
    <time>2026-05-16T09:24:12Z</time>
   </trkpt>
   <trkpt lat="51.4845430" lon="-0.2822220">
    <ele>5.0</ele>
    <time>2026-05-16T09:24:13Z</time>
   </trkpt>
   <trkpt lat="51.4845460" lon="-0.2822440">
    <ele>5.0</ele>
    <time>2026-05-16T09:24:14Z</time>
   </trkpt>
   <trkpt lat="51.4845550" lon="-0.2822610">
    <ele>5.0</ele>
    <time>2026-05-16T09:24:15Z</time>
   </trkpt>
   <trkpt lat="51.4845700" lon="-0.2822860">
    <ele>5.0</ele>
    <time>2026-05-16T09:24:16Z</time>
   </trkpt>
   <trkpt lat="51.4845740" lon="-0.2822960">
    <ele>5.0</ele>
    <time>2026-05-16T09:24:17Z</time>
   </trkpt>
   <trkpt lat="51.4845790" lon="-0.2823070">
    <ele>5.0</ele>
    <time>2026-05-16T09:24:18Z</time>
   </trkpt>
   <trkpt lat="51.4845870" lon="-0.2823260">
    <ele>5.0</ele>
    <time>2026-05-16T09:24:19Z</time>
   </trkpt>
   <trkpt lat="51.4845920" lon="-0.2823370">
    <ele>5.0</ele>
    <time>2026-05-16T09:24:20Z</time>
   </trkpt>
   <trkpt lat="51.4845960" lon="-0.2823470">
    <ele>5.0</ele>
    <time>2026-05-16T09:24:21Z</time>
   </trkpt>
   <trkpt lat="51.4846000" lon="-0.2823580">
    <ele>5.0</ele>
    <time>2026-05-16T09:24:22Z</time>
   </trkpt>
   <trkpt lat="51.4846110" lon="-0.2823850">
    <ele>5.0</ele>
    <time>2026-05-16T09:24:23Z</time>
   </trkpt>
   <trkpt lat="51.4846170" lon="-0.2823960">
    <ele>5.0</ele>
    <time>2026-05-16T09:24:24Z</time>
   </trkpt>
   <trkpt lat="51.4846220" lon="-0.2824080">
    <ele>5.0</ele>
    <time>2026-05-16T09:24:25Z</time>
   </trkpt>
   <trkpt lat="51.4846280" lon="-0.2824200">
    <ele>5.0</ele>
    <time>2026-05-16T09:24:26Z</time>
   </trkpt>
   <trkpt lat="51.4846360" lon="-0.2824460">
    <ele>5.0</ele>
    <time>2026-05-16T09:24:27Z</time>
   </trkpt>
   <trkpt lat="51.4846420" lon="-0.2824650">
    <ele>5.0</ele>
    <time>2026-05-16T09:24:28Z</time>
   </trkpt>
   <trkpt lat="51.4846520" lon="-0.2824840">
    <ele>5.0</ele>
    <time>2026-05-16T09:24:29Z</time>
   </trkpt>
   <trkpt lat="51.4846580" lon="-0.2825020">
    <ele>5.0</ele>
    <time>2026-05-16T09:24:30Z</time>
   </trkpt>
   <trkpt lat="51.4846660" lon="-0.2825230">
    <ele>5.0</ele>
    <time>2026-05-16T09:24:31Z</time>
   </trkpt>
   <trkpt lat="51.4846740" lon="-0.2825390">
    <ele>5.0</ele>
    <time>2026-05-16T09:24:32Z</time>
   </trkpt>
   <trkpt lat="51.4846780" lon="-0.2825520">
    <ele>5.0</ele>
    <time>2026-05-16T09:24:33Z</time>
   </trkpt>
   <trkpt lat="51.4846840" lon="-0.2825690">
    <ele>5.0</ele>
    <time>2026-05-16T09:24:34Z</time>
   </trkpt>
   <trkpt lat="51.4846930" lon="-0.2825900">
    <ele>5.0</ele>
    <time>2026-05-16T09:24:35Z</time>
   </trkpt>
   <trkpt lat="51.4847040" lon="-0.2826140">
    <ele>5.0</ele>
    <time>2026-05-16T09:24:36Z</time>
   </trkpt>
   <trkpt lat="51.4847170" lon="-0.2826440">
    <ele>5.0</ele>
    <time>2026-05-16T09:24:37Z</time>
   </trkpt>
   <trkpt lat="51.4847230" lon="-0.2826560">
    <ele>5.0</ele>
    <time>2026-05-16T09:24:38Z</time>
   </trkpt>
   <trkpt lat="51.4847280" lon="-0.2826670">
    <ele>5.0</ele>
    <time>2026-05-16T09:24:39Z</time>
   </trkpt>
   <trkpt lat="51.4847400" lon="-0.2826930">
    <ele>5.0</ele>
    <time>2026-05-16T09:24:40Z</time>
   </trkpt>
   <trkpt lat="51.4847460" lon="-0.2827050">
    <ele>5.0</ele>
    <time>2026-05-16T09:24:41Z</time>
   </trkpt>
   <trkpt lat="51.4847520" lon="-0.2827180">
    <ele>5.0</ele>
    <time>2026-05-16T09:24:42Z</time>
   </trkpt>
   <trkpt lat="51.4847620" lon="-0.2827390">
    <ele>5.0</ele>
    <time>2026-05-16T09:24:43Z</time>
   </trkpt>
   <trkpt lat="51.4847730" lon="-0.2827550">
    <ele>5.0</ele>
    <time>2026-05-16T09:24:44Z</time>
   </trkpt>
   <trkpt lat="51.4847870" lon="-0.2827850">
    <ele>5.0</ele>
    <time>2026-05-16T09:24:45Z</time>
   </trkpt>
   <trkpt lat="51.4847920" lon="-0.2827970">
    <ele>5.0</ele>
    <time>2026-05-16T09:24:46Z</time>
   </trkpt>
   <trkpt lat="51.4847980" lon="-0.2828100">
    <ele>4.9</ele>
    <time>2026-05-16T09:24:47Z</time>
   </trkpt>
   <trkpt lat="51.4848080" lon="-0.2828280">
    <ele>4.9</ele>
    <time>2026-05-16T09:24:48Z</time>
   </trkpt>
   <trkpt lat="51.4848180" lon="-0.2828490">
    <ele>4.9</ele>
    <time>2026-05-16T09:24:49Z</time>
   </trkpt>
   <trkpt lat="51.4848280" lon="-0.2828690">
    <ele>4.9</ele>
    <time>2026-05-16T09:24:50Z</time>
   </trkpt>
   <trkpt lat="51.4848370" lon="-0.2828800">
    <ele>4.9</ele>
    <time>2026-05-16T09:24:51Z</time>
   </trkpt>
   <trkpt lat="51.4848420" lon="-0.2828940">
    <ele>4.9</ele>
    <time>2026-05-16T09:24:52Z</time>
   </trkpt>
   <trkpt lat="51.4848460" lon="-0.2829090">
    <ele>4.9</ele>
    <time>2026-05-16T09:24:53Z</time>
   </trkpt>
   <trkpt lat="51.4848520" lon="-0.2829320">
    <ele>4.9</ele>
    <time>2026-05-16T09:24:54Z</time>
   </trkpt>
   <trkpt lat="51.4848620" lon="-0.2829470">
    <ele>4.9</ele>
    <time>2026-05-16T09:24:55Z</time>
   </trkpt>
   <trkpt lat="51.4848700" lon="-0.2829660">
    <ele>4.9</ele>
    <time>2026-05-16T09:24:56Z</time>
   </trkpt>
   <trkpt lat="51.4848820" lon="-0.2829830">
    <ele>4.9</ele>
    <time>2026-05-16T09:24:57Z</time>
   </trkpt>
   <trkpt lat="51.4848940" lon="-0.2830050">
    <ele>4.9</ele>
    <time>2026-05-16T09:24:58Z</time>
   </trkpt>
   <trkpt lat="51.4849020" lon="-0.2830330">
    <ele>4.9</ele>
    <time>2026-05-16T09:24:59Z</time>
   </trkpt>
   <trkpt lat="51.4849070" lon="-0.2830450">
    <ele>4.9</ele>
    <time>2026-05-16T09:25:00Z</time>
   </trkpt>
   <trkpt lat="51.4849120" lon="-0.2830580">
    <ele>4.9</ele>
    <time>2026-05-16T09:25:01Z</time>
   </trkpt>
   <trkpt lat="51.4849190" lon="-0.2830740">
    <ele>4.9</ele>
    <time>2026-05-16T09:25:02Z</time>
   </trkpt>
   <trkpt lat="51.4849220" lon="-0.2830980">
    <ele>4.9</ele>
    <time>2026-05-16T09:25:03Z</time>
   </trkpt>
   <trkpt lat="51.4849300" lon="-0.2831160">
    <ele>4.9</ele>
    <time>2026-05-16T09:25:04Z</time>
   </trkpt>
   <trkpt lat="51.4849360" lon="-0.2831440">
    <ele>4.9</ele>
    <time>2026-05-16T09:25:05Z</time>
   </trkpt>
   <trkpt lat="51.4849430" lon="-0.2831620">
    <ele>4.8</ele>
    <time>2026-05-16T09:25:06Z</time>
   </trkpt>
   <trkpt lat="51.4849490" lon="-0.2831820">
    <ele>4.8</ele>
    <time>2026-05-16T09:25:07Z</time>
   </trkpt>
   <trkpt lat="51.4849660" lon="-0.2832070">
    <ele>4.8</ele>
    <time>2026-05-16T09:25:08Z</time>
   </trkpt>
   <trkpt lat="51.4849710" lon="-0.2832150">
    <ele>4.8</ele>
    <time>2026-05-16T09:25:09Z</time>
   </trkpt>
   <trkpt lat="51.4849770" lon="-0.2832230">
    <ele>4.8</ele>
    <time>2026-05-16T09:25:10Z</time>
   </trkpt>
   <trkpt lat="51.4849890" lon="-0.2832390">
    <ele>4.8</ele>
    <time>2026-05-16T09:25:11Z</time>
   </trkpt>
   <trkpt lat="51.4849970" lon="-0.2832540">
    <ele>4.8</ele>
    <time>2026-05-16T09:25:12Z</time>
   </trkpt>
   <trkpt lat="51.4850080" lon="-0.2832730">
    <ele>4.8</ele>
    <time>2026-05-16T09:25:13Z</time>
   </trkpt>
   <trkpt lat="51.4850170" lon="-0.2832860">
    <ele>4.8</ele>
    <time>2026-05-16T09:25:14Z</time>
   </trkpt>
   <trkpt lat="51.4850410" lon="-0.2833140">
    <ele>4.8</ele>
    <time>2026-05-16T09:25:15Z</time>
   </trkpt>
   <trkpt lat="51.4850470" lon="-0.2833220">
    <ele>4.8</ele>
    <time>2026-05-16T09:25:16Z</time>
   </trkpt>
   <trkpt lat="51.4850590" lon="-0.2833390">
    <ele>4.8</ele>
    <time>2026-05-16T09:25:17Z</time>
   </trkpt>
   <trkpt lat="51.4850730" lon="-0.2833530">
    <ele>4.8</ele>
    <time>2026-05-16T09:25:18Z</time>
   </trkpt>
   <trkpt lat="51.4850840" lon="-0.2833730">
    <ele>4.8</ele>
    <time>2026-05-16T09:25:19Z</time>
   </trkpt>
   <trkpt lat="51.4850970" lon="-0.2833860">
    <ele>4.8</ele>
    <time>2026-05-16T09:25:20Z</time>
   </trkpt>
   <trkpt lat="51.4851070" lon="-0.2834020">
    <ele>4.8</ele>
    <time>2026-05-16T09:25:21Z</time>
   </trkpt>
   <trkpt lat="51.4851170" lon="-0.2834190">
    <ele>4.8</ele>
    <time>2026-05-16T09:25:22Z</time>
   </trkpt>
   <trkpt lat="51.4851270" lon="-0.2834350">
    <ele>4.8</ele>
    <time>2026-05-16T09:25:23Z</time>
   </trkpt>
   <trkpt lat="51.4851400" lon="-0.2834480">
    <ele>4.8</ele>
    <time>2026-05-16T09:25:24Z</time>
   </trkpt>
   <trkpt lat="51.4851490" lon="-0.2834610">
    <ele>4.8</ele>
    <time>2026-05-16T09:25:25Z</time>
   </trkpt>
   <trkpt lat="51.4851590" lon="-0.2834780">
    <ele>4.8</ele>
    <time>2026-05-16T09:25:26Z</time>
   </trkpt>
   <trkpt lat="51.4851780" lon="-0.2835000">
    <ele>4.8</ele>
    <time>2026-05-16T09:25:27Z</time>
   </trkpt>
   <trkpt lat="51.4851840" lon="-0.2835080">
    <ele>4.8</ele>
    <time>2026-05-16T09:25:28Z</time>
   </trkpt>
   <trkpt lat="51.4851910" lon="-0.2835160">
    <ele>4.8</ele>
    <time>2026-05-16T09:25:29Z</time>
   </trkpt>
   <trkpt lat="51.4852030" lon="-0.2835280">
    <ele>4.8</ele>
    <time>2026-05-16T09:25:30Z</time>
   </trkpt>
   <trkpt lat="51.4852150" lon="-0.2835420">
    <ele>4.8</ele>
    <time>2026-05-16T09:25:31Z</time>
   </trkpt>
   <trkpt lat="51.4852260" lon="-0.2835560">
    <ele>4.8</ele>
    <time>2026-05-16T09:25:32Z</time>
   </trkpt>
   <trkpt lat="51.4852370" lon="-0.2835670">
    <ele>4.8</ele>
    <time>2026-05-16T09:25:33Z</time>
   </trkpt>
   <trkpt lat="51.4852480" lon="-0.2835790">
    <ele>4.8</ele>
    <time>2026-05-16T09:25:34Z</time>
   </trkpt>
   <trkpt lat="51.4852560" lon="-0.2835920">
    <ele>4.8</ele>
    <time>2026-05-16T09:25:35Z</time>
   </trkpt>
   <trkpt lat="51.4852640" lon="-0.2836040">
    <ele>4.8</ele>
    <time>2026-05-16T09:25:36Z</time>
   </trkpt>
   <trkpt lat="51.4852780" lon="-0.2836290">
    <ele>4.8</ele>
    <time>2026-05-16T09:25:37Z</time>
   </trkpt>
   <trkpt lat="51.4852830" lon="-0.2836400">
    <ele>4.8</ele>
    <time>2026-05-16T09:25:38Z</time>
   </trkpt>
   <trkpt lat="51.4852870" lon="-0.2836520">
    <ele>4.8</ele>
    <time>2026-05-16T09:25:39Z</time>
   </trkpt>
   <trkpt lat="51.4853030" lon="-0.2836780">
    <ele>4.8</ele>
    <time>2026-05-16T09:25:40Z</time>
   </trkpt>
   <trkpt lat="51.4853100" lon="-0.2836910">
    <ele>4.8</ele>
    <time>2026-05-16T09:25:41Z</time>
   </trkpt>
   <trkpt lat="51.4853160" lon="-0.2837030">
    <ele>4.8</ele>
    <time>2026-05-16T09:25:42Z</time>
   </trkpt>
   <trkpt lat="51.4853310" lon="-0.2837280">
    <ele>4.8</ele>
    <time>2026-05-16T09:25:43Z</time>
   </trkpt>
   <trkpt lat="51.4853370" lon="-0.2837360">
    <ele>4.8</ele>
    <time>2026-05-16T09:25:44Z</time>
   </trkpt>
   <trkpt lat="51.4853440" lon="-0.2837440">
    <ele>4.8</ele>
    <time>2026-05-16T09:25:45Z</time>
   </trkpt>
   <trkpt lat="51.4853580" lon="-0.2837670">
    <ele>4.8</ele>
    <time>2026-05-16T09:25:46Z</time>
   </trkpt>
   <trkpt lat="51.4853640" lon="-0.2837780">
    <ele>4.8</ele>
    <time>2026-05-16T09:25:47Z</time>
   </trkpt>
   <trkpt lat="51.4853690" lon="-0.2837880">
    <ele>4.8</ele>
    <time>2026-05-16T09:25:48Z</time>
   </trkpt>
   <trkpt lat="51.4853860" lon="-0.2838090">
    <ele>4.8</ele>
    <time>2026-05-16T09:25:49Z</time>
   </trkpt>
   <trkpt lat="51.4853930" lon="-0.2838170">
    <ele>4.8</ele>
    <time>2026-05-16T09:25:50Z</time>
   </trkpt>
   <trkpt lat="51.4854000" lon="-0.2838250">
    <ele>4.8</ele>
    <time>2026-05-16T09:25:51Z</time>
   </trkpt>
   <trkpt lat="51.4854100" lon="-0.2838360">
    <ele>4.8</ele>
    <time>2026-05-16T09:25:52Z</time>
   </trkpt>
   <trkpt lat="51.4854240" lon="-0.2838370">
    <ele>4.8</ele>
    <time>2026-05-16T09:25:53Z</time>
   </trkpt>
   <trkpt lat="51.4854390" lon="-0.2838330">
    <ele>4.8</ele>
    <time>2026-05-16T09:25:55Z</time>
   </trkpt>
   <trkpt lat="51.4854460" lon="-0.2838380">
    <ele>4.8</ele>
    <time>2026-05-16T09:25:56Z</time>
   </trkpt>
   <trkpt lat="51.4854520" lon="-0.2838440">
    <ele>4.8</ele>
    <time>2026-05-16T09:25:57Z</time>
   </trkpt>
   <trkpt lat="51.4854690" lon="-0.2838500">
    <ele>4.8</ele>
    <time>2026-05-16T09:25:58Z</time>
   </trkpt>
   <trkpt lat="51.4854730" lon="-0.2838530">
    <ele>4.8</ele>
    <time>2026-05-16T09:25:59Z</time>
   </trkpt>
   <trkpt lat="51.4854830" lon="-0.2838610">
    <ele>4.8</ele>
    <time>2026-05-16T09:26:00Z</time>
   </trkpt>
   <trkpt lat="51.4854880" lon="-0.2838730">
    <ele>4.8</ele>
    <time>2026-05-16T09:26:01Z</time>
   </trkpt>
   <trkpt lat="51.4854940" lon="-0.2838810">
    <ele>4.8</ele>
    <time>2026-05-16T09:26:02Z</time>
   </trkpt>
   <trkpt lat="51.4855030" lon="-0.2838940">
    <ele>4.8</ele>
    <time>2026-05-16T09:26:03Z</time>
   </trkpt>
   <trkpt lat="51.4855180" lon="-0.2839170">
    <ele>4.8</ele>
    <time>2026-05-16T09:26:04Z</time>
   </trkpt>
   <trkpt lat="51.4855270" lon="-0.2839270">
    <ele>4.8</ele>
    <time>2026-05-16T09:26:05Z</time>
   </trkpt>
   <trkpt lat="51.4855380" lon="-0.2839330">
    <ele>4.8</ele>
    <time>2026-05-16T09:26:06Z</time>
   </trkpt>
   <trkpt lat="51.4855500" lon="-0.2839400">
    <ele>4.8</ele>
    <time>2026-05-16T09:26:07Z</time>
   </trkpt>
   <trkpt lat="51.4855630" lon="-0.2839530">
    <ele>4.8</ele>
    <time>2026-05-16T09:26:08Z</time>
   </trkpt>
   <trkpt lat="51.4855740" lon="-0.2839630">
    <ele>4.8</ele>
    <time>2026-05-16T09:26:09Z</time>
   </trkpt>
   <trkpt lat="51.4855930" lon="-0.2839870">
    <ele>4.8</ele>
    <time>2026-05-16T09:26:10Z</time>
   </trkpt>
   <trkpt lat="51.4856040" lon="-0.2839990">
    <ele>4.8</ele>
    <time>2026-05-16T09:26:11Z</time>
   </trkpt>
   <trkpt lat="51.4856110" lon="-0.2840110">
    <ele>4.8</ele>
    <time>2026-05-16T09:26:12Z</time>
   </trkpt>
   <trkpt lat="51.4856170" lon="-0.2840230">
    <ele>4.8</ele>
    <time>2026-05-16T09:26:13Z</time>
   </trkpt>
   <trkpt lat="51.4856280" lon="-0.2840360">
    <ele>4.8</ele>
    <time>2026-05-16T09:26:14Z</time>
   </trkpt>
   <trkpt lat="51.4856400" lon="-0.2840520">
    <ele>4.8</ele>
    <time>2026-05-16T09:26:15Z</time>
   </trkpt>
   <trkpt lat="51.4856500" lon="-0.2840680">
    <ele>4.8</ele>
    <time>2026-05-16T09:26:16Z</time>
   </trkpt>
   <trkpt lat="51.4856630" lon="-0.2840820">
    <ele>4.8</ele>
    <time>2026-05-16T09:26:17Z</time>
   </trkpt>
   <trkpt lat="51.4856730" lon="-0.2840980">
    <ele>4.8</ele>
    <time>2026-05-16T09:26:18Z</time>
   </trkpt>
   <trkpt lat="51.4856900" lon="-0.2841310">
    <ele>4.8</ele>
    <time>2026-05-16T09:26:19Z</time>
   </trkpt>
   <trkpt lat="51.4856960" lon="-0.2841420">
    <ele>4.8</ele>
    <time>2026-05-16T09:26:20Z</time>
   </trkpt>
   <trkpt lat="51.4857040" lon="-0.2841640">
    <ele>4.7</ele>
    <time>2026-05-16T09:26:21Z</time>
   </trkpt>
   <trkpt lat="51.4857140" lon="-0.2841820">
    <ele>4.7</ele>
    <time>2026-05-16T09:26:22Z</time>
   </trkpt>
   <trkpt lat="51.4857260" lon="-0.2841950">
    <ele>4.7</ele>
    <time>2026-05-16T09:26:23Z</time>
   </trkpt>
   <trkpt lat="51.4857360" lon="-0.2842040">
    <ele>4.7</ele>
    <time>2026-05-16T09:26:24Z</time>
   </trkpt>
   <trkpt lat="51.4857420" lon="-0.2842150">
    <ele>4.7</ele>
    <time>2026-05-16T09:26:25Z</time>
   </trkpt>
   <trkpt lat="51.4857520" lon="-0.2842230">
    <ele>4.7</ele>
    <time>2026-05-16T09:26:26Z</time>
   </trkpt>
   <trkpt lat="51.4857620" lon="-0.2842360">
    <ele>4.7</ele>
    <time>2026-05-16T09:26:27Z</time>
   </trkpt>
   <trkpt lat="51.4857670" lon="-0.2842520">
    <ele>4.7</ele>
    <time>2026-05-16T09:26:28Z</time>
   </trkpt>
   <trkpt lat="51.4857710" lon="-0.2842610">
    <ele>4.7</ele>
    <time>2026-05-16T09:26:29Z</time>
   </trkpt>
   <trkpt lat="51.4857800" lon="-0.2842750">
    <ele>4.6</ele>
    <time>2026-05-16T09:26:30Z</time>
   </trkpt>
   <trkpt lat="51.4857860" lon="-0.2842920">
    <ele>4.6</ele>
    <time>2026-05-16T09:26:31Z</time>
   </trkpt>
   <trkpt lat="51.4857910" lon="-0.2843070">
    <ele>4.6</ele>
    <time>2026-05-16T09:26:32Z</time>
   </trkpt>
   <trkpt lat="51.4858050" lon="-0.2843290">
    <ele>4.6</ele>
    <time>2026-05-16T09:26:33Z</time>
   </trkpt>
   <trkpt lat="51.4858120" lon="-0.2843390">
    <ele>4.6</ele>
    <time>2026-05-16T09:26:34Z</time>
   </trkpt>
   <trkpt lat="51.4858170" lon="-0.2843550">
    <ele>4.6</ele>
    <time>2026-05-16T09:26:35Z</time>
   </trkpt>
   <trkpt lat="51.4858290" lon="-0.2843710">
    <ele>4.6</ele>
    <time>2026-05-16T09:26:36Z</time>
   </trkpt>
   <trkpt lat="51.4858370" lon="-0.2843840">
    <ele>4.5</ele>
    <time>2026-05-16T09:26:37Z</time>
   </trkpt>
   <trkpt lat="51.4858430" lon="-0.2843950">
    <ele>4.5</ele>
    <time>2026-05-16T09:26:38Z</time>
   </trkpt>
   <trkpt lat="51.4858490" lon="-0.2844060">
    <ele>4.5</ele>
    <time>2026-05-16T09:26:39Z</time>
   </trkpt>
   <trkpt lat="51.4858540" lon="-0.2844220">
    <ele>4.5</ele>
    <time>2026-05-16T09:26:40Z</time>
   </trkpt>
   <trkpt lat="51.4858640" lon="-0.2844420">
    <ele>4.5</ele>
    <time>2026-05-16T09:26:41Z</time>
   </trkpt>
   <trkpt lat="51.4858710" lon="-0.2844550">
    <ele>4.5</ele>
    <time>2026-05-16T09:26:42Z</time>
   </trkpt>
   <trkpt lat="51.4858790" lon="-0.2844730">
    <ele>4.5</ele>
    <time>2026-05-16T09:26:43Z</time>
   </trkpt>
   <trkpt lat="51.4858840" lon="-0.2844890">
    <ele>4.5</ele>
    <time>2026-05-16T09:26:44Z</time>
   </trkpt>
   <trkpt lat="51.4858900" lon="-0.2844970">
    <ele>4.4</ele>
    <time>2026-05-16T09:26:45Z</time>
   </trkpt>
   <trkpt lat="51.4858990" lon="-0.2845170">
    <ele>4.4</ele>
    <time>2026-05-16T09:26:46Z</time>
   </trkpt>
   <trkpt lat="51.4859040" lon="-0.2845310">
    <ele>4.4</ele>
    <time>2026-05-16T09:26:47Z</time>
   </trkpt>
   <trkpt lat="51.4859220" lon="-0.2845500">
    <ele>4.4</ele>
    <time>2026-05-16T09:26:48Z</time>
   </trkpt>
   <trkpt lat="51.4859310" lon="-0.2845600">
    <ele>4.4</ele>
    <time>2026-05-16T09:26:49Z</time>
   </trkpt>
   <trkpt lat="51.4859390" lon="-0.2845690">
    <ele>4.4</ele>
    <time>2026-05-16T09:26:50Z</time>
   </trkpt>
   <trkpt lat="51.4859520" lon="-0.2845820">
    <ele>4.4</ele>
    <time>2026-05-16T09:26:51Z</time>
   </trkpt>
   <trkpt lat="51.4859620" lon="-0.2845990">
    <ele>4.4</ele>
    <time>2026-05-16T09:26:52Z</time>
   </trkpt>
   <trkpt lat="51.4859670" lon="-0.2846110">
    <ele>4.4</ele>
    <time>2026-05-16T09:26:53Z</time>
   </trkpt>
   <trkpt lat="51.4859710" lon="-0.2846290">
    <ele>4.4</ele>
    <time>2026-05-16T09:26:54Z</time>
   </trkpt>
   <trkpt lat="51.4859770" lon="-0.2846460">
    <ele>4.4</ele>
    <time>2026-05-16T09:26:55Z</time>
   </trkpt>
   <trkpt lat="51.4859870" lon="-0.2846880">
    <ele>4.4</ele>
    <time>2026-05-16T09:26:56Z</time>
   </trkpt>
   <trkpt lat="51.4859920" lon="-0.2847010">
    <ele>4.4</ele>
    <time>2026-05-16T09:26:57Z</time>
   </trkpt>
   <trkpt lat="51.4860000" lon="-0.2847210">
    <ele>4.4</ele>
    <time>2026-05-16T09:26:58Z</time>
   </trkpt>
   <trkpt lat="51.4860040" lon="-0.2847340">
    <ele>4.4</ele>
    <time>2026-05-16T09:26:59Z</time>
   </trkpt>
   <trkpt lat="51.4860070" lon="-0.2847480">
    <ele>4.5</ele>
    <time>2026-05-16T09:27:00Z</time>
   </trkpt>
   <trkpt lat="51.4860110" lon="-0.2847610">
    <ele>4.5</ele>
    <time>2026-05-16T09:27:01Z</time>
   </trkpt>
   <trkpt lat="51.4860160" lon="-0.2847810">
    <ele>4.5</ele>
    <time>2026-05-16T09:27:02Z</time>
   </trkpt>
   <trkpt lat="51.4860210" lon="-0.2848050">
    <ele>4.5</ele>
    <time>2026-05-16T09:27:03Z</time>
   </trkpt>
   <trkpt lat="51.4860230" lon="-0.2848270">
    <ele>4.5</ele>
    <time>2026-05-16T09:27:04Z</time>
   </trkpt>
   <trkpt lat="51.4860260" lon="-0.2848440">
    <ele>4.5</ele>
    <time>2026-05-16T09:27:05Z</time>
   </trkpt>
   <trkpt lat="51.4860320" lon="-0.2848600">
    <ele>4.6</ele>
    <time>2026-05-16T09:27:06Z</time>
   </trkpt>
   <trkpt lat="51.4860370" lon="-0.2848820">
    <ele>4.6</ele>
    <time>2026-05-16T09:27:07Z</time>
   </trkpt>
   <trkpt lat="51.4860450" lon="-0.2849030">
    <ele>4.6</ele>
    <time>2026-05-16T09:27:08Z</time>
   </trkpt>
   <trkpt lat="51.4860500" lon="-0.2849260">
    <ele>4.6</ele>
    <time>2026-05-16T09:27:09Z</time>
   </trkpt>
   <trkpt lat="51.4860560" lon="-0.2849460">
    <ele>4.6</ele>
    <time>2026-05-16T09:27:10Z</time>
   </trkpt>
   <trkpt lat="51.4860590" lon="-0.2849670">
    <ele>4.6</ele>
    <time>2026-05-16T09:27:11Z</time>
   </trkpt>
   <trkpt lat="51.4860640" lon="-0.2849810">
    <ele>4.7</ele>
    <time>2026-05-16T09:27:12Z</time>
   </trkpt>
   <trkpt lat="51.4860720" lon="-0.2849970">
    <ele>4.7</ele>
    <time>2026-05-16T09:27:13Z</time>
   </trkpt>
   <trkpt lat="51.4860790" lon="-0.2850130">
    <ele>4.7</ele>
    <time>2026-05-16T09:27:14Z</time>
   </trkpt>
   <trkpt lat="51.4860820" lon="-0.2850270">
    <ele>4.7</ele>
    <time>2026-05-16T09:27:15Z</time>
   </trkpt>
   <trkpt lat="51.4860890" lon="-0.2850450">
    <ele>4.7</ele>
    <time>2026-05-16T09:27:16Z</time>
   </trkpt>
   <trkpt lat="51.4860900" lon="-0.2850570">
    <ele>4.7</ele>
    <time>2026-05-16T09:27:17Z</time>
   </trkpt>
   <trkpt lat="51.4860980" lon="-0.2850740">
    <ele>4.7</ele>
    <time>2026-05-16T09:27:18Z</time>
   </trkpt>
   <trkpt lat="51.4861010" lon="-0.2850920">
    <ele>4.7</ele>
    <time>2026-05-16T09:27:19Z</time>
   </trkpt>
   <trkpt lat="51.4861080" lon="-0.2851200">
    <ele>4.8</ele>
    <time>2026-05-16T09:27:20Z</time>
   </trkpt>
   <trkpt lat="51.4861130" lon="-0.2851390">
    <ele>4.8</ele>
    <time>2026-05-16T09:27:21Z</time>
   </trkpt>
   <trkpt lat="51.4861190" lon="-0.2851510">
    <ele>4.8</ele>
    <time>2026-05-16T09:27:22Z</time>
   </trkpt>
   <trkpt lat="51.4861160" lon="-0.2851640">
    <ele>4.8</ele>
    <time>2026-05-16T09:27:23Z</time>
   </trkpt>
   <trkpt lat="51.4861170" lon="-0.2851790">
    <ele>4.8</ele>
    <time>2026-05-16T09:27:24Z</time>
   </trkpt>
   <trkpt lat="51.4861210" lon="-0.2851950">
    <ele>4.8</ele>
    <time>2026-05-16T09:27:25Z</time>
   </trkpt>
   <trkpt lat="51.4861270" lon="-0.2852210">
    <ele>4.8</ele>
    <time>2026-05-16T09:27:26Z</time>
   </trkpt>
   <trkpt lat="51.4861290" lon="-0.2852380">
    <ele>4.8</ele>
    <time>2026-05-16T09:27:27Z</time>
   </trkpt>
   <trkpt lat="51.4861340" lon="-0.2852520">
    <ele>4.8</ele>
    <time>2026-05-16T09:27:28Z</time>
   </trkpt>
   <trkpt lat="51.4861360" lon="-0.2852690">
    <ele>4.8</ele>
    <time>2026-05-16T09:27:29Z</time>
   </trkpt>
   <trkpt lat="51.4861390" lon="-0.2852810">
    <ele>4.8</ele>
    <time>2026-05-16T09:27:30Z</time>
   </trkpt>
   <trkpt lat="51.4861440" lon="-0.2853020">
    <ele>4.8</ele>
    <time>2026-05-16T09:27:31Z</time>
   </trkpt>
   <trkpt lat="51.4861480" lon="-0.2853250">
    <ele>4.8</ele>
    <time>2026-05-16T09:27:32Z</time>
   </trkpt>
   <trkpt lat="51.4861560" lon="-0.2853570">
    <ele>4.8</ele>
    <time>2026-05-16T09:27:33Z</time>
   </trkpt>
   <trkpt lat="51.4861620" lon="-0.2853710">
    <ele>4.9</ele>
    <time>2026-05-16T09:27:34Z</time>
   </trkpt>
   <trkpt lat="51.4861670" lon="-0.2853850">
    <ele>4.9</ele>
    <time>2026-05-16T09:27:35Z</time>
   </trkpt>
   <trkpt lat="51.4861760" lon="-0.2854110">
    <ele>4.9</ele>
    <time>2026-05-16T09:27:36Z</time>
   </trkpt>
   <trkpt lat="51.4861820" lon="-0.2854300">
    <ele>4.9</ele>
    <time>2026-05-16T09:27:37Z</time>
   </trkpt>
   <trkpt lat="51.4861900" lon="-0.2854500">
    <ele>4.9</ele>
    <time>2026-05-16T09:27:38Z</time>
   </trkpt>
   <trkpt lat="51.4861950" lon="-0.2854690">
    <ele>4.9</ele>
    <time>2026-05-16T09:27:39Z</time>
   </trkpt>
   <trkpt lat="51.4861980" lon="-0.2854900">
    <ele>4.9</ele>
    <time>2026-05-16T09:27:40Z</time>
   </trkpt>
   <trkpt lat="51.4862020" lon="-0.2855140">
    <ele>4.9</ele>
    <time>2026-05-16T09:27:41Z</time>
   </trkpt>
   <trkpt lat="51.4862050" lon="-0.2855310">
    <ele>4.9</ele>
    <time>2026-05-16T09:27:42Z</time>
   </trkpt>
   <trkpt lat="51.4862080" lon="-0.2855610">
    <ele>4.9</ele>
    <time>2026-05-16T09:27:43Z</time>
   </trkpt>
   <trkpt lat="51.4862100" lon="-0.2855830">
    <ele>4.9</ele>
    <time>2026-05-16T09:27:44Z</time>
   </trkpt>
   <trkpt lat="51.4862130" lon="-0.2856060">
    <ele>4.9</ele>
    <time>2026-05-16T09:27:45Z</time>
   </trkpt>
   <trkpt lat="51.4862190" lon="-0.2856190">
    <ele>4.9</ele>
    <time>2026-05-16T09:27:46Z</time>
   </trkpt>
   <trkpt lat="51.4862290" lon="-0.2856420">
    <ele>4.9</ele>
    <time>2026-05-16T09:27:47Z</time>
   </trkpt>
   <trkpt lat="51.4862290" lon="-0.2856610">
    <ele>4.9</ele>
    <time>2026-05-16T09:27:48Z</time>
   </trkpt>
   <trkpt lat="51.4862310" lon="-0.2856880">
    <ele>4.9</ele>
    <time>2026-05-16T09:27:49Z</time>
   </trkpt>
   <trkpt lat="51.4862370" lon="-0.2857190">
    <ele>4.9</ele>
    <time>2026-05-16T09:27:50Z</time>
   </trkpt>
   <trkpt lat="51.4862400" lon="-0.2857320">
    <ele>4.9</ele>
    <time>2026-05-16T09:27:51Z</time>
   </trkpt>
   <trkpt lat="51.4862420" lon="-0.2857450">
    <ele>4.9</ele>
    <time>2026-05-16T09:27:52Z</time>
   </trkpt>
   <trkpt lat="51.4862470" lon="-0.2857800">
    <ele>4.9</ele>
    <time>2026-05-16T09:27:53Z</time>
   </trkpt>
   <trkpt lat="51.4862490" lon="-0.2857940">
    <ele>4.9</ele>
    <time>2026-05-16T09:27:54Z</time>
   </trkpt>
   <trkpt lat="51.4862520" lon="-0.2858080">
    <ele>4.9</ele>
    <time>2026-05-16T09:27:55Z</time>
   </trkpt>
   <trkpt lat="51.4862560" lon="-0.2858360">
    <ele>4.9</ele>
    <time>2026-05-16T09:27:56Z</time>
   </trkpt>
   <trkpt lat="51.4862600" lon="-0.2858500">
    <ele>4.9</ele>
    <time>2026-05-16T09:27:57Z</time>
   </trkpt>
   <trkpt lat="51.4862630" lon="-0.2858650">
    <ele>4.9</ele>
    <time>2026-05-16T09:27:58Z</time>
   </trkpt>
   <trkpt lat="51.4862820" lon="-0.2858680">
    <ele>4.9</ele>
    <time>2026-05-16T09:28:00Z</time>
   </trkpt>
   <trkpt lat="51.4862860" lon="-0.2858890">
    <ele>4.9</ele>
    <time>2026-05-16T09:28:01Z</time>
   </trkpt>
   <trkpt lat="51.4862800" lon="-0.2859220">
    <ele>4.9</ele>
    <time>2026-05-16T09:28:02Z</time>
   </trkpt>
   <trkpt lat="51.4862830" lon="-0.2859360">
    <ele>4.9</ele>
    <time>2026-05-16T09:28:03Z</time>
   </trkpt>
   <trkpt lat="51.4862850" lon="-0.2859500">
    <ele>4.9</ele>
    <time>2026-05-16T09:28:04Z</time>
   </trkpt>
   <trkpt lat="51.4862870" lon="-0.2859780">
    <ele>4.9</ele>
    <time>2026-05-16T09:28:05Z</time>
   </trkpt>
   <trkpt lat="51.4862870" lon="-0.2860000">
    <ele>4.9</ele>
    <time>2026-05-16T09:28:06Z</time>
   </trkpt>
   <trkpt lat="51.4862920" lon="-0.2860210">
    <ele>4.9</ele>
    <time>2026-05-16T09:28:07Z</time>
   </trkpt>
   <trkpt lat="51.4862950" lon="-0.2860450">
    <ele>4.9</ele>
    <time>2026-05-16T09:28:08Z</time>
   </trkpt>
   <trkpt lat="51.4862990" lon="-0.2860740">
    <ele>4.9</ele>
    <time>2026-05-16T09:28:09Z</time>
   </trkpt>
   <trkpt lat="51.4862990" lon="-0.2860990">
    <ele>4.9</ele>
    <time>2026-05-16T09:28:10Z</time>
   </trkpt>
   <trkpt lat="51.4863020" lon="-0.2861190">
    <ele>4.9</ele>
    <time>2026-05-16T09:28:11Z</time>
   </trkpt>
   <trkpt lat="51.4863080" lon="-0.2861420">
    <ele>4.9</ele>
    <time>2026-05-16T09:28:12Z</time>
   </trkpt>
   <trkpt lat="51.4863130" lon="-0.2861670">
    <ele>4.9</ele>
    <time>2026-05-16T09:28:13Z</time>
   </trkpt>
   <trkpt lat="51.4863170" lon="-0.2862030">
    <ele>5.0</ele>
    <time>2026-05-16T09:28:14Z</time>
   </trkpt>
   <trkpt lat="51.4863250" lon="-0.2862370">
    <ele>5.0</ele>
    <time>2026-05-16T09:28:15Z</time>
   </trkpt>
   <trkpt lat="51.4863290" lon="-0.2862510">
    <ele>5.0</ele>
    <time>2026-05-16T09:28:16Z</time>
   </trkpt>
   <trkpt lat="51.4863300" lon="-0.2862720">
    <ele>5.0</ele>
    <time>2026-05-16T09:28:17Z</time>
   </trkpt>
   <trkpt lat="51.4863330" lon="-0.2862850">
    <ele>5.0</ele>
    <time>2026-05-16T09:28:18Z</time>
   </trkpt>
   <trkpt lat="51.4863360" lon="-0.2863050">
    <ele>5.0</ele>
    <time>2026-05-16T09:28:19Z</time>
   </trkpt>
   <trkpt lat="51.4863430" lon="-0.2863340">
    <ele>5.0</ele>
    <time>2026-05-16T09:28:20Z</time>
   </trkpt>
   <trkpt lat="51.4863450" lon="-0.2863490">
    <ele>5.0</ele>
    <time>2026-05-16T09:28:21Z</time>
   </trkpt>
   <trkpt lat="51.4863470" lon="-0.2863640">
    <ele>5.0</ele>
    <time>2026-05-16T09:28:22Z</time>
   </trkpt>
   <trkpt lat="51.4863510" lon="-0.2863890">
    <ele>5.0</ele>
    <time>2026-05-16T09:28:23Z</time>
   </trkpt>
   <trkpt lat="51.4863540" lon="-0.2864090">
    <ele>5.0</ele>
    <time>2026-05-16T09:28:24Z</time>
   </trkpt>
   <trkpt lat="51.4863540" lon="-0.2864340">
    <ele>5.1</ele>
    <time>2026-05-16T09:28:25Z</time>
   </trkpt>
   <trkpt lat="51.4863560" lon="-0.2864660">
    <ele>5.1</ele>
    <time>2026-05-16T09:28:26Z</time>
   </trkpt>
   <trkpt lat="51.4863590" lon="-0.2865010">
    <ele>5.1</ele>
    <time>2026-05-16T09:28:27Z</time>
   </trkpt>
   <trkpt lat="51.4863610" lon="-0.2865160">
    <ele>5.1</ele>
    <time>2026-05-16T09:28:28Z</time>
   </trkpt>
   <trkpt lat="51.4863630" lon="-0.2865310">
    <ele>5.1</ele>
    <time>2026-05-16T09:28:29Z</time>
   </trkpt>
   <trkpt lat="51.4863690" lon="-0.2865500">
    <ele>5.1</ele>
    <time>2026-05-16T09:28:30Z</time>
   </trkpt>
   <trkpt lat="51.4863740" lon="-0.2865620">
    <ele>5.1</ele>
    <time>2026-05-16T09:28:31Z</time>
   </trkpt>
   <trkpt lat="51.4863770" lon="-0.2865720">
    <ele>5.1</ele>
    <time>2026-05-16T09:28:32Z</time>
   </trkpt>
   <trkpt lat="51.4863780" lon="-0.2865990">
    <ele>5.1</ele>
    <time>2026-05-16T09:28:33Z</time>
   </trkpt>
   <trkpt lat="51.4863790" lon="-0.2866240">
    <ele>5.1</ele>
    <time>2026-05-16T09:28:34Z</time>
   </trkpt>
   <trkpt lat="51.4863830" lon="-0.2866390">
    <ele>5.1</ele>
    <time>2026-05-16T09:28:35Z</time>
   </trkpt>
   <trkpt lat="51.4863860" lon="-0.2866610">
    <ele>5.1</ele>
    <time>2026-05-16T09:28:36Z</time>
   </trkpt>
   <trkpt lat="51.4863900" lon="-0.2866720">
    <ele>5.1</ele>
    <time>2026-05-16T09:28:37Z</time>
   </trkpt>
   <trkpt lat="51.4863980" lon="-0.2866860">
    <ele>5.1</ele>
    <time>2026-05-16T09:28:38Z</time>
   </trkpt>
   <trkpt lat="51.4863980" lon="-0.2866930">
    <ele>5.1</ele>
    <time>2026-05-16T09:28:39Z</time>
   </trkpt>
   <trkpt lat="51.4864050" lon="-0.2867170">
    <ele>5.1</ele>
    <time>2026-05-16T09:28:40Z</time>
   </trkpt>
   <trkpt lat="51.4864040" lon="-0.2867440">
    <ele>5.1</ele>
    <time>2026-05-16T09:28:41Z</time>
   </trkpt>
   <trkpt lat="51.4864040" lon="-0.2867690">
    <ele>5.1</ele>
    <time>2026-05-16T09:28:42Z</time>
   </trkpt>
   <trkpt lat="51.4864060" lon="-0.2867920">
    <ele>5.1</ele>
    <time>2026-05-16T09:28:43Z</time>
   </trkpt>
   <trkpt lat="51.4864100" lon="-0.2868140">
    <ele>5.1</ele>
    <time>2026-05-16T09:28:44Z</time>
   </trkpt>
   <trkpt lat="51.4864150" lon="-0.2868450">
    <ele>5.0</ele>
    <time>2026-05-16T09:28:45Z</time>
   </trkpt>
   <trkpt lat="51.4864180" lon="-0.2868600">
    <ele>5.0</ele>
    <time>2026-05-16T09:28:46Z</time>
   </trkpt>
   <trkpt lat="51.4864200" lon="-0.2868740">
    <ele>5.0</ele>
    <time>2026-05-16T09:28:47Z</time>
   </trkpt>
   <trkpt lat="51.4864230" lon="-0.2869020">
    <ele>5.0</ele>
    <time>2026-05-16T09:28:48Z</time>
   </trkpt>
   <trkpt lat="51.4864240" lon="-0.2869270">
    <ele>5.0</ele>
    <time>2026-05-16T09:28:49Z</time>
   </trkpt>
   <trkpt lat="51.4864300" lon="-0.2869640">
    <ele>5.0</ele>
    <time>2026-05-16T09:28:50Z</time>
   </trkpt>
   <trkpt lat="51.4864320" lon="-0.2869770">
    <ele>5.0</ele>
    <time>2026-05-16T09:28:51Z</time>
   </trkpt>
   <trkpt lat="51.4864340" lon="-0.2869900">
    <ele>5.0</ele>
    <time>2026-05-16T09:28:52Z</time>
   </trkpt>
   <trkpt lat="51.4864370" lon="-0.2870130">
    <ele>5.0</ele>
    <time>2026-05-16T09:28:53Z</time>
   </trkpt>
   <trkpt lat="51.4864390" lon="-0.2870260">
    <ele>5.0</ele>
    <time>2026-05-16T09:28:54Z</time>
   </trkpt>
   <trkpt lat="51.4864410" lon="-0.2870390">
    <ele>5.0</ele>
    <time>2026-05-16T09:28:55Z</time>
   </trkpt>
   <trkpt lat="51.4864430" lon="-0.2870520">
    <ele>5.0</ele>
    <time>2026-05-16T09:28:56Z</time>
   </trkpt>
   <trkpt lat="51.4864420" lon="-0.2870770">
    <ele>4.9</ele>
    <time>2026-05-16T09:28:57Z</time>
   </trkpt>
   <trkpt lat="51.4864400" lon="-0.2871000">
    <ele>4.9</ele>
    <time>2026-05-16T09:28:58Z</time>
   </trkpt>
   <trkpt lat="51.4864410" lon="-0.2871150">
    <ele>4.9</ele>
    <time>2026-05-16T09:28:59Z</time>
   </trkpt>
   <trkpt lat="51.4864440" lon="-0.2871440">
    <ele>4.9</ele>
    <time>2026-05-16T09:29:00Z</time>
   </trkpt>
   <trkpt lat="51.4864410" lon="-0.2871680">
    <ele>4.9</ele>
    <time>2026-05-16T09:29:01Z</time>
   </trkpt>
   <trkpt lat="51.4864420" lon="-0.2872010">
    <ele>4.9</ele>
    <time>2026-05-16T09:29:02Z</time>
   </trkpt>
   <trkpt lat="51.4864400" lon="-0.2872210">
    <ele>4.8</ele>
    <time>2026-05-16T09:29:03Z</time>
   </trkpt>
   <trkpt lat="51.4864390" lon="-0.2872350">
    <ele>4.8</ele>
    <time>2026-05-16T09:29:04Z</time>
   </trkpt>
   <trkpt lat="51.4864410" lon="-0.2872390">
    <ele>4.8</ele>
    <time>2026-05-16T09:29:05Z</time>
   </trkpt>
   <trkpt lat="51.4864420" lon="-0.2872560">
    <ele>4.8</ele>
    <time>2026-05-16T09:29:06Z</time>
   </trkpt>
   <trkpt lat="51.4864440" lon="-0.2872720">
    <ele>4.8</ele>
    <time>2026-05-16T09:29:07Z</time>
   </trkpt>
   <trkpt lat="51.4864510" lon="-0.2872880">
    <ele>4.8</ele>
    <time>2026-05-16T09:29:08Z</time>
   </trkpt>
   <trkpt lat="51.4864570" lon="-0.2873050">
    <ele>4.8</ele>
    <time>2026-05-16T09:29:09Z</time>
   </trkpt>
   <trkpt lat="51.4864600" lon="-0.2873220">
    <ele>4.8</ele>
    <time>2026-05-16T09:29:10Z</time>
   </trkpt>
   <trkpt lat="51.4864630" lon="-0.2873380">
    <ele>4.8</ele>
    <time>2026-05-16T09:29:11Z</time>
   </trkpt>
   <trkpt lat="51.4864670" lon="-0.2873520">
    <ele>4.8</ele>
    <time>2026-05-16T09:29:12Z</time>
   </trkpt>
   <trkpt lat="51.4864700" lon="-0.2873580">
    <ele>4.8</ele>
    <time>2026-05-16T09:29:13Z</time>
   </trkpt>
   <trkpt lat="51.4864760" lon="-0.2873950">
    <ele>4.8</ele>
    <time>2026-05-16T09:29:14Z</time>
   </trkpt>
   <trkpt lat="51.4864440" lon="-0.2874060">
    <ele>4.7</ele>
    <time>2026-05-16T09:29:15Z</time>
   </trkpt>
   <trkpt lat="51.4864320" lon="-0.2874130">
    <ele>4.7</ele>
    <time>2026-05-16T09:29:16Z</time>
   </trkpt>
   <trkpt lat="51.4864770" lon="-0.2874890">
    <ele>4.7</ele>
    <time>2026-05-16T09:29:17Z</time>
   </trkpt>
   <trkpt lat="51.4864550" lon="-0.2875310">
    <ele>4.7</ele>
    <time>2026-05-16T09:29:18Z</time>
   </trkpt>
   <trkpt lat="51.4864420" lon="-0.2875440">
    <ele>4.7</ele>
    <time>2026-05-16T09:29:19Z</time>
   </trkpt>
   <trkpt lat="51.4864510" lon="-0.2875960">
    <ele>4.6</ele>
    <time>2026-05-16T09:29:20Z</time>
   </trkpt>
   <trkpt lat="51.4864460" lon="-0.2876250">
    <ele>4.6</ele>
    <time>2026-05-16T09:29:21Z</time>
   </trkpt>
   <trkpt lat="51.4864450" lon="-0.2876380">
    <ele>4.6</ele>
    <time>2026-05-16T09:29:22Z</time>
   </trkpt>
   <trkpt lat="51.4864430" lon="-0.2876500">
    <ele>4.6</ele>
    <time>2026-05-16T09:29:23Z</time>
   </trkpt>
   <trkpt lat="51.4864410" lon="-0.2876620">
    <ele>4.6</ele>
    <time>2026-05-16T09:29:24Z</time>
   </trkpt>
   <trkpt lat="51.4864370" lon="-0.2876810">
    <ele>4.6</ele>
    <time>2026-05-16T09:29:25Z</time>
   </trkpt>
   <trkpt lat="51.4864350" lon="-0.2876940">
    <ele>4.6</ele>
    <time>2026-05-16T09:29:26Z</time>
   </trkpt>
   <trkpt lat="51.4864330" lon="-0.2877140">
    <ele>4.6</ele>
    <time>2026-05-16T09:29:27Z</time>
   </trkpt>
   <trkpt lat="51.4864230" lon="-0.2877620">
    <ele>4.6</ele>
    <time>2026-05-16T09:29:28Z</time>
   </trkpt>
   <trkpt lat="51.4864200" lon="-0.2877760">
    <ele>4.6</ele>
    <time>2026-05-16T09:29:29Z</time>
   </trkpt>
   <trkpt lat="51.4864220" lon="-0.2878020">
    <ele>4.6</ele>
    <time>2026-05-16T09:29:30Z</time>
   </trkpt>
   <trkpt lat="51.4864210" lon="-0.2878270">
    <ele>4.6</ele>
    <time>2026-05-16T09:29:31Z</time>
   </trkpt>
   <trkpt lat="51.4864190" lon="-0.2878560">
    <ele>4.5</ele>
    <time>2026-05-16T09:29:32Z</time>
   </trkpt>
   <trkpt lat="51.4864180" lon="-0.2878740">
    <ele>4.5</ele>
    <time>2026-05-16T09:29:33Z</time>
   </trkpt>
   <trkpt lat="51.4864160" lon="-0.2878920">
    <ele>4.5</ele>
    <time>2026-05-16T09:29:34Z</time>
   </trkpt>
   <trkpt lat="51.4864140" lon="-0.2879150">
    <ele>4.5</ele>
    <time>2026-05-16T09:29:35Z</time>
   </trkpt>
   <trkpt lat="51.4864160" lon="-0.2879350">
    <ele>4.5</ele>
    <time>2026-05-16T09:29:36Z</time>
   </trkpt>
   <trkpt lat="51.4864130" lon="-0.2879670">
    <ele>4.5</ele>
    <time>2026-05-16T09:29:37Z</time>
   </trkpt>
   <trkpt lat="51.4864120" lon="-0.2879840">
    <ele>4.5</ele>
    <time>2026-05-16T09:29:38Z</time>
   </trkpt>
   <trkpt lat="51.4864110" lon="-0.2880000">
    <ele>4.5</ele>
    <time>2026-05-16T09:29:39Z</time>
   </trkpt>
   <trkpt lat="51.4864100" lon="-0.2880260">
    <ele>4.5</ele>
    <time>2026-05-16T09:29:40Z</time>
   </trkpt>
   <trkpt lat="51.4864110" lon="-0.2880490">
    <ele>4.5</ele>
    <time>2026-05-16T09:29:41Z</time>
   </trkpt>
   <trkpt lat="51.4864110" lon="-0.2880820">
    <ele>4.5</ele>
    <time>2026-05-16T09:29:42Z</time>
   </trkpt>
   <trkpt lat="51.4864100" lon="-0.2880950">
    <ele>4.5</ele>
    <time>2026-05-16T09:29:43Z</time>
   </trkpt>
   <trkpt lat="51.4864090" lon="-0.2881070">
    <ele>4.5</ele>
    <time>2026-05-16T09:29:44Z</time>
   </trkpt>
   <trkpt lat="51.4864100" lon="-0.2881190">
    <ele>4.5</ele>
    <time>2026-05-16T09:29:45Z</time>
   </trkpt>
   <trkpt lat="51.4864120" lon="-0.2881340">
    <ele>4.5</ele>
    <time>2026-05-16T09:29:46Z</time>
   </trkpt>
   <trkpt lat="51.4864150" lon="-0.2881600">
    <ele>4.5</ele>
    <time>2026-05-16T09:29:47Z</time>
   </trkpt>
   <trkpt lat="51.4864160" lon="-0.2881870">
    <ele>4.5</ele>
    <time>2026-05-16T09:29:48Z</time>
   </trkpt>
   <trkpt lat="51.4864200" lon="-0.2881990">
    <ele>4.6</ele>
    <time>2026-05-16T09:29:49Z</time>
   </trkpt>
   <trkpt lat="51.4864170" lon="-0.2882050">
    <ele>4.6</ele>
    <time>2026-05-16T09:29:50Z</time>
   </trkpt>
   <trkpt lat="51.4864190" lon="-0.2882300">
    <ele>4.6</ele>
    <time>2026-05-16T09:29:51Z</time>
   </trkpt>
   <trkpt lat="51.4864230" lon="-0.2882550">
    <ele>4.6</ele>
    <time>2026-05-16T09:29:52Z</time>
   </trkpt>
   <trkpt lat="51.4864210" lon="-0.2882800">
    <ele>4.6</ele>
    <time>2026-05-16T09:29:53Z</time>
   </trkpt>
   <trkpt lat="51.4864170" lon="-0.2883020">
    <ele>4.6</ele>
    <time>2026-05-16T09:29:54Z</time>
   </trkpt>
   <trkpt lat="51.4864150" lon="-0.2883230">
    <ele>4.6</ele>
    <time>2026-05-16T09:29:55Z</time>
   </trkpt>
   <trkpt lat="51.4864080" lon="-0.2883540">
    <ele>4.6</ele>
    <time>2026-05-16T09:29:56Z</time>
   </trkpt>
   <trkpt lat="51.4864050" lon="-0.2883770">
    <ele>4.6</ele>
    <time>2026-05-16T09:29:57Z</time>
   </trkpt>
   <trkpt lat="51.4864030" lon="-0.2884010">
    <ele>4.7</ele>
    <time>2026-05-16T09:29:58Z</time>
   </trkpt>
   <trkpt lat="51.4864060" lon="-0.2884180">
    <ele>4.7</ele>
    <time>2026-05-16T09:29:59Z</time>
   </trkpt>
   <trkpt lat="51.4864020" lon="-0.2884480">
    <ele>4.7</ele>
    <time>2026-05-16T09:30:00Z</time>
   </trkpt>
   <trkpt lat="51.4864040" lon="-0.2884850">
    <ele>4.8</ele>
    <time>2026-05-16T09:30:01Z</time>
   </trkpt>
   <trkpt lat="51.4864030" lon="-0.2884960">
    <ele>4.8</ele>
    <time>2026-05-16T09:30:02Z</time>
   </trkpt>
   <trkpt lat="51.4864030" lon="-0.2885080">
    <ele>4.8</ele>
    <time>2026-05-16T09:30:03Z</time>
   </trkpt>
   <trkpt lat="51.4864000" lon="-0.2885250">
    <ele>4.8</ele>
    <time>2026-05-16T09:30:05Z</time>
   </trkpt>
   <trkpt lat="51.4863990" lon="-0.2885370">
    <ele>4.8</ele>
    <time>2026-05-16T09:30:06Z</time>
   </trkpt>
   <trkpt lat="51.4863970" lon="-0.2885570">
    <ele>4.8</ele>
    <time>2026-05-16T09:30:07Z</time>
   </trkpt>
   <trkpt lat="51.4864000" lon="-0.2885730">
    <ele>4.8</ele>
    <time>2026-05-16T09:30:08Z</time>
   </trkpt>
   <trkpt lat="51.4863980" lon="-0.2886040">
    <ele>4.9</ele>
    <time>2026-05-16T09:30:09Z</time>
   </trkpt>
   <trkpt lat="51.4863970" lon="-0.2886400">
    <ele>4.9</ele>
    <time>2026-05-16T09:30:10Z</time>
   </trkpt>
   <trkpt lat="51.4863960" lon="-0.2886530">
    <ele>4.9</ele>
    <time>2026-05-16T09:30:11Z</time>
   </trkpt>
   <trkpt lat="51.4863960" lon="-0.2886650">
    <ele>4.9</ele>
    <time>2026-05-16T09:30:12Z</time>
   </trkpt>
   <trkpt lat="51.4863940" lon="-0.2886910">
    <ele>4.9</ele>
    <time>2026-05-16T09:30:13Z</time>
   </trkpt>
   <trkpt lat="51.4863910" lon="-0.2887110">
    <ele>5.0</ele>
    <time>2026-05-16T09:30:14Z</time>
   </trkpt>
   <trkpt lat="51.4863850" lon="-0.2887490">
    <ele>5.0</ele>
    <time>2026-05-16T09:30:15Z</time>
   </trkpt>
   <trkpt lat="51.4863840" lon="-0.2887710">
    <ele>5.0</ele>
    <time>2026-05-16T09:30:17Z</time>
   </trkpt>
   <trkpt lat="51.4863840" lon="-0.2887990">
    <ele>5.0</ele>
    <time>2026-05-16T09:30:18Z</time>
   </trkpt>
   <trkpt lat="51.4863850" lon="-0.2888220">
    <ele>5.0</ele>
    <time>2026-05-16T09:30:19Z</time>
   </trkpt>
   <trkpt lat="51.4863850" lon="-0.2888440">
    <ele>5.0</ele>
    <time>2026-05-16T09:30:20Z</time>
   </trkpt>
   <trkpt lat="51.4863820" lon="-0.2888660">
    <ele>5.0</ele>
    <time>2026-05-16T09:30:21Z</time>
   </trkpt>
   <trkpt lat="51.4863810" lon="-0.2889070">
    <ele>5.0</ele>
    <time>2026-05-16T09:30:22Z</time>
   </trkpt>
   <trkpt lat="51.4863770" lon="-0.2889250">
    <ele>5.0</ele>
    <time>2026-05-16T09:30:23Z</time>
   </trkpt>
   <trkpt lat="51.4863780" lon="-0.2889500">
    <ele>5.0</ele>
    <time>2026-05-16T09:30:24Z</time>
   </trkpt>
   <trkpt lat="51.4863790" lon="-0.2889630">
    <ele>5.0</ele>
    <time>2026-05-16T09:30:25Z</time>
   </trkpt>
   <trkpt lat="51.4863800" lon="-0.2889780">
    <ele>5.0</ele>
    <time>2026-05-16T09:30:26Z</time>
   </trkpt>
   <trkpt lat="51.4863750" lon="-0.2889940">
    <ele>4.9</ele>
    <time>2026-05-16T09:30:27Z</time>
   </trkpt>
   <trkpt lat="51.4863730" lon="-0.2890100">
    <ele>4.9</ele>
    <time>2026-05-16T09:30:28Z</time>
   </trkpt>
   <trkpt lat="51.4863730" lon="-0.2890200">
    <ele>4.9</ele>
    <time>2026-05-16T09:30:29Z</time>
   </trkpt>
   <trkpt lat="51.4863700" lon="-0.2890450">
    <ele>4.9</ele>
    <time>2026-05-16T09:30:30Z</time>
   </trkpt>
   <trkpt lat="51.4863710" lon="-0.2890720">
    <ele>4.9</ele>
    <time>2026-05-16T09:30:31Z</time>
   </trkpt>
   <trkpt lat="51.4863750" lon="-0.2890960">
    <ele>4.9</ele>
    <time>2026-05-16T09:30:32Z</time>
   </trkpt>
   <trkpt lat="51.4863760" lon="-0.2891190">
    <ele>4.9</ele>
    <time>2026-05-16T09:30:33Z</time>
   </trkpt>
   <trkpt lat="51.4863740" lon="-0.2891510">
    <ele>4.9</ele>
    <time>2026-05-16T09:30:34Z</time>
   </trkpt>
   <trkpt lat="51.4863730" lon="-0.2891660">
    <ele>4.9</ele>
    <time>2026-05-16T09:30:35Z</time>
   </trkpt>
   <trkpt lat="51.4863730" lon="-0.2891810">
    <ele>4.9</ele>
    <time>2026-05-16T09:30:36Z</time>
   </trkpt>
   <trkpt lat="51.4863700" lon="-0.2892160">
    <ele>4.9</ele>
    <time>2026-05-16T09:30:37Z</time>
   </trkpt>
   <trkpt lat="51.4863680" lon="-0.2892290">
    <ele>4.9</ele>
    <time>2026-05-16T09:30:38Z</time>
   </trkpt>
   <trkpt lat="51.4863660" lon="-0.2892410">
    <ele>4.9</ele>
    <time>2026-05-16T09:30:39Z</time>
   </trkpt>
   <trkpt lat="51.4863640" lon="-0.2892630">
    <ele>4.9</ele>
    <time>2026-05-16T09:30:40Z</time>
   </trkpt>
   <trkpt lat="51.4863650" lon="-0.2892840">
    <ele>4.9</ele>
    <time>2026-05-16T09:30:41Z</time>
   </trkpt>
   <trkpt lat="51.4863640" lon="-0.2893150">
    <ele>4.9</ele>
    <time>2026-05-16T09:30:42Z</time>
   </trkpt>
   <trkpt lat="51.4863630" lon="-0.2893310">
    <ele>4.9</ele>
    <time>2026-05-16T09:30:43Z</time>
   </trkpt>
   <trkpt lat="51.4863620" lon="-0.2893470">
    <ele>4.9</ele>
    <time>2026-05-16T09:30:44Z</time>
   </trkpt>
   <trkpt lat="51.4863590" lon="-0.2893700">
    <ele>4.8</ele>
    <time>2026-05-16T09:30:45Z</time>
   </trkpt>
   <trkpt lat="51.4863590" lon="-0.2893960">
    <ele>4.8</ele>
    <time>2026-05-16T09:30:46Z</time>
   </trkpt>
   <trkpt lat="51.4863590" lon="-0.2894340">
    <ele>4.8</ele>
    <time>2026-05-16T09:30:47Z</time>
   </trkpt>
   <trkpt lat="51.4863570" lon="-0.2894450">
    <ele>4.8</ele>
    <time>2026-05-16T09:30:48Z</time>
   </trkpt>
   <trkpt lat="51.4863560" lon="-0.2894560">
    <ele>4.8</ele>
    <time>2026-05-16T09:30:49Z</time>
   </trkpt>
   <trkpt lat="51.4863540" lon="-0.2894810">
    <ele>4.8</ele>
    <time>2026-05-16T09:30:50Z</time>
   </trkpt>
   <trkpt lat="51.4863510" lon="-0.2895090">
    <ele>4.8</ele>
    <time>2026-05-16T09:30:51Z</time>
   </trkpt>
   <trkpt lat="51.4863490" lon="-0.2895290">
    <ele>4.8</ele>
    <time>2026-05-16T09:30:52Z</time>
   </trkpt>
   <trkpt lat="51.4863490" lon="-0.2895400">
    <ele>4.8</ele>
    <time>2026-05-16T09:30:53Z</time>
   </trkpt>
   <trkpt lat="51.4863490" lon="-0.2895590">
    <ele>4.8</ele>
    <time>2026-05-16T09:30:54Z</time>
   </trkpt>
   <trkpt lat="51.4863440" lon="-0.2895940">
    <ele>4.8</ele>
    <time>2026-05-16T09:30:55Z</time>
   </trkpt>
   <trkpt lat="51.4863430" lon="-0.2896070">
    <ele>4.8</ele>
    <time>2026-05-16T09:30:56Z</time>
   </trkpt>
   <trkpt lat="51.4863410" lon="-0.2896210">
    <ele>4.8</ele>
    <time>2026-05-16T09:30:57Z</time>
   </trkpt>
   <trkpt lat="51.4863440" lon="-0.2896430">
    <ele>4.8</ele>
    <time>2026-05-16T09:30:58Z</time>
   </trkpt>
   <trkpt lat="51.4863380" lon="-0.2896610">
    <ele>4.8</ele>
    <time>2026-05-16T09:30:59Z</time>
   </trkpt>
   <trkpt lat="51.4863320" lon="-0.2896760">
    <ele>4.8</ele>
    <time>2026-05-16T09:31:00Z</time>
   </trkpt>
   <trkpt lat="51.4863310" lon="-0.2896960">
    <ele>4.8</ele>
    <time>2026-05-16T09:31:01Z</time>
   </trkpt>
   <trkpt lat="51.4863320" lon="-0.2897200">
    <ele>4.8</ele>
    <time>2026-05-16T09:31:02Z</time>
   </trkpt>
   <trkpt lat="51.4863270" lon="-0.2897510">
    <ele>4.8</ele>
    <time>2026-05-16T09:31:03Z</time>
   </trkpt>
   <trkpt lat="51.4863270" lon="-0.2897620">
    <ele>4.8</ele>
    <time>2026-05-16T09:31:04Z</time>
   </trkpt>
   <trkpt lat="51.4863270" lon="-0.2897740">
    <ele>4.8</ele>
    <time>2026-05-16T09:31:05Z</time>
   </trkpt>
   <trkpt lat="51.4863270" lon="-0.2897850">
    <ele>4.8</ele>
    <time>2026-05-16T09:31:06Z</time>
   </trkpt>
   <trkpt lat="51.4863160" lon="-0.2898170">
    <ele>4.8</ele>
    <time>2026-05-16T09:31:07Z</time>
   </trkpt>
   <trkpt lat="51.4863120" lon="-0.2898320">
    <ele>4.8</ele>
    <time>2026-05-16T09:31:08Z</time>
   </trkpt>
   <trkpt lat="51.4863080" lon="-0.2898480">
    <ele>4.8</ele>
    <time>2026-05-16T09:31:09Z</time>
   </trkpt>
   <trkpt lat="51.4863010" lon="-0.2898870">
    <ele>4.8</ele>
    <time>2026-05-16T09:31:10Z</time>
   </trkpt>
   <trkpt lat="51.4863000" lon="-0.2898970">
    <ele>4.8</ele>
    <time>2026-05-16T09:31:11Z</time>
   </trkpt>
   <trkpt lat="51.4862980" lon="-0.2899060">
    <ele>4.8</ele>
    <time>2026-05-16T09:31:12Z</time>
   </trkpt>
   <trkpt lat="51.4862950" lon="-0.2899300">
    <ele>4.8</ele>
    <time>2026-05-16T09:31:13Z</time>
   </trkpt>
   <trkpt lat="51.4862960" lon="-0.2899400">
    <ele>4.8</ele>
    <time>2026-05-16T09:31:14Z</time>
   </trkpt>
   <trkpt lat="51.4862960" lon="-0.2899640">
    <ele>4.8</ele>
    <time>2026-05-16T09:31:15Z</time>
   </trkpt>
   <trkpt lat="51.4862920" lon="-0.2899870">
    <ele>4.8</ele>
    <time>2026-05-16T09:31:16Z</time>
   </trkpt>
   <trkpt lat="51.4862870" lon="-0.2900100">
    <ele>4.8</ele>
    <time>2026-05-16T09:31:17Z</time>
   </trkpt>
   <trkpt lat="51.4862850" lon="-0.2900350">
    <ele>4.8</ele>
    <time>2026-05-16T09:31:18Z</time>
   </trkpt>
   <trkpt lat="51.4862790" lon="-0.2900530">
    <ele>4.8</ele>
    <time>2026-05-16T09:31:19Z</time>
   </trkpt>
   <trkpt lat="51.4862740" lon="-0.2900830">
    <ele>4.8</ele>
    <time>2026-05-16T09:31:20Z</time>
   </trkpt>
   <trkpt lat="51.4862680" lon="-0.2901020">
    <ele>4.8</ele>
    <time>2026-05-16T09:31:21Z</time>
   </trkpt>
   <trkpt lat="51.4862640" lon="-0.2901220">
    <ele>4.8</ele>
    <time>2026-05-16T09:31:22Z</time>
   </trkpt>
   <trkpt lat="51.4862630" lon="-0.2901350">
    <ele>4.8</ele>
    <time>2026-05-16T09:31:23Z</time>
   </trkpt>
   <trkpt lat="51.4862590" lon="-0.2901470">
    <ele>4.8</ele>
    <time>2026-05-16T09:31:24Z</time>
   </trkpt>
   <trkpt lat="51.4862550" lon="-0.2901800">
    <ele>4.8</ele>
    <time>2026-05-16T09:31:25Z</time>
   </trkpt>
   <trkpt lat="51.4862520" lon="-0.2901950">
    <ele>4.8</ele>
    <time>2026-05-16T09:31:26Z</time>
   </trkpt>
   <trkpt lat="51.4862490" lon="-0.2902090">
    <ele>4.8</ele>
    <time>2026-05-16T09:31:27Z</time>
   </trkpt>
   <trkpt lat="51.4862490" lon="-0.2902250">
    <ele>4.8</ele>
    <time>2026-05-16T09:31:28Z</time>
   </trkpt>
   <trkpt lat="51.4862460" lon="-0.2902370">
    <ele>4.8</ele>
    <time>2026-05-16T09:31:29Z</time>
   </trkpt>
   <trkpt lat="51.4862390" lon="-0.2902620">
    <ele>4.8</ele>
    <time>2026-05-16T09:31:30Z</time>
   </trkpt>
   <trkpt lat="51.4862330" lon="-0.2902850">
    <ele>4.8</ele>
    <time>2026-05-16T09:31:31Z</time>
   </trkpt>
   <trkpt lat="51.4862310" lon="-0.2903000">
    <ele>4.8</ele>
    <time>2026-05-16T09:31:32Z</time>
   </trkpt>
   <trkpt lat="51.4862260" lon="-0.2903160">
    <ele>4.8</ele>
    <time>2026-05-16T09:31:33Z</time>
   </trkpt>
   <trkpt lat="51.4862240" lon="-0.2903320">
    <ele>4.8</ele>
    <time>2026-05-16T09:31:34Z</time>
   </trkpt>
   <trkpt lat="51.4862200" lon="-0.2903500">
    <ele>4.8</ele>
    <time>2026-05-16T09:31:35Z</time>
   </trkpt>
   <trkpt lat="51.4862180" lon="-0.2903630">
    <ele>4.8</ele>
    <time>2026-05-16T09:31:36Z</time>
   </trkpt>
   <trkpt lat="51.4862120" lon="-0.2903940">
    <ele>4.8</ele>
    <time>2026-05-16T09:31:37Z</time>
   </trkpt>
   <trkpt lat="51.4862080" lon="-0.2904110">
    <ele>4.8</ele>
    <time>2026-05-16T09:31:38Z</time>
   </trkpt>
   <trkpt lat="51.4862050" lon="-0.2904270">
    <ele>4.8</ele>
    <time>2026-05-16T09:31:39Z</time>
   </trkpt>
   <trkpt lat="51.4862040" lon="-0.2904440">
    <ele>4.8</ele>
    <time>2026-05-16T09:31:40Z</time>
   </trkpt>
   <trkpt lat="51.4861970" lon="-0.2904560">
    <ele>4.8</ele>
    <time>2026-05-16T09:31:41Z</time>
   </trkpt>
   <trkpt lat="51.4861920" lon="-0.2904650">
    <ele>4.8</ele>
    <time>2026-05-16T09:31:42Z</time>
   </trkpt>
   <trkpt lat="51.4861820" lon="-0.2904940">
    <ele>4.8</ele>
    <time>2026-05-16T09:31:43Z</time>
   </trkpt>
   <trkpt lat="51.4861790" lon="-0.2905130">
    <ele>4.8</ele>
    <time>2026-05-16T09:31:44Z</time>
   </trkpt>
   <trkpt lat="51.4861770" lon="-0.2905330">
    <ele>4.8</ele>
    <time>2026-05-16T09:31:45Z</time>
   </trkpt>
   <trkpt lat="51.4861720" lon="-0.2905660">
    <ele>4.8</ele>
    <time>2026-05-16T09:31:46Z</time>
   </trkpt>
   <trkpt lat="51.4861690" lon="-0.2905880">
    <ele>4.8</ele>
    <time>2026-05-16T09:31:47Z</time>
   </trkpt>
   <trkpt lat="51.4861660" lon="-0.2906090">
    <ele>4.8</ele>
    <time>2026-05-16T09:31:48Z</time>
   </trkpt>
   <trkpt lat="51.4861670" lon="-0.2906380">
    <ele>4.8</ele>
    <time>2026-05-16T09:31:49Z</time>
   </trkpt>
   <trkpt lat="51.4861660" lon="-0.2906630">
    <ele>4.8</ele>
    <time>2026-05-16T09:31:50Z</time>
   </trkpt>
   <trkpt lat="51.4861590" lon="-0.2906870">
    <ele>4.7</ele>
    <time>2026-05-16T09:31:51Z</time>
   </trkpt>
   <trkpt lat="51.4861480" lon="-0.2907190">
    <ele>4.7</ele>
    <time>2026-05-16T09:31:52Z</time>
   </trkpt>
   <trkpt lat="51.4861440" lon="-0.2907330">
    <ele>4.7</ele>
    <time>2026-05-16T09:31:53Z</time>
   </trkpt>
   <trkpt lat="51.4861400" lon="-0.2907480">
    <ele>4.7</ele>
    <time>2026-05-16T09:31:54Z</time>
   </trkpt>
   <trkpt lat="51.4861370" lon="-0.2907630">
    <ele>4.7</ele>
    <time>2026-05-16T09:31:55Z</time>
   </trkpt>
   <trkpt lat="51.4861340" lon="-0.2907770">
    <ele>4.7</ele>
    <time>2026-05-16T09:31:56Z</time>
   </trkpt>
   <trkpt lat="51.4861330" lon="-0.2907920">
    <ele>4.7</ele>
    <time>2026-05-16T09:31:57Z</time>
   </trkpt>
   <trkpt lat="51.4861250" lon="-0.2908100">
    <ele>4.7</ele>
    <time>2026-05-16T09:31:58Z</time>
   </trkpt>
   <trkpt lat="51.4861180" lon="-0.2908310">
    <ele>4.7</ele>
    <time>2026-05-16T09:31:59Z</time>
   </trkpt>
   <trkpt lat="51.4861130" lon="-0.2908470">
    <ele>4.7</ele>
    <time>2026-05-16T09:32:00Z</time>
   </trkpt>
   <trkpt lat="51.4861110" lon="-0.2908570">
    <ele>4.7</ele>
    <time>2026-05-16T09:32:01Z</time>
   </trkpt>
   <trkpt lat="51.4861040" lon="-0.2908830">
    <ele>4.7</ele>
    <time>2026-05-16T09:32:02Z</time>
   </trkpt>
   <trkpt lat="51.4860980" lon="-0.2909060">
    <ele>4.7</ele>
    <time>2026-05-16T09:32:03Z</time>
   </trkpt>
   <trkpt lat="51.4860930" lon="-0.2909270">
    <ele>4.7</ele>
    <time>2026-05-16T09:32:04Z</time>
   </trkpt>
   <trkpt lat="51.4860880" lon="-0.2909430">
    <ele>4.7</ele>
    <time>2026-05-16T09:32:05Z</time>
   </trkpt>
   <trkpt lat="51.4860850" lon="-0.2909640">
    <ele>4.7</ele>
    <time>2026-05-16T09:32:06Z</time>
   </trkpt>
   <trkpt lat="51.4860810" lon="-0.2909810">
    <ele>4.7</ele>
    <time>2026-05-16T09:32:07Z</time>
   </trkpt>
   <trkpt lat="51.4860780" lon="-0.2910020">
    <ele>4.7</ele>
    <time>2026-05-16T09:32:08Z</time>
   </trkpt>
   <trkpt lat="51.4860740" lon="-0.2910290">
    <ele>4.7</ele>
    <time>2026-05-16T09:32:09Z</time>
   </trkpt>
   <trkpt lat="51.4860690" lon="-0.2910500">
    <ele>4.7</ele>
    <time>2026-05-16T09:32:10Z</time>
   </trkpt>
   <trkpt lat="51.4860630" lon="-0.2910750">
    <ele>4.7</ele>
    <time>2026-05-16T09:32:11Z</time>
   </trkpt>
   <trkpt lat="51.4860570" lon="-0.2910920">
    <ele>4.7</ele>
    <time>2026-05-16T09:32:12Z</time>
   </trkpt>
   <trkpt lat="51.4860560" lon="-0.2911080">
    <ele>4.7</ele>
    <time>2026-05-16T09:32:13Z</time>
   </trkpt>
   <trkpt lat="51.4860500" lon="-0.2911260">
    <ele>4.6</ele>
    <time>2026-05-16T09:32:14Z</time>
   </trkpt>
   <trkpt lat="51.4860420" lon="-0.2911570">
    <ele>4.6</ele>
    <time>2026-05-16T09:32:15Z</time>
   </trkpt>
   <trkpt lat="51.4860370" lon="-0.2911690">
    <ele>4.6</ele>
    <time>2026-05-16T09:32:16Z</time>
   </trkpt>
   <trkpt lat="51.4860330" lon="-0.2911820">
    <ele>4.6</ele>
    <time>2026-05-16T09:32:17Z</time>
   </trkpt>
   <trkpt lat="51.4860310" lon="-0.2912000">
    <ele>4.6</ele>
    <time>2026-05-16T09:32:18Z</time>
   </trkpt>
   <trkpt lat="51.4860260" lon="-0.2912180">
    <ele>4.6</ele>
    <time>2026-05-16T09:32:19Z</time>
   </trkpt>
   <trkpt lat="51.4860240" lon="-0.2912370">
    <ele>4.6</ele>
    <time>2026-05-16T09:32:20Z</time>
   </trkpt>
   <trkpt lat="51.4860210" lon="-0.2912610">
    <ele>4.6</ele>
    <time>2026-05-16T09:32:21Z</time>
   </trkpt>
   <trkpt lat="51.4860150" lon="-0.2912830">
    <ele>4.6</ele>
    <time>2026-05-16T09:32:22Z</time>
   </trkpt>
   <trkpt lat="51.4860110" lon="-0.2913190">
    <ele>4.6</ele>
    <time>2026-05-16T09:32:23Z</time>
   </trkpt>
   <trkpt lat="51.4860080" lon="-0.2913310">
    <ele>4.6</ele>
    <time>2026-05-16T09:32:24Z</time>
   </trkpt>
   <trkpt lat="51.4860050" lon="-0.2913430">
    <ele>4.6</ele>
    <time>2026-05-16T09:32:25Z</time>
   </trkpt>
   <trkpt lat="51.4859970" lon="-0.2913580">
    <ele>4.6</ele>
    <time>2026-05-16T09:32:26Z</time>
   </trkpt>
   <trkpt lat="51.4859870" lon="-0.2913850">
    <ele>4.6</ele>
    <time>2026-05-16T09:32:27Z</time>
   </trkpt>
   <trkpt lat="51.4859820" lon="-0.2914050">
    <ele>4.6</ele>
    <time>2026-05-16T09:32:28Z</time>
   </trkpt>
   <trkpt lat="51.4859830" lon="-0.2914220">
    <ele>4.6</ele>
    <time>2026-05-16T09:32:29Z</time>
   </trkpt>
   <trkpt lat="51.4859820" lon="-0.2914400">
    <ele>4.6</ele>
    <time>2026-05-16T09:32:30Z</time>
   </trkpt>
   <trkpt lat="51.4859690" lon="-0.2914710">
    <ele>4.6</ele>
    <time>2026-05-16T09:32:31Z</time>
   </trkpt>
   <trkpt lat="51.4859640" lon="-0.2914850">
    <ele>4.6</ele>
    <time>2026-05-16T09:32:32Z</time>
   </trkpt>
   <trkpt lat="51.4859580" lon="-0.2914980">
    <ele>4.6</ele>
    <time>2026-05-16T09:32:33Z</time>
   </trkpt>
   <trkpt lat="51.4859500" lon="-0.2915180">
    <ele>4.6</ele>
    <time>2026-05-16T09:32:34Z</time>
   </trkpt>
   <trkpt lat="51.4859430" lon="-0.2915330">
    <ele>4.6</ele>
    <time>2026-05-16T09:32:35Z</time>
   </trkpt>
   <trkpt lat="51.4859420" lon="-0.2915440">
    <ele>4.6</ele>
    <time>2026-05-16T09:32:36Z</time>
   </trkpt>
   <trkpt lat="51.4859400" lon="-0.2915550">
    <ele>4.6</ele>
    <time>2026-05-16T09:32:37Z</time>
   </trkpt>
   <trkpt lat="51.4859360" lon="-0.2915760">
    <ele>4.6</ele>
    <time>2026-05-16T09:32:38Z</time>
   </trkpt>
   <trkpt lat="51.4859290" lon="-0.2915980">
    <ele>4.6</ele>
    <time>2026-05-16T09:32:39Z</time>
   </trkpt>
   <trkpt lat="51.4859160" lon="-0.2916420">
    <ele>4.6</ele>
    <time>2026-05-16T09:32:40Z</time>
   </trkpt>
   <trkpt lat="51.4859140" lon="-0.2916540">
    <ele>4.6</ele>
    <time>2026-05-16T09:32:41Z</time>
   </trkpt>
   <trkpt lat="51.4859080" lon="-0.2916750">
    <ele>4.6</ele>
    <time>2026-05-16T09:32:42Z</time>
   </trkpt>
   <trkpt lat="51.4859020" lon="-0.2916970">
    <ele>4.6</ele>
    <time>2026-05-16T09:32:43Z</time>
   </trkpt>
   <trkpt lat="51.4858970" lon="-0.2917190">
    <ele>4.6</ele>
    <time>2026-05-16T09:32:44Z</time>
   </trkpt>
   <trkpt lat="51.4858890" lon="-0.2917410">
    <ele>4.6</ele>
    <time>2026-05-16T09:32:45Z</time>
   </trkpt>
   <trkpt lat="51.4858840" lon="-0.2917550">
    <ele>4.6</ele>
    <time>2026-05-16T09:32:46Z</time>
   </trkpt>
   <trkpt lat="51.4858810" lon="-0.2917730">
    <ele>4.6</ele>
    <time>2026-05-16T09:32:47Z</time>
   </trkpt>
   <trkpt lat="51.4858770" lon="-0.2917890">
    <ele>4.6</ele>
    <time>2026-05-16T09:32:48Z</time>
   </trkpt>
   <trkpt lat="51.4858730" lon="-0.2918150">
    <ele>4.6</ele>
    <time>2026-05-16T09:32:49Z</time>
   </trkpt>
   <trkpt lat="51.4858700" lon="-0.2918310">
    <ele>4.6</ele>
    <time>2026-05-16T09:32:50Z</time>
   </trkpt>
   <trkpt lat="51.4858670" lon="-0.2918460">
    <ele>4.6</ele>
    <time>2026-05-16T09:32:51Z</time>
   </trkpt>
   <trkpt lat="51.4858620" lon="-0.2918620">
    <ele>4.6</ele>
    <time>2026-05-16T09:32:52Z</time>
   </trkpt>
   <trkpt lat="51.4858570" lon="-0.2918750">
    <ele>4.5</ele>
    <time>2026-05-16T09:32:53Z</time>
   </trkpt>
   <trkpt lat="51.4858540" lon="-0.2918930">
    <ele>4.5</ele>
    <time>2026-05-16T09:32:54Z</time>
   </trkpt>
   <trkpt lat="51.4858540" lon="-0.2919010">
    <ele>4.5</ele>
    <time>2026-05-16T09:32:55Z</time>
   </trkpt>
   <trkpt lat="51.4858510" lon="-0.2919180">
    <ele>4.5</ele>
    <time>2026-05-16T09:32:56Z</time>
   </trkpt>
   <trkpt lat="51.4858460" lon="-0.2919380">
    <ele>4.5</ele>
    <time>2026-05-16T09:32:57Z</time>
   </trkpt>
   <trkpt lat="51.4858370" lon="-0.2919660">
    <ele>4.5</ele>
    <time>2026-05-16T09:32:58Z</time>
   </trkpt>
   <trkpt lat="51.4858330" lon="-0.2919880">
    <ele>4.5</ele>
    <time>2026-05-16T09:32:59Z</time>
   </trkpt>
   <trkpt lat="51.4858260" lon="-0.2920230">
    <ele>4.5</ele>
    <time>2026-05-16T09:33:00Z</time>
   </trkpt>
   <trkpt lat="51.4858220" lon="-0.2920370">
    <ele>4.5</ele>
    <time>2026-05-16T09:33:01Z</time>
   </trkpt>
   <trkpt lat="51.4858190" lon="-0.2920520">
    <ele>4.5</ele>
    <time>2026-05-16T09:33:02Z</time>
   </trkpt>
   <trkpt lat="51.4858130" lon="-0.2920670">
    <ele>4.5</ele>
    <time>2026-05-16T09:33:03Z</time>
   </trkpt>
   <trkpt lat="51.4858070" lon="-0.2920800">
    <ele>4.5</ele>
    <time>2026-05-16T09:33:04Z</time>
   </trkpt>
   <trkpt lat="51.4858010" lon="-0.2920990">
    <ele>4.5</ele>
    <time>2026-05-16T09:33:05Z</time>
   </trkpt>
   <trkpt lat="51.4857970" lon="-0.2921140">
    <ele>4.5</ele>
    <time>2026-05-16T09:33:06Z</time>
   </trkpt>
   <trkpt lat="51.4857910" lon="-0.2921260">
    <ele>4.5</ele>
    <time>2026-05-16T09:33:07Z</time>
   </trkpt>
   <trkpt lat="51.4857870" lon="-0.2921490">
    <ele>4.5</ele>
    <time>2026-05-16T09:33:08Z</time>
   </trkpt>
   <trkpt lat="51.4857860" lon="-0.2921760">
    <ele>4.5</ele>
    <time>2026-05-16T09:33:09Z</time>
   </trkpt>
   <trkpt lat="51.4857830" lon="-0.2922030">
    <ele>4.5</ele>
    <time>2026-05-16T09:33:10Z</time>
   </trkpt>
   <trkpt lat="51.4857780" lon="-0.2922230">
    <ele>4.5</ele>
    <time>2026-05-16T09:33:11Z</time>
   </trkpt>
   <trkpt lat="51.4857720" lon="-0.2922350">
    <ele>4.5</ele>
    <time>2026-05-16T09:33:12Z</time>
   </trkpt>
   <trkpt lat="51.4857680" lon="-0.2922540">
    <ele>4.5</ele>
    <time>2026-05-16T09:33:13Z</time>
   </trkpt>
   <trkpt lat="51.4857640" lon="-0.2922760">
    <ele>4.5</ele>
    <time>2026-05-16T09:33:14Z</time>
   </trkpt>
   <trkpt lat="51.4857580" lon="-0.2922990">
    <ele>4.5</ele>
    <time>2026-05-16T09:33:15Z</time>
   </trkpt>
   <trkpt lat="51.4857480" lon="-0.2923320">
    <ele>4.5</ele>
    <time>2026-05-16T09:33:16Z</time>
   </trkpt>
   <trkpt lat="51.4857420" lon="-0.2923460">
    <ele>4.5</ele>
    <time>2026-05-16T09:33:17Z</time>
   </trkpt>
   <trkpt lat="51.4857370" lon="-0.2923590">
    <ele>4.5</ele>
    <time>2026-05-16T09:33:18Z</time>
   </trkpt>
   <trkpt lat="51.4857330" lon="-0.2923790">
    <ele>4.5</ele>
    <time>2026-05-16T09:33:19Z</time>
   </trkpt>
   <trkpt lat="51.4857280" lon="-0.2924000">
    <ele>4.5</ele>
    <time>2026-05-16T09:33:20Z</time>
   </trkpt>
   <trkpt lat="51.4857180" lon="-0.2924300">
    <ele>4.5</ele>
    <time>2026-05-16T09:33:21Z</time>
   </trkpt>
   <trkpt lat="51.4857160" lon="-0.2924440">
    <ele>4.5</ele>
    <time>2026-05-16T09:33:22Z</time>
   </trkpt>
   <trkpt lat="51.4857140" lon="-0.2924570">
    <ele>4.5</ele>
    <time>2026-05-16T09:33:23Z</time>
   </trkpt>
   <trkpt lat="51.4857050" lon="-0.2924870">
    <ele>4.5</ele>
    <time>2026-05-16T09:33:24Z</time>
   </trkpt>
   <trkpt lat="51.4857020" lon="-0.2925010">
    <ele>4.5</ele>
    <time>2026-05-16T09:33:25Z</time>
   </trkpt>
   <trkpt lat="51.4856980" lon="-0.2925150">
    <ele>4.5</ele>
    <time>2026-05-16T09:33:26Z</time>
   </trkpt>
   <trkpt lat="51.4856970" lon="-0.2925320">
    <ele>4.5</ele>
    <time>2026-05-16T09:33:27Z</time>
   </trkpt>
   <trkpt lat="51.4856940" lon="-0.2925490">
    <ele>4.5</ele>
    <time>2026-05-16T09:33:28Z</time>
   </trkpt>
   <trkpt lat="51.4856870" lon="-0.2925680">
    <ele>4.5</ele>
    <time>2026-05-16T09:33:29Z</time>
   </trkpt>
   <trkpt lat="51.4856840" lon="-0.2925850">
    <ele>4.5</ele>
    <time>2026-05-16T09:33:30Z</time>
   </trkpt>
   <trkpt lat="51.4856780" lon="-0.2926110">
    <ele>4.5</ele>
    <time>2026-05-16T09:33:31Z</time>
   </trkpt>
   <trkpt lat="51.4856720" lon="-0.2926320">
    <ele>4.5</ele>
    <time>2026-05-16T09:33:32Z</time>
   </trkpt>
   <trkpt lat="51.4856660" lon="-0.2926570">
    <ele>4.5</ele>
    <time>2026-05-16T09:33:33Z</time>
   </trkpt>
   <trkpt lat="51.4856630" lon="-0.2926720">
    <ele>4.5</ele>
    <time>2026-05-16T09:33:34Z</time>
   </trkpt>
   <trkpt lat="51.4856610" lon="-0.2926880">
    <ele>4.5</ele>
    <time>2026-05-16T09:33:35Z</time>
   </trkpt>
   <trkpt lat="51.4856560" lon="-0.2927090">
    <ele>4.5</ele>
    <time>2026-05-16T09:33:36Z</time>
   </trkpt>
   <trkpt lat="51.4856490" lon="-0.2927320">
    <ele>4.5</ele>
    <time>2026-05-16T09:33:37Z</time>
   </trkpt>
   <trkpt lat="51.4856430" lon="-0.2927530">
    <ele>4.5</ele>
    <time>2026-05-16T09:33:38Z</time>
   </trkpt>
   <trkpt lat="51.4856380" lon="-0.2927710">
    <ele>4.5</ele>
    <time>2026-05-16T09:33:39Z</time>
   </trkpt>
   <trkpt lat="51.4856370" lon="-0.2927910">
    <ele>4.5</ele>
    <time>2026-05-16T09:33:40Z</time>
   </trkpt>
   <trkpt lat="51.4856370" lon="-0.2928090">
    <ele>4.5</ele>
    <time>2026-05-16T09:33:41Z</time>
   </trkpt>
   <trkpt lat="51.4856310" lon="-0.2928270">
    <ele>4.5</ele>
    <time>2026-05-16T09:33:42Z</time>
   </trkpt>
   <trkpt lat="51.4856230" lon="-0.2928490">
    <ele>4.5</ele>
    <time>2026-05-16T09:33:43Z</time>
   </trkpt>
   <trkpt lat="51.4856160" lon="-0.2928820">
    <ele>4.5</ele>
    <time>2026-05-16T09:33:44Z</time>
   </trkpt>
   <trkpt lat="51.4856130" lon="-0.2928950">
    <ele>4.5</ele>
    <time>2026-05-16T09:33:45Z</time>
   </trkpt>
   <trkpt lat="51.4856100" lon="-0.2929080">
    <ele>4.5</ele>
    <time>2026-05-16T09:33:46Z</time>
   </trkpt>
   <trkpt lat="51.4856040" lon="-0.2929270">
    <ele>4.5</ele>
    <time>2026-05-16T09:33:47Z</time>
   </trkpt>
   <trkpt lat="51.4855990" lon="-0.2929400">
    <ele>4.5</ele>
    <time>2026-05-16T09:33:48Z</time>
   </trkpt>
   <trkpt lat="51.4855950" lon="-0.2929590">
    <ele>4.4</ele>
    <time>2026-05-16T09:33:49Z</time>
   </trkpt>
   <trkpt lat="51.4855880" lon="-0.2929920">
    <ele>4.4</ele>
    <time>2026-05-16T09:33:50Z</time>
   </trkpt>
   <trkpt lat="51.4855860" lon="-0.2930060">
    <ele>4.4</ele>
    <time>2026-05-16T09:33:51Z</time>
   </trkpt>
   <trkpt lat="51.4855830" lon="-0.2930190">
    <ele>4.4</ele>
    <time>2026-05-16T09:33:52Z</time>
   </trkpt>
   <trkpt lat="51.4855760" lon="-0.2930440">
    <ele>4.4</ele>
    <time>2026-05-16T09:33:53Z</time>
   </trkpt>
   <trkpt lat="51.4855690" lon="-0.2930700">
    <ele>4.4</ele>
    <time>2026-05-16T09:33:54Z</time>
   </trkpt>
   <trkpt lat="51.4855640" lon="-0.2930940">
    <ele>4.4</ele>
    <time>2026-05-16T09:33:55Z</time>
   </trkpt>
   <trkpt lat="51.4855580" lon="-0.2931140">
    <ele>4.4</ele>
    <time>2026-05-16T09:33:56Z</time>
   </trkpt>
   <trkpt lat="51.4855560" lon="-0.2931360">
    <ele>4.4</ele>
    <time>2026-05-16T09:33:57Z</time>
   </trkpt>
   <trkpt lat="51.4855480" lon="-0.2931570">
    <ele>4.4</ele>
    <time>2026-05-16T09:33:58Z</time>
   </trkpt>
   <trkpt lat="51.4855420" lon="-0.2931900">
    <ele>4.4</ele>
    <time>2026-05-16T09:33:59Z</time>
   </trkpt>
   <trkpt lat="51.4855390" lon="-0.2932040">
    <ele>4.4</ele>
    <time>2026-05-16T09:34:00Z</time>
   </trkpt>
   <trkpt lat="51.4855370" lon="-0.2932170">
    <ele>4.4</ele>
    <time>2026-05-16T09:34:01Z</time>
   </trkpt>
   <trkpt lat="51.4855270" lon="-0.2932500">
    <ele>4.4</ele>
    <time>2026-05-16T09:34:02Z</time>
   </trkpt>
   <trkpt lat="51.4855250" lon="-0.2932650">
    <ele>4.4</ele>
    <time>2026-05-16T09:34:03Z</time>
   </trkpt>
   <trkpt lat="51.4855230" lon="-0.2932790">
    <ele>4.4</ele>
    <time>2026-05-16T09:34:04Z</time>
   </trkpt>
   <trkpt lat="51.4855200" lon="-0.2933020">
    <ele>4.4</ele>
    <time>2026-05-16T09:34:05Z</time>
   </trkpt>
   <trkpt lat="51.4855110" lon="-0.2933220">
    <ele>4.4</ele>
    <time>2026-05-16T09:34:06Z</time>
   </trkpt>
   <trkpt lat="51.4855050" lon="-0.2933400">
    <ele>4.4</ele>
    <time>2026-05-16T09:34:07Z</time>
   </trkpt>
   <trkpt lat="51.4854990" lon="-0.2933610">
    <ele>4.4</ele>
    <time>2026-05-16T09:34:08Z</time>
   </trkpt>
   <trkpt lat="51.4854890" lon="-0.2933800">
    <ele>4.4</ele>
    <time>2026-05-16T09:34:09Z</time>
   </trkpt>
   <trkpt lat="51.4854790" lon="-0.2934010">
    <ele>4.4</ele>
    <time>2026-05-16T09:34:10Z</time>
   </trkpt>
   <trkpt lat="51.4854730" lon="-0.2934350">
    <ele>4.4</ele>
    <time>2026-05-16T09:34:11Z</time>
   </trkpt>
   <trkpt lat="51.4854710" lon="-0.2934490">
    <ele>4.4</ele>
    <time>2026-05-16T09:34:12Z</time>
   </trkpt>
   <trkpt lat="51.4854680" lon="-0.2934630">
    <ele>4.4</ele>
    <time>2026-05-16T09:34:13Z</time>
   </trkpt>
   <trkpt lat="51.4854600" lon="-0.2934960">
    <ele>4.4</ele>
    <time>2026-05-16T09:34:14Z</time>
   </trkpt>
   <trkpt lat="51.4854560" lon="-0.2935090">
    <ele>4.4</ele>
    <time>2026-05-16T09:34:15Z</time>
   </trkpt>
   <trkpt lat="51.4854530" lon="-0.2935220">
    <ele>4.4</ele>
    <time>2026-05-16T09:34:16Z</time>
   </trkpt>
   <trkpt lat="51.4854470" lon="-0.2935560">
    <ele>4.4</ele>
    <time>2026-05-16T09:34:17Z</time>
   </trkpt>
   <trkpt lat="51.4854470" lon="-0.2935710">
    <ele>4.4</ele>
    <time>2026-05-16T09:34:18Z</time>
   </trkpt>
   <trkpt lat="51.4854460" lon="-0.2935860">
    <ele>4.4</ele>
    <time>2026-05-16T09:34:19Z</time>
   </trkpt>
   <trkpt lat="51.4854360" lon="-0.2936180">
    <ele>4.4</ele>
    <time>2026-05-16T09:34:20Z</time>
   </trkpt>
   <trkpt lat="51.4854320" lon="-0.2936310">
    <ele>4.4</ele>
    <time>2026-05-16T09:34:21Z</time>
   </trkpt>
   <trkpt lat="51.4854270" lon="-0.2936430">
    <ele>4.4</ele>
    <time>2026-05-16T09:34:22Z</time>
   </trkpt>
   <trkpt lat="51.4854190" lon="-0.2936610">
    <ele>4.4</ele>
    <time>2026-05-16T09:34:23Z</time>
   </trkpt>
   <trkpt lat="51.4854130" lon="-0.2936820">
    <ele>4.4</ele>
    <time>2026-05-16T09:34:24Z</time>
   </trkpt>
   <trkpt lat="51.4854040" lon="-0.2936990">
    <ele>4.4</ele>
    <time>2026-05-16T09:34:25Z</time>
   </trkpt>
   <trkpt lat="51.4853980" lon="-0.2937210">
    <ele>4.4</ele>
    <time>2026-05-16T09:34:26Z</time>
   </trkpt>
   <trkpt lat="51.4853890" lon="-0.2937410">
    <ele>4.4</ele>
    <time>2026-05-16T09:34:27Z</time>
   </trkpt>
   <trkpt lat="51.4853840" lon="-0.2937610">
    <ele>4.4</ele>
    <time>2026-05-16T09:34:28Z</time>
   </trkpt>
   <trkpt lat="51.4853790" lon="-0.2937950">
    <ele>4.4</ele>
    <time>2026-05-16T09:34:29Z</time>
   </trkpt>
   <trkpt lat="51.4853770" lon="-0.2938100">
    <ele>4.4</ele>
    <time>2026-05-16T09:34:30Z</time>
   </trkpt>
   <trkpt lat="51.4853760" lon="-0.2938240">
    <ele>4.4</ele>
    <time>2026-05-16T09:34:31Z</time>
   </trkpt>
   <trkpt lat="51.4853690" lon="-0.2938560">
    <ele>4.4</ele>
    <time>2026-05-16T09:34:32Z</time>
   </trkpt>
   <trkpt lat="51.4853650" lon="-0.2938700">
    <ele>4.4</ele>
    <time>2026-05-16T09:34:33Z</time>
   </trkpt>
   <trkpt lat="51.4853620" lon="-0.2938840">
    <ele>4.4</ele>
    <time>2026-05-16T09:34:34Z</time>
   </trkpt>
   <trkpt lat="51.4853560" lon="-0.2939020">
    <ele>4.4</ele>
    <time>2026-05-16T09:34:35Z</time>
   </trkpt>
   <trkpt lat="51.4853530" lon="-0.2939250">
    <ele>4.4</ele>
    <time>2026-05-16T09:34:36Z</time>
   </trkpt>
   <trkpt lat="51.4853420" lon="-0.2939550">
    <ele>4.4</ele>
    <time>2026-05-16T09:34:37Z</time>
   </trkpt>
   <trkpt lat="51.4853380" lon="-0.2939670">
    <ele>4.4</ele>
    <time>2026-05-16T09:34:38Z</time>
   </trkpt>
   <trkpt lat="51.4853350" lon="-0.2939800">
    <ele>4.4</ele>
    <time>2026-05-16T09:34:39Z</time>
   </trkpt>
   <trkpt lat="51.4853230" lon="-0.2940090">
    <ele>4.4</ele>
    <time>2026-05-16T09:34:40Z</time>
   </trkpt>
   <trkpt lat="51.4853180" lon="-0.2940210">
    <ele>4.4</ele>
    <time>2026-05-16T09:34:41Z</time>
   </trkpt>
   <trkpt lat="51.4853140" lon="-0.2940330">
    <ele>4.4</ele>
    <time>2026-05-16T09:34:42Z</time>
   </trkpt>
   <trkpt lat="51.4853080" lon="-0.2940670">
    <ele>4.4</ele>
    <time>2026-05-16T09:34:43Z</time>
   </trkpt>
   <trkpt lat="51.4853040" lon="-0.2940800">
    <ele>4.4</ele>
    <time>2026-05-16T09:34:44Z</time>
   </trkpt>
   <trkpt lat="51.4853000" lon="-0.2940930">
    <ele>4.4</ele>
    <time>2026-05-16T09:34:45Z</time>
   </trkpt>
   <trkpt lat="51.4852900" lon="-0.2941220">
    <ele>4.4</ele>
    <time>2026-05-16T09:34:46Z</time>
   </trkpt>
   <trkpt lat="51.4852850" lon="-0.2941350">
    <ele>4.4</ele>
    <time>2026-05-16T09:34:47Z</time>
   </trkpt>
   <trkpt lat="51.4852810" lon="-0.2941470">
    <ele>4.4</ele>
    <time>2026-05-16T09:34:48Z</time>
   </trkpt>
   <trkpt lat="51.4852710" lon="-0.2941770">
    <ele>4.4</ele>
    <time>2026-05-16T09:34:49Z</time>
   </trkpt>
   <trkpt lat="51.4852670" lon="-0.2941890">
    <ele>4.4</ele>
    <time>2026-05-16T09:34:50Z</time>
   </trkpt>
   <trkpt lat="51.4852630" lon="-0.2942000">
    <ele>4.4</ele>
    <time>2026-05-16T09:34:51Z</time>
   </trkpt>
   <trkpt lat="51.4852470" lon="-0.2942210">
    <ele>4.4</ele>
    <time>2026-05-16T09:34:52Z</time>
   </trkpt>
   <trkpt lat="51.4852420" lon="-0.2942320">
    <ele>4.4</ele>
    <time>2026-05-16T09:34:53Z</time>
   </trkpt>
   <trkpt lat="51.4852360" lon="-0.2942420">
    <ele>4.4</ele>
    <time>2026-05-16T09:34:54Z</time>
   </trkpt>
   <trkpt lat="51.4852220" lon="-0.2942660">
    <ele>4.4</ele>
    <time>2026-05-16T09:34:55Z</time>
   </trkpt>
   <trkpt lat="51.4852180" lon="-0.2942780">
    <ele>4.4</ele>
    <time>2026-05-16T09:34:56Z</time>
   </trkpt>
   <trkpt lat="51.4852130" lon="-0.2942890">
    <ele>4.4</ele>
    <time>2026-05-16T09:34:57Z</time>
   </trkpt>
   <trkpt lat="51.4852010" lon="-0.2943190">
    <ele>4.5</ele>
    <time>2026-05-16T09:34:58Z</time>
   </trkpt>
   <trkpt lat="51.4851960" lon="-0.2943330">
    <ele>4.5</ele>
    <time>2026-05-16T09:34:59Z</time>
   </trkpt>
   <trkpt lat="51.4851900" lon="-0.2943460">
    <ele>4.5</ele>
    <time>2026-05-16T09:35:00Z</time>
   </trkpt>
   <trkpt lat="51.4851890" lon="-0.2943630">
    <ele>4.5</ele>
    <time>2026-05-16T09:35:01Z</time>
   </trkpt>
   <trkpt lat="51.4851830" lon="-0.2943800">
    <ele>4.5</ele>
    <time>2026-05-16T09:35:02Z</time>
   </trkpt>
   <trkpt lat="51.4851720" lon="-0.2943920">
    <ele>4.5</ele>
    <time>2026-05-16T09:35:03Z</time>
   </trkpt>
   <trkpt lat="51.4851620" lon="-0.2944210">
    <ele>4.5</ele>
    <time>2026-05-16T09:35:04Z</time>
   </trkpt>
   <trkpt lat="51.4851590" lon="-0.2944340">
    <ele>4.5</ele>
    <time>2026-05-16T09:35:05Z</time>
   </trkpt>
   <trkpt lat="51.4851560" lon="-0.2944480">
    <ele>4.5</ele>
    <time>2026-05-16T09:35:06Z</time>
   </trkpt>
   <trkpt lat="51.4851500" lon="-0.2944670">
    <ele>4.5</ele>
    <time>2026-05-16T09:35:07Z</time>
   </trkpt>
   <trkpt lat="51.4851450" lon="-0.2944810">
    <ele>4.5</ele>
    <time>2026-05-16T09:35:08Z</time>
   </trkpt>
   <trkpt lat="51.4851400" lon="-0.2944970">
    <ele>4.5</ele>
    <time>2026-05-16T09:35:09Z</time>
   </trkpt>
   <trkpt lat="51.4851220" lon="-0.2945140">
    <ele>4.5</ele>
    <time>2026-05-16T09:35:10Z</time>
   </trkpt>
   <trkpt lat="51.4851150" lon="-0.2945240">
    <ele>4.5</ele>
    <time>2026-05-16T09:35:11Z</time>
   </trkpt>
   <trkpt lat="51.4851080" lon="-0.2945330">
    <ele>4.5</ele>
    <time>2026-05-16T09:35:12Z</time>
   </trkpt>
   <trkpt lat="51.4850950" lon="-0.2945640">
    <ele>4.5</ele>
    <time>2026-05-16T09:35:13Z</time>
   </trkpt>
   <trkpt lat="51.4850890" lon="-0.2945760">
    <ele>4.5</ele>
    <time>2026-05-16T09:35:14Z</time>
   </trkpt>
   <trkpt lat="51.4850840" lon="-0.2945890">
    <ele>4.5</ele>
    <time>2026-05-16T09:35:15Z</time>
   </trkpt>
   <trkpt lat="51.4850700" lon="-0.2946170">
    <ele>4.5</ele>
    <time>2026-05-16T09:35:16Z</time>
   </trkpt>
   <trkpt lat="51.4850660" lon="-0.2946300">
    <ele>4.5</ele>
    <time>2026-05-16T09:35:17Z</time>
   </trkpt>
   <trkpt lat="51.4850620" lon="-0.2946420">
    <ele>4.5</ele>
    <time>2026-05-16T09:35:18Z</time>
   </trkpt>
   <trkpt lat="51.4850470" lon="-0.2946690">
    <ele>4.5</ele>
    <time>2026-05-16T09:35:19Z</time>
   </trkpt>
   <trkpt lat="51.4850400" lon="-0.2946780">
    <ele>4.5</ele>
    <time>2026-05-16T09:35:20Z</time>
   </trkpt>
   <trkpt lat="51.4850330" lon="-0.2946880">
    <ele>4.5</ele>
    <time>2026-05-16T09:35:21Z</time>
   </trkpt>
   <trkpt lat="51.4850270" lon="-0.2947110">
    <ele>4.5</ele>
    <time>2026-05-16T09:35:22Z</time>
   </trkpt>
   <trkpt lat="51.4850200" lon="-0.2947290">
    <ele>4.5</ele>
    <time>2026-05-16T09:35:23Z</time>
   </trkpt>
   <trkpt lat="51.4850120" lon="-0.2947470">
    <ele>4.5</ele>
    <time>2026-05-16T09:35:24Z</time>
   </trkpt>
   <trkpt lat="51.4850030" lon="-0.2947640">
    <ele>4.5</ele>
    <time>2026-05-16T09:35:25Z</time>
   </trkpt>
   <trkpt lat="51.4849940" lon="-0.2947790">
    <ele>4.5</ele>
    <time>2026-05-16T09:35:26Z</time>
   </trkpt>
   <trkpt lat="51.4849870" lon="-0.2947980">
    <ele>4.5</ele>
    <time>2026-05-16T09:35:27Z</time>
   </trkpt>
   <trkpt lat="51.4849820" lon="-0.2948220">
    <ele>4.5</ele>
    <time>2026-05-16T09:35:28Z</time>
   </trkpt>
   <trkpt lat="51.4849720" lon="-0.2948370">
    <ele>4.4</ele>
    <time>2026-05-16T09:35:29Z</time>
   </trkpt>
   <trkpt lat="51.4849570" lon="-0.2948650">
    <ele>4.4</ele>
    <time>2026-05-16T09:35:30Z</time>
   </trkpt>
   <trkpt lat="51.4849500" lon="-0.2948750">
    <ele>4.4</ele>
    <time>2026-05-16T09:35:31Z</time>
   </trkpt>
   <trkpt lat="51.4849440" lon="-0.2948850">
    <ele>4.4</ele>
    <time>2026-05-16T09:35:32Z</time>
   </trkpt>
   <trkpt lat="51.4849320" lon="-0.2949020">
    <ele>4.4</ele>
    <time>2026-05-16T09:35:33Z</time>
   </trkpt>
   <trkpt lat="51.4849260" lon="-0.2949230">
    <ele>4.4</ele>
    <time>2026-05-16T09:35:34Z</time>
   </trkpt>
   <trkpt lat="51.4849170" lon="-0.2949400">
    <ele>4.4</ele>
    <time>2026-05-16T09:35:35Z</time>
   </trkpt>
   <trkpt lat="51.4849110" lon="-0.2949620">
    <ele>4.4</ele>
    <time>2026-05-16T09:35:36Z</time>
   </trkpt>
   <trkpt lat="51.4848960" lon="-0.2949890">
    <ele>4.4</ele>
    <time>2026-05-16T09:35:37Z</time>
   </trkpt>
   <trkpt lat="51.4848900" lon="-0.2949990">
    <ele>4.4</ele>
    <time>2026-05-16T09:35:38Z</time>
   </trkpt>
   <trkpt lat="51.4848840" lon="-0.2950100">
    <ele>4.4</ele>
    <time>2026-05-16T09:35:39Z</time>
   </trkpt>
   <trkpt lat="51.4848740" lon="-0.2950410">
    <ele>4.4</ele>
    <time>2026-05-16T09:35:40Z</time>
   </trkpt>
   <trkpt lat="51.4848680" lon="-0.2950530">
    <ele>4.4</ele>
    <time>2026-05-16T09:35:41Z</time>
   </trkpt>
   <trkpt lat="51.4848630" lon="-0.2950650">
    <ele>4.4</ele>
    <time>2026-05-16T09:35:42Z</time>
   </trkpt>
   <trkpt lat="51.4848540" lon="-0.2950830">
    <ele>4.4</ele>
    <time>2026-05-16T09:35:43Z</time>
   </trkpt>
   <trkpt lat="51.4848430" lon="-0.2951010">
    <ele>4.4</ele>
    <time>2026-05-16T09:35:44Z</time>
   </trkpt>
   <trkpt lat="51.4848260" lon="-0.2951220">
    <ele>4.4</ele>
    <time>2026-05-16T09:35:45Z</time>
   </trkpt>
   <trkpt lat="51.4848190" lon="-0.2951320">
    <ele>4.4</ele>
    <time>2026-05-16T09:35:46Z</time>
   </trkpt>
   <trkpt lat="51.4848130" lon="-0.2951410">
    <ele>4.4</ele>
    <time>2026-05-16T09:35:47Z</time>
   </trkpt>
   <trkpt lat="51.4848000" lon="-0.2951680">
    <ele>4.4</ele>
    <time>2026-05-16T09:35:48Z</time>
   </trkpt>
   <trkpt lat="51.4847950" lon="-0.2951810">
    <ele>4.4</ele>
    <time>2026-05-16T09:35:49Z</time>
   </trkpt>
   <trkpt lat="51.4847910" lon="-0.2951930">
    <ele>4.4</ele>
    <time>2026-05-16T09:35:50Z</time>
   </trkpt>
   <trkpt lat="51.4847800" lon="-0.2952100">
    <ele>4.4</ele>
    <time>2026-05-16T09:35:51Z</time>
   </trkpt>
   <trkpt lat="51.4847700" lon="-0.2952250">
    <ele>4.4</ele>
    <time>2026-05-16T09:35:52Z</time>
   </trkpt>
   <trkpt lat="51.4847580" lon="-0.2952550">
    <ele>4.4</ele>
    <time>2026-05-16T09:35:53Z</time>
   </trkpt>
   <trkpt lat="51.4847520" lon="-0.2952670">
    <ele>4.4</ele>
    <time>2026-05-16T09:35:54Z</time>
   </trkpt>
   <trkpt lat="51.4847470" lon="-0.2952780">
    <ele>4.4</ele>
    <time>2026-05-16T09:35:55Z</time>
   </trkpt>
   <trkpt lat="51.4847390" lon="-0.2952960">
    <ele>4.4</ele>
    <time>2026-05-16T09:35:56Z</time>
   </trkpt>
   <trkpt lat="51.4847270" lon="-0.2953090">
    <ele>4.4</ele>
    <time>2026-05-16T09:35:57Z</time>
   </trkpt>
   <trkpt lat="51.4847180" lon="-0.2953370">
    <ele>4.4</ele>
    <time>2026-05-16T09:35:58Z</time>
   </trkpt>
   <trkpt lat="51.4847140" lon="-0.2953500">
    <ele>4.4</ele>
    <time>2026-05-16T09:35:59Z</time>
   </trkpt>
   <trkpt lat="51.4847100" lon="-0.2953620">
    <ele>4.4</ele>
    <time>2026-05-16T09:36:00Z</time>
   </trkpt>
   <trkpt lat="51.4846990" lon="-0.2953890">
    <ele>4.4</ele>
    <time>2026-05-16T09:36:01Z</time>
   </trkpt>
   <trkpt lat="51.4846930" lon="-0.2954000">
    <ele>4.4</ele>
    <time>2026-05-16T09:36:02Z</time>
   </trkpt>
   <trkpt lat="51.4846880" lon="-0.2954100">
    <ele>4.4</ele>
    <time>2026-05-16T09:36:03Z</time>
   </trkpt>
   <trkpt lat="51.4846720" lon="-0.2954350">
    <ele>4.4</ele>
    <time>2026-05-16T09:36:04Z</time>
   </trkpt>
   <trkpt lat="51.4846660" lon="-0.2954440">
    <ele>4.4</ele>
    <time>2026-05-16T09:36:05Z</time>
   </trkpt>
   <trkpt lat="51.4846590" lon="-0.2954540">
    <ele>4.4</ele>
    <time>2026-05-16T09:36:06Z</time>
   </trkpt>
   <trkpt lat="51.4846450" lon="-0.2954620">
    <ele>4.4</ele>
    <time>2026-05-16T09:36:07Z</time>
   </trkpt>
   <trkpt lat="51.4846330" lon="-0.2954740">
    <ele>4.4</ele>
    <time>2026-05-16T09:36:08Z</time>
   </trkpt>
   <trkpt lat="51.4846230" lon="-0.2954910">
    <ele>4.4</ele>
    <time>2026-05-16T09:36:09Z</time>
   </trkpt>
   <trkpt lat="51.4846160" lon="-0.2955080">
    <ele>4.4</ele>
    <time>2026-05-16T09:36:10Z</time>
   </trkpt>
   <trkpt lat="51.4846050" lon="-0.2955380">
    <ele>4.4</ele>
    <time>2026-05-16T09:36:11Z</time>
   </trkpt>
   <trkpt lat="51.4846020" lon="-0.2955500">
    <ele>4.4</ele>
    <time>2026-05-16T09:36:12Z</time>
   </trkpt>
   <trkpt lat="51.4845980" lon="-0.2955620">
    <ele>4.4</ele>
    <time>2026-05-16T09:36:13Z</time>
   </trkpt>
   <trkpt lat="51.4845860" lon="-0.2955710">
    <ele>4.4</ele>
    <time>2026-05-16T09:36:14Z</time>
   </trkpt>
   <trkpt lat="51.4845770" lon="-0.2955840">
    <ele>4.4</ele>
    <time>2026-05-16T09:36:15Z</time>
   </trkpt>
   <trkpt lat="51.4845690" lon="-0.2955950">
    <ele>4.4</ele>
    <time>2026-05-16T09:36:16Z</time>
   </trkpt>
   <trkpt lat="51.4845520" lon="-0.2956170">
    <ele>4.4</ele>
    <time>2026-05-16T09:36:17Z</time>
   </trkpt>
   <trkpt lat="51.4845460" lon="-0.2956260">
    <ele>4.4</ele>
    <time>2026-05-16T09:36:18Z</time>
   </trkpt>
   <trkpt lat="51.4845400" lon="-0.2956350">
    <ele>4.4</ele>
    <time>2026-05-16T09:36:19Z</time>
   </trkpt>
   <trkpt lat="51.4845260" lon="-0.2956580">
    <ele>4.4</ele>
    <time>2026-05-16T09:36:20Z</time>
   </trkpt>
   <trkpt lat="51.4845210" lon="-0.2956690">
    <ele>4.4</ele>
    <time>2026-05-16T09:36:21Z</time>
   </trkpt>
   <trkpt lat="51.4845160" lon="-0.2956790">
    <ele>4.4</ele>
    <time>2026-05-16T09:36:22Z</time>
   </trkpt>
   <trkpt lat="51.4845100" lon="-0.2956990">
    <ele>4.4</ele>
    <time>2026-05-16T09:36:23Z</time>
   </trkpt>
   <trkpt lat="51.4845000" lon="-0.2957150">
    <ele>4.4</ele>
    <time>2026-05-16T09:36:24Z</time>
   </trkpt>
   <trkpt lat="51.4844820" lon="-0.2957380">
    <ele>4.5</ele>
    <time>2026-05-16T09:36:25Z</time>
   </trkpt>
   <trkpt lat="51.4844750" lon="-0.2957460">
    <ele>4.5</ele>
    <time>2026-05-16T09:36:26Z</time>
   </trkpt>
   <trkpt lat="51.4844670" lon="-0.2957540">
    <ele>4.5</ele>
    <time>2026-05-16T09:36:27Z</time>
   </trkpt>
   <trkpt lat="51.4844550" lon="-0.2957800">
    <ele>4.5</ele>
    <time>2026-05-16T09:36:28Z</time>
   </trkpt>
   <trkpt lat="51.4844500" lon="-0.2957930">
    <ele>4.5</ele>
    <time>2026-05-16T09:36:29Z</time>
   </trkpt>
   <trkpt lat="51.4844460" lon="-0.2958050">
    <ele>4.5</ele>
    <time>2026-05-16T09:36:30Z</time>
   </trkpt>
   <trkpt lat="51.4844360" lon="-0.2958180">
    <ele>4.5</ele>
    <time>2026-05-16T09:36:31Z</time>
   </trkpt>
   <trkpt lat="51.4844240" lon="-0.2958310">
    <ele>4.5</ele>
    <time>2026-05-16T09:36:32Z</time>
   </trkpt>
   <trkpt lat="51.4844100" lon="-0.2958540">
    <ele>4.5</ele>
    <time>2026-05-16T09:36:33Z</time>
   </trkpt>
   <trkpt lat="51.4844020" lon="-0.2958630">
    <ele>4.5</ele>
    <time>2026-05-16T09:36:34Z</time>
   </trkpt>
   <trkpt lat="51.4843950" lon="-0.2958710">
    <ele>4.5</ele>
    <time>2026-05-16T09:36:35Z</time>
   </trkpt>
   <trkpt lat="51.4843870" lon="-0.2958920">
    <ele>4.5</ele>
    <time>2026-05-16T09:36:36Z</time>
   </trkpt>
   <trkpt lat="51.4843780" lon="-0.2959050">
    <ele>4.5</ele>
    <time>2026-05-16T09:36:37Z</time>
   </trkpt>
   <trkpt lat="51.4843630" lon="-0.2959280">
    <ele>4.5</ele>
    <time>2026-05-16T09:36:38Z</time>
   </trkpt>
   <trkpt lat="51.4843570" lon="-0.2959350">
    <ele>4.5</ele>
    <time>2026-05-16T09:36:39Z</time>
   </trkpt>
   <trkpt lat="51.4843500" lon="-0.2959430">
    <ele>4.5</ele>
    <time>2026-05-16T09:36:40Z</time>
   </trkpt>
   <trkpt lat="51.4843410" lon="-0.2959510">
    <ele>4.5</ele>
    <time>2026-05-16T09:36:41Z</time>
   </trkpt>
   <trkpt lat="51.4843360" lon="-0.2959640">
    <ele>4.5</ele>
    <time>2026-05-16T09:36:42Z</time>
   </trkpt>
   <trkpt lat="51.4843280" lon="-0.2959740">
    <ele>4.5</ele>
    <time>2026-05-16T09:36:43Z</time>
   </trkpt>
   <trkpt lat="51.4843190" lon="-0.2959870">
    <ele>4.5</ele>
    <time>2026-05-16T09:36:44Z</time>
   </trkpt>
   <trkpt lat="51.4843120" lon="-0.2960020">
    <ele>4.5</ele>
    <time>2026-05-16T09:36:45Z</time>
   </trkpt>
   <trkpt lat="51.4843050" lon="-0.2960170">
    <ele>4.5</ele>
    <time>2026-05-16T09:36:46Z</time>
   </trkpt>
   <trkpt lat="51.4842900" lon="-0.2960400">
    <ele>4.5</ele>
    <time>2026-05-16T09:36:47Z</time>
   </trkpt>
   <trkpt lat="51.4842830" lon="-0.2960480">
    <ele>4.5</ele>
    <time>2026-05-16T09:36:48Z</time>
   </trkpt>
   <trkpt lat="51.4842760" lon="-0.2960570">
    <ele>4.5</ele>
    <time>2026-05-16T09:36:49Z</time>
   </trkpt>
   <trkpt lat="51.4842690" lon="-0.2960720">
    <ele>4.5</ele>
    <time>2026-05-16T09:36:50Z</time>
   </trkpt>
   <trkpt lat="51.4842560" lon="-0.2960940">
    <ele>4.5</ele>
    <time>2026-05-16T09:36:51Z</time>
   </trkpt>
   <trkpt lat="51.4842420" lon="-0.2961100">
    <ele>4.5</ele>
    <time>2026-05-16T09:36:52Z</time>
   </trkpt>
   <trkpt lat="51.4842330" lon="-0.2961170">
    <ele>4.5</ele>
    <time>2026-05-16T09:36:53Z</time>
   </trkpt>
   <trkpt lat="51.4842250" lon="-0.2961390">
    <ele>4.5</ele>
    <time>2026-05-16T09:36:54Z</time>
   </trkpt>
   <trkpt lat="51.4842170" lon="-0.2961610">
    <ele>4.5</ele>
    <time>2026-05-16T09:36:55Z</time>
   </trkpt>
   <trkpt lat="51.4842070" lon="-0.2961860">
    <ele>4.5</ele>
    <time>2026-05-16T09:36:56Z</time>
   </trkpt>
   <trkpt lat="51.4841940" lon="-0.2962020">
    <ele>4.5</ele>
    <time>2026-05-16T09:36:57Z</time>
   </trkpt>
   <trkpt lat="51.4841850" lon="-0.2962190">
    <ele>4.5</ele>
    <time>2026-05-16T09:36:58Z</time>
   </trkpt>
   <trkpt lat="51.4841750" lon="-0.2962340">
    <ele>4.5</ele>
    <time>2026-05-16T09:36:59Z</time>
   </trkpt>
   <trkpt lat="51.4841630" lon="-0.2962490">
    <ele>4.5</ele>
    <time>2026-05-16T09:37:00Z</time>
   </trkpt>
   <trkpt lat="51.4841520" lon="-0.2962600">
    <ele>4.5</ele>
    <time>2026-05-16T09:37:01Z</time>
   </trkpt>
   <trkpt lat="51.4841380" lon="-0.2962850">
    <ele>4.5</ele>
    <time>2026-05-16T09:37:02Z</time>
   </trkpt>
   <trkpt lat="51.4841330" lon="-0.2962960">
    <ele>4.5</ele>
    <time>2026-05-16T09:37:03Z</time>
   </trkpt>
   <trkpt lat="51.4841270" lon="-0.2963060">
    <ele>4.5</ele>
    <time>2026-05-16T09:37:04Z</time>
   </trkpt>
   <trkpt lat="51.4841170" lon="-0.2963200">
    <ele>4.5</ele>
    <time>2026-05-16T09:37:05Z</time>
   </trkpt>
   <trkpt lat="51.4841070" lon="-0.2963370">
    <ele>4.5</ele>
    <time>2026-05-16T09:37:06Z</time>
   </trkpt>
   <trkpt lat="51.4840930" lon="-0.2963650">
    <ele>4.5</ele>
    <time>2026-05-16T09:37:07Z</time>
   </trkpt>
   <trkpt lat="51.4840870" lon="-0.2963740">
    <ele>4.5</ele>
    <time>2026-05-16T09:37:08Z</time>
   </trkpt>
   <trkpt lat="51.4840820" lon="-0.2963830">
    <ele>4.5</ele>
    <time>2026-05-16T09:37:09Z</time>
   </trkpt>
   <trkpt lat="51.4840710" lon="-0.2963960">
    <ele>4.5</ele>
    <time>2026-05-16T09:37:10Z</time>
   </trkpt>
   <trkpt lat="51.4840590" lon="-0.2964100">
    <ele>4.5</ele>
    <time>2026-05-16T09:37:11Z</time>
   </trkpt>
   <trkpt lat="51.4840500" lon="-0.2964220">
    <ele>4.5</ele>
    <time>2026-05-16T09:37:12Z</time>
   </trkpt>
   <trkpt lat="51.4840430" lon="-0.2964470">
    <ele>4.5</ele>
    <time>2026-05-16T09:37:13Z</time>
   </trkpt>
   <trkpt lat="51.4840350" lon="-0.2964590">
    <ele>4.6</ele>
    <time>2026-05-16T09:37:14Z</time>
   </trkpt>
   <trkpt lat="51.4840230" lon="-0.2964790">
    <ele>4.6</ele>
    <time>2026-05-16T09:37:15Z</time>
   </trkpt>
   <trkpt lat="51.4840090" lon="-0.2964940">
    <ele>4.6</ele>
    <time>2026-05-16T09:37:16Z</time>
   </trkpt>
   <trkpt lat="51.4840000" lon="-0.2965130">
    <ele>4.6</ele>
    <time>2026-05-16T09:37:17Z</time>
   </trkpt>
   <trkpt lat="51.4839880" lon="-0.2965270">
    <ele>4.6</ele>
    <time>2026-05-16T09:37:18Z</time>
   </trkpt>
   <trkpt lat="51.4839800" lon="-0.2965480">
    <ele>4.6</ele>
    <time>2026-05-16T09:37:19Z</time>
   </trkpt>
   <trkpt lat="51.4839710" lon="-0.2965650">
    <ele>4.6</ele>
    <time>2026-05-16T09:37:20Z</time>
   </trkpt>
   <trkpt lat="51.4839620" lon="-0.2965820">
    <ele>4.6</ele>
    <time>2026-05-16T09:37:21Z</time>
   </trkpt>
   <trkpt lat="51.4839530" lon="-0.2966010">
    <ele>4.6</ele>
    <time>2026-05-16T09:37:22Z</time>
   </trkpt>
   <trkpt lat="51.4839440" lon="-0.2966180">
    <ele>4.6</ele>
    <time>2026-05-16T09:37:23Z</time>
   </trkpt>
   <trkpt lat="51.4839310" lon="-0.2966300">
    <ele>4.6</ele>
    <time>2026-05-16T09:37:24Z</time>
   </trkpt>
   <trkpt lat="51.4839210" lon="-0.2966400">
    <ele>4.6</ele>
    <time>2026-05-16T09:37:25Z</time>
   </trkpt>
   <trkpt lat="51.4839030" lon="-0.2966630">
    <ele>4.6</ele>
    <time>2026-05-16T09:37:26Z</time>
   </trkpt>
   <trkpt lat="51.4838980" lon="-0.2966730">
    <ele>4.6</ele>
    <time>2026-05-16T09:37:27Z</time>
   </trkpt>
   <trkpt lat="51.4838920" lon="-0.2966840">
    <ele>4.6</ele>
    <time>2026-05-16T09:37:28Z</time>
   </trkpt>
   <trkpt lat="51.4838760" lon="-0.2967080">
    <ele>4.6</ele>
    <time>2026-05-16T09:37:29Z</time>
   </trkpt>
   <trkpt lat="51.4838690" lon="-0.2967170">
    <ele>4.6</ele>
    <time>2026-05-16T09:37:30Z</time>
   </trkpt>
   <trkpt lat="51.4838630" lon="-0.2967260">
    <ele>4.6</ele>
    <time>2026-05-16T09:37:31Z</time>
   </trkpt>
   <trkpt lat="51.4838490" lon="-0.2967510">
    <ele>4.6</ele>
    <time>2026-05-16T09:37:32Z</time>
   </trkpt>
   <trkpt lat="51.4838430" lon="-0.2967610">
    <ele>4.6</ele>
    <time>2026-05-16T09:37:33Z</time>
   </trkpt>
   <trkpt lat="51.4838380" lon="-0.2967700">
    <ele>4.6</ele>
    <time>2026-05-16T09:37:34Z</time>
   </trkpt>
   <trkpt lat="51.4838310" lon="-0.2967840">
    <ele>4.6</ele>
    <time>2026-05-16T09:37:35Z</time>
   </trkpt>
   <trkpt lat="51.4838230" lon="-0.2967970">
    <ele>4.6</ele>
    <time>2026-05-16T09:37:36Z</time>
   </trkpt>
   <trkpt lat="51.4838140" lon="-0.2968090">
    <ele>4.6</ele>
    <time>2026-05-16T09:37:37Z</time>
   </trkpt>
   <trkpt lat="51.4838040" lon="-0.2968190">
    <ele>4.6</ele>
    <time>2026-05-16T09:37:38Z</time>
   </trkpt>
   <trkpt lat="51.4837970" lon="-0.2968310">
    <ele>4.6</ele>
    <time>2026-05-16T09:37:39Z</time>
   </trkpt>
   <trkpt lat="51.4837900" lon="-0.2968490">
    <ele>4.6</ele>
    <time>2026-05-16T09:37:40Z</time>
   </trkpt>
   <trkpt lat="51.4837740" lon="-0.2968720">
    <ele>4.6</ele>
    <time>2026-05-16T09:37:41Z</time>
   </trkpt>
   <trkpt lat="51.4837700" lon="-0.2968830">
    <ele>4.6</ele>
    <time>2026-05-16T09:37:42Z</time>
   </trkpt>
   <trkpt lat="51.4837650" lon="-0.2968940">
    <ele>4.6</ele>
    <time>2026-05-16T09:37:43Z</time>
   </trkpt>
   <trkpt lat="51.4837520" lon="-0.2969200">
    <ele>4.6</ele>
    <time>2026-05-16T09:37:44Z</time>
   </trkpt>
   <trkpt lat="51.4837450" lon="-0.2969290">
    <ele>4.6</ele>
    <time>2026-05-16T09:37:45Z</time>
   </trkpt>
   <trkpt lat="51.4837380" lon="-0.2969370">
    <ele>4.6</ele>
    <time>2026-05-16T09:37:46Z</time>
   </trkpt>
   <trkpt lat="51.4837190" lon="-0.2969550">
    <ele>4.6</ele>
    <time>2026-05-16T09:37:47Z</time>
   </trkpt>
   <trkpt lat="51.4837120" lon="-0.2969650">
    <ele>4.6</ele>
    <time>2026-05-16T09:37:48Z</time>
   </trkpt>
   <trkpt lat="51.4837060" lon="-0.2969750">
    <ele>4.6</ele>
    <time>2026-05-16T09:37:49Z</time>
   </trkpt>
   <trkpt lat="51.4836900" lon="-0.2969990">
    <ele>4.6</ele>
    <time>2026-05-16T09:37:50Z</time>
   </trkpt>
   <trkpt lat="51.4836850" lon="-0.2970110">
    <ele>4.6</ele>
    <time>2026-05-16T09:37:51Z</time>
   </trkpt>
   <trkpt lat="51.4836790" lon="-0.2970230">
    <ele>4.6</ele>
    <time>2026-05-16T09:37:52Z</time>
   </trkpt>
   <trkpt lat="51.4836690" lon="-0.2970360">
    <ele>4.6</ele>
    <time>2026-05-16T09:37:53Z</time>
   </trkpt>
   <trkpt lat="51.4836580" lon="-0.2970520">
    <ele>4.6</ele>
    <time>2026-05-16T09:37:54Z</time>
   </trkpt>
   <trkpt lat="51.4836420" lon="-0.2970770">
    <ele>4.6</ele>
    <time>2026-05-16T09:37:55Z</time>
   </trkpt>
   <trkpt lat="51.4836370" lon="-0.2970870">
    <ele>4.6</ele>
    <time>2026-05-16T09:37:56Z</time>
   </trkpt>
   <trkpt lat="51.4836310" lon="-0.2970980">
    <ele>4.6</ele>
    <time>2026-05-16T09:37:57Z</time>
   </trkpt>
   <trkpt lat="51.4836200" lon="-0.2971100">
    <ele>4.6</ele>
    <time>2026-05-16T09:37:58Z</time>
   </trkpt>
   <trkpt lat="51.4836080" lon="-0.2971240">
    <ele>4.6</ele>
    <time>2026-05-16T09:37:59Z</time>
   </trkpt>
   <trkpt lat="51.4835980" lon="-0.2971350">
    <ele>4.6</ele>
    <time>2026-05-16T09:38:00Z</time>
   </trkpt>
   <trkpt lat="51.4835900" lon="-0.2971480">
    <ele>4.6</ele>
    <time>2026-05-16T09:38:01Z</time>
   </trkpt>
   <trkpt lat="51.4835830" lon="-0.2971610">
    <ele>4.6</ele>
    <time>2026-05-16T09:38:02Z</time>
   </trkpt>
   <trkpt lat="51.4835700" lon="-0.2971870">
    <ele>4.6</ele>
    <time>2026-05-16T09:38:03Z</time>
   </trkpt>
   <trkpt lat="51.4835630" lon="-0.2971970">
    <ele>4.6</ele>
    <time>2026-05-16T09:38:04Z</time>
   </trkpt>
   <trkpt lat="51.4835570" lon="-0.2972060">
    <ele>4.6</ele>
    <time>2026-05-16T09:38:05Z</time>
   </trkpt>
   <trkpt lat="51.4835450" lon="-0.2972190">
    <ele>4.6</ele>
    <time>2026-05-16T09:38:06Z</time>
   </trkpt>
   <trkpt lat="51.4835340" lon="-0.2972340">
    <ele>4.6</ele>
    <time>2026-05-16T09:38:07Z</time>
   </trkpt>
   <trkpt lat="51.4835220" lon="-0.2972630">
    <ele>4.6</ele>
    <time>2026-05-16T09:38:08Z</time>
   </trkpt>
   <trkpt lat="51.4835170" lon="-0.2972750">
    <ele>4.6</ele>
    <time>2026-05-16T09:38:09Z</time>
   </trkpt>
   <trkpt lat="51.4835120" lon="-0.2972860">
    <ele>4.6</ele>
    <time>2026-05-16T09:38:10Z</time>
   </trkpt>
   <trkpt lat="51.4834990" lon="-0.2972980">
    <ele>4.6</ele>
    <time>2026-05-16T09:38:11Z</time>
   </trkpt>
   <trkpt lat="51.4834890" lon="-0.2973140">
    <ele>4.6</ele>
    <time>2026-05-16T09:38:12Z</time>
   </trkpt>
   <trkpt lat="51.4834800" lon="-0.2973310">
    <ele>4.6</ele>
    <time>2026-05-16T09:38:13Z</time>
   </trkpt>
   <trkpt lat="51.4834670" lon="-0.2973430">
    <ele>4.6</ele>
    <time>2026-05-16T09:38:14Z</time>
   </trkpt>
   <trkpt lat="51.4834490" lon="-0.2973620">
    <ele>4.6</ele>
    <time>2026-05-16T09:38:15Z</time>
   </trkpt>
   <trkpt lat="51.4834420" lon="-0.2973690">
    <ele>4.6</ele>
    <time>2026-05-16T09:38:16Z</time>
   </trkpt>
   <trkpt lat="51.4834350" lon="-0.2973770">
    <ele>4.6</ele>
    <time>2026-05-16T09:38:17Z</time>
   </trkpt>
   <trkpt lat="51.4834240" lon="-0.2973910">
    <ele>4.6</ele>
    <time>2026-05-16T09:38:18Z</time>
   </trkpt>
   <trkpt lat="51.4834140" lon="-0.2974060">
    <ele>4.6</ele>
    <time>2026-05-16T09:38:19Z</time>
   </trkpt>
   <trkpt lat="51.4834010" lon="-0.2974160">
    <ele>4.6</ele>
    <time>2026-05-16T09:38:20Z</time>
   </trkpt>
   <trkpt lat="51.4833920" lon="-0.2974310">
    <ele>4.6</ele>
    <time>2026-05-16T09:38:21Z</time>
   </trkpt>
   <trkpt lat="51.4833740" lon="-0.2974510">
    <ele>4.6</ele>
    <time>2026-05-16T09:38:22Z</time>
   </trkpt>
   <trkpt lat="51.4833670" lon="-0.2974610">
    <ele>4.6</ele>
    <time>2026-05-16T09:38:23Z</time>
   </trkpt>
   <trkpt lat="51.4833610" lon="-0.2974710">
    <ele>4.6</ele>
    <time>2026-05-16T09:38:24Z</time>
   </trkpt>
   <trkpt lat="51.4833510" lon="-0.2974860">
    <ele>4.6</ele>
    <time>2026-05-16T09:38:25Z</time>
   </trkpt>
   <trkpt lat="51.4833400" lon="-0.2974990">
    <ele>4.6</ele>
    <time>2026-05-16T09:38:26Z</time>
   </trkpt>
   <trkpt lat="51.4833260" lon="-0.2975080">
    <ele>4.6</ele>
    <time>2026-05-16T09:38:27Z</time>
   </trkpt>
   <trkpt lat="51.4833140" lon="-0.2975180">
    <ele>4.6</ele>
    <time>2026-05-16T09:38:28Z</time>
   </trkpt>
   <trkpt lat="51.4832970" lon="-0.2975410">
    <ele>4.6</ele>
    <time>2026-05-16T09:38:29Z</time>
   </trkpt>
   <trkpt lat="51.4832900" lon="-0.2975500">
    <ele>4.6</ele>
    <time>2026-05-16T09:38:30Z</time>
   </trkpt>
   <trkpt lat="51.4832840" lon="-0.2975600">
    <ele>4.6</ele>
    <time>2026-05-16T09:38:31Z</time>
   </trkpt>
   <trkpt lat="51.4832630" lon="-0.2975760">
    <ele>4.6</ele>
    <time>2026-05-16T09:38:32Z</time>
   </trkpt>
   <trkpt lat="51.4832560" lon="-0.2975830">
    <ele>4.6</ele>
    <time>2026-05-16T09:38:33Z</time>
   </trkpt>
   <trkpt lat="51.4832490" lon="-0.2975900">
    <ele>4.6</ele>
    <time>2026-05-16T09:38:34Z</time>
   </trkpt>
   <trkpt lat="51.4832310" lon="-0.2976100">
    <ele>4.6</ele>
    <time>2026-05-16T09:38:35Z</time>
   </trkpt>
   <trkpt lat="51.4832250" lon="-0.2976180">
    <ele>4.6</ele>
    <time>2026-05-16T09:38:36Z</time>
   </trkpt>
   <trkpt lat="51.4832180" lon="-0.2976270">
    <ele>4.6</ele>
    <time>2026-05-16T09:38:37Z</time>
   </trkpt>
   <trkpt lat="51.4832040" lon="-0.2976500">
    <ele>4.6</ele>
    <time>2026-05-16T09:38:38Z</time>
   </trkpt>
   <trkpt lat="51.4831990" lon="-0.2976590">
    <ele>4.6</ele>
    <time>2026-05-16T09:38:39Z</time>
   </trkpt>
   <trkpt lat="51.4831930" lon="-0.2976690">
    <ele>4.6</ele>
    <time>2026-05-16T09:38:40Z</time>
   </trkpt>
   <trkpt lat="51.4831760" lon="-0.2976870">
    <ele>4.6</ele>
    <time>2026-05-16T09:38:41Z</time>
   </trkpt>
   <trkpt lat="51.4831690" lon="-0.2976960">
    <ele>4.6</ele>
    <time>2026-05-16T09:38:42Z</time>
   </trkpt>
   <trkpt lat="51.4831610" lon="-0.2977060">
    <ele>4.6</ele>
    <time>2026-05-16T09:38:43Z</time>
   </trkpt>
   <trkpt lat="51.4831420" lon="-0.2977250">
    <ele>4.6</ele>
    <time>2026-05-16T09:38:44Z</time>
   </trkpt>
   <trkpt lat="51.4831350" lon="-0.2977310">
    <ele>4.6</ele>
    <time>2026-05-16T09:38:45Z</time>
   </trkpt>
   <trkpt lat="51.4831280" lon="-0.2977380">
    <ele>4.6</ele>
    <time>2026-05-16T09:38:46Z</time>
   </trkpt>
   <trkpt lat="51.4831100" lon="-0.2977560">
    <ele>4.6</ele>
    <time>2026-05-16T09:38:47Z</time>
   </trkpt>
   <trkpt lat="51.4831050" lon="-0.2977660">
    <ele>4.6</ele>
    <time>2026-05-16T09:38:48Z</time>
   </trkpt>
   <trkpt lat="51.4830990" lon="-0.2977750">
    <ele>4.6</ele>
    <time>2026-05-16T09:38:49Z</time>
   </trkpt>
   <trkpt lat="51.4830840" lon="-0.2977950">
    <ele>4.6</ele>
    <time>2026-05-16T09:38:50Z</time>
   </trkpt>
   <trkpt lat="51.4830770" lon="-0.2978030">
    <ele>4.6</ele>
    <time>2026-05-16T09:38:51Z</time>
   </trkpt>
   <trkpt lat="51.4830700" lon="-0.2978100">
    <ele>4.6</ele>
    <time>2026-05-16T09:38:52Z</time>
   </trkpt>
   <trkpt lat="51.4830530" lon="-0.2978320">
    <ele>4.6</ele>
    <time>2026-05-16T09:38:53Z</time>
   </trkpt>
   <trkpt lat="51.4830460" lon="-0.2978380">
    <ele>4.6</ele>
    <time>2026-05-16T09:38:54Z</time>
   </trkpt>
   <trkpt lat="51.4830390" lon="-0.2978450">
    <ele>4.6</ele>
    <time>2026-05-16T09:38:55Z</time>
   </trkpt>
   <trkpt lat="51.4830180" lon="-0.2978570">
    <ele>4.6</ele>
    <time>2026-05-16T09:38:56Z</time>
   </trkpt>
   <trkpt lat="51.4830110" lon="-0.2978630">
    <ele>4.6</ele>
    <time>2026-05-16T09:38:57Z</time>
   </trkpt>
   <trkpt lat="51.4830030" lon="-0.2978680">
    <ele>4.6</ele>
    <time>2026-05-16T09:38:58Z</time>
   </trkpt>
   <trkpt lat="51.4829950" lon="-0.2978880">
    <ele>4.6</ele>
    <time>2026-05-16T09:38:59Z</time>
   </trkpt>
   <trkpt lat="51.4829850" lon="-0.2979020">
    <ele>4.6</ele>
    <time>2026-05-16T09:39:00Z</time>
   </trkpt>
   <trkpt lat="51.4829700" lon="-0.2979250">
    <ele>4.6</ele>
    <time>2026-05-16T09:39:01Z</time>
   </trkpt>
   <trkpt lat="51.4829640" lon="-0.2979350">
    <ele>4.6</ele>
    <time>2026-05-16T09:39:02Z</time>
   </trkpt>
   <trkpt lat="51.4829580" lon="-0.2979450">
    <ele>4.6</ele>
    <time>2026-05-16T09:39:03Z</time>
   </trkpt>
   <trkpt lat="51.4829430" lon="-0.2979670">
    <ele>4.6</ele>
    <time>2026-05-16T09:39:04Z</time>
   </trkpt>
   <trkpt lat="51.4829360" lon="-0.2979770">
    <ele>4.6</ele>
    <time>2026-05-16T09:39:05Z</time>
   </trkpt>
   <trkpt lat="51.4829300" lon="-0.2979860">
    <ele>4.6</ele>
    <time>2026-05-16T09:39:06Z</time>
   </trkpt>
   <trkpt lat="51.4829180" lon="-0.2979960">
    <ele>4.6</ele>
    <time>2026-05-16T09:39:07Z</time>
   </trkpt>
   <trkpt lat="51.4829060" lon="-0.2980100">
    <ele>4.6</ele>
    <time>2026-05-16T09:39:08Z</time>
   </trkpt>
   <trkpt lat="51.4828950" lon="-0.2980220">
    <ele>4.6</ele>
    <time>2026-05-16T09:39:09Z</time>
   </trkpt>
   <trkpt lat="51.4828830" lon="-0.2980350">
    <ele>4.6</ele>
    <time>2026-05-16T09:39:10Z</time>
   </trkpt>
   <trkpt lat="51.4828650" lon="-0.2980540">
    <ele>4.5</ele>
    <time>2026-05-16T09:39:11Z</time>
   </trkpt>
   <trkpt lat="51.4828580" lon="-0.2980620">
    <ele>4.5</ele>
    <time>2026-05-16T09:39:12Z</time>
   </trkpt>
   <trkpt lat="51.4828510" lon="-0.2980700">
    <ele>4.5</ele>
    <time>2026-05-16T09:39:13Z</time>
   </trkpt>
   <trkpt lat="51.4828350" lon="-0.2980920">
    <ele>4.5</ele>
    <time>2026-05-16T09:39:14Z</time>
   </trkpt>
   <trkpt lat="51.4828270" lon="-0.2980990">
    <ele>4.5</ele>
    <time>2026-05-16T09:39:15Z</time>
   </trkpt>
   <trkpt lat="51.4828190" lon="-0.2981050">
    <ele>4.5</ele>
    <time>2026-05-16T09:39:16Z</time>
   </trkpt>
   <trkpt lat="51.4828050" lon="-0.2981300">
    <ele>4.5</ele>
    <time>2026-05-16T09:39:17Z</time>
   </trkpt>
   <trkpt lat="51.4827970" lon="-0.2981390">
    <ele>4.5</ele>
    <time>2026-05-16T09:39:18Z</time>
   </trkpt>
   <trkpt lat="51.4827900" lon="-0.2981470">
    <ele>4.5</ele>
    <time>2026-05-16T09:39:19Z</time>
   </trkpt>
   <trkpt lat="51.4827710" lon="-0.2981600">
    <ele>4.5</ele>
    <time>2026-05-16T09:39:20Z</time>
   </trkpt>
   <trkpt lat="51.4827640" lon="-0.2981680">
    <ele>4.5</ele>
    <time>2026-05-16T09:39:21Z</time>
   </trkpt>
   <trkpt lat="51.4827560" lon="-0.2981750">
    <ele>4.5</ele>
    <time>2026-05-16T09:39:22Z</time>
   </trkpt>
   <trkpt lat="51.4827440" lon="-0.2981880">
    <ele>4.5</ele>
    <time>2026-05-16T09:39:23Z</time>
   </trkpt>
   <trkpt lat="51.4827330" lon="-0.2982030">
    <ele>4.5</ele>
    <time>2026-05-16T09:39:24Z</time>
   </trkpt>
   <trkpt lat="51.4827240" lon="-0.2982140">
    <ele>4.5</ele>
    <time>2026-05-16T09:39:25Z</time>
   </trkpt>
   <trkpt lat="51.4827140" lon="-0.2982240">
    <ele>4.5</ele>
    <time>2026-05-16T09:39:26Z</time>
   </trkpt>
   <trkpt lat="51.4827010" lon="-0.2982290">
    <ele>4.5</ele>
    <time>2026-05-16T09:39:27Z</time>
   </trkpt>
   <trkpt lat="51.4826900" lon="-0.2982350">
    <ele>4.5</ele>
    <time>2026-05-16T09:39:28Z</time>
   </trkpt>
   <trkpt lat="51.4826780" lon="-0.2982430">
    <ele>4.5</ele>
    <time>2026-05-16T09:39:29Z</time>
   </trkpt>
   <trkpt lat="51.4826690" lon="-0.2982510">
    <ele>4.5</ele>
    <time>2026-05-16T09:39:30Z</time>
   </trkpt>
   <trkpt lat="51.4826600" lon="-0.2982600">
    <ele>4.5</ele>
    <time>2026-05-16T09:39:31Z</time>
   </trkpt>
   <trkpt lat="51.4826520" lon="-0.2982720">
    <ele>4.5</ele>
    <time>2026-05-16T09:39:32Z</time>
   </trkpt>
   <trkpt lat="51.4826450" lon="-0.2982830">
    <ele>4.5</ele>
    <time>2026-05-16T09:39:33Z</time>
   </trkpt>
   <trkpt lat="51.4826310" lon="-0.2982890">
    <ele>4.5</ele>
    <time>2026-05-16T09:39:34Z</time>
   </trkpt>
   <trkpt lat="51.4826190" lon="-0.2983000">
    <ele>4.5</ele>
    <time>2026-05-16T09:39:35Z</time>
   </trkpt>
   <trkpt lat="51.4826060" lon="-0.2983260">
    <ele>4.5</ele>
    <time>2026-05-16T09:39:36Z</time>
   </trkpt>
   <trkpt lat="51.4826000" lon="-0.2983350">
    <ele>4.5</ele>
    <time>2026-05-16T09:39:37Z</time>
   </trkpt>
   <trkpt lat="51.4825940" lon="-0.2983430">
    <ele>4.5</ele>
    <time>2026-05-16T09:39:38Z</time>
   </trkpt>
   <trkpt lat="51.4825760" lon="-0.2983600">
    <ele>4.5</ele>
    <time>2026-05-16T09:39:39Z</time>
   </trkpt>
   <trkpt lat="51.4825660" lon="-0.2983720">
    <ele>4.5</ele>
    <time>2026-05-16T09:39:40Z</time>
   </trkpt>
   <trkpt lat="51.4825550" lon="-0.2983830">
    <ele>4.5</ele>
    <time>2026-05-16T09:39:41Z</time>
   </trkpt>
   <trkpt lat="51.4825470" lon="-0.2983940">
    <ele>4.5</ele>
    <time>2026-05-16T09:39:42Z</time>
   </trkpt>
   <trkpt lat="51.4825370" lon="-0.2984040">
    <ele>4.5</ele>
    <time>2026-05-16T09:39:43Z</time>
   </trkpt>
   <trkpt lat="51.4825270" lon="-0.2984150">
    <ele>4.6</ele>
    <time>2026-05-16T09:39:44Z</time>
   </trkpt>
   <trkpt lat="51.4825180" lon="-0.2984280">
    <ele>4.6</ele>
    <time>2026-05-16T09:39:45Z</time>
   </trkpt>
   <trkpt lat="51.4825100" lon="-0.2984390">
    <ele>4.6</ele>
    <time>2026-05-16T09:39:46Z</time>
   </trkpt>
   <trkpt lat="51.4825000" lon="-0.2984510">
    <ele>4.6</ele>
    <time>2026-05-16T09:39:47Z</time>
   </trkpt>
   <trkpt lat="51.4824840" lon="-0.2984700">
    <ele>4.6</ele>
    <time>2026-05-16T09:39:48Z</time>
   </trkpt>
   <trkpt lat="51.4824770" lon="-0.2984760">
    <ele>4.6</ele>
    <time>2026-05-16T09:39:49Z</time>
   </trkpt>
   <trkpt lat="51.4824700" lon="-0.2984830">
    <ele>4.6</ele>
    <time>2026-05-16T09:39:50Z</time>
   </trkpt>
   <trkpt lat="51.4824590" lon="-0.2985000">
    <ele>4.6</ele>
    <time>2026-05-16T09:39:51Z</time>
   </trkpt>
   <trkpt lat="51.4824470" lon="-0.2985120">
    <ele>4.6</ele>
    <time>2026-05-16T09:39:52Z</time>
   </trkpt>
   <trkpt lat="51.4824280" lon="-0.2985270">
    <ele>4.6</ele>
    <time>2026-05-16T09:39:53Z</time>
   </trkpt>
   <trkpt lat="51.4824200" lon="-0.2985350">
    <ele>4.6</ele>
    <time>2026-05-16T09:39:54Z</time>
   </trkpt>
   <trkpt lat="51.4824130" lon="-0.2985430">
    <ele>4.6</ele>
    <time>2026-05-16T09:39:55Z</time>
   </trkpt>
   <trkpt lat="51.4823980" lon="-0.2985580">
    <ele>4.7</ele>
    <time>2026-05-16T09:39:56Z</time>
   </trkpt>
   <trkpt lat="51.4823900" lon="-0.2985660">
    <ele>4.7</ele>
    <time>2026-05-16T09:39:57Z</time>
   </trkpt>
   <trkpt lat="51.4823830" lon="-0.2985750">
    <ele>4.7</ele>
    <time>2026-05-16T09:39:58Z</time>
   </trkpt>
   <trkpt lat="51.4823640" lon="-0.2985920">
    <ele>4.7</ele>
    <time>2026-05-16T09:39:59Z</time>
   </trkpt>
   <trkpt lat="51.4823560" lon="-0.2985970">
    <ele>4.7</ele>
    <time>2026-05-16T09:40:00Z</time>
   </trkpt>
   <trkpt lat="51.4823470" lon="-0.2986030">
    <ele>4.7</ele>
    <time>2026-05-16T09:40:01Z</time>
   </trkpt>
   <trkpt lat="51.4823360" lon="-0.2986130">
    <ele>4.7</ele>
    <time>2026-05-16T09:40:02Z</time>
   </trkpt>
   <trkpt lat="51.4823210" lon="-0.2986230">
    <ele>4.8</ele>
    <time>2026-05-16T09:40:03Z</time>
   </trkpt>
   <trkpt lat="51.4823110" lon="-0.2986400">
    <ele>4.8</ele>
    <time>2026-05-16T09:40:04Z</time>
   </trkpt>
   <trkpt lat="51.4822960" lon="-0.2986480">
    <ele>4.8</ele>
    <time>2026-05-16T09:40:05Z</time>
   </trkpt>
   <trkpt lat="51.4822840" lon="-0.2986600">
    <ele>4.8</ele>
    <time>2026-05-16T09:40:06Z</time>
   </trkpt>
   <trkpt lat="51.4822730" lon="-0.2986710">
    <ele>4.8</ele>
    <time>2026-05-16T09:40:07Z</time>
   </trkpt>
   <trkpt lat="51.4822600" lon="-0.2986820">
    <ele>4.8</ele>
    <time>2026-05-16T09:40:08Z</time>
   </trkpt>
   <trkpt lat="51.4822490" lon="-0.2986950">
    <ele>4.8</ele>
    <time>2026-05-16T09:40:09Z</time>
   </trkpt>
   <trkpt lat="51.4822370" lon="-0.2987080">
    <ele>4.9</ele>
    <time>2026-05-16T09:40:10Z</time>
   </trkpt>
   <trkpt lat="51.4822290" lon="-0.2987240">
    <ele>4.8</ele>
    <time>2026-05-16T09:40:11Z</time>
   </trkpt>
   <trkpt lat="51.4822120" lon="-0.2987440">
    <ele>4.8</ele>
    <time>2026-05-16T09:40:12Z</time>
   </trkpt>
   <trkpt lat="51.4822050" lon="-0.2987530">
    <ele>4.8</ele>
    <time>2026-05-16T09:40:13Z</time>
   </trkpt>
   <trkpt lat="51.4821990" lon="-0.2987630">
    <ele>4.8</ele>
    <time>2026-05-16T09:40:14Z</time>
   </trkpt>
   <trkpt lat="51.4821840" lon="-0.2987890">
    <ele>4.8</ele>
    <time>2026-05-16T09:40:15Z</time>
   </trkpt>
   <trkpt lat="51.4821760" lon="-0.2987960">
    <ele>4.8</ele>
    <time>2026-05-16T09:40:16Z</time>
   </trkpt>
   <trkpt lat="51.4821690" lon="-0.2988040">
    <ele>4.8</ele>
    <time>2026-05-16T09:40:17Z</time>
   </trkpt>
   <trkpt lat="51.4821600" lon="-0.2988210">
    <ele>4.8</ele>
    <time>2026-05-16T09:40:18Z</time>
   </trkpt>
   <trkpt lat="51.4821510" lon="-0.2988370">
    <ele>4.8</ele>
    <time>2026-05-16T09:40:19Z</time>
   </trkpt>
   <trkpt lat="51.4821330" lon="-0.2988580">
    <ele>4.7</ele>
    <time>2026-05-16T09:40:20Z</time>
   </trkpt>
   <trkpt lat="51.4821260" lon="-0.2988670">
    <ele>4.7</ele>
    <time>2026-05-16T09:40:21Z</time>
   </trkpt>
   <trkpt lat="51.4821190" lon="-0.2988760">
    <ele>4.7</ele>
    <time>2026-05-16T09:40:22Z</time>
   </trkpt>
   <trkpt lat="51.4821060" lon="-0.2988860">
    <ele>4.7</ele>
    <time>2026-05-16T09:40:23Z</time>
   </trkpt>
   <trkpt lat="51.4820930" lon="-0.2988910">
    <ele>4.7</ele>
    <time>2026-05-16T09:40:24Z</time>
   </trkpt>
   <trkpt lat="51.4820750" lon="-0.2989120">
    <ele>4.7</ele>
    <time>2026-05-16T09:40:25Z</time>
   </trkpt>
   <trkpt lat="51.4820690" lon="-0.2989210">
    <ele>4.7</ele>
    <time>2026-05-16T09:40:26Z</time>
   </trkpt>
   <trkpt lat="51.4820620" lon="-0.2989290">
    <ele>4.7</ele>
    <time>2026-05-16T09:40:27Z</time>
   </trkpt>
   <trkpt lat="51.4820510" lon="-0.2989400">
    <ele>4.7</ele>
    <time>2026-05-16T09:40:28Z</time>
   </trkpt>
   <trkpt lat="51.4820410" lon="-0.2989490">
    <ele>4.7</ele>
    <time>2026-05-16T09:40:29Z</time>
   </trkpt>
   <trkpt lat="51.4820310" lon="-0.2989590">
    <ele>4.7</ele>
    <time>2026-05-16T09:40:30Z</time>
   </trkpt>
   <trkpt lat="51.4820110" lon="-0.2989830">
    <ele>4.7</ele>
    <time>2026-05-16T09:40:31Z</time>
   </trkpt>
   <trkpt lat="51.4820010" lon="-0.2989930">
    <ele>4.7</ele>
    <time>2026-05-16T09:40:33Z</time>
   </trkpt>
   <trkpt lat="51.4819920" lon="-0.2990040">
    <ele>4.7</ele>
    <time>2026-05-16T09:40:34Z</time>
   </trkpt>
   <trkpt lat="51.4819890" lon="-0.2990140">
    <ele>4.7</ele>
    <time>2026-05-16T09:40:36Z</time>
   </trkpt>
   <trkpt lat="51.4819720" lon="-0.2990370">
    <ele>4.7</ele>
    <time>2026-05-16T09:40:37Z</time>
   </trkpt>
   <trkpt lat="51.4819660" lon="-0.2990530">
    <ele>4.7</ele>
    <time>2026-05-16T09:40:38Z</time>
   </trkpt>
   <trkpt lat="51.4819440" lon="-0.2990740">
    <ele>4.7</ele>
    <time>2026-05-16T09:40:40Z</time>
   </trkpt>
   <trkpt lat="51.4819370" lon="-0.2990850">
    <ele>4.7</ele>
    <time>2026-05-16T09:40:41Z</time>
   </trkpt>
   <trkpt lat="51.4819230" lon="-0.2991110">
    <ele>4.7</ele>
    <time>2026-05-16T09:40:43Z</time>
   </trkpt>
   <trkpt lat="51.4819100" lon="-0.2991180">
    <ele>4.7</ele>
    <time>2026-05-16T09:40:44Z</time>
   </trkpt>
   <trkpt lat="51.4818910" lon="-0.2991480">
    <ele>4.7</ele>
    <time>2026-05-16T09:40:46Z</time>
   </trkpt>
   <trkpt lat="51.4818810" lon="-0.2991590">
    <ele>4.7</ele>
    <time>2026-05-16T09:40:47Z</time>
   </trkpt>
   <trkpt lat="51.4818690" lon="-0.2991670">
    <ele>4.7</ele>
    <time>2026-05-16T09:40:48Z</time>
   </trkpt>
   <trkpt lat="51.4818550" lon="-0.2991760">
    <ele>4.7</ele>
    <time>2026-05-16T09:40:49Z</time>
   </trkpt>
   <trkpt lat="51.4818430" lon="-0.2991900">
    <ele>4.7</ele>
    <time>2026-05-16T09:40:50Z</time>
   </trkpt>
   <trkpt lat="51.4818330" lon="-0.2992010">
    <ele>4.7</ele>
    <time>2026-05-16T09:40:51Z</time>
   </trkpt>
   <trkpt lat="51.4818150" lon="-0.2992180">
    <ele>4.7</ele>
    <time>2026-05-16T09:40:52Z</time>
   </trkpt>
   <trkpt lat="51.4818070" lon="-0.2992280">
    <ele>4.7</ele>
    <time>2026-05-16T09:40:53Z</time>
   </trkpt>
   <trkpt lat="51.4818000" lon="-0.2992380">
    <ele>4.7</ele>
    <time>2026-05-16T09:40:54Z</time>
   </trkpt>
   <trkpt lat="51.4817840" lon="-0.2992600">
    <ele>4.7</ele>
    <time>2026-05-16T09:40:55Z</time>
   </trkpt>
   <trkpt lat="51.4817770" lon="-0.2992700">
    <ele>4.7</ele>
    <time>2026-05-16T09:40:56Z</time>
   </trkpt>
   <trkpt lat="51.4817710" lon="-0.2992790">
    <ele>4.7</ele>
    <time>2026-05-16T09:40:57Z</time>
   </trkpt>
   <trkpt lat="51.4817550" lon="-0.2993000">
    <ele>4.7</ele>
    <time>2026-05-16T09:40:58Z</time>
   </trkpt>
   <trkpt lat="51.4817490" lon="-0.2993090">
    <ele>4.7</ele>
    <time>2026-05-16T09:40:59Z</time>
   </trkpt>
   <trkpt lat="51.4817440" lon="-0.2993190">
    <ele>4.7</ele>
    <time>2026-05-16T09:41:00Z</time>
   </trkpt>
   <trkpt lat="51.4817350" lon="-0.2993300">
    <ele>4.7</ele>
    <time>2026-05-16T09:41:01Z</time>
   </trkpt>
   <trkpt lat="51.4817200" lon="-0.2993440">
    <ele>4.7</ele>
    <time>2026-05-16T09:41:02Z</time>
   </trkpt>
   <trkpt lat="51.4817130" lon="-0.2993640">
    <ele>4.7</ele>
    <time>2026-05-16T09:41:03Z</time>
   </trkpt>
   <trkpt lat="51.4817040" lon="-0.2993800">
    <ele>4.7</ele>
    <time>2026-05-16T09:41:04Z</time>
   </trkpt>
   <trkpt lat="51.4816940" lon="-0.2993910">
    <ele>4.7</ele>
    <time>2026-05-16T09:41:05Z</time>
   </trkpt>
   <trkpt lat="51.4816810" lon="-0.2994030">
    <ele>4.7</ele>
    <time>2026-05-16T09:41:06Z</time>
   </trkpt>
   <trkpt lat="51.4816720" lon="-0.2994200">
    <ele>4.7</ele>
    <time>2026-05-16T09:41:07Z</time>
   </trkpt>
   <trkpt lat="51.4816640" lon="-0.2994340">
    <ele>4.7</ele>
    <time>2026-05-16T09:41:08Z</time>
   </trkpt>
   <trkpt lat="51.4816590" lon="-0.2994400">
    <ele>4.7</ele>
    <time>2026-05-16T09:41:09Z</time>
   </trkpt>
   <trkpt lat="51.4816520" lon="-0.2994440">
    <ele>4.7</ele>
    <time>2026-05-16T09:41:10Z</time>
   </trkpt>
   <trkpt lat="51.4816390" lon="-0.2994520">
    <ele>4.6</ele>
    <time>2026-05-16T09:41:11Z</time>
   </trkpt>
   <trkpt lat="51.4816270" lon="-0.2994620">
    <ele>4.6</ele>
    <time>2026-05-16T09:41:12Z</time>
   </trkpt>
   <trkpt lat="51.4816120" lon="-0.2994820">
    <ele>4.6</ele>
    <time>2026-05-16T09:41:13Z</time>
   </trkpt>
   <trkpt lat="51.4816040" lon="-0.2994900">
    <ele>4.6</ele>
    <time>2026-05-16T09:41:14Z</time>
   </trkpt>
   <trkpt lat="51.4815970" lon="-0.2994970">
    <ele>4.6</ele>
    <time>2026-05-16T09:41:15Z</time>
   </trkpt>
   <trkpt lat="51.4815860" lon="-0.2995110">
    <ele>4.6</ele>
    <time>2026-05-16T09:41:16Z</time>
   </trkpt>
   <trkpt lat="51.4815730" lon="-0.2995240">
    <ele>4.6</ele>
    <time>2026-05-16T09:41:17Z</time>
   </trkpt>
   <trkpt lat="51.4815590" lon="-0.2995410">
    <ele>4.6</ele>
    <time>2026-05-16T09:41:18Z</time>
   </trkpt>
   <trkpt lat="51.4815520" lon="-0.2995530">
    <ele>4.6</ele>
    <time>2026-05-16T09:41:19Z</time>
   </trkpt>
   <trkpt lat="51.4815460" lon="-0.2995650">
    <ele>4.6</ele>
    <time>2026-05-16T09:41:20Z</time>
   </trkpt>
   <trkpt lat="51.4815320" lon="-0.2995810">
    <ele>4.6</ele>
    <time>2026-05-16T09:41:21Z</time>
   </trkpt>
   <trkpt lat="51.4815200" lon="-0.2995910">
    <ele>4.6</ele>
    <time>2026-05-16T09:41:22Z</time>
   </trkpt>
   <trkpt lat="51.4815100" lon="-0.2996060">
    <ele>4.6</ele>
    <time>2026-05-16T09:41:23Z</time>
   </trkpt>
   <trkpt lat="51.4815010" lon="-0.2996240">
    <ele>4.6</ele>
    <time>2026-05-16T09:41:24Z</time>
   </trkpt>
   <trkpt lat="51.4814900" lon="-0.2996390">
    <ele>4.6</ele>
    <time>2026-05-16T09:41:25Z</time>
   </trkpt>
   <trkpt lat="51.4814760" lon="-0.2996490">
    <ele>4.6</ele>
    <time>2026-05-16T09:41:26Z</time>
   </trkpt>
   <trkpt lat="51.4814660" lon="-0.2996630">
    <ele>4.6</ele>
    <time>2026-05-16T09:41:27Z</time>
   </trkpt>
   <trkpt lat="51.4814560" lon="-0.2996790">
    <ele>4.6</ele>
    <time>2026-05-16T09:41:28Z</time>
   </trkpt>
   <trkpt lat="51.4814470" lon="-0.2996970">
    <ele>4.6</ele>
    <time>2026-05-16T09:41:29Z</time>
   </trkpt>
   <trkpt lat="51.4814380" lon="-0.2997150">
    <ele>4.6</ele>
    <time>2026-05-16T09:41:30Z</time>
   </trkpt>
   <trkpt lat="51.4814300" lon="-0.2997320">
    <ele>4.6</ele>
    <time>2026-05-16T09:41:31Z</time>
   </trkpt>
   <trkpt lat="51.4814170" lon="-0.2997430">
    <ele>4.6</ele>
    <time>2026-05-16T09:41:32Z</time>
   </trkpt>
   <trkpt lat="51.4814040" lon="-0.2997550">
    <ele>4.6</ele>
    <time>2026-05-16T09:41:33Z</time>
   </trkpt>
   <trkpt lat="51.4813950" lon="-0.2997700">
    <ele>4.6</ele>
    <time>2026-05-16T09:41:34Z</time>
   </trkpt>
   <trkpt lat="51.4813840" lon="-0.2997830">
    <ele>4.6</ele>
    <time>2026-05-16T09:41:35Z</time>
   </trkpt>
   <trkpt lat="51.4813750" lon="-0.2998010">
    <ele>4.7</ele>
    <time>2026-05-16T09:41:36Z</time>
   </trkpt>
   <trkpt lat="51.4813570" lon="-0.2998220">
    <ele>4.7</ele>
    <time>2026-05-16T09:41:37Z</time>
   </trkpt>
   <trkpt lat="51.4813510" lon="-0.2998300">
    <ele>4.7</ele>
    <time>2026-05-16T09:41:38Z</time>
   </trkpt>
   <trkpt lat="51.4813440" lon="-0.2998380">
    <ele>4.7</ele>
    <time>2026-05-16T09:41:39Z</time>
   </trkpt>
   <trkpt lat="51.4813270" lon="-0.2998580">
    <ele>4.7</ele>
    <time>2026-05-16T09:41:40Z</time>
   </trkpt>
   <trkpt lat="51.4813210" lon="-0.2998690">
    <ele>4.7</ele>
    <time>2026-05-16T09:41:41Z</time>
   </trkpt>
   <trkpt lat="51.4813150" lon="-0.2998800">
    <ele>4.7</ele>
    <time>2026-05-16T09:41:42Z</time>
   </trkpt>
   <trkpt lat="51.4813050" lon="-0.2998950">
    <ele>4.7</ele>
    <time>2026-05-16T09:41:43Z</time>
   </trkpt>
   <trkpt lat="51.4812940" lon="-0.2999100">
    <ele>4.7</ele>
    <time>2026-05-16T09:41:44Z</time>
   </trkpt>
   <trkpt lat="51.4812800" lon="-0.2999350">
    <ele>4.7</ele>
    <time>2026-05-16T09:41:45Z</time>
   </trkpt>
   <trkpt lat="51.4812720" lon="-0.2999440">
    <ele>4.7</ele>
    <time>2026-05-16T09:41:46Z</time>
   </trkpt>
   <trkpt lat="51.4812650" lon="-0.2999530">
    <ele>4.7</ele>
    <time>2026-05-16T09:41:47Z</time>
   </trkpt>
   <trkpt lat="51.4812530" lon="-0.2999650">
    <ele>4.7</ele>
    <time>2026-05-16T09:41:48Z</time>
   </trkpt>
   <trkpt lat="51.4812420" lon="-0.2999790">
    <ele>4.7</ele>
    <time>2026-05-16T09:41:49Z</time>
   </trkpt>
   <trkpt lat="51.4812330" lon="-0.2999980">
    <ele>4.7</ele>
    <time>2026-05-16T09:41:50Z</time>
   </trkpt>
   <trkpt lat="51.4812210" lon="-0.3000100">
    <ele>4.7</ele>
    <time>2026-05-16T09:41:51Z</time>
   </trkpt>
   <trkpt lat="51.4812030" lon="-0.3000290">
    <ele>4.7</ele>
    <time>2026-05-16T09:41:52Z</time>
   </trkpt>
   <trkpt lat="51.4811960" lon="-0.3000400">
    <ele>4.7</ele>
    <time>2026-05-16T09:41:53Z</time>
   </trkpt>
   <trkpt lat="51.4811890" lon="-0.3000500">
    <ele>4.7</ele>
    <time>2026-05-16T09:41:54Z</time>
   </trkpt>
   <trkpt lat="51.4811780" lon="-0.3000640">
    <ele>4.7</ele>
    <time>2026-05-16T09:41:55Z</time>
   </trkpt>
   <trkpt lat="51.4811640" lon="-0.3000710">
    <ele>4.7</ele>
    <time>2026-05-16T09:41:56Z</time>
   </trkpt>
   <trkpt lat="51.4811540" lon="-0.3000860">
    <ele>4.7</ele>
    <time>2026-05-16T09:41:57Z</time>
   </trkpt>
   <trkpt lat="51.4811470" lon="-0.3000990">
    <ele>4.7</ele>
    <time>2026-05-16T09:41:58Z</time>
   </trkpt>
   <trkpt lat="51.4811350" lon="-0.3001060">
    <ele>4.7</ele>
    <time>2026-05-16T09:41:59Z</time>
   </trkpt>
   <trkpt lat="51.4811220" lon="-0.3001170">
    <ele>4.7</ele>
    <time>2026-05-16T09:42:00Z</time>
   </trkpt>
   <trkpt lat="51.4811110" lon="-0.3001290">
    <ele>4.7</ele>
    <time>2026-05-16T09:42:01Z</time>
   </trkpt>
   <trkpt lat="51.4811020" lon="-0.3001460">
    <ele>4.7</ele>
    <time>2026-05-16T09:42:02Z</time>
   </trkpt>
   <trkpt lat="51.4810890" lon="-0.3001600">
    <ele>4.7</ele>
    <time>2026-05-16T09:42:03Z</time>
   </trkpt>
   <trkpt lat="51.4810760" lon="-0.3001730">
    <ele>4.7</ele>
    <time>2026-05-16T09:42:04Z</time>
   </trkpt>
   <trkpt lat="51.4810630" lon="-0.3001830">
    <ele>4.7</ele>
    <time>2026-05-16T09:42:05Z</time>
   </trkpt>
   <trkpt lat="51.4810450" lon="-0.3002060">
    <ele>4.7</ele>
    <time>2026-05-16T09:42:06Z</time>
   </trkpt>
   <trkpt lat="51.4810390" lon="-0.3002150">
    <ele>4.7</ele>
    <time>2026-05-16T09:42:07Z</time>
   </trkpt>
   <trkpt lat="51.4810320" lon="-0.3002250">
    <ele>4.7</ele>
    <time>2026-05-16T09:42:08Z</time>
   </trkpt>
   <trkpt lat="51.4810150" lon="-0.3002470">
    <ele>4.7</ele>
    <time>2026-05-16T09:42:09Z</time>
   </trkpt>
   <trkpt lat="51.4810100" lon="-0.3002570">
    <ele>4.7</ele>
    <time>2026-05-16T09:42:10Z</time>
   </trkpt>
   <trkpt lat="51.4810040" lon="-0.3002660">
    <ele>4.7</ele>
    <time>2026-05-16T09:42:11Z</time>
   </trkpt>
   <trkpt lat="51.4809890" lon="-0.3002900">
    <ele>4.7</ele>
    <time>2026-05-16T09:42:12Z</time>
   </trkpt>
   <trkpt lat="51.4809820" lon="-0.3002990">
    <ele>4.7</ele>
    <time>2026-05-16T09:42:13Z</time>
   </trkpt>
   <trkpt lat="51.4809760" lon="-0.3003070">
    <ele>4.7</ele>
    <time>2026-05-16T09:42:14Z</time>
   </trkpt>
   <trkpt lat="51.4809640" lon="-0.3003180">
    <ele>4.7</ele>
    <time>2026-05-16T09:42:15Z</time>
   </trkpt>
   <trkpt lat="51.4809570" lon="-0.3003370">
    <ele>4.7</ele>
    <time>2026-05-16T09:42:16Z</time>
   </trkpt>
   <trkpt lat="51.4809490" lon="-0.3003570">
    <ele>4.7</ele>
    <time>2026-05-16T09:42:17Z</time>
   </trkpt>
   <trkpt lat="51.4809390" lon="-0.3003700">
    <ele>4.7</ele>
    <time>2026-05-16T09:42:18Z</time>
   </trkpt>
   <trkpt lat="51.4809270" lon="-0.3003820">
    <ele>4.7</ele>
    <time>2026-05-16T09:42:19Z</time>
   </trkpt>
   <trkpt lat="51.4809180" lon="-0.3003970">
    <ele>4.7</ele>
    <time>2026-05-16T09:42:20Z</time>
   </trkpt>
   <trkpt lat="51.4808980" lon="-0.3004110">
    <ele>4.7</ele>
    <time>2026-05-16T09:42:21Z</time>
   </trkpt>
   <trkpt lat="51.4808920" lon="-0.3004200">
    <ele>4.7</ele>
    <time>2026-05-16T09:42:22Z</time>
   </trkpt>
   <trkpt lat="51.4808850" lon="-0.3004280">
    <ele>4.7</ele>
    <time>2026-05-16T09:42:23Z</time>
   </trkpt>
   <trkpt lat="51.4808710" lon="-0.3004370">
    <ele>4.7</ele>
    <time>2026-05-16T09:42:24Z</time>
   </trkpt>
   <trkpt lat="51.4808590" lon="-0.3004490">
    <ele>4.7</ele>
    <time>2026-05-16T09:42:25Z</time>
   </trkpt>
   <trkpt lat="51.4808490" lon="-0.3004620">
    <ele>4.7</ele>
    <time>2026-05-16T09:42:26Z</time>
   </trkpt>
   <trkpt lat="51.4808390" lon="-0.3004770">
    <ele>4.7</ele>
    <time>2026-05-16T09:42:27Z</time>
   </trkpt>
   <trkpt lat="51.4808220" lon="-0.3005000">
    <ele>4.7</ele>
    <time>2026-05-16T09:42:28Z</time>
   </trkpt>
   <trkpt lat="51.4808170" lon="-0.3005100">
    <ele>4.7</ele>
    <time>2026-05-16T09:42:29Z</time>
   </trkpt>
   <trkpt lat="51.4808110" lon="-0.3005200">
    <ele>4.8</ele>
    <time>2026-05-16T09:42:30Z</time>
   </trkpt>
   <trkpt lat="51.4807940" lon="-0.3005410">
    <ele>4.8</ele>
    <time>2026-05-16T09:42:31Z</time>
   </trkpt>
   <trkpt lat="51.4807860" lon="-0.3005490">
    <ele>4.8</ele>
    <time>2026-05-16T09:42:32Z</time>
   </trkpt>
   <trkpt lat="51.4807780" lon="-0.3005570">
    <ele>4.8</ele>
    <time>2026-05-16T09:42:33Z</time>
   </trkpt>
   <trkpt lat="51.4807610" lon="-0.3005780">
    <ele>4.8</ele>
    <time>2026-05-16T09:42:34Z</time>
   </trkpt>
   <trkpt lat="51.4807550" lon="-0.3005870">
    <ele>4.8</ele>
    <time>2026-05-16T09:42:35Z</time>
   </trkpt>
   <trkpt lat="51.4807490" lon="-0.3005950">
    <ele>4.8</ele>
    <time>2026-05-16T09:42:36Z</time>
   </trkpt>
   <trkpt lat="51.4807380" lon="-0.3006220">
    <ele>4.8</ele>
    <time>2026-05-16T09:42:37Z</time>
   </trkpt>
   <trkpt lat="51.4807320" lon="-0.3006330">
    <ele>4.8</ele>
    <time>2026-05-16T09:42:39Z</time>
   </trkpt>
   <trkpt lat="51.4807270" lon="-0.3006440">
    <ele>4.8</ele>
    <time>2026-05-16T09:42:40Z</time>
   </trkpt>
   <trkpt lat="51.4807100" lon="-0.3006650">
    <ele>4.8</ele>
    <time>2026-05-16T09:42:41Z</time>
   </trkpt>
   <trkpt lat="51.4807010" lon="-0.3006710">
    <ele>4.8</ele>
    <time>2026-05-16T09:42:42Z</time>
   </trkpt>
   <trkpt lat="51.4806920" lon="-0.3006770">
    <ele>4.8</ele>
    <time>2026-05-16T09:42:43Z</time>
   </trkpt>
   <trkpt lat="51.4806740" lon="-0.3006970">
    <ele>4.8</ele>
    <time>2026-05-16T09:42:44Z</time>
   </trkpt>
   <trkpt lat="51.4806680" lon="-0.3007080">
    <ele>4.8</ele>
    <time>2026-05-16T09:42:45Z</time>
   </trkpt>
   <trkpt lat="51.4806620" lon="-0.3007180">
    <ele>4.8</ele>
    <time>2026-05-16T09:42:46Z</time>
   </trkpt>
   <trkpt lat="51.4806430" lon="-0.3007360">
    <ele>4.7</ele>
    <time>2026-05-16T09:42:47Z</time>
   </trkpt>
   <trkpt lat="51.4806350" lon="-0.3007410">
    <ele>4.7</ele>
    <time>2026-05-16T09:42:48Z</time>
   </trkpt>
   <trkpt lat="51.4806270" lon="-0.3007470">
    <ele>4.7</ele>
    <time>2026-05-16T09:42:49Z</time>
   </trkpt>
   <trkpt lat="51.4806160" lon="-0.3007610">
    <ele>4.7</ele>
    <time>2026-05-16T09:42:50Z</time>
   </trkpt>
   <trkpt lat="51.4806020" lon="-0.3007660">
    <ele>4.7</ele>
    <time>2026-05-16T09:42:51Z</time>
   </trkpt>
   <trkpt lat="51.4805910" lon="-0.3007810">
    <ele>4.7</ele>
    <time>2026-05-16T09:42:52Z</time>
   </trkpt>
   <trkpt lat="51.4805850" lon="-0.3008060">
    <ele>4.7</ele>
    <time>2026-05-16T09:42:53Z</time>
   </trkpt>
   <trkpt lat="51.4805750" lon="-0.3008190">
    <ele>4.7</ele>
    <time>2026-05-16T09:42:54Z</time>
   </trkpt>
   <trkpt lat="51.4805560" lon="-0.3008400">
    <ele>4.7</ele>
    <time>2026-05-16T09:42:55Z</time>
   </trkpt>
   <trkpt lat="51.4805460" lon="-0.3008560">
    <ele>4.7</ele>
    <time>2026-05-16T09:42:56Z</time>
   </trkpt>
   <trkpt lat="51.4805350" lon="-0.3008680">
    <ele>4.7</ele>
    <time>2026-05-16T09:42:57Z</time>
   </trkpt>
   <trkpt lat="51.4805230" lon="-0.3008780">
    <ele>4.7</ele>
    <time>2026-05-16T09:42:58Z</time>
   </trkpt>
   <trkpt lat="51.4805110" lon="-0.3008880">
    <ele>4.7</ele>
    <time>2026-05-16T09:42:59Z</time>
   </trkpt>
   <trkpt lat="51.4805010" lon="-0.3008990">
    <ele>4.7</ele>
    <time>2026-05-16T09:43:00Z</time>
   </trkpt>
   <trkpt lat="51.4804920" lon="-0.3009110">
    <ele>4.7</ele>
    <time>2026-05-16T09:43:01Z</time>
   </trkpt>
   <trkpt lat="51.4804850" lon="-0.3009280">
    <ele>4.7</ele>
    <time>2026-05-16T09:43:02Z</time>
   </trkpt>
   <trkpt lat="51.4804750" lon="-0.3009460">
    <ele>4.7</ele>
    <time>2026-05-16T09:43:03Z</time>
   </trkpt>
   <trkpt lat="51.4804620" lon="-0.3009580">
    <ele>4.7</ele>
    <time>2026-05-16T09:43:04Z</time>
   </trkpt>
   <trkpt lat="51.4804490" lon="-0.3009710">
    <ele>4.7</ele>
    <time>2026-05-16T09:43:05Z</time>
   </trkpt>
   <trkpt lat="51.4804370" lon="-0.3009830">
    <ele>4.7</ele>
    <time>2026-05-16T09:43:06Z</time>
   </trkpt>
   <trkpt lat="51.4804250" lon="-0.3009960">
    <ele>4.7</ele>
    <time>2026-05-16T09:43:07Z</time>
   </trkpt>
   <trkpt lat="51.4804140" lon="-0.3010060">
    <ele>4.7</ele>
    <time>2026-05-16T09:43:08Z</time>
   </trkpt>
   <trkpt lat="51.4803970" lon="-0.3010280">
    <ele>4.7</ele>
    <time>2026-05-16T09:43:09Z</time>
   </trkpt>
   <trkpt lat="51.4803910" lon="-0.3010390">
    <ele>4.7</ele>
    <time>2026-05-16T09:43:10Z</time>
   </trkpt>
   <trkpt lat="51.4803860" lon="-0.3010510">
    <ele>4.7</ele>
    <time>2026-05-16T09:43:11Z</time>
   </trkpt>
   <trkpt lat="51.4803760" lon="-0.3010650">
    <ele>4.7</ele>
    <time>2026-05-16T09:43:12Z</time>
   </trkpt>
   <trkpt lat="51.4803610" lon="-0.3010730">
    <ele>4.7</ele>
    <time>2026-05-16T09:43:13Z</time>
   </trkpt>
   <trkpt lat="51.4803450" lon="-0.3010960">
    <ele>4.7</ele>
    <time>2026-05-16T09:43:14Z</time>
   </trkpt>
   <trkpt lat="51.4803370" lon="-0.3011060">
    <ele>4.7</ele>
    <time>2026-05-16T09:43:15Z</time>
   </trkpt>
   <trkpt lat="51.4803300" lon="-0.3011150">
    <ele>4.7</ele>
    <time>2026-05-16T09:43:16Z</time>
   </trkpt>
   <trkpt lat="51.4803210" lon="-0.3011290">
    <ele>4.7</ele>
    <time>2026-05-16T09:43:17Z</time>
   </trkpt>
   <trkpt lat="51.4803110" lon="-0.3011390">
    <ele>4.7</ele>
    <time>2026-05-16T09:43:18Z</time>
   </trkpt>
   <trkpt lat="51.4803040" lon="-0.3011540">
    <ele>4.7</ele>
    <time>2026-05-16T09:43:19Z</time>
   </trkpt>
   <trkpt lat="51.4802870" lon="-0.3011750">
    <ele>4.7</ele>
    <time>2026-05-16T09:43:20Z</time>
   </trkpt>
   <trkpt lat="51.4802810" lon="-0.3011820">
    <ele>4.8</ele>
    <time>2026-05-16T09:43:21Z</time>
   </trkpt>
   <trkpt lat="51.4802740" lon="-0.3011890">
    <ele>4.8</ele>
    <time>2026-05-16T09:43:22Z</time>
   </trkpt>
   <trkpt lat="51.4802660" lon="-0.3012070">
    <ele>4.8</ele>
    <time>2026-05-16T09:43:23Z</time>
   </trkpt>
   <trkpt lat="51.4802610" lon="-0.3012240">
    <ele>4.8</ele>
    <time>2026-05-16T09:43:24Z</time>
   </trkpt>
   <trkpt lat="51.4802530" lon="-0.3012360">
    <ele>4.8</ele>
    <time>2026-05-16T09:43:25Z</time>
   </trkpt>
   <trkpt lat="51.4802350" lon="-0.3012550">
    <ele>4.8</ele>
    <time>2026-05-16T09:43:26Z</time>
   </trkpt>
   <trkpt lat="51.4802280" lon="-0.3012620">
    <ele>4.8</ele>
    <time>2026-05-16T09:43:27Z</time>
   </trkpt>
   <trkpt lat="51.4802200" lon="-0.3012680">
    <ele>4.8</ele>
    <time>2026-05-16T09:43:28Z</time>
   </trkpt>
   <trkpt lat="51.4802080" lon="-0.3012790">
    <ele>4.8</ele>
    <time>2026-05-16T09:43:29Z</time>
   </trkpt>
   <trkpt lat="51.4801970" lon="-0.3012960">
    <ele>4.8</ele>
    <time>2026-05-16T09:43:30Z</time>
   </trkpt>
   <trkpt lat="51.4801870" lon="-0.3013120">
    <ele>4.8</ele>
    <time>2026-05-16T09:43:31Z</time>
   </trkpt>
   <trkpt lat="51.4801780" lon="-0.3013300">
    <ele>4.8</ele>
    <time>2026-05-16T09:43:32Z</time>
   </trkpt>
   <trkpt lat="51.4801630" lon="-0.3013360">
    <ele>4.8</ele>
    <time>2026-05-16T09:43:33Z</time>
   </trkpt>
   <trkpt lat="51.4801490" lon="-0.3013420">
    <ele>4.8</ele>
    <time>2026-05-16T09:43:34Z</time>
   </trkpt>
   <trkpt lat="51.4801370" lon="-0.3013500">
    <ele>4.8</ele>
    <time>2026-05-16T09:43:35Z</time>
   </trkpt>
   <trkpt lat="51.4801260" lon="-0.3013660">
    <ele>4.8</ele>
    <time>2026-05-16T09:43:36Z</time>
   </trkpt>
   <trkpt lat="51.4801130" lon="-0.3013770">
    <ele>4.8</ele>
    <time>2026-05-16T09:43:37Z</time>
   </trkpt>
   <trkpt lat="51.4801020" lon="-0.3013890">
    <ele>4.8</ele>
    <time>2026-05-16T09:43:38Z</time>
   </trkpt>
   <trkpt lat="51.4800880" lon="-0.3014000">
    <ele>4.8</ele>
    <time>2026-05-16T09:43:39Z</time>
   </trkpt>
   <trkpt lat="51.4800790" lon="-0.3014180">
    <ele>4.8</ele>
    <time>2026-05-16T09:43:40Z</time>
   </trkpt>
   <trkpt lat="51.4800620" lon="-0.3014400">
    <ele>4.8</ele>
    <time>2026-05-16T09:43:41Z</time>
   </trkpt>
   <trkpt lat="51.4800560" lon="-0.3014500">
    <ele>4.8</ele>
    <time>2026-05-16T09:43:42Z</time>
   </trkpt>
   <trkpt lat="51.4800500" lon="-0.3014610">
    <ele>4.9</ele>
    <time>2026-05-16T09:43:43Z</time>
   </trkpt>
   <trkpt lat="51.4800400" lon="-0.3014790">
    <ele>4.9</ele>
    <time>2026-05-16T09:43:44Z</time>
   </trkpt>
   <trkpt lat="51.4800310" lon="-0.3014980">
    <ele>4.9</ele>
    <time>2026-05-16T09:43:45Z</time>
   </trkpt>
   <trkpt lat="51.4800190" lon="-0.3015170">
    <ele>4.9</ele>
    <time>2026-05-16T09:43:46Z</time>
   </trkpt>
   <trkpt lat="51.4800040" lon="-0.3015280">
    <ele>4.9</ele>
    <time>2026-05-16T09:43:47Z</time>
   </trkpt>
   <trkpt lat="51.4799870" lon="-0.3015480">
    <ele>4.9</ele>
    <time>2026-05-16T09:43:48Z</time>
   </trkpt>
   <trkpt lat="51.4799810" lon="-0.3015570">
    <ele>4.9</ele>
    <time>2026-05-16T09:43:49Z</time>
   </trkpt>
   <trkpt lat="51.4799740" lon="-0.3015650">
    <ele>4.9</ele>
    <time>2026-05-16T09:43:50Z</time>
   </trkpt>
   <trkpt lat="51.4799580" lon="-0.3015850">
    <ele>4.9</ele>
    <time>2026-05-16T09:43:51Z</time>
   </trkpt>
   <trkpt lat="51.4799510" lon="-0.3015940">
    <ele>4.9</ele>
    <time>2026-05-16T09:43:52Z</time>
   </trkpt>
   <trkpt lat="51.4799440" lon="-0.3016020">
    <ele>4.9</ele>
    <time>2026-05-16T09:43:53Z</time>
   </trkpt>
   <trkpt lat="51.4799320" lon="-0.3016150">
    <ele>4.9</ele>
    <time>2026-05-16T09:43:54Z</time>
   </trkpt>
   <trkpt lat="51.4799210" lon="-0.3016270">
    <ele>4.9</ele>
    <time>2026-05-16T09:43:55Z</time>
   </trkpt>
   <trkpt lat="51.4799020" lon="-0.3016470">
    <ele>4.9</ele>
    <time>2026-05-16T09:43:56Z</time>
   </trkpt>
   <trkpt lat="51.4798950" lon="-0.3016550">
    <ele>4.9</ele>
    <time>2026-05-16T09:43:57Z</time>
   </trkpt>
   <trkpt lat="51.4798880" lon="-0.3016640">
    <ele>4.9</ele>
    <time>2026-05-16T09:43:58Z</time>
   </trkpt>
   <trkpt lat="51.4798770" lon="-0.3016810">
    <ele>4.9</ele>
    <time>2026-05-16T09:43:59Z</time>
   </trkpt>
   <trkpt lat="51.4798640" lon="-0.3016930">
    <ele>4.9</ele>
    <time>2026-05-16T09:44:00Z</time>
   </trkpt>
   <trkpt lat="51.4798570" lon="-0.3017110">
    <ele>4.9</ele>
    <time>2026-05-16T09:44:01Z</time>
   </trkpt>
   <trkpt lat="51.4798440" lon="-0.3017220">
    <ele>4.9</ele>
    <time>2026-05-16T09:44:02Z</time>
   </trkpt>
   <trkpt lat="51.4798340" lon="-0.3017370">
    <ele>4.9</ele>
    <time>2026-05-16T09:44:03Z</time>
   </trkpt>
   <trkpt lat="51.4798240" lon="-0.3017550">
    <ele>4.9</ele>
    <time>2026-05-16T09:44:04Z</time>
   </trkpt>
   <trkpt lat="51.4798130" lon="-0.3017710">
    <ele>4.9</ele>
    <time>2026-05-16T09:44:05Z</time>
   </trkpt>
   <trkpt lat="51.4798020" lon="-0.3017870">
    <ele>4.9</ele>
    <time>2026-05-16T09:44:06Z</time>
   </trkpt>
   <trkpt lat="51.4797840" lon="-0.3018080">
    <ele>4.9</ele>
    <time>2026-05-16T09:44:07Z</time>
   </trkpt>
   <trkpt lat="51.4797760" lon="-0.3018140">
    <ele>4.9</ele>
    <time>2026-05-16T09:44:08Z</time>
   </trkpt>
   <trkpt lat="51.4797670" lon="-0.3018200">
    <ele>4.9</ele>
    <time>2026-05-16T09:44:09Z</time>
   </trkpt>
   <trkpt lat="51.4797470" lon="-0.3018340">
    <ele>4.9</ele>
    <time>2026-05-16T09:44:10Z</time>
   </trkpt>
   <trkpt lat="51.4797370" lon="-0.3018360">
    <ele>5.0</ele>
    <time>2026-05-16T09:44:11Z</time>
   </trkpt>
   <trkpt lat="51.4797280" lon="-0.3018390">
    <ele>5.0</ele>
    <time>2026-05-16T09:44:12Z</time>
   </trkpt>
   <trkpt lat="51.4797140" lon="-0.3018500">
    <ele>5.0</ele>
    <time>2026-05-16T09:44:13Z</time>
   </trkpt>
   <trkpt lat="51.4797010" lon="-0.3018620">
    <ele>5.0</ele>
    <time>2026-05-16T09:44:14Z</time>
   </trkpt>
   <trkpt lat="51.4796870" lon="-0.3018900">
    <ele>5.0</ele>
    <time>2026-05-16T09:44:15Z</time>
   </trkpt>
   <trkpt lat="51.4796820" lon="-0.3019010">
    <ele>5.0</ele>
    <time>2026-05-16T09:44:16Z</time>
   </trkpt>
   <trkpt lat="51.4796760" lon="-0.3019120">
    <ele>5.0</ele>
    <time>2026-05-16T09:44:17Z</time>
   </trkpt>
   <trkpt lat="51.4796590" lon="-0.3019310">
    <ele>5.0</ele>
    <time>2026-05-16T09:44:18Z</time>
   </trkpt>
   <trkpt lat="51.4796510" lon="-0.3019390">
    <ele>5.0</ele>
    <time>2026-05-16T09:44:19Z</time>
   </trkpt>
   <trkpt lat="51.4796440" lon="-0.3019460">
    <ele>5.0</ele>
    <time>2026-05-16T09:44:20Z</time>
   </trkpt>
   <trkpt lat="51.4796270" lon="-0.3019610">
    <ele>5.0</ele>
    <time>2026-05-16T09:44:21Z</time>
   </trkpt>
   <trkpt lat="51.4796200" lon="-0.3019680">
    <ele>5.0</ele>
    <time>2026-05-16T09:44:22Z</time>
   </trkpt>
   <trkpt lat="51.4796130" lon="-0.3019750">
    <ele>5.0</ele>
    <time>2026-05-16T09:44:23Z</time>
   </trkpt>
   <trkpt lat="51.4796050" lon="-0.3019860">
    <ele>5.0</ele>
    <time>2026-05-16T09:44:24Z</time>
   </trkpt>
   <trkpt lat="51.4796020" lon="-0.3020010">
    <ele>5.0</ele>
    <time>2026-05-16T09:44:25Z</time>
   </trkpt>
   <trkpt lat="51.4795960" lon="-0.3020110">
    <ele>5.0</ele>
    <time>2026-05-16T09:44:26Z</time>
   </trkpt>
   <trkpt lat="51.4795910" lon="-0.3020170">
    <ele>5.0</ele>
    <time>2026-05-16T09:44:27Z</time>
   </trkpt>
   <trkpt lat="51.4795770" lon="-0.3020270">
    <ele>5.0</ele>
    <time>2026-05-16T09:44:28Z</time>
   </trkpt>
   <trkpt lat="51.4795720" lon="-0.3020350">
    <ele>5.0</ele>
    <time>2026-05-16T09:44:29Z</time>
   </trkpt>
   <trkpt lat="51.4795650" lon="-0.3020520">
    <ele>5.0</ele>
    <time>2026-05-16T09:44:30Z</time>
   </trkpt>
   <trkpt lat="51.4795500" lon="-0.3020750">
    <ele>5.0</ele>
    <time>2026-05-16T09:44:31Z</time>
   </trkpt>
   <trkpt lat="51.4795370" lon="-0.3020900">
    <ele>5.0</ele>
    <time>2026-05-16T09:44:32Z</time>
   </trkpt>
   <trkpt lat="51.4795250" lon="-0.3021050">
    <ele>5.0</ele>
    <time>2026-05-16T09:44:33Z</time>
   </trkpt>
   <trkpt lat="51.4795150" lon="-0.3021240">
    <ele>5.0</ele>
    <time>2026-05-16T09:44:34Z</time>
   </trkpt>
   <trkpt lat="51.4795030" lon="-0.3021420">
    <ele>5.0</ele>
    <time>2026-05-16T09:44:35Z</time>
   </trkpt>
   <trkpt lat="51.4794920" lon="-0.3021610">
    <ele>5.0</ele>
    <time>2026-05-16T09:44:36Z</time>
   </trkpt>
   <trkpt lat="51.4794800" lon="-0.3021720">
    <ele>5.0</ele>
    <time>2026-05-16T09:44:37Z</time>
   </trkpt>
   <trkpt lat="51.4794680" lon="-0.3021790">
    <ele>5.0</ele>
    <time>2026-05-16T09:44:38Z</time>
   </trkpt>
   <trkpt lat="51.4794620" lon="-0.3021820">
    <ele>5.0</ele>
    <time>2026-05-16T09:44:39Z</time>
   </trkpt>
   <trkpt lat="51.4794540" lon="-0.3021920">
    <ele>5.0</ele>
    <time>2026-05-16T09:44:40Z</time>
   </trkpt>
   <trkpt lat="51.4794410" lon="-0.3022050">
    <ele>5.0</ele>
    <time>2026-05-16T09:44:41Z</time>
   </trkpt>
   <trkpt lat="51.4794290" lon="-0.3022260">
    <ele>5.0</ele>
    <time>2026-05-16T09:44:42Z</time>
   </trkpt>
   <trkpt lat="51.4794170" lon="-0.3022360">
    <ele>5.0</ele>
    <time>2026-05-16T09:44:43Z</time>
   </trkpt>
   <trkpt lat="51.4794060" lon="-0.3022490">
    <ele>5.0</ele>
    <time>2026-05-16T09:44:45Z</time>
   </trkpt>
   <trkpt lat="51.4793940" lon="-0.3022590">
    <ele>5.0</ele>
    <time>2026-05-16T09:44:46Z</time>
   </trkpt>
   <trkpt lat="51.4793780" lon="-0.3022710">
    <ele>5.0</ele>
    <time>2026-05-16T09:44:47Z</time>
   </trkpt>
   <trkpt lat="51.4793630" lon="-0.3022810">
    <ele>5.0</ele>
    <time>2026-05-16T09:44:48Z</time>
   </trkpt>
   <trkpt lat="51.4793530" lon="-0.3022940">
    <ele>5.0</ele>
    <time>2026-05-16T09:44:49Z</time>
   </trkpt>
   <trkpt lat="51.4793400" lon="-0.3023040">
    <ele>5.0</ele>
    <time>2026-05-16T09:44:50Z</time>
   </trkpt>
   <trkpt lat="51.4793250" lon="-0.3023110">
    <ele>5.0</ele>
    <time>2026-05-16T09:44:51Z</time>
   </trkpt>
   <trkpt lat="51.4793120" lon="-0.3023210">
    <ele>5.0</ele>
    <time>2026-05-16T09:44:52Z</time>
   </trkpt>
   <trkpt lat="51.4793010" lon="-0.3023350">
    <ele>5.0</ele>
    <time>2026-05-16T09:44:53Z</time>
   </trkpt>
   <trkpt lat="51.4792830" lon="-0.3023560">
    <ele>5.0</ele>
    <time>2026-05-16T09:44:54Z</time>
   </trkpt>
   <trkpt lat="51.4792780" lon="-0.3023650">
    <ele>5.0</ele>
    <time>2026-05-16T09:44:55Z</time>
   </trkpt>
   <trkpt lat="51.4792720" lon="-0.3023750">
    <ele>5.0</ele>
    <time>2026-05-16T09:44:56Z</time>
   </trkpt>
   <trkpt lat="51.4792580" lon="-0.3023960">
    <ele>5.0</ele>
    <time>2026-05-16T09:44:57Z</time>
   </trkpt>
   <trkpt lat="51.4792510" lon="-0.3024060">
    <ele>5.0</ele>
    <time>2026-05-16T09:44:58Z</time>
   </trkpt>
   <trkpt lat="51.4792440" lon="-0.3024160">
    <ele>5.0</ele>
    <time>2026-05-16T09:44:59Z</time>
   </trkpt>
   <trkpt lat="51.4792300" lon="-0.3024260">
    <ele>5.0</ele>
    <time>2026-05-16T09:45:00Z</time>
   </trkpt>
   <trkpt lat="51.4792180" lon="-0.3024350">
    <ele>5.0</ele>
    <time>2026-05-16T09:45:01Z</time>
   </trkpt>
   <trkpt lat="51.4792000" lon="-0.3024510">
    <ele>5.0</ele>
    <time>2026-05-16T09:45:02Z</time>
   </trkpt>
   <trkpt lat="51.4791930" lon="-0.3024600">
    <ele>5.0</ele>
    <time>2026-05-16T09:45:03Z</time>
   </trkpt>
   <trkpt lat="51.4791870" lon="-0.3024700">
    <ele>5.0</ele>
    <time>2026-05-16T09:45:04Z</time>
   </trkpt>
   <trkpt lat="51.4791630" lon="-0.3024940">
    <ele>5.0</ele>
    <time>2026-05-16T09:45:05Z</time>
   </trkpt>
   <trkpt lat="51.4791500" lon="-0.3025040">
    <ele>5.0</ele>
    <time>2026-05-16T09:45:06Z</time>
   </trkpt>
   <trkpt lat="51.4791370" lon="-0.3025140">
    <ele>5.0</ele>
    <time>2026-05-16T09:45:07Z</time>
   </trkpt>
   <trkpt lat="51.4791200" lon="-0.3025110">
    <ele>5.0</ele>
    <time>2026-05-16T09:45:08Z</time>
   </trkpt>
   <trkpt lat="51.4791110" lon="-0.3025310">
    <ele>5.0</ele>
    <time>2026-05-16T09:45:09Z</time>
   </trkpt>
   <trkpt lat="51.4790930" lon="-0.3025530">
    <ele>5.0</ele>
    <time>2026-05-16T09:45:10Z</time>
   </trkpt>
   <trkpt lat="51.4790850" lon="-0.3025610">
    <ele>5.0</ele>
    <time>2026-05-16T09:45:11Z</time>
   </trkpt>
   <trkpt lat="51.4790780" lon="-0.3025690">
    <ele>5.0</ele>
    <time>2026-05-16T09:45:12Z</time>
   </trkpt>
   <trkpt lat="51.4790670" lon="-0.3025860">
    <ele>5.0</ele>
    <time>2026-05-16T09:45:13Z</time>
   </trkpt>
   <trkpt lat="51.4790550" lon="-0.3025980">
    <ele>5.0</ele>
    <time>2026-05-16T09:45:14Z</time>
   </trkpt>
   <trkpt lat="51.4790360" lon="-0.3026170">
    <ele>5.0</ele>
    <time>2026-05-16T09:45:15Z</time>
   </trkpt>
   <trkpt lat="51.4790280" lon="-0.3026230">
    <ele>5.0</ele>
    <time>2026-05-16T09:45:16Z</time>
   </trkpt>
   <trkpt lat="51.4790210" lon="-0.3026300">
    <ele>5.0</ele>
    <time>2026-05-16T09:45:17Z</time>
   </trkpt>
   <trkpt lat="51.4790120" lon="-0.3026430">
    <ele>5.0</ele>
    <time>2026-05-16T09:45:18Z</time>
   </trkpt>
   <trkpt lat="51.4790020" lon="-0.3026610">
    <ele>5.0</ele>
    <time>2026-05-16T09:45:19Z</time>
   </trkpt>
   <trkpt lat="51.4789930" lon="-0.3026790">
    <ele>5.0</ele>
    <time>2026-05-16T09:45:20Z</time>
   </trkpt>
   <trkpt lat="51.4789820" lon="-0.3026940">
    <ele>5.0</ele>
    <time>2026-05-16T09:45:21Z</time>
   </trkpt>
   <trkpt lat="51.4789720" lon="-0.3027100">
    <ele>5.0</ele>
    <time>2026-05-16T09:45:22Z</time>
   </trkpt>
   <trkpt lat="51.4789590" lon="-0.3027210">
    <ele>5.0</ele>
    <time>2026-05-16T09:45:23Z</time>
   </trkpt>
   <trkpt lat="51.4789470" lon="-0.3027350">
    <ele>5.0</ele>
    <time>2026-05-16T09:45:24Z</time>
   </trkpt>
   <trkpt lat="51.4789370" lon="-0.3027500">
    <ele>5.0</ele>
    <time>2026-05-16T09:45:25Z</time>
   </trkpt>
   <trkpt lat="51.4789260" lon="-0.3027520">
    <ele>5.0</ele>
    <time>2026-05-16T09:45:26Z</time>
   </trkpt>
   <trkpt lat="51.4789170" lon="-0.3027630">
    <ele>5.0</ele>
    <time>2026-05-16T09:45:27Z</time>
   </trkpt>
   <trkpt lat="51.4789040" lon="-0.3027730">
    <ele>5.0</ele>
    <time>2026-05-16T09:45:28Z</time>
   </trkpt>
   <trkpt lat="51.4788900" lon="-0.3027890">
    <ele>5.0</ele>
    <time>2026-05-16T09:45:29Z</time>
   </trkpt>
   <trkpt lat="51.4788790" lon="-0.3028020">
    <ele>5.0</ele>
    <time>2026-05-16T09:45:30Z</time>
   </trkpt>
   <trkpt lat="51.4788660" lon="-0.3028110">
    <ele>5.0</ele>
    <time>2026-05-16T09:45:31Z</time>
   </trkpt>
   <trkpt lat="51.4788530" lon="-0.3028200">
    <ele>5.0</ele>
    <time>2026-05-16T09:45:32Z</time>
   </trkpt>
   <trkpt lat="51.4788390" lon="-0.3028280">
    <ele>5.0</ele>
    <time>2026-05-16T09:45:33Z</time>
   </trkpt>
   <trkpt lat="51.4788290" lon="-0.3028450">
    <ele>5.0</ele>
    <time>2026-05-16T09:45:34Z</time>
   </trkpt>
   <trkpt lat="51.4788160" lon="-0.3028540">
    <ele>5.0</ele>
    <time>2026-05-16T09:45:35Z</time>
   </trkpt>
   <trkpt lat="51.4788050" lon="-0.3028690">
    <ele>5.0</ele>
    <time>2026-05-16T09:45:36Z</time>
   </trkpt>
   <trkpt lat="51.4787920" lon="-0.3028830">
    <ele>5.0</ele>
    <time>2026-05-16T09:45:37Z</time>
   </trkpt>
   <trkpt lat="51.4787820" lon="-0.3028980">
    <ele>5.0</ele>
    <time>2026-05-16T09:45:38Z</time>
   </trkpt>
   <trkpt lat="51.4787700" lon="-0.3029120">
    <ele>5.0</ele>
    <time>2026-05-16T09:45:39Z</time>
   </trkpt>
   <trkpt lat="51.4787580" lon="-0.3029230">
    <ele>5.0</ele>
    <time>2026-05-16T09:45:40Z</time>
   </trkpt>
   <trkpt lat="51.4787460" lon="-0.3029360">
    <ele>5.0</ele>
    <time>2026-05-16T09:45:41Z</time>
   </trkpt>
   <trkpt lat="51.4787340" lon="-0.3029490">
    <ele>5.0</ele>
    <time>2026-05-16T09:45:42Z</time>
   </trkpt>
   <trkpt lat="51.4787180" lon="-0.3029700">
    <ele>5.0</ele>
    <time>2026-05-16T09:45:43Z</time>
   </trkpt>
   <trkpt lat="51.4787120" lon="-0.3029790">
    <ele>5.0</ele>
    <time>2026-05-16T09:45:44Z</time>
   </trkpt>
   <trkpt lat="51.4787060" lon="-0.3029880">
    <ele>5.0</ele>
    <time>2026-05-16T09:45:45Z</time>
   </trkpt>
   <trkpt lat="51.4786890" lon="-0.3030080">
    <ele>5.0</ele>
    <time>2026-05-16T09:45:46Z</time>
   </trkpt>
   <trkpt lat="51.4786800" lon="-0.3030150">
    <ele>5.0</ele>
    <time>2026-05-16T09:45:47Z</time>
   </trkpt>
   <trkpt lat="51.4786720" lon="-0.3030220">
    <ele>5.0</ele>
    <time>2026-05-16T09:45:48Z</time>
   </trkpt>
   <trkpt lat="51.4786590" lon="-0.3030270">
    <ele>5.0</ele>
    <time>2026-05-16T09:45:49Z</time>
   </trkpt>
   <trkpt lat="51.4786460" lon="-0.3030360">
    <ele>5.0</ele>
    <time>2026-05-16T09:45:50Z</time>
   </trkpt>
   <trkpt lat="51.4786310" lon="-0.3030420">
    <ele>5.0</ele>
    <time>2026-05-16T09:45:51Z</time>
   </trkpt>
   <trkpt lat="51.4786170" lon="-0.3030500">
    <ele>5.0</ele>
    <time>2026-05-16T09:45:52Z</time>
   </trkpt>
   <trkpt lat="51.4786050" lon="-0.3030570">
    <ele>5.0</ele>
    <time>2026-05-16T09:45:53Z</time>
   </trkpt>
   <trkpt lat="51.4785930" lon="-0.3030740">
    <ele>5.0</ele>
    <time>2026-05-16T09:45:54Z</time>
   </trkpt>
   <trkpt lat="51.4785820" lon="-0.3030910">
    <ele>5.0</ele>
    <time>2026-05-16T09:45:55Z</time>
   </trkpt>
   <trkpt lat="51.4785740" lon="-0.3031060">
    <ele>5.0</ele>
    <time>2026-05-16T09:45:56Z</time>
   </trkpt>
   <trkpt lat="51.4785550" lon="-0.3031270">
    <ele>4.9</ele>
    <time>2026-05-16T09:45:57Z</time>
   </trkpt>
   <trkpt lat="51.4785460" lon="-0.3031320">
    <ele>4.9</ele>
    <time>2026-05-16T09:45:58Z</time>
   </trkpt>
   <trkpt lat="51.4785380" lon="-0.3031380">
    <ele>4.9</ele>
    <time>2026-05-16T09:45:59Z</time>
   </trkpt>
   <trkpt lat="51.4785280" lon="-0.3031540">
    <ele>4.9</ele>
    <time>2026-05-16T09:46:00Z</time>
   </trkpt>
   <trkpt lat="51.4785160" lon="-0.3031710">
    <ele>4.9</ele>
    <time>2026-05-16T09:46:01Z</time>
   </trkpt>
   <trkpt lat="51.4785030" lon="-0.3031830">
    <ele>4.9</ele>
    <time>2026-05-16T09:46:02Z</time>
   </trkpt>
   <trkpt lat="51.4784870" lon="-0.3031930">
    <ele>4.9</ele>
    <time>2026-05-16T09:46:03Z</time>
   </trkpt>
   <trkpt lat="51.4784740" lon="-0.3032030">
    <ele>4.9</ele>
    <time>2026-05-16T09:46:04Z</time>
   </trkpt>
   <trkpt lat="51.4784630" lon="-0.3032150">
    <ele>4.9</ele>
    <time>2026-05-16T09:46:05Z</time>
   </trkpt>
   <trkpt lat="51.4784520" lon="-0.3032290">
    <ele>4.9</ele>
    <time>2026-05-16T09:46:06Z</time>
   </trkpt>
   <trkpt lat="51.4784390" lon="-0.3032380">
    <ele>4.9</ele>
    <time>2026-05-16T09:46:07Z</time>
   </trkpt>
   <trkpt lat="51.4784260" lon="-0.3032480">
    <ele>4.9</ele>
    <time>2026-05-16T09:46:08Z</time>
   </trkpt>
   <trkpt lat="51.4784170" lon="-0.3032640">
    <ele>5.0</ele>
    <time>2026-05-16T09:46:09Z</time>
   </trkpt>
   <trkpt lat="51.4784060" lon="-0.3032770">
    <ele>5.0</ele>
    <time>2026-05-16T09:46:10Z</time>
   </trkpt>
   <trkpt lat="51.4783930" lon="-0.3032870">
    <ele>5.0</ele>
    <time>2026-05-16T09:46:11Z</time>
   </trkpt>
   <trkpt lat="51.4783820" lon="-0.3032980">
    <ele>5.0</ele>
    <time>2026-05-16T09:46:12Z</time>
   </trkpt>
   <trkpt lat="51.4783690" lon="-0.3033110">
    <ele>5.0</ele>
    <time>2026-05-16T09:46:13Z</time>
   </trkpt>
   <trkpt lat="51.4783560" lon="-0.3033190">
    <ele>5.0</ele>
    <time>2026-05-16T09:46:14Z</time>
   </trkpt>
   <trkpt lat="51.4783440" lon="-0.3033290">
    <ele>5.0</ele>
    <time>2026-05-16T09:46:15Z</time>
   </trkpt>
   <trkpt lat="51.4783250" lon="-0.3033430">
    <ele>5.0</ele>
    <time>2026-05-16T09:46:16Z</time>
   </trkpt>
   <trkpt lat="51.4783170" lon="-0.3033530">
    <ele>5.0</ele>
    <time>2026-05-16T09:46:17Z</time>
   </trkpt>
   <trkpt lat="51.4783100" lon="-0.3033630">
    <ele>5.0</ele>
    <time>2026-05-16T09:46:18Z</time>
   </trkpt>
   <trkpt lat="51.4782930" lon="-0.3033850">
    <ele>5.0</ele>
    <time>2026-05-16T09:46:19Z</time>
   </trkpt>
   <trkpt lat="51.4782850" lon="-0.3033920">
    <ele>5.0</ele>
    <time>2026-05-16T09:46:20Z</time>
   </trkpt>
   <trkpt lat="51.4782770" lon="-0.3034000">
    <ele>5.0</ele>
    <time>2026-05-16T09:46:21Z</time>
   </trkpt>
   <trkpt lat="51.4782610" lon="-0.3034050">
    <ele>5.0</ele>
    <time>2026-05-16T09:46:22Z</time>
   </trkpt>
   <trkpt lat="51.4782470" lon="-0.3034170">
    <ele>5.0</ele>
    <time>2026-05-16T09:46:23Z</time>
   </trkpt>
   <trkpt lat="51.4782380" lon="-0.3034310">
    <ele>5.0</ele>
    <time>2026-05-16T09:46:24Z</time>
   </trkpt>
   <trkpt lat="51.4782290" lon="-0.3034430">
    <ele>5.0</ele>
    <time>2026-05-16T09:46:25Z</time>
   </trkpt>
   <trkpt lat="51.4782130" lon="-0.3034350">
    <ele>5.0</ele>
    <time>2026-05-16T09:46:26Z</time>
   </trkpt>
   <trkpt lat="51.4782010" lon="-0.3034460">
    <ele>5.0</ele>
    <time>2026-05-16T09:46:27Z</time>
   </trkpt>
   <trkpt lat="51.4781880" lon="-0.3034610">
    <ele>5.0</ele>
    <time>2026-05-16T09:46:28Z</time>
   </trkpt>
   <trkpt lat="51.4781760" lon="-0.3034760">
    <ele>5.0</ele>
    <time>2026-05-16T09:46:29Z</time>
   </trkpt>
   <trkpt lat="51.4781650" lon="-0.3034860">
    <ele>5.0</ele>
    <time>2026-05-16T09:46:30Z</time>
   </trkpt>
   <trkpt lat="51.4781510" lon="-0.3035110">
    <ele>5.0</ele>
    <time>2026-05-16T09:46:31Z</time>
   </trkpt>
   <trkpt lat="51.4781450" lon="-0.3035190">
    <ele>5.0</ele>
    <time>2026-05-16T09:46:32Z</time>
   </trkpt>
   <trkpt lat="51.4781390" lon="-0.3035280">
    <ele>5.0</ele>
    <time>2026-05-16T09:46:33Z</time>
   </trkpt>
   <trkpt lat="51.4781300" lon="-0.3035440">
    <ele>5.0</ele>
    <time>2026-05-16T09:46:34Z</time>
   </trkpt>
   <trkpt lat="51.4781180" lon="-0.3035610">
    <ele>5.0</ele>
    <time>2026-05-16T09:46:35Z</time>
   </trkpt>
   <trkpt lat="51.4781030" lon="-0.3035670">
    <ele>5.0</ele>
    <time>2026-05-16T09:46:36Z</time>
   </trkpt>
   <trkpt lat="51.4780950" lon="-0.3035830">
    <ele>5.0</ele>
    <time>2026-05-16T09:46:37Z</time>
   </trkpt>
   <trkpt lat="51.4780810" lon="-0.3035890">
    <ele>5.0</ele>
    <time>2026-05-16T09:46:38Z</time>
   </trkpt>
   <trkpt lat="51.4780680" lon="-0.3035990">
    <ele>5.0</ele>
    <time>2026-05-16T09:46:39Z</time>
   </trkpt>
   <trkpt lat="51.4780550" lon="-0.3036090">
    <ele>5.0</ele>
    <time>2026-05-16T09:46:40Z</time>
   </trkpt>
   <trkpt lat="51.4780430" lon="-0.3036250">
    <ele>5.0</ele>
    <time>2026-05-16T09:46:41Z</time>
   </trkpt>
   <trkpt lat="51.4780310" lon="-0.3036370">
    <ele>5.0</ele>
    <time>2026-05-16T09:46:42Z</time>
   </trkpt>
   <trkpt lat="51.4780170" lon="-0.3036500">
    <ele>5.0</ele>
    <time>2026-05-16T09:46:43Z</time>
   </trkpt>
   <trkpt lat="51.4780040" lon="-0.3036620">
    <ele>5.0</ele>
    <time>2026-05-16T09:46:44Z</time>
   </trkpt>
   <trkpt lat="51.4779920" lon="-0.3036720">
    <ele>5.0</ele>
    <time>2026-05-16T09:46:45Z</time>
   </trkpt>
   <trkpt lat="51.4779800" lon="-0.3036840">
    <ele>4.9</ele>
    <time>2026-05-16T09:46:46Z</time>
   </trkpt>
   <trkpt lat="51.4779680" lon="-0.3036990">
    <ele>4.9</ele>
    <time>2026-05-16T09:46:47Z</time>
   </trkpt>
   <trkpt lat="51.4779580" lon="-0.3037120">
    <ele>4.9</ele>
    <time>2026-05-16T09:46:48Z</time>
   </trkpt>
   <trkpt lat="51.4779500" lon="-0.3037260">
    <ele>4.9</ele>
    <time>2026-05-16T09:46:49Z</time>
   </trkpt>
   <trkpt lat="51.4779430" lon="-0.3037460">
    <ele>4.9</ele>
    <time>2026-05-16T09:46:51Z</time>
   </trkpt>
   <trkpt lat="51.4779240" lon="-0.3037670">
    <ele>4.9</ele>
    <time>2026-05-16T09:46:52Z</time>
   </trkpt>
   <trkpt lat="51.4779150" lon="-0.3037720">
    <ele>4.9</ele>
    <time>2026-05-16T09:46:53Z</time>
   </trkpt>
   <trkpt lat="51.4779060" lon="-0.3037760">
    <ele>4.9</ele>
    <time>2026-05-16T09:46:54Z</time>
   </trkpt>
   <trkpt lat="51.4778890" lon="-0.3037950">
    <ele>4.9</ele>
    <time>2026-05-16T09:46:55Z</time>
   </trkpt>
   <trkpt lat="51.4778800" lon="-0.3038010">
    <ele>4.9</ele>
    <time>2026-05-16T09:46:56Z</time>
   </trkpt>
   <trkpt lat="51.4778720" lon="-0.3038060">
    <ele>4.9</ele>
    <time>2026-05-16T09:46:57Z</time>
   </trkpt>
   <trkpt lat="51.4778590" lon="-0.3038150">
    <ele>4.9</ele>
    <time>2026-05-16T09:46:58Z</time>
   </trkpt>
   <trkpt lat="51.4778450" lon="-0.3038230">
    <ele>4.9</ele>
    <time>2026-05-16T09:46:59Z</time>
   </trkpt>
   <trkpt lat="51.4778260" lon="-0.3038400">
    <ele>4.9</ele>
    <time>2026-05-16T09:47:00Z</time>
   </trkpt>
   <trkpt lat="51.4778190" lon="-0.3038470">
    <ele>4.9</ele>
    <time>2026-05-16T09:47:01Z</time>
   </trkpt>
   <trkpt lat="51.4778120" lon="-0.3038550">
    <ele>4.9</ele>
    <time>2026-05-16T09:47:02Z</time>
   </trkpt>
   <trkpt lat="51.4777930" lon="-0.3038730">
    <ele>4.9</ele>
    <time>2026-05-16T09:47:03Z</time>
   </trkpt>
   <trkpt lat="51.4777850" lon="-0.3038790">
    <ele>4.9</ele>
    <time>2026-05-16T09:47:04Z</time>
   </trkpt>
   <trkpt lat="51.4777770" lon="-0.3038850">
    <ele>4.9</ele>
    <time>2026-05-16T09:47:05Z</time>
   </trkpt>
   <trkpt lat="51.4777580" lon="-0.3039020">
    <ele>4.9</ele>
    <time>2026-05-16T09:47:06Z</time>
   </trkpt>
   <trkpt lat="51.4777500" lon="-0.3039110">
    <ele>4.9</ele>
    <time>2026-05-16T09:47:07Z</time>
   </trkpt>
   <trkpt lat="51.4777430" lon="-0.3039200">
    <ele>4.9</ele>
    <time>2026-05-16T09:47:08Z</time>
   </trkpt>
   <trkpt lat="51.4777310" lon="-0.3039350">
    <ele>4.9</ele>
    <time>2026-05-16T09:47:09Z</time>
   </trkpt>
   <trkpt lat="51.4777200" lon="-0.3039450">
    <ele>4.9</ele>
    <time>2026-05-16T09:47:10Z</time>
   </trkpt>
   <trkpt lat="51.4777060" lon="-0.3039540">
    <ele>4.9</ele>
    <time>2026-05-16T09:47:11Z</time>
   </trkpt>
   <trkpt lat="51.4776950" lon="-0.3039680">
    <ele>4.9</ele>
    <time>2026-05-16T09:47:12Z</time>
   </trkpt>
   <trkpt lat="51.4776820" lon="-0.3039770">
    <ele>4.9</ele>
    <time>2026-05-16T09:47:13Z</time>
   </trkpt>
   <trkpt lat="51.4776700" lon="-0.3039890">
    <ele>4.9</ele>
    <time>2026-05-16T09:47:14Z</time>
   </trkpt>
   <trkpt lat="51.4776560" lon="-0.3039980">
    <ele>4.9</ele>
    <time>2026-05-16T09:47:15Z</time>
   </trkpt>
   <trkpt lat="51.4776310" lon="-0.3040190">
    <ele>4.9</ele>
    <time>2026-05-16T09:47:16Z</time>
   </trkpt>
   <trkpt lat="51.4776160" lon="-0.3040380">
    <ele>4.9</ele>
    <time>2026-05-16T09:47:17Z</time>
   </trkpt>
   <trkpt lat="51.4776100" lon="-0.3040440">
    <ele>4.9</ele>
    <time>2026-05-16T09:47:18Z</time>
   </trkpt>
   <trkpt lat="51.4776000" lon="-0.3040610">
    <ele>4.9</ele>
    <time>2026-05-16T09:47:19Z</time>
   </trkpt>
   <trkpt lat="51.4775890" lon="-0.3040770">
    <ele>4.9</ele>
    <time>2026-05-16T09:47:20Z</time>
   </trkpt>
   <trkpt lat="51.4775750" lon="-0.3040840">
    <ele>4.9</ele>
    <time>2026-05-16T09:47:21Z</time>
   </trkpt>
   <trkpt lat="51.4775630" lon="-0.3040950">
    <ele>4.9</ele>
    <time>2026-05-16T09:47:22Z</time>
   </trkpt>
   <trkpt lat="51.4775520" lon="-0.3041020">
    <ele>4.9</ele>
    <time>2026-05-16T09:47:23Z</time>
   </trkpt>
   <trkpt lat="51.4775440" lon="-0.3041130">
    <ele>4.9</ele>
    <time>2026-05-16T09:47:24Z</time>
   </trkpt>
   <trkpt lat="51.4775340" lon="-0.3041220">
    <ele>4.9</ele>
    <time>2026-05-16T09:47:25Z</time>
   </trkpt>
   <trkpt lat="51.4775160" lon="-0.3041400">
    <ele>4.9</ele>
    <time>2026-05-16T09:47:26Z</time>
   </trkpt>
   <trkpt lat="51.4775070" lon="-0.3041450">
    <ele>4.9</ele>
    <time>2026-05-16T09:47:27Z</time>
   </trkpt>
   <trkpt lat="51.4774990" lon="-0.3041490">
    <ele>4.9</ele>
    <time>2026-05-16T09:47:28Z</time>
   </trkpt>
   <trkpt lat="51.4774810" lon="-0.3041690">
    <ele>4.9</ele>
    <time>2026-05-16T09:47:29Z</time>
   </trkpt>
   <trkpt lat="51.4774740" lon="-0.3041740">
    <ele>4.9</ele>
    <time>2026-05-16T09:47:30Z</time>
   </trkpt>
   <trkpt lat="51.4774660" lon="-0.3041780">
    <ele>4.9</ele>
    <time>2026-05-16T09:47:31Z</time>
   </trkpt>
   <trkpt lat="51.4774530" lon="-0.3041900">
    <ele>4.9</ele>
    <time>2026-05-16T09:47:32Z</time>
   </trkpt>
   <trkpt lat="51.4774430" lon="-0.3042030">
    <ele>4.9</ele>
    <time>2026-05-16T09:47:33Z</time>
   </trkpt>
   <trkpt lat="51.4774250" lon="-0.3042200">
    <ele>4.9</ele>
    <time>2026-05-16T09:47:34Z</time>
   </trkpt>
   <trkpt lat="51.4774180" lon="-0.3042300">
    <ele>4.9</ele>
    <time>2026-05-16T09:47:35Z</time>
   </trkpt>
   <trkpt lat="51.4774120" lon="-0.3042390">
    <ele>4.9</ele>
    <time>2026-05-16T09:47:36Z</time>
   </trkpt>
   <trkpt lat="51.4773930" lon="-0.3042600">
    <ele>4.9</ele>
    <time>2026-05-16T09:47:37Z</time>
   </trkpt>
   <trkpt lat="51.4773850" lon="-0.3042660">
    <ele>4.9</ele>
    <time>2026-05-16T09:47:38Z</time>
   </trkpt>
   <trkpt lat="51.4773770" lon="-0.3042720">
    <ele>4.9</ele>
    <time>2026-05-16T09:47:39Z</time>
   </trkpt>
   <trkpt lat="51.4773580" lon="-0.3042900">
    <ele>4.9</ele>
    <time>2026-05-16T09:47:40Z</time>
   </trkpt>
   <trkpt lat="51.4773520" lon="-0.3042980">
    <ele>4.9</ele>
    <time>2026-05-16T09:47:41Z</time>
   </trkpt>
   <trkpt lat="51.4773450" lon="-0.3043060">
    <ele>4.9</ele>
    <time>2026-05-16T09:47:42Z</time>
   </trkpt>
   <trkpt lat="51.4773280" lon="-0.3043270">
    <ele>4.9</ele>
    <time>2026-05-16T09:47:43Z</time>
   </trkpt>
   <trkpt lat="51.4773210" lon="-0.3043340">
    <ele>4.9</ele>
    <time>2026-05-16T09:47:44Z</time>
   </trkpt>
   <trkpt lat="51.4773150" lon="-0.3043410">
    <ele>4.9</ele>
    <time>2026-05-16T09:47:45Z</time>
   </trkpt>
   <trkpt lat="51.4772960" lon="-0.3043600">
    <ele>4.9</ele>
    <time>2026-05-16T09:47:46Z</time>
   </trkpt>
   <trkpt lat="51.4772880" lon="-0.3043670">
    <ele>4.9</ele>
    <time>2026-05-16T09:47:47Z</time>
   </trkpt>
   <trkpt lat="51.4772800" lon="-0.3043730">
    <ele>4.9</ele>
    <time>2026-05-16T09:47:48Z</time>
   </trkpt>
   <trkpt lat="51.4772650" lon="-0.3043830">
    <ele>4.9</ele>
    <time>2026-05-16T09:47:49Z</time>
   </trkpt>
   <trkpt lat="51.4772500" lon="-0.3043870">
    <ele>4.9</ele>
    <time>2026-05-16T09:47:50Z</time>
   </trkpt>
   <trkpt lat="51.4772310" lon="-0.3044040">
    <ele>4.9</ele>
    <time>2026-05-16T09:47:51Z</time>
   </trkpt>
   <trkpt lat="51.4772230" lon="-0.3044130">
    <ele>4.9</ele>
    <time>2026-05-16T09:47:52Z</time>
   </trkpt>
   <trkpt lat="51.4772160" lon="-0.3044210">
    <ele>4.9</ele>
    <time>2026-05-16T09:47:53Z</time>
   </trkpt>
   <trkpt lat="51.4772020" lon="-0.3044310">
    <ele>4.9</ele>
    <time>2026-05-16T09:47:54Z</time>
   </trkpt>
   <trkpt lat="51.4771900" lon="-0.3044420">
    <ele>4.9</ele>
    <time>2026-05-16T09:47:55Z</time>
   </trkpt>
   <trkpt lat="51.4771760" lon="-0.3044530">
    <ele>4.9</ele>
    <time>2026-05-16T09:47:56Z</time>
   </trkpt>
   <trkpt lat="51.4771640" lon="-0.3044630">
    <ele>4.9</ele>
    <time>2026-05-16T09:47:57Z</time>
   </trkpt>
   <trkpt lat="51.4771460" lon="-0.3044840">
    <ele>4.9</ele>
    <time>2026-05-16T09:47:58Z</time>
   </trkpt>
   <trkpt lat="51.4771390" lon="-0.3044900">
    <ele>4.9</ele>
    <time>2026-05-16T09:47:59Z</time>
   </trkpt>
   <trkpt lat="51.4771320" lon="-0.3044970">
    <ele>4.9</ele>
    <time>2026-05-16T09:48:00Z</time>
   </trkpt>
   <trkpt lat="51.4771190" lon="-0.3045090">
    <ele>4.9</ele>
    <time>2026-05-16T09:48:01Z</time>
   </trkpt>
   <trkpt lat="51.4771070" lon="-0.3045210">
    <ele>4.9</ele>
    <time>2026-05-16T09:48:02Z</time>
   </trkpt>
   <trkpt lat="51.4770950" lon="-0.3045340">
    <ele>4.9</ele>
    <time>2026-05-16T09:48:03Z</time>
   </trkpt>
   <trkpt lat="51.4770840" lon="-0.3045490">
    <ele>4.9</ele>
    <time>2026-05-16T09:48:04Z</time>
   </trkpt>
   <trkpt lat="51.4770730" lon="-0.3045620">
    <ele>4.9</ele>
    <time>2026-05-16T09:48:05Z</time>
   </trkpt>
   <trkpt lat="51.4770600" lon="-0.3045710">
    <ele>4.9</ele>
    <time>2026-05-16T09:48:06Z</time>
   </trkpt>
   <trkpt lat="51.4770470" lon="-0.3045810">
    <ele>4.9</ele>
    <time>2026-05-16T09:48:07Z</time>
   </trkpt>
   <trkpt lat="51.4770360" lon="-0.3045900">
    <ele>4.9</ele>
    <time>2026-05-16T09:48:08Z</time>
   </trkpt>
   <trkpt lat="51.4770170" lon="-0.3046050">
    <ele>4.9</ele>
    <time>2026-05-16T09:48:09Z</time>
   </trkpt>
   <trkpt lat="51.4770080" lon="-0.3046120">
    <ele>4.9</ele>
    <time>2026-05-16T09:48:10Z</time>
   </trkpt>
   <trkpt lat="51.4770000" lon="-0.3046180">
    <ele>4.9</ele>
    <time>2026-05-16T09:48:11Z</time>
   </trkpt>
   <trkpt lat="51.4769890" lon="-0.3046230">
    <ele>4.9</ele>
    <time>2026-05-16T09:48:12Z</time>
   </trkpt>
   <trkpt lat="51.4769780" lon="-0.3046290">
    <ele>4.9</ele>
    <time>2026-05-16T09:48:13Z</time>
   </trkpt>
   <trkpt lat="51.4769660" lon="-0.3046410">
    <ele>4.9</ele>
    <time>2026-05-16T09:48:14Z</time>
   </trkpt>
   <trkpt lat="51.4769530" lon="-0.3046500">
    <ele>4.9</ele>
    <time>2026-05-16T09:48:15Z</time>
   </trkpt>
   <trkpt lat="51.4769420" lon="-0.3046650">
    <ele>4.9</ele>
    <time>2026-05-16T09:48:16Z</time>
   </trkpt>
   <trkpt lat="51.4769300" lon="-0.3046760">
    <ele>4.9</ele>
    <time>2026-05-16T09:48:17Z</time>
   </trkpt>
   <trkpt lat="51.4769200" lon="-0.3046930">
    <ele>4.9</ele>
    <time>2026-05-16T09:48:18Z</time>
   </trkpt>
   <trkpt lat="51.4769080" lon="-0.3047090">
    <ele>4.9</ele>
    <time>2026-05-16T09:48:19Z</time>
   </trkpt>
   <trkpt lat="51.4768970" lon="-0.3047190">
    <ele>4.9</ele>
    <time>2026-05-16T09:48:20Z</time>
   </trkpt>
   <trkpt lat="51.4768840" lon="-0.3047300">
    <ele>4.9</ele>
    <time>2026-05-16T09:48:21Z</time>
   </trkpt>
   <trkpt lat="51.4768730" lon="-0.3047450">
    <ele>4.9</ele>
    <time>2026-05-16T09:48:22Z</time>
   </trkpt>
   <trkpt lat="51.4768560" lon="-0.3047650">
    <ele>4.9</ele>
    <time>2026-05-16T09:48:23Z</time>
   </trkpt>
   <trkpt lat="51.4768480" lon="-0.3047720">
    <ele>4.9</ele>
    <time>2026-05-16T09:48:24Z</time>
   </trkpt>
   <trkpt lat="51.4768400" lon="-0.3047780">
    <ele>4.9</ele>
    <time>2026-05-16T09:48:25Z</time>
   </trkpt>
   <trkpt lat="51.4768210" lon="-0.3047900">
    <ele>4.9</ele>
    <time>2026-05-16T09:48:26Z</time>
   </trkpt>
   <trkpt lat="51.4768130" lon="-0.3047950">
    <ele>4.9</ele>
    <time>2026-05-16T09:48:27Z</time>
   </trkpt>
   <trkpt lat="51.4768060" lon="-0.3048010">
    <ele>4.9</ele>
    <time>2026-05-16T09:48:28Z</time>
   </trkpt>
   <trkpt lat="51.4767890" lon="-0.3048240">
    <ele>4.9</ele>
    <time>2026-05-16T09:48:29Z</time>
   </trkpt>
   <trkpt lat="51.4767820" lon="-0.3048320">
    <ele>4.9</ele>
    <time>2026-05-16T09:48:30Z</time>
   </trkpt>
   <trkpt lat="51.4767750" lon="-0.3048400">
    <ele>4.9</ele>
    <time>2026-05-16T09:48:31Z</time>
   </trkpt>
   <trkpt lat="51.4767570" lon="-0.3048550">
    <ele>4.9</ele>
    <time>2026-05-16T09:48:32Z</time>
   </trkpt>
   <trkpt lat="51.4767490" lon="-0.3048610">
    <ele>4.9</ele>
    <time>2026-05-16T09:48:33Z</time>
   </trkpt>
   <trkpt lat="51.4767420" lon="-0.3048670">
    <ele>4.9</ele>
    <time>2026-05-16T09:48:34Z</time>
   </trkpt>
   <trkpt lat="51.4767250" lon="-0.3048920">
    <ele>4.9</ele>
    <time>2026-05-16T09:48:35Z</time>
   </trkpt>
   <trkpt lat="51.4767160" lon="-0.3048980">
    <ele>4.9</ele>
    <time>2026-05-16T09:48:36Z</time>
   </trkpt>
   <trkpt lat="51.4767080" lon="-0.3049050">
    <ele>4.9</ele>
    <time>2026-05-16T09:48:37Z</time>
   </trkpt>
   <trkpt lat="51.4766880" lon="-0.3049160">
    <ele>4.9</ele>
    <time>2026-05-16T09:48:38Z</time>
   </trkpt>
   <trkpt lat="51.4766800" lon="-0.3049230">
    <ele>4.9</ele>
    <time>2026-05-16T09:48:39Z</time>
   </trkpt>
   <trkpt lat="51.4766720" lon="-0.3049300">
    <ele>4.9</ele>
    <time>2026-05-16T09:48:40Z</time>
   </trkpt>
   <trkpt lat="51.4766600" lon="-0.3049440">
    <ele>4.9</ele>
    <time>2026-05-16T09:48:41Z</time>
   </trkpt>
   <trkpt lat="51.4766470" lon="-0.3049540">
    <ele>4.9</ele>
    <time>2026-05-16T09:48:42Z</time>
   </trkpt>
   <trkpt lat="51.4766360" lon="-0.3049660">
    <ele>4.9</ele>
    <time>2026-05-16T09:48:43Z</time>
   </trkpt>
   <trkpt lat="51.4766230" lon="-0.3049770">
    <ele>4.9</ele>
    <time>2026-05-16T09:48:44Z</time>
   </trkpt>
   <trkpt lat="51.4766050" lon="-0.3049980">
    <ele>5.0</ele>
    <time>2026-05-16T09:48:45Z</time>
   </trkpt>
   <trkpt lat="51.4765980" lon="-0.3050050">
    <ele>5.0</ele>
    <time>2026-05-16T09:48:46Z</time>
   </trkpt>
   <trkpt lat="51.4765900" lon="-0.3050120">
    <ele>5.0</ele>
    <time>2026-05-16T09:48:47Z</time>
   </trkpt>
   <trkpt lat="51.4765750" lon="-0.3050310">
    <ele>5.0</ele>
    <time>2026-05-16T09:48:48Z</time>
   </trkpt>
   <trkpt lat="51.4765670" lon="-0.3050380">
    <ele>5.0</ele>
    <time>2026-05-16T09:48:49Z</time>
   </trkpt>
   <trkpt lat="51.4765600" lon="-0.3050460">
    <ele>5.0</ele>
    <time>2026-05-16T09:48:50Z</time>
   </trkpt>
   <trkpt lat="51.4765460" lon="-0.3050520">
    <ele>5.0</ele>
    <time>2026-05-16T09:48:51Z</time>
   </trkpt>
   <trkpt lat="51.4765340" lon="-0.3050600">
    <ele>5.0</ele>
    <time>2026-05-16T09:48:52Z</time>
   </trkpt>
   <trkpt lat="51.4765230" lon="-0.3050730">
    <ele>5.0</ele>
    <time>2026-05-16T09:48:53Z</time>
   </trkpt>
   <trkpt lat="51.4765120" lon="-0.3050860">
    <ele>5.0</ele>
    <time>2026-05-16T09:48:54Z</time>
   </trkpt>
   <trkpt lat="51.4764900" lon="-0.3050990">
    <ele>5.0</ele>
    <time>2026-05-16T09:48:56Z</time>
   </trkpt>
   <trkpt lat="51.4764830" lon="-0.3051080">
    <ele>5.0</ele>
    <time>2026-05-16T09:48:57Z</time>
   </trkpt>
   <trkpt lat="51.4764760" lon="-0.3051160">
    <ele>5.0</ele>
    <time>2026-05-16T09:48:58Z</time>
   </trkpt>
   <trkpt lat="51.4764640" lon="-0.3051300">
    <ele>5.0</ele>
    <time>2026-05-16T09:48:59Z</time>
   </trkpt>
   <trkpt lat="51.4764510" lon="-0.3051360">
    <ele>5.0</ele>
    <time>2026-05-16T09:49:00Z</time>
   </trkpt>
   <trkpt lat="51.4764390" lon="-0.3051500">
    <ele>5.0</ele>
    <time>2026-05-16T09:49:01Z</time>
   </trkpt>
   <trkpt lat="51.4764260" lon="-0.3051560">
    <ele>5.0</ele>
    <time>2026-05-16T09:49:02Z</time>
   </trkpt>
   <trkpt lat="51.4764130" lon="-0.3051600">
    <ele>5.0</ele>
    <time>2026-05-16T09:49:03Z</time>
   </trkpt>
   <trkpt lat="51.4764040" lon="-0.3051810">
    <ele>5.0</ele>
    <time>2026-05-16T09:49:04Z</time>
   </trkpt>
   <trkpt lat="51.4763950" lon="-0.3052000">
    <ele>5.0</ele>
    <time>2026-05-16T09:49:05Z</time>
   </trkpt>
   <trkpt lat="51.4763810" lon="-0.3052080">
    <ele>5.0</ele>
    <time>2026-05-16T09:49:06Z</time>
   </trkpt>
   <trkpt lat="51.4763690" lon="-0.3052200">
    <ele>5.0</ele>
    <time>2026-05-16T09:49:07Z</time>
   </trkpt>
   <trkpt lat="51.4763560" lon="-0.3052250">
    <ele>5.0</ele>
    <time>2026-05-16T09:49:08Z</time>
   </trkpt>
   <trkpt lat="51.4763380" lon="-0.3052410">
    <ele>5.0</ele>
    <time>2026-05-16T09:49:09Z</time>
   </trkpt>
   <trkpt lat="51.4763300" lon="-0.3052500">
    <ele>5.0</ele>
    <time>2026-05-16T09:49:10Z</time>
   </trkpt>
   <trkpt lat="51.4763230" lon="-0.3052580">
    <ele>5.0</ele>
    <time>2026-05-16T09:49:11Z</time>
   </trkpt>
   <trkpt lat="51.4763030" lon="-0.3052730">
    <ele>5.0</ele>
    <time>2026-05-16T09:49:12Z</time>
   </trkpt>
   <trkpt lat="51.4762950" lon="-0.3052790">
    <ele>5.0</ele>
    <time>2026-05-16T09:49:13Z</time>
   </trkpt>
   <trkpt lat="51.4762870" lon="-0.3052860">
    <ele>5.0</ele>
    <time>2026-05-16T09:49:14Z</time>
   </trkpt>
   <trkpt lat="51.4762740" lon="-0.3052980">
    <ele>5.0</ele>
    <time>2026-05-16T09:49:15Z</time>
   </trkpt>
   <trkpt lat="51.4762610" lon="-0.3053090">
    <ele>5.0</ele>
    <time>2026-05-16T09:49:16Z</time>
   </trkpt>
   <trkpt lat="51.4762440" lon="-0.3053310">
    <ele>5.0</ele>
    <time>2026-05-16T09:49:17Z</time>
   </trkpt>
   <trkpt lat="51.4762360" lon="-0.3053380">
    <ele>5.0</ele>
    <time>2026-05-16T09:49:18Z</time>
   </trkpt>
   <trkpt lat="51.4762290" lon="-0.3053460">
    <ele>5.0</ele>
    <time>2026-05-16T09:49:19Z</time>
   </trkpt>
   <trkpt lat="51.4762060" lon="-0.3053680">
    <ele>5.0</ele>
    <time>2026-05-16T09:49:20Z</time>
   </trkpt>
   <trkpt lat="51.4761950" lon="-0.3053770">
    <ele>5.0</ele>
    <time>2026-05-16T09:49:21Z</time>
   </trkpt>
   <trkpt lat="51.4761790" lon="-0.3053990">
    <ele>5.0</ele>
    <time>2026-05-16T09:49:22Z</time>
   </trkpt>
   <trkpt lat="51.4761710" lon="-0.3054060">
    <ele>5.0</ele>
    <time>2026-05-16T09:49:23Z</time>
   </trkpt>
   <trkpt lat="51.4761640" lon="-0.3054130">
    <ele>5.0</ele>
    <time>2026-05-16T09:49:24Z</time>
   </trkpt>
   <trkpt lat="51.4761460" lon="-0.3054320">
    <ele>5.0</ele>
    <time>2026-05-16T09:49:25Z</time>
   </trkpt>
   <trkpt lat="51.4761390" lon="-0.3054370">
    <ele>5.0</ele>
    <time>2026-05-16T09:49:26Z</time>
   </trkpt>
   <trkpt lat="51.4761310" lon="-0.3054420">
    <ele>5.0</ele>
    <time>2026-05-16T09:49:27Z</time>
   </trkpt>
   <trkpt lat="51.4761130" lon="-0.3054600">
    <ele>5.0</ele>
    <time>2026-05-16T09:49:28Z</time>
   </trkpt>
   <trkpt lat="51.4761060" lon="-0.3054700">
    <ele>5.0</ele>
    <time>2026-05-16T09:49:29Z</time>
   </trkpt>
   <trkpt lat="51.4760990" lon="-0.3054790">
    <ele>5.0</ele>
    <time>2026-05-16T09:49:30Z</time>
   </trkpt>
   <trkpt lat="51.4760800" lon="-0.3054970">
    <ele>5.0</ele>
    <time>2026-05-16T09:49:31Z</time>
   </trkpt>
   <trkpt lat="51.4760730" lon="-0.3055050">
    <ele>5.0</ele>
    <time>2026-05-16T09:49:32Z</time>
   </trkpt>
   <trkpt lat="51.4760660" lon="-0.3055130">
    <ele>5.0</ele>
    <time>2026-05-16T09:49:33Z</time>
   </trkpt>
   <trkpt lat="51.4760460" lon="-0.3055260">
    <ele>5.0</ele>
    <time>2026-05-16T09:49:34Z</time>
   </trkpt>
   <trkpt lat="51.4760390" lon="-0.3055320">
    <ele>5.0</ele>
    <time>2026-05-16T09:49:35Z</time>
   </trkpt>
   <trkpt lat="51.4760310" lon="-0.3055380">
    <ele>5.0</ele>
    <time>2026-05-16T09:49:36Z</time>
   </trkpt>
   <trkpt lat="51.4760200" lon="-0.3055530">
    <ele>4.9</ele>
    <time>2026-05-16T09:49:37Z</time>
   </trkpt>
   <trkpt lat="51.4760070" lon="-0.3055610">
    <ele>4.9</ele>
    <time>2026-05-16T09:49:38Z</time>
   </trkpt>
   <trkpt lat="51.4759890" lon="-0.3055810">
    <ele>4.9</ele>
    <time>2026-05-16T09:49:39Z</time>
   </trkpt>
   <trkpt lat="51.4759800" lon="-0.3055870">
    <ele>4.9</ele>
    <time>2026-05-16T09:49:40Z</time>
   </trkpt>
   <trkpt lat="51.4759720" lon="-0.3055940">
    <ele>4.9</ele>
    <time>2026-05-16T09:49:41Z</time>
   </trkpt>
   <trkpt lat="51.4759610" lon="-0.3056060">
    <ele>4.9</ele>
    <time>2026-05-16T09:49:42Z</time>
   </trkpt>
   <trkpt lat="51.4759510" lon="-0.3056230">
    <ele>4.9</ele>
    <time>2026-05-16T09:49:43Z</time>
   </trkpt>
   <trkpt lat="51.4759330" lon="-0.3056430">
    <ele>4.9</ele>
    <time>2026-05-16T09:49:44Z</time>
   </trkpt>
   <trkpt lat="51.4759240" lon="-0.3056470">
    <ele>4.9</ele>
    <time>2026-05-16T09:49:45Z</time>
   </trkpt>
   <trkpt lat="51.4759160" lon="-0.3056520">
    <ele>4.9</ele>
    <time>2026-05-16T09:49:46Z</time>
   </trkpt>
   <trkpt lat="51.4758970" lon="-0.3056690">
    <ele>4.9</ele>
    <time>2026-05-16T09:49:47Z</time>
   </trkpt>
   <trkpt lat="51.4758890" lon="-0.3056760">
    <ele>4.9</ele>
    <time>2026-05-16T09:49:48Z</time>
   </trkpt>
   <trkpt lat="51.4758810" lon="-0.3056840">
    <ele>4.9</ele>
    <time>2026-05-16T09:49:49Z</time>
   </trkpt>
   <trkpt lat="51.4758700" lon="-0.3057010">
    <ele>4.9</ele>
    <time>2026-05-16T09:49:50Z</time>
   </trkpt>
   <trkpt lat="51.4758590" lon="-0.3057140">
    <ele>4.9</ele>
    <time>2026-05-16T09:49:51Z</time>
   </trkpt>
   <trkpt lat="51.4758390" lon="-0.3057270">
    <ele>4.9</ele>
    <time>2026-05-16T09:49:52Z</time>
   </trkpt>
   <trkpt lat="51.4758320" lon="-0.3057330">
    <ele>4.9</ele>
    <time>2026-05-16T09:49:53Z</time>
   </trkpt>
   <trkpt lat="51.4758250" lon="-0.3057400">
    <ele>4.9</ele>
    <time>2026-05-16T09:49:54Z</time>
   </trkpt>
   <trkpt lat="51.4758140" lon="-0.3057530">
    <ele>4.9</ele>
    <time>2026-05-16T09:49:55Z</time>
   </trkpt>
   <trkpt lat="51.4758040" lon="-0.3057700">
    <ele>4.9</ele>
    <time>2026-05-16T09:49:56Z</time>
   </trkpt>
   <trkpt lat="51.4757850" lon="-0.3057890">
    <ele>4.9</ele>
    <time>2026-05-16T09:49:57Z</time>
   </trkpt>
   <trkpt lat="51.4757780" lon="-0.3057970">
    <ele>4.9</ele>
    <time>2026-05-16T09:49:58Z</time>
   </trkpt>
   <trkpt lat="51.4757700" lon="-0.3058040">
    <ele>4.9</ele>
    <time>2026-05-16T09:49:59Z</time>
   </trkpt>
   <trkpt lat="51.4757580" lon="-0.3058150">
    <ele>4.9</ele>
    <time>2026-05-16T09:50:00Z</time>
   </trkpt>
   <trkpt lat="51.4757460" lon="-0.3058270">
    <ele>4.9</ele>
    <time>2026-05-16T09:50:01Z</time>
   </trkpt>
   <trkpt lat="51.4757330" lon="-0.3058370">
    <ele>4.9</ele>
    <time>2026-05-16T09:50:02Z</time>
   </trkpt>
   <trkpt lat="51.4757200" lon="-0.3058510">
    <ele>4.9</ele>
    <time>2026-05-16T09:50:03Z</time>
   </trkpt>
   <trkpt lat="51.4757020" lon="-0.3058710">
    <ele>4.9</ele>
    <time>2026-05-16T09:50:04Z</time>
   </trkpt>
   <trkpt lat="51.4756950" lon="-0.3058800">
    <ele>4.9</ele>
    <time>2026-05-16T09:50:05Z</time>
   </trkpt>
   <trkpt lat="51.4756880" lon="-0.3058890">
    <ele>4.9</ele>
    <time>2026-05-16T09:50:06Z</time>
   </trkpt>
   <trkpt lat="51.4756750" lon="-0.3058990">
    <ele>4.9</ele>
    <time>2026-05-16T09:50:07Z</time>
   </trkpt>
   <trkpt lat="51.4756650" lon="-0.3059140">
    <ele>4.9</ele>
    <time>2026-05-16T09:50:08Z</time>
   </trkpt>
   <trkpt lat="51.4756560" lon="-0.3059320">
    <ele>4.9</ele>
    <time>2026-05-16T09:50:09Z</time>
   </trkpt>
   <trkpt lat="51.4756460" lon="-0.3059450">
    <ele>4.9</ele>
    <time>2026-05-16T09:50:10Z</time>
   </trkpt>
   <trkpt lat="51.4756300" lon="-0.3059690">
    <ele>4.9</ele>
    <time>2026-05-16T09:50:11Z</time>
   </trkpt>
   <trkpt lat="51.4756230" lon="-0.3059760">
    <ele>4.9</ele>
    <time>2026-05-16T09:50:12Z</time>
   </trkpt>
   <trkpt lat="51.4756160" lon="-0.3059840">
    <ele>4.9</ele>
    <time>2026-05-16T09:50:13Z</time>
   </trkpt>
   <trkpt lat="51.4755970" lon="-0.3059970">
    <ele>4.9</ele>
    <time>2026-05-16T09:50:14Z</time>
   </trkpt>
   <trkpt lat="51.4755890" lon="-0.3060040">
    <ele>4.9</ele>
    <time>2026-05-16T09:50:15Z</time>
   </trkpt>
   <trkpt lat="51.4755820" lon="-0.3060100">
    <ele>4.9</ele>
    <time>2026-05-16T09:50:16Z</time>
   </trkpt>
   <trkpt lat="51.4755630" lon="-0.3060290">
    <ele>4.9</ele>
    <time>2026-05-16T09:50:17Z</time>
   </trkpt>
   <trkpt lat="51.4755550" lon="-0.3060360">
    <ele>4.9</ele>
    <time>2026-05-16T09:50:18Z</time>
   </trkpt>
   <trkpt lat="51.4755470" lon="-0.3060440">
    <ele>4.9</ele>
    <time>2026-05-16T09:50:19Z</time>
   </trkpt>
   <trkpt lat="51.4755350" lon="-0.3060560">
    <ele>4.9</ele>
    <time>2026-05-16T09:50:20Z</time>
   </trkpt>
   <trkpt lat="51.4755240" lon="-0.3060680">
    <ele>4.9</ele>
    <time>2026-05-16T09:50:21Z</time>
   </trkpt>
   <trkpt lat="51.4755040" lon="-0.3060840">
    <ele>4.9</ele>
    <time>2026-05-16T09:50:22Z</time>
   </trkpt>
   <trkpt lat="51.4754950" lon="-0.3060890">
    <ele>4.9</ele>
    <time>2026-05-16T09:50:23Z</time>
   </trkpt>
   <trkpt lat="51.4754870" lon="-0.3060940">
    <ele>4.9</ele>
    <time>2026-05-16T09:50:24Z</time>
   </trkpt>
   <trkpt lat="51.4754740" lon="-0.3061010">
    <ele>4.9</ele>
    <time>2026-05-16T09:50:25Z</time>
   </trkpt>
   <trkpt lat="51.4754640" lon="-0.3061180">
    <ele>4.9</ele>
    <time>2026-05-16T09:50:26Z</time>
   </trkpt>
   <trkpt lat="51.4754510" lon="-0.3061280">
    <ele>4.9</ele>
    <time>2026-05-16T09:50:27Z</time>
   </trkpt>
   <trkpt lat="51.4754400" lon="-0.3061410">
    <ele>4.9</ele>
    <time>2026-05-16T09:50:28Z</time>
   </trkpt>
   <trkpt lat="51.4754280" lon="-0.3061550">
    <ele>4.9</ele>
    <time>2026-05-16T09:50:29Z</time>
   </trkpt>
   <trkpt lat="51.4754170" lon="-0.3061690">
    <ele>4.9</ele>
    <time>2026-05-16T09:50:30Z</time>
   </trkpt>
   <trkpt lat="51.4754030" lon="-0.3061770">
    <ele>4.9</ele>
    <time>2026-05-16T09:50:31Z</time>
   </trkpt>
   <trkpt lat="51.4753910" lon="-0.3061860">
    <ele>4.9</ele>
    <time>2026-05-16T09:50:32Z</time>
   </trkpt>
   <trkpt lat="51.4753770" lon="-0.3061970">
    <ele>4.9</ele>
    <time>2026-05-16T09:50:33Z</time>
   </trkpt>
   <trkpt lat="51.4753650" lon="-0.3062100">
    <ele>4.9</ele>
    <time>2026-05-16T09:50:34Z</time>
   </trkpt>
   <trkpt lat="51.4753530" lon="-0.3062220">
    <ele>4.9</ele>
    <time>2026-05-16T09:50:35Z</time>
   </trkpt>
   <trkpt lat="51.4753410" lon="-0.3062360">
    <ele>4.9</ele>
    <time>2026-05-16T09:50:36Z</time>
   </trkpt>
   <trkpt lat="51.4753220" lon="-0.3062520">
    <ele>4.9</ele>
    <time>2026-05-16T09:50:37Z</time>
   </trkpt>
   <trkpt lat="51.4753150" lon="-0.3062580">
    <ele>4.9</ele>
    <time>2026-05-16T09:50:38Z</time>
   </trkpt>
   <trkpt lat="51.4753070" lon="-0.3062640">
    <ele>4.9</ele>
    <time>2026-05-16T09:50:39Z</time>
   </trkpt>
   <trkpt lat="51.4752890" lon="-0.3062830">
    <ele>4.9</ele>
    <time>2026-05-16T09:50:40Z</time>
   </trkpt>
   <trkpt lat="51.4752820" lon="-0.3062930">
    <ele>4.9</ele>
    <time>2026-05-16T09:50:41Z</time>
   </trkpt>
   <trkpt lat="51.4752750" lon="-0.3063030">
    <ele>4.9</ele>
    <time>2026-05-16T09:50:42Z</time>
   </trkpt>
   <trkpt lat="51.4752610" lon="-0.3063100">
    <ele>4.9</ele>
    <time>2026-05-16T09:50:43Z</time>
   </trkpt>
   <trkpt lat="51.4752490" lon="-0.3063210">
    <ele>4.9</ele>
    <time>2026-05-16T09:50:44Z</time>
   </trkpt>
   <trkpt lat="51.4752380" lon="-0.3063340">
    <ele>4.9</ele>
    <time>2026-05-16T09:50:45Z</time>
   </trkpt>
   <trkpt lat="51.4752260" lon="-0.3063470">
    <ele>4.9</ele>
    <time>2026-05-16T09:50:46Z</time>
   </trkpt>
   <trkpt lat="51.4752130" lon="-0.3063610">
    <ele>4.9</ele>
    <time>2026-05-16T09:50:47Z</time>
   </trkpt>
   <trkpt lat="51.4752010" lon="-0.3063760">
    <ele>4.9</ele>
    <time>2026-05-16T09:50:48Z</time>
   </trkpt>
   <trkpt lat="51.4751890" lon="-0.3063860">
    <ele>4.9</ele>
    <time>2026-05-16T09:50:49Z</time>
   </trkpt>
   <trkpt lat="51.4751780" lon="-0.3064000">
    <ele>4.9</ele>
    <time>2026-05-16T09:50:50Z</time>
   </trkpt>
   <trkpt lat="51.4751680" lon="-0.3064150">
    <ele>4.9</ele>
    <time>2026-05-16T09:50:51Z</time>
   </trkpt>
   <trkpt lat="51.4751580" lon="-0.3064320">
    <ele>4.9</ele>
    <time>2026-05-16T09:50:52Z</time>
   </trkpt>
   <trkpt lat="51.4751470" lon="-0.3064470">
    <ele>4.9</ele>
    <time>2026-05-16T09:50:53Z</time>
   </trkpt>
   <trkpt lat="51.4751360" lon="-0.3064620">
    <ele>4.9</ele>
    <time>2026-05-16T09:50:54Z</time>
   </trkpt>
   <trkpt lat="51.4751240" lon="-0.3064760">
    <ele>4.9</ele>
    <time>2026-05-16T09:50:55Z</time>
   </trkpt>
   <trkpt lat="51.4751130" lon="-0.3064870">
    <ele>4.9</ele>
    <time>2026-05-16T09:50:56Z</time>
   </trkpt>
   <trkpt lat="51.4751020" lon="-0.3064940">
    <ele>4.9</ele>
    <time>2026-05-16T09:50:57Z</time>
   </trkpt>
   <trkpt lat="51.4750940" lon="-0.3065090">
    <ele>4.9</ele>
    <time>2026-05-16T09:50:58Z</time>
   </trkpt>
   <trkpt lat="51.4750860" lon="-0.3065210">
    <ele>4.9</ele>
    <time>2026-05-16T09:50:59Z</time>
   </trkpt>
   <trkpt lat="51.4750690" lon="-0.3065380">
    <ele>4.9</ele>
    <time>2026-05-16T09:51:00Z</time>
   </trkpt>
   <trkpt lat="51.4750620" lon="-0.3065460">
    <ele>4.9</ele>
    <time>2026-05-16T09:51:02Z</time>
   </trkpt>
   <trkpt lat="51.4750550" lon="-0.3065550">
    <ele>4.9</ele>
    <time>2026-05-16T09:51:03Z</time>
   </trkpt>
   <trkpt lat="51.4750430" lon="-0.3065660">
    <ele>4.9</ele>
    <time>2026-05-16T09:51:04Z</time>
   </trkpt>
   <trkpt lat="51.4750340" lon="-0.3065830">
    <ele>4.9</ele>
    <time>2026-05-16T09:51:05Z</time>
   </trkpt>
   <trkpt lat="51.4750230" lon="-0.3065970">
    <ele>4.9</ele>
    <time>2026-05-16T09:51:06Z</time>
   </trkpt>
   <trkpt lat="51.4750110" lon="-0.3066080">
    <ele>4.9</ele>
    <time>2026-05-16T09:51:07Z</time>
   </trkpt>
   <trkpt lat="51.4750010" lon="-0.3066220">
    <ele>4.9</ele>
    <time>2026-05-16T09:51:08Z</time>
   </trkpt>
   <trkpt lat="51.4749900" lon="-0.3066370">
    <ele>4.9</ele>
    <time>2026-05-16T09:51:09Z</time>
   </trkpt>
   <trkpt lat="51.4749800" lon="-0.3066540">
    <ele>4.9</ele>
    <time>2026-05-16T09:51:10Z</time>
   </trkpt>
   <trkpt lat="51.4749690" lon="-0.3066680">
    <ele>4.9</ele>
    <time>2026-05-16T09:51:11Z</time>
   </trkpt>
   <trkpt lat="51.4749580" lon="-0.3066810">
    <ele>4.9</ele>
    <time>2026-05-16T09:51:12Z</time>
   </trkpt>
   <trkpt lat="51.4749460" lon="-0.3066930">
    <ele>4.9</ele>
    <time>2026-05-16T09:51:13Z</time>
   </trkpt>
   <trkpt lat="51.4749390" lon="-0.3067130">
    <ele>4.9</ele>
    <time>2026-05-16T09:51:14Z</time>
   </trkpt>
   <trkpt lat="51.4749290" lon="-0.3067320">
    <ele>4.9</ele>
    <time>2026-05-16T09:51:15Z</time>
   </trkpt>
   <trkpt lat="51.4749170" lon="-0.3067470">
    <ele>4.9</ele>
    <time>2026-05-16T09:51:16Z</time>
   </trkpt>
   <trkpt lat="51.4749010" lon="-0.3067540">
    <ele>4.9</ele>
    <time>2026-05-16T09:51:17Z</time>
   </trkpt>
   <trkpt lat="51.4748820" lon="-0.3067710">
    <ele>4.9</ele>
    <time>2026-05-16T09:51:18Z</time>
   </trkpt>
   <trkpt lat="51.4748740" lon="-0.3067810">
    <ele>4.9</ele>
    <time>2026-05-16T09:51:19Z</time>
   </trkpt>
   <trkpt lat="51.4748670" lon="-0.3067900">
    <ele>4.9</ele>
    <time>2026-05-16T09:51:20Z</time>
   </trkpt>
   <trkpt lat="51.4748570" lon="-0.3068080">
    <ele>4.9</ele>
    <time>2026-05-16T09:51:21Z</time>
   </trkpt>
   <trkpt lat="51.4748460" lon="-0.3068190">
    <ele>4.9</ele>
    <time>2026-05-16T09:51:22Z</time>
   </trkpt>
   <trkpt lat="51.4748360" lon="-0.3068370">
    <ele>4.9</ele>
    <time>2026-05-16T09:51:23Z</time>
   </trkpt>
   <trkpt lat="51.4748250" lon="-0.3068500">
    <ele>4.9</ele>
    <time>2026-05-16T09:51:24Z</time>
   </trkpt>
   <trkpt lat="51.4748140" lon="-0.3068660">
    <ele>4.9</ele>
    <time>2026-05-16T09:51:25Z</time>
   </trkpt>
   <trkpt lat="51.4748040" lon="-0.3068880">
    <ele>4.9</ele>
    <time>2026-05-16T09:51:26Z</time>
   </trkpt>
   <trkpt lat="51.4747950" lon="-0.3068970">
    <ele>4.9</ele>
    <time>2026-05-16T09:51:27Z</time>
   </trkpt>
   <trkpt lat="51.4747820" lon="-0.3069020">
    <ele>4.9</ele>
    <time>2026-05-16T09:51:28Z</time>
   </trkpt>
   <trkpt lat="51.4747740" lon="-0.3069190">
    <ele>4.8</ele>
    <time>2026-05-16T09:51:29Z</time>
   </trkpt>
   <trkpt lat="51.4747640" lon="-0.3069350">
    <ele>4.8</ele>
    <time>2026-05-16T09:51:30Z</time>
   </trkpt>
   <trkpt lat="51.4747570" lon="-0.3069570">
    <ele>4.8</ele>
    <time>2026-05-16T09:51:31Z</time>
   </trkpt>
   <trkpt lat="51.4747480" lon="-0.3069740">
    <ele>4.8</ele>
    <time>2026-05-16T09:51:32Z</time>
   </trkpt>
   <trkpt lat="51.4747340" lon="-0.3069950">
    <ele>4.8</ele>
    <time>2026-05-16T09:51:33Z</time>
   </trkpt>
   <trkpt lat="51.4747190" lon="-0.3070190">
    <ele>4.8</ele>
    <time>2026-05-16T09:51:34Z</time>
   </trkpt>
   <trkpt lat="51.4747100" lon="-0.3070330">
    <ele>4.8</ele>
    <time>2026-05-16T09:51:35Z</time>
   </trkpt>
   <trkpt lat="51.4746950" lon="-0.3070560">
    <ele>4.8</ele>
    <time>2026-05-16T09:51:36Z</time>
   </trkpt>
   <trkpt lat="51.4746890" lon="-0.3070670">
    <ele>4.8</ele>
    <time>2026-05-16T09:51:37Z</time>
   </trkpt>
   <trkpt lat="51.4746840" lon="-0.3070770">
    <ele>4.8</ele>
    <time>2026-05-16T09:51:38Z</time>
   </trkpt>
   <trkpt lat="51.4746730" lon="-0.3070920">
    <ele>4.8</ele>
    <time>2026-05-16T09:51:39Z</time>
   </trkpt>
   <trkpt lat="51.4746630" lon="-0.3071090">
    <ele>4.8</ele>
    <time>2026-05-16T09:51:40Z</time>
   </trkpt>
   <trkpt lat="51.4746530" lon="-0.3071270">
    <ele>4.8</ele>
    <time>2026-05-16T09:51:41Z</time>
   </trkpt>
   <trkpt lat="51.4746490" lon="-0.3071520">
    <ele>4.8</ele>
    <time>2026-05-16T09:51:42Z</time>
   </trkpt>
   <trkpt lat="51.4746320" lon="-0.3071610">
    <ele>4.8</ele>
    <time>2026-05-16T09:51:43Z</time>
   </trkpt>
   <trkpt lat="51.4746200" lon="-0.3071770">
    <ele>4.8</ele>
    <time>2026-05-16T09:51:44Z</time>
   </trkpt>
   <trkpt lat="51.4746110" lon="-0.3071950">
    <ele>4.8</ele>
    <time>2026-05-16T09:51:45Z</time>
   </trkpt>
   <trkpt lat="51.4746050" lon="-0.3072170">
    <ele>4.8</ele>
    <time>2026-05-16T09:51:46Z</time>
   </trkpt>
   <trkpt lat="51.4745980" lon="-0.3072350">
    <ele>4.8</ele>
    <time>2026-05-16T09:51:47Z</time>
   </trkpt>
   <trkpt lat="51.4745910" lon="-0.3072580">
    <ele>4.8</ele>
    <time>2026-05-16T09:51:48Z</time>
   </trkpt>
   <trkpt lat="51.4745850" lon="-0.3072790">
    <ele>4.8</ele>
    <time>2026-05-16T09:51:49Z</time>
   </trkpt>
   <trkpt lat="51.4745760" lon="-0.3072980">
    <ele>4.8</ele>
    <time>2026-05-16T09:51:50Z</time>
   </trkpt>
   <trkpt lat="51.4745600" lon="-0.3073250">
    <ele>4.8</ele>
    <time>2026-05-16T09:51:51Z</time>
   </trkpt>
   <trkpt lat="51.4745550" lon="-0.3073350">
    <ele>4.8</ele>
    <time>2026-05-16T09:51:52Z</time>
   </trkpt>
   <trkpt lat="51.4745490" lon="-0.3073460">
    <ele>4.8</ele>
    <time>2026-05-16T09:51:53Z</time>
   </trkpt>
   <trkpt lat="51.4745330" lon="-0.3073720">
    <ele>4.8</ele>
    <time>2026-05-16T09:51:54Z</time>
   </trkpt>
   <trkpt lat="51.4745270" lon="-0.3073850">
    <ele>4.8</ele>
    <time>2026-05-16T09:51:55Z</time>
   </trkpt>
   <trkpt lat="51.4745220" lon="-0.3073970">
    <ele>4.8</ele>
    <time>2026-05-16T09:51:56Z</time>
   </trkpt>
   <trkpt lat="51.4745140" lon="-0.3074150">
    <ele>4.8</ele>
    <time>2026-05-16T09:51:57Z</time>
   </trkpt>
   <trkpt lat="51.4745060" lon="-0.3074320">
    <ele>4.8</ele>
    <time>2026-05-16T09:51:58Z</time>
   </trkpt>
   <trkpt lat="51.4744950" lon="-0.3074480">
    <ele>4.8</ele>
    <time>2026-05-16T09:51:59Z</time>
   </trkpt>
   <trkpt lat="51.4744880" lon="-0.3074660">
    <ele>4.8</ele>
    <time>2026-05-16T09:52:00Z</time>
   </trkpt>
   <trkpt lat="51.4744740" lon="-0.3074930">
    <ele>4.8</ele>
    <time>2026-05-16T09:52:01Z</time>
   </trkpt>
   <trkpt lat="51.4744690" lon="-0.3075040">
    <ele>4.8</ele>
    <time>2026-05-16T09:52:02Z</time>
   </trkpt>
   <trkpt lat="51.4744640" lon="-0.3075150">
    <ele>4.8</ele>
    <time>2026-05-16T09:52:03Z</time>
   </trkpt>
   <trkpt lat="51.4744560" lon="-0.3075350">
    <ele>4.8</ele>
    <time>2026-05-16T09:52:04Z</time>
   </trkpt>
   <trkpt lat="51.4744450" lon="-0.3075520">
    <ele>4.8</ele>
    <time>2026-05-16T09:52:05Z</time>
   </trkpt>
   <trkpt lat="51.4744390" lon="-0.3075700">
    <ele>4.8</ele>
    <time>2026-05-16T09:52:06Z</time>
   </trkpt>
   <trkpt lat="51.4744290" lon="-0.3075870">
    <ele>4.8</ele>
    <time>2026-05-16T09:52:07Z</time>
   </trkpt>
   <trkpt lat="51.4744200" lon="-0.3076060">
    <ele>4.9</ele>
    <time>2026-05-16T09:52:08Z</time>
   </trkpt>
   <trkpt lat="51.4744120" lon="-0.3076210">
    <ele>4.9</ele>
    <time>2026-05-16T09:52:09Z</time>
   </trkpt>
   <trkpt lat="51.4743950" lon="-0.3076440">
    <ele>4.9</ele>
    <time>2026-05-16T09:52:10Z</time>
   </trkpt>
   <trkpt lat="51.4743890" lon="-0.3076530">
    <ele>4.9</ele>
    <time>2026-05-16T09:52:11Z</time>
   </trkpt>
   <trkpt lat="51.4743820" lon="-0.3076630">
    <ele>4.9</ele>
    <time>2026-05-16T09:52:12Z</time>
   </trkpt>
   <trkpt lat="51.4743730" lon="-0.3076940">
    <ele>4.9</ele>
    <time>2026-05-16T09:52:13Z</time>
   </trkpt>
   <trkpt lat="51.4743690" lon="-0.3077080">
    <ele>4.9</ele>
    <time>2026-05-16T09:52:14Z</time>
   </trkpt>
   <trkpt lat="51.4743660" lon="-0.3077210">
    <ele>4.9</ele>
    <time>2026-05-16T09:52:15Z</time>
   </trkpt>
   <trkpt lat="51.4743530" lon="-0.3077500">
    <ele>4.9</ele>
    <time>2026-05-16T09:52:16Z</time>
   </trkpt>
   <trkpt lat="51.4743490" lon="-0.3077640">
    <ele>4.9</ele>
    <time>2026-05-16T09:52:17Z</time>
   </trkpt>
   <trkpt lat="51.4743460" lon="-0.3077770">
    <ele>4.9</ele>
    <time>2026-05-16T09:52:18Z</time>
   </trkpt>
   <trkpt lat="51.4743380" lon="-0.3077950">
    <ele>4.9</ele>
    <time>2026-05-16T09:52:19Z</time>
   </trkpt>
   <trkpt lat="51.4743320" lon="-0.3078100">
    <ele>4.9</ele>
    <time>2026-05-16T09:52:20Z</time>
   </trkpt>
   <trkpt lat="51.4743290" lon="-0.3078200">
    <ele>4.9</ele>
    <time>2026-05-16T09:52:21Z</time>
   </trkpt>
   <trkpt lat="51.4743200" lon="-0.3078450">
    <ele>4.9</ele>
    <time>2026-05-16T09:52:22Z</time>
   </trkpt>
   <trkpt lat="51.4743170" lon="-0.3078610">
    <ele>4.9</ele>
    <time>2026-05-16T09:52:23Z</time>
   </trkpt>
   <trkpt lat="51.4743100" lon="-0.3078930">
    <ele>4.9</ele>
    <time>2026-05-16T09:52:24Z</time>
   </trkpt>
   <trkpt lat="51.4743060" lon="-0.3079060">
    <ele>4.9</ele>
    <time>2026-05-16T09:52:25Z</time>
   </trkpt>
   <trkpt lat="51.4743010" lon="-0.3079200">
    <ele>4.9</ele>
    <time>2026-05-16T09:52:26Z</time>
   </trkpt>
   <trkpt lat="51.4742940" lon="-0.3079400">
    <ele>4.9</ele>
    <time>2026-05-16T09:52:27Z</time>
   </trkpt>
   <trkpt lat="51.4742850" lon="-0.3079550">
    <ele>4.9</ele>
    <time>2026-05-16T09:52:28Z</time>
   </trkpt>
   <trkpt lat="51.4742770" lon="-0.3079770">
    <ele>4.9</ele>
    <time>2026-05-16T09:52:29Z</time>
   </trkpt>
   <trkpt lat="51.4742700" lon="-0.3079860">
    <ele>4.9</ele>
    <time>2026-05-16T09:52:30Z</time>
   </trkpt>
   <trkpt lat="51.4742640" lon="-0.3080010">
    <ele>4.9</ele>
    <time>2026-05-16T09:52:31Z</time>
   </trkpt>
   <trkpt lat="51.4742590" lon="-0.3080220">
    <ele>4.9</ele>
    <time>2026-05-16T09:52:32Z</time>
   </trkpt>
   <trkpt lat="51.4742510" lon="-0.3080420">
    <ele>4.9</ele>
    <time>2026-05-16T09:52:33Z</time>
   </trkpt>
   <trkpt lat="51.4742440" lon="-0.3080640">
    <ele>4.9</ele>
    <time>2026-05-16T09:52:34Z</time>
   </trkpt>
   <trkpt lat="51.4742400" lon="-0.3080780">
    <ele>4.9</ele>
    <time>2026-05-16T09:52:35Z</time>
   </trkpt>
   <trkpt lat="51.4742310" lon="-0.3080850">
    <ele>4.9</ele>
    <time>2026-05-16T09:52:36Z</time>
   </trkpt>
   <trkpt lat="51.4742230" lon="-0.3081160">
    <ele>4.9</ele>
    <time>2026-05-16T09:52:37Z</time>
   </trkpt>
   <trkpt lat="51.4742190" lon="-0.3081280">
    <ele>4.9</ele>
    <time>2026-05-16T09:52:38Z</time>
   </trkpt>
   <trkpt lat="51.4742160" lon="-0.3081400">
    <ele>4.9</ele>
    <time>2026-05-16T09:52:39Z</time>
   </trkpt>
   <trkpt lat="51.4742050" lon="-0.3081650">
    <ele>5.0</ele>
    <time>2026-05-16T09:52:40Z</time>
   </trkpt>
   <trkpt lat="51.4742020" lon="-0.3081840">
    <ele>5.0</ele>
    <time>2026-05-16T09:52:41Z</time>
   </trkpt>
   <trkpt lat="51.4741950" lon="-0.3082000">
    <ele>5.0</ele>
    <time>2026-05-16T09:52:42Z</time>
   </trkpt>
   <trkpt lat="51.4741870" lon="-0.3082230">
    <ele>5.0</ele>
    <time>2026-05-16T09:52:43Z</time>
   </trkpt>
   <trkpt lat="51.4741750" lon="-0.3082530">
    <ele>5.0</ele>
    <time>2026-05-16T09:52:44Z</time>
   </trkpt>
   <trkpt lat="51.4741680" lon="-0.3082670">
    <ele>5.0</ele>
    <time>2026-05-16T09:52:45Z</time>
   </trkpt>
   <trkpt lat="51.4741620" lon="-0.3082820">
    <ele>5.0</ele>
    <time>2026-05-16T09:52:46Z</time>
   </trkpt>
   <trkpt lat="51.4741520" lon="-0.3083050">
    <ele>5.0</ele>
    <time>2026-05-16T09:52:47Z</time>
   </trkpt>
   <trkpt lat="51.4741450" lon="-0.3083200">
    <ele>5.0</ele>
    <time>2026-05-16T09:52:48Z</time>
   </trkpt>
   <trkpt lat="51.4741360" lon="-0.3083430">
    <ele>5.0</ele>
    <time>2026-05-16T09:52:49Z</time>
   </trkpt>
   <trkpt lat="51.4741310" lon="-0.3083590">
    <ele>5.0</ele>
    <time>2026-05-16T09:52:50Z</time>
   </trkpt>
   <trkpt lat="51.4741240" lon="-0.3083830">
    <ele>5.0</ele>
    <time>2026-05-16T09:52:51Z</time>
   </trkpt>
   <trkpt lat="51.4741150" lon="-0.3084020">
    <ele>5.0</ele>
    <time>2026-05-16T09:52:52Z</time>
   </trkpt>
   <trkpt lat="51.4741090" lon="-0.3084220">
    <ele>5.0</ele>
    <time>2026-05-16T09:52:53Z</time>
   </trkpt>
   <trkpt lat="51.4740980" lon="-0.3084400">
    <ele>5.0</ele>
    <time>2026-05-16T09:52:54Z</time>
   </trkpt>
   <trkpt lat="51.4740910" lon="-0.3084630">
    <ele>5.0</ele>
    <time>2026-05-16T09:52:55Z</time>
   </trkpt>
   <trkpt lat="51.4740850" lon="-0.3084860">
    <ele>5.0</ele>
    <time>2026-05-16T09:52:56Z</time>
   </trkpt>
   <trkpt lat="51.4740770" lon="-0.3085040">
    <ele>5.0</ele>
    <time>2026-05-16T09:52:57Z</time>
   </trkpt>
   <trkpt lat="51.4740690" lon="-0.3085250">
    <ele>5.0</ele>
    <time>2026-05-16T09:52:58Z</time>
   </trkpt>
   <trkpt lat="51.4740600" lon="-0.3085420">
    <ele>5.0</ele>
    <time>2026-05-16T09:52:59Z</time>
   </trkpt>
   <trkpt lat="51.4740530" lon="-0.3085610">
    <ele>5.0</ele>
    <time>2026-05-16T09:53:00Z</time>
   </trkpt>
   <trkpt lat="51.4740460" lon="-0.3085790">
    <ele>5.0</ele>
    <time>2026-05-16T09:53:01Z</time>
   </trkpt>
   <trkpt lat="51.4740400" lon="-0.3086030">
    <ele>5.0</ele>
    <time>2026-05-16T09:53:02Z</time>
   </trkpt>
   <trkpt lat="51.4740340" lon="-0.3086220">
    <ele>5.0</ele>
    <time>2026-05-16T09:53:03Z</time>
   </trkpt>
   <trkpt lat="51.4740240" lon="-0.3086420">
    <ele>5.0</ele>
    <time>2026-05-16T09:53:04Z</time>
   </trkpt>
   <trkpt lat="51.4740170" lon="-0.3086640">
    <ele>5.0</ele>
    <time>2026-05-16T09:53:05Z</time>
   </trkpt>
   <trkpt lat="51.4740020" lon="-0.3086750">
    <ele>5.0</ele>
    <time>2026-05-16T09:53:06Z</time>
   </trkpt>
   <trkpt lat="51.4739910" lon="-0.3086910">
    <ele>5.0</ele>
    <time>2026-05-16T09:53:08Z</time>
   </trkpt>
   <trkpt lat="51.4739840" lon="-0.3087120">
    <ele>5.0</ele>
    <time>2026-05-16T09:53:09Z</time>
   </trkpt>
   <trkpt lat="51.4739760" lon="-0.3087330">
    <ele>5.0</ele>
    <time>2026-05-16T09:53:10Z</time>
   </trkpt>
   <trkpt lat="51.4739670" lon="-0.3087520">
    <ele>5.0</ele>
    <time>2026-05-16T09:53:11Z</time>
   </trkpt>
   <trkpt lat="51.4739600" lon="-0.3087720">
    <ele>5.0</ele>
    <time>2026-05-16T09:53:12Z</time>
   </trkpt>
   <trkpt lat="51.4739550" lon="-0.3087920">
    <ele>5.0</ele>
    <time>2026-05-16T09:53:13Z</time>
   </trkpt>
   <trkpt lat="51.4739540" lon="-0.3088170">
    <ele>5.0</ele>
    <time>2026-05-16T09:53:14Z</time>
   </trkpt>
   <trkpt lat="51.4739500" lon="-0.3088350">
    <ele>5.0</ele>
    <time>2026-05-16T09:53:15Z</time>
   </trkpt>
   <trkpt lat="51.4739430" lon="-0.3088570">
    <ele>5.0</ele>
    <time>2026-05-16T09:53:16Z</time>
   </trkpt>
   <trkpt lat="51.4739330" lon="-0.3088730">
    <ele>5.0</ele>
    <time>2026-05-16T09:53:17Z</time>
   </trkpt>
   <trkpt lat="51.4739240" lon="-0.3088900">
    <ele>5.0</ele>
    <time>2026-05-16T09:53:18Z</time>
   </trkpt>
   <trkpt lat="51.4739170" lon="-0.3089090">
    <ele>5.0</ele>
    <time>2026-05-16T09:53:19Z</time>
   </trkpt>
   <trkpt lat="51.4739110" lon="-0.3089290">
    <ele>5.0</ele>
    <time>2026-05-16T09:53:20Z</time>
   </trkpt>
   <trkpt lat="51.4739030" lon="-0.3089470">
    <ele>5.0</ele>
    <time>2026-05-16T09:53:21Z</time>
   </trkpt>
   <trkpt lat="51.4738950" lon="-0.3089660">
    <ele>5.0</ele>
    <time>2026-05-16T09:53:22Z</time>
   </trkpt>
   <trkpt lat="51.4738870" lon="-0.3089820">
    <ele>5.0</ele>
    <time>2026-05-16T09:53:23Z</time>
   </trkpt>
   <trkpt lat="51.4738790" lon="-0.3090000">
    <ele>5.0</ele>
    <time>2026-05-16T09:53:24Z</time>
   </trkpt>
   <trkpt lat="51.4738700" lon="-0.3090170">
    <ele>5.0</ele>
    <time>2026-05-16T09:53:25Z</time>
   </trkpt>
   <trkpt lat="51.4738600" lon="-0.3090300">
    <ele>5.0</ele>
    <time>2026-05-16T09:53:26Z</time>
   </trkpt>
   <trkpt lat="51.4738510" lon="-0.3090450">
    <ele>5.0</ele>
    <time>2026-05-16T09:53:27Z</time>
   </trkpt>
   <trkpt lat="51.4738480" lon="-0.3090610">
    <ele>5.0</ele>
    <time>2026-05-16T09:53:28Z</time>
   </trkpt>
   <trkpt lat="51.4738400" lon="-0.3090910">
    <ele>5.0</ele>
    <time>2026-05-16T09:53:29Z</time>
   </trkpt>
   <trkpt lat="51.4738350" lon="-0.3091020">
    <ele>5.0</ele>
    <time>2026-05-16T09:53:30Z</time>
   </trkpt>
   <trkpt lat="51.4738310" lon="-0.3091130">
    <ele>5.0</ele>
    <time>2026-05-16T09:53:31Z</time>
   </trkpt>
   <trkpt lat="51.4738210" lon="-0.3091300">
    <ele>5.0</ele>
    <time>2026-05-16T09:53:32Z</time>
   </trkpt>
   <trkpt lat="51.4738130" lon="-0.3091480">
    <ele>5.0</ele>
    <time>2026-05-16T09:53:33Z</time>
   </trkpt>
   <trkpt lat="51.4737990" lon="-0.3091760">
    <ele>5.0</ele>
    <time>2026-05-16T09:53:34Z</time>
   </trkpt>
   <trkpt lat="51.4737950" lon="-0.3091880">
    <ele>5.0</ele>
    <time>2026-05-16T09:53:35Z</time>
   </trkpt>
   <trkpt lat="51.4737900" lon="-0.3092000">
    <ele>5.0</ele>
    <time>2026-05-16T09:53:36Z</time>
   </trkpt>
   <trkpt lat="51.4737800" lon="-0.3092300">
    <ele>5.0</ele>
    <time>2026-05-16T09:53:37Z</time>
   </trkpt>
   <trkpt lat="51.4737760" lon="-0.3092430">
    <ele>5.0</ele>
    <time>2026-05-16T09:53:38Z</time>
   </trkpt>
   <trkpt lat="51.4737730" lon="-0.3092550">
    <ele>5.0</ele>
    <time>2026-05-16T09:53:39Z</time>
   </trkpt>
   <trkpt lat="51.4737660" lon="-0.3092760">
    <ele>5.0</ele>
    <time>2026-05-16T09:53:40Z</time>
   </trkpt>
   <trkpt lat="51.4737580" lon="-0.3092950">
    <ele>5.0</ele>
    <time>2026-05-16T09:53:41Z</time>
   </trkpt>
   <trkpt lat="51.4737470" lon="-0.3093340">
    <ele>5.0</ele>
    <time>2026-05-16T09:53:42Z</time>
   </trkpt>
   <trkpt lat="51.4737400" lon="-0.3093530">
    <ele>5.0</ele>
    <time>2026-05-16T09:53:43Z</time>
   </trkpt>
   <trkpt lat="51.4737340" lon="-0.3093730">
    <ele>5.0</ele>
    <time>2026-05-16T09:53:44Z</time>
   </trkpt>
   <trkpt lat="51.4737260" lon="-0.3093950">
    <ele>5.0</ele>
    <time>2026-05-16T09:53:45Z</time>
   </trkpt>
   <trkpt lat="51.4737200" lon="-0.3094180">
    <ele>5.0</ele>
    <time>2026-05-16T09:53:46Z</time>
   </trkpt>
   <trkpt lat="51.4737150" lon="-0.3094420">
    <ele>5.0</ele>
    <time>2026-05-16T09:53:47Z</time>
   </trkpt>
   <trkpt lat="51.4737010" lon="-0.3094720">
    <ele>5.0</ele>
    <time>2026-05-16T09:53:48Z</time>
   </trkpt>
   <trkpt lat="51.4736960" lon="-0.3094860">
    <ele>5.0</ele>
    <time>2026-05-16T09:53:49Z</time>
   </trkpt>
   <trkpt lat="51.4736920" lon="-0.3095000">
    <ele>5.0</ele>
    <time>2026-05-16T09:53:50Z</time>
   </trkpt>
   <trkpt lat="51.4736840" lon="-0.3095200">
    <ele>5.0</ele>
    <time>2026-05-16T09:53:51Z</time>
   </trkpt>
   <trkpt lat="51.4736760" lon="-0.3095400">
    <ele>5.0</ele>
    <time>2026-05-16T09:53:52Z</time>
   </trkpt>
   <trkpt lat="51.4736710" lon="-0.3095600">
    <ele>5.0</ele>
    <time>2026-05-16T09:53:53Z</time>
   </trkpt>
   <trkpt lat="51.4736630" lon="-0.3095780">
    <ele>5.0</ele>
    <time>2026-05-16T09:53:54Z</time>
   </trkpt>
   <trkpt lat="51.4736540" lon="-0.3095970">
    <ele>5.0</ele>
    <time>2026-05-16T09:53:55Z</time>
   </trkpt>
   <trkpt lat="51.4736440" lon="-0.3096120">
    <ele>5.0</ele>
    <time>2026-05-16T09:53:56Z</time>
   </trkpt>
   <trkpt lat="51.4736340" lon="-0.3096290">
    <ele>4.9</ele>
    <time>2026-05-16T09:53:57Z</time>
   </trkpt>
   <trkpt lat="51.4736250" lon="-0.3096450">
    <ele>4.9</ele>
    <time>2026-05-16T09:53:58Z</time>
   </trkpt>
   <trkpt lat="51.4736160" lon="-0.3096610">
    <ele>4.9</ele>
    <time>2026-05-16T09:53:59Z</time>
   </trkpt>
   <trkpt lat="51.4736080" lon="-0.3096800">
    <ele>4.9</ele>
    <time>2026-05-16T09:54:00Z</time>
   </trkpt>
   <trkpt lat="51.4736010" lon="-0.3097030">
    <ele>4.9</ele>
    <time>2026-05-16T09:54:01Z</time>
   </trkpt>
   <trkpt lat="51.4735920" lon="-0.3097210">
    <ele>4.9</ele>
    <time>2026-05-16T09:54:02Z</time>
   </trkpt>
   <trkpt lat="51.4735870" lon="-0.3097340">
    <ele>4.9</ele>
    <time>2026-05-16T09:54:03Z</time>
   </trkpt>
   <trkpt lat="51.4735770" lon="-0.3097470">
    <ele>4.9</ele>
    <time>2026-05-16T09:54:04Z</time>
   </trkpt>
   <trkpt lat="51.4735680" lon="-0.3097630">
    <ele>4.9</ele>
    <time>2026-05-16T09:54:05Z</time>
   </trkpt>
   <trkpt lat="51.4735550" lon="-0.3097900">
    <ele>4.9</ele>
    <time>2026-05-16T09:54:06Z</time>
   </trkpt>
   <trkpt lat="51.4735510" lon="-0.3098020">
    <ele>4.9</ele>
    <time>2026-05-16T09:54:07Z</time>
   </trkpt>
   <trkpt lat="51.4735460" lon="-0.3098150">
    <ele>4.8</ele>
    <time>2026-05-16T09:54:08Z</time>
   </trkpt>
   <trkpt lat="51.4735350" lon="-0.3098330">
    <ele>4.8</ele>
    <time>2026-05-16T09:54:09Z</time>
   </trkpt>
   <trkpt lat="51.4735310" lon="-0.3098530">
    <ele>4.8</ele>
    <time>2026-05-16T09:54:10Z</time>
   </trkpt>
   <trkpt lat="51.4735180" lon="-0.3098780">
    <ele>4.8</ele>
    <time>2026-05-16T09:54:11Z</time>
   </trkpt>
   <trkpt lat="51.4735130" lon="-0.3098910">
    <ele>4.8</ele>
    <time>2026-05-16T09:54:12Z</time>
   </trkpt>
   <trkpt lat="51.4735040" lon="-0.3099180">
    <ele>4.8</ele>
    <time>2026-05-16T09:54:13Z</time>
   </trkpt>
   <trkpt lat="51.4735000" lon="-0.3099320">
    <ele>4.7</ele>
    <time>2026-05-16T09:54:14Z</time>
   </trkpt>
   <trkpt lat="51.4734970" lon="-0.3099450">
    <ele>4.7</ele>
    <time>2026-05-16T09:54:15Z</time>
   </trkpt>
   <trkpt lat="51.4734870" lon="-0.3099800">
    <ele>4.7</ele>
    <time>2026-05-16T09:54:16Z</time>
   </trkpt>
   <trkpt lat="51.4734840" lon="-0.3099900">
    <ele>4.7</ele>
    <time>2026-05-16T09:54:17Z</time>
   </trkpt>
   <trkpt lat="51.4734810" lon="-0.3099990">
    <ele>4.7</ele>
    <time>2026-05-16T09:54:18Z</time>
   </trkpt>
   <trkpt lat="51.4734750" lon="-0.3100160">
    <ele>4.6</ele>
    <time>2026-05-16T09:54:19Z</time>
   </trkpt>
   <trkpt lat="51.4734670" lon="-0.3100320">
    <ele>4.6</ele>
    <time>2026-05-16T09:54:20Z</time>
   </trkpt>
   <trkpt lat="51.4734610" lon="-0.3100460">
    <ele>4.6</ele>
    <time>2026-05-16T09:54:21Z</time>
   </trkpt>
   <trkpt lat="51.4734520" lon="-0.3100700">
    <ele>4.6</ele>
    <time>2026-05-16T09:54:22Z</time>
   </trkpt>
   <trkpt lat="51.4734460" lon="-0.3100850">
    <ele>4.5</ele>
    <time>2026-05-16T09:54:23Z</time>
   </trkpt>
   <trkpt lat="51.4734360" lon="-0.3101170">
    <ele>4.5</ele>
    <time>2026-05-16T09:54:24Z</time>
   </trkpt>
   <trkpt lat="51.4734310" lon="-0.3101310">
    <ele>4.5</ele>
    <time>2026-05-16T09:54:25Z</time>
   </trkpt>
   <trkpt lat="51.4734270" lon="-0.3101440">
    <ele>4.5</ele>
    <time>2026-05-16T09:54:26Z</time>
   </trkpt>
   <trkpt lat="51.4734150" lon="-0.3101780">
    <ele>4.4</ele>
    <time>2026-05-16T09:54:27Z</time>
   </trkpt>
   <trkpt lat="51.4734110" lon="-0.3101870">
    <ele>4.4</ele>
    <time>2026-05-16T09:54:28Z</time>
   </trkpt>
   <trkpt lat="51.4734070" lon="-0.3101960">
    <ele>4.4</ele>
    <time>2026-05-16T09:54:29Z</time>
   </trkpt>
   <trkpt lat="51.4734010" lon="-0.3102170">
    <ele>4.4</ele>
    <time>2026-05-16T09:54:30Z</time>
   </trkpt>
   <trkpt lat="51.4733960" lon="-0.3102410">
    <ele>4.3</ele>
    <time>2026-05-16T09:54:31Z</time>
   </trkpt>
   <trkpt lat="51.4733860" lon="-0.3102660">
    <ele>4.3</ele>
    <time>2026-05-16T09:54:32Z</time>
   </trkpt>
   <trkpt lat="51.4733800" lon="-0.3102790">
    <ele>4.3</ele>
    <time>2026-05-16T09:54:33Z</time>
   </trkpt>
   <trkpt lat="51.4733710" lon="-0.3102970">
    <ele>4.3</ele>
    <time>2026-05-16T09:54:34Z</time>
   </trkpt>
   <trkpt lat="51.4733590" lon="-0.3103200">
    <ele>4.3</ele>
    <time>2026-05-16T09:54:35Z</time>
   </trkpt>
   <trkpt lat="51.4733490" lon="-0.3103480">
    <ele>4.3</ele>
    <time>2026-05-16T09:54:36Z</time>
   </trkpt>
   <trkpt lat="51.4733450" lon="-0.3103610">
    <ele>4.3</ele>
    <time>2026-05-16T09:54:37Z</time>
   </trkpt>
   <trkpt lat="51.4733410" lon="-0.3103730">
    <ele>4.3</ele>
    <time>2026-05-16T09:54:38Z</time>
   </trkpt>
   <trkpt lat="51.4733290" lon="-0.3104020">
    <ele>4.3</ele>
    <time>2026-05-16T09:54:39Z</time>
   </trkpt>
   <trkpt lat="51.4733230" lon="-0.3104140">
    <ele>4.3</ele>
    <time>2026-05-16T09:54:40Z</time>
   </trkpt>
   <trkpt lat="51.4733180" lon="-0.3104270">
    <ele>4.3</ele>
    <time>2026-05-16T09:54:41Z</time>
   </trkpt>
   <trkpt lat="51.4733060" lon="-0.3104570">
    <ele>4.3</ele>
    <time>2026-05-16T09:54:42Z</time>
   </trkpt>
   <trkpt lat="51.4733020" lon="-0.3104670">
    <ele>4.3</ele>
    <time>2026-05-16T09:54:43Z</time>
   </trkpt>
   <trkpt lat="51.4732970" lon="-0.3104770">
    <ele>4.3</ele>
    <time>2026-05-16T09:54:44Z</time>
   </trkpt>
   <trkpt lat="51.4732920" lon="-0.3104940">
    <ele>4.3</ele>
    <time>2026-05-16T09:54:45Z</time>
   </trkpt>
   <trkpt lat="51.4732850" lon="-0.3105190">
    <ele>4.3</ele>
    <time>2026-05-16T09:54:46Z</time>
   </trkpt>
   <trkpt lat="51.4732780" lon="-0.3105490">
    <ele>4.3</ele>
    <time>2026-05-16T09:54:47Z</time>
   </trkpt>
   <trkpt lat="51.4732730" lon="-0.3105600">
    <ele>4.3</ele>
    <time>2026-05-16T09:54:48Z</time>
   </trkpt>
   <trkpt lat="51.4732680" lon="-0.3105720">
    <ele>4.3</ele>
    <time>2026-05-16T09:54:49Z</time>
   </trkpt>
   <trkpt lat="51.4732630" lon="-0.3105890">
    <ele>4.3</ele>
    <time>2026-05-16T09:54:50Z</time>
   </trkpt>
   <trkpt lat="51.4732560" lon="-0.3106050">
    <ele>4.3</ele>
    <time>2026-05-16T09:54:51Z</time>
   </trkpt>
   <trkpt lat="51.4732500" lon="-0.3106210">
    <ele>4.3</ele>
    <time>2026-05-16T09:54:52Z</time>
   </trkpt>
   <trkpt lat="51.4732420" lon="-0.3106380">
    <ele>4.3</ele>
    <time>2026-05-16T09:54:53Z</time>
   </trkpt>
   <trkpt lat="51.4732330" lon="-0.3106550">
    <ele>4.3</ele>
    <time>2026-05-16T09:54:54Z</time>
   </trkpt>
   <trkpt lat="51.4732230" lon="-0.3106730">
    <ele>4.3</ele>
    <time>2026-05-16T09:54:55Z</time>
   </trkpt>
   <trkpt lat="51.4732140" lon="-0.3106920">
    <ele>4.3</ele>
    <time>2026-05-16T09:54:56Z</time>
   </trkpt>
   <trkpt lat="51.4732050" lon="-0.3107120">
    <ele>4.3</ele>
    <time>2026-05-16T09:54:57Z</time>
   </trkpt>
   <trkpt lat="51.4731990" lon="-0.3107280">
    <ele>4.3</ele>
    <time>2026-05-16T09:54:58Z</time>
   </trkpt>
   <trkpt lat="51.4731920" lon="-0.3107470">
    <ele>4.3</ele>
    <time>2026-05-16T09:54:59Z</time>
   </trkpt>
   <trkpt lat="51.4731850" lon="-0.3107660">
    <ele>4.3</ele>
    <time>2026-05-16T09:55:00Z</time>
   </trkpt>
   <trkpt lat="51.4731800" lon="-0.3107870">
    <ele>4.3</ele>
    <time>2026-05-16T09:55:01Z</time>
   </trkpt>
   <trkpt lat="51.4731720" lon="-0.3108080">
    <ele>4.3</ele>
    <time>2026-05-16T09:55:02Z</time>
   </trkpt>
   <trkpt lat="51.4731610" lon="-0.3108310">
    <ele>4.3</ele>
    <time>2026-05-16T09:55:03Z</time>
   </trkpt>
   <trkpt lat="51.4731520" lon="-0.3108420">
    <ele>4.3</ele>
    <time>2026-05-16T09:55:04Z</time>
   </trkpt>
   <trkpt lat="51.4731460" lon="-0.3108550">
    <ele>4.3</ele>
    <time>2026-05-16T09:55:05Z</time>
   </trkpt>
   <trkpt lat="51.4731400" lon="-0.3108740">
    <ele>4.3</ele>
    <time>2026-05-16T09:55:06Z</time>
   </trkpt>
   <trkpt lat="51.4731360" lon="-0.3108940">
    <ele>4.3</ele>
    <time>2026-05-16T09:55:07Z</time>
   </trkpt>
   <trkpt lat="51.4731300" lon="-0.3109140">
    <ele>4.3</ele>
    <time>2026-05-16T09:55:08Z</time>
   </trkpt>
   <trkpt lat="51.4731230" lon="-0.3109340">
    <ele>4.3</ele>
    <time>2026-05-16T09:55:09Z</time>
   </trkpt>
   <trkpt lat="51.4731150" lon="-0.3109620">
    <ele>4.3</ele>
    <time>2026-05-16T09:55:10Z</time>
   </trkpt>
   <trkpt lat="51.4731100" lon="-0.3109740">
    <ele>4.3</ele>
    <time>2026-05-16T09:55:11Z</time>
   </trkpt>
   <trkpt lat="51.4731060" lon="-0.3109870">
    <ele>4.3</ele>
    <time>2026-05-16T09:55:12Z</time>
   </trkpt>
   <trkpt lat="51.4730990" lon="-0.3110060">
    <ele>4.3</ele>
    <time>2026-05-16T09:55:14Z</time>
   </trkpt>
   <trkpt lat="51.4730930" lon="-0.3110310">
    <ele>4.4</ele>
    <time>2026-05-16T09:55:15Z</time>
   </trkpt>
   <trkpt lat="51.4730880" lon="-0.3110580">
    <ele>4.4</ele>
    <time>2026-05-16T09:55:16Z</time>
   </trkpt>
   <trkpt lat="51.4730810" lon="-0.3110790">
    <ele>4.4</ele>
    <time>2026-05-16T09:55:17Z</time>
   </trkpt>
   <trkpt lat="51.4730740" lon="-0.3111020">
    <ele>4.4</ele>
    <time>2026-05-16T09:55:18Z</time>
   </trkpt>
   <trkpt lat="51.4730630" lon="-0.3111220">
    <ele>4.4</ele>
    <time>2026-05-16T09:55:19Z</time>
   </trkpt>
   <trkpt lat="51.4730490" lon="-0.3111390">
    <ele>4.4</ele>
    <time>2026-05-16T09:55:20Z</time>
   </trkpt>
   <trkpt lat="51.4730360" lon="-0.3111520">
    <ele>4.4</ele>
    <time>2026-05-16T09:55:21Z</time>
   </trkpt>
   <trkpt lat="51.4730260" lon="-0.3111710">
    <ele>4.4</ele>
    <time>2026-05-16T09:55:22Z</time>
   </trkpt>
   <trkpt lat="51.4730190" lon="-0.3111920">
    <ele>4.4</ele>
    <time>2026-05-16T09:55:23Z</time>
   </trkpt>
   <trkpt lat="51.4730130" lon="-0.3112130">
    <ele>4.4</ele>
    <time>2026-05-16T09:55:24Z</time>
   </trkpt>
   <trkpt lat="51.4730060" lon="-0.3112330">
    <ele>4.4</ele>
    <time>2026-05-16T09:55:25Z</time>
   </trkpt>
   <trkpt lat="51.4729940" lon="-0.3112590">
    <ele>4.4</ele>
    <time>2026-05-16T09:55:26Z</time>
   </trkpt>
   <trkpt lat="51.4729880" lon="-0.3112680">
    <ele>4.4</ele>
    <time>2026-05-16T09:55:27Z</time>
   </trkpt>
   <trkpt lat="51.4729830" lon="-0.3112780">
    <ele>4.4</ele>
    <time>2026-05-16T09:55:28Z</time>
   </trkpt>
   <trkpt lat="51.4729770" lon="-0.3113150">
    <ele>4.4</ele>
    <time>2026-05-16T09:55:29Z</time>
   </trkpt>
   <trkpt lat="51.4729760" lon="-0.3113290">
    <ele>4.4</ele>
    <time>2026-05-16T09:55:30Z</time>
   </trkpt>
   <trkpt lat="51.4729740" lon="-0.3113440">
    <ele>4.4</ele>
    <time>2026-05-16T09:55:31Z</time>
   </trkpt>
   <trkpt lat="51.4729640" lon="-0.3113600">
    <ele>4.4</ele>
    <time>2026-05-16T09:55:32Z</time>
   </trkpt>
   <trkpt lat="51.4729560" lon="-0.3113780">
    <ele>4.4</ele>
    <time>2026-05-16T09:55:33Z</time>
   </trkpt>
   <trkpt lat="51.4729510" lon="-0.3113990">
    <ele>4.4</ele>
    <time>2026-05-16T09:55:34Z</time>
   </trkpt>
   <trkpt lat="51.4729490" lon="-0.3114220">
    <ele>4.4</ele>
    <time>2026-05-16T09:55:35Z</time>
   </trkpt>
   <trkpt lat="51.4729360" lon="-0.3114520">
    <ele>4.4</ele>
    <time>2026-05-16T09:55:36Z</time>
   </trkpt>
   <trkpt lat="51.4729300" lon="-0.3114610">
    <ele>4.4</ele>
    <time>2026-05-16T09:55:37Z</time>
   </trkpt>
   <trkpt lat="51.4729240" lon="-0.3114700">
    <ele>4.4</ele>
    <time>2026-05-16T09:55:38Z</time>
   </trkpt>
   <trkpt lat="51.4729140" lon="-0.3114830">
    <ele>4.4</ele>
    <time>2026-05-16T09:55:39Z</time>
   </trkpt>
   <trkpt lat="51.4729050" lon="-0.3115030">
    <ele>4.4</ele>
    <time>2026-05-16T09:55:40Z</time>
   </trkpt>
   <trkpt lat="51.4728950" lon="-0.3115210">
    <ele>4.4</ele>
    <time>2026-05-16T09:55:41Z</time>
   </trkpt>
   <trkpt lat="51.4728870" lon="-0.3115430">
    <ele>4.4</ele>
    <time>2026-05-16T09:55:42Z</time>
   </trkpt>
   <trkpt lat="51.4728800" lon="-0.3115610">
    <ele>4.4</ele>
    <time>2026-05-16T09:55:43Z</time>
   </trkpt>
   <trkpt lat="51.4728710" lon="-0.3115800">
    <ele>4.4</ele>
    <time>2026-05-16T09:55:44Z</time>
   </trkpt>
   <trkpt lat="51.4728640" lon="-0.3116010">
    <ele>4.4</ele>
    <time>2026-05-16T09:55:45Z</time>
   </trkpt>
   <trkpt lat="51.4728580" lon="-0.3116230">
    <ele>4.4</ele>
    <time>2026-05-16T09:55:46Z</time>
   </trkpt>
   <trkpt lat="51.4728480" lon="-0.3116420">
    <ele>4.4</ele>
    <time>2026-05-16T09:55:47Z</time>
   </trkpt>
   <trkpt lat="51.4728370" lon="-0.3116580">
    <ele>4.4</ele>
    <time>2026-05-16T09:55:48Z</time>
   </trkpt>
   <trkpt lat="51.4728250" lon="-0.3116870">
    <ele>4.4</ele>
    <time>2026-05-16T09:55:49Z</time>
   </trkpt>
   <trkpt lat="51.4728220" lon="-0.3116980">
    <ele>4.4</ele>
    <time>2026-05-16T09:55:50Z</time>
   </trkpt>
   <trkpt lat="51.4728180" lon="-0.3117100">
    <ele>4.4</ele>
    <time>2026-05-16T09:55:51Z</time>
   </trkpt>
   <trkpt lat="51.4728090" lon="-0.3117260">
    <ele>4.4</ele>
    <time>2026-05-16T09:55:52Z</time>
   </trkpt>
   <trkpt lat="51.4727900" lon="-0.3117600">
    <ele>4.4</ele>
    <time>2026-05-16T09:55:53Z</time>
   </trkpt>
   <trkpt lat="51.4727800" lon="-0.3117740">
    <ele>4.4</ele>
    <time>2026-05-16T09:55:54Z</time>
   </trkpt>
   <trkpt lat="51.4727740" lon="-0.3117950">
    <ele>4.4</ele>
    <time>2026-05-16T09:55:55Z</time>
   </trkpt>
   <trkpt lat="51.4727680" lon="-0.3118200">
    <ele>4.4</ele>
    <time>2026-05-16T09:55:56Z</time>
   </trkpt>
   <trkpt lat="51.4727600" lon="-0.3118410">
    <ele>4.4</ele>
    <time>2026-05-16T09:55:57Z</time>
   </trkpt>
   <trkpt lat="51.4727580" lon="-0.3118670">
    <ele>4.4</ele>
    <time>2026-05-16T09:55:58Z</time>
   </trkpt>
   <trkpt lat="51.4727500" lon="-0.3118860">
    <ele>4.4</ele>
    <time>2026-05-16T09:55:59Z</time>
   </trkpt>
   <trkpt lat="51.4727430" lon="-0.3119040">
    <ele>4.4</ele>
    <time>2026-05-16T09:56:00Z</time>
   </trkpt>
   <trkpt lat="51.4727340" lon="-0.3119210">
    <ele>4.4</ele>
    <time>2026-05-16T09:56:01Z</time>
   </trkpt>
   <trkpt lat="51.4727240" lon="-0.3119380">
    <ele>4.4</ele>
    <time>2026-05-16T09:56:02Z</time>
   </trkpt>
   <trkpt lat="51.4727180" lon="-0.3119600">
    <ele>4.4</ele>
    <time>2026-05-16T09:56:03Z</time>
   </trkpt>
   <trkpt lat="51.4727160" lon="-0.3119740">
    <ele>4.4</ele>
    <time>2026-05-16T09:56:04Z</time>
   </trkpt>
   <trkpt lat="51.4727160" lon="-0.3119860">
    <ele>4.4</ele>
    <time>2026-05-16T09:56:05Z</time>
   </trkpt>
   <trkpt lat="51.4727060" lon="-0.3120130">
    <ele>4.4</ele>
    <time>2026-05-16T09:56:06Z</time>
   </trkpt>
   <trkpt lat="51.4727000" lon="-0.3120250">
    <ele>4.4</ele>
    <time>2026-05-16T09:56:07Z</time>
   </trkpt>
   <trkpt lat="51.4726950" lon="-0.3120380">
    <ele>4.4</ele>
    <time>2026-05-16T09:56:08Z</time>
   </trkpt>
   <trkpt lat="51.4726900" lon="-0.3120570">
    <ele>4.4</ele>
    <time>2026-05-16T09:56:09Z</time>
   </trkpt>
   <trkpt lat="51.4726850" lon="-0.3120740">
    <ele>4.3</ele>
    <time>2026-05-16T09:56:10Z</time>
   </trkpt>
   <trkpt lat="51.4726800" lon="-0.3120880">
    <ele>4.3</ele>
    <time>2026-05-16T09:56:11Z</time>
   </trkpt>
   <trkpt lat="51.4726750" lon="-0.3121180">
    <ele>4.3</ele>
    <time>2026-05-16T09:56:12Z</time>
   </trkpt>
   <trkpt lat="51.4726730" lon="-0.3121330">
    <ele>4.3</ele>
    <time>2026-05-16T09:56:13Z</time>
   </trkpt>
   <trkpt lat="51.4726700" lon="-0.3121480">
    <ele>4.3</ele>
    <time>2026-05-16T09:56:14Z</time>
   </trkpt>
   <trkpt lat="51.4726630" lon="-0.3121720">
    <ele>4.3</ele>
    <time>2026-05-16T09:56:15Z</time>
   </trkpt>
   <trkpt lat="51.4726560" lon="-0.3121880">
    <ele>4.3</ele>
    <time>2026-05-16T09:56:16Z</time>
   </trkpt>
   <trkpt lat="51.4726450" lon="-0.3122190">
    <ele>4.3</ele>
    <time>2026-05-16T09:56:17Z</time>
   </trkpt>
   <trkpt lat="51.4726420" lon="-0.3122330">
    <ele>4.3</ele>
    <time>2026-05-16T09:56:18Z</time>
   </trkpt>
   <trkpt lat="51.4726380" lon="-0.3122470">
    <ele>4.3</ele>
    <time>2026-05-16T09:56:19Z</time>
   </trkpt>
   <trkpt lat="51.4726280" lon="-0.3122770">
    <ele>4.3</ele>
    <time>2026-05-16T09:56:20Z</time>
   </trkpt>
   <trkpt lat="51.4726220" lon="-0.3122920">
    <ele>4.3</ele>
    <time>2026-05-16T09:56:21Z</time>
   </trkpt>
   <trkpt lat="51.4726170" lon="-0.3123060">
    <ele>4.3</ele>
    <time>2026-05-16T09:56:22Z</time>
   </trkpt>
   <trkpt lat="51.4726080" lon="-0.3123290">
    <ele>4.3</ele>
    <time>2026-05-16T09:56:23Z</time>
   </trkpt>
   <trkpt lat="51.4726020" lon="-0.3123350">
    <ele>4.3</ele>
    <time>2026-05-16T09:56:24Z</time>
   </trkpt>
   <trkpt lat="51.4725960" lon="-0.3123490">
    <ele>4.3</ele>
    <time>2026-05-16T09:56:25Z</time>
   </trkpt>
   <trkpt lat="51.4725840" lon="-0.3123700">
    <ele>4.3</ele>
    <time>2026-05-16T09:56:26Z</time>
   </trkpt>
   <trkpt lat="51.4725780" lon="-0.3123850">
    <ele>4.3</ele>
    <time>2026-05-16T09:56:27Z</time>
   </trkpt>
   <trkpt lat="51.4725670" lon="-0.3124140">
    <ele>4.3</ele>
    <time>2026-05-16T09:56:28Z</time>
   </trkpt>
   <trkpt lat="51.4725620" lon="-0.3124270">
    <ele>4.3</ele>
    <time>2026-05-16T09:56:29Z</time>
   </trkpt>
   <trkpt lat="51.4725560" lon="-0.3124390">
    <ele>4.3</ele>
    <time>2026-05-16T09:56:30Z</time>
   </trkpt>
   <trkpt lat="51.4725460" lon="-0.3124710">
    <ele>4.3</ele>
    <time>2026-05-16T09:56:31Z</time>
   </trkpt>
   <trkpt lat="51.4725420" lon="-0.3124860">
    <ele>4.3</ele>
    <time>2026-05-16T09:56:32Z</time>
   </trkpt>
   <trkpt lat="51.4725390" lon="-0.3125000">
    <ele>4.3</ele>
    <time>2026-05-16T09:56:33Z</time>
   </trkpt>
   <trkpt lat="51.4725350" lon="-0.3125190">
    <ele>4.4</ele>
    <time>2026-05-16T09:56:34Z</time>
   </trkpt>
   <trkpt lat="51.4725260" lon="-0.3125420">
    <ele>4.4</ele>
    <time>2026-05-16T09:56:35Z</time>
   </trkpt>
   <trkpt lat="51.4725190" lon="-0.3125600">
    <ele>4.4</ele>
    <time>2026-05-16T09:56:36Z</time>
   </trkpt>
   <trkpt lat="51.4725150" lon="-0.3125830">
    <ele>4.4</ele>
    <time>2026-05-16T09:56:37Z</time>
   </trkpt>
   <trkpt lat="51.4725110" lon="-0.3126000">
    <ele>4.4</ele>
    <time>2026-05-16T09:56:38Z</time>
   </trkpt>
   <trkpt lat="51.4725030" lon="-0.3126240">
    <ele>4.4</ele>
    <time>2026-05-16T09:56:39Z</time>
   </trkpt>
   <trkpt lat="51.4725000" lon="-0.3126440">
    <ele>4.4</ele>
    <time>2026-05-16T09:56:40Z</time>
   </trkpt>
   <trkpt lat="51.4724920" lon="-0.3126650">
    <ele>4.4</ele>
    <time>2026-05-16T09:56:41Z</time>
   </trkpt>
   <trkpt lat="51.4724770" lon="-0.3126920">
    <ele>4.4</ele>
    <time>2026-05-16T09:56:42Z</time>
   </trkpt>
   <trkpt lat="51.4724690" lon="-0.3127000">
    <ele>4.4</ele>
    <time>2026-05-16T09:56:43Z</time>
   </trkpt>
   <trkpt lat="51.4724610" lon="-0.3127080">
    <ele>4.4</ele>
    <time>2026-05-16T09:56:44Z</time>
   </trkpt>
   <trkpt lat="51.4724530" lon="-0.3127230">
    <ele>4.4</ele>
    <time>2026-05-16T09:56:45Z</time>
   </trkpt>
   <trkpt lat="51.4724440" lon="-0.3127430">
    <ele>4.4</ele>
    <time>2026-05-16T09:56:46Z</time>
   </trkpt>
   <trkpt lat="51.4724360" lon="-0.3127600">
    <ele>4.4</ele>
    <time>2026-05-16T09:56:47Z</time>
   </trkpt>
   <trkpt lat="51.4724300" lon="-0.3127860">
    <ele>4.3</ele>
    <time>2026-05-16T09:56:48Z</time>
   </trkpt>
   <trkpt lat="51.4724190" lon="-0.3128200">
    <ele>4.3</ele>
    <time>2026-05-16T09:56:49Z</time>
   </trkpt>
   <trkpt lat="51.4724130" lon="-0.3128280">
    <ele>4.3</ele>
    <time>2026-05-16T09:56:50Z</time>
   </trkpt>
   <trkpt lat="51.4724080" lon="-0.3128370">
    <ele>4.3</ele>
    <time>2026-05-16T09:56:51Z</time>
   </trkpt>
   <trkpt lat="51.4723980" lon="-0.3128520">
    <ele>4.3</ele>
    <time>2026-05-16T09:56:52Z</time>
   </trkpt>
   <trkpt lat="51.4723890" lon="-0.3128730">
    <ele>4.3</ele>
    <time>2026-05-16T09:56:53Z</time>
   </trkpt>
   <trkpt lat="51.4723800" lon="-0.3128960">
    <ele>4.3</ele>
    <time>2026-05-16T09:56:54Z</time>
   </trkpt>
   <trkpt lat="51.4723700" lon="-0.3129220">
    <ele>4.3</ele>
    <time>2026-05-16T09:56:55Z</time>
   </trkpt>
   <trkpt lat="51.4723620" lon="-0.3129410">
    <ele>4.3</ele>
    <time>2026-05-16T09:56:56Z</time>
   </trkpt>
   <trkpt lat="51.4723550" lon="-0.3129660">
    <ele>4.3</ele>
    <time>2026-05-16T09:56:57Z</time>
   </trkpt>
   <trkpt lat="51.4723470" lon="-0.3129890">
    <ele>4.3</ele>
    <time>2026-05-16T09:56:58Z</time>
   </trkpt>
   <trkpt lat="51.4723410" lon="-0.3130030">
    <ele>4.3</ele>
    <time>2026-05-16T09:56:59Z</time>
   </trkpt>
   <trkpt lat="51.4723290" lon="-0.3130270">
    <ele>4.3</ele>
    <time>2026-05-16T09:57:00Z</time>
   </trkpt>
   <trkpt lat="51.4723240" lon="-0.3130390">
    <ele>4.3</ele>
    <time>2026-05-16T09:57:01Z</time>
   </trkpt>
   <trkpt lat="51.4723190" lon="-0.3130520">
    <ele>4.3</ele>
    <time>2026-05-16T09:57:02Z</time>
   </trkpt>
   <trkpt lat="51.4723100" lon="-0.3130700">
    <ele>4.3</ele>
    <time>2026-05-16T09:57:03Z</time>
   </trkpt>
   <trkpt lat="51.4723020" lon="-0.3130950">
    <ele>4.3</ele>
    <time>2026-05-16T09:57:04Z</time>
   </trkpt>
   <trkpt lat="51.4722930" lon="-0.3131200">
    <ele>4.3</ele>
    <time>2026-05-16T09:57:05Z</time>
   </trkpt>
   <trkpt lat="51.4722890" lon="-0.3131330">
    <ele>4.3</ele>
    <time>2026-05-16T09:57:06Z</time>
   </trkpt>
   <trkpt lat="51.4722880" lon="-0.3131400">
    <ele>4.3</ele>
    <time>2026-05-16T09:57:07Z</time>
   </trkpt>
   <trkpt lat="51.4722860" lon="-0.3131380">
    <ele>4.3</ele>
    <time>2026-05-16T09:57:08Z</time>
   </trkpt>
   <trkpt lat="51.4722880" lon="-0.3131430">
    <ele>4.3</ele>
    <time>2026-05-16T09:57:09Z</time>
   </trkpt>
   <trkpt lat="51.4722800" lon="-0.3131500">
    <ele>4.3</ele>
    <time>2026-05-16T09:57:10Z</time>
   </trkpt>
   <trkpt lat="51.4722770" lon="-0.3131620">
    <ele>4.3</ele>
    <time>2026-05-16T09:57:11Z</time>
   </trkpt>
   <trkpt lat="51.4722730" lon="-0.3131830">
    <ele>4.3</ele>
    <time>2026-05-16T09:57:12Z</time>
   </trkpt>
   <trkpt lat="51.4722740" lon="-0.3131790">
    <ele>4.3</ele>
    <time>2026-05-16T09:57:13Z</time>
   </trkpt>
   <trkpt lat="51.4722750" lon="-0.3131790">
    <ele>4.3</ele>
    <time>2026-05-16T09:57:14Z</time>
   </trkpt>
   <trkpt lat="51.4722760" lon="-0.3131770">
    <ele>4.3</ele>
    <time>2026-05-16T09:57:15Z</time>
   </trkpt>
   <trkpt lat="51.4722740" lon="-0.3131830">
    <ele>4.3</ele>
    <time>2026-05-16T09:57:16Z</time>
   </trkpt>
   <trkpt lat="51.4722720" lon="-0.3131830">
    <ele>4.3</ele>
    <time>2026-05-16T09:57:17Z</time>
   </trkpt>
   <trkpt lat="51.4722730" lon="-0.3131920">
    <ele>4.3</ele>
    <time>2026-05-16T09:57:18Z</time>
   </trkpt>
   <trkpt lat="51.4722660" lon="-0.3132070">
    <ele>4.3</ele>
    <time>2026-05-16T09:57:20Z</time>
   </trkpt>
   <trkpt lat="51.4722570" lon="-0.3132240">
    <ele>4.4</ele>
    <time>2026-05-16T09:57:21Z</time>
   </trkpt>
   <trkpt lat="51.4722490" lon="-0.3132400">
    <ele>4.4</ele>
    <time>2026-05-16T09:57:22Z</time>
   </trkpt>
   <trkpt lat="51.4722450" lon="-0.3132500">
    <ele>4.4</ele>
    <time>2026-05-16T09:57:23Z</time>
   </trkpt>
   <trkpt lat="51.4722400" lon="-0.3132610">
    <ele>4.4</ele>
    <time>2026-05-16T09:57:24Z</time>
   </trkpt>
   <trkpt lat="51.4722360" lon="-0.3132710">
    <ele>4.4</ele>
    <time>2026-05-16T09:57:25Z</time>
   </trkpt>
   <trkpt lat="51.4722320" lon="-0.3132820">
    <ele>4.4</ele>
    <time>2026-05-16T09:57:26Z</time>
   </trkpt>
   <trkpt lat="51.4722270" lon="-0.3132990">
    <ele>4.4</ele>
    <time>2026-05-16T09:57:27Z</time>
   </trkpt>
   <trkpt lat="51.4722220" lon="-0.3133110">
    <ele>4.4</ele>
    <time>2026-05-16T09:57:28Z</time>
   </trkpt>
   <trkpt lat="51.4722170" lon="-0.3133280">
    <ele>4.4</ele>
    <time>2026-05-16T09:57:29Z</time>
   </trkpt>
   <trkpt lat="51.4722040" lon="-0.3133510">
    <ele>4.4</ele>
    <time>2026-05-16T09:57:30Z</time>
   </trkpt>
   <trkpt lat="51.4721980" lon="-0.3133610">
    <ele>4.4</ele>
    <time>2026-05-16T09:57:31Z</time>
   </trkpt>
   <trkpt lat="51.4721910" lon="-0.3133710">
    <ele>4.4</ele>
    <time>2026-05-16T09:57:32Z</time>
   </trkpt>
   <trkpt lat="51.4721840" lon="-0.3133900">
    <ele>4.4</ele>
    <time>2026-05-16T09:57:33Z</time>
   </trkpt>
   <trkpt lat="51.4721770" lon="-0.3134090">
    <ele>4.4</ele>
    <time>2026-05-16T09:57:34Z</time>
   </trkpt>
   <trkpt lat="51.4721680" lon="-0.3134310">
    <ele>4.4</ele>
    <time>2026-05-16T09:57:35Z</time>
   </trkpt>
   <trkpt lat="51.4721620" lon="-0.3134440">
    <ele>4.4</ele>
    <time>2026-05-16T09:57:36Z</time>
   </trkpt>
   <trkpt lat="51.4721540" lon="-0.3134620">
    <ele>4.4</ele>
    <time>2026-05-16T09:57:37Z</time>
   </trkpt>
   <trkpt lat="51.4721430" lon="-0.3134870">
    <ele>4.4</ele>
    <time>2026-05-16T09:57:38Z</time>
   </trkpt>
   <trkpt lat="51.4721340" lon="-0.3135100">
    <ele>4.4</ele>
    <time>2026-05-16T09:57:39Z</time>
   </trkpt>
   <trkpt lat="51.4721300" lon="-0.3135290">
    <ele>4.4</ele>
    <time>2026-05-16T09:57:40Z</time>
   </trkpt>
   <trkpt lat="51.4721260" lon="-0.3135480">
    <ele>4.4</ele>
    <time>2026-05-16T09:57:41Z</time>
   </trkpt>
   <trkpt lat="51.4721170" lon="-0.3135710">
    <ele>4.4</ele>
    <time>2026-05-16T09:57:42Z</time>
   </trkpt>
   <trkpt lat="51.4721120" lon="-0.3135920">
    <ele>4.4</ele>
    <time>2026-05-16T09:57:43Z</time>
   </trkpt>
   <trkpt lat="51.4721070" lon="-0.3136150">
    <ele>4.4</ele>
    <time>2026-05-16T09:57:44Z</time>
   </trkpt>
   <trkpt lat="51.4720940" lon="-0.3136450">
    <ele>4.4</ele>
    <time>2026-05-16T09:57:45Z</time>
   </trkpt>
   <trkpt lat="51.4720880" lon="-0.3136590">
    <ele>4.4</ele>
    <time>2026-05-16T09:57:46Z</time>
   </trkpt>
   <trkpt lat="51.4720830" lon="-0.3136720">
    <ele>4.4</ele>
    <time>2026-05-16T09:57:47Z</time>
   </trkpt>
   <trkpt lat="51.4720770" lon="-0.3136860">
    <ele>4.4</ele>
    <time>2026-05-16T09:57:48Z</time>
   </trkpt>
   <trkpt lat="51.4720720" lon="-0.3137000">
    <ele>4.4</ele>
    <time>2026-05-16T09:57:49Z</time>
   </trkpt>
   <trkpt lat="51.4720680" lon="-0.3137150">
    <ele>4.4</ele>
    <time>2026-05-16T09:57:50Z</time>
   </trkpt>
   <trkpt lat="51.4720580" lon="-0.3137470">
    <ele>4.4</ele>
    <time>2026-05-16T09:57:51Z</time>
   </trkpt>
   <trkpt lat="51.4720510" lon="-0.3137600">
    <ele>4.4</ele>
    <time>2026-05-16T09:57:52Z</time>
   </trkpt>
   <trkpt lat="51.4720450" lon="-0.3137740">
    <ele>4.4</ele>
    <time>2026-05-16T09:57:53Z</time>
   </trkpt>
   <trkpt lat="51.4720340" lon="-0.3138070">
    <ele>4.4</ele>
    <time>2026-05-16T09:57:54Z</time>
   </trkpt>
   <trkpt lat="51.4720310" lon="-0.3138190">
    <ele>4.4</ele>
    <time>2026-05-16T09:57:55Z</time>
   </trkpt>
   <trkpt lat="51.4720290" lon="-0.3138300">
    <ele>4.4</ele>
    <time>2026-05-16T09:57:56Z</time>
   </trkpt>
   <trkpt lat="51.4720170" lon="-0.3138480">
    <ele>4.4</ele>
    <time>2026-05-16T09:57:57Z</time>
   </trkpt>
   <trkpt lat="51.4720080" lon="-0.3138670">
    <ele>4.4</ele>
    <time>2026-05-16T09:57:58Z</time>
   </trkpt>
   <trkpt lat="51.4719950" lon="-0.3139170">
    <ele>4.4</ele>
    <time>2026-05-16T09:57:59Z</time>
   </trkpt>
   <trkpt lat="51.4719910" lon="-0.3139280">
    <ele>4.4</ele>
    <time>2026-05-16T09:58:00Z</time>
   </trkpt>
   <trkpt lat="51.4719870" lon="-0.3139490">
    <ele>4.4</ele>
    <time>2026-05-16T09:58:01Z</time>
   </trkpt>
   <trkpt lat="51.4719840" lon="-0.3139590">
    <ele>4.4</ele>
    <time>2026-05-16T09:58:02Z</time>
   </trkpt>
   <trkpt lat="51.4719780" lon="-0.3139770">
    <ele>4.4</ele>
    <time>2026-05-16T09:58:03Z</time>
   </trkpt>
   <trkpt lat="51.4719680" lon="-0.3140030">
    <ele>4.4</ele>
    <time>2026-05-16T09:58:04Z</time>
   </trkpt>
   <trkpt lat="51.4719570" lon="-0.3140190">
    <ele>4.4</ele>
    <time>2026-05-16T09:58:05Z</time>
   </trkpt>
   <trkpt lat="51.4719470" lon="-0.3140370">
    <ele>4.4</ele>
    <time>2026-05-16T09:58:06Z</time>
   </trkpt>
   <trkpt lat="51.4719390" lon="-0.3140550">
    <ele>4.4</ele>
    <time>2026-05-16T09:58:07Z</time>
   </trkpt>
   <trkpt lat="51.4719280" lon="-0.3140740">
    <ele>4.4</ele>
    <time>2026-05-16T09:58:08Z</time>
   </trkpt>
   <trkpt lat="51.4719220" lon="-0.3140860">
    <ele>4.4</ele>
    <time>2026-05-16T09:58:09Z</time>
   </trkpt>
   <trkpt lat="51.4719140" lon="-0.3140940">
    <ele>4.4</ele>
    <time>2026-05-16T09:58:10Z</time>
   </trkpt>
   <trkpt lat="51.4719100" lon="-0.3141040">
    <ele>4.4</ele>
    <time>2026-05-16T09:58:11Z</time>
   </trkpt>
   <trkpt lat="51.4719020" lon="-0.3141180">
    <ele>4.4</ele>
    <time>2026-05-16T09:58:12Z</time>
   </trkpt>
   <trkpt lat="51.4718950" lon="-0.3141420">
    <ele>4.4</ele>
    <time>2026-05-16T09:58:13Z</time>
   </trkpt>
   <trkpt lat="51.4718910" lon="-0.3141620">
    <ele>4.4</ele>
    <time>2026-05-16T09:58:14Z</time>
   </trkpt>
   <trkpt lat="51.4718840" lon="-0.3141840">
    <ele>4.4</ele>
    <time>2026-05-16T09:58:15Z</time>
   </trkpt>
   <trkpt lat="51.4718790" lon="-0.3142100">
    <ele>4.4</ele>
    <time>2026-05-16T09:58:16Z</time>
   </trkpt>
   <trkpt lat="51.4718760" lon="-0.3142320">
    <ele>4.3</ele>
    <time>2026-05-16T09:58:17Z</time>
   </trkpt>
   <trkpt lat="51.4718680" lon="-0.3142630">
    <ele>4.3</ele>
    <time>2026-05-16T09:58:18Z</time>
   </trkpt>
   <trkpt lat="51.4718620" lon="-0.3142780">
    <ele>4.3</ele>
    <time>2026-05-16T09:58:19Z</time>
   </trkpt>
   <trkpt lat="51.4718570" lon="-0.3142930">
    <ele>4.3</ele>
    <time>2026-05-16T09:58:20Z</time>
   </trkpt>
   <trkpt lat="51.4718460" lon="-0.3143210">
    <ele>4.3</ele>
    <time>2026-05-16T09:58:21Z</time>
   </trkpt>
   <trkpt lat="51.4718390" lon="-0.3143410">
    <ele>4.3</ele>
    <time>2026-05-16T09:58:22Z</time>
   </trkpt>
   <trkpt lat="51.4718310" lon="-0.3143600">
    <ele>4.3</ele>
    <time>2026-05-16T09:58:23Z</time>
   </trkpt>
   <trkpt lat="51.4718210" lon="-0.3143750">
    <ele>4.3</ele>
    <time>2026-05-16T09:58:24Z</time>
   </trkpt>
   <trkpt lat="51.4718140" lon="-0.3144020">
    <ele>4.3</ele>
    <time>2026-05-16T09:58:25Z</time>
   </trkpt>
   <trkpt lat="51.4718050" lon="-0.3144200">
    <ele>4.3</ele>
    <time>2026-05-16T09:58:26Z</time>
   </trkpt>
   <trkpt lat="51.4717910" lon="-0.3144470">
    <ele>4.3</ele>
    <time>2026-05-16T09:58:27Z</time>
   </trkpt>
   <trkpt lat="51.4717870" lon="-0.3144600">
    <ele>4.3</ele>
    <time>2026-05-16T09:58:28Z</time>
   </trkpt>
   <trkpt lat="51.4717820" lon="-0.3144740">
    <ele>4.3</ele>
    <time>2026-05-16T09:58:29Z</time>
   </trkpt>
   <trkpt lat="51.4717740" lon="-0.3145040">
    <ele>4.3</ele>
    <time>2026-05-16T09:58:30Z</time>
   </trkpt>
   <trkpt lat="51.4717690" lon="-0.3145170">
    <ele>4.3</ele>
    <time>2026-05-16T09:58:31Z</time>
   </trkpt>
   <trkpt lat="51.4717650" lon="-0.3145290">
    <ele>4.3</ele>
    <time>2026-05-16T09:58:32Z</time>
   </trkpt>
   <trkpt lat="51.4717560" lon="-0.3145750">
    <ele>4.3</ele>
    <time>2026-05-16T09:58:33Z</time>
   </trkpt>
   <trkpt lat="51.4717540" lon="-0.3145860">
    <ele>4.3</ele>
    <time>2026-05-16T09:58:34Z</time>
   </trkpt>
   <trkpt lat="51.4717530" lon="-0.3146120">
    <ele>4.3</ele>
    <time>2026-05-16T09:58:35Z</time>
   </trkpt>
   <trkpt lat="51.4717490" lon="-0.3146360">
    <ele>4.3</ele>
    <time>2026-05-16T09:58:36Z</time>
   </trkpt>
   <trkpt lat="51.4717390" lon="-0.3146540">
    <ele>4.3</ele>
    <time>2026-05-16T09:58:37Z</time>
   </trkpt>
   <trkpt lat="51.4717270" lon="-0.3146750">
    <ele>4.3</ele>
    <time>2026-05-16T09:58:38Z</time>
   </trkpt>
   <trkpt lat="51.4717230" lon="-0.3146960">
    <ele>4.4</ele>
    <time>2026-05-16T09:58:39Z</time>
   </trkpt>
   <trkpt lat="51.4717220" lon="-0.3147180">
    <ele>4.4</ele>
    <time>2026-05-16T09:58:40Z</time>
   </trkpt>
   <trkpt lat="51.4717140" lon="-0.3147340">
    <ele>4.4</ele>
    <time>2026-05-16T09:58:41Z</time>
   </trkpt>
   <trkpt lat="51.4717070" lon="-0.3147540">
    <ele>4.4</ele>
    <time>2026-05-16T09:58:42Z</time>
   </trkpt>
   <trkpt lat="51.4717020" lon="-0.3147720">
    <ele>4.4</ele>
    <time>2026-05-16T09:58:43Z</time>
   </trkpt>
   <trkpt lat="51.4716970" lon="-0.3147860">
    <ele>4.4</ele>
    <time>2026-05-16T09:58:44Z</time>
   </trkpt>
   <trkpt lat="51.4716940" lon="-0.3148050">
    <ele>4.4</ele>
    <time>2026-05-16T09:58:45Z</time>
   </trkpt>
   <trkpt lat="51.4716890" lon="-0.3148230">
    <ele>4.4</ele>
    <time>2026-05-16T09:58:46Z</time>
   </trkpt>
   <trkpt lat="51.4716840" lon="-0.3148370">
    <ele>4.4</ele>
    <time>2026-05-16T09:58:47Z</time>
   </trkpt>
   <trkpt lat="51.4716810" lon="-0.3148570">
    <ele>4.4</ele>
    <time>2026-05-16T09:58:48Z</time>
   </trkpt>
   <trkpt lat="51.4716750" lon="-0.3148760">
    <ele>4.4</ele>
    <time>2026-05-16T09:58:49Z</time>
   </trkpt>
   <trkpt lat="51.4716690" lon="-0.3148960">
    <ele>4.4</ele>
    <time>2026-05-16T09:58:50Z</time>
   </trkpt>
   <trkpt lat="51.4716590" lon="-0.3149280">
    <ele>4.4</ele>
    <time>2026-05-16T09:58:51Z</time>
   </trkpt>
   <trkpt lat="51.4716560" lon="-0.3149420">
    <ele>4.4</ele>
    <time>2026-05-16T09:58:52Z</time>
   </trkpt>
   <trkpt lat="51.4716520" lon="-0.3149560">
    <ele>4.4</ele>
    <time>2026-05-16T09:58:53Z</time>
   </trkpt>
   <trkpt lat="51.4716410" lon="-0.3149870">
    <ele>4.4</ele>
    <time>2026-05-16T09:58:54Z</time>
   </trkpt>
   <trkpt lat="51.4716360" lon="-0.3150000">
    <ele>4.4</ele>
    <time>2026-05-16T09:58:55Z</time>
   </trkpt>
   <trkpt lat="51.4716310" lon="-0.3150120">
    <ele>4.4</ele>
    <time>2026-05-16T09:58:56Z</time>
   </trkpt>
   <trkpt lat="51.4716220" lon="-0.3150460">
    <ele>4.4</ele>
    <time>2026-05-16T09:58:57Z</time>
   </trkpt>
   <trkpt lat="51.4716200" lon="-0.3150590">
    <ele>4.4</ele>
    <time>2026-05-16T09:58:58Z</time>
   </trkpt>
   <trkpt lat="51.4716180" lon="-0.3150730">
    <ele>4.4</ele>
    <time>2026-05-16T09:58:59Z</time>
   </trkpt>
   <trkpt lat="51.4716090" lon="-0.3151050">
    <ele>4.4</ele>
    <time>2026-05-16T09:59:00Z</time>
   </trkpt>
   <trkpt lat="51.4716040" lon="-0.3151170">
    <ele>4.4</ele>
    <time>2026-05-16T09:59:01Z</time>
   </trkpt>
   <trkpt lat="51.4715990" lon="-0.3151300">
    <ele>4.4</ele>
    <time>2026-05-16T09:59:02Z</time>
   </trkpt>
   <trkpt lat="51.4715910" lon="-0.3151630">
    <ele>4.4</ele>
    <time>2026-05-16T09:59:03Z</time>
   </trkpt>
   <trkpt lat="51.4715870" lon="-0.3151750">
    <ele>4.4</ele>
    <time>2026-05-16T09:59:04Z</time>
   </trkpt>
   <trkpt lat="51.4715830" lon="-0.3151880">
    <ele>4.4</ele>
    <time>2026-05-16T09:59:05Z</time>
   </trkpt>
   <trkpt lat="51.4715760" lon="-0.3152120">
    <ele>4.4</ele>
    <time>2026-05-16T09:59:06Z</time>
   </trkpt>
   <trkpt lat="51.4715710" lon="-0.3152320">
    <ele>4.4</ele>
    <time>2026-05-16T09:59:07Z</time>
   </trkpt>
   <trkpt lat="51.4715660" lon="-0.3152540">
    <ele>4.4</ele>
    <time>2026-05-16T09:59:08Z</time>
   </trkpt>
   <trkpt lat="51.4715660" lon="-0.3152770">
    <ele>4.4</ele>
    <time>2026-05-16T09:59:09Z</time>
   </trkpt>
   <trkpt lat="51.4715610" lon="-0.3153120">
    <ele>4.4</ele>
    <time>2026-05-16T09:59:10Z</time>
   </trkpt>
   <trkpt lat="51.4715580" lon="-0.3153260">
    <ele>4.4</ele>
    <time>2026-05-16T09:59:11Z</time>
   </trkpt>
   <trkpt lat="51.4715550" lon="-0.3153390">
    <ele>4.4</ele>
    <time>2026-05-16T09:59:12Z</time>
   </trkpt>
   <trkpt lat="51.4715470" lon="-0.3153740">
    <ele>4.4</ele>
    <time>2026-05-16T09:59:13Z</time>
   </trkpt>
   <trkpt lat="51.4715440" lon="-0.3153890">
    <ele>4.4</ele>
    <time>2026-05-16T09:59:14Z</time>
   </trkpt>
   <trkpt lat="51.4715410" lon="-0.3154030">
    <ele>4.4</ele>
    <time>2026-05-16T09:59:15Z</time>
   </trkpt>
   <trkpt lat="51.4715320" lon="-0.3154340">
    <ele>4.4</ele>
    <time>2026-05-16T09:59:16Z</time>
   </trkpt>
   <trkpt lat="51.4715270" lon="-0.3154460">
    <ele>4.4</ele>
    <time>2026-05-16T09:59:17Z</time>
   </trkpt>
   <trkpt lat="51.4715220" lon="-0.3154580">
    <ele>4.4</ele>
    <time>2026-05-16T09:59:18Z</time>
   </trkpt>
   <trkpt lat="51.4715130" lon="-0.3154770">
    <ele>4.4</ele>
    <time>2026-05-16T09:59:19Z</time>
   </trkpt>
   <trkpt lat="51.4715070" lon="-0.3154970">
    <ele>4.4</ele>
    <time>2026-05-16T09:59:20Z</time>
   </trkpt>
   <trkpt lat="51.4714990" lon="-0.3155150">
    <ele>4.4</ele>
    <time>2026-05-16T09:59:21Z</time>
   </trkpt>
   <trkpt lat="51.4714950" lon="-0.3155360">
    <ele>4.4</ele>
    <time>2026-05-16T09:59:22Z</time>
   </trkpt>
   <trkpt lat="51.4714940" lon="-0.3155610">
    <ele>4.4</ele>
    <time>2026-05-16T09:59:23Z</time>
   </trkpt>
   <trkpt lat="51.4714880" lon="-0.3155820">
    <ele>4.4</ele>
    <time>2026-05-16T09:59:24Z</time>
   </trkpt>
   <trkpt lat="51.4714820" lon="-0.3156180">
    <ele>4.4</ele>
    <time>2026-05-16T09:59:26Z</time>
   </trkpt>
   <trkpt lat="51.4714800" lon="-0.3156310">
    <ele>4.4</ele>
    <time>2026-05-16T09:59:27Z</time>
   </trkpt>
   <trkpt lat="51.4714770" lon="-0.3156450">
    <ele>4.4</ele>
    <time>2026-05-16T09:59:28Z</time>
   </trkpt>
   <trkpt lat="51.4714730" lon="-0.3156660">
    <ele>4.4</ele>
    <time>2026-05-16T09:59:29Z</time>
   </trkpt>
   <trkpt lat="51.4714680" lon="-0.3156860">
    <ele>4.4</ele>
    <time>2026-05-16T09:59:30Z</time>
   </trkpt>
   <trkpt lat="51.4714630" lon="-0.3157070">
    <ele>4.4</ele>
    <time>2026-05-16T09:59:31Z</time>
   </trkpt>
   <trkpt lat="51.4714630" lon="-0.3157300">
    <ele>4.4</ele>
    <time>2026-05-16T09:59:32Z</time>
   </trkpt>
   <trkpt lat="51.4714600" lon="-0.3157570">
    <ele>4.4</ele>
    <time>2026-05-16T09:59:33Z</time>
   </trkpt>
   <trkpt lat="51.4714570" lon="-0.3157790">
    <ele>4.4</ele>
    <time>2026-05-16T09:59:34Z</time>
   </trkpt>
   <trkpt lat="51.4714510" lon="-0.3158090">
    <ele>4.4</ele>
    <time>2026-05-16T09:59:35Z</time>
   </trkpt>
   <trkpt lat="51.4714480" lon="-0.3158220">
    <ele>4.4</ele>
    <time>2026-05-16T09:59:36Z</time>
   </trkpt>
   <trkpt lat="51.4714440" lon="-0.3158340">
    <ele>4.4</ele>
    <time>2026-05-16T09:59:37Z</time>
   </trkpt>
   <trkpt lat="51.4714300" lon="-0.3158600">
    <ele>4.4</ele>
    <time>2026-05-16T09:59:38Z</time>
   </trkpt>
   <trkpt lat="51.4714260" lon="-0.3158720">
    <ele>4.4</ele>
    <time>2026-05-16T09:59:39Z</time>
   </trkpt>
   <trkpt lat="51.4714220" lon="-0.3158840">
    <ele>4.4</ele>
    <time>2026-05-16T09:59:40Z</time>
   </trkpt>
   <trkpt lat="51.4714190" lon="-0.3159190">
    <ele>4.4</ele>
    <time>2026-05-16T09:59:41Z</time>
   </trkpt>
   <trkpt lat="51.4714190" lon="-0.3159320">
    <ele>4.4</ele>
    <time>2026-05-16T09:59:42Z</time>
   </trkpt>
   <trkpt lat="51.4714180" lon="-0.3159460">
    <ele>4.4</ele>
    <time>2026-05-16T09:59:43Z</time>
   </trkpt>
   <trkpt lat="51.4714140" lon="-0.3159670">
    <ele>4.4</ele>
    <time>2026-05-16T09:59:44Z</time>
   </trkpt>
   <trkpt lat="51.4714130" lon="-0.3159890">
    <ele>4.4</ele>
    <time>2026-05-16T09:59:45Z</time>
   </trkpt>
   <trkpt lat="51.4714070" lon="-0.3160080">
    <ele>4.4</ele>
    <time>2026-05-16T09:59:46Z</time>
   </trkpt>
   <trkpt lat="51.4714020" lon="-0.3160290">
    <ele>4.4</ele>
    <time>2026-05-16T09:59:47Z</time>
   </trkpt>
   <trkpt lat="51.4713970" lon="-0.3160470">
    <ele>4.4</ele>
    <time>2026-05-16T09:59:48Z</time>
   </trkpt>
   <trkpt lat="51.4713860" lon="-0.3160680">
    <ele>4.4</ele>
    <time>2026-05-16T09:59:49Z</time>
   </trkpt>
   <trkpt lat="51.4713790" lon="-0.3160840">
    <ele>4.4</ele>
    <time>2026-05-16T09:59:50Z</time>
   </trkpt>
   <trkpt lat="51.4713750" lon="-0.3160990">
    <ele>4.4</ele>
    <time>2026-05-16T09:59:51Z</time>
   </trkpt>
   <trkpt lat="51.4713680" lon="-0.3161140">
    <ele>4.4</ele>
    <time>2026-05-16T09:59:52Z</time>
   </trkpt>
   <trkpt lat="51.4713670" lon="-0.3161340">
    <ele>4.4</ele>
    <time>2026-05-16T09:59:53Z</time>
   </trkpt>
   <trkpt lat="51.4713690" lon="-0.3161540">
    <ele>4.4</ele>
    <time>2026-05-16T09:59:54Z</time>
   </trkpt>
   <trkpt lat="51.4713620" lon="-0.3161710">
    <ele>4.4</ele>
    <time>2026-05-16T09:59:55Z</time>
   </trkpt>
   <trkpt lat="51.4713560" lon="-0.3161900">
    <ele>4.4</ele>
    <time>2026-05-16T09:59:56Z</time>
   </trkpt>
   <trkpt lat="51.4713560" lon="-0.3162070">
    <ele>4.4</ele>
    <time>2026-05-16T09:59:57Z</time>
   </trkpt>
   <trkpt lat="51.4713540" lon="-0.3162240">
    <ele>4.4</ele>
    <time>2026-05-16T09:59:58Z</time>
   </trkpt>
   <trkpt lat="51.4713420" lon="-0.3162520">
    <ele>4.4</ele>
    <time>2026-05-16T09:59:59Z</time>
   </trkpt>
   <trkpt lat="51.4713390" lon="-0.3162640">
    <ele>4.3</ele>
    <time>2026-05-16T10:00:00Z</time>
   </trkpt>
   <trkpt lat="51.4713360" lon="-0.3162770">
    <ele>4.3</ele>
    <time>2026-05-16T10:00:01Z</time>
   </trkpt>
   <trkpt lat="51.4713320" lon="-0.3162970">
    <ele>4.3</ele>
    <time>2026-05-16T10:00:02Z</time>
   </trkpt>
   <trkpt lat="51.4713300" lon="-0.3163210">
    <ele>4.3</ele>
    <time>2026-05-16T10:00:03Z</time>
   </trkpt>
   <trkpt lat="51.4713220" lon="-0.3163380">
    <ele>4.3</ele>
    <time>2026-05-16T10:00:04Z</time>
   </trkpt>
   <trkpt lat="51.4713190" lon="-0.3163600">
    <ele>4.3</ele>
    <time>2026-05-16T10:00:05Z</time>
   </trkpt>
   <trkpt lat="51.4713140" lon="-0.3163830">
    <ele>4.3</ele>
    <time>2026-05-16T10:00:06Z</time>
   </trkpt>
   <trkpt lat="51.4713120" lon="-0.3164050">
    <ele>4.3</ele>
    <time>2026-05-16T10:00:07Z</time>
   </trkpt>
   <trkpt lat="51.4713060" lon="-0.3164250">
    <ele>4.3</ele>
    <time>2026-05-16T10:00:08Z</time>
   </trkpt>
   <trkpt lat="51.4712960" lon="-0.3164700">
    <ele>4.4</ele>
    <time>2026-05-16T10:00:09Z</time>
   </trkpt>
   <trkpt lat="51.4712940" lon="-0.3164900">
    <ele>4.4</ele>
    <time>2026-05-16T10:00:10Z</time>
   </trkpt>
   <trkpt lat="51.4712900" lon="-0.3165220">
    <ele>4.4</ele>
    <time>2026-05-16T10:00:11Z</time>
   </trkpt>
   <trkpt lat="51.4712870" lon="-0.3165340">
    <ele>4.4</ele>
    <time>2026-05-16T10:00:12Z</time>
   </trkpt>
   <trkpt lat="51.4712830" lon="-0.3165450">
    <ele>4.4</ele>
    <time>2026-05-16T10:00:13Z</time>
   </trkpt>
   <trkpt lat="51.4712780" lon="-0.3165770">
    <ele>4.4</ele>
    <time>2026-05-16T10:00:14Z</time>
   </trkpt>
   <trkpt lat="51.4712750" lon="-0.3165890">
    <ele>4.4</ele>
    <time>2026-05-16T10:00:15Z</time>
   </trkpt>
   <trkpt lat="51.4712730" lon="-0.3166020">
    <ele>4.4</ele>
    <time>2026-05-16T10:00:16Z</time>
   </trkpt>
   <trkpt lat="51.4712690" lon="-0.3166350">
    <ele>4.4</ele>
    <time>2026-05-16T10:00:17Z</time>
   </trkpt>
   <trkpt lat="51.4712660" lon="-0.3166480">
    <ele>4.4</ele>
    <time>2026-05-16T10:00:18Z</time>
   </trkpt>
   <trkpt lat="51.4712640" lon="-0.3166620">
    <ele>4.4</ele>
    <time>2026-05-16T10:00:19Z</time>
   </trkpt>
   <trkpt lat="51.4712570" lon="-0.3166800">
    <ele>4.4</ele>
    <time>2026-05-16T10:00:20Z</time>
   </trkpt>
   <trkpt lat="51.4712480" lon="-0.3167010">
    <ele>4.4</ele>
    <time>2026-05-16T10:00:21Z</time>
   </trkpt>
   <trkpt lat="51.4712360" lon="-0.3167320">
    <ele>4.4</ele>
    <time>2026-05-16T10:00:22Z</time>
   </trkpt>
   <trkpt lat="51.4712320" lon="-0.3167450">
    <ele>4.4</ele>
    <time>2026-05-16T10:00:23Z</time>
   </trkpt>
   <trkpt lat="51.4712280" lon="-0.3167580">
    <ele>4.4</ele>
    <time>2026-05-16T10:00:24Z</time>
   </trkpt>
   <trkpt lat="51.4712270" lon="-0.3167920">
    <ele>4.4</ele>
    <time>2026-05-16T10:00:25Z</time>
   </trkpt>
   <trkpt lat="51.4712250" lon="-0.3168050">
    <ele>4.4</ele>
    <time>2026-05-16T10:00:26Z</time>
   </trkpt>
   <trkpt lat="51.4712230" lon="-0.3168180">
    <ele>4.4</ele>
    <time>2026-05-16T10:00:27Z</time>
   </trkpt>
   <trkpt lat="51.4712150" lon="-0.3168500">
    <ele>4.4</ele>
    <time>2026-05-16T10:00:28Z</time>
   </trkpt>
   <trkpt lat="51.4712130" lon="-0.3168630">
    <ele>4.4</ele>
    <time>2026-05-16T10:00:29Z</time>
   </trkpt>
   <trkpt lat="51.4712110" lon="-0.3168750">
    <ele>4.4</ele>
    <time>2026-05-16T10:00:30Z</time>
   </trkpt>
   <trkpt lat="51.4712030" lon="-0.3169100">
    <ele>4.5</ele>
    <time>2026-05-16T10:00:31Z</time>
   </trkpt>
   <trkpt lat="51.4712000" lon="-0.3169220">
    <ele>4.5</ele>
    <time>2026-05-16T10:00:32Z</time>
   </trkpt>
   <trkpt lat="51.4711960" lon="-0.3169350">
    <ele>4.5</ele>
    <time>2026-05-16T10:00:33Z</time>
   </trkpt>
   <trkpt lat="51.4711890" lon="-0.3169540">
    <ele>4.5</ele>
    <time>2026-05-16T10:00:34Z</time>
   </trkpt>
   <trkpt lat="51.4711910" lon="-0.3169770">
    <ele>4.5</ele>
    <time>2026-05-16T10:00:35Z</time>
   </trkpt>
   <trkpt lat="51.4711830" lon="-0.3170120">
    <ele>4.5</ele>
    <time>2026-05-16T10:00:36Z</time>
   </trkpt>
   <trkpt lat="51.4711810" lon="-0.3170250">
    <ele>4.5</ele>
    <time>2026-05-16T10:00:37Z</time>
   </trkpt>
   <trkpt lat="51.4711780" lon="-0.3170390">
    <ele>4.5</ele>
    <time>2026-05-16T10:00:38Z</time>
   </trkpt>
   <trkpt lat="51.4711760" lon="-0.3170610">
    <ele>4.5</ele>
    <time>2026-05-16T10:00:39Z</time>
   </trkpt>
   <trkpt lat="51.4711750" lon="-0.3170850">
    <ele>4.5</ele>
    <time>2026-05-16T10:00:40Z</time>
   </trkpt>
   <trkpt lat="51.4711680" lon="-0.3171080">
    <ele>4.5</ele>
    <time>2026-05-16T10:00:41Z</time>
   </trkpt>
   <trkpt lat="51.4711610" lon="-0.3171300">
    <ele>4.5</ele>
    <time>2026-05-16T10:00:42Z</time>
   </trkpt>
   <trkpt lat="51.4711530" lon="-0.3171520">
    <ele>4.5</ele>
    <time>2026-05-16T10:00:43Z</time>
   </trkpt>
   <trkpt lat="51.4711440" lon="-0.3171680">
    <ele>4.5</ele>
    <time>2026-05-16T10:00:44Z</time>
   </trkpt>
   <trkpt lat="51.4711340" lon="-0.3172000">
    <ele>4.5</ele>
    <time>2026-05-16T10:00:45Z</time>
   </trkpt>
   <trkpt lat="51.4711280" lon="-0.3172120">
    <ele>4.6</ele>
    <time>2026-05-16T10:00:46Z</time>
   </trkpt>
   <trkpt lat="51.4711220" lon="-0.3172230">
    <ele>4.6</ele>
    <time>2026-05-16T10:00:47Z</time>
   </trkpt>
   <trkpt lat="51.4711120" lon="-0.3172400">
    <ele>4.6</ele>
    <time>2026-05-16T10:00:48Z</time>
   </trkpt>
   <trkpt lat="51.4711030" lon="-0.3172560">
    <ele>4.6</ele>
    <time>2026-05-16T10:00:49Z</time>
   </trkpt>
   <trkpt lat="51.4710890" lon="-0.3172830">
    <ele>4.6</ele>
    <time>2026-05-16T10:00:50Z</time>
   </trkpt>
   <trkpt lat="51.4710840" lon="-0.3172950">
    <ele>4.6</ele>
    <time>2026-05-16T10:00:51Z</time>
   </trkpt>
   <trkpt lat="51.4710790" lon="-0.3173060">
    <ele>4.6</ele>
    <time>2026-05-16T10:00:52Z</time>
   </trkpt>
   <trkpt lat="51.4710700" lon="-0.3173360">
    <ele>4.6</ele>
    <time>2026-05-16T10:00:53Z</time>
   </trkpt>
   <trkpt lat="51.4710660" lon="-0.3173470">
    <ele>4.6</ele>
    <time>2026-05-16T10:00:54Z</time>
   </trkpt>
   <trkpt lat="51.4710610" lon="-0.3173590">
    <ele>4.6</ele>
    <time>2026-05-16T10:00:55Z</time>
   </trkpt>
   <trkpt lat="51.4710560" lon="-0.3173740">
    <ele>4.6</ele>
    <time>2026-05-16T10:00:56Z</time>
   </trkpt>
   <trkpt lat="51.4710500" lon="-0.3173900">
    <ele>4.6</ele>
    <time>2026-05-16T10:00:57Z</time>
   </trkpt>
   <trkpt lat="51.4710400" lon="-0.3174050">
    <ele>4.6</ele>
    <time>2026-05-16T10:00:58Z</time>
   </trkpt>
   <trkpt lat="51.4710310" lon="-0.3174210">
    <ele>4.6</ele>
    <time>2026-05-16T10:00:59Z</time>
   </trkpt>
   <trkpt lat="51.4710230" lon="-0.3174380">
    <ele>4.6</ele>
    <time>2026-05-16T10:01:00Z</time>
   </trkpt>
   <trkpt lat="51.4710200" lon="-0.3174600">
    <ele>4.6</ele>
    <time>2026-05-16T10:01:01Z</time>
   </trkpt>
   <trkpt lat="51.4710130" lon="-0.3174790">
    <ele>4.6</ele>
    <time>2026-05-16T10:01:02Z</time>
   </trkpt>
   <trkpt lat="51.4710050" lon="-0.3174960">
    <ele>4.6</ele>
    <time>2026-05-16T10:01:03Z</time>
   </trkpt>
   <trkpt lat="51.4709950" lon="-0.3175150">
    <ele>4.6</ele>
    <time>2026-05-16T10:01:04Z</time>
   </trkpt>
   <trkpt lat="51.4709800" lon="-0.3175410">
    <ele>4.6</ele>
    <time>2026-05-16T10:01:05Z</time>
   </trkpt>
   <trkpt lat="51.4709730" lon="-0.3175500">
    <ele>4.6</ele>
    <time>2026-05-16T10:01:06Z</time>
   </trkpt>
   <trkpt lat="51.4709670" lon="-0.3175600">
    <ele>4.6</ele>
    <time>2026-05-16T10:01:07Z</time>
   </trkpt>
   <trkpt lat="51.4709610" lon="-0.3175790">
    <ele>4.6</ele>
    <time>2026-05-16T10:01:08Z</time>
   </trkpt>
   <trkpt lat="51.4709460" lon="-0.3175900">
    <ele>4.6</ele>
    <time>2026-05-16T10:01:09Z</time>
   </trkpt>
   <trkpt lat="51.4709310" lon="-0.3176150">
    <ele>4.6</ele>
    <time>2026-05-16T10:01:10Z</time>
   </trkpt>
   <trkpt lat="51.4709240" lon="-0.3176260">
    <ele>4.6</ele>
    <time>2026-05-16T10:01:11Z</time>
   </trkpt>
   <trkpt lat="51.4709180" lon="-0.3176370">
    <ele>4.6</ele>
    <time>2026-05-16T10:01:12Z</time>
   </trkpt>
   <trkpt lat="51.4709040" lon="-0.3176620">
    <ele>4.6</ele>
    <time>2026-05-16T10:01:13Z</time>
   </trkpt>
   <trkpt lat="51.4708990" lon="-0.3176720">
    <ele>4.6</ele>
    <time>2026-05-16T10:01:14Z</time>
   </trkpt>
   <trkpt lat="51.4708930" lon="-0.3176830">
    <ele>4.6</ele>
    <time>2026-05-16T10:01:15Z</time>
   </trkpt>
   <trkpt lat="51.4708800" lon="-0.3177100">
    <ele>4.6</ele>
    <time>2026-05-16T10:01:16Z</time>
   </trkpt>
   <trkpt lat="51.4708730" lon="-0.3177190">
    <ele>4.6</ele>
    <time>2026-05-16T10:01:17Z</time>
   </trkpt>
   <trkpt lat="51.4708670" lon="-0.3177270">
    <ele>4.6</ele>
    <time>2026-05-16T10:01:18Z</time>
   </trkpt>
   <trkpt lat="51.4708540" lon="-0.3177560">
    <ele>4.6</ele>
    <time>2026-05-16T10:01:19Z</time>
   </trkpt>
   <trkpt lat="51.4708490" lon="-0.3177700">
    <ele>4.6</ele>
    <time>2026-05-16T10:01:20Z</time>
   </trkpt>
   <trkpt lat="51.4708450" lon="-0.3177830">
    <ele>4.6</ele>
    <time>2026-05-16T10:01:21Z</time>
   </trkpt>
   <trkpt lat="51.4708330" lon="-0.3178110">
    <ele>4.6</ele>
    <time>2026-05-16T10:01:22Z</time>
   </trkpt>
   <trkpt lat="51.4708300" lon="-0.3178230">
    <ele>4.6</ele>
    <time>2026-05-16T10:01:23Z</time>
   </trkpt>
   <trkpt lat="51.4708260" lon="-0.3178350">
    <ele>4.6</ele>
    <time>2026-05-16T10:01:24Z</time>
   </trkpt>
   <trkpt lat="51.4708110" lon="-0.3178620">
    <ele>4.6</ele>
    <time>2026-05-16T10:01:25Z</time>
   </trkpt>
   <trkpt lat="51.4708060" lon="-0.3178730">
    <ele>4.6</ele>
    <time>2026-05-16T10:01:26Z</time>
   </trkpt>
   <trkpt lat="51.4708000" lon="-0.3178840">
    <ele>4.6</ele>
    <time>2026-05-16T10:01:27Z</time>
   </trkpt>
   <trkpt lat="51.4707890" lon="-0.3179000">
    <ele>4.6</ele>
    <time>2026-05-16T10:01:28Z</time>
   </trkpt>
   <trkpt lat="51.4707820" lon="-0.3179170">
    <ele>4.6</ele>
    <time>2026-05-16T10:01:29Z</time>
   </trkpt>
   <trkpt lat="51.4707730" lon="-0.3179340">
    <ele>4.6</ele>
    <time>2026-05-16T10:01:30Z</time>
   </trkpt>
   <trkpt lat="51.4707590" lon="-0.3179480">
    <ele>4.6</ele>
    <time>2026-05-16T10:01:32Z</time>
   </trkpt>
   <trkpt lat="51.4707440" lon="-0.3179560">
    <ele>4.6</ele>
    <time>2026-05-16T10:01:33Z</time>
   </trkpt>
   <trkpt lat="51.4707340" lon="-0.3179700">
    <ele>4.6</ele>
    <time>2026-05-16T10:01:34Z</time>
   </trkpt>
   <trkpt lat="51.4707240" lon="-0.3179880">
    <ele>4.6</ele>
    <time>2026-05-16T10:01:35Z</time>
   </trkpt>
   <trkpt lat="51.4707140" lon="-0.3180050">
    <ele>4.6</ele>
    <time>2026-05-16T10:01:36Z</time>
   </trkpt>
   <trkpt lat="51.4707030" lon="-0.3180190">
    <ele>4.6</ele>
    <time>2026-05-16T10:01:37Z</time>
   </trkpt>
   <trkpt lat="51.4706940" lon="-0.3180360">
    <ele>4.6</ele>
    <time>2026-05-16T10:01:38Z</time>
   </trkpt>
   <trkpt lat="51.4706830" lon="-0.3180490">
    <ele>4.6</ele>
    <time>2026-05-16T10:01:39Z</time>
   </trkpt>
   <trkpt lat="51.4706710" lon="-0.3180610">
    <ele>4.6</ele>
    <time>2026-05-16T10:01:40Z</time>
   </trkpt>
   <trkpt lat="51.4706590" lon="-0.3180660">
    <ele>4.6</ele>
    <time>2026-05-16T10:01:41Z</time>
   </trkpt>
   <trkpt lat="51.4706500" lon="-0.3180880">
    <ele>4.6</ele>
    <time>2026-05-16T10:01:42Z</time>
   </trkpt>
   <trkpt lat="51.4706340" lon="-0.3180930">
    <ele>4.6</ele>
    <time>2026-05-16T10:01:43Z</time>
   </trkpt>
   <trkpt lat="51.4706210" lon="-0.3181010">
    <ele>4.6</ele>
    <time>2026-05-16T10:01:44Z</time>
   </trkpt>
   <trkpt lat="51.4706080" lon="-0.3181110">
    <ele>4.6</ele>
    <time>2026-05-16T10:01:45Z</time>
   </trkpt>
   <trkpt lat="51.4705960" lon="-0.3181210">
    <ele>4.6</ele>
    <time>2026-05-16T10:01:46Z</time>
   </trkpt>
   <trkpt lat="51.4705820" lon="-0.3181260">
    <ele>4.6</ele>
    <time>2026-05-16T10:01:47Z</time>
   </trkpt>
   <trkpt lat="51.4705700" lon="-0.3181360">
    <ele>4.6</ele>
    <time>2026-05-16T10:01:48Z</time>
   </trkpt>
   <trkpt lat="51.4705590" lon="-0.3181490">
    <ele>4.6</ele>
    <time>2026-05-16T10:01:49Z</time>
   </trkpt>
   <trkpt lat="51.4705460" lon="-0.3181590">
    <ele>4.6</ele>
    <time>2026-05-16T10:01:50Z</time>
   </trkpt>
   <trkpt lat="51.4705360" lon="-0.3181690">
    <ele>4.6</ele>
    <time>2026-05-16T10:01:51Z</time>
   </trkpt>
   <trkpt lat="51.4705230" lon="-0.3181820">
    <ele>4.5</ele>
    <time>2026-05-16T10:01:52Z</time>
   </trkpt>
   <trkpt lat="51.4705090" lon="-0.3181880">
    <ele>4.5</ele>
    <time>2026-05-16T10:01:53Z</time>
   </trkpt>
   <trkpt lat="51.4704970" lon="-0.3182030">
    <ele>4.5</ele>
    <time>2026-05-16T10:01:54Z</time>
   </trkpt>
   <trkpt lat="51.4704850" lon="-0.3182180">
    <ele>4.5</ele>
    <time>2026-05-16T10:01:55Z</time>
   </trkpt>
   <trkpt lat="51.4704720" lon="-0.3182310">
    <ele>4.5</ele>
    <time>2026-05-16T10:01:56Z</time>
   </trkpt>
   <trkpt lat="51.4704600" lon="-0.3182410">
    <ele>4.5</ele>
    <time>2026-05-16T10:01:57Z</time>
   </trkpt>
   <trkpt lat="51.4704480" lon="-0.3182530">
    <ele>4.5</ele>
    <time>2026-05-16T10:01:58Z</time>
   </trkpt>
   <trkpt lat="51.4704360" lon="-0.3182650">
    <ele>4.5</ele>
    <time>2026-05-16T10:01:59Z</time>
   </trkpt>
   <trkpt lat="51.4704260" lon="-0.3182790">
    <ele>4.5</ele>
    <time>2026-05-16T10:02:00Z</time>
   </trkpt>
   <trkpt lat="51.4704160" lon="-0.3182930">
    <ele>4.5</ele>
    <time>2026-05-16T10:02:01Z</time>
   </trkpt>
   <trkpt lat="51.4704050" lon="-0.3183080">
    <ele>4.5</ele>
    <time>2026-05-16T10:02:02Z</time>
   </trkpt>
   <trkpt lat="51.4703910" lon="-0.3183150">
    <ele>4.5</ele>
    <time>2026-05-16T10:02:03Z</time>
   </trkpt>
   <trkpt lat="51.4703790" lon="-0.3183210">
    <ele>4.5</ele>
    <time>2026-05-16T10:02:04Z</time>
   </trkpt>
   <trkpt lat="51.4703600" lon="-0.3183340">
    <ele>4.5</ele>
    <time>2026-05-16T10:02:05Z</time>
   </trkpt>
   <trkpt lat="51.4703510" lon="-0.3183380">
    <ele>4.5</ele>
    <time>2026-05-16T10:02:06Z</time>
   </trkpt>
   <trkpt lat="51.4703430" lon="-0.3183410">
    <ele>4.5</ele>
    <time>2026-05-16T10:02:07Z</time>
   </trkpt>
   <trkpt lat="51.4703310" lon="-0.3183480">
    <ele>4.5</ele>
    <time>2026-05-16T10:02:08Z</time>
   </trkpt>
   <trkpt lat="51.4703190" lon="-0.3183650">
    <ele>4.5</ele>
    <time>2026-05-16T10:02:09Z</time>
   </trkpt>
   <trkpt lat="51.4703010" lon="-0.3183850">
    <ele>4.5</ele>
    <time>2026-05-16T10:02:10Z</time>
   </trkpt>
   <trkpt lat="51.4702920" lon="-0.3183920">
    <ele>4.5</ele>
    <time>2026-05-16T10:02:11Z</time>
   </trkpt>
   <trkpt lat="51.4702840" lon="-0.3183990">
    <ele>4.5</ele>
    <time>2026-05-16T10:02:12Z</time>
   </trkpt>
   <trkpt lat="51.4702630" lon="-0.3184160">
    <ele>4.5</ele>
    <time>2026-05-16T10:02:13Z</time>
   </trkpt>
   <trkpt lat="51.4702510" lon="-0.3184240">
    <ele>4.5</ele>
    <time>2026-05-16T10:02:14Z</time>
   </trkpt>
   <trkpt lat="51.4702310" lon="-0.3184440">
    <ele>4.5</ele>
    <time>2026-05-16T10:02:15Z</time>
   </trkpt>
   <trkpt lat="51.4702250" lon="-0.3184510">
    <ele>4.5</ele>
    <time>2026-05-16T10:02:16Z</time>
   </trkpt>
   <trkpt lat="51.4702180" lon="-0.3184590">
    <ele>4.5</ele>
    <time>2026-05-16T10:02:17Z</time>
   </trkpt>
   <trkpt lat="51.4702050" lon="-0.3184690">
    <ele>4.5</ele>
    <time>2026-05-16T10:02:18Z</time>
   </trkpt>
   <trkpt lat="51.4701920" lon="-0.3184730">
    <ele>4.5</ele>
    <time>2026-05-16T10:02:19Z</time>
   </trkpt>
   <trkpt lat="51.4701710" lon="-0.3184810">
    <ele>4.5</ele>
    <time>2026-05-16T10:02:20Z</time>
   </trkpt>
   <trkpt lat="51.4701630" lon="-0.3184840">
    <ele>4.5</ele>
    <time>2026-05-16T10:02:21Z</time>
   </trkpt>
   <trkpt lat="51.4701540" lon="-0.3184880">
    <ele>4.5</ele>
    <time>2026-05-16T10:02:22Z</time>
   </trkpt>
   <trkpt lat="51.4701350" lon="-0.3184980">
    <ele>4.5</ele>
    <time>2026-05-16T10:02:23Z</time>
   </trkpt>
   <trkpt lat="51.4701260" lon="-0.3185010">
    <ele>4.5</ele>
    <time>2026-05-16T10:02:24Z</time>
   </trkpt>
   <trkpt lat="51.4701170" lon="-0.3185040">
    <ele>4.5</ele>
    <time>2026-05-16T10:02:25Z</time>
   </trkpt>
   <trkpt lat="51.4700940" lon="-0.3185100">
    <ele>4.5</ele>
    <time>2026-05-16T10:02:26Z</time>
   </trkpt>
   <trkpt lat="51.4700870" lon="-0.3185170">
    <ele>4.5</ele>
    <time>2026-05-16T10:02:27Z</time>
   </trkpt>
   <trkpt lat="51.4700790" lon="-0.3185240">
    <ele>4.5</ele>
    <time>2026-05-16T10:02:28Z</time>
   </trkpt>
   <trkpt lat="51.4700600" lon="-0.3185390">
    <ele>4.5</ele>
    <time>2026-05-16T10:02:29Z</time>
   </trkpt>
   <trkpt lat="51.4700520" lon="-0.3185460">
    <ele>4.5</ele>
    <time>2026-05-16T10:02:30Z</time>
   </trkpt>
   <trkpt lat="51.4700450" lon="-0.3185520">
    <ele>4.5</ele>
    <time>2026-05-16T10:02:31Z</time>
   </trkpt>
   <trkpt lat="51.4700320" lon="-0.3185610">
    <ele>4.5</ele>
    <time>2026-05-16T10:02:32Z</time>
   </trkpt>
   <trkpt lat="51.4700190" lon="-0.3185680">
    <ele>4.5</ele>
    <time>2026-05-16T10:02:33Z</time>
   </trkpt>
   <trkpt lat="51.4699990" lon="-0.3185790">
    <ele>4.5</ele>
    <time>2026-05-16T10:02:34Z</time>
   </trkpt>
   <trkpt lat="51.4699920" lon="-0.3185850">
    <ele>4.5</ele>
    <time>2026-05-16T10:02:35Z</time>
   </trkpt>
   <trkpt lat="51.4699840" lon="-0.3185900">
    <ele>4.5</ele>
    <time>2026-05-16T10:02:36Z</time>
   </trkpt>
   <trkpt lat="51.4699800" lon="-0.3186100">
    <ele>4.5</ele>
    <time>2026-05-16T10:02:37Z</time>
   </trkpt>
   <trkpt lat="51.4699730" lon="-0.3186170">
    <ele>4.5</ele>
    <time>2026-05-16T10:02:38Z</time>
   </trkpt>
   <trkpt lat="51.4699590" lon="-0.3186230">
    <ele>4.5</ele>
    <time>2026-05-16T10:02:39Z</time>
   </trkpt>
   <trkpt lat="51.4699440" lon="-0.3186220">
    <ele>4.5</ele>
    <time>2026-05-16T10:02:40Z</time>
   </trkpt>
   <trkpt lat="51.4699300" lon="-0.3186220">
    <ele>4.5</ele>
    <time>2026-05-16T10:02:41Z</time>
   </trkpt>
   <trkpt lat="51.4699140" lon="-0.3186220">
    <ele>4.5</ele>
    <time>2026-05-16T10:02:42Z</time>
   </trkpt>
   <trkpt lat="51.4699000" lon="-0.3186250">
    <ele>4.5</ele>
    <time>2026-05-16T10:02:43Z</time>
   </trkpt>
   <trkpt lat="51.4698800" lon="-0.3186380">
    <ele>4.5</ele>
    <time>2026-05-16T10:02:44Z</time>
   </trkpt>
   <trkpt lat="51.4698730" lon="-0.3186420">
    <ele>4.5</ele>
    <time>2026-05-16T10:02:45Z</time>
   </trkpt>
   <trkpt lat="51.4698650" lon="-0.3186450">
    <ele>4.5</ele>
    <time>2026-05-16T10:02:46Z</time>
   </trkpt>
   <trkpt lat="51.4698530" lon="-0.3186620">
    <ele>4.5</ele>
    <time>2026-05-16T10:02:47Z</time>
   </trkpt>
   <trkpt lat="51.4698420" lon="-0.3186680">
    <ele>4.5</ele>
    <time>2026-05-16T10:02:48Z</time>
   </trkpt>
   <trkpt lat="51.4698200" lon="-0.3186720">
    <ele>4.5</ele>
    <time>2026-05-16T10:02:49Z</time>
   </trkpt>
   <trkpt lat="51.4698110" lon="-0.3186760">
    <ele>4.5</ele>
    <time>2026-05-16T10:02:50Z</time>
   </trkpt>
   <trkpt lat="51.4698030" lon="-0.3186790">
    <ele>4.5</ele>
    <time>2026-05-16T10:02:51Z</time>
   </trkpt>
   <trkpt lat="51.4697890" lon="-0.3186740">
    <ele>4.5</ele>
    <time>2026-05-16T10:02:52Z</time>
   </trkpt>
   <trkpt lat="51.4697760" lon="-0.3186750">
    <ele>4.5</ele>
    <time>2026-05-16T10:02:53Z</time>
   </trkpt>
   <trkpt lat="51.4697540" lon="-0.3186810">
    <ele>4.5</ele>
    <time>2026-05-16T10:02:54Z</time>
   </trkpt>
   <trkpt lat="51.4697460" lon="-0.3186840">
    <ele>4.5</ele>
    <time>2026-05-16T10:02:55Z</time>
   </trkpt>
   <trkpt lat="51.4697370" lon="-0.3186870">
    <ele>4.5</ele>
    <time>2026-05-16T10:02:56Z</time>
   </trkpt>
   <trkpt lat="51.4697250" lon="-0.3186930">
    <ele>4.5</ele>
    <time>2026-05-16T10:02:57Z</time>
   </trkpt>
   <trkpt lat="51.4697130" lon="-0.3186990">
    <ele>4.5</ele>
    <time>2026-05-16T10:02:58Z</time>
   </trkpt>
   <trkpt lat="51.4697040" lon="-0.3187040">
    <ele>4.5</ele>
    <time>2026-05-16T10:02:59Z</time>
   </trkpt>
   <trkpt lat="51.4696950" lon="-0.3187110">
    <ele>4.5</ele>
    <time>2026-05-16T10:03:00Z</time>
   </trkpt>
   <trkpt lat="51.4696840" lon="-0.3187050">
    <ele>4.5</ele>
    <time>2026-05-16T10:03:01Z</time>
   </trkpt>
   <trkpt lat="51.4696760" lon="-0.3187080">
    <ele>4.5</ele>
    <time>2026-05-16T10:03:02Z</time>
   </trkpt>
   <trkpt lat="51.4696640" lon="-0.3187140">
    <ele>4.5</ele>
    <time>2026-05-16T10:03:03Z</time>
   </trkpt>
   <trkpt lat="51.4696560" lon="-0.3187200">
    <ele>4.5</ele>
    <time>2026-05-16T10:03:04Z</time>
   </trkpt>
   <trkpt lat="51.4696450" lon="-0.3187260">
    <ele>4.5</ele>
    <time>2026-05-16T10:03:05Z</time>
   </trkpt>
   <trkpt lat="51.4696290" lon="-0.3187270">
    <ele>4.5</ele>
    <time>2026-05-16T10:03:06Z</time>
   </trkpt>
   <trkpt lat="51.4696120" lon="-0.3187300">
    <ele>4.5</ele>
    <time>2026-05-16T10:03:07Z</time>
   </trkpt>
   <trkpt lat="51.4696010" lon="-0.3187360">
    <ele>4.5</ele>
    <time>2026-05-16T10:03:08Z</time>
   </trkpt>
   <trkpt lat="51.4695850" lon="-0.3187360">
    <ele>4.5</ele>
    <time>2026-05-16T10:03:09Z</time>
   </trkpt>
   <trkpt lat="51.4695630" lon="-0.3187400">
    <ele>4.5</ele>
    <time>2026-05-16T10:03:10Z</time>
   </trkpt>
   <trkpt lat="51.4695540" lon="-0.3187440">
    <ele>4.5</ele>
    <time>2026-05-16T10:03:11Z</time>
   </trkpt>
   <trkpt lat="51.4695450" lon="-0.3187480">
    <ele>4.5</ele>
    <time>2026-05-16T10:03:12Z</time>
   </trkpt>
   <trkpt lat="51.4695250" lon="-0.3187580">
    <ele>4.5</ele>
    <time>2026-05-16T10:03:13Z</time>
   </trkpt>
   <trkpt lat="51.4695170" lon="-0.3187630">
    <ele>4.5</ele>
    <time>2026-05-16T10:03:14Z</time>
   </trkpt>
   <trkpt lat="51.4695090" lon="-0.3187670">
    <ele>4.5</ele>
    <time>2026-05-16T10:03:15Z</time>
   </trkpt>
   <trkpt lat="51.4694880" lon="-0.3187750">
    <ele>4.5</ele>
    <time>2026-05-16T10:03:16Z</time>
   </trkpt>
   <trkpt lat="51.4694800" lon="-0.3187780">
    <ele>4.5</ele>
    <time>2026-05-16T10:03:17Z</time>
   </trkpt>
   <trkpt lat="51.4694720" lon="-0.3187810">
    <ele>4.5</ele>
    <time>2026-05-16T10:03:18Z</time>
   </trkpt>
   <trkpt lat="51.4694520" lon="-0.3187920">
    <ele>4.6</ele>
    <time>2026-05-16T10:03:19Z</time>
   </trkpt>
   <trkpt lat="51.4694440" lon="-0.3187940">
    <ele>4.6</ele>
    <time>2026-05-16T10:03:20Z</time>
   </trkpt>
   <trkpt lat="51.4694360" lon="-0.3187950">
    <ele>4.6</ele>
    <time>2026-05-16T10:03:21Z</time>
   </trkpt>
   <trkpt lat="51.4694220" lon="-0.3188010">
    <ele>4.6</ele>
    <time>2026-05-16T10:03:22Z</time>
   </trkpt>
   <trkpt lat="51.4694060" lon="-0.3188080">
    <ele>4.6</ele>
    <time>2026-05-16T10:03:23Z</time>
   </trkpt>
   <trkpt lat="51.4693950" lon="-0.3188120">
    <ele>4.6</ele>
    <time>2026-05-16T10:03:24Z</time>
   </trkpt>
   <trkpt lat="51.4693850" lon="-0.3188180">
    <ele>4.6</ele>
    <time>2026-05-16T10:03:25Z</time>
   </trkpt>
   <trkpt lat="51.4693760" lon="-0.3188170">
    <ele>4.6</ele>
    <time>2026-05-16T10:03:26Z</time>
   </trkpt>
   <trkpt lat="51.4693700" lon="-0.3188160">
    <ele>4.6</ele>
    <time>2026-05-16T10:03:27Z</time>
   </trkpt>
   <trkpt lat="51.4693570" lon="-0.3188200">
    <ele>4.6</ele>
    <time>2026-05-16T10:03:28Z</time>
   </trkpt>
   <trkpt lat="51.4693480" lon="-0.3188190">
    <ele>4.6</ele>
    <time>2026-05-16T10:03:29Z</time>
   </trkpt>
   <trkpt lat="51.4693320" lon="-0.3188290">
    <ele>4.6</ele>
    <time>2026-05-16T10:03:30Z</time>
   </trkpt>
   <trkpt lat="51.4693140" lon="-0.3188340">
    <ele>4.6</ele>
    <time>2026-05-16T10:03:31Z</time>
   </trkpt>
   <trkpt lat="51.4692880" lon="-0.3188380">
    <ele>4.6</ele>
    <time>2026-05-16T10:03:32Z</time>
   </trkpt>
   <trkpt lat="51.4692780" lon="-0.3188350">
    <ele>4.6</ele>
    <time>2026-05-16T10:03:33Z</time>
   </trkpt>
   <trkpt lat="51.4692690" lon="-0.3188310">
    <ele>4.6</ele>
    <time>2026-05-16T10:03:34Z</time>
   </trkpt>
   <trkpt lat="51.4692500" lon="-0.3188420">
    <ele>4.6</ele>
    <time>2026-05-16T10:03:35Z</time>
   </trkpt>
   <trkpt lat="51.4692390" lon="-0.3188460">
    <ele>4.6</ele>
    <time>2026-05-16T10:03:36Z</time>
   </trkpt>
   <trkpt lat="51.4692290" lon="-0.3188500">
    <ele>4.6</ele>
    <time>2026-05-16T10:03:38Z</time>
   </trkpt>
   <trkpt lat="51.4692180" lon="-0.3188530">
    <ele>4.6</ele>
    <time>2026-05-16T10:03:39Z</time>
   </trkpt>
   <trkpt lat="51.4692080" lon="-0.3188570">
    <ele>4.6</ele>
    <time>2026-05-16T10:03:40Z</time>
   </trkpt>
   <trkpt lat="51.4691970" lon="-0.3188610">
    <ele>4.6</ele>
    <time>2026-05-16T10:03:41Z</time>
   </trkpt>
   <trkpt lat="51.4691740" lon="-0.3188760">
    <ele>4.6</ele>
    <time>2026-05-16T10:03:42Z</time>
   </trkpt>
   <trkpt lat="51.4691650" lon="-0.3188810">
    <ele>4.6</ele>
    <time>2026-05-16T10:03:43Z</time>
   </trkpt>
   <trkpt lat="51.4691560" lon="-0.3188850">
    <ele>4.6</ele>
    <time>2026-05-16T10:03:44Z</time>
   </trkpt>
   <trkpt lat="51.4691450" lon="-0.3188850">
    <ele>4.6</ele>
    <time>2026-05-16T10:03:45Z</time>
   </trkpt>
   <trkpt lat="51.4691370" lon="-0.3188870">
    <ele>4.6</ele>
    <time>2026-05-16T10:03:46Z</time>
   </trkpt>
   <trkpt lat="51.4691250" lon="-0.3188920">
    <ele>4.6</ele>
    <time>2026-05-16T10:03:47Z</time>
   </trkpt>
   <trkpt lat="51.4691040" lon="-0.3188940">
    <ele>4.6</ele>
    <time>2026-05-16T10:03:48Z</time>
   </trkpt>
   <trkpt lat="51.4690950" lon="-0.3188960">
    <ele>4.6</ele>
    <time>2026-05-16T10:03:49Z</time>
   </trkpt>
   <trkpt lat="51.4690850" lon="-0.3188970">
    <ele>4.6</ele>
    <time>2026-05-16T10:03:50Z</time>
   </trkpt>
   <trkpt lat="51.4690710" lon="-0.3189030">
    <ele>4.6</ele>
    <time>2026-05-16T10:03:51Z</time>
   </trkpt>
   <trkpt lat="51.4690510" lon="-0.3189060">
    <ele>4.6</ele>
    <time>2026-05-16T10:03:52Z</time>
   </trkpt>
   <trkpt lat="51.4690350" lon="-0.3189180">
    <ele>4.6</ele>
    <time>2026-05-16T10:03:53Z</time>
   </trkpt>
   <trkpt lat="51.4690250" lon="-0.3189300">
    <ele>4.6</ele>
    <time>2026-05-16T10:03:54Z</time>
   </trkpt>
   <trkpt lat="51.4690090" lon="-0.3189440">
    <ele>4.6</ele>
    <time>2026-05-16T10:03:55Z</time>
   </trkpt>
   <trkpt lat="51.4689940" lon="-0.3189490">
    <ele>4.6</ele>
    <time>2026-05-16T10:03:56Z</time>
   </trkpt>
   <trkpt lat="51.4689820" lon="-0.3189520">
    <ele>4.6</ele>
    <time>2026-05-16T10:03:57Z</time>
   </trkpt>
   <trkpt lat="51.4689680" lon="-0.3189620">
    <ele>4.6</ele>
    <time>2026-05-16T10:03:58Z</time>
   </trkpt>
   <trkpt lat="51.4689480" lon="-0.3189640">
    <ele>4.6</ele>
    <time>2026-05-16T10:03:59Z</time>
   </trkpt>
   <trkpt lat="51.4689340" lon="-0.3189670">
    <ele>4.6</ele>
    <time>2026-05-16T10:04:00Z</time>
   </trkpt>
   <trkpt lat="51.4689140" lon="-0.3189780">
    <ele>4.6</ele>
    <time>2026-05-16T10:04:01Z</time>
   </trkpt>
   <trkpt lat="51.4689020" lon="-0.3189800">
    <ele>4.6</ele>
    <time>2026-05-16T10:04:02Z</time>
   </trkpt>
   <trkpt lat="51.4688910" lon="-0.3189820">
    <ele>4.6</ele>
    <time>2026-05-16T10:04:03Z</time>
   </trkpt>
   <trkpt lat="51.4688740" lon="-0.3189910">
    <ele>4.6</ele>
    <time>2026-05-16T10:04:04Z</time>
   </trkpt>
   <trkpt lat="51.4688670" lon="-0.3189930">
    <ele>4.6</ele>
    <time>2026-05-16T10:04:05Z</time>
   </trkpt>
   <trkpt lat="51.4688610" lon="-0.3189940">
    <ele>4.6</ele>
    <time>2026-05-16T10:04:06Z</time>
   </trkpt>
   <trkpt lat="51.4688540" lon="-0.3189960">
    <ele>4.6</ele>
    <time>2026-05-16T10:04:07Z</time>
   </trkpt>
   <trkpt lat="51.4688400" lon="-0.3190010">
    <ele>4.6</ele>
    <time>2026-05-16T10:04:08Z</time>
   </trkpt>
   <trkpt lat="51.4688310" lon="-0.3190040">
    <ele>4.6</ele>
    <time>2026-05-16T10:04:09Z</time>
   </trkpt>
   <trkpt lat="51.4688190" lon="-0.3190100">
    <ele>4.6</ele>
    <time>2026-05-16T10:04:10Z</time>
   </trkpt>
   <trkpt lat="51.4687990" lon="-0.3190160">
    <ele>4.6</ele>
    <time>2026-05-16T10:04:11Z</time>
   </trkpt>
   <trkpt lat="51.4687910" lon="-0.3190190">
    <ele>4.6</ele>
    <time>2026-05-16T10:04:12Z</time>
   </trkpt>
   <trkpt lat="51.4687820" lon="-0.3190220">
    <ele>4.6</ele>
    <time>2026-05-16T10:04:13Z</time>
   </trkpt>
   <trkpt lat="51.4687620" lon="-0.3190290">
    <ele>4.6</ele>
    <time>2026-05-16T10:04:14Z</time>
   </trkpt>
   <trkpt lat="51.4687510" lon="-0.3190320">
    <ele>4.6</ele>
    <time>2026-05-16T10:04:15Z</time>
   </trkpt>
   <trkpt lat="51.4687400" lon="-0.3190340">
    <ele>4.6</ele>
    <time>2026-05-16T10:04:16Z</time>
   </trkpt>
   <trkpt lat="51.4687240" lon="-0.3190440">
    <ele>4.6</ele>
    <time>2026-05-16T10:04:17Z</time>
   </trkpt>
   <trkpt lat="51.4687010" lon="-0.3190620">
    <ele>4.6</ele>
    <time>2026-05-16T10:04:18Z</time>
   </trkpt>
   <trkpt lat="51.4686870" lon="-0.3190640">
    <ele>4.6</ele>
    <time>2026-05-16T10:04:19Z</time>
   </trkpt>
   <trkpt lat="51.4686810" lon="-0.3190650">
    <ele>4.6</ele>
    <time>2026-05-16T10:04:20Z</time>
   </trkpt>
   <trkpt lat="51.4686660" lon="-0.3190650">
    <ele>4.6</ele>
    <time>2026-05-16T10:04:21Z</time>
   </trkpt>
   <trkpt lat="51.4686530" lon="-0.3190700">
    <ele>4.6</ele>
    <time>2026-05-16T10:04:22Z</time>
   </trkpt>
   <trkpt lat="51.4686480" lon="-0.3190750">
    <ele>4.6</ele>
    <time>2026-05-16T10:04:23Z</time>
   </trkpt>
   <trkpt lat="51.4686360" lon="-0.3190870">
    <ele>4.6</ele>
    <time>2026-05-16T10:04:24Z</time>
   </trkpt>
   <trkpt lat="51.4686270" lon="-0.3190960">
    <ele>4.6</ele>
    <time>2026-05-16T10:04:25Z</time>
   </trkpt>
   <trkpt lat="51.4685990" lon="-0.3191020">
    <ele>4.6</ele>
    <time>2026-05-16T10:04:26Z</time>
   </trkpt>
   <trkpt lat="51.4685890" lon="-0.3191040">
    <ele>4.6</ele>
    <time>2026-05-16T10:04:27Z</time>
   </trkpt>
   <trkpt lat="51.4685730" lon="-0.3191150">
    <ele>4.6</ele>
    <time>2026-05-16T10:04:28Z</time>
   </trkpt>
   <trkpt lat="51.4685580" lon="-0.3191180">
    <ele>4.6</ele>
    <time>2026-05-16T10:04:29Z</time>
   </trkpt>
   <trkpt lat="51.4685430" lon="-0.3191220">
    <ele>4.6</ele>
    <time>2026-05-16T10:04:30Z</time>
   </trkpt>
   <trkpt lat="51.4685270" lon="-0.3191190">
    <ele>4.6</ele>
    <time>2026-05-16T10:04:31Z</time>
   </trkpt>
   <trkpt lat="51.4685110" lon="-0.3191250">
    <ele>4.6</ele>
    <time>2026-05-16T10:04:32Z</time>
   </trkpt>
   <trkpt lat="51.4684960" lon="-0.3191290">
    <ele>4.6</ele>
    <time>2026-05-16T10:04:33Z</time>
   </trkpt>
   <trkpt lat="51.4684800" lon="-0.3191300">
    <ele>4.6</ele>
    <time>2026-05-16T10:04:34Z</time>
   </trkpt>
   <trkpt lat="51.4684650" lon="-0.3191350">
    <ele>4.6</ele>
    <time>2026-05-16T10:04:35Z</time>
   </trkpt>
   <trkpt lat="51.4684510" lon="-0.3191380">
    <ele>4.6</ele>
    <time>2026-05-16T10:04:36Z</time>
   </trkpt>
   <trkpt lat="51.4684360" lon="-0.3191400">
    <ele>4.6</ele>
    <time>2026-05-16T10:04:37Z</time>
   </trkpt>
   <trkpt lat="51.4684240" lon="-0.3191500">
    <ele>4.6</ele>
    <time>2026-05-16T10:04:38Z</time>
   </trkpt>
   <trkpt lat="51.4684140" lon="-0.3191570">
    <ele>4.6</ele>
    <time>2026-05-16T10:04:39Z</time>
   </trkpt>
   <trkpt lat="51.4684040" lon="-0.3191610">
    <ele>4.6</ele>
    <time>2026-05-16T10:04:40Z</time>
   </trkpt>
   <trkpt lat="51.4683820" lon="-0.3191610">
    <ele>4.6</ele>
    <time>2026-05-16T10:04:41Z</time>
   </trkpt>
   <trkpt lat="51.4683730" lon="-0.3191610">
    <ele>4.6</ele>
    <time>2026-05-16T10:04:42Z</time>
   </trkpt>
   <trkpt lat="51.4683650" lon="-0.3191610">
    <ele>4.6</ele>
    <time>2026-05-16T10:04:43Z</time>
   </trkpt>
   <trkpt lat="51.4683440" lon="-0.3191680">
    <ele>4.6</ele>
    <time>2026-05-16T10:04:44Z</time>
   </trkpt>
   <trkpt lat="51.4683350" lon="-0.3191710">
    <ele>4.6</ele>
    <time>2026-05-16T10:04:45Z</time>
   </trkpt>
   <trkpt lat="51.4683270" lon="-0.3191750">
    <ele>4.6</ele>
    <time>2026-05-16T10:04:46Z</time>
   </trkpt>
   <trkpt lat="51.4683110" lon="-0.3191780">
    <ele>4.6</ele>
    <time>2026-05-16T10:04:47Z</time>
   </trkpt>
   <trkpt lat="51.4682970" lon="-0.3191880">
    <ele>4.6</ele>
    <time>2026-05-16T10:04:48Z</time>
   </trkpt>
   <trkpt lat="51.4682760" lon="-0.3191840">
    <ele>4.6</ele>
    <time>2026-05-16T10:04:49Z</time>
   </trkpt>
   <trkpt lat="51.4682670" lon="-0.3191810">
    <ele>4.6</ele>
    <time>2026-05-16T10:04:50Z</time>
   </trkpt>
   <trkpt lat="51.4682570" lon="-0.3191780">
    <ele>4.6</ele>
    <time>2026-05-16T10:04:51Z</time>
   </trkpt>
   <trkpt lat="51.4682440" lon="-0.3191750">
    <ele>4.6</ele>
    <time>2026-05-16T10:04:52Z</time>
   </trkpt>
   <trkpt lat="51.4682320" lon="-0.3191690">
    <ele>4.6</ele>
    <time>2026-05-16T10:04:53Z</time>
   </trkpt>
   <trkpt lat="51.4682220" lon="-0.3191730">
    <ele>4.6</ele>
    <time>2026-05-16T10:04:54Z</time>
   </trkpt>
   <trkpt lat="51.4682150" lon="-0.3191790">
    <ele>4.6</ele>
    <time>2026-05-16T10:04:55Z</time>
   </trkpt>
   <trkpt lat="51.4682090" lon="-0.3191770">
    <ele>4.7</ele>
    <time>2026-05-16T10:04:56Z</time>
   </trkpt>
   <trkpt lat="51.4681950" lon="-0.3191730">
    <ele>4.7</ele>
    <time>2026-05-16T10:04:57Z</time>
   </trkpt>
   <trkpt lat="51.4681790" lon="-0.3191800">
    <ele>4.7</ele>
    <time>2026-05-16T10:04:58Z</time>
   </trkpt>
   <trkpt lat="51.4681650" lon="-0.3191830">
    <ele>4.7</ele>
    <time>2026-05-16T10:04:59Z</time>
   </trkpt>
   <trkpt lat="51.4681420" lon="-0.3191860">
    <ele>4.7</ele>
    <time>2026-05-16T10:05:00Z</time>
   </trkpt>
   <trkpt lat="51.4681340" lon="-0.3191870">
    <ele>4.7</ele>
    <time>2026-05-16T10:05:01Z</time>
   </trkpt>
   <trkpt lat="51.4681250" lon="-0.3191880">
    <ele>4.7</ele>
    <time>2026-05-16T10:05:02Z</time>
   </trkpt>
   <trkpt lat="51.4681040" lon="-0.3191870">
    <ele>4.7</ele>
    <time>2026-05-16T10:05:03Z</time>
   </trkpt>
   <trkpt lat="51.4680940" lon="-0.3191880">
    <ele>4.7</ele>
    <time>2026-05-16T10:05:04Z</time>
   </trkpt>
   <trkpt lat="51.4680850" lon="-0.3191880">
    <ele>4.7</ele>
    <time>2026-05-16T10:05:05Z</time>
   </trkpt>
   <trkpt lat="51.4680700" lon="-0.3191890">
    <ele>4.7</ele>
    <time>2026-05-16T10:05:06Z</time>
   </trkpt>
   <trkpt lat="51.4680580" lon="-0.3191930">
    <ele>4.7</ele>
    <time>2026-05-16T10:05:07Z</time>
   </trkpt>
   <trkpt lat="51.4680470" lon="-0.3192030">
    <ele>4.7</ele>
    <time>2026-05-16T10:05:08Z</time>
   </trkpt>
   <trkpt lat="51.4680360" lon="-0.3192050">
    <ele>4.7</ele>
    <time>2026-05-16T10:05:09Z</time>
   </trkpt>
   <trkpt lat="51.4680280" lon="-0.3192100">
    <ele>4.7</ele>
    <time>2026-05-16T10:05:10Z</time>
   </trkpt>
   <trkpt lat="51.4680220" lon="-0.3192070">
    <ele>4.7</ele>
    <time>2026-05-16T10:05:11Z</time>
   </trkpt>
   <trkpt lat="51.4680190" lon="-0.3192050">
    <ele>4.7</ele>
    <time>2026-05-16T10:05:12Z</time>
   </trkpt>
   <trkpt lat="51.4680090" lon="-0.3192070">
    <ele>4.7</ele>
    <time>2026-05-16T10:05:13Z</time>
   </trkpt>
   <trkpt lat="51.4679930" lon="-0.3192080">
    <ele>4.7</ele>
    <time>2026-05-16T10:05:14Z</time>
   </trkpt>
   <trkpt lat="51.4679840" lon="-0.3192130">
    <ele>4.7</ele>
    <time>2026-05-16T10:05:15Z</time>
   </trkpt>
   <trkpt lat="51.4679760" lon="-0.3192140">
    <ele>4.7</ele>
    <time>2026-05-16T10:05:16Z</time>
   </trkpt>
   <trkpt lat="51.4679620" lon="-0.3192120">
    <ele>4.7</ele>
    <time>2026-05-16T10:05:17Z</time>
   </trkpt>
   <trkpt lat="51.4679540" lon="-0.3192130">
    <ele>4.7</ele>
    <time>2026-05-16T10:05:18Z</time>
   </trkpt>
   <trkpt lat="51.4679450" lon="-0.3192170">
    <ele>4.7</ele>
    <time>2026-05-16T10:05:19Z</time>
   </trkpt>
   <trkpt lat="51.4679310" lon="-0.3192170">
    <ele>4.7</ele>
    <time>2026-05-16T10:05:20Z</time>
   </trkpt>
   <trkpt lat="51.4679100" lon="-0.3192220">
    <ele>4.7</ele>
    <time>2026-05-16T10:05:21Z</time>
   </trkpt>
   <trkpt lat="51.4678990" lon="-0.3192240">
    <ele>4.7</ele>
    <time>2026-05-16T10:05:22Z</time>
   </trkpt>
   <trkpt lat="51.4678870" lon="-0.3192270">
    <ele>4.7</ele>
    <time>2026-05-16T10:05:23Z</time>
   </trkpt>
   <trkpt lat="51.4678650" lon="-0.3192260">
    <ele>4.7</ele>
    <time>2026-05-16T10:05:24Z</time>
   </trkpt>
   <trkpt lat="51.4678570" lon="-0.3192250">
    <ele>4.7</ele>
    <time>2026-05-16T10:05:25Z</time>
   </trkpt>
   <trkpt lat="51.4678480" lon="-0.3192240">
    <ele>4.7</ele>
    <time>2026-05-16T10:05:26Z</time>
   </trkpt>
   <trkpt lat="51.4678240" lon="-0.3192260">
    <ele>4.7</ele>
    <time>2026-05-16T10:05:27Z</time>
   </trkpt>
   <trkpt lat="51.4678160" lon="-0.3192260">
    <ele>4.7</ele>
    <time>2026-05-16T10:05:28Z</time>
   </trkpt>
   <trkpt lat="51.4678080" lon="-0.3192270">
    <ele>4.8</ele>
    <time>2026-05-16T10:05:29Z</time>
   </trkpt>
   <trkpt lat="51.4677950" lon="-0.3192250">
    <ele>4.8</ele>
    <time>2026-05-16T10:05:30Z</time>
   </trkpt>
   <trkpt lat="51.4677800" lon="-0.3192250">
    <ele>4.8</ele>
    <time>2026-05-16T10:05:31Z</time>
   </trkpt>
   <trkpt lat="51.4677640" lon="-0.3192200">
    <ele>4.8</ele>
    <time>2026-05-16T10:05:32Z</time>
   </trkpt>
   <trkpt lat="51.4677520" lon="-0.3192170">
    <ele>4.8</ele>
    <time>2026-05-16T10:05:33Z</time>
   </trkpt>
   <trkpt lat="51.4677370" lon="-0.3192180">
    <ele>4.8</ele>
    <time>2026-05-16T10:05:34Z</time>
   </trkpt>
   <trkpt lat="51.4677250" lon="-0.3192160">
    <ele>4.8</ele>
    <time>2026-05-16T10:05:35Z</time>
   </trkpt>
   <trkpt lat="51.4677170" lon="-0.3192170">
    <ele>4.8</ele>
    <time>2026-05-16T10:05:36Z</time>
   </trkpt>
   <trkpt lat="51.4677120" lon="-0.3192220">
    <ele>4.8</ele>
    <time>2026-05-16T10:05:37Z</time>
   </trkpt>
   <trkpt lat="51.4677000" lon="-0.3192200">
    <ele>4.8</ele>
    <time>2026-05-16T10:05:38Z</time>
   </trkpt>
   <trkpt lat="51.4676910" lon="-0.3192180">
    <ele>4.8</ele>
    <time>2026-05-16T10:05:39Z</time>
   </trkpt>
   <trkpt lat="51.4676810" lon="-0.3192150">
    <ele>4.8</ele>
    <time>2026-05-16T10:05:40Z</time>
   </trkpt>
   <trkpt lat="51.4676690" lon="-0.3192170">
    <ele>4.8</ele>
    <time>2026-05-16T10:05:41Z</time>
   </trkpt>
   <trkpt lat="51.4676540" lon="-0.3192210">
    <ele>4.8</ele>
    <time>2026-05-16T10:05:42Z</time>
   </trkpt>
   <trkpt lat="51.4676300" lon="-0.3192300">
    <ele>4.8</ele>
    <time>2026-05-16T10:05:44Z</time>
   </trkpt>
   <trkpt lat="51.4676250" lon="-0.3192290">
    <ele>4.8</ele>
    <time>2026-05-16T10:05:45Z</time>
   </trkpt>
   <trkpt lat="51.4676190" lon="-0.3192290">
    <ele>4.8</ele>
    <time>2026-05-16T10:05:46Z</time>
   </trkpt>
   <trkpt lat="51.4676140" lon="-0.3192290">
    <ele>4.8</ele>
    <time>2026-05-16T10:05:47Z</time>
   </trkpt>
   <trkpt lat="51.4675860" lon="-0.3192390">
    <ele>4.8</ele>
    <time>2026-05-16T10:05:48Z</time>
   </trkpt>
   <trkpt lat="51.4675740" lon="-0.3192460">
    <ele>4.8</ele>
    <time>2026-05-16T10:05:49Z</time>
   </trkpt>
   <trkpt lat="51.4675510" lon="-0.3192550">
    <ele>4.8</ele>
    <time>2026-05-16T10:05:50Z</time>
   </trkpt>
   <trkpt lat="51.4675440" lon="-0.3192560">
    <ele>4.8</ele>
    <time>2026-05-16T10:05:51Z</time>
   </trkpt>
   <trkpt lat="51.4675380" lon="-0.3192560">
    <ele>4.8</ele>
    <time>2026-05-16T10:05:52Z</time>
   </trkpt>
   <trkpt lat="51.4675260" lon="-0.3192570">
    <ele>4.8</ele>
    <time>2026-05-16T10:05:53Z</time>
   </trkpt>
   <trkpt lat="51.4675060" lon="-0.3192590">
    <ele>4.8</ele>
    <time>2026-05-16T10:05:54Z</time>
   </trkpt>
   <trkpt lat="51.4674800" lon="-0.3192780">
    <ele>4.8</ele>
    <time>2026-05-16T10:05:55Z</time>
   </trkpt>
   <trkpt lat="51.4674720" lon="-0.3192800">
    <ele>4.8</ele>
    <time>2026-05-16T10:05:56Z</time>
   </trkpt>
   <trkpt lat="51.4674570" lon="-0.3192830">
    <ele>4.8</ele>
    <time>2026-05-16T10:05:57Z</time>
   </trkpt>
   <trkpt lat="51.4674400" lon="-0.3192810">
    <ele>4.8</ele>
    <time>2026-05-16T10:05:58Z</time>
   </trkpt>
   <trkpt lat="51.4674170" lon="-0.3192820">
    <ele>4.8</ele>
    <time>2026-05-16T10:05:59Z</time>
   </trkpt>
   <trkpt lat="51.4674060" lon="-0.3192850">
    <ele>4.8</ele>
    <time>2026-05-16T10:06:00Z</time>
   </trkpt>
   <trkpt lat="51.4673960" lon="-0.3192870">
    <ele>4.8</ele>
    <time>2026-05-16T10:06:01Z</time>
   </trkpt>
   <trkpt lat="51.4673900" lon="-0.3192800">
    <ele>4.8</ele>
    <time>2026-05-16T10:06:02Z</time>
   </trkpt>
   <trkpt lat="51.4673780" lon="-0.3192800">
    <ele>4.8</ele>
    <time>2026-05-16T10:06:03Z</time>
   </trkpt>
   <trkpt lat="51.4673650" lon="-0.3192760">
    <ele>4.8</ele>
    <time>2026-05-16T10:06:04Z</time>
   </trkpt>
   <trkpt lat="51.4673570" lon="-0.3192750">
    <ele>4.8</ele>
    <time>2026-05-16T10:06:05Z</time>
   </trkpt>
   <trkpt lat="51.4673430" lon="-0.3192770">
    <ele>4.8</ele>
    <time>2026-05-16T10:06:06Z</time>
   </trkpt>
   <trkpt lat="51.4673320" lon="-0.3192750">
    <ele>4.8</ele>
    <time>2026-05-16T10:06:07Z</time>
   </trkpt>
   <trkpt lat="51.4673110" lon="-0.3192740">
    <ele>4.8</ele>
    <time>2026-05-16T10:06:08Z</time>
   </trkpt>
   <trkpt lat="51.4673030" lon="-0.3192740">
    <ele>4.8</ele>
    <time>2026-05-16T10:06:09Z</time>
   </trkpt>
   <trkpt lat="51.4672950" lon="-0.3192730">
    <ele>4.8</ele>
    <time>2026-05-16T10:06:10Z</time>
   </trkpt>
   <trkpt lat="51.4672690" lon="-0.3192790">
    <ele>4.8</ele>
    <time>2026-05-16T10:06:11Z</time>
   </trkpt>
   <trkpt lat="51.4672630" lon="-0.3192780">
    <ele>4.8</ele>
    <time>2026-05-16T10:06:12Z</time>
   </trkpt>
   <trkpt lat="51.4672580" lon="-0.3192780">
    <ele>4.8</ele>
    <time>2026-05-16T10:06:13Z</time>
   </trkpt>
   <trkpt lat="51.4672440" lon="-0.3192830">
    <ele>4.8</ele>
    <time>2026-05-16T10:06:14Z</time>
   </trkpt>
   <trkpt lat="51.4672300" lon="-0.3192850">
    <ele>4.8</ele>
    <time>2026-05-16T10:06:15Z</time>
   </trkpt>
   <trkpt lat="51.4672160" lon="-0.3192870">
    <ele>4.8</ele>
    <time>2026-05-16T10:06:16Z</time>
   </trkpt>
   <trkpt lat="51.4671970" lon="-0.3192910">
    <ele>4.8</ele>
    <time>2026-05-16T10:06:17Z</time>
   </trkpt>
   <trkpt lat="51.4671820" lon="-0.3192990">
    <ele>4.8</ele>
    <time>2026-05-16T10:06:18Z</time>
   </trkpt>
   <trkpt lat="51.4671680" lon="-0.3193050">
    <ele>4.8</ele>
    <time>2026-05-16T10:06:19Z</time>
   </trkpt>
   <trkpt lat="51.4671340" lon="-0.3193130">
    <ele>4.8</ele>
    <time>2026-05-16T10:06:20Z</time>
   </trkpt>
   <trkpt lat="51.4671250" lon="-0.3193140">
    <ele>4.8</ele>
    <time>2026-05-16T10:06:21Z</time>
   </trkpt>
   <trkpt lat="51.4671070" lon="-0.3193190">
    <ele>4.8</ele>
    <time>2026-05-16T10:06:22Z</time>
   </trkpt>
   <trkpt lat="51.4670940" lon="-0.3193240">
    <ele>4.8</ele>
    <time>2026-05-16T10:06:23Z</time>
   </trkpt>
   <trkpt lat="51.4670790" lon="-0.3193240">
    <ele>4.8</ele>
    <time>2026-05-16T10:06:24Z</time>
   </trkpt>
   <trkpt lat="51.4670710" lon="-0.3193300">
    <ele>4.8</ele>
    <time>2026-05-16T10:06:25Z</time>
   </trkpt>
   <trkpt lat="51.4670630" lon="-0.3193350">
    <ele>4.8</ele>
    <time>2026-05-16T10:06:26Z</time>
   </trkpt>
   <trkpt lat="51.4670550" lon="-0.3193400">
    <ele>4.8</ele>
    <time>2026-05-16T10:06:27Z</time>
   </trkpt>
   <trkpt lat="51.4670400" lon="-0.3193430">
    <ele>4.8</ele>
    <time>2026-05-16T10:06:28Z</time>
   </trkpt>
   <trkpt lat="51.4670260" lon="-0.3193500">
    <ele>4.8</ele>
    <time>2026-05-16T10:06:29Z</time>
   </trkpt>
   <trkpt lat="51.4670040" lon="-0.3193500">
    <ele>4.8</ele>
    <time>2026-05-16T10:06:30Z</time>
   </trkpt>
   <trkpt lat="51.4669950" lon="-0.3193530">
    <ele>4.7</ele>
    <time>2026-05-16T10:06:31Z</time>
   </trkpt>
   <trkpt lat="51.4669850" lon="-0.3193560">
    <ele>4.7</ele>
    <time>2026-05-16T10:06:32Z</time>
   </trkpt>
   <trkpt lat="51.4669710" lon="-0.3193600">
    <ele>4.7</ele>
    <time>2026-05-16T10:06:33Z</time>
   </trkpt>
   <trkpt lat="51.4669560" lon="-0.3193630">
    <ele>4.7</ele>
    <time>2026-05-16T10:06:34Z</time>
   </trkpt>
   <trkpt lat="51.4669390" lon="-0.3193670">
    <ele>4.7</ele>
    <time>2026-05-16T10:06:35Z</time>
   </trkpt>
   <trkpt lat="51.4669290" lon="-0.3193710">
    <ele>4.7</ele>
    <time>2026-05-16T10:06:36Z</time>
   </trkpt>
   <trkpt lat="51.4669200" lon="-0.3193750">
    <ele>4.7</ele>
    <time>2026-05-16T10:06:37Z</time>
   </trkpt>
   <trkpt lat="51.4669070" lon="-0.3193810">
    <ele>4.7</ele>
    <time>2026-05-16T10:06:38Z</time>
   </trkpt>
   <trkpt lat="51.4668970" lon="-0.3193870">
    <ele>4.7</ele>
    <time>2026-05-16T10:06:39Z</time>
   </trkpt>
   <trkpt lat="51.4668860" lon="-0.3193920">
    <ele>4.7</ele>
    <time>2026-05-16T10:06:40Z</time>
   </trkpt>
   <trkpt lat="51.4668740" lon="-0.3193980">
    <ele>4.7</ele>
    <time>2026-05-16T10:06:41Z</time>
   </trkpt>
   <trkpt lat="51.4668580" lon="-0.3194040">
    <ele>4.7</ele>
    <time>2026-05-16T10:06:42Z</time>
   </trkpt>
   <trkpt lat="51.4668280" lon="-0.3194110">
    <ele>4.6</ele>
    <time>2026-05-16T10:06:43Z</time>
   </trkpt>
   <trkpt lat="51.4668170" lon="-0.3194110">
    <ele>4.6</ele>
    <time>2026-05-16T10:06:44Z</time>
   </trkpt>
   <trkpt lat="51.4668050" lon="-0.3194190">
    <ele>4.6</ele>
    <time>2026-05-16T10:06:45Z</time>
   </trkpt>
   <trkpt lat="51.4667850" lon="-0.3194140">
    <ele>4.6</ele>
    <time>2026-05-16T10:06:46Z</time>
   </trkpt>
   <trkpt lat="51.4667700" lon="-0.3194180">
    <ele>4.6</ele>
    <time>2026-05-16T10:06:47Z</time>
   </trkpt>
   <trkpt lat="51.4667540" lon="-0.3194200">
    <ele>4.6</ele>
    <time>2026-05-16T10:06:48Z</time>
   </trkpt>
   <trkpt lat="51.4667400" lon="-0.3194240">
    <ele>4.6</ele>
    <time>2026-05-16T10:06:49Z</time>
   </trkpt>
   <trkpt lat="51.4667200" lon="-0.3194200">
    <ele>4.6</ele>
    <time>2026-05-16T10:06:50Z</time>
   </trkpt>
   <trkpt lat="51.4667050" lon="-0.3194160">
    <ele>4.6</ele>
    <time>2026-05-16T10:06:51Z</time>
   </trkpt>
   <trkpt lat="51.4666910" lon="-0.3194140">
    <ele>4.6</ele>
    <time>2026-05-16T10:06:52Z</time>
   </trkpt>
   <trkpt lat="51.4666770" lon="-0.3194150">
    <ele>4.6</ele>
    <time>2026-05-16T10:06:53Z</time>
   </trkpt>
   <trkpt lat="51.4666660" lon="-0.3194290">
    <ele>4.6</ele>
    <time>2026-05-16T10:06:54Z</time>
   </trkpt>
   <trkpt lat="51.4666490" lon="-0.3194370">
    <ele>4.6</ele>
    <time>2026-05-16T10:06:55Z</time>
   </trkpt>
   <trkpt lat="51.4666410" lon="-0.3194400">
    <ele>4.6</ele>
    <time>2026-05-16T10:06:56Z</time>
   </trkpt>
   <trkpt lat="51.4666330" lon="-0.3194430">
    <ele>4.6</ele>
    <time>2026-05-16T10:06:57Z</time>
   </trkpt>
   <trkpt lat="51.4666250" lon="-0.3194460">
    <ele>4.6</ele>
    <time>2026-05-16T10:06:58Z</time>
   </trkpt>
   <trkpt lat="51.4666170" lon="-0.3194410">
    <ele>4.6</ele>
    <time>2026-05-16T10:06:59Z</time>
   </trkpt>
   <trkpt lat="51.4666080" lon="-0.3194460">
    <ele>4.6</ele>
    <time>2026-05-16T10:07:00Z</time>
   </trkpt>
   <trkpt lat="51.4665920" lon="-0.3194460">
    <ele>4.6</ele>
    <time>2026-05-16T10:07:01Z</time>
   </trkpt>
   <trkpt lat="51.4665730" lon="-0.3194520">
    <ele>4.6</ele>
    <time>2026-05-16T10:07:02Z</time>
   </trkpt>
   <trkpt lat="51.4665640" lon="-0.3194560">
    <ele>4.6</ele>
    <time>2026-05-16T10:07:03Z</time>
   </trkpt>
   <trkpt lat="51.4665560" lon="-0.3194610">
    <ele>4.6</ele>
    <time>2026-05-16T10:07:04Z</time>
   </trkpt>
   <trkpt lat="51.4665310" lon="-0.3194670">
    <ele>4.6</ele>
    <time>2026-05-16T10:07:05Z</time>
   </trkpt>
   <trkpt lat="51.4665220" lon="-0.3194690">
    <ele>4.6</ele>
    <time>2026-05-16T10:07:06Z</time>
   </trkpt>
   <trkpt lat="51.4665120" lon="-0.3194710">
    <ele>4.6</ele>
    <time>2026-05-16T10:07:07Z</time>
   </trkpt>
   <trkpt lat="51.4664960" lon="-0.3194670">
    <ele>4.6</ele>
    <time>2026-05-16T10:07:08Z</time>
   </trkpt>
   <trkpt lat="51.4664810" lon="-0.3194660">
    <ele>4.6</ele>
    <time>2026-05-16T10:07:09Z</time>
   </trkpt>
   <trkpt lat="51.4664630" lon="-0.3194640">
    <ele>4.6</ele>
    <time>2026-05-16T10:07:10Z</time>
   </trkpt>
   <trkpt lat="51.4664470" lon="-0.3194730">
    <ele>4.6</ele>
    <time>2026-05-16T10:07:11Z</time>
   </trkpt>
   <trkpt lat="51.4664330" lon="-0.3194830">
    <ele>4.6</ele>
    <time>2026-05-16T10:07:12Z</time>
   </trkpt>
   <trkpt lat="51.4664200" lon="-0.3194930">
    <ele>4.6</ele>
    <time>2026-05-16T10:07:13Z</time>
   </trkpt>
   <trkpt lat="51.4664070" lon="-0.3194960">
    <ele>4.7</ele>
    <time>2026-05-16T10:07:14Z</time>
   </trkpt>
   <trkpt lat="51.4664050" lon="-0.3194950">
    <ele>4.7</ele>
    <time>2026-05-16T10:07:15Z</time>
   </trkpt>
   <trkpt lat="51.4664020" lon="-0.3194990">
    <ele>4.7</ele>
    <time>2026-05-16T10:07:16Z</time>
   </trkpt>
   <trkpt lat="51.4663940" lon="-0.3195140">
    <ele>4.7</ele>
    <time>2026-05-16T10:07:17Z</time>
   </trkpt>
   <trkpt lat="51.4663840" lon="-0.3195340">
    <ele>4.7</ele>
    <time>2026-05-16T10:07:18Z</time>
   </trkpt>
   <trkpt lat="51.4663690" lon="-0.3195360">
    <ele>4.7</ele>
    <time>2026-05-16T10:07:19Z</time>
   </trkpt>
   <trkpt lat="51.4663550" lon="-0.3195390">
    <ele>4.7</ele>
    <time>2026-05-16T10:07:20Z</time>
   </trkpt>
   <trkpt lat="51.4663350" lon="-0.3195380">
    <ele>4.7</ele>
    <time>2026-05-16T10:07:21Z</time>
   </trkpt>
   <trkpt lat="51.4663060" lon="-0.3195430">
    <ele>4.7</ele>
    <time>2026-05-16T10:07:22Z</time>
   </trkpt>
   <trkpt lat="51.4662960" lon="-0.3195480">
    <ele>4.7</ele>
    <time>2026-05-16T10:07:23Z</time>
   </trkpt>
   <trkpt lat="51.4662810" lon="-0.3195640">
    <ele>4.7</ele>
    <time>2026-05-16T10:07:24Z</time>
   </trkpt>
   <trkpt lat="51.4662660" lon="-0.3195770">
    <ele>4.7</ele>
    <time>2026-05-16T10:07:25Z</time>
   </trkpt>
   <trkpt lat="51.4662520" lon="-0.3195860">
    <ele>4.7</ele>
    <time>2026-05-16T10:07:26Z</time>
   </trkpt>
   <trkpt lat="51.4662360" lon="-0.3195880">
    <ele>4.7</ele>
    <time>2026-05-16T10:07:27Z</time>
   </trkpt>
   <trkpt lat="51.4662190" lon="-0.3195830">
    <ele>4.7</ele>
    <time>2026-05-16T10:07:28Z</time>
   </trkpt>
   <trkpt lat="51.4662060" lon="-0.3195840">
    <ele>4.7</ele>
    <time>2026-05-16T10:07:29Z</time>
   </trkpt>
   <trkpt lat="51.4661920" lon="-0.3195910">
    <ele>4.7</ele>
    <time>2026-05-16T10:07:30Z</time>
   </trkpt>
   <trkpt lat="51.4661770" lon="-0.3196010">
    <ele>4.7</ele>
    <time>2026-05-16T10:07:31Z</time>
   </trkpt>
   <trkpt lat="51.4661630" lon="-0.3196040">
    <ele>4.7</ele>
    <time>2026-05-16T10:07:32Z</time>
   </trkpt>
   <trkpt lat="51.4661510" lon="-0.3196160">
    <ele>4.7</ele>
    <time>2026-05-16T10:07:33Z</time>
   </trkpt>
   <trkpt lat="51.4661310" lon="-0.3196260">
    <ele>4.7</ele>
    <time>2026-05-16T10:07:34Z</time>
   </trkpt>
   <trkpt lat="51.4661220" lon="-0.3196270">
    <ele>4.7</ele>
    <time>2026-05-16T10:07:35Z</time>
   </trkpt>
   <trkpt lat="51.4661140" lon="-0.3196280">
    <ele>4.7</ele>
    <time>2026-05-16T10:07:36Z</time>
   </trkpt>
   <trkpt lat="51.4661010" lon="-0.3196320">
    <ele>4.7</ele>
    <time>2026-05-16T10:07:37Z</time>
   </trkpt>
   <trkpt lat="51.4660890" lon="-0.3196450">
    <ele>4.7</ele>
    <time>2026-05-16T10:07:38Z</time>
   </trkpt>
   <trkpt lat="51.4660710" lon="-0.3196590">
    <ele>4.7</ele>
    <time>2026-05-16T10:07:39Z</time>
   </trkpt>
   <trkpt lat="51.4660590" lon="-0.3196750">
    <ele>4.7</ele>
    <time>2026-05-16T10:07:40Z</time>
   </trkpt>
   <trkpt lat="51.4660380" lon="-0.3196820">
    <ele>4.7</ele>
    <time>2026-05-16T10:07:41Z</time>
   </trkpt>
   <trkpt lat="51.4660300" lon="-0.3196850">
    <ele>4.7</ele>
    <time>2026-05-16T10:07:42Z</time>
   </trkpt>
   <trkpt lat="51.4660210" lon="-0.3196870">
    <ele>4.7</ele>
    <time>2026-05-16T10:07:43Z</time>
   </trkpt>
   <trkpt lat="51.4660090" lon="-0.3196820">
    <ele>4.7</ele>
    <time>2026-05-16T10:07:44Z</time>
   </trkpt>
   <trkpt lat="51.4659970" lon="-0.3196790">
    <ele>4.7</ele>
    <time>2026-05-16T10:07:45Z</time>
   </trkpt>
   <trkpt lat="51.4659870" lon="-0.3196710">
    <ele>4.7</ele>
    <time>2026-05-16T10:07:46Z</time>
   </trkpt>
   <trkpt lat="51.4659750" lon="-0.3196700">
    <ele>4.7</ele>
    <time>2026-05-16T10:07:47Z</time>
   </trkpt>
   <trkpt lat="51.4659630" lon="-0.3196780">
    <ele>4.7</ele>
    <time>2026-05-16T10:07:48Z</time>
   </trkpt>
   <trkpt lat="51.4659530" lon="-0.3196830">
    <ele>4.7</ele>
    <time>2026-05-16T10:07:49Z</time>
   </trkpt>
   <trkpt lat="51.4659410" lon="-0.3196870">
    <ele>4.8</ele>
    <time>2026-05-16T10:07:50Z</time>
   </trkpt>
   <trkpt lat="51.4659330" lon="-0.3196910">
    <ele>4.8</ele>
    <time>2026-05-16T10:07:51Z</time>
   </trkpt>
   <trkpt lat="51.4659270" lon="-0.3196940">
    <ele>4.8</ele>
    <time>2026-05-16T10:07:52Z</time>
   </trkpt>
   <trkpt lat="51.4659070" lon="-0.3197070">
    <ele>4.8</ele>
    <time>2026-05-16T10:07:53Z</time>
   </trkpt>
   <trkpt lat="51.4658970" lon="-0.3197090">
    <ele>4.8</ele>
    <time>2026-05-16T10:07:54Z</time>
   </trkpt>
   <trkpt lat="51.4658880" lon="-0.3197120">
    <ele>4.8</ele>
    <time>2026-05-16T10:07:55Z</time>
   </trkpt>
   <trkpt lat="51.4658720" lon="-0.3197120">
    <ele>4.8</ele>
    <time>2026-05-16T10:07:56Z</time>
   </trkpt>
   <trkpt lat="51.4658560" lon="-0.3197190">
    <ele>4.8</ele>
    <time>2026-05-16T10:07:57Z</time>
   </trkpt>
   <trkpt lat="51.4658400" lon="-0.3197220">
    <ele>4.8</ele>
    <time>2026-05-16T10:07:58Z</time>
   </trkpt>
   <trkpt lat="51.4658250" lon="-0.3197230">
    <ele>4.8</ele>
    <time>2026-05-16T10:07:59Z</time>
   </trkpt>
   <trkpt lat="51.4658080" lon="-0.3197230">
    <ele>4.8</ele>
    <time>2026-05-16T10:08:00Z</time>
   </trkpt>
   <trkpt lat="51.4657950" lon="-0.3197360">
    <ele>4.8</ele>
    <time>2026-05-16T10:08:01Z</time>
   </trkpt>
   <trkpt lat="51.4657800" lon="-0.3197370">
    <ele>4.8</ele>
    <time>2026-05-16T10:08:02Z</time>
   </trkpt>
   <trkpt lat="51.4657660" lon="-0.3197390">
    <ele>4.8</ele>
    <time>2026-05-16T10:08:03Z</time>
   </trkpt>
   <trkpt lat="51.4657450" lon="-0.3197450">
    <ele>4.8</ele>
    <time>2026-05-16T10:08:04Z</time>
   </trkpt>
   <trkpt lat="51.4657370" lon="-0.3197440">
    <ele>4.8</ele>
    <time>2026-05-16T10:08:05Z</time>
   </trkpt>
   <trkpt lat="51.4657290" lon="-0.3197440">
    <ele>4.8</ele>
    <time>2026-05-16T10:08:06Z</time>
   </trkpt>
   <trkpt lat="51.4657090" lon="-0.3197570">
    <ele>4.8</ele>
    <time>2026-05-16T10:08:07Z</time>
   </trkpt>
   <trkpt lat="51.4657010" lon="-0.3197610">
    <ele>4.8</ele>
    <time>2026-05-16T10:08:08Z</time>
   </trkpt>
   <trkpt lat="51.4656920" lon="-0.3197660">
    <ele>4.8</ele>
    <time>2026-05-16T10:08:09Z</time>
   </trkpt>
   <trkpt lat="51.4656710" lon="-0.3197750">
    <ele>4.8</ele>
    <time>2026-05-16T10:08:10Z</time>
   </trkpt>
   <trkpt lat="51.4656630" lon="-0.3197780">
    <ele>4.8</ele>
    <time>2026-05-16T10:08:11Z</time>
   </trkpt>
   <trkpt lat="51.4656540" lon="-0.3197820">
    <ele>4.8</ele>
    <time>2026-05-16T10:08:12Z</time>
   </trkpt>
   <trkpt lat="51.4656350" lon="-0.3197890">
    <ele>4.8</ele>
    <time>2026-05-16T10:08:13Z</time>
   </trkpt>
   <trkpt lat="51.4656260" lon="-0.3197930">
    <ele>4.8</ele>
    <time>2026-05-16T10:08:14Z</time>
   </trkpt>
   <trkpt lat="51.4656160" lon="-0.3197960">
    <ele>4.8</ele>
    <time>2026-05-16T10:08:15Z</time>
   </trkpt>
   <trkpt lat="51.4655940" lon="-0.3197970">
    <ele>4.8</ele>
    <time>2026-05-16T10:08:16Z</time>
   </trkpt>
   <trkpt lat="51.4655850" lon="-0.3197970">
    <ele>4.8</ele>
    <time>2026-05-16T10:08:17Z</time>
   </trkpt>
   <trkpt lat="51.4655760" lon="-0.3197970">
    <ele>4.8</ele>
    <time>2026-05-16T10:08:18Z</time>
   </trkpt>
   <trkpt lat="51.4655650" lon="-0.3197960">
    <ele>4.8</ele>
    <time>2026-05-16T10:08:19Z</time>
   </trkpt>
   <trkpt lat="51.4655520" lon="-0.3197930">
    <ele>4.8</ele>
    <time>2026-05-16T10:08:20Z</time>
   </trkpt>
   <trkpt lat="51.4655450" lon="-0.3197960">
    <ele>4.8</ele>
    <time>2026-05-16T10:08:21Z</time>
   </trkpt>
   <trkpt lat="51.4655410" lon="-0.3198020">
    <ele>4.8</ele>
    <time>2026-05-16T10:08:22Z</time>
   </trkpt>
   <trkpt lat="51.4655240" lon="-0.3198020">
    <ele>4.8</ele>
    <time>2026-05-16T10:08:23Z</time>
   </trkpt>
   <trkpt lat="51.4655100" lon="-0.3198030">
    <ele>4.8</ele>
    <time>2026-05-16T10:08:24Z</time>
   </trkpt>
   <trkpt lat="51.4654970" lon="-0.3198080">
    <ele>4.8</ele>
    <time>2026-05-16T10:08:25Z</time>
   </trkpt>
   <trkpt lat="51.4654790" lon="-0.3198080">
    <ele>4.8</ele>
    <time>2026-05-16T10:08:26Z</time>
   </trkpt>
   <trkpt lat="51.4654640" lon="-0.3198070">
    <ele>4.8</ele>
    <time>2026-05-16T10:08:27Z</time>
   </trkpt>
   <trkpt lat="51.4654490" lon="-0.3198050">
    <ele>4.8</ele>
    <time>2026-05-16T10:08:28Z</time>
   </trkpt>
   <trkpt lat="51.4654340" lon="-0.3198070">
    <ele>4.8</ele>
    <time>2026-05-16T10:08:29Z</time>
   </trkpt>
   <trkpt lat="51.4654190" lon="-0.3198030">
    <ele>4.8</ele>
    <time>2026-05-16T10:08:30Z</time>
   </trkpt>
   <trkpt lat="51.4654060" lon="-0.3197970">
    <ele>4.8</ele>
    <time>2026-05-16T10:08:31Z</time>
   </trkpt>
   <trkpt lat="51.4653900" lon="-0.3197960">
    <ele>4.7</ele>
    <time>2026-05-16T10:08:32Z</time>
   </trkpt>
   <trkpt lat="51.4653760" lon="-0.3197970">
    <ele>4.7</ele>
    <time>2026-05-16T10:08:33Z</time>
   </trkpt>
   <trkpt lat="51.4653630" lon="-0.3197970">
    <ele>4.7</ele>
    <time>2026-05-16T10:08:34Z</time>
   </trkpt>
   <trkpt lat="51.4653470" lon="-0.3197970">
    <ele>4.7</ele>
    <time>2026-05-16T10:08:35Z</time>
   </trkpt>
   <trkpt lat="51.4653320" lon="-0.3197930">
    <ele>4.7</ele>
    <time>2026-05-16T10:08:36Z</time>
   </trkpt>
   <trkpt lat="51.4653170" lon="-0.3197890">
    <ele>4.7</ele>
    <time>2026-05-16T10:08:37Z</time>
   </trkpt>
   <trkpt lat="51.4653020" lon="-0.3197830">
    <ele>4.7</ele>
    <time>2026-05-16T10:08:38Z</time>
   </trkpt>
   <trkpt lat="51.4652880" lon="-0.3197760">
    <ele>4.7</ele>
    <time>2026-05-16T10:08:39Z</time>
   </trkpt>
   <trkpt lat="51.4652750" lon="-0.3197730">
    <ele>4.7</ele>
    <time>2026-05-16T10:08:40Z</time>
   </trkpt>
   <trkpt lat="51.4652620" lon="-0.3197750">
    <ele>4.7</ele>
    <time>2026-05-16T10:08:41Z</time>
   </trkpt>
   <trkpt lat="51.4652470" lon="-0.3197730">
    <ele>4.7</ele>
    <time>2026-05-16T10:08:42Z</time>
   </trkpt>
   <trkpt lat="51.4652260" lon="-0.3197700">
    <ele>4.7</ele>
    <time>2026-05-16T10:08:43Z</time>
   </trkpt>
   <trkpt lat="51.4652180" lon="-0.3197670">
    <ele>4.7</ele>
    <time>2026-05-16T10:08:44Z</time>
   </trkpt>
   <trkpt lat="51.4652100" lon="-0.3197650">
    <ele>4.7</ele>
    <time>2026-05-16T10:08:45Z</time>
   </trkpt>
   <trkpt lat="51.4651970" lon="-0.3197620">
    <ele>4.7</ele>
    <time>2026-05-16T10:08:46Z</time>
   </trkpt>
   <trkpt lat="51.4651830" lon="-0.3197570">
    <ele>4.7</ele>
    <time>2026-05-16T10:08:47Z</time>
   </trkpt>
   <trkpt lat="51.4651610" lon="-0.3197560">
    <ele>4.7</ele>
    <time>2026-05-16T10:08:48Z</time>
   </trkpt>
   <trkpt lat="51.4651520" lon="-0.3197580">
    <ele>4.7</ele>
    <time>2026-05-16T10:08:49Z</time>
   </trkpt>
   <trkpt lat="51.4651430" lon="-0.3197590">
    <ele>4.7</ele>
    <time>2026-05-16T10:08:50Z</time>
   </trkpt>
   <trkpt lat="51.4651300" lon="-0.3197590">
    <ele>4.7</ele>
    <time>2026-05-16T10:08:51Z</time>
   </trkpt>
   <trkpt lat="51.4651160" lon="-0.3197560">
    <ele>4.7</ele>
    <time>2026-05-16T10:08:52Z</time>
   </trkpt>
   <trkpt lat="51.4651010" lon="-0.3197480">
    <ele>4.7</ele>
    <time>2026-05-16T10:08:53Z</time>
   </trkpt>
   <trkpt lat="51.4650880" lon="-0.3197420">
    <ele>4.7</ele>
    <time>2026-05-16T10:08:54Z</time>
   </trkpt>
   <trkpt lat="51.4650750" lon="-0.3197340">
    <ele>4.7</ele>
    <time>2026-05-16T10:08:55Z</time>
   </trkpt>
   <trkpt lat="51.4650600" lon="-0.3197280">
    <ele>4.7</ele>
    <time>2026-05-16T10:08:56Z</time>
   </trkpt>
   <trkpt lat="51.4650460" lon="-0.3197220">
    <ele>4.6</ele>
    <time>2026-05-16T10:08:57Z</time>
   </trkpt>
   <trkpt lat="51.4650300" lon="-0.3197230">
    <ele>4.6</ele>
    <time>2026-05-16T10:08:58Z</time>
   </trkpt>
   <trkpt lat="51.4650080" lon="-0.3197180">
    <ele>4.6</ele>
    <time>2026-05-16T10:08:59Z</time>
   </trkpt>
   <trkpt lat="51.4649990" lon="-0.3197180">
    <ele>4.6</ele>
    <time>2026-05-16T10:09:00Z</time>
   </trkpt>
   <trkpt lat="51.4649900" lon="-0.3197170">
    <ele>4.6</ele>
    <time>2026-05-16T10:09:01Z</time>
   </trkpt>
   <trkpt lat="51.4649690" lon="-0.3197120">
    <ele>4.6</ele>
    <time>2026-05-16T10:09:02Z</time>
   </trkpt>
   <trkpt lat="51.4649600" lon="-0.3197080">
    <ele>4.6</ele>
    <time>2026-05-16T10:09:03Z</time>
   </trkpt>
   <trkpt lat="51.4649520" lon="-0.3197030">
    <ele>4.6</ele>
    <time>2026-05-16T10:09:04Z</time>
   </trkpt>
   <trkpt lat="51.4649300" lon="-0.3196940">
    <ele>4.6</ele>
    <time>2026-05-16T10:09:05Z</time>
   </trkpt>
   <trkpt lat="51.4649200" lon="-0.3196910">
    <ele>4.6</ele>
    <time>2026-05-16T10:09:06Z</time>
   </trkpt>
   <trkpt lat="51.4649110" lon="-0.3196890">
    <ele>4.6</ele>
    <time>2026-05-16T10:09:07Z</time>
   </trkpt>
   <trkpt lat="51.4648980" lon="-0.3196880">
    <ele>4.7</ele>
    <time>2026-05-16T10:09:08Z</time>
   </trkpt>
   <trkpt lat="51.4648840" lon="-0.3196820">
    <ele>4.7</ele>
    <time>2026-05-16T10:09:09Z</time>
   </trkpt>
   <trkpt lat="51.4648620" lon="-0.3196770">
    <ele>4.7</ele>
    <time>2026-05-16T10:09:10Z</time>
   </trkpt>
   <trkpt lat="51.4648540" lon="-0.3196740">
    <ele>4.7</ele>
    <time>2026-05-16T10:09:11Z</time>
   </trkpt>
   <trkpt lat="51.4648450" lon="-0.3196710">
    <ele>4.7</ele>
    <time>2026-05-16T10:09:12Z</time>
   </trkpt>
   <trkpt lat="51.4648250" lon="-0.3196600">
    <ele>4.7</ele>
    <time>2026-05-16T10:09:13Z</time>
   </trkpt>
   <trkpt lat="51.4648160" lon="-0.3196550">
    <ele>4.7</ele>
    <time>2026-05-16T10:09:14Z</time>
   </trkpt>
   <trkpt lat="51.4648080" lon="-0.3196510">
    <ele>4.7</ele>
    <time>2026-05-16T10:09:15Z</time>
   </trkpt>
   <trkpt lat="51.4647880" lon="-0.3196460">
    <ele>4.7</ele>
    <time>2026-05-16T10:09:16Z</time>
   </trkpt>
   <trkpt lat="51.4647800" lon="-0.3196430">
    <ele>4.7</ele>
    <time>2026-05-16T10:09:17Z</time>
   </trkpt>
   <trkpt lat="51.4647720" lon="-0.3196410">
    <ele>4.7</ele>
    <time>2026-05-16T10:09:18Z</time>
   </trkpt>
   <trkpt lat="51.4647590" lon="-0.3196380">
    <ele>4.7</ele>
    <time>2026-05-16T10:09:19Z</time>
   </trkpt>
   <trkpt lat="51.4647480" lon="-0.3196350">
    <ele>4.7</ele>
    <time>2026-05-16T10:09:20Z</time>
   </trkpt>
   <trkpt lat="51.4647370" lon="-0.3196380">
    <ele>4.7</ele>
    <time>2026-05-16T10:09:21Z</time>
   </trkpt>
   <trkpt lat="51.4647260" lon="-0.3196410">
    <ele>4.6</ele>
    <time>2026-05-16T10:09:22Z</time>
   </trkpt>
   <trkpt lat="51.4647140" lon="-0.3196350">
    <ele>4.6</ele>
    <time>2026-05-16T10:09:23Z</time>
   </trkpt>
   <trkpt lat="51.4647020" lon="-0.3196230">
    <ele>4.6</ele>
    <time>2026-05-16T10:09:24Z</time>
   </trkpt>
   <trkpt lat="51.4646900" lon="-0.3196110">
    <ele>4.6</ele>
    <time>2026-05-16T10:09:25Z</time>
   </trkpt>
   <trkpt lat="51.4646770" lon="-0.3196050">
    <ele>4.6</ele>
    <time>2026-05-16T10:09:26Z</time>
   </trkpt>
   <trkpt lat="51.4646630" lon="-0.3196000">
    <ele>4.6</ele>
    <time>2026-05-16T10:09:27Z</time>
   </trkpt>
   <trkpt lat="51.4646500" lon="-0.3195940">
    <ele>4.6</ele>
    <time>2026-05-16T10:09:28Z</time>
   </trkpt>
   <trkpt lat="51.4646360" lon="-0.3195830">
    <ele>4.6</ele>
    <time>2026-05-16T10:09:29Z</time>
   </trkpt>
   <trkpt lat="51.4646230" lon="-0.3195770">
    <ele>4.6</ele>
    <time>2026-05-16T10:09:30Z</time>
   </trkpt>
   <trkpt lat="51.4646110" lon="-0.3195670">
    <ele>4.6</ele>
    <time>2026-05-16T10:09:31Z</time>
   </trkpt>
   <trkpt lat="51.4646010" lon="-0.3195450">
    <ele>4.6</ele>
    <time>2026-05-16T10:09:32Z</time>
   </trkpt>
   <trkpt lat="51.4645910" lon="-0.3195310">
    <ele>4.6</ele>
    <time>2026-05-16T10:09:33Z</time>
   </trkpt>
   <trkpt lat="51.4645770" lon="-0.3195240">
    <ele>4.6</ele>
    <time>2026-05-16T10:09:34Z</time>
   </trkpt>
   <trkpt lat="51.4645640" lon="-0.3195200">
    <ele>4.6</ele>
    <time>2026-05-16T10:09:35Z</time>
   </trkpt>
   <trkpt lat="51.4645490" lon="-0.3195150">
    <ele>4.6</ele>
    <time>2026-05-16T10:09:36Z</time>
   </trkpt>
   <trkpt lat="51.4645370" lon="-0.3195050">
    <ele>4.6</ele>
    <time>2026-05-16T10:09:37Z</time>
   </trkpt>
   <trkpt lat="51.4645250" lon="-0.3194920">
    <ele>4.6</ele>
    <time>2026-05-16T10:09:38Z</time>
   </trkpt>
   <trkpt lat="51.4645110" lon="-0.3194650">
    <ele>4.6</ele>
    <time>2026-05-16T10:09:39Z</time>
   </trkpt>
   <trkpt lat="51.4645030" lon="-0.3194570">
    <ele>4.6</ele>
    <time>2026-05-16T10:09:40Z</time>
   </trkpt>
   <trkpt lat="51.4644960" lon="-0.3194480">
    <ele>4.6</ele>
    <time>2026-05-16T10:09:41Z</time>
   </trkpt>
   <trkpt lat="51.4644810" lon="-0.3194390">
    <ele>4.6</ele>
    <time>2026-05-16T10:09:42Z</time>
   </trkpt>
   <trkpt lat="51.4644670" lon="-0.3194320">
    <ele>4.6</ele>
    <time>2026-05-16T10:09:43Z</time>
   </trkpt>
   <trkpt lat="51.4644490" lon="-0.3194130">
    <ele>4.6</ele>
    <time>2026-05-16T10:09:44Z</time>
   </trkpt>
   <trkpt lat="51.4644410" lon="-0.3194060">
    <ele>4.6</ele>
    <time>2026-05-16T10:09:45Z</time>
   </trkpt>
   <trkpt lat="51.4644340" lon="-0.3193990">
    <ele>4.6</ele>
    <time>2026-05-16T10:09:46Z</time>
   </trkpt>
   <trkpt lat="51.4644230" lon="-0.3193890">
    <ele>4.6</ele>
    <time>2026-05-16T10:09:47Z</time>
   </trkpt>
   <trkpt lat="51.4644110" lon="-0.3193770">
    <ele>4.6</ele>
    <time>2026-05-16T10:09:48Z</time>
   </trkpt>
   <trkpt lat="51.4644020" lon="-0.3193450">
    <ele>4.6</ele>
    <time>2026-05-16T10:09:49Z</time>
   </trkpt>
   <trkpt lat="51.4643990" lon="-0.3193330">
    <ele>4.6</ele>
    <time>2026-05-16T10:09:50Z</time>
   </trkpt>
   <trkpt lat="51.4643950" lon="-0.3193200">
    <ele>4.6</ele>
    <time>2026-05-16T10:09:51Z</time>
   </trkpt>
   <trkpt lat="51.4643810" lon="-0.3193080">
    <ele>4.6</ele>
    <time>2026-05-16T10:09:52Z</time>
   </trkpt>
   <trkpt lat="51.4643710" lon="-0.3192950">
    <ele>4.6</ele>
    <time>2026-05-16T10:09:53Z</time>
   </trkpt>
   <trkpt lat="51.4643560" lon="-0.3192900">
    <ele>4.6</ele>
    <time>2026-05-16T10:09:54Z</time>
   </trkpt>
   <trkpt lat="51.4643460" lon="-0.3192780">
    <ele>4.6</ele>
    <time>2026-05-16T10:09:55Z</time>
   </trkpt>
   <trkpt lat="51.4643300" lon="-0.3192530">
    <ele>4.6</ele>
    <time>2026-05-16T10:09:56Z</time>
   </trkpt>
   <trkpt lat="51.4643230" lon="-0.3192460">
    <ele>4.6</ele>
    <time>2026-05-16T10:09:57Z</time>
   </trkpt>
   <trkpt lat="51.4643170" lon="-0.3192380">
    <ele>4.6</ele>
    <time>2026-05-16T10:09:58Z</time>
   </trkpt>
   <trkpt lat="51.4643050" lon="-0.3192330">
    <ele>4.6</ele>
    <time>2026-05-16T10:09:59Z</time>
   </trkpt>
   <trkpt lat="51.4642940" lon="-0.3192250">
    <ele>4.6</ele>
    <time>2026-05-16T10:10:00Z</time>
   </trkpt>
   <trkpt lat="51.4642840" lon="-0.3192180">
    <ele>4.6</ele>
    <time>2026-05-16T10:10:01Z</time>
   </trkpt>
   <trkpt lat="51.4642750" lon="-0.3192100">
    <ele>4.6</ele>
    <time>2026-05-16T10:10:02Z</time>
   </trkpt>
   <trkpt lat="51.4642640" lon="-0.3192010">
    <ele>4.6</ele>
    <time>2026-05-16T10:10:03Z</time>
   </trkpt>
   <trkpt lat="51.4642550" lon="-0.3191870">
    <ele>4.6</ele>
    <time>2026-05-16T10:10:04Z</time>
   </trkpt>
   <trkpt lat="51.4642460" lon="-0.3191740">
    <ele>4.6</ele>
    <time>2026-05-16T10:10:05Z</time>
   </trkpt>
   <trkpt lat="51.4642330" lon="-0.3191600">
    <ele>4.6</ele>
    <time>2026-05-16T10:10:06Z</time>
   </trkpt>
   <trkpt lat="51.4642200" lon="-0.3191540">
    <ele>4.6</ele>
    <time>2026-05-16T10:10:07Z</time>
   </trkpt>
   <trkpt lat="51.4642070" lon="-0.3191450">
    <ele>4.6</ele>
    <time>2026-05-16T10:10:08Z</time>
   </trkpt>
   <trkpt lat="51.4642020" lon="-0.3191360">
    <ele>4.6</ele>
    <time>2026-05-16T10:10:09Z</time>
   </trkpt>
   <trkpt lat="51.4641960" lon="-0.3191250">
    <ele>4.6</ele>
    <time>2026-05-16T10:10:10Z</time>
   </trkpt>
   <trkpt lat="51.4641880" lon="-0.3191120">
    <ele>4.6</ele>
    <time>2026-05-16T10:10:11Z</time>
   </trkpt>
   <trkpt lat="51.4641800" lon="-0.3190980">
    <ele>4.6</ele>
    <time>2026-05-16T10:10:12Z</time>
   </trkpt>
   <trkpt lat="51.4641660" lon="-0.3190840">
    <ele>4.6</ele>
    <time>2026-05-16T10:10:13Z</time>
   </trkpt>
   <trkpt lat="51.4641530" lon="-0.3190700">
    <ele>4.6</ele>
    <time>2026-05-16T10:10:14Z</time>
   </trkpt>
   <trkpt lat="51.4641400" lon="-0.3190640">
    <ele>4.6</ele>
    <time>2026-05-16T10:10:15Z</time>
   </trkpt>
   <trkpt lat="51.4641270" lon="-0.3190490">
    <ele>4.6</ele>
    <time>2026-05-16T10:10:16Z</time>
   </trkpt>
   <trkpt lat="51.4641150" lon="-0.3190300">
    <ele>4.6</ele>
    <time>2026-05-16T10:10:17Z</time>
   </trkpt>
   <trkpt lat="51.4641100" lon="-0.3190170">
    <ele>4.6</ele>
    <time>2026-05-16T10:10:18Z</time>
   </trkpt>
   <trkpt lat="51.4640940" lon="-0.3190000">
    <ele>4.6</ele>
    <time>2026-05-16T10:10:19Z</time>
   </trkpt>
   <trkpt lat="51.4640810" lon="-0.3189840">
    <ele>4.6</ele>
    <time>2026-05-16T10:10:20Z</time>
   </trkpt>
   <trkpt lat="51.4640700" lon="-0.3189710">
    <ele>4.6</ele>
    <time>2026-05-16T10:10:21Z</time>
   </trkpt>
   <trkpt lat="51.4640540" lon="-0.3189600">
    <ele>4.6</ele>
    <time>2026-05-16T10:10:22Z</time>
   </trkpt>
   <trkpt lat="51.4640410" lon="-0.3189470">
    <ele>4.6</ele>
    <time>2026-05-16T10:10:23Z</time>
   </trkpt>
   <trkpt lat="51.4640290" lon="-0.3189330">
    <ele>4.6</ele>
    <time>2026-05-16T10:10:24Z</time>
   </trkpt>
   <trkpt lat="51.4640160" lon="-0.3189230">
    <ele>4.6</ele>
    <time>2026-05-16T10:10:25Z</time>
   </trkpt>
   <trkpt lat="51.4640060" lon="-0.3189130">
    <ele>4.6</ele>
    <time>2026-05-16T10:10:26Z</time>
   </trkpt>
   <trkpt lat="51.4639950" lon="-0.3189050">
    <ele>4.6</ele>
    <time>2026-05-16T10:10:27Z</time>
   </trkpt>
   <trkpt lat="51.4639850" lon="-0.3188940">
    <ele>4.6</ele>
    <time>2026-05-16T10:10:28Z</time>
   </trkpt>
   <trkpt lat="51.4639790" lon="-0.3188750">
    <ele>4.6</ele>
    <time>2026-05-16T10:10:29Z</time>
   </trkpt>
   <trkpt lat="51.4639670" lon="-0.3188580">
    <ele>4.6</ele>
    <time>2026-05-16T10:10:30Z</time>
   </trkpt>
   <trkpt lat="51.4639520" lon="-0.3188320">
    <ele>4.6</ele>
    <time>2026-05-16T10:10:31Z</time>
   </trkpt>
   <trkpt lat="51.4639450" lon="-0.3188230">
    <ele>4.6</ele>
    <time>2026-05-16T10:10:32Z</time>
   </trkpt>
   <trkpt lat="51.4639380" lon="-0.3188150">
    <ele>4.6</ele>
    <time>2026-05-16T10:10:33Z</time>
   </trkpt>
   <trkpt lat="51.4639210" lon="-0.3187940">
    <ele>4.6</ele>
    <time>2026-05-16T10:10:34Z</time>
   </trkpt>
   <trkpt lat="51.4639150" lon="-0.3187860">
    <ele>4.6</ele>
    <time>2026-05-16T10:10:35Z</time>
   </trkpt>
   <trkpt lat="51.4639090" lon="-0.3187770">
    <ele>4.6</ele>
    <time>2026-05-16T10:10:36Z</time>
   </trkpt>
   <trkpt lat="51.4639010" lon="-0.3187660">
    <ele>4.6</ele>
    <time>2026-05-16T10:10:37Z</time>
   </trkpt>
   <trkpt lat="51.4638990" lon="-0.3187570">
    <ele>4.6</ele>
    <time>2026-05-16T10:10:38Z</time>
   </trkpt>
   <trkpt lat="51.4638980" lon="-0.3187460">
    <ele>4.6</ele>
    <time>2026-05-16T10:10:39Z</time>
   </trkpt>
   <trkpt lat="51.4638920" lon="-0.3187300">
    <ele>4.6</ele>
    <time>2026-05-16T10:10:40Z</time>
   </trkpt>
   <trkpt lat="51.4638840" lon="-0.3187170">
    <ele>4.6</ele>
    <time>2026-05-16T10:10:41Z</time>
   </trkpt>
   <trkpt lat="51.4638780" lon="-0.3187100">
    <ele>4.6</ele>
    <time>2026-05-16T10:10:42Z</time>
   </trkpt>
   <trkpt lat="51.4638670" lon="-0.3186980">
    <ele>4.6</ele>
    <time>2026-05-16T10:10:43Z</time>
   </trkpt>
   <trkpt lat="51.4638560" lon="-0.3186860">
    <ele>4.6</ele>
    <time>2026-05-16T10:10:44Z</time>
   </trkpt>
   <trkpt lat="51.4638400" lon="-0.3186640">
    <ele>4.6</ele>
    <time>2026-05-16T10:10:45Z</time>
   </trkpt>
   <trkpt lat="51.4638230" lon="-0.3186400">
    <ele>4.6</ele>
    <time>2026-05-16T10:10:46Z</time>
   </trkpt>
   <trkpt lat="51.4638170" lon="-0.3186300">
    <ele>4.6</ele>
    <time>2026-05-16T10:10:47Z</time>
   </trkpt>
   <trkpt lat="51.4638110" lon="-0.3186210">
    <ele>4.6</ele>
    <time>2026-05-16T10:10:48Z</time>
   </trkpt>
   <trkpt lat="51.4637950" lon="-0.3185960">
    <ele>4.6</ele>
    <time>2026-05-16T10:10:49Z</time>
   </trkpt>
   <trkpt lat="51.4637860" lon="-0.3185860">
    <ele>4.6</ele>
    <time>2026-05-16T10:10:50Z</time>
   </trkpt>
   <trkpt lat="51.4637780" lon="-0.3185760">
    <ele>4.6</ele>
    <time>2026-05-16T10:10:51Z</time>
   </trkpt>
   <trkpt lat="51.4637670" lon="-0.3185560">
    <ele>4.6</ele>
    <time>2026-05-16T10:10:52Z</time>
   </trkpt>
   <trkpt lat="51.4637580" lon="-0.3185380">
    <ele>4.6</ele>
    <time>2026-05-16T10:10:53Z</time>
   </trkpt>
   <trkpt lat="51.4637470" lon="-0.3185220">
    <ele>4.6</ele>
    <time>2026-05-16T10:10:54Z</time>
   </trkpt>
   <trkpt lat="51.4637340" lon="-0.3185130">
    <ele>4.6</ele>
    <time>2026-05-16T10:10:55Z</time>
   </trkpt>
   <trkpt lat="51.4637250" lon="-0.3184950">
    <ele>4.6</ele>
    <time>2026-05-16T10:10:56Z</time>
   </trkpt>
   <trkpt lat="51.4637150" lon="-0.3184780">
    <ele>4.6</ele>
    <time>2026-05-16T10:10:57Z</time>
   </trkpt>
   <trkpt lat="51.4637060" lon="-0.3184610">
    <ele>4.6</ele>
    <time>2026-05-16T10:10:58Z</time>
   </trkpt>
   <trkpt lat="51.4636950" lon="-0.3184470">
    <ele>4.6</ele>
    <time>2026-05-16T10:10:59Z</time>
   </trkpt>
   <trkpt lat="51.4636800" lon="-0.3184240">
    <ele>4.6</ele>
    <time>2026-05-16T10:11:00Z</time>
   </trkpt>
   <trkpt lat="51.4636750" lon="-0.3184140">
    <ele>4.6</ele>
    <time>2026-05-16T10:11:01Z</time>
   </trkpt>
   <trkpt lat="51.4636690" lon="-0.3184030">
    <ele>4.6</ele>
    <time>2026-05-16T10:11:02Z</time>
   </trkpt>
   <trkpt lat="51.4636590" lon="-0.3183880">
    <ele>4.6</ele>
    <time>2026-05-16T10:11:03Z</time>
   </trkpt>
   <trkpt lat="51.4636480" lon="-0.3183730">
    <ele>4.6</ele>
    <time>2026-05-16T10:11:04Z</time>
   </trkpt>
   <trkpt lat="51.4636380" lon="-0.3183550">
    <ele>4.6</ele>
    <time>2026-05-16T10:11:05Z</time>
   </trkpt>
   <trkpt lat="51.4636260" lon="-0.3183390">
    <ele>4.6</ele>
    <time>2026-05-16T10:11:06Z</time>
   </trkpt>
   <trkpt lat="51.4636150" lon="-0.3183270">
    <ele>4.6</ele>
    <time>2026-05-16T10:11:07Z</time>
   </trkpt>
   <trkpt lat="51.4636060" lon="-0.3183160">
    <ele>4.6</ele>
    <time>2026-05-16T10:11:08Z</time>
   </trkpt>
   <trkpt lat="51.4636040" lon="-0.3183060">
    <ele>4.6</ele>
    <time>2026-05-16T10:11:09Z</time>
   </trkpt>
   <trkpt lat="51.4635970" lon="-0.3182970">
    <ele>4.6</ele>
    <time>2026-05-16T10:11:10Z</time>
   </trkpt>
   <trkpt lat="51.4635930" lon="-0.3182830">
    <ele>4.6</ele>
    <time>2026-05-16T10:11:11Z</time>
   </trkpt>
   <trkpt lat="51.4635850" lon="-0.3182690">
    <ele>4.6</ele>
    <time>2026-05-16T10:11:12Z</time>
   </trkpt>
   <trkpt lat="51.4635690" lon="-0.3182420">
    <ele>4.6</ele>
    <time>2026-05-16T10:11:13Z</time>
   </trkpt>
   <trkpt lat="51.4635620" lon="-0.3182300">
    <ele>4.6</ele>
    <time>2026-05-16T10:11:14Z</time>
   </trkpt>
   <trkpt lat="51.4635560" lon="-0.3182170">
    <ele>4.6</ele>
    <time>2026-05-16T10:11:15Z</time>
   </trkpt>
   <trkpt lat="51.4635470" lon="-0.3181980">
    <ele>4.6</ele>
    <time>2026-05-16T10:11:16Z</time>
   </trkpt>
   <trkpt lat="51.4635350" lon="-0.3181780">
    <ele>4.6</ele>
    <time>2026-05-16T10:11:17Z</time>
   </trkpt>
   <trkpt lat="51.4635230" lon="-0.3181630">
    <ele>4.6</ele>
    <time>2026-05-16T10:11:18Z</time>
   </trkpt>
   <trkpt lat="51.4635120" lon="-0.3181470">
    <ele>4.6</ele>
    <time>2026-05-16T10:11:19Z</time>
   </trkpt>
   <trkpt lat="51.4635030" lon="-0.3181290">
    <ele>4.6</ele>
    <time>2026-05-16T10:11:20Z</time>
   </trkpt>
   <trkpt lat="51.4634910" lon="-0.3181150">
    <ele>4.6</ele>
    <time>2026-05-16T10:11:21Z</time>
   </trkpt>
   <trkpt lat="51.4634800" lon="-0.3180990">
    <ele>4.6</ele>
    <time>2026-05-16T10:11:22Z</time>
   </trkpt>
   <trkpt lat="51.4634700" lon="-0.3180810">
    <ele>4.6</ele>
    <time>2026-05-16T10:11:23Z</time>
   </trkpt>
   <trkpt lat="51.4634590" lon="-0.3180640">
    <ele>4.6</ele>
    <time>2026-05-16T10:11:24Z</time>
   </trkpt>
   <trkpt lat="51.4634480" lon="-0.3180510">
    <ele>4.6</ele>
    <time>2026-05-16T10:11:25Z</time>
   </trkpt>
   <trkpt lat="51.4634380" lon="-0.3180400">
    <ele>4.6</ele>
    <time>2026-05-16T10:11:26Z</time>
   </trkpt>
   <trkpt lat="51.4634270" lon="-0.3180240">
    <ele>4.6</ele>
    <time>2026-05-16T10:11:27Z</time>
   </trkpt>
   <trkpt lat="51.4634200" lon="-0.3180030">
    <ele>4.6</ele>
    <time>2026-05-16T10:11:28Z</time>
   </trkpt>
   <trkpt lat="51.4634140" lon="-0.3179860">
    <ele>4.6</ele>
    <time>2026-05-16T10:11:29Z</time>
   </trkpt>
   <trkpt lat="51.4634030" lon="-0.3179560">
    <ele>4.6</ele>
    <time>2026-05-16T10:11:30Z</time>
   </trkpt>
   <trkpt lat="51.4633990" lon="-0.3179440">
    <ele>4.6</ele>
    <time>2026-05-16T10:11:31Z</time>
   </trkpt>
   <trkpt lat="51.4633960" lon="-0.3179310">
    <ele>4.6</ele>
    <time>2026-05-16T10:11:32Z</time>
   </trkpt>
   <trkpt lat="51.4633880" lon="-0.3179130">
    <ele>4.6</ele>
    <time>2026-05-16T10:11:33Z</time>
   </trkpt>
   <trkpt lat="51.4633780" lon="-0.3178990">
    <ele>4.6</ele>
    <time>2026-05-16T10:11:34Z</time>
   </trkpt>
   <trkpt lat="51.4633680" lon="-0.3178900">
    <ele>4.6</ele>
    <time>2026-05-16T10:11:35Z</time>
   </trkpt>
   <trkpt lat="51.4633570" lon="-0.3178790">
    <ele>4.6</ele>
    <time>2026-05-16T10:11:36Z</time>
   </trkpt>
   <trkpt lat="51.4633530" lon="-0.3178610">
    <ele>4.6</ele>
    <time>2026-05-16T10:11:37Z</time>
   </trkpt>
   <trkpt lat="51.4633390" lon="-0.3178380">
    <ele>4.6</ele>
    <time>2026-05-16T10:11:38Z</time>
   </trkpt>
   <trkpt lat="51.4633320" lon="-0.3178290">
    <ele>4.6</ele>
    <time>2026-05-16T10:11:39Z</time>
   </trkpt>
   <trkpt lat="51.4633260" lon="-0.3178200">
    <ele>4.6</ele>
    <time>2026-05-16T10:11:40Z</time>
   </trkpt>
   <trkpt lat="51.4633060" lon="-0.3177990">
    <ele>4.5</ele>
    <time>2026-05-16T10:11:41Z</time>
   </trkpt>
   <trkpt lat="51.4633010" lon="-0.3177890">
    <ele>4.5</ele>
    <time>2026-05-16T10:11:42Z</time>
   </trkpt>
   <trkpt lat="51.4632950" lon="-0.3177780">
    <ele>4.5</ele>
    <time>2026-05-16T10:11:43Z</time>
   </trkpt>
   <trkpt lat="51.4632910" lon="-0.3177580">
    <ele>4.5</ele>
    <time>2026-05-16T10:11:44Z</time>
   </trkpt>
   <trkpt lat="51.4632840" lon="-0.3177380">
    <ele>4.5</ele>
    <time>2026-05-16T10:11:45Z</time>
   </trkpt>
   <trkpt lat="51.4632750" lon="-0.3177210">
    <ele>4.5</ele>
    <time>2026-05-16T10:11:46Z</time>
   </trkpt>
   <trkpt lat="51.4632650" lon="-0.3177060">
    <ele>4.5</ele>
    <time>2026-05-16T10:11:47Z</time>
   </trkpt>
   <trkpt lat="51.4632510" lon="-0.3176810">
    <ele>4.5</ele>
    <time>2026-05-16T10:11:48Z</time>
   </trkpt>
   <trkpt lat="51.4632450" lon="-0.3176720">
    <ele>4.5</ele>
    <time>2026-05-16T10:11:49Z</time>
   </trkpt>
   <trkpt lat="51.4632400" lon="-0.3176620">
    <ele>4.5</ele>
    <time>2026-05-16T10:11:50Z</time>
   </trkpt>
   <trkpt lat="51.4632340" lon="-0.3176450">
    <ele>4.5</ele>
    <time>2026-05-16T10:11:51Z</time>
   </trkpt>
   <trkpt lat="51.4632220" lon="-0.3176350">
    <ele>4.5</ele>
    <time>2026-05-16T10:11:52Z</time>
   </trkpt>
   <trkpt lat="51.4632140" lon="-0.3176240">
    <ele>4.5</ele>
    <time>2026-05-16T10:11:53Z</time>
   </trkpt>
   <trkpt lat="51.4632000" lon="-0.3175960">
    <ele>4.5</ele>
    <time>2026-05-16T10:11:54Z</time>
   </trkpt>
   <trkpt lat="51.4631950" lon="-0.3175850">
    <ele>4.5</ele>
    <time>2026-05-16T10:11:55Z</time>
   </trkpt>
   <trkpt lat="51.4631890" lon="-0.3175740">
    <ele>4.5</ele>
    <time>2026-05-16T10:11:56Z</time>
   </trkpt>
   <trkpt lat="51.4631740" lon="-0.3175500">
    <ele>4.5</ele>
    <time>2026-05-16T10:11:57Z</time>
   </trkpt>
   <trkpt lat="51.4631690" lon="-0.3175390">
    <ele>4.5</ele>
    <time>2026-05-16T10:11:58Z</time>
   </trkpt>
   <trkpt lat="51.4631640" lon="-0.3175280">
    <ele>4.5</ele>
    <time>2026-05-16T10:11:59Z</time>
   </trkpt>
   <trkpt lat="51.4631530" lon="-0.3175120">
    <ele>4.5</ele>
    <time>2026-05-16T10:12:00Z</time>
   </trkpt>
   <trkpt lat="51.4631430" lon="-0.3174990">
    <ele>4.5</ele>
    <time>2026-05-16T10:12:01Z</time>
   </trkpt>
   <trkpt lat="51.4631250" lon="-0.3174780">
    <ele>4.5</ele>
    <time>2026-05-16T10:12:02Z</time>
   </trkpt>
   <trkpt lat="51.4631190" lon="-0.3174660">
    <ele>4.5</ele>
    <time>2026-05-16T10:12:03Z</time>
   </trkpt>
   <trkpt lat="51.4631140" lon="-0.3174540">
    <ele>4.5</ele>
    <time>2026-05-16T10:12:04Z</time>
   </trkpt>
   <trkpt lat="51.4631060" lon="-0.3174360">
    <ele>4.5</ele>
    <time>2026-05-16T10:12:05Z</time>
   </trkpt>
   <trkpt lat="51.4630980" lon="-0.3174190">
    <ele>4.5</ele>
    <time>2026-05-16T10:12:06Z</time>
   </trkpt>
   <trkpt lat="51.4630830" lon="-0.3173930">
    <ele>4.5</ele>
    <time>2026-05-16T10:12:07Z</time>
   </trkpt>
   <trkpt lat="51.4630770" lon="-0.3173830">
    <ele>4.5</ele>
    <time>2026-05-16T10:12:08Z</time>
   </trkpt>
   <trkpt lat="51.4630720" lon="-0.3173720">
    <ele>4.5</ele>
    <time>2026-05-16T10:12:09Z</time>
   </trkpt>
   <trkpt lat="51.4630610" lon="-0.3173440">
    <ele>4.5</ele>
    <time>2026-05-16T10:12:10Z</time>
   </trkpt>
   <trkpt lat="51.4630560" lon="-0.3173340">
    <ele>4.5</ele>
    <time>2026-05-16T10:12:11Z</time>
   </trkpt>
   <trkpt lat="51.4630510" lon="-0.3173230">
    <ele>4.5</ele>
    <time>2026-05-16T10:12:12Z</time>
   </trkpt>
   <trkpt lat="51.4630420" lon="-0.3173090">
    <ele>4.5</ele>
    <time>2026-05-16T10:12:13Z</time>
   </trkpt>
   <trkpt lat="51.4630360" lon="-0.3172920">
    <ele>4.5</ele>
    <time>2026-05-16T10:12:14Z</time>
   </trkpt>
   <trkpt lat="51.4630320" lon="-0.3172760">
    <ele>4.5</ele>
    <time>2026-05-16T10:12:15Z</time>
   </trkpt>
   <trkpt lat="51.4630220" lon="-0.3172650">
    <ele>4.5</ele>
    <time>2026-05-16T10:12:16Z</time>
   </trkpt>
   <trkpt lat="51.4630160" lon="-0.3172500">
    <ele>4.5</ele>
    <time>2026-05-16T10:12:17Z</time>
   </trkpt>
   <trkpt lat="51.4630060" lon="-0.3172400">
    <ele>4.5</ele>
    <time>2026-05-16T10:12:18Z</time>
   </trkpt>
   <trkpt lat="51.4630050" lon="-0.3172170">
    <ele>4.5</ele>
    <time>2026-05-16T10:12:19Z</time>
   </trkpt>
   <trkpt lat="51.4629910" lon="-0.3171970">
    <ele>4.5</ele>
    <time>2026-05-16T10:12:20Z</time>
   </trkpt>
   <trkpt lat="51.4629760" lon="-0.3171720">
    <ele>4.5</ele>
    <time>2026-05-16T10:12:21Z</time>
   </trkpt>
   <trkpt lat="51.4629700" lon="-0.3171630">
    <ele>4.5</ele>
    <time>2026-05-16T10:12:22Z</time>
   </trkpt>
   <trkpt lat="51.4629630" lon="-0.3171530">
    <ele>4.5</ele>
    <time>2026-05-16T10:12:23Z</time>
   </trkpt>
   <trkpt lat="51.4629460" lon="-0.3171300">
    <ele>4.5</ele>
    <time>2026-05-16T10:12:24Z</time>
   </trkpt>
   <trkpt lat="51.4629400" lon="-0.3171240">
    <ele>4.5</ele>
    <time>2026-05-16T10:12:25Z</time>
   </trkpt>
   <trkpt lat="51.4629330" lon="-0.3171170">
    <ele>4.6</ele>
    <time>2026-05-16T10:12:26Z</time>
   </trkpt>
   <trkpt lat="51.4629210" lon="-0.3171040">
    <ele>4.6</ele>
    <time>2026-05-16T10:12:27Z</time>
   </trkpt>
   <trkpt lat="51.4629100" lon="-0.3170870">
    <ele>4.6</ele>
    <time>2026-05-16T10:12:28Z</time>
   </trkpt>
   <trkpt lat="51.4629000" lon="-0.3170710">
    <ele>4.6</ele>
    <time>2026-05-16T10:12:29Z</time>
   </trkpt>
   <trkpt lat="51.4628920" lon="-0.3170540">
    <ele>4.6</ele>
    <time>2026-05-16T10:12:30Z</time>
   </trkpt>
   <trkpt lat="51.4628850" lon="-0.3170360">
    <ele>4.6</ele>
    <time>2026-05-16T10:12:31Z</time>
   </trkpt>
   <trkpt lat="51.4628730" lon="-0.3170170">
    <ele>4.6</ele>
    <time>2026-05-16T10:12:32Z</time>
   </trkpt>
   <trkpt lat="51.4628590" lon="-0.3169900">
    <ele>4.6</ele>
    <time>2026-05-16T10:12:33Z</time>
   </trkpt>
   <trkpt lat="51.4628510" lon="-0.3169810">
    <ele>4.6</ele>
    <time>2026-05-16T10:12:34Z</time>
   </trkpt>
   <trkpt lat="51.4628430" lon="-0.3169720">
    <ele>4.6</ele>
    <time>2026-05-16T10:12:35Z</time>
   </trkpt>
   <trkpt lat="51.4628300" lon="-0.3169430">
    <ele>4.6</ele>
    <time>2026-05-16T10:12:36Z</time>
   </trkpt>
   <trkpt lat="51.4628250" lon="-0.3169340">
    <ele>4.6</ele>
    <time>2026-05-16T10:12:37Z</time>
   </trkpt>
   <trkpt lat="51.4628190" lon="-0.3169240">
    <ele>4.6</ele>
    <time>2026-05-16T10:12:38Z</time>
   </trkpt>
   <trkpt lat="51.4628110" lon="-0.3169080">
    <ele>4.6</ele>
    <time>2026-05-16T10:12:39Z</time>
   </trkpt>
   <trkpt lat="51.4628040" lon="-0.3168900">
    <ele>4.7</ele>
    <time>2026-05-16T10:12:40Z</time>
   </trkpt>
   <trkpt lat="51.4627960" lon="-0.3168800">
    <ele>4.7</ele>
    <time>2026-05-16T10:12:41Z</time>
   </trkpt>
   <trkpt lat="51.4627920" lon="-0.3168720">
    <ele>4.7</ele>
    <time>2026-05-16T10:12:42Z</time>
   </trkpt>
   <trkpt lat="51.4627820" lon="-0.3168600">
    <ele>4.7</ele>
    <time>2026-05-16T10:12:43Z</time>
   </trkpt>
   <trkpt lat="51.4627780" lon="-0.3168500">
    <ele>4.7</ele>
    <time>2026-05-16T10:12:44Z</time>
   </trkpt>
   <trkpt lat="51.4627720" lon="-0.3168410">
    <ele>4.7</ele>
    <time>2026-05-16T10:12:45Z</time>
   </trkpt>
   <trkpt lat="51.4627640" lon="-0.3168230">
    <ele>4.7</ele>
    <time>2026-05-16T10:12:46Z</time>
   </trkpt>
   <trkpt lat="51.4627580" lon="-0.3168120">
    <ele>4.7</ele>
    <time>2026-05-16T10:12:47Z</time>
   </trkpt>
   <trkpt lat="51.4627520" lon="-0.3168000">
    <ele>4.7</ele>
    <time>2026-05-16T10:12:48Z</time>
   </trkpt>
   <trkpt lat="51.4627460" lon="-0.3167890">
    <ele>4.7</ele>
    <time>2026-05-16T10:12:49Z</time>
   </trkpt>
   <trkpt lat="51.4627320" lon="-0.3167660">
    <ele>4.7</ele>
    <time>2026-05-16T10:12:50Z</time>
   </trkpt>
   <trkpt lat="51.4627250" lon="-0.3167570">
    <ele>4.8</ele>
    <time>2026-05-16T10:12:51Z</time>
   </trkpt>
   <trkpt lat="51.4627170" lon="-0.3167470">
    <ele>4.8</ele>
    <time>2026-05-16T10:12:52Z</time>
   </trkpt>
   <trkpt lat="51.4627120" lon="-0.3167350">
    <ele>4.8</ele>
    <time>2026-05-16T10:12:53Z</time>
   </trkpt>
   <trkpt lat="51.4627020" lon="-0.3167220">
    <ele>4.7</ele>
    <time>2026-05-16T10:12:54Z</time>
   </trkpt>
   <trkpt lat="51.4626940" lon="-0.3167120">
    <ele>4.7</ele>
    <time>2026-05-16T10:12:55Z</time>
   </trkpt>
   <trkpt lat="51.4626850" lon="-0.3166960">
    <ele>4.7</ele>
    <time>2026-05-16T10:12:56Z</time>
   </trkpt>
   <trkpt lat="51.4626680" lon="-0.3166810">
    <ele>4.7</ele>
    <time>2026-05-16T10:12:57Z</time>
   </trkpt>
   <trkpt lat="51.4626500" lon="-0.3166450">
    <ele>4.7</ele>
    <time>2026-05-16T10:12:58Z</time>
   </trkpt>
   <trkpt lat="51.4626470" lon="-0.3166330">
    <ele>4.7</ele>
    <time>2026-05-16T10:12:59Z</time>
   </trkpt>
   <trkpt lat="51.4626360" lon="-0.3166170">
    <ele>4.7</ele>
    <time>2026-05-16T10:13:00Z</time>
   </trkpt>
   <trkpt lat="51.4626260" lon="-0.3166010">
    <ele>4.7</ele>
    <time>2026-05-16T10:13:01Z</time>
   </trkpt>
   <trkpt lat="51.4626130" lon="-0.3165750">
    <ele>4.6</ele>
    <time>2026-05-16T10:13:02Z</time>
   </trkpt>
   <trkpt lat="51.4626060" lon="-0.3165650">
    <ele>4.6</ele>
    <time>2026-05-16T10:13:03Z</time>
   </trkpt>
   <trkpt lat="51.4626000" lon="-0.3165550">
    <ele>4.6</ele>
    <time>2026-05-16T10:13:04Z</time>
   </trkpt>
   <trkpt lat="51.4625860" lon="-0.3165320">
    <ele>4.6</ele>
    <time>2026-05-16T10:13:05Z</time>
   </trkpt>
   <trkpt lat="51.4625790" lon="-0.3165240">
    <ele>4.6</ele>
    <time>2026-05-16T10:13:06Z</time>
   </trkpt>
   <trkpt lat="51.4625730" lon="-0.3165150">
    <ele>4.6</ele>
    <time>2026-05-16T10:13:07Z</time>
   </trkpt>
   <trkpt lat="51.4625590" lon="-0.3164920">
    <ele>4.6</ele>
    <time>2026-05-16T10:13:08Z</time>
   </trkpt>
   <trkpt lat="51.4625530" lon="-0.3164820">
    <ele>4.6</ele>
    <time>2026-05-16T10:13:09Z</time>
   </trkpt>
   <trkpt lat="51.4625480" lon="-0.3164730">
    <ele>4.6</ele>
    <time>2026-05-16T10:13:10Z</time>
   </trkpt>
   <trkpt lat="51.4625430" lon="-0.3164630">
    <ele>4.6</ele>
    <time>2026-05-16T10:13:11Z</time>
   </trkpt>
   <trkpt lat="51.4625360" lon="-0.3164500">
    <ele>4.5</ele>
    <time>2026-05-16T10:13:12Z</time>
   </trkpt>
   <trkpt lat="51.4625260" lon="-0.3164360">
    <ele>4.5</ele>
    <time>2026-05-16T10:13:13Z</time>
   </trkpt>
   <trkpt lat="51.4625140" lon="-0.3164160">
    <ele>4.5</ele>
    <time>2026-05-16T10:13:14Z</time>
   </trkpt>
   <trkpt lat="51.4625060" lon="-0.3164060">
    <ele>4.5</ele>
    <time>2026-05-16T10:13:15Z</time>
   </trkpt>
   <trkpt lat="51.4624980" lon="-0.3163970">
    <ele>4.5</ele>
    <time>2026-05-16T10:13:16Z</time>
   </trkpt>
   <trkpt lat="51.4624910" lon="-0.3163900">
    <ele>4.5</ele>
    <time>2026-05-16T10:13:17Z</time>
   </trkpt>
   <trkpt lat="51.4624830" lon="-0.3163800">
    <ele>4.5</ele>
    <time>2026-05-16T10:13:18Z</time>
   </trkpt>
   <trkpt lat="51.4624680" lon="-0.3163560">
    <ele>4.5</ele>
    <time>2026-05-16T10:13:19Z</time>
   </trkpt>
   <trkpt lat="51.4624620" lon="-0.3163450">
    <ele>4.5</ele>
    <time>2026-05-16T10:13:20Z</time>
   </trkpt>
   <trkpt lat="51.4624560" lon="-0.3163330">
    <ele>4.5</ele>
    <time>2026-05-16T10:13:21Z</time>
   </trkpt>
   <trkpt lat="51.4624390" lon="-0.3163100">
    <ele>4.5</ele>
    <time>2026-05-16T10:13:22Z</time>
   </trkpt>
   <trkpt lat="51.4624330" lon="-0.3163010">
    <ele>4.5</ele>
    <time>2026-05-16T10:13:23Z</time>
   </trkpt>
   <trkpt lat="51.4624280" lon="-0.3162910">
    <ele>4.5</ele>
    <time>2026-05-16T10:13:24Z</time>
   </trkpt>
   <trkpt lat="51.4624160" lon="-0.3162730">
    <ele>4.5</ele>
    <time>2026-05-16T10:13:25Z</time>
   </trkpt>
   <trkpt lat="51.4624030" lon="-0.3162530">
    <ele>4.5</ele>
    <time>2026-05-16T10:13:26Z</time>
   </trkpt>
   <trkpt lat="51.4623930" lon="-0.3162350">
    <ele>4.5</ele>
    <time>2026-05-16T10:13:27Z</time>
   </trkpt>
   <trkpt lat="51.4623820" lon="-0.3162210">
    <ele>4.5</ele>
    <time>2026-05-16T10:13:28Z</time>
   </trkpt>
   <trkpt lat="51.4623780" lon="-0.3162100">
    <ele>4.5</ele>
    <time>2026-05-16T10:13:29Z</time>
   </trkpt>
   <trkpt lat="51.4623760" lon="-0.3162030">
    <ele>4.5</ele>
    <time>2026-05-16T10:13:30Z</time>
   </trkpt>
   <trkpt lat="51.4623700" lon="-0.3161950">
    <ele>4.5</ele>
    <time>2026-05-16T10:13:31Z</time>
   </trkpt>
   <trkpt lat="51.4623580" lon="-0.3161810">
    <ele>4.5</ele>
    <time>2026-05-16T10:13:32Z</time>
   </trkpt>
   <trkpt lat="51.4623470" lon="-0.3161710">
    <ele>4.5</ele>
    <time>2026-05-16T10:13:33Z</time>
   </trkpt>
   <trkpt lat="51.4623340" lon="-0.3161570">
    <ele>4.5</ele>
    <time>2026-05-16T10:13:34Z</time>
   </trkpt>
   <trkpt lat="51.4623180" lon="-0.3161370">
    <ele>4.5</ele>
    <time>2026-05-16T10:13:35Z</time>
   </trkpt>
   <trkpt lat="51.4623110" lon="-0.3161260">
    <ele>4.5</ele>
    <time>2026-05-16T10:13:36Z</time>
   </trkpt>
   <trkpt lat="51.4623050" lon="-0.3161160">
    <ele>4.5</ele>
    <time>2026-05-16T10:13:37Z</time>
   </trkpt>
   <trkpt lat="51.4622930" lon="-0.3160950">
    <ele>4.5</ele>
    <time>2026-05-16T10:13:38Z</time>
   </trkpt>
   <trkpt lat="51.4622810" lon="-0.3160710">
    <ele>4.5</ele>
    <time>2026-05-16T10:13:39Z</time>
   </trkpt>
   <trkpt lat="51.4622700" lon="-0.3160510">
    <ele>4.5</ele>
    <time>2026-05-16T10:13:40Z</time>
   </trkpt>
   <trkpt lat="51.4622570" lon="-0.3160300">
    <ele>4.5</ele>
    <time>2026-05-16T10:13:41Z</time>
   </trkpt>
   <trkpt lat="51.4622450" lon="-0.3160180">
    <ele>4.5</ele>
    <time>2026-05-16T10:13:42Z</time>
   </trkpt>
   <trkpt lat="51.4622350" lon="-0.3160020">
    <ele>4.5</ele>
    <time>2026-05-16T10:13:43Z</time>
   </trkpt>
   <trkpt lat="51.4622260" lon="-0.3159860">
    <ele>4.5</ele>
    <time>2026-05-16T10:13:44Z</time>
   </trkpt>
   <trkpt lat="51.4622180" lon="-0.3159670">
    <ele>4.5</ele>
    <time>2026-05-16T10:13:45Z</time>
   </trkpt>
   <trkpt lat="51.4622090" lon="-0.3159540">
    <ele>4.5</ele>
    <time>2026-05-16T10:13:46Z</time>
   </trkpt>
   <trkpt lat="51.4622000" lon="-0.3159480">
    <ele>4.5</ele>
    <time>2026-05-16T10:13:47Z</time>
   </trkpt>
   <trkpt lat="51.4621880" lon="-0.3159360">
    <ele>4.5</ele>
    <time>2026-05-16T10:13:48Z</time>
   </trkpt>
   <trkpt lat="51.4621800" lon="-0.3159230">
    <ele>4.5</ele>
    <time>2026-05-16T10:13:49Z</time>
   </trkpt>
   <trkpt lat="51.4621720" lon="-0.3159090">
    <ele>4.5</ele>
    <time>2026-05-16T10:13:50Z</time>
   </trkpt>
   <trkpt lat="51.4621640" lon="-0.3158950">
    <ele>4.5</ele>
    <time>2026-05-16T10:13:51Z</time>
   </trkpt>
   <trkpt lat="51.4621450" lon="-0.3158680">
    <ele>4.5</ele>
    <time>2026-05-16T10:13:52Z</time>
   </trkpt>
   <trkpt lat="51.4621390" lon="-0.3158590">
    <ele>4.5</ele>
    <time>2026-05-16T10:13:53Z</time>
   </trkpt>
   <trkpt lat="51.4621330" lon="-0.3158500">
    <ele>4.5</ele>
    <time>2026-05-16T10:13:54Z</time>
   </trkpt>
   <trkpt lat="51.4621200" lon="-0.3158190">
    <ele>4.5</ele>
    <time>2026-05-16T10:13:55Z</time>
   </trkpt>
   <trkpt lat="51.4621140" lon="-0.3158090">
    <ele>4.5</ele>
    <time>2026-05-16T10:13:56Z</time>
   </trkpt>
   <trkpt lat="51.4621090" lon="-0.3157980">
    <ele>4.5</ele>
    <time>2026-05-16T10:13:57Z</time>
   </trkpt>
   <trkpt lat="51.4620950" lon="-0.3157730">
    <ele>4.5</ele>
    <time>2026-05-16T10:13:58Z</time>
   </trkpt>
   <trkpt lat="51.4620900" lon="-0.3157620">
    <ele>4.6</ele>
    <time>2026-05-16T10:13:59Z</time>
   </trkpt>
   <trkpt lat="51.4620840" lon="-0.3157520">
    <ele>4.6</ele>
    <time>2026-05-16T10:14:00Z</time>
   </trkpt>
   <trkpt lat="51.4620680" lon="-0.3157310">
    <ele>4.6</ele>
    <time>2026-05-16T10:14:01Z</time>
   </trkpt>
   <trkpt lat="51.4620620" lon="-0.3157220">
    <ele>4.6</ele>
    <time>2026-05-16T10:14:02Z</time>
   </trkpt>
   <trkpt lat="51.4620560" lon="-0.3157120">
    <ele>4.6</ele>
    <time>2026-05-16T10:14:03Z</time>
   </trkpt>
   <trkpt lat="51.4620450" lon="-0.3156990">
    <ele>4.6</ele>
    <time>2026-05-16T10:14:04Z</time>
   </trkpt>
   <trkpt lat="51.4620350" lon="-0.3156840">
    <ele>4.6</ele>
    <time>2026-05-16T10:14:05Z</time>
   </trkpt>
   <trkpt lat="51.4620200" lon="-0.3156640">
    <ele>4.6</ele>
    <time>2026-05-16T10:14:06Z</time>
   </trkpt>
   <trkpt lat="51.4620150" lon="-0.3156530">
    <ele>4.6</ele>
    <time>2026-05-16T10:14:07Z</time>
   </trkpt>
   <trkpt lat="51.4620090" lon="-0.3156430">
    <ele>4.6</ele>
    <time>2026-05-16T10:14:08Z</time>
   </trkpt>
   <trkpt lat="51.4619940" lon="-0.3156180">
    <ele>4.6</ele>
    <time>2026-05-16T10:14:09Z</time>
   </trkpt>
   <trkpt lat="51.4619880" lon="-0.3156110">
    <ele>4.6</ele>
    <time>2026-05-16T10:14:10Z</time>
   </trkpt>
   <trkpt lat="51.4619810" lon="-0.3156030">
    <ele>4.6</ele>
    <time>2026-05-16T10:14:11Z</time>
   </trkpt>
   <trkpt lat="51.4619710" lon="-0.3155980">
    <ele>4.6</ele>
    <time>2026-05-16T10:14:12Z</time>
   </trkpt>
   <trkpt lat="51.4619610" lon="-0.3155870">
    <ele>4.6</ele>
    <time>2026-05-16T10:14:13Z</time>
   </trkpt>
   <trkpt lat="51.4619530" lon="-0.3155770">
    <ele>4.7</ele>
    <time>2026-05-16T10:14:14Z</time>
   </trkpt>
   <trkpt lat="51.4619480" lon="-0.3155720">
    <ele>4.7</ele>
    <time>2026-05-16T10:14:15Z</time>
   </trkpt>
   <trkpt lat="51.4619390" lon="-0.3155590">
    <ele>4.7</ele>
    <time>2026-05-16T10:14:16Z</time>
   </trkpt>
   <trkpt lat="51.4619260" lon="-0.3155400">
    <ele>4.7</ele>
    <time>2026-05-16T10:14:17Z</time>
   </trkpt>
   <trkpt lat="51.4619150" lon="-0.3155210">
    <ele>4.7</ele>
    <time>2026-05-16T10:14:18Z</time>
   </trkpt>
   <trkpt lat="51.4619040" lon="-0.3155080">
    <ele>4.7</ele>
    <time>2026-05-16T10:14:19Z</time>
   </trkpt>
   <trkpt lat="51.4618950" lon="-0.3154920">
    <ele>4.7</ele>
    <time>2026-05-16T10:14:20Z</time>
   </trkpt>
   <trkpt lat="51.4618880" lon="-0.3154790">
    <ele>4.7</ele>
    <time>2026-05-16T10:14:21Z</time>
   </trkpt>
   <trkpt lat="51.4618820" lon="-0.3154660">
    <ele>4.7</ele>
    <time>2026-05-16T10:14:22Z</time>
   </trkpt>
   <trkpt lat="51.4618680" lon="-0.3154360">
    <ele>4.7</ele>
    <time>2026-05-16T10:14:23Z</time>
   </trkpt>
   <trkpt lat="51.4618630" lon="-0.3154270">
    <ele>4.7</ele>
    <time>2026-05-16T10:14:24Z</time>
   </trkpt>
   <trkpt lat="51.4618570" lon="-0.3154170">
    <ele>4.7</ele>
    <time>2026-05-16T10:14:25Z</time>
   </trkpt>
   <trkpt lat="51.4618440" lon="-0.3153940">
    <ele>4.7</ele>
    <time>2026-05-16T10:14:26Z</time>
   </trkpt>
   <trkpt lat="51.4618360" lon="-0.3153860">
    <ele>4.7</ele>
    <time>2026-05-16T10:14:27Z</time>
   </trkpt>
   <trkpt lat="51.4618290" lon="-0.3153770">
    <ele>4.7</ele>
    <time>2026-05-16T10:14:28Z</time>
   </trkpt>
   <trkpt lat="51.4618130" lon="-0.3153540">
    <ele>4.7</ele>
    <time>2026-05-16T10:14:29Z</time>
   </trkpt>
   <trkpt lat="51.4618060" lon="-0.3153470">
    <ele>4.7</ele>
    <time>2026-05-16T10:14:30Z</time>
   </trkpt>
   <trkpt lat="51.4618000" lon="-0.3153400">
    <ele>4.7</ele>
    <time>2026-05-16T10:14:31Z</time>
   </trkpt>
   <trkpt lat="51.4617920" lon="-0.3153300">
    <ele>4.7</ele>
    <time>2026-05-16T10:14:32Z</time>
   </trkpt>
   <trkpt lat="51.4617850" lon="-0.3153230">
    <ele>4.7</ele>
    <time>2026-05-16T10:14:33Z</time>
   </trkpt>
   <trkpt lat="51.4617770" lon="-0.3153100">
    <ele>4.7</ele>
    <time>2026-05-16T10:14:34Z</time>
   </trkpt>
   <trkpt lat="51.4617660" lon="-0.3153020">
    <ele>4.8</ele>
    <time>2026-05-16T10:14:35Z</time>
   </trkpt>
   <trkpt lat="51.4617580" lon="-0.3152930">
    <ele>4.8</ele>
    <time>2026-05-16T10:14:36Z</time>
   </trkpt>
   <trkpt lat="51.4617500" lon="-0.3152840">
    <ele>4.8</ele>
    <time>2026-05-16T10:14:37Z</time>
   </trkpt>
   <trkpt lat="51.4617400" lon="-0.3152710">
    <ele>4.8</ele>
    <time>2026-05-16T10:14:38Z</time>
   </trkpt>
   <trkpt lat="51.4617280" lon="-0.3152550">
    <ele>4.8</ele>
    <time>2026-05-16T10:14:39Z</time>
   </trkpt>
   <trkpt lat="51.4617170" lon="-0.3152370">
    <ele>4.8</ele>
    <time>2026-05-16T10:14:40Z</time>
   </trkpt>
   <trkpt lat="51.4617040" lon="-0.3152190">
    <ele>4.8</ele>
    <time>2026-05-16T10:14:41Z</time>
   </trkpt>
   <trkpt lat="51.4616930" lon="-0.3152040">
    <ele>4.8</ele>
    <time>2026-05-16T10:14:42Z</time>
   </trkpt>
   <trkpt lat="51.4616840" lon="-0.3151860">
    <ele>4.8</ele>
    <time>2026-05-16T10:14:43Z</time>
   </trkpt>
   <trkpt lat="51.4616810" lon="-0.3151760">
    <ele>4.8</ele>
    <time>2026-05-16T10:14:44Z</time>
   </trkpt>
   <trkpt lat="51.4616780" lon="-0.3151660">
    <ele>4.8</ele>
    <time>2026-05-16T10:14:45Z</time>
   </trkpt>
   <trkpt lat="51.4616640" lon="-0.3151500">
    <ele>4.8</ele>
    <time>2026-05-16T10:14:46Z</time>
   </trkpt>
   <trkpt lat="51.4616480" lon="-0.3151370">
    <ele>4.8</ele>
    <time>2026-05-16T10:14:47Z</time>
   </trkpt>
   <trkpt lat="51.4616420" lon="-0.3151240">
    <ele>4.8</ele>
    <time>2026-05-16T10:14:48Z</time>
   </trkpt>
   <trkpt lat="51.4616290" lon="-0.3151050">
    <ele>4.8</ele>
    <time>2026-05-16T10:14:49Z</time>
   </trkpt>
   <trkpt lat="51.4616160" lon="-0.3150870">
    <ele>4.8</ele>
    <time>2026-05-16T10:14:50Z</time>
   </trkpt>
   <trkpt lat="51.4616040" lon="-0.3150760">
    <ele>4.8</ele>
    <time>2026-05-16T10:14:51Z</time>
   </trkpt>
   <trkpt lat="51.4615910" lon="-0.3150610">
    <ele>4.8</ele>
    <time>2026-05-16T10:14:52Z</time>
   </trkpt>
   <trkpt lat="51.4615780" lon="-0.3150380">
    <ele>4.8</ele>
    <time>2026-05-16T10:14:53Z</time>
   </trkpt>
   <trkpt lat="51.4615700" lon="-0.3150200">
    <ele>4.8</ele>
    <time>2026-05-16T10:14:54Z</time>
   </trkpt>
   <trkpt lat="51.4615650" lon="-0.3150140">
    <ele>4.8</ele>
    <time>2026-05-16T10:14:55Z</time>
   </trkpt>
   <trkpt lat="51.4615550" lon="-0.3149980">
    <ele>4.8</ele>
    <time>2026-05-16T10:14:56Z</time>
   </trkpt>
   <trkpt lat="51.4615430" lon="-0.3149850">
    <ele>4.8</ele>
    <time>2026-05-16T10:14:57Z</time>
   </trkpt>
   <trkpt lat="51.4615320" lon="-0.3149740">
    <ele>4.8</ele>
    <time>2026-05-16T10:14:58Z</time>
   </trkpt>
   <trkpt lat="51.4615190" lon="-0.3149570">
    <ele>4.8</ele>
    <time>2026-05-16T10:14:59Z</time>
   </trkpt>
   <trkpt lat="51.4615110" lon="-0.3149370">
    <ele>4.8</ele>
    <time>2026-05-16T10:15:00Z</time>
   </trkpt>
   <trkpt lat="51.4615030" lon="-0.3149240">
    <ele>4.8</ele>
    <time>2026-05-16T10:15:01Z</time>
   </trkpt>
   <trkpt lat="51.4615000" lon="-0.3149110">
    <ele>4.8</ele>
    <time>2026-05-16T10:15:02Z</time>
   </trkpt>
   <trkpt lat="51.4614890" lon="-0.3148930">
    <ele>4.8</ele>
    <time>2026-05-16T10:15:03Z</time>
   </trkpt>
   <trkpt lat="51.4614750" lon="-0.3148730">
    <ele>4.8</ele>
    <time>2026-05-16T10:15:04Z</time>
   </trkpt>
   <trkpt lat="51.4614640" lon="-0.3148610">
    <ele>4.8</ele>
    <time>2026-05-16T10:15:05Z</time>
   </trkpt>
   <trkpt lat="51.4614510" lon="-0.3148420">
    <ele>4.8</ele>
    <time>2026-05-16T10:15:06Z</time>
   </trkpt>
   <trkpt lat="51.4614400" lon="-0.3148270">
    <ele>4.8</ele>
    <time>2026-05-16T10:15:07Z</time>
   </trkpt>
   <trkpt lat="51.4614310" lon="-0.3148170">
    <ele>4.8</ele>
    <time>2026-05-16T10:15:08Z</time>
   </trkpt>
   <trkpt lat="51.4614250" lon="-0.3148100">
    <ele>4.8</ele>
    <time>2026-05-16T10:15:09Z</time>
   </trkpt>
   <trkpt lat="51.4614180" lon="-0.3148010">
    <ele>4.8</ele>
    <time>2026-05-16T10:15:10Z</time>
   </trkpt>
   <trkpt lat="51.4614080" lon="-0.3147900">
    <ele>4.8</ele>
    <time>2026-05-16T10:15:11Z</time>
   </trkpt>
   <trkpt lat="51.4613980" lon="-0.3147750">
    <ele>4.8</ele>
    <time>2026-05-16T10:15:12Z</time>
   </trkpt>
   <trkpt lat="51.4613840" lon="-0.3147560">
    <ele>4.8</ele>
    <time>2026-05-16T10:15:13Z</time>
   </trkpt>
   <trkpt lat="51.4613700" lon="-0.3147380">
    <ele>4.8</ele>
    <time>2026-05-16T10:15:14Z</time>
   </trkpt>
   <trkpt lat="51.4613580" lon="-0.3147200">
    <ele>4.8</ele>
    <time>2026-05-16T10:15:15Z</time>
   </trkpt>
   <trkpt lat="51.4613470" lon="-0.3147010">
    <ele>4.9</ele>
    <time>2026-05-16T10:15:16Z</time>
   </trkpt>
   <trkpt lat="51.4613370" lon="-0.3146820">
    <ele>4.9</ele>
    <time>2026-05-16T10:15:17Z</time>
   </trkpt>
   <trkpt lat="51.4613260" lon="-0.3146650">
    <ele>4.9</ele>
    <time>2026-05-16T10:15:18Z</time>
   </trkpt>
   <trkpt lat="51.4613140" lon="-0.3146510">
    <ele>4.9</ele>
    <time>2026-05-16T10:15:19Z</time>
   </trkpt>
   <trkpt lat="51.4613040" lon="-0.3146350">
    <ele>4.9</ele>
    <time>2026-05-16T10:15:20Z</time>
   </trkpt>
   <trkpt lat="51.4612970" lon="-0.3146130">
    <ele>4.9</ele>
    <time>2026-05-16T10:15:21Z</time>
   </trkpt>
   <trkpt lat="51.4612870" lon="-0.3146000">
    <ele>4.9</ele>
    <time>2026-05-16T10:15:22Z</time>
   </trkpt>
   <trkpt lat="51.4612760" lon="-0.3145830">
    <ele>4.9</ele>
    <time>2026-05-16T10:15:23Z</time>
   </trkpt>
   <trkpt lat="51.4612700" lon="-0.3145730">
    <ele>4.9</ele>
    <time>2026-05-16T10:15:24Z</time>
   </trkpt>
   <trkpt lat="51.4612630" lon="-0.3145640">
    <ele>4.9</ele>
    <time>2026-05-16T10:15:25Z</time>
   </trkpt>
   <trkpt lat="51.4612570" lon="-0.3145550">
    <ele>4.9</ele>
    <time>2026-05-16T10:15:26Z</time>
   </trkpt>
   <trkpt lat="51.4612450" lon="-0.3145440">
    <ele>4.9</ele>
    <time>2026-05-16T10:15:27Z</time>
   </trkpt>
   <trkpt lat="51.4612310" lon="-0.3145280">
    <ele>4.9</ele>
    <time>2026-05-16T10:15:28Z</time>
   </trkpt>
   <trkpt lat="51.4612180" lon="-0.3145090">
    <ele>4.9</ele>
    <time>2026-05-16T10:15:29Z</time>
   </trkpt>
   <trkpt lat="51.4612070" lon="-0.3144980">
    <ele>4.9</ele>
    <time>2026-05-16T10:15:30Z</time>
   </trkpt>
   <trkpt lat="51.4611980" lon="-0.3144850">
    <ele>4.9</ele>
    <time>2026-05-16T10:15:31Z</time>
   </trkpt>
   <trkpt lat="51.4611910" lon="-0.3144740">
    <ele>4.9</ele>
    <time>2026-05-16T10:15:32Z</time>
   </trkpt>
   <trkpt lat="51.4611910" lon="-0.3144610">
    <ele>4.9</ele>
    <time>2026-05-16T10:15:33Z</time>
   </trkpt>
   <trkpt lat="51.4611870" lon="-0.3144450">
    <ele>4.9</ele>
    <time>2026-05-16T10:15:34Z</time>
   </trkpt>
   <trkpt lat="51.4611690" lon="-0.3144270">
    <ele>4.9</ele>
    <time>2026-05-16T10:15:35Z</time>
   </trkpt>
   <trkpt lat="51.4611550" lon="-0.3144190">
    <ele>4.9</ele>
    <time>2026-05-16T10:15:36Z</time>
   </trkpt>
   <trkpt lat="51.4611430" lon="-0.3144050">
    <ele>4.9</ele>
    <time>2026-05-16T10:15:37Z</time>
   </trkpt>
   <trkpt lat="51.4611320" lon="-0.3143910">
    <ele>4.9</ele>
    <time>2026-05-16T10:15:38Z</time>
   </trkpt>
   <trkpt lat="51.4611220" lon="-0.3143780">
    <ele>4.9</ele>
    <time>2026-05-16T10:15:39Z</time>
   </trkpt>
   <trkpt lat="51.4611130" lon="-0.3143640">
    <ele>4.9</ele>
    <time>2026-05-16T10:15:40Z</time>
   </trkpt>
   <trkpt lat="51.4611050" lon="-0.3143420">
    <ele>4.9</ele>
    <time>2026-05-16T10:15:41Z</time>
   </trkpt>
   <trkpt lat="51.4610890" lon="-0.3143200">
    <ele>4.9</ele>
    <time>2026-05-16T10:15:42Z</time>
   </trkpt>
   <trkpt lat="51.4610820" lon="-0.3143090">
    <ele>4.9</ele>
    <time>2026-05-16T10:15:43Z</time>
   </trkpt>
   <trkpt lat="51.4610760" lon="-0.3142990">
    <ele>4.9</ele>
    <time>2026-05-16T10:15:44Z</time>
   </trkpt>
   <trkpt lat="51.4610660" lon="-0.3142850">
    <ele>4.9</ele>
    <time>2026-05-16T10:15:45Z</time>
   </trkpt>
   <trkpt lat="51.4610550" lon="-0.3142710">
    <ele>4.9</ele>
    <time>2026-05-16T10:15:46Z</time>
   </trkpt>
   <trkpt lat="51.4610450" lon="-0.3142610">
    <ele>4.9</ele>
    <time>2026-05-16T10:15:47Z</time>
   </trkpt>
   <trkpt lat="51.4610360" lon="-0.3142470">
    <ele>4.9</ele>
    <time>2026-05-16T10:15:48Z</time>
   </trkpt>
   <trkpt lat="51.4610280" lon="-0.3142340">
    <ele>4.9</ele>
    <time>2026-05-16T10:15:49Z</time>
   </trkpt>
   <trkpt lat="51.4610170" lon="-0.3142210">
    <ele>4.9</ele>
    <time>2026-05-16T10:15:50Z</time>
   </trkpt>
   <trkpt lat="51.4610070" lon="-0.3142070">
    <ele>4.9</ele>
    <time>2026-05-16T10:15:51Z</time>
   </trkpt>
   <trkpt lat="51.4609920" lon="-0.3141830">
    <ele>5.0</ele>
    <time>2026-05-16T10:15:52Z</time>
   </trkpt>
   <trkpt lat="51.4609860" lon="-0.3141730">
    <ele>5.0</ele>
    <time>2026-05-16T10:15:53Z</time>
   </trkpt>
   <trkpt lat="51.4609810" lon="-0.3141630">
    <ele>5.0</ele>
    <time>2026-05-16T10:15:54Z</time>
   </trkpt>
   <trkpt lat="51.4609730" lon="-0.3141480">
    <ele>5.0</ele>
    <time>2026-05-16T10:15:55Z</time>
   </trkpt>
   <trkpt lat="51.4609660" lon="-0.3141370">
    <ele>5.0</ele>
    <time>2026-05-16T10:15:56Z</time>
   </trkpt>
   <trkpt lat="51.4609600" lon="-0.3141260">
    <ele>5.0</ele>
    <time>2026-05-16T10:15:57Z</time>
   </trkpt>
   <trkpt lat="51.4609540" lon="-0.3141150">
    <ele>5.0</ele>
    <time>2026-05-16T10:15:58Z</time>
   </trkpt>
   <trkpt lat="51.4609470" lon="-0.3141000">
    <ele>5.0</ele>
    <time>2026-05-16T10:15:59Z</time>
   </trkpt>
   <trkpt lat="51.4609400" lon="-0.3140890">
    <ele>5.0</ele>
    <time>2026-05-16T10:16:00Z</time>
   </trkpt>
   <trkpt lat="51.4609230" lon="-0.3140720">
    <ele>5.0</ele>
    <time>2026-05-16T10:16:01Z</time>
   </trkpt>
   <trkpt lat="51.4609200" lon="-0.3140590">
    <ele>5.0</ele>
    <time>2026-05-16T10:16:02Z</time>
   </trkpt>
   <trkpt lat="51.4609120" lon="-0.3140450">
    <ele>5.0</ele>
    <time>2026-05-16T10:16:03Z</time>
   </trkpt>
   <trkpt lat="51.4609040" lon="-0.3140350">
    <ele>5.0</ele>
    <time>2026-05-16T10:16:04Z</time>
   </trkpt>
   <trkpt lat="51.4608990" lon="-0.3140240">
    <ele>5.0</ele>
    <time>2026-05-16T10:16:05Z</time>
   </trkpt>
   <trkpt lat="51.4608870" lon="-0.3140060">
    <ele>5.0</ele>
    <time>2026-05-16T10:16:06Z</time>
   </trkpt>
   <trkpt lat="51.4608810" lon="-0.3139970">
    <ele>5.0</ele>
    <time>2026-05-16T10:16:07Z</time>
   </trkpt>
   <trkpt lat="51.4608760" lon="-0.3139890">
    <ele>5.0</ele>
    <time>2026-05-16T10:16:08Z</time>
   </trkpt>
   <trkpt lat="51.4608710" lon="-0.3139800">
    <ele>5.0</ele>
    <time>2026-05-16T10:16:09Z</time>
   </trkpt>
   <trkpt lat="51.4608680" lon="-0.3139700">
    <ele>5.0</ele>
    <time>2026-05-16T10:16:10Z</time>
   </trkpt>
   <trkpt lat="51.4608600" lon="-0.3139550">
    <ele>5.0</ele>
    <time>2026-05-16T10:16:11Z</time>
   </trkpt>
   <trkpt lat="51.4608380" lon="-0.3139200">
    <ele>5.0</ele>
    <time>2026-05-16T10:16:12Z</time>
   </trkpt>
   <trkpt lat="51.4608300" lon="-0.3139100">
    <ele>5.0</ele>
    <time>2026-05-16T10:16:13Z</time>
   </trkpt>
   <trkpt lat="51.4608220" lon="-0.3138880">
    <ele>5.0</ele>
    <time>2026-05-16T10:16:14Z</time>
   </trkpt>
   <trkpt lat="51.4608160" lon="-0.3138690">
    <ele>5.0</ele>
    <time>2026-05-16T10:16:15Z</time>
   </trkpt>
   <trkpt lat="51.4608100" lon="-0.3138530">
    <ele>5.0</ele>
    <time>2026-05-16T10:16:16Z</time>
   </trkpt>
   <trkpt lat="51.4608040" lon="-0.3138410">
    <ele>5.0</ele>
    <time>2026-05-16T10:16:17Z</time>
   </trkpt>
   <trkpt lat="51.4607960" lon="-0.3138280">
    <ele>5.0</ele>
    <time>2026-05-16T10:16:18Z</time>
   </trkpt>
   <trkpt lat="51.4607820" lon="-0.3138010">
    <ele>5.0</ele>
    <time>2026-05-16T10:16:19Z</time>
   </trkpt>
   <trkpt lat="51.4607770" lon="-0.3137900">
    <ele>5.0</ele>
    <time>2026-05-16T10:16:20Z</time>
   </trkpt>
   <trkpt lat="51.4607710" lon="-0.3137800">
    <ele>5.0</ele>
    <time>2026-05-16T10:16:21Z</time>
   </trkpt>
   <trkpt lat="51.4607470" lon="-0.3137540">
    <ele>5.0</ele>
    <time>2026-05-16T10:16:22Z</time>
   </trkpt>
   <trkpt lat="51.4607390" lon="-0.3137480">
    <ele>5.0</ele>
    <time>2026-05-16T10:16:23Z</time>
   </trkpt>
   <trkpt lat="51.4607130" lon="-0.3137380">
    <ele>5.0</ele>
    <time>2026-05-16T10:16:24Z</time>
   </trkpt>
   <trkpt lat="51.4607060" lon="-0.3137320">
    <ele>5.0</ele>
    <time>2026-05-16T10:16:25Z</time>
   </trkpt>
   <trkpt lat="51.4606980" lon="-0.3137270">
    <ele>5.0</ele>
    <time>2026-05-16T10:16:26Z</time>
   </trkpt>
   <trkpt lat="51.4606990" lon="-0.3137160">
    <ele>5.0</ele>
    <time>2026-05-16T10:16:27Z</time>
   </trkpt>
   <trkpt lat="51.4606890" lon="-0.3136980">
    <ele>5.0</ele>
    <time>2026-05-16T10:16:28Z</time>
   </trkpt>
   <trkpt lat="51.4606870" lon="-0.3136880">
    <ele>5.0</ele>
    <time>2026-05-16T10:16:29Z</time>
   </trkpt>
   <trkpt lat="51.4606860" lon="-0.3136800">
    <ele>5.0</ele>
    <time>2026-05-16T10:16:30Z</time>
   </trkpt>
   <trkpt lat="51.4606790" lon="-0.3136590">
    <ele>5.0</ele>
    <time>2026-05-16T10:16:31Z</time>
   </trkpt>
   <trkpt lat="51.4606650" lon="-0.3136440">
    <ele>5.0</ele>
    <time>2026-05-16T10:16:32Z</time>
   </trkpt>
   <trkpt lat="51.4606460" lon="-0.3136080">
    <ele>5.0</ele>
    <time>2026-05-16T10:16:33Z</time>
   </trkpt>
   <trkpt lat="51.4606370" lon="-0.3135950">
    <ele>5.0</ele>
    <time>2026-05-16T10:16:34Z</time>
   </trkpt>
   <trkpt lat="51.4606280" lon="-0.3135720">
    <ele>5.0</ele>
    <time>2026-05-16T10:16:35Z</time>
   </trkpt>
   <trkpt lat="51.4606210" lon="-0.3135490">
    <ele>5.0</ele>
    <time>2026-05-16T10:16:36Z</time>
   </trkpt>
   <trkpt lat="51.4606140" lon="-0.3135260">
    <ele>5.0</ele>
    <time>2026-05-16T10:16:37Z</time>
   </trkpt>
   <trkpt lat="51.4606100" lon="-0.3135030">
    <ele>5.0</ele>
    <time>2026-05-16T10:16:38Z</time>
   </trkpt>
   <trkpt lat="51.4606050" lon="-0.3134890">
    <ele>5.0</ele>
    <time>2026-05-16T10:16:39Z</time>
   </trkpt>
   <trkpt lat="51.4606010" lon="-0.3134700">
    <ele>5.0</ele>
    <time>2026-05-16T10:16:40Z</time>
   </trkpt>
   <trkpt lat="51.4605960" lon="-0.3134540">
    <ele>5.0</ele>
    <time>2026-05-16T10:16:41Z</time>
   </trkpt>
   <trkpt lat="51.4605900" lon="-0.3134330">
    <ele>5.0</ele>
    <time>2026-05-16T10:16:42Z</time>
   </trkpt>
   <trkpt lat="51.4605890" lon="-0.3134180">
    <ele>5.0</ele>
    <time>2026-05-16T10:16:43Z</time>
   </trkpt>
   <trkpt lat="51.4605870" lon="-0.3133990">
    <ele>5.0</ele>
    <time>2026-05-16T10:16:44Z</time>
   </trkpt>
   <trkpt lat="51.4605820" lon="-0.3133660">
    <ele>5.1</ele>
    <time>2026-05-16T10:16:45Z</time>
   </trkpt>
   <trkpt lat="51.4605800" lon="-0.3133540">
    <ele>5.1</ele>
    <time>2026-05-16T10:16:46Z</time>
   </trkpt>
   <trkpt lat="51.4605770" lon="-0.3133410">
    <ele>5.1</ele>
    <time>2026-05-16T10:16:47Z</time>
   </trkpt>
   <trkpt lat="51.4605720" lon="-0.3133160">
    <ele>5.1</ele>
    <time>2026-05-16T10:16:48Z</time>
   </trkpt>
   <trkpt lat="51.4605650" lon="-0.3132940">
    <ele>5.1</ele>
    <time>2026-05-16T10:16:49Z</time>
   </trkpt>
   <trkpt lat="51.4605610" lon="-0.3132790">
    <ele>5.1</ele>
    <time>2026-05-16T10:16:50Z</time>
   </trkpt>
   <trkpt lat="51.4605540" lon="-0.3132630">
    <ele>5.1</ele>
    <time>2026-05-16T10:16:51Z</time>
   </trkpt>
   <trkpt lat="51.4605500" lon="-0.3132500">
    <ele>5.1</ele>
    <time>2026-05-16T10:16:52Z</time>
   </trkpt>
   <trkpt lat="51.4605430" lon="-0.3132350">
    <ele>5.1</ele>
    <time>2026-05-16T10:16:53Z</time>
   </trkpt>
   <trkpt lat="51.4605330" lon="-0.3132130">
    <ele>5.1</ele>
    <time>2026-05-16T10:16:54Z</time>
   </trkpt>
   <trkpt lat="51.4605220" lon="-0.3132020">
    <ele>5.1</ele>
    <time>2026-05-16T10:16:55Z</time>
   </trkpt>
   <trkpt lat="51.4605070" lon="-0.3131770">
    <ele>5.1</ele>
    <time>2026-05-16T10:16:56Z</time>
   </trkpt>
   <trkpt lat="51.4604990" lon="-0.3131590">
    <ele>5.1</ele>
    <time>2026-05-16T10:16:57Z</time>
   </trkpt>
   <trkpt lat="51.4604920" lon="-0.3131430">
    <ele>5.1</ele>
    <time>2026-05-16T10:16:58Z</time>
   </trkpt>
   <trkpt lat="51.4604890" lon="-0.3131360">
    <ele>5.1</ele>
    <time>2026-05-16T10:16:59Z</time>
   </trkpt>
   <trkpt lat="51.4604870" lon="-0.3131220">
    <ele>5.1</ele>
    <time>2026-05-16T10:17:00Z</time>
   </trkpt>
   <trkpt lat="51.4604860" lon="-0.3131050">
    <ele>5.1</ele>
    <time>2026-05-16T10:17:01Z</time>
   </trkpt>
   <trkpt lat="51.4604820" lon="-0.3130940">
    <ele>5.1</ele>
    <time>2026-05-16T10:17:02Z</time>
   </trkpt>
   <trkpt lat="51.4604730" lon="-0.3130670">
    <ele>5.1</ele>
    <time>2026-05-16T10:17:03Z</time>
   </trkpt>
   <trkpt lat="51.4604690" lon="-0.3130540">
    <ele>5.1</ele>
    <time>2026-05-16T10:17:04Z</time>
   </trkpt>
   <trkpt lat="51.4604650" lon="-0.3130420">
    <ele>5.0</ele>
    <time>2026-05-16T10:17:05Z</time>
   </trkpt>
   <trkpt lat="51.4604520" lon="-0.3130140">
    <ele>5.0</ele>
    <time>2026-05-16T10:17:06Z</time>
   </trkpt>
   <trkpt lat="51.4604480" lon="-0.3130030">
    <ele>5.0</ele>
    <time>2026-05-16T10:17:07Z</time>
   </trkpt>
   <trkpt lat="51.4604430" lon="-0.3129930">
    <ele>5.0</ele>
    <time>2026-05-16T10:17:08Z</time>
   </trkpt>
   <trkpt lat="51.4604320" lon="-0.3129800">
    <ele>5.0</ele>
    <time>2026-05-16T10:17:09Z</time>
   </trkpt>
   <trkpt lat="51.4604250" lon="-0.3129680">
    <ele>5.0</ele>
    <time>2026-05-16T10:17:10Z</time>
   </trkpt>
   <trkpt lat="51.4604140" lon="-0.3129610">
    <ele>5.0</ele>
    <time>2026-05-16T10:17:11Z</time>
   </trkpt>
   <trkpt lat="51.4604120" lon="-0.3129460">
    <ele>4.9</ele>
    <time>2026-05-16T10:17:12Z</time>
   </trkpt>
   <trkpt lat="51.4604060" lon="-0.3129440">
    <ele>4.9</ele>
    <time>2026-05-16T10:17:13Z</time>
   </trkpt>
   <trkpt lat="51.4603940" lon="-0.3129220">
    <ele>4.9</ele>
    <time>2026-05-16T10:17:14Z</time>
   </trkpt>
   <trkpt lat="51.4603730" lon="-0.3128850">
    <ele>4.8</ele>
    <time>2026-05-16T10:17:15Z</time>
   </trkpt>
   <trkpt lat="51.4603680" lon="-0.3128750">
    <ele>4.8</ele>
    <time>2026-05-16T10:17:16Z</time>
   </trkpt>
   <trkpt lat="51.4603580" lon="-0.3128590">
    <ele>4.8</ele>
    <time>2026-05-16T10:17:17Z</time>
   </trkpt>
   <trkpt lat="51.4603470" lon="-0.3128430">
    <ele>4.8</ele>
    <time>2026-05-16T10:17:18Z</time>
   </trkpt>
   <trkpt lat="51.4603350" lon="-0.3128210">
    <ele>4.7</ele>
    <time>2026-05-16T10:17:19Z</time>
   </trkpt>
   <trkpt lat="51.4603270" lon="-0.3128050">
    <ele>4.7</ele>
    <time>2026-05-16T10:17:20Z</time>
   </trkpt>
   <trkpt lat="51.4603210" lon="-0.3127790">
    <ele>4.7</ele>
    <time>2026-05-16T10:17:21Z</time>
   </trkpt>
   <trkpt lat="51.4603120" lon="-0.3127590">
    <ele>4.6</ele>
    <time>2026-05-16T10:17:22Z</time>
   </trkpt>
   <trkpt lat="51.4603030" lon="-0.3127370">
    <ele>4.6</ele>
    <time>2026-05-16T10:17:23Z</time>
   </trkpt>
   <trkpt lat="51.4602930" lon="-0.3127180">
    <ele>4.6</ele>
    <time>2026-05-16T10:17:24Z</time>
   </trkpt>
   <trkpt lat="51.4602860" lon="-0.3126990">
    <ele>4.5</ele>
    <time>2026-05-16T10:17:25Z</time>
   </trkpt>
   <trkpt lat="51.4602750" lon="-0.3126780">
    <ele>4.5</ele>
    <time>2026-05-16T10:17:26Z</time>
   </trkpt>
   <trkpt lat="51.4602680" lon="-0.3126580">
    <ele>4.5</ele>
    <time>2026-05-16T10:17:27Z</time>
   </trkpt>
   <trkpt lat="51.4602590" lon="-0.3126390">
    <ele>4.5</ele>
    <time>2026-05-16T10:17:28Z</time>
   </trkpt>
   <trkpt lat="51.4602480" lon="-0.3126080">
    <ele>4.5</ele>
    <time>2026-05-16T10:17:29Z</time>
   </trkpt>
   <trkpt lat="51.4602440" lon="-0.3125950">
    <ele>4.5</ele>
    <time>2026-05-16T10:17:30Z</time>
   </trkpt>
   <trkpt lat="51.4602390" lon="-0.3125820">
    <ele>4.5</ele>
    <time>2026-05-16T10:17:31Z</time>
   </trkpt>
   <trkpt lat="51.4602310" lon="-0.3125620">
    <ele>4.5</ele>
    <time>2026-05-16T10:17:32Z</time>
   </trkpt>
   <trkpt lat="51.4602230" lon="-0.3125420">
    <ele>4.5</ele>
    <time>2026-05-16T10:17:33Z</time>
   </trkpt>
   <trkpt lat="51.4602170" lon="-0.3125230">
    <ele>4.5</ele>
    <time>2026-05-16T10:17:34Z</time>
   </trkpt>
   <trkpt lat="51.4602090" lon="-0.3125050">
    <ele>4.5</ele>
    <time>2026-05-16T10:17:35Z</time>
   </trkpt>
   <trkpt lat="51.4602000" lon="-0.3124770">
    <ele>4.5</ele>
    <time>2026-05-16T10:17:36Z</time>
   </trkpt>
   <trkpt lat="51.4601950" lon="-0.3124650">
    <ele>4.5</ele>
    <time>2026-05-16T10:17:37Z</time>
   </trkpt>
   <trkpt lat="51.4601900" lon="-0.3124540">
    <ele>4.5</ele>
    <time>2026-05-16T10:17:38Z</time>
   </trkpt>
   <trkpt lat="51.4601800" lon="-0.3124240">
    <ele>4.5</ele>
    <time>2026-05-16T10:17:39Z</time>
   </trkpt>
   <trkpt lat="51.4601750" lon="-0.3124120">
    <ele>4.5</ele>
    <time>2026-05-16T10:17:40Z</time>
   </trkpt>
   <trkpt lat="51.4601710" lon="-0.3124000">
    <ele>4.5</ele>
    <time>2026-05-16T10:17:41Z</time>
   </trkpt>
   <trkpt lat="51.4601610" lon="-0.3123710">
    <ele>4.5</ele>
    <time>2026-05-16T10:17:42Z</time>
   </trkpt>
   <trkpt lat="51.4601570" lon="-0.3123580">
    <ele>4.5</ele>
    <time>2026-05-16T10:17:43Z</time>
   </trkpt>
   <trkpt lat="51.4601540" lon="-0.3123460">
    <ele>4.5</ele>
    <time>2026-05-16T10:17:44Z</time>
   </trkpt>
   <trkpt lat="51.4601520" lon="-0.3123280">
    <ele>4.5</ele>
    <time>2026-05-16T10:17:45Z</time>
   </trkpt>
   <trkpt lat="51.4601460" lon="-0.3123110">
    <ele>4.5</ele>
    <time>2026-05-16T10:17:46Z</time>
   </trkpt>
   <trkpt lat="51.4601400" lon="-0.3122940">
    <ele>4.5</ele>
    <time>2026-05-16T10:17:47Z</time>
   </trkpt>
   <trkpt lat="51.4601280" lon="-0.3122670">
    <ele>4.5</ele>
    <time>2026-05-16T10:17:48Z</time>
   </trkpt>
   <trkpt lat="51.4601240" lon="-0.3122550">
    <ele>4.5</ele>
    <time>2026-05-16T10:17:49Z</time>
   </trkpt>
   <trkpt lat="51.4601190" lon="-0.3122440">
    <ele>4.5</ele>
    <time>2026-05-16T10:17:50Z</time>
   </trkpt>
   <trkpt lat="51.4601090" lon="-0.3122130">
    <ele>4.5</ele>
    <time>2026-05-16T10:17:51Z</time>
   </trkpt>
   <trkpt lat="51.4601050" lon="-0.3121990">
    <ele>4.5</ele>
    <time>2026-05-16T10:17:52Z</time>
   </trkpt>
   <trkpt lat="51.4601020" lon="-0.3121860">
    <ele>4.5</ele>
    <time>2026-05-16T10:17:53Z</time>
   </trkpt>
   <trkpt lat="51.4600970" lon="-0.3121620">
    <ele>4.5</ele>
    <time>2026-05-16T10:17:54Z</time>
   </trkpt>
   <trkpt lat="51.4600900" lon="-0.3121420">
    <ele>4.5</ele>
    <time>2026-05-16T10:17:55Z</time>
   </trkpt>
   <trkpt lat="51.4600830" lon="-0.3121110">
    <ele>4.5</ele>
    <time>2026-05-16T10:17:56Z</time>
   </trkpt>
   <trkpt lat="51.4600810" lon="-0.3120960">
    <ele>4.5</ele>
    <time>2026-05-16T10:17:57Z</time>
   </trkpt>
   <trkpt lat="51.4600780" lon="-0.3120820">
    <ele>4.5</ele>
    <time>2026-05-16T10:17:58Z</time>
   </trkpt>
   <trkpt lat="51.4600700" lon="-0.3120490">
    <ele>4.5</ele>
    <time>2026-05-16T10:17:59Z</time>
   </trkpt>
   <trkpt lat="51.4600680" lon="-0.3120360">
    <ele>4.5</ele>
    <time>2026-05-16T10:18:00Z</time>
   </trkpt>
   <trkpt lat="51.4600650" lon="-0.3120220">
    <ele>4.5</ele>
    <time>2026-05-16T10:18:01Z</time>
   </trkpt>
   <trkpt lat="51.4600580" lon="-0.3120060">
    <ele>4.5</ele>
    <time>2026-05-16T10:18:02Z</time>
   </trkpt>
   <trkpt lat="51.4600560" lon="-0.3119860">
    <ele>4.5</ele>
    <time>2026-05-16T10:18:03Z</time>
   </trkpt>
   <trkpt lat="51.4600510" lon="-0.3119700">
    <ele>4.5</ele>
    <time>2026-05-16T10:18:04Z</time>
   </trkpt>
   <trkpt lat="51.4600480" lon="-0.3119520">
    <ele>4.5</ele>
    <time>2026-05-16T10:18:05Z</time>
   </trkpt>
   <trkpt lat="51.4600470" lon="-0.3119350">
    <ele>4.5</ele>
    <time>2026-05-16T10:18:06Z</time>
   </trkpt>
   <trkpt lat="51.4600450" lon="-0.3119160">
    <ele>4.5</ele>
    <time>2026-05-16T10:18:07Z</time>
   </trkpt>
   <trkpt lat="51.4600380" lon="-0.3118820">
    <ele>4.4</ele>
    <time>2026-05-16T10:18:08Z</time>
   </trkpt>
   <trkpt lat="51.4600340" lon="-0.3118700">
    <ele>4.4</ele>
    <time>2026-05-16T10:18:09Z</time>
   </trkpt>
   <trkpt lat="51.4600310" lon="-0.3118580">
    <ele>4.4</ele>
    <time>2026-05-16T10:18:10Z</time>
   </trkpt>
   <trkpt lat="51.4600190" lon="-0.3118280">
    <ele>4.4</ele>
    <time>2026-05-16T10:18:11Z</time>
   </trkpt>
   <trkpt lat="51.4600140" lon="-0.3118170">
    <ele>4.4</ele>
    <time>2026-05-16T10:18:12Z</time>
   </trkpt>
   <trkpt lat="51.4600080" lon="-0.3118060">
    <ele>4.4</ele>
    <time>2026-05-16T10:18:13Z</time>
   </trkpt>
   <trkpt lat="51.4599980" lon="-0.3117860">
    <ele>4.4</ele>
    <time>2026-05-16T10:18:14Z</time>
   </trkpt>
   <trkpt lat="51.4599930" lon="-0.3117670">
    <ele>4.4</ele>
    <time>2026-05-16T10:18:15Z</time>
   </trkpt>
   <trkpt lat="51.4599820" lon="-0.3117380">
    <ele>4.4</ele>
    <time>2026-05-16T10:18:16Z</time>
   </trkpt>
   <trkpt lat="51.4599800" lon="-0.3117250">
    <ele>4.4</ele>
    <time>2026-05-16T10:18:17Z</time>
   </trkpt>
   <trkpt lat="51.4599770" lon="-0.3117130">
    <ele>4.4</ele>
    <time>2026-05-16T10:18:18Z</time>
   </trkpt>
   <trkpt lat="51.4599700" lon="-0.3116930">
    <ele>4.4</ele>
    <time>2026-05-16T10:18:19Z</time>
   </trkpt>
   <trkpt lat="51.4599630" lon="-0.3116750">
    <ele>4.4</ele>
    <time>2026-05-16T10:18:20Z</time>
   </trkpt>
   <trkpt lat="51.4599550" lon="-0.3116460">
    <ele>4.4</ele>
    <time>2026-05-16T10:18:21Z</time>
   </trkpt>
   <trkpt lat="51.4599510" lon="-0.3116330">
    <ele>4.4</ele>
    <time>2026-05-16T10:18:22Z</time>
   </trkpt>
   <trkpt lat="51.4599480" lon="-0.3116210">
    <ele>4.4</ele>
    <time>2026-05-16T10:18:23Z</time>
   </trkpt>
   <trkpt lat="51.4599400" lon="-0.3115910">
    <ele>4.4</ele>
    <time>2026-05-16T10:18:24Z</time>
   </trkpt>
   <trkpt lat="51.4599350" lon="-0.3115780">
    <ele>4.4</ele>
    <time>2026-05-16T10:18:25Z</time>
   </trkpt>
   <trkpt lat="51.4599310" lon="-0.3115660">
    <ele>4.4</ele>
    <time>2026-05-16T10:18:26Z</time>
   </trkpt>
   <trkpt lat="51.4599210" lon="-0.3115350">
    <ele>4.4</ele>
    <time>2026-05-16T10:18:27Z</time>
   </trkpt>
   <trkpt lat="51.4599180" lon="-0.3115220">
    <ele>4.4</ele>
    <time>2026-05-16T10:18:28Z</time>
   </trkpt>
   <trkpt lat="51.4599140" lon="-0.3115090">
    <ele>4.4</ele>
    <time>2026-05-16T10:18:29Z</time>
   </trkpt>
   <trkpt lat="51.4599050" lon="-0.3114780">
    <ele>4.4</ele>
    <time>2026-05-16T10:18:30Z</time>
   </trkpt>
   <trkpt lat="51.4599000" lon="-0.3114660">
    <ele>4.4</ele>
    <time>2026-05-16T10:18:31Z</time>
   </trkpt>
   <trkpt lat="51.4598960" lon="-0.3114540">
    <ele>4.4</ele>
    <time>2026-05-16T10:18:32Z</time>
   </trkpt>
   <trkpt lat="51.4598880" lon="-0.3114210">
    <ele>4.4</ele>
    <time>2026-05-16T10:18:33Z</time>
   </trkpt>
   <trkpt lat="51.4598850" lon="-0.3114080">
    <ele>4.4</ele>
    <time>2026-05-16T10:18:34Z</time>
   </trkpt>
   <trkpt lat="51.4598810" lon="-0.3113950">
    <ele>4.4</ele>
    <time>2026-05-16T10:18:35Z</time>
   </trkpt>
   <trkpt lat="51.4598750" lon="-0.3113780">
    <ele>4.4</ele>
    <time>2026-05-16T10:18:36Z</time>
   </trkpt>
   <trkpt lat="51.4598690" lon="-0.3113620">
    <ele>4.4</ele>
    <time>2026-05-16T10:18:37Z</time>
   </trkpt>
   <trkpt lat="51.4598640" lon="-0.3113440">
    <ele>4.4</ele>
    <time>2026-05-16T10:18:38Z</time>
   </trkpt>
   <trkpt lat="51.4598570" lon="-0.3113130">
    <ele>4.4</ele>
    <time>2026-05-16T10:18:39Z</time>
   </trkpt>
   <trkpt lat="51.4598550" lon="-0.3113000">
    <ele>4.4</ele>
    <time>2026-05-16T10:18:40Z</time>
   </trkpt>
   <trkpt lat="51.4598520" lon="-0.3112870">
    <ele>4.4</ele>
    <time>2026-05-16T10:18:41Z</time>
   </trkpt>
   <trkpt lat="51.4598480" lon="-0.3112710">
    <ele>4.4</ele>
    <time>2026-05-16T10:18:42Z</time>
   </trkpt>
   <trkpt lat="51.4598420" lon="-0.3112550">
    <ele>4.4</ele>
    <time>2026-05-16T10:18:43Z</time>
   </trkpt>
   <trkpt lat="51.4598370" lon="-0.3112370">
    <ele>4.4</ele>
    <time>2026-05-16T10:18:44Z</time>
   </trkpt>
   <trkpt lat="51.4598290" lon="-0.3112070">
    <ele>4.4</ele>
    <time>2026-05-16T10:18:45Z</time>
   </trkpt>
   <trkpt lat="51.4598270" lon="-0.3111950">
    <ele>4.4</ele>
    <time>2026-05-16T10:18:46Z</time>
   </trkpt>
   <trkpt lat="51.4598240" lon="-0.3111820">
    <ele>4.4</ele>
    <time>2026-05-16T10:18:47Z</time>
   </trkpt>
   <trkpt lat="51.4598160" lon="-0.3111660">
    <ele>4.4</ele>
    <time>2026-05-16T10:18:48Z</time>
   </trkpt>
   <trkpt lat="51.4598140" lon="-0.3111470">
    <ele>4.4</ele>
    <time>2026-05-16T10:18:49Z</time>
   </trkpt>
   <trkpt lat="51.4598090" lon="-0.3111290">
    <ele>4.4</ele>
    <time>2026-05-16T10:18:50Z</time>
   </trkpt>
   <trkpt lat="51.4597980" lon="-0.3111000">
    <ele>4.4</ele>
    <time>2026-05-16T10:18:51Z</time>
   </trkpt>
   <trkpt lat="51.4597950" lon="-0.3110900">
    <ele>4.4</ele>
    <time>2026-05-16T10:18:52Z</time>
   </trkpt>
   <trkpt lat="51.4597910" lon="-0.3110790">
    <ele>4.4</ele>
    <time>2026-05-16T10:18:53Z</time>
   </trkpt>
   <trkpt lat="51.4597830" lon="-0.3110640">
    <ele>4.4</ele>
    <time>2026-05-16T10:18:54Z</time>
   </trkpt>
   <trkpt lat="51.4597760" lon="-0.3110490">
    <ele>4.4</ele>
    <time>2026-05-16T10:18:55Z</time>
   </trkpt>
   <trkpt lat="51.4597690" lon="-0.3110360">
    <ele>4.4</ele>
    <time>2026-05-16T10:18:56Z</time>
   </trkpt>
   <trkpt lat="51.4597620" lon="-0.3110220">
    <ele>4.4</ele>
    <time>2026-05-16T10:18:57Z</time>
   </trkpt>
   <trkpt lat="51.4597570" lon="-0.3110050">
    <ele>4.4</ele>
    <time>2026-05-16T10:18:58Z</time>
   </trkpt>
   <trkpt lat="51.4597520" lon="-0.3109890">
    <ele>4.4</ele>
    <time>2026-05-16T10:18:59Z</time>
   </trkpt>
   <trkpt lat="51.4597480" lon="-0.3109760">
    <ele>4.4</ele>
    <time>2026-05-16T10:19:00Z</time>
   </trkpt>
   <trkpt lat="51.4597450" lon="-0.3109660">
    <ele>4.4</ele>
    <time>2026-05-16T10:19:01Z</time>
   </trkpt>
   <trkpt lat="51.4597340" lon="-0.3109470">
    <ele>4.4</ele>
    <time>2026-05-16T10:19:02Z</time>
   </trkpt>
   <trkpt lat="51.4597220" lon="-0.3109160">
    <ele>4.4</ele>
    <time>2026-05-16T10:19:03Z</time>
   </trkpt>
   <trkpt lat="51.4597180" lon="-0.3109040">
    <ele>4.4</ele>
    <time>2026-05-16T10:19:04Z</time>
   </trkpt>
   <trkpt lat="51.4597140" lon="-0.3108920">
    <ele>4.4</ele>
    <time>2026-05-16T10:19:05Z</time>
   </trkpt>
   <trkpt lat="51.4597020" lon="-0.3108620">
    <ele>4.4</ele>
    <time>2026-05-16T10:19:06Z</time>
   </trkpt>
   <trkpt lat="51.4596970" lon="-0.3108510">
    <ele>4.4</ele>
    <time>2026-05-16T10:19:07Z</time>
   </trkpt>
   <trkpt lat="51.4596930" lon="-0.3108400">
    <ele>4.4</ele>
    <time>2026-05-16T10:19:08Z</time>
   </trkpt>
   <trkpt lat="51.4596900" lon="-0.3108230">
    <ele>4.4</ele>
    <time>2026-05-16T10:19:09Z</time>
   </trkpt>
   <trkpt lat="51.4596870" lon="-0.3108100">
    <ele>4.4</ele>
    <time>2026-05-16T10:19:10Z</time>
   </trkpt>
   <trkpt lat="51.4596790" lon="-0.3107890">
    <ele>4.4</ele>
    <time>2026-05-16T10:19:11Z</time>
   </trkpt>
   <trkpt lat="51.4596690" lon="-0.3107690">
    <ele>4.4</ele>
    <time>2026-05-16T10:19:12Z</time>
   </trkpt>
   <trkpt lat="51.4596610" lon="-0.3107510">
    <ele>4.4</ele>
    <time>2026-05-16T10:19:13Z</time>
   </trkpt>
   <trkpt lat="51.4596530" lon="-0.3107200">
    <ele>4.4</ele>
    <time>2026-05-16T10:19:14Z</time>
   </trkpt>
   <trkpt lat="51.4596480" lon="-0.3107090">
    <ele>4.4</ele>
    <time>2026-05-16T10:19:15Z</time>
   </trkpt>
   <trkpt lat="51.4596440" lon="-0.3106970">
    <ele>4.4</ele>
    <time>2026-05-16T10:19:16Z</time>
   </trkpt>
   <trkpt lat="51.4596370" lon="-0.3106770">
    <ele>4.4</ele>
    <time>2026-05-16T10:19:17Z</time>
   </trkpt>
   <trkpt lat="51.4596320" lon="-0.3106600">
    <ele>4.4</ele>
    <time>2026-05-16T10:19:18Z</time>
   </trkpt>
   <trkpt lat="51.4596290" lon="-0.3106450">
    <ele>4.4</ele>
    <time>2026-05-16T10:19:19Z</time>
   </trkpt>
   <trkpt lat="51.4596250" lon="-0.3106290">
    <ele>4.4</ele>
    <time>2026-05-16T10:19:20Z</time>
   </trkpt>
   <trkpt lat="51.4596200" lon="-0.3106150">
    <ele>4.4</ele>
    <time>2026-05-16T10:19:21Z</time>
   </trkpt>
   <trkpt lat="51.4596150" lon="-0.3105980">
    <ele>4.4</ele>
    <time>2026-05-16T10:19:22Z</time>
   </trkpt>
   <trkpt lat="51.4596060" lon="-0.3105660">
    <ele>4.4</ele>
    <time>2026-05-16T10:19:23Z</time>
   </trkpt>
   <trkpt lat="51.4596020" lon="-0.3105550">
    <ele>4.4</ele>
    <time>2026-05-16T10:19:24Z</time>
   </trkpt>
   <trkpt lat="51.4595990" lon="-0.3105430">
    <ele>4.4</ele>
    <time>2026-05-16T10:19:25Z</time>
   </trkpt>
   <trkpt lat="51.4595970" lon="-0.3105230">
    <ele>4.4</ele>
    <time>2026-05-16T10:19:26Z</time>
   </trkpt>
   <trkpt lat="51.4595960" lon="-0.3105090">
    <ele>4.4</ele>
    <time>2026-05-16T10:19:27Z</time>
   </trkpt>
   <trkpt lat="51.4595890" lon="-0.3104880">
    <ele>4.4</ele>
    <time>2026-05-16T10:19:28Z</time>
   </trkpt>
   <trkpt lat="51.4595780" lon="-0.3104610">
    <ele>4.3</ele>
    <time>2026-05-16T10:19:29Z</time>
   </trkpt>
   <trkpt lat="51.4595740" lon="-0.3104480">
    <ele>4.3</ele>
    <time>2026-05-16T10:19:30Z</time>
   </trkpt>
   <trkpt lat="51.4595690" lon="-0.3104350">
    <ele>4.3</ele>
    <time>2026-05-16T10:19:31Z</time>
   </trkpt>
   <trkpt lat="51.4595610" lon="-0.3104150">
    <ele>4.3</ele>
    <time>2026-05-16T10:19:32Z</time>
   </trkpt>
   <trkpt lat="51.4595530" lon="-0.3103950">
    <ele>4.3</ele>
    <time>2026-05-16T10:19:33Z</time>
   </trkpt>
   <trkpt lat="51.4595490" lon="-0.3103740">
    <ele>4.3</ele>
    <time>2026-05-16T10:19:34Z</time>
   </trkpt>
   <trkpt lat="51.4595430" lon="-0.3103580">
    <ele>4.3</ele>
    <time>2026-05-16T10:19:35Z</time>
   </trkpt>
   <trkpt lat="51.4595360" lon="-0.3103460">
    <ele>4.3</ele>
    <time>2026-05-16T10:19:36Z</time>
   </trkpt>
   <trkpt lat="51.4595260" lon="-0.3103190">
    <ele>4.3</ele>
    <time>2026-05-16T10:19:37Z</time>
   </trkpt>
   <trkpt lat="51.4595230" lon="-0.3103050">
    <ele>4.3</ele>
    <time>2026-05-16T10:19:38Z</time>
   </trkpt>
   <trkpt lat="51.4595190" lon="-0.3102920">
    <ele>4.3</ele>
    <time>2026-05-16T10:19:39Z</time>
   </trkpt>
   <trkpt lat="51.4595140" lon="-0.3102750">
    <ele>4.3</ele>
    <time>2026-05-16T10:19:40Z</time>
   </trkpt>
   <trkpt lat="51.4595090" lon="-0.3102590">
    <ele>4.3</ele>
    <time>2026-05-16T10:19:41Z</time>
   </trkpt>
   <trkpt lat="51.4595040" lon="-0.3102400">
    <ele>4.3</ele>
    <time>2026-05-16T10:19:42Z</time>
   </trkpt>
   <trkpt lat="51.4594930" lon="-0.3102110">
    <ele>4.3</ele>
    <time>2026-05-16T10:19:43Z</time>
   </trkpt>
   <trkpt lat="51.4594890" lon="-0.3102000">
    <ele>4.3</ele>
    <time>2026-05-16T10:19:44Z</time>
   </trkpt>
   <trkpt lat="51.4594840" lon="-0.3101880">
    <ele>4.3</ele>
    <time>2026-05-16T10:19:45Z</time>
   </trkpt>
   <trkpt lat="51.4594750" lon="-0.3101560">
    <ele>4.3</ele>
    <time>2026-05-16T10:19:46Z</time>
   </trkpt>
   <trkpt lat="51.4594710" lon="-0.3101420">
    <ele>4.3</ele>
    <time>2026-05-16T10:19:47Z</time>
   </trkpt>
   <trkpt lat="51.4594660" lon="-0.3101280">
    <ele>4.3</ele>
    <time>2026-05-16T10:19:48Z</time>
   </trkpt>
   <trkpt lat="51.4594620" lon="-0.3101130">
    <ele>4.3</ele>
    <time>2026-05-16T10:19:49Z</time>
   </trkpt>
   <trkpt lat="51.4594570" lon="-0.3100920">
    <ele>4.3</ele>
    <time>2026-05-16T10:19:50Z</time>
   </trkpt>
   <trkpt lat="51.4594560" lon="-0.3100750">
    <ele>4.3</ele>
    <time>2026-05-16T10:19:51Z</time>
   </trkpt>
   <trkpt lat="51.4594440" lon="-0.3100410">
    <ele>4.3</ele>
    <time>2026-05-16T10:19:52Z</time>
   </trkpt>
   <trkpt lat="51.4594400" lon="-0.3100310">
    <ele>4.3</ele>
    <time>2026-05-16T10:19:53Z</time>
   </trkpt>
   <trkpt lat="51.4594370" lon="-0.3100200">
    <ele>4.3</ele>
    <time>2026-05-16T10:19:54Z</time>
   </trkpt>
   <trkpt lat="51.4594300" lon="-0.3100040">
    <ele>4.3</ele>
    <time>2026-05-16T10:19:55Z</time>
   </trkpt>
   <trkpt lat="51.4594210" lon="-0.3099840">
    <ele>4.3</ele>
    <time>2026-05-16T10:19:56Z</time>
   </trkpt>
   <trkpt lat="51.4594120" lon="-0.3099540">
    <ele>4.3</ele>
    <time>2026-05-16T10:19:57Z</time>
   </trkpt>
   <trkpt lat="51.4594090" lon="-0.3099410">
    <ele>4.3</ele>
    <time>2026-05-16T10:19:58Z</time>
   </trkpt>
   <trkpt lat="51.4594050" lon="-0.3099280">
    <ele>4.3</ele>
    <time>2026-05-16T10:19:59Z</time>
   </trkpt>
   <trkpt lat="51.4593990" lon="-0.3098940">
    <ele>4.3</ele>
    <time>2026-05-16T10:20:00Z</time>
   </trkpt>
   <trkpt lat="51.4593970" lon="-0.3098810">
    <ele>4.3</ele>
    <time>2026-05-16T10:20:01Z</time>
   </trkpt>
   <trkpt lat="51.4593950" lon="-0.3098680">
    <ele>4.3</ele>
    <time>2026-05-16T10:20:02Z</time>
   </trkpt>
   <trkpt lat="51.4593880" lon="-0.3098370">
    <ele>4.3</ele>
    <time>2026-05-16T10:20:03Z</time>
   </trkpt>
   <trkpt lat="51.4593830" lon="-0.3098260">
    <ele>4.3</ele>
    <time>2026-05-16T10:20:04Z</time>
   </trkpt>
   <trkpt lat="51.4593780" lon="-0.3098150">
    <ele>4.3</ele>
    <time>2026-05-16T10:20:05Z</time>
   </trkpt>
   <trkpt lat="51.4593690" lon="-0.3097960">
    <ele>4.3</ele>
    <time>2026-05-16T10:20:06Z</time>
   </trkpt>
   <trkpt lat="51.4593620" lon="-0.3097750">
    <ele>4.3</ele>
    <time>2026-05-16T10:20:07Z</time>
   </trkpt>
   <trkpt lat="51.4593560" lon="-0.3097580">
    <ele>4.3</ele>
    <time>2026-05-16T10:20:08Z</time>
   </trkpt>
   <trkpt lat="51.4593490" lon="-0.3097360">
    <ele>4.3</ele>
    <time>2026-05-16T10:20:09Z</time>
   </trkpt>
   <trkpt lat="51.4593400" lon="-0.3097130">
    <ele>4.3</ele>
    <time>2026-05-16T10:20:10Z</time>
   </trkpt>
   <trkpt lat="51.4593360" lon="-0.3097040">
    <ele>4.3</ele>
    <time>2026-05-16T10:20:11Z</time>
   </trkpt>
   <trkpt lat="51.4593330" lon="-0.3096940">
    <ele>4.3</ele>
    <time>2026-05-16T10:20:12Z</time>
   </trkpt>
   <trkpt lat="51.4593290" lon="-0.3096850">
    <ele>4.3</ele>
    <time>2026-05-16T10:20:13Z</time>
   </trkpt>
   <trkpt lat="51.4593250" lon="-0.3096590">
    <ele>4.3</ele>
    <time>2026-05-16T10:20:14Z</time>
   </trkpt>
   <trkpt lat="51.4593260" lon="-0.3096490">
    <ele>4.3</ele>
    <time>2026-05-16T10:20:15Z</time>
   </trkpt>
   <trkpt lat="51.4593140" lon="-0.3096550">
    <ele>4.3</ele>
    <time>2026-05-16T10:20:16Z</time>
   </trkpt>
   <trkpt lat="51.4593030" lon="-0.3096500">
    <ele>4.3</ele>
    <time>2026-05-16T10:20:17Z</time>
   </trkpt>
   <trkpt lat="51.4592940" lon="-0.3096370">
    <ele>4.3</ele>
    <time>2026-05-16T10:20:18Z</time>
   </trkpt>
   <trkpt lat="51.4592860" lon="-0.3096210">
    <ele>4.3</ele>
    <time>2026-05-16T10:20:19Z</time>
   </trkpt>
   <trkpt lat="51.4592860" lon="-0.3096080">
    <ele>4.3</ele>
    <time>2026-05-16T10:20:20Z</time>
   </trkpt>
   <trkpt lat="51.4592880" lon="-0.3096070">
    <ele>4.3</ele>
    <time>2026-05-16T10:20:21Z</time>
   </trkpt>
   <trkpt lat="51.4592910" lon="-0.3096110">
    <ele>4.3</ele>
    <time>2026-05-16T10:20:22Z</time>
   </trkpt>
   <trkpt lat="51.4592910" lon="-0.3096110">
    <ele>4.3</ele>
    <time>2026-05-16T10:20:23Z</time>
   </trkpt>
   <trkpt lat="51.4592910" lon="-0.3096140">
    <ele>4.3</ele>
    <time>2026-05-16T10:20:24Z</time>
   </trkpt>
   <trkpt lat="51.4592910" lon="-0.3096170">
    <ele>4.3</ele>
    <time>2026-05-16T10:20:25Z</time>
   </trkpt>
   <trkpt lat="51.4592910" lon="-0.3096170">
    <ele>4.3</ele>
    <time>2026-05-16T10:20:26Z</time>
   </trkpt>
   <trkpt lat="51.4592900" lon="-0.3096120">
    <ele>4.3</ele>
    <time>2026-05-16T10:20:27Z</time>
   </trkpt>
   <trkpt lat="51.4592910" lon="-0.3096120">
    <ele>4.3</ele>
    <time>2026-05-16T10:20:28Z</time>
   </trkpt>
   <trkpt lat="51.4592900" lon="-0.3096090">
    <ele>4.3</ele>
    <time>2026-05-16T10:20:29Z</time>
   </trkpt>
   <trkpt lat="51.4592890" lon="-0.3096100">
    <ele>4.3</ele>
    <time>2026-05-16T10:20:30Z</time>
   </trkpt>
   <trkpt lat="51.4592870" lon="-0.3096120">
    <ele>4.3</ele>
    <time>2026-05-16T10:20:31Z</time>
   </trkpt>
   <trkpt lat="51.4592810" lon="-0.3096080">
    <ele>4.3</ele>
    <time>2026-05-16T10:20:32Z</time>
   </trkpt>
   <trkpt lat="51.4592770" lon="-0.3096080">
    <ele>4.3</ele>
    <time>2026-05-16T10:20:33Z</time>
   </trkpt>
   <trkpt lat="51.4592850" lon="-0.3096090">
    <ele>4.3</ele>
    <time>2026-05-16T10:20:34Z</time>
   </trkpt>
   <trkpt lat="51.4592820" lon="-0.3096050">
    <ele>4.3</ele>
    <time>2026-05-16T10:20:35Z</time>
   </trkpt>
   <trkpt lat="51.4592830" lon="-0.3096020">
    <ele>4.3</ele>
    <time>2026-05-16T10:20:36Z</time>
   </trkpt>
   <trkpt lat="51.4592830" lon="-0.3095960">
    <ele>4.3</ele>
    <time>2026-05-16T10:20:37Z</time>
   </trkpt>
   <trkpt lat="51.4592840" lon="-0.3095990">
    <ele>4.3</ele>
    <time>2026-05-16T10:20:38Z</time>
   </trkpt>
   <trkpt lat="51.4592860" lon="-0.3096030">
    <ele>4.3</ele>
    <time>2026-05-16T10:20:39Z</time>
   </trkpt>
   <trkpt lat="51.4592880" lon="-0.3096010">
    <ele>4.3</ele>
    <time>2026-05-16T10:20:40Z</time>
   </trkpt>
   <trkpt lat="51.4592880" lon="-0.3096030">
    <ele>4.3</ele>
    <time>2026-05-16T10:20:41Z</time>
   </trkpt>
   <trkpt lat="51.4592890" lon="-0.3096030">
    <ele>4.3</ele>
    <time>2026-05-16T10:20:42Z</time>
   </trkpt>
   <trkpt lat="51.4592890" lon="-0.3095950">
    <ele>4.3</ele>
    <time>2026-05-16T10:20:43Z</time>
   </trkpt>
   <trkpt lat="51.4592860" lon="-0.3095710">
    <ele>4.3</ele>
    <time>2026-05-16T10:20:44Z</time>
   </trkpt>
   <trkpt lat="51.4592790" lon="-0.3095620">
    <ele>4.3</ele>
    <time>2026-05-16T10:20:45Z</time>
   </trkpt>
   <trkpt lat="51.4592770" lon="-0.3095360">
    <ele>4.3</ele>
    <time>2026-05-16T10:20:46Z</time>
   </trkpt>
   <trkpt lat="51.4592760" lon="-0.3095170">
    <ele>4.3</ele>
    <time>2026-05-16T10:20:47Z</time>
   </trkpt>
   <trkpt lat="51.4592740" lon="-0.3094990">
    <ele>4.3</ele>
    <time>2026-05-16T10:20:48Z</time>
   </trkpt>
   <trkpt lat="51.4592690" lon="-0.3094830">
    <ele>4.3</ele>
    <time>2026-05-16T10:20:49Z</time>
   </trkpt>
   <trkpt lat="51.4592630" lon="-0.3094650">
    <ele>4.3</ele>
    <time>2026-05-16T10:20:50Z</time>
   </trkpt>
   <trkpt lat="51.4592540" lon="-0.3094370">
    <ele>4.3</ele>
    <time>2026-05-16T10:20:51Z</time>
   </trkpt>
   <trkpt lat="51.4592510" lon="-0.3094250">
    <ele>4.3</ele>
    <time>2026-05-16T10:20:52Z</time>
   </trkpt>
   <trkpt lat="51.4592470" lon="-0.3094130">
    <ele>4.3</ele>
    <time>2026-05-16T10:20:53Z</time>
   </trkpt>
   <trkpt lat="51.4592410" lon="-0.3093920">
    <ele>4.3</ele>
    <time>2026-05-16T10:20:54Z</time>
   </trkpt>
   <trkpt lat="51.4592330" lon="-0.3093710">
    <ele>4.3</ele>
    <time>2026-05-16T10:20:55Z</time>
   </trkpt>
   <trkpt lat="51.4592270" lon="-0.3093510">
    <ele>4.3</ele>
    <time>2026-05-16T10:20:56Z</time>
   </trkpt>
   <trkpt lat="51.4592220" lon="-0.3093290">
    <ele>4.3</ele>
    <time>2026-05-16T10:20:57Z</time>
   </trkpt>
   <trkpt lat="51.4592120" lon="-0.3092980">
    <ele>4.3</ele>
    <time>2026-05-16T10:20:58Z</time>
   </trkpt>
   <trkpt lat="51.4592070" lon="-0.3092860">
    <ele>4.3</ele>
    <time>2026-05-16T10:20:59Z</time>
   </trkpt>
   <trkpt lat="51.4592030" lon="-0.3092730">
    <ele>4.3</ele>
    <time>2026-05-16T10:21:00Z</time>
   </trkpt>
   <trkpt lat="51.4591960" lon="-0.3092550">
    <ele>4.3</ele>
    <time>2026-05-16T10:21:01Z</time>
   </trkpt>
   <trkpt lat="51.4591870" lon="-0.3092360">
    <ele>4.3</ele>
    <time>2026-05-16T10:21:02Z</time>
   </trkpt>
   <trkpt lat="51.4591760" lon="-0.3092050">
    <ele>4.3</ele>
    <time>2026-05-16T10:21:03Z</time>
   </trkpt>
   <trkpt lat="51.4591720" lon="-0.3091940">
    <ele>4.3</ele>
    <time>2026-05-16T10:21:04Z</time>
   </trkpt>
   <trkpt lat="51.4591670" lon="-0.3091820">
    <ele>4.3</ele>
    <time>2026-05-16T10:21:05Z</time>
   </trkpt>
   <trkpt lat="51.4591510" lon="-0.3091410">
    <ele>4.3</ele>
    <time>2026-05-16T10:21:06Z</time>
   </trkpt>
   <trkpt lat="51.4591460" lon="-0.3091320">
    <ele>4.3</ele>
    <time>2026-05-16T10:21:07Z</time>
   </trkpt>
   <trkpt lat="51.4591390" lon="-0.3091050">
    <ele>4.3</ele>
    <time>2026-05-16T10:21:08Z</time>
   </trkpt>
   <trkpt lat="51.4591300" lon="-0.3090940">
    <ele>4.3</ele>
    <time>2026-05-16T10:21:09Z</time>
   </trkpt>
   <trkpt lat="51.4591240" lon="-0.3090490">
    <ele>4.3</ele>
    <time>2026-05-16T10:21:10Z</time>
   </trkpt>
   <trkpt lat="51.4591140" lon="-0.3090370">
    <ele>4.3</ele>
    <time>2026-05-16T10:21:11Z</time>
   </trkpt>
   <trkpt lat="51.4591040" lon="-0.3090200">
    <ele>4.2</ele>
    <time>2026-05-16T10:21:12Z</time>
   </trkpt>
   <trkpt lat="51.4590860" lon="-0.3090030">
    <ele>4.2</ele>
    <time>2026-05-16T10:21:13Z</time>
   </trkpt>
   <trkpt lat="51.4590710" lon="-0.3089830">
    <ele>4.2</ele>
    <time>2026-05-16T10:21:14Z</time>
   </trkpt>
   <trkpt lat="51.4590620" lon="-0.3089640">
    <ele>4.2</ele>
    <time>2026-05-16T10:21:15Z</time>
   </trkpt>
   <trkpt lat="51.4590510" lon="-0.3089490">
    <ele>4.2</ele>
    <time>2026-05-16T10:21:16Z</time>
   </trkpt>
   <trkpt lat="51.4590350" lon="-0.3089310">
    <ele>4.2</ele>
    <time>2026-05-16T10:21:17Z</time>
   </trkpt>
   <trkpt lat="51.4590240" lon="-0.3089060">
    <ele>4.2</ele>
    <time>2026-05-16T10:21:18Z</time>
   </trkpt>
   <trkpt lat="51.4590180" lon="-0.3088950">
    <ele>4.1</ele>
    <time>2026-05-16T10:21:19Z</time>
   </trkpt>
   <trkpt lat="51.4590120" lon="-0.3088840">
    <ele>4.1</ele>
    <time>2026-05-16T10:21:20Z</time>
   </trkpt>
   <trkpt lat="51.4590100" lon="-0.3088640">
    <ele>4.1</ele>
    <time>2026-05-16T10:21:21Z</time>
   </trkpt>
   <trkpt lat="51.4590030" lon="-0.3088480">
    <ele>4.1</ele>
    <time>2026-05-16T10:21:22Z</time>
   </trkpt>
   <trkpt lat="51.4589950" lon="-0.3088400">
    <ele>4.1</ele>
    <time>2026-05-16T10:21:23Z</time>
   </trkpt>
   <trkpt lat="51.4589850" lon="-0.3088100">
    <ele>4.1</ele>
    <time>2026-05-16T10:21:24Z</time>
   </trkpt>
   <trkpt lat="51.4589810" lon="-0.3087990">
    <ele>4.1</ele>
    <time>2026-05-16T10:21:25Z</time>
   </trkpt>
   <trkpt lat="51.4589780" lon="-0.3087870">
    <ele>4.1</ele>
    <time>2026-05-16T10:21:26Z</time>
   </trkpt>
   <trkpt lat="51.4589670" lon="-0.3087600">
    <ele>4.1</ele>
    <time>2026-05-16T10:21:27Z</time>
   </trkpt>
   <trkpt lat="51.4589630" lon="-0.3087480">
    <ele>4.1</ele>
    <time>2026-05-16T10:21:28Z</time>
   </trkpt>
   <trkpt lat="51.4589590" lon="-0.3087360">
    <ele>4.1</ele>
    <time>2026-05-16T10:21:29Z</time>
   </trkpt>
   <trkpt lat="51.4589520" lon="-0.3087210">
    <ele>4.1</ele>
    <time>2026-05-16T10:21:30Z</time>
   </trkpt>
   <trkpt lat="51.4589440" lon="-0.3087080">
    <ele>4.1</ele>
    <time>2026-05-16T10:21:31Z</time>
   </trkpt>
   <trkpt lat="51.4589390" lon="-0.3086960">
    <ele>4.1</ele>
    <time>2026-05-16T10:21:32Z</time>
   </trkpt>
   <trkpt lat="51.4589330" lon="-0.3086820">
    <ele>4.1</ele>
    <time>2026-05-16T10:21:33Z</time>
   </trkpt>
   <trkpt lat="51.4589300" lon="-0.3086720">
    <ele>4.1</ele>
    <time>2026-05-16T10:21:34Z</time>
   </trkpt>
   <trkpt lat="51.4589230" lon="-0.3086580">
    <ele>4.1</ele>
    <time>2026-05-16T10:21:35Z</time>
   </trkpt>
   <trkpt lat="51.4589160" lon="-0.3086380">
    <ele>4.1</ele>
    <time>2026-05-16T10:21:36Z</time>
   </trkpt>
   <trkpt lat="51.4589110" lon="-0.3086280">
    <ele>4.1</ele>
    <time>2026-05-16T10:21:37Z</time>
   </trkpt>
   <trkpt lat="51.4589060" lon="-0.3086190">
    <ele>4.1</ele>
    <time>2026-05-16T10:21:38Z</time>
   </trkpt>
   <trkpt lat="51.4589010" lon="-0.3086090">
    <ele>4.1</ele>
    <time>2026-05-16T10:21:39Z</time>
   </trkpt>
   <trkpt lat="51.4588960" lon="-0.3085960">
    <ele>4.1</ele>
    <time>2026-05-16T10:21:40Z</time>
   </trkpt>
   <trkpt lat="51.4588980" lon="-0.3085890">
    <ele>4.2</ele>
    <time>2026-05-16T10:21:41Z</time>
   </trkpt>
   <trkpt lat="51.4588970" lon="-0.3085740">
    <ele>4.2</ele>
    <time>2026-05-16T10:21:42Z</time>
   </trkpt>
   <trkpt lat="51.4588960" lon="-0.3085680">
    <ele>4.2</ele>
    <time>2026-05-16T10:21:43Z</time>
   </trkpt>
   <trkpt lat="51.4588920" lon="-0.3085540">
    <ele>4.2</ele>
    <time>2026-05-16T10:21:44Z</time>
   </trkpt>
   <trkpt lat="51.4588900" lon="-0.3085420">
    <ele>4.2</ele>
    <time>2026-05-16T10:21:45Z</time>
   </trkpt>
   <trkpt lat="51.4588870" lon="-0.3085390">
    <ele>4.2</ele>
    <time>2026-05-16T10:21:46Z</time>
   </trkpt>
   <trkpt lat="51.4588820" lon="-0.3085400">
    <ele>4.2</ele>
    <time>2026-05-16T10:21:47Z</time>
   </trkpt>
   <trkpt lat="51.4588820" lon="-0.3085330">
    <ele>4.2</ele>
    <time>2026-05-16T10:21:48Z</time>
   </trkpt>
   <trkpt lat="51.4588820" lon="-0.3085270">
    <ele>4.2</ele>
    <time>2026-05-16T10:21:49Z</time>
   </trkpt>
   <trkpt lat="51.4588750" lon="-0.3085100">
    <ele>4.2</ele>
    <time>2026-05-16T10:21:50Z</time>
   </trkpt>
   <trkpt lat="51.4588720" lon="-0.3084960">
    <ele>4.2</ele>
    <time>2026-05-16T10:21:51Z</time>
   </trkpt>
   <trkpt lat="51.4588760" lon="-0.3084820">
    <ele>4.2</ele>
    <time>2026-05-16T10:21:52Z</time>
   </trkpt>
   <trkpt lat="51.4588750" lon="-0.3084690">
    <ele>4.2</ele>
    <time>2026-05-16T10:21:53Z</time>
   </trkpt>
   <trkpt lat="51.4588710" lon="-0.3084590">
    <ele>4.2</ele>
    <time>2026-05-16T10:21:54Z</time>
   </trkpt>
   <trkpt lat="51.4588680" lon="-0.3084390">
    <ele>4.2</ele>
    <time>2026-05-16T10:21:55Z</time>
   </trkpt>
   <trkpt lat="51.4588670" lon="-0.3084260">
    <ele>4.2</ele>
    <time>2026-05-16T10:21:56Z</time>
   </trkpt>
   <trkpt lat="51.4588650" lon="-0.3084130">
    <ele>4.2</ele>
    <time>2026-05-16T10:21:57Z</time>
   </trkpt>
   <trkpt lat="51.4588640" lon="-0.3084010">
    <ele>4.2</ele>
    <time>2026-05-16T10:21:58Z</time>
   </trkpt>
   <trkpt lat="51.4588610" lon="-0.3083830">
    <ele>4.2</ele>
    <time>2026-05-16T10:21:59Z</time>
   </trkpt>
   <trkpt lat="51.4588570" lon="-0.3083690">
    <ele>4.2</ele>
    <time>2026-05-16T10:22:00Z</time>
   </trkpt>
   <trkpt lat="51.4588550" lon="-0.3083510">
    <ele>4.3</ele>
    <time>2026-05-16T10:22:01Z</time>
   </trkpt>
   <trkpt lat="51.4588540" lon="-0.3083310">
    <ele>4.3</ele>
    <time>2026-05-16T10:22:02Z</time>
   </trkpt>
   <trkpt lat="51.4588530" lon="-0.3083190">
    <ele>4.3</ele>
    <time>2026-05-16T10:22:03Z</time>
   </trkpt>
   <trkpt lat="51.4588540" lon="-0.3083030">
    <ele>4.3</ele>
    <time>2026-05-16T10:22:04Z</time>
   </trkpt>
   <trkpt lat="51.4588560" lon="-0.3082910">
    <ele>4.3</ele>
    <time>2026-05-16T10:22:05Z</time>
   </trkpt>
   <trkpt lat="51.4588600" lon="-0.3082770">
    <ele>4.3</ele>
    <time>2026-05-16T10:22:06Z</time>
   </trkpt>
   <trkpt lat="51.4588660" lon="-0.3082560">
    <ele>4.3</ele>
    <time>2026-05-16T10:22:07Z</time>
   </trkpt>
   <trkpt lat="51.4588710" lon="-0.3082420">
    <ele>4.3</ele>
    <time>2026-05-16T10:22:08Z</time>
   </trkpt>
   <trkpt lat="51.4588740" lon="-0.3082360">
    <ele>4.3</ele>
    <time>2026-05-16T10:22:09Z</time>
   </trkpt>
   <trkpt lat="51.4588760" lon="-0.3082330">
    <ele>4.3</ele>
    <time>2026-05-16T10:22:10Z</time>
   </trkpt>
   <trkpt lat="51.4588790" lon="-0.3082230">
    <ele>4.3</ele>
    <time>2026-05-16T10:22:11Z</time>
   </trkpt>
   <trkpt lat="51.4588850" lon="-0.3082070">
    <ele>4.3</ele>
    <time>2026-05-16T10:22:12Z</time>
   </trkpt>
   <trkpt lat="51.4588870" lon="-0.3081980">
    <ele>4.3</ele>
    <time>2026-05-16T10:22:13Z</time>
   </trkpt>
   <trkpt lat="51.4588900" lon="-0.3081820">
    <ele>4.3</ele>
    <time>2026-05-16T10:22:14Z</time>
   </trkpt>
   <trkpt lat="51.4588900" lon="-0.3081670">
    <ele>4.3</ele>
    <time>2026-05-16T10:22:15Z</time>
   </trkpt>
   <trkpt lat="51.4588910" lon="-0.3081580">
    <ele>4.3</ele>
    <time>2026-05-16T10:22:16Z</time>
   </trkpt>
   <trkpt lat="51.4588930" lon="-0.3081440">
    <ele>4.4</ele>
    <time>2026-05-16T10:22:17Z</time>
   </trkpt>
   <trkpt lat="51.4588970" lon="-0.3081290">
    <ele>4.4</ele>
    <time>2026-05-16T10:22:18Z</time>
   </trkpt>
   <trkpt lat="51.4589010" lon="-0.3081090">
    <ele>4.4</ele>
    <time>2026-05-16T10:22:19Z</time>
   </trkpt>
   <trkpt lat="51.4589050" lon="-0.3080940">
    <ele>4.4</ele>
    <time>2026-05-16T10:22:20Z</time>
   </trkpt>
   <trkpt lat="51.4589050" lon="-0.3080780">
    <ele>4.4</ele>
    <time>2026-05-16T10:22:21Z</time>
   </trkpt>
   <trkpt lat="51.4589070" lon="-0.3080630">
    <ele>4.4</ele>
    <time>2026-05-16T10:22:22Z</time>
   </trkpt>
   <trkpt lat="51.4589080" lon="-0.3080550">
    <ele>4.4</ele>
    <time>2026-05-16T10:22:23Z</time>
   </trkpt>
   <trkpt lat="51.4589050" lon="-0.3080510">
    <ele>4.4</ele>
    <time>2026-05-16T10:22:24Z</time>
   </trkpt>
   <trkpt lat="51.4589050" lon="-0.3080480">
    <ele>4.4</ele>
    <time>2026-05-16T10:22:25Z</time>
   </trkpt>
   <trkpt lat="51.4589060" lon="-0.3080500">
    <ele>4.4</ele>
    <time>2026-05-16T10:22:26Z</time>
   </trkpt>
   <trkpt lat="51.4589100" lon="-0.3080440">
    <ele>4.4</ele>
    <time>2026-05-16T10:22:27Z</time>
   </trkpt>
   <trkpt lat="51.4589120" lon="-0.3080500">
    <ele>4.4</ele>
    <time>2026-05-16T10:22:28Z</time>
   </trkpt>
   <trkpt lat="51.4589160" lon="-0.3080510">
    <ele>4.4</ele>
    <time>2026-05-16T10:22:29Z</time>
   </trkpt>
   <trkpt lat="51.4589180" lon="-0.3080550">
    <ele>4.4</ele>
    <time>2026-05-16T10:22:30Z</time>
   </trkpt>
   <trkpt lat="51.4589180" lon="-0.3080510">
    <ele>4.4</ele>
    <time>2026-05-16T10:22:31Z</time>
   </trkpt>
   <trkpt lat="51.4589200" lon="-0.3080450">
    <ele>4.4</ele>
    <time>2026-05-16T10:22:32Z</time>
   </trkpt>
   <trkpt lat="51.4589190" lon="-0.3080380">
    <ele>4.4</ele>
    <time>2026-05-16T10:22:33Z</time>
   </trkpt>
   <trkpt lat="51.4589170" lon="-0.3080380">
    <ele>4.4</ele>
    <time>2026-05-16T10:22:34Z</time>
   </trkpt>
   <trkpt lat="51.4589170" lon="-0.3080310">
    <ele>4.4</ele>
    <time>2026-05-16T10:22:35Z</time>
   </trkpt>
   <trkpt lat="51.4589120" lon="-0.3080230">
    <ele>4.4</ele>
    <time>2026-05-16T10:22:36Z</time>
   </trkpt>
   <trkpt lat="51.4589090" lon="-0.3080190">
    <ele>4.4</ele>
    <time>2026-05-16T10:22:37Z</time>
   </trkpt>
   <trkpt lat="51.4589090" lon="-0.3080220">
    <ele>4.4</ele>
    <time>2026-05-16T10:22:38Z</time>
   </trkpt>
   <trkpt lat="51.4589060" lon="-0.3080220">
    <ele>4.4</ele>
    <time>2026-05-16T10:22:39Z</time>
   </trkpt>
   <trkpt lat="51.4589070" lon="-0.3080220">
    <ele>4.4</ele>
    <time>2026-05-16T10:22:40Z</time>
   </trkpt>
   <trkpt lat="51.4589060" lon="-0.3080220">
    <ele>4.4</ele>
    <time>2026-05-16T10:22:41Z</time>
   </trkpt>
   <trkpt lat="51.4589050" lon="-0.3080200">
    <ele>4.4</ele>
    <time>2026-05-16T10:22:42Z</time>
   </trkpt>
   <trkpt lat="51.4589000" lon="-0.3080170">
    <ele>4.4</ele>
    <time>2026-05-16T10:22:43Z</time>
   </trkpt>
   <trkpt lat="51.4589020" lon="-0.3080110">
    <ele>4.4</ele>
    <time>2026-05-16T10:22:44Z</time>
   </trkpt>
   <trkpt lat="51.4589020" lon="-0.3080150">
    <ele>4.4</ele>
    <time>2026-05-16T10:22:45Z</time>
   </trkpt>
   <trkpt lat="51.4589000" lon="-0.3080160">
    <ele>4.4</ele>
    <time>2026-05-16T10:22:46Z</time>
   </trkpt>
   <trkpt lat="51.4589040" lon="-0.3080160">
    <ele>4.4</ele>
    <time>2026-05-16T10:22:47Z</time>
   </trkpt>
   <trkpt lat="51.4589110" lon="-0.3080020">
    <ele>4.4</ele>
    <time>2026-05-16T10:22:48Z</time>
   </trkpt>
   <trkpt lat="51.4589120" lon="-0.3080050">
    <ele>4.4</ele>
    <time>2026-05-16T10:22:49Z</time>
   </trkpt>
   <trkpt lat="51.4589120" lon="-0.3080090">
    <ele>4.4</ele>
    <time>2026-05-16T10:22:50Z</time>
   </trkpt>
   <trkpt lat="51.4589090" lon="-0.3080100">
    <ele>4.4</ele>
    <time>2026-05-16T10:22:51Z</time>
   </trkpt>
   <trkpt lat="51.4589090" lon="-0.3080030">
    <ele>4.4</ele>
    <time>2026-05-16T10:22:52Z</time>
   </trkpt>
   <trkpt lat="51.4589050" lon="-0.3080080">
    <ele>4.4</ele>
    <time>2026-05-16T10:22:53Z</time>
   </trkpt>
   <trkpt lat="51.4589030" lon="-0.3080050">
    <ele>4.4</ele>
    <time>2026-05-16T10:22:54Z</time>
   </trkpt>
   <trkpt lat="51.4589000" lon="-0.3080110">
    <ele>4.4</ele>
    <time>2026-05-16T10:22:55Z</time>
   </trkpt>
   <trkpt lat="51.4588970" lon="-0.3080130">
    <ele>4.4</ele>
    <time>2026-05-16T10:22:56Z</time>
   </trkpt>
   <trkpt lat="51.4588940" lon="-0.3080140">
    <ele>4.4</ele>
    <time>2026-05-16T10:22:57Z</time>
   </trkpt>
   <trkpt lat="51.4588930" lon="-0.3080230">
    <ele>4.4</ele>
    <time>2026-05-16T10:22:58Z</time>
   </trkpt>
   <trkpt lat="51.4588900" lon="-0.3080330">
    <ele>4.4</ele>
    <time>2026-05-16T10:22:59Z</time>
   </trkpt>
   <trkpt lat="51.4588910" lon="-0.3080350">
    <ele>4.4</ele>
    <time>2026-05-16T10:23:00Z</time>
   </trkpt>
   <trkpt lat="51.4588920" lon="-0.3080390">
    <ele>4.4</ele>
    <time>2026-05-16T10:23:01Z</time>
   </trkpt>
   <trkpt lat="51.4588910" lon="-0.3080410">
    <ele>4.4</ele>
    <time>2026-05-16T10:23:02Z</time>
   </trkpt>
   <trkpt lat="51.4588910" lon="-0.3080470">
    <ele>4.4</ele>
    <time>2026-05-16T10:23:03Z</time>
   </trkpt>
   <trkpt lat="51.4588900" lon="-0.3080510">
    <ele>4.4</ele>
    <time>2026-05-16T10:23:04Z</time>
   </trkpt>
   <trkpt lat="51.4588900" lon="-0.3080590">
    <ele>4.4</ele>
    <time>2026-05-16T10:23:05Z</time>
   </trkpt>
   <trkpt lat="51.4588880" lon="-0.3080760">
    <ele>4.4</ele>
    <time>2026-05-16T10:23:06Z</time>
   </trkpt>
   <trkpt lat="51.4588880" lon="-0.3081010">
    <ele>4.4</ele>
    <time>2026-05-16T10:23:07Z</time>
   </trkpt>
   <trkpt lat="51.4588880" lon="-0.3081130">
    <ele>4.4</ele>
    <time>2026-05-16T10:23:08Z</time>
   </trkpt>
   <trkpt lat="51.4588870" lon="-0.3081240">
    <ele>4.4</ele>
    <time>2026-05-16T10:23:09Z</time>
   </trkpt>
   <trkpt lat="51.4588870" lon="-0.3081350">
    <ele>4.4</ele>
    <time>2026-05-16T10:23:10Z</time>
   </trkpt>
   <trkpt lat="51.4588860" lon="-0.3081460">
    <ele>4.4</ele>
    <time>2026-05-16T10:23:11Z</time>
   </trkpt>
   <trkpt lat="51.4588880" lon="-0.3081620">
    <ele>4.4</ele>
    <time>2026-05-16T10:23:12Z</time>
   </trkpt>
   <trkpt lat="51.4588850" lon="-0.3081800">
    <ele>4.4</ele>
    <time>2026-05-16T10:23:13Z</time>
   </trkpt>
   <trkpt lat="51.4588740" lon="-0.3082090">
    <ele>4.4</ele>
    <time>2026-05-16T10:23:14Z</time>
   </trkpt>
   <trkpt lat="51.4588690" lon="-0.3082250">
    <ele>4.4</ele>
    <time>2026-05-16T10:23:15Z</time>
   </trkpt>
   <trkpt lat="51.4588630" lon="-0.3082410">
    <ele>4.4</ele>
    <time>2026-05-16T10:23:16Z</time>
   </trkpt>
   <trkpt lat="51.4588580" lon="-0.3082630">
    <ele>4.4</ele>
    <time>2026-05-16T10:23:17Z</time>
   </trkpt>
   <trkpt lat="51.4588570" lon="-0.3082810">
    <ele>4.4</ele>
    <time>2026-05-16T10:23:18Z</time>
   </trkpt>
   <trkpt lat="51.4588540" lon="-0.3082950">
    <ele>4.3</ele>
    <time>2026-05-16T10:23:19Z</time>
   </trkpt>
   <trkpt lat="51.4588500" lon="-0.3083270">
    <ele>4.3</ele>
    <time>2026-05-16T10:23:20Z</time>
   </trkpt>
   <trkpt lat="51.4588480" lon="-0.3083420">
    <ele>4.3</ele>
    <time>2026-05-16T10:23:21Z</time>
   </trkpt>
   <trkpt lat="51.4588460" lon="-0.3083560">
    <ele>4.3</ele>
    <time>2026-05-16T10:23:22Z</time>
   </trkpt>
   <trkpt lat="51.4588460" lon="-0.3083810">
    <ele>4.3</ele>
    <time>2026-05-16T10:23:23Z</time>
   </trkpt>
   <trkpt lat="51.4588470" lon="-0.3083920">
    <ele>4.3</ele>
    <time>2026-05-16T10:23:24Z</time>
   </trkpt>
   <trkpt lat="51.4588480" lon="-0.3084040">
    <ele>4.3</ele>
    <time>2026-05-16T10:23:25Z</time>
   </trkpt>
   <trkpt lat="51.4588490" lon="-0.3084150">
    <ele>4.3</ele>
    <time>2026-05-16T10:23:26Z</time>
   </trkpt>
   <trkpt lat="51.4588510" lon="-0.3084310">
    <ele>4.3</ele>
    <time>2026-05-16T10:23:27Z</time>
   </trkpt>
   <trkpt lat="51.4588500" lon="-0.3084370">
    <ele>4.3</ele>
    <time>2026-05-16T10:23:28Z</time>
   </trkpt>
   <trkpt lat="51.4588560" lon="-0.3084450">
    <ele>4.3</ele>
    <time>2026-05-16T10:23:29Z</time>
   </trkpt>
   <trkpt lat="51.4588600" lon="-0.3084580">
    <ele>4.3</ele>
    <time>2026-05-16T10:23:30Z</time>
   </trkpt>
   <trkpt lat="51.4588630" lon="-0.3084780">
    <ele>4.3</ele>
    <time>2026-05-16T10:23:31Z</time>
   </trkpt>
   <trkpt lat="51.4588660" lon="-0.3084930">
    <ele>4.3</ele>
    <time>2026-05-16T10:23:32Z</time>
   </trkpt>
   <trkpt lat="51.4588750" lon="-0.3084990">
    <ele>4.2</ele>
    <time>2026-05-16T10:23:33Z</time>
   </trkpt>
   <trkpt lat="51.4588820" lon="-0.3085300">
    <ele>4.2</ele>
    <time>2026-05-16T10:23:34Z</time>
   </trkpt>
   <trkpt lat="51.4588860" lon="-0.3085420">
    <ele>4.2</ele>
    <time>2026-05-16T10:23:35Z</time>
   </trkpt>
   <trkpt lat="51.4588890" lon="-0.3085540">
    <ele>4.2</ele>
    <time>2026-05-16T10:23:36Z</time>
   </trkpt>
   <trkpt lat="51.4588950" lon="-0.3085870">
    <ele>4.2</ele>
    <time>2026-05-16T10:23:37Z</time>
   </trkpt>
   <trkpt lat="51.4588960" lon="-0.3085990">
    <ele>4.2</ele>
    <time>2026-05-16T10:23:38Z</time>
   </trkpt>
   <trkpt lat="51.4588980" lon="-0.3086120">
    <ele>4.2</ele>
    <time>2026-05-16T10:23:39Z</time>
   </trkpt>
   <trkpt lat="51.4589060" lon="-0.3086190">
    <ele>4.2</ele>
    <time>2026-05-16T10:23:40Z</time>
   </trkpt>
   <trkpt lat="51.4589140" lon="-0.3086260">
    <ele>4.2</ele>
    <time>2026-05-16T10:23:41Z</time>
   </trkpt>
   <trkpt lat="51.4589200" lon="-0.3086380">
    <ele>4.2</ele>
    <time>2026-05-16T10:23:42Z</time>
   </trkpt>
   <trkpt lat="51.4589270" lon="-0.3086560">
    <ele>4.2</ele>
    <time>2026-05-16T10:23:43Z</time>
   </trkpt>
   <trkpt lat="51.4589290" lon="-0.3086700">
    <ele>4.2</ele>
    <time>2026-05-16T10:23:44Z</time>
   </trkpt>
   <trkpt lat="51.4589370" lon="-0.3086840">
    <ele>4.2</ele>
    <time>2026-05-16T10:23:45Z</time>
   </trkpt>
   <trkpt lat="51.4589440" lon="-0.3086980">
    <ele>4.2</ele>
    <time>2026-05-16T10:23:46Z</time>
   </trkpt>
   <trkpt lat="51.4589540" lon="-0.3087200">
    <ele>4.1</ele>
    <time>2026-05-16T10:23:47Z</time>
   </trkpt>
   <trkpt lat="51.4589600" lon="-0.3087400">
    <ele>4.1</ele>
    <time>2026-05-16T10:23:48Z</time>
   </trkpt>
   <trkpt lat="51.4589640" lon="-0.3087580">
    <ele>4.1</ele>
    <time>2026-05-16T10:23:49Z</time>
   </trkpt>
   <trkpt lat="51.4589660" lon="-0.3087720">
    <ele>4.1</ele>
    <time>2026-05-16T10:23:50Z</time>
   </trkpt>
   <trkpt lat="51.4589740" lon="-0.3087880">
    <ele>4.1</ele>
    <time>2026-05-16T10:23:51Z</time>
   </trkpt>
   <trkpt lat="51.4589780" lon="-0.3088050">
    <ele>4.1</ele>
    <time>2026-05-16T10:23:52Z</time>
   </trkpt>
   <trkpt lat="51.4589840" lon="-0.3088210">
    <ele>4.1</ele>
    <time>2026-05-16T10:23:53Z</time>
   </trkpt>
   <trkpt lat="51.4589890" lon="-0.3088340">
    <ele>4.1</ele>
    <time>2026-05-16T10:23:54Z</time>
   </trkpt>
   <trkpt lat="51.4589960" lon="-0.3088530">
    <ele>4.1</ele>
    <time>2026-05-16T10:23:55Z</time>
   </trkpt>
   <trkpt lat="51.4590030" lon="-0.3088710">
    <ele>4.1</ele>
    <time>2026-05-16T10:23:56Z</time>
   </trkpt>
   <trkpt lat="51.4590070" lon="-0.3088890">
    <ele>4.1</ele>
    <time>2026-05-16T10:23:57Z</time>
   </trkpt>
   <trkpt lat="51.4590090" lon="-0.3089010">
    <ele>4.1</ele>
    <time>2026-05-16T10:23:58Z</time>
   </trkpt>
   <trkpt lat="51.4590170" lon="-0.3089230">
    <ele>4.1</ele>
    <time>2026-05-16T10:23:59Z</time>
   </trkpt>
   <trkpt lat="51.4590280" lon="-0.3089540">
    <ele>4.1</ele>
    <time>2026-05-16T10:24:00Z</time>
   </trkpt>
   <trkpt lat="51.4590320" lon="-0.3089630">
    <ele>4.1</ele>
    <time>2026-05-16T10:24:01Z</time>
   </trkpt>
   <trkpt lat="51.4590370" lon="-0.3089730">
    <ele>4.1</ele>
    <time>2026-05-16T10:24:02Z</time>
   </trkpt>
   <trkpt lat="51.4590430" lon="-0.3089870">
    <ele>4.1</ele>
    <time>2026-05-16T10:24:03Z</time>
   </trkpt>
   <trkpt lat="51.4590490" lon="-0.3090030">
    <ele>4.1</ele>
    <time>2026-05-16T10:24:04Z</time>
   </trkpt>
   <trkpt lat="51.4590570" lon="-0.3090200">
    <ele>4.2</ele>
    <time>2026-05-16T10:24:05Z</time>
   </trkpt>
   <trkpt lat="51.4590680" lon="-0.3090460">
    <ele>4.2</ele>
    <time>2026-05-16T10:24:06Z</time>
   </trkpt>
   <trkpt lat="51.4590770" lon="-0.3090620">
    <ele>4.2</ele>
    <time>2026-05-16T10:24:07Z</time>
   </trkpt>
   <trkpt lat="51.4590890" lon="-0.3090900">
    <ele>4.2</ele>
    <time>2026-05-16T10:24:08Z</time>
   </trkpt>
   <trkpt lat="51.4590940" lon="-0.3091010">
    <ele>4.2</ele>
    <time>2026-05-16T10:24:09Z</time>
   </trkpt>
   <trkpt lat="51.4590990" lon="-0.3091120">
    <ele>4.2</ele>
    <time>2026-05-16T10:24:10Z</time>
   </trkpt>
   <trkpt lat="51.4591060" lon="-0.3091260">
    <ele>4.2</ele>
    <time>2026-05-16T10:24:11Z</time>
   </trkpt>
   <trkpt lat="51.4591170" lon="-0.3091390">
    <ele>4.2</ele>
    <time>2026-05-16T10:24:12Z</time>
   </trkpt>
   <trkpt lat="51.4591240" lon="-0.3091520">
    <ele>4.2</ele>
    <time>2026-05-16T10:24:13Z</time>
   </trkpt>
   <trkpt lat="51.4591300" lon="-0.3091640">
    <ele>4.3</ele>
    <time>2026-05-16T10:24:14Z</time>
   </trkpt>
   <trkpt lat="51.4591380" lon="-0.3091760">
    <ele>4.3</ele>
    <time>2026-05-16T10:24:15Z</time>
   </trkpt>
   <trkpt lat="51.4591450" lon="-0.3091900">
    <ele>4.3</ele>
    <time>2026-05-16T10:24:16Z</time>
   </trkpt>
   <trkpt lat="51.4591590" lon="-0.3092150">
    <ele>4.3</ele>
    <time>2026-05-16T10:24:17Z</time>
   </trkpt>
   <trkpt lat="51.4591650" lon="-0.3092270">
    <ele>4.3</ele>
    <time>2026-05-16T10:24:18Z</time>
   </trkpt>
   <trkpt lat="51.4591710" lon="-0.3092400">
    <ele>4.3</ele>
    <time>2026-05-16T10:24:19Z</time>
   </trkpt>
   <trkpt lat="51.4591830" lon="-0.3092680">
    <ele>4.3</ele>
    <time>2026-05-16T10:24:20Z</time>
   </trkpt>
   <trkpt lat="51.4591870" lon="-0.3092780">
    <ele>4.3</ele>
    <time>2026-05-16T10:24:21Z</time>
   </trkpt>
   <trkpt lat="51.4591920" lon="-0.3092880">
    <ele>4.3</ele>
    <time>2026-05-16T10:24:22Z</time>
   </trkpt>
   <trkpt lat="51.4592000" lon="-0.3092970">
    <ele>4.3</ele>
    <time>2026-05-16T10:24:23Z</time>
   </trkpt>
   <trkpt lat="51.4592080" lon="-0.3093100">
    <ele>4.3</ele>
    <time>2026-05-16T10:24:24Z</time>
   </trkpt>
   <trkpt lat="51.4592140" lon="-0.3093330">
    <ele>4.3</ele>
    <time>2026-05-16T10:24:25Z</time>
   </trkpt>
   <trkpt lat="51.4592190" lon="-0.3093510">
    <ele>4.3</ele>
    <time>2026-05-16T10:24:26Z</time>
   </trkpt>
   <trkpt lat="51.4592250" lon="-0.3093670">
    <ele>4.3</ele>
    <time>2026-05-16T10:24:27Z</time>
   </trkpt>
   <trkpt lat="51.4592310" lon="-0.3093800">
    <ele>4.3</ele>
    <time>2026-05-16T10:24:28Z</time>
   </trkpt>
   <trkpt lat="51.4592360" lon="-0.3093930">
    <ele>4.3</ele>
    <time>2026-05-16T10:24:29Z</time>
   </trkpt>
   <trkpt lat="51.4592390" lon="-0.3094100">
    <ele>4.3</ele>
    <time>2026-05-16T10:24:30Z</time>
   </trkpt>
   <trkpt lat="51.4592420" lon="-0.3094290">
    <ele>4.3</ele>
    <time>2026-05-16T10:24:31Z</time>
   </trkpt>
   <trkpt lat="51.4592470" lon="-0.3094520">
    <ele>4.3</ele>
    <time>2026-05-16T10:24:32Z</time>
   </trkpt>
   <trkpt lat="51.4592520" lon="-0.3094740">
    <ele>4.3</ele>
    <time>2026-05-16T10:24:33Z</time>
   </trkpt>
   <trkpt lat="51.4592570" lon="-0.3094910">
    <ele>4.3</ele>
    <time>2026-05-16T10:24:34Z</time>
   </trkpt>
   <trkpt lat="51.4592610" lon="-0.3095070">
    <ele>4.3</ele>
    <time>2026-05-16T10:24:35Z</time>
   </trkpt>
   <trkpt lat="51.4592670" lon="-0.3095210">
    <ele>4.3</ele>
    <time>2026-05-16T10:24:36Z</time>
   </trkpt>
   <trkpt lat="51.4592730" lon="-0.3095380">
    <ele>4.3</ele>
    <time>2026-05-16T10:24:37Z</time>
   </trkpt>
   <trkpt lat="51.4592800" lon="-0.3095430">
    <ele>4.3</ele>
    <time>2026-05-16T10:24:38Z</time>
   </trkpt>
   <trkpt lat="51.4592940" lon="-0.3095560">
    <ele>4.3</ele>
    <time>2026-05-16T10:24:39Z</time>
   </trkpt>
   <trkpt lat="51.4592980" lon="-0.3095850">
    <ele>4.3</ele>
    <time>2026-05-16T10:24:40Z</time>
   </trkpt>
   <trkpt lat="51.4593010" lon="-0.3096090">
    <ele>4.3</ele>
    <time>2026-05-16T10:24:41Z</time>
   </trkpt>
   <trkpt lat="51.4593070" lon="-0.3096270">
    <ele>4.3</ele>
    <time>2026-05-16T10:24:42Z</time>
   </trkpt>
   <trkpt lat="51.4593140" lon="-0.3096470">
    <ele>4.3</ele>
    <time>2026-05-16T10:24:43Z</time>
   </trkpt>
   <trkpt lat="51.4593210" lon="-0.3096650">
    <ele>4.3</ele>
    <time>2026-05-16T10:24:44Z</time>
   </trkpt>
   <trkpt lat="51.4593210" lon="-0.3096830">
    <ele>4.3</ele>
    <time>2026-05-16T10:24:45Z</time>
   </trkpt>
   <trkpt lat="51.4593230" lon="-0.3096950">
    <ele>4.3</ele>
    <time>2026-05-16T10:24:46Z</time>
   </trkpt>
   <trkpt lat="51.4593300" lon="-0.3097130">
    <ele>4.3</ele>
    <time>2026-05-16T10:24:47Z</time>
   </trkpt>
   <trkpt lat="51.4593390" lon="-0.3097340">
    <ele>4.3</ele>
    <time>2026-05-16T10:24:48Z</time>
   </trkpt>
   <trkpt lat="51.4593440" lon="-0.3097510">
    <ele>4.3</ele>
    <time>2026-05-16T10:24:49Z</time>
   </trkpt>
   <trkpt lat="51.4593490" lon="-0.3097670">
    <ele>4.3</ele>
    <time>2026-05-16T10:24:50Z</time>
   </trkpt>
   <trkpt lat="51.4593540" lon="-0.3097830">
    <ele>4.3</ele>
    <time>2026-05-16T10:24:51Z</time>
   </trkpt>
   <trkpt lat="51.4593640" lon="-0.3098090">
    <ele>4.3</ele>
    <time>2026-05-16T10:24:52Z</time>
   </trkpt>
   <trkpt lat="51.4593680" lon="-0.3098220">
    <ele>4.3</ele>
    <time>2026-05-16T10:24:53Z</time>
   </trkpt>
   <trkpt lat="51.4593710" lon="-0.3098340">
    <ele>4.3</ele>
    <time>2026-05-16T10:24:54Z</time>
   </trkpt>
   <trkpt lat="51.4593810" lon="-0.3098620">
    <ele>4.3</ele>
    <time>2026-05-16T10:24:55Z</time>
   </trkpt>
   <trkpt lat="51.4593880" lon="-0.3098720">
    <ele>4.3</ele>
    <time>2026-05-16T10:24:56Z</time>
   </trkpt>
   <trkpt lat="51.4593940" lon="-0.3098830">
    <ele>4.3</ele>
    <time>2026-05-16T10:24:57Z</time>
   </trkpt>
   <trkpt lat="51.4594030" lon="-0.3099120">
    <ele>4.3</ele>
    <time>2026-05-16T10:24:58Z</time>
   </trkpt>
   <trkpt lat="51.4594080" lon="-0.3099230">
    <ele>4.3</ele>
    <time>2026-05-16T10:24:59Z</time>
   </trkpt>
   <trkpt lat="51.4594120" lon="-0.3099350">
    <ele>4.3</ele>
    <time>2026-05-16T10:25:00Z</time>
   </trkpt>
   <trkpt lat="51.4594180" lon="-0.3099510">
    <ele>4.3</ele>
    <time>2026-05-16T10:25:01Z</time>
   </trkpt>
   <trkpt lat="51.4594220" lon="-0.3099650">
    <ele>4.3</ele>
    <time>2026-05-16T10:25:02Z</time>
   </trkpt>
   <trkpt lat="51.4594290" lon="-0.3099770">
    <ele>4.3</ele>
    <time>2026-05-16T10:25:03Z</time>
   </trkpt>
   <trkpt lat="51.4594390" lon="-0.3099950">
    <ele>4.3</ele>
    <time>2026-05-16T10:25:04Z</time>
   </trkpt>
   <trkpt lat="51.4594480" lon="-0.3100130">
    <ele>4.3</ele>
    <time>2026-05-16T10:25:05Z</time>
   </trkpt>
   <trkpt lat="51.4594490" lon="-0.3100330">
    <ele>4.3</ele>
    <time>2026-05-16T10:25:06Z</time>
   </trkpt>
   <trkpt lat="51.4594510" lon="-0.3100490">
    <ele>4.3</ele>
    <time>2026-05-16T10:25:07Z</time>
   </trkpt>
   <trkpt lat="51.4594520" lon="-0.3100670">
    <ele>4.3</ele>
    <time>2026-05-16T10:25:08Z</time>
   </trkpt>
   <trkpt lat="51.4594570" lon="-0.3100890">
    <ele>4.3</ele>
    <time>2026-05-16T10:25:09Z</time>
   </trkpt>
   <trkpt lat="51.4594590" lon="-0.3101100">
    <ele>4.3</ele>
    <time>2026-05-16T10:25:10Z</time>
   </trkpt>
   <trkpt lat="51.4594630" lon="-0.3101290">
    <ele>4.3</ele>
    <time>2026-05-16T10:25:11Z</time>
   </trkpt>
   <trkpt lat="51.4594730" lon="-0.3101500">
    <ele>4.3</ele>
    <time>2026-05-16T10:25:12Z</time>
   </trkpt>
   <trkpt lat="51.4594820" lon="-0.3101700">
    <ele>4.3</ele>
    <time>2026-05-16T10:25:13Z</time>
   </trkpt>
   <trkpt lat="51.4594870" lon="-0.3101880">
    <ele>4.3</ele>
    <time>2026-05-16T10:25:14Z</time>
   </trkpt>
   <trkpt lat="51.4594930" lon="-0.3102170">
    <ele>4.3</ele>
    <time>2026-05-16T10:25:15Z</time>
   </trkpt>
   <trkpt lat="51.4594980" lon="-0.3102300">
    <ele>4.3</ele>
    <time>2026-05-16T10:25:16Z</time>
   </trkpt>
   <trkpt lat="51.4595020" lon="-0.3102420">
    <ele>4.3</ele>
    <time>2026-05-16T10:25:17Z</time>
   </trkpt>
   <trkpt lat="51.4595130" lon="-0.3102620">
    <ele>4.3</ele>
    <time>2026-05-16T10:25:18Z</time>
   </trkpt>
   <trkpt lat="51.4595190" lon="-0.3102810">
    <ele>4.3</ele>
    <time>2026-05-16T10:25:19Z</time>
   </trkpt>
   <trkpt lat="51.4595300" lon="-0.3103090">
    <ele>4.3</ele>
    <time>2026-05-16T10:25:20Z</time>
   </trkpt>
   <trkpt lat="51.4595340" lon="-0.3103220">
    <ele>4.3</ele>
    <time>2026-05-16T10:25:21Z</time>
   </trkpt>
   <trkpt lat="51.4595370" lon="-0.3103340">
    <ele>4.3</ele>
    <time>2026-05-16T10:25:22Z</time>
   </trkpt>
   <trkpt lat="51.4595480" lon="-0.3103620">
    <ele>4.3</ele>
    <time>2026-05-16T10:25:23Z</time>
   </trkpt>
   <trkpt lat="51.4595530" lon="-0.3103740">
    <ele>4.3</ele>
    <time>2026-05-16T10:25:24Z</time>
   </trkpt>
   <trkpt lat="51.4595570" lon="-0.3103860">
    <ele>4.3</ele>
    <time>2026-05-16T10:25:25Z</time>
   </trkpt>
   <trkpt lat="51.4595620" lon="-0.3104030">
    <ele>4.3</ele>
    <time>2026-05-16T10:25:26Z</time>
   </trkpt>
   <trkpt lat="51.4595660" lon="-0.3104170">
    <ele>4.3</ele>
    <time>2026-05-16T10:25:27Z</time>
   </trkpt>
   <trkpt lat="51.4595710" lon="-0.3104350">
    <ele>4.3</ele>
    <time>2026-05-16T10:25:28Z</time>
   </trkpt>
   <trkpt lat="51.4595790" lon="-0.3104640">
    <ele>4.3</ele>
    <time>2026-05-16T10:25:29Z</time>
   </trkpt>
   <trkpt lat="51.4595830" lon="-0.3104770">
    <ele>4.3</ele>
    <time>2026-05-16T10:25:30Z</time>
   </trkpt>
   <trkpt lat="51.4595860" lon="-0.3104890">
    <ele>4.3</ele>
    <time>2026-05-16T10:25:31Z</time>
   </trkpt>
   <trkpt lat="51.4595910" lon="-0.3105100">
    <ele>4.3</ele>
    <time>2026-05-16T10:25:32Z</time>
   </trkpt>
   <trkpt lat="51.4595920" lon="-0.3105320">
    <ele>4.3</ele>
    <time>2026-05-16T10:25:33Z</time>
   </trkpt>
   <trkpt lat="51.4596010" lon="-0.3105630">
    <ele>4.3</ele>
    <time>2026-05-16T10:25:34Z</time>
   </trkpt>
   <trkpt lat="51.4596050" lon="-0.3105740">
    <ele>4.3</ele>
    <time>2026-05-16T10:25:35Z</time>
   </trkpt>
   <trkpt lat="51.4596080" lon="-0.3105850">
    <ele>4.3</ele>
    <time>2026-05-16T10:25:36Z</time>
   </trkpt>
   <trkpt lat="51.4596110" lon="-0.3105990">
    <ele>4.3</ele>
    <time>2026-05-16T10:25:37Z</time>
   </trkpt>
   <trkpt lat="51.4596170" lon="-0.3106180">
    <ele>4.4</ele>
    <time>2026-05-16T10:25:38Z</time>
   </trkpt>
   <trkpt lat="51.4596240" lon="-0.3106360">
    <ele>4.4</ele>
    <time>2026-05-16T10:25:39Z</time>
   </trkpt>
   <trkpt lat="51.4596300" lon="-0.3106550">
    <ele>4.4</ele>
    <time>2026-05-16T10:25:40Z</time>
   </trkpt>
   <trkpt lat="51.4596350" lon="-0.3106750">
    <ele>4.4</ele>
    <time>2026-05-16T10:25:41Z</time>
   </trkpt>
   <trkpt lat="51.4596400" lon="-0.3106980">
    <ele>4.4</ele>
    <time>2026-05-16T10:25:42Z</time>
   </trkpt>
   <trkpt lat="51.4596490" lon="-0.3107150">
    <ele>4.4</ele>
    <time>2026-05-16T10:25:43Z</time>
   </trkpt>
   <trkpt lat="51.4596620" lon="-0.3107430">
    <ele>4.4</ele>
    <time>2026-05-16T10:25:44Z</time>
   </trkpt>
   <trkpt lat="51.4596690" lon="-0.3107530">
    <ele>4.4</ele>
    <time>2026-05-16T10:25:45Z</time>
   </trkpt>
   <trkpt lat="51.4596750" lon="-0.3107640">
    <ele>4.4</ele>
    <time>2026-05-16T10:25:46Z</time>
   </trkpt>
   <trkpt lat="51.4596790" lon="-0.3107860">
    <ele>4.4</ele>
    <time>2026-05-16T10:25:47Z</time>
   </trkpt>
   <trkpt lat="51.4596850" lon="-0.3108080">
    <ele>4.4</ele>
    <time>2026-05-16T10:25:48Z</time>
   </trkpt>
   <trkpt lat="51.4596930" lon="-0.3108270">
    <ele>4.4</ele>
    <time>2026-05-16T10:25:49Z</time>
   </trkpt>
   <trkpt lat="51.4596990" lon="-0.3108450">
    <ele>4.4</ele>
    <time>2026-05-16T10:25:50Z</time>
   </trkpt>
   <trkpt lat="51.4597120" lon="-0.3108730">
    <ele>4.4</ele>
    <time>2026-05-16T10:25:51Z</time>
   </trkpt>
   <trkpt lat="51.4597160" lon="-0.3108850">
    <ele>4.4</ele>
    <time>2026-05-16T10:25:52Z</time>
   </trkpt>
   <trkpt lat="51.4597210" lon="-0.3108980">
    <ele>4.4</ele>
    <time>2026-05-16T10:25:53Z</time>
   </trkpt>
   <trkpt lat="51.4597230" lon="-0.3109200">
    <ele>4.4</ele>
    <time>2026-05-16T10:25:54Z</time>
   </trkpt>
   <trkpt lat="51.4597290" lon="-0.3109400">
    <ele>4.4</ele>
    <time>2026-05-16T10:25:55Z</time>
   </trkpt>
   <trkpt lat="51.4597370" lon="-0.3109600">
    <ele>4.4</ele>
    <time>2026-05-16T10:25:56Z</time>
   </trkpt>
   <trkpt lat="51.4597410" lon="-0.3109790">
    <ele>4.4</ele>
    <time>2026-05-16T10:25:57Z</time>
   </trkpt>
   <trkpt lat="51.4597530" lon="-0.3110070">
    <ele>4.4</ele>
    <time>2026-05-16T10:25:58Z</time>
   </trkpt>
   <trkpt lat="51.4597580" lon="-0.3110180">
    <ele>4.4</ele>
    <time>2026-05-16T10:25:59Z</time>
   </trkpt>
   <trkpt lat="51.4597620" lon="-0.3110290">
    <ele>4.4</ele>
    <time>2026-05-16T10:26:00Z</time>
   </trkpt>
   <trkpt lat="51.4597710" lon="-0.3110600">
    <ele>4.4</ele>
    <time>2026-05-16T10:26:01Z</time>
   </trkpt>
   <trkpt lat="51.4597760" lon="-0.3110740">
    <ele>4.4</ele>
    <time>2026-05-16T10:26:02Z</time>
   </trkpt>
   <trkpt lat="51.4597800" lon="-0.3110870">
    <ele>4.4</ele>
    <time>2026-05-16T10:26:03Z</time>
   </trkpt>
   <trkpt lat="51.4597840" lon="-0.3111090">
    <ele>4.4</ele>
    <time>2026-05-16T10:26:04Z</time>
   </trkpt>
   <trkpt lat="51.4597920" lon="-0.3111260">
    <ele>4.4</ele>
    <time>2026-05-16T10:26:05Z</time>
   </trkpt>
   <trkpt lat="51.4598030" lon="-0.3111570">
    <ele>4.4</ele>
    <time>2026-05-16T10:26:06Z</time>
   </trkpt>
   <trkpt lat="51.4598080" lon="-0.3111690">
    <ele>4.4</ele>
    <time>2026-05-16T10:26:07Z</time>
   </trkpt>
   <trkpt lat="51.4598130" lon="-0.3111800">
    <ele>4.4</ele>
    <time>2026-05-16T10:26:08Z</time>
   </trkpt>
   <trkpt lat="51.4598250" lon="-0.3112090">
    <ele>4.4</ele>
    <time>2026-05-16T10:26:09Z</time>
   </trkpt>
   <trkpt lat="51.4598300" lon="-0.3112210">
    <ele>4.4</ele>
    <time>2026-05-16T10:26:10Z</time>
   </trkpt>
   <trkpt lat="51.4598340" lon="-0.3112330">
    <ele>4.4</ele>
    <time>2026-05-16T10:26:11Z</time>
   </trkpt>
   <trkpt lat="51.4598380" lon="-0.3112490">
    <ele>4.4</ele>
    <time>2026-05-16T10:26:12Z</time>
   </trkpt>
   <trkpt lat="51.4598390" lon="-0.3112700">
    <ele>4.4</ele>
    <time>2026-05-16T10:26:13Z</time>
   </trkpt>
   <trkpt lat="51.4598440" lon="-0.3112860">
    <ele>4.4</ele>
    <time>2026-05-16T10:26:14Z</time>
   </trkpt>
   <trkpt lat="51.4598530" lon="-0.3113150">
    <ele>4.4</ele>
    <time>2026-05-16T10:26:15Z</time>
   </trkpt>
   <trkpt lat="51.4598570" lon="-0.3113270">
    <ele>4.4</ele>
    <time>2026-05-16T10:26:16Z</time>
   </trkpt>
   <trkpt lat="51.4598600" lon="-0.3113400">
    <ele>4.4</ele>
    <time>2026-05-16T10:26:17Z</time>
   </trkpt>
   <trkpt lat="51.4598680" lon="-0.3113710">
    <ele>4.4</ele>
    <time>2026-05-16T10:26:18Z</time>
   </trkpt>
   <trkpt lat="51.4598720" lon="-0.3113850">
    <ele>4.4</ele>
    <time>2026-05-16T10:26:19Z</time>
   </trkpt>
   <trkpt lat="51.4598750" lon="-0.3113980">
    <ele>4.4</ele>
    <time>2026-05-16T10:26:20Z</time>
   </trkpt>
   <trkpt lat="51.4598810" lon="-0.3114290">
    <ele>4.4</ele>
    <time>2026-05-16T10:26:21Z</time>
   </trkpt>
   <trkpt lat="51.4598830" lon="-0.3114430">
    <ele>4.4</ele>
    <time>2026-05-16T10:26:22Z</time>
   </trkpt>
   <trkpt lat="51.4598850" lon="-0.3114560">
    <ele>4.4</ele>
    <time>2026-05-16T10:26:23Z</time>
   </trkpt>
   <trkpt lat="51.4598810" lon="-0.3114730">
    <ele>4.4</ele>
    <time>2026-05-16T10:26:24Z</time>
   </trkpt>
   <trkpt lat="51.4598840" lon="-0.3114940">
    <ele>4.4</ele>
    <time>2026-05-16T10:26:25Z</time>
   </trkpt>
   <trkpt lat="51.4598910" lon="-0.3115080">
    <ele>4.4</ele>
    <time>2026-05-16T10:26:26Z</time>
   </trkpt>
   <trkpt lat="51.4599030" lon="-0.3115350">
    <ele>4.4</ele>
    <time>2026-05-16T10:26:27Z</time>
   </trkpt>
   <trkpt lat="51.4599090" lon="-0.3115460">
    <ele>4.4</ele>
    <time>2026-05-16T10:26:28Z</time>
   </trkpt>
   <trkpt lat="51.4599150" lon="-0.3115570">
    <ele>4.4</ele>
    <time>2026-05-16T10:26:29Z</time>
   </trkpt>
   <trkpt lat="51.4599280" lon="-0.3115870">
    <ele>4.4</ele>
    <time>2026-05-16T10:26:30Z</time>
   </trkpt>
   <trkpt lat="51.4599310" lon="-0.3116010">
    <ele>4.4</ele>
    <time>2026-05-16T10:26:31Z</time>
   </trkpt>
   <trkpt lat="51.4599350" lon="-0.3116150">
    <ele>4.4</ele>
    <time>2026-05-16T10:26:32Z</time>
   </trkpt>
   <trkpt lat="51.4599410" lon="-0.3116390">
    <ele>4.4</ele>
    <time>2026-05-16T10:26:33Z</time>
   </trkpt>
   <trkpt lat="51.4599480" lon="-0.3116600">
    <ele>4.4</ele>
    <time>2026-05-16T10:26:34Z</time>
   </trkpt>
   <trkpt lat="51.4599560" lon="-0.3116930">
    <ele>4.4</ele>
    <time>2026-05-16T10:26:35Z</time>
   </trkpt>
   <trkpt lat="51.4599600" lon="-0.3117060">
    <ele>4.4</ele>
    <time>2026-05-16T10:26:36Z</time>
   </trkpt>
   <trkpt lat="51.4599650" lon="-0.3117180">
    <ele>4.4</ele>
    <time>2026-05-16T10:26:37Z</time>
   </trkpt>
   <trkpt lat="51.4599710" lon="-0.3117390">
    <ele>4.4</ele>
    <time>2026-05-16T10:26:38Z</time>
   </trkpt>
   <trkpt lat="51.4599800" lon="-0.3117570">
    <ele>4.4</ele>
    <time>2026-05-16T10:26:39Z</time>
   </trkpt>
   <trkpt lat="51.4599910" lon="-0.3117750">
    <ele>4.4</ele>
    <time>2026-05-16T10:26:40Z</time>
   </trkpt>
   <trkpt lat="51.4599990" lon="-0.3117910">
    <ele>4.4</ele>
    <time>2026-05-16T10:26:41Z</time>
   </trkpt>
   <trkpt lat="51.4600040" lon="-0.3118130">
    <ele>4.4</ele>
    <time>2026-05-16T10:26:42Z</time>
   </trkpt>
   <trkpt lat="51.4600080" lon="-0.3118350">
    <ele>4.4</ele>
    <time>2026-05-16T10:26:43Z</time>
   </trkpt>
   <trkpt lat="51.4600130" lon="-0.3118540">
    <ele>4.4</ele>
    <time>2026-05-16T10:26:44Z</time>
   </trkpt>
   <trkpt lat="51.4600230" lon="-0.3118720">
    <ele>4.4</ele>
    <time>2026-05-16T10:26:45Z</time>
   </trkpt>
   <trkpt lat="51.4600340" lon="-0.3118990">
    <ele>4.4</ele>
    <time>2026-05-16T10:26:46Z</time>
   </trkpt>
   <trkpt lat="51.4600390" lon="-0.3119090">
    <ele>4.4</ele>
    <time>2026-05-16T10:26:47Z</time>
   </trkpt>
   <trkpt lat="51.4600450" lon="-0.3119180">
    <ele>4.4</ele>
    <time>2026-05-16T10:26:48Z</time>
   </trkpt>
   <trkpt lat="51.4600470" lon="-0.3119420">
    <ele>4.5</ele>
    <time>2026-05-16T10:26:49Z</time>
   </trkpt>
   <trkpt lat="51.4600490" lon="-0.3119630">
    <ele>4.5</ele>
    <time>2026-05-16T10:26:50Z</time>
   </trkpt>
   <trkpt lat="51.4600550" lon="-0.3119960">
    <ele>4.5</ele>
    <time>2026-05-16T10:26:51Z</time>
   </trkpt>
   <trkpt lat="51.4600580" lon="-0.3120090">
    <ele>4.5</ele>
    <time>2026-05-16T10:26:52Z</time>
   </trkpt>
   <trkpt lat="51.4600600" lon="-0.3120220">
    <ele>4.5</ele>
    <time>2026-05-16T10:26:53Z</time>
   </trkpt>
   <trkpt lat="51.4600640" lon="-0.3120560">
    <ele>4.5</ele>
    <time>2026-05-16T10:26:54Z</time>
   </trkpt>
   <trkpt lat="51.4600650" lon="-0.3120720">
    <ele>4.5</ele>
    <time>2026-05-16T10:26:55Z</time>
   </trkpt>
   <trkpt lat="51.4600650" lon="-0.3120870">
    <ele>4.5</ele>
    <time>2026-05-16T10:26:56Z</time>
   </trkpt>
   <trkpt lat="51.4600710" lon="-0.3121010">
    <ele>4.5</ele>
    <time>2026-05-16T10:26:57Z</time>
   </trkpt>
   <trkpt lat="51.4600750" lon="-0.3121160">
    <ele>4.5</ele>
    <time>2026-05-16T10:26:58Z</time>
   </trkpt>
   <trkpt lat="51.4600810" lon="-0.3121320">
    <ele>4.5</ele>
    <time>2026-05-16T10:26:59Z</time>
   </trkpt>
   <trkpt lat="51.4600840" lon="-0.3121500">
    <ele>4.5</ele>
    <time>2026-05-16T10:27:00Z</time>
   </trkpt>
   <trkpt lat="51.4600880" lon="-0.3121690">
    <ele>4.5</ele>
    <time>2026-05-16T10:27:01Z</time>
   </trkpt>
   <trkpt lat="51.4600940" lon="-0.3121870">
    <ele>4.5</ele>
    <time>2026-05-16T10:27:02Z</time>
   </trkpt>
   <trkpt lat="51.4601040" lon="-0.3122190">
    <ele>4.5</ele>
    <time>2026-05-16T10:27:03Z</time>
   </trkpt>
   <trkpt lat="51.4601090" lon="-0.3122290">
    <ele>4.5</ele>
    <time>2026-05-16T10:27:04Z</time>
   </trkpt>
   <trkpt lat="51.4601150" lon="-0.3122400">
    <ele>4.5</ele>
    <time>2026-05-16T10:27:05Z</time>
   </trkpt>
   <trkpt lat="51.4601230" lon="-0.3122720">
    <ele>4.5</ele>
    <time>2026-05-16T10:27:06Z</time>
   </trkpt>
   <trkpt lat="51.4601270" lon="-0.3122850">
    <ele>4.5</ele>
    <time>2026-05-16T10:27:07Z</time>
   </trkpt>
   <trkpt lat="51.4601300" lon="-0.3122990">
    <ele>4.5</ele>
    <time>2026-05-16T10:27:08Z</time>
   </trkpt>
   <trkpt lat="51.4601340" lon="-0.3123180">
    <ele>4.5</ele>
    <time>2026-05-16T10:27:09Z</time>
   </trkpt>
   <trkpt lat="51.4601420" lon="-0.3123320">
    <ele>4.5</ele>
    <time>2026-05-16T10:27:10Z</time>
   </trkpt>
   <trkpt lat="51.4601470" lon="-0.3123480">
    <ele>4.5</ele>
    <time>2026-05-16T10:27:11Z</time>
   </trkpt>
   <trkpt lat="51.4601580" lon="-0.3123780">
    <ele>4.5</ele>
    <time>2026-05-16T10:27:12Z</time>
   </trkpt>
   <trkpt lat="51.4601620" lon="-0.3123890">
    <ele>4.5</ele>
    <time>2026-05-16T10:27:13Z</time>
   </trkpt>
   <trkpt lat="51.4601660" lon="-0.3124010">
    <ele>4.5</ele>
    <time>2026-05-16T10:27:14Z</time>
   </trkpt>
   <trkpt lat="51.4601750" lon="-0.3124330">
    <ele>4.5</ele>
    <time>2026-05-16T10:27:15Z</time>
   </trkpt>
   <trkpt lat="51.4601770" lon="-0.3124460">
    <ele>4.5</ele>
    <time>2026-05-16T10:27:16Z</time>
   </trkpt>
   <trkpt lat="51.4601800" lon="-0.3124590">
    <ele>4.5</ele>
    <time>2026-05-16T10:27:17Z</time>
   </trkpt>
   <trkpt lat="51.4601930" lon="-0.3124840">
    <ele>4.5</ele>
    <time>2026-05-16T10:27:18Z</time>
   </trkpt>
   <trkpt lat="51.4602000" lon="-0.3124950">
    <ele>4.5</ele>
    <time>2026-05-16T10:27:19Z</time>
   </trkpt>
   <trkpt lat="51.4602060" lon="-0.3125060">
    <ele>4.5</ele>
    <time>2026-05-16T10:27:20Z</time>
   </trkpt>
   <trkpt lat="51.4602190" lon="-0.3125360">
    <ele>4.5</ele>
    <time>2026-05-16T10:27:21Z</time>
   </trkpt>
   <trkpt lat="51.4602230" lon="-0.3125480">
    <ele>4.5</ele>
    <time>2026-05-16T10:27:22Z</time>
   </trkpt>
   <trkpt lat="51.4602280" lon="-0.3125600">
    <ele>4.5</ele>
    <time>2026-05-16T10:27:23Z</time>
   </trkpt>
   <trkpt lat="51.4602390" lon="-0.3125890">
    <ele>4.5</ele>
    <time>2026-05-16T10:27:24Z</time>
   </trkpt>
   <trkpt lat="51.4602430" lon="-0.3126010">
    <ele>4.5</ele>
    <time>2026-05-16T10:27:25Z</time>
   </trkpt>
   <trkpt lat="51.4602460" lon="-0.3126140">
    <ele>4.5</ele>
    <time>2026-05-16T10:27:26Z</time>
   </trkpt>
   <trkpt lat="51.4602550" lon="-0.3126420">
    <ele>4.5</ele>
    <time>2026-05-16T10:27:27Z</time>
   </trkpt>
   <trkpt lat="51.4602590" lon="-0.3126540">
    <ele>4.5</ele>
    <time>2026-05-16T10:27:28Z</time>
   </trkpt>
   <trkpt lat="51.4602640" lon="-0.3126660">
    <ele>4.5</ele>
    <time>2026-05-16T10:27:29Z</time>
   </trkpt>
   <trkpt lat="51.4602690" lon="-0.3126790">
    <ele>4.5</ele>
    <time>2026-05-16T10:27:30Z</time>
   </trkpt>
   <trkpt lat="51.4602800" lon="-0.3126920">
    <ele>4.5</ele>
    <time>2026-05-16T10:27:31Z</time>
   </trkpt>
   <trkpt lat="51.4602870" lon="-0.3127100">
    <ele>4.5</ele>
    <time>2026-05-16T10:27:32Z</time>
   </trkpt>
   <trkpt lat="51.4602990" lon="-0.3127400">
    <ele>4.6</ele>
    <time>2026-05-16T10:27:33Z</time>
   </trkpt>
   <trkpt lat="51.4603050" lon="-0.3127530">
    <ele>4.6</ele>
    <time>2026-05-16T10:27:34Z</time>
   </trkpt>
   <trkpt lat="51.4603100" lon="-0.3127650">
    <ele>4.6</ele>
    <time>2026-05-16T10:27:35Z</time>
   </trkpt>
   <trkpt lat="51.4603210" lon="-0.3127820">
    <ele>4.7</ele>
    <time>2026-05-16T10:27:36Z</time>
   </trkpt>
   <trkpt lat="51.4603300" lon="-0.3127990">
    <ele>4.7</ele>
    <time>2026-05-16T10:27:37Z</time>
   </trkpt>
   <trkpt lat="51.4603440" lon="-0.3128120">
    <ele>4.7</ele>
    <time>2026-05-16T10:27:38Z</time>
   </trkpt>
   <trkpt lat="51.4603560" lon="-0.3128240">
    <ele>4.7</ele>
    <time>2026-05-16T10:27:39Z</time>
   </trkpt>
   <trkpt lat="51.4603610" lon="-0.3128370">
    <ele>4.8</ele>
    <time>2026-05-16T10:27:40Z</time>
   </trkpt>
   <trkpt lat="51.4603690" lon="-0.3128520">
    <ele>4.8</ele>
    <time>2026-05-16T10:27:41Z</time>
   </trkpt>
   <trkpt lat="51.4603750" lon="-0.3128600">
    <ele>4.8</ele>
    <time>2026-05-16T10:27:42Z</time>
   </trkpt>
   <trkpt lat="51.4603690" lon="-0.3128720">
    <ele>4.8</ele>
    <time>2026-05-16T10:27:43Z</time>
   </trkpt>
   <trkpt lat="51.4603710" lon="-0.3128710">
    <ele>4.8</ele>
    <time>2026-05-16T10:27:44Z</time>
   </trkpt>
   <trkpt lat="51.4603730" lon="-0.3128800">
    <ele>4.8</ele>
    <time>2026-05-16T10:27:45Z</time>
   </trkpt>
   <trkpt lat="51.4603800" lon="-0.3128950">
    <ele>4.9</ele>
    <time>2026-05-16T10:27:46Z</time>
   </trkpt>
   <trkpt lat="51.4603870" lon="-0.3129080">
    <ele>4.9</ele>
    <time>2026-05-16T10:27:47Z</time>
   </trkpt>
   <trkpt lat="51.4604160" lon="-0.3129280">
    <ele>4.9</ele>
    <time>2026-05-16T10:27:48Z</time>
   </trkpt>
   <trkpt lat="51.4604370" lon="-0.3129220">
    <ele>5.0</ele>
    <time>2026-05-16T10:27:49Z</time>
   </trkpt>
   <trkpt lat="51.4604340" lon="-0.3129650">
    <ele>5.0</ele>
    <time>2026-05-16T10:27:50Z</time>
   </trkpt>
   <trkpt lat="51.4604390" lon="-0.3129830">
    <ele>5.0</ele>
    <time>2026-05-16T10:27:51Z</time>
   </trkpt>
   <trkpt lat="51.4604500" lon="-0.3130010">
    <ele>5.0</ele>
    <time>2026-05-16T10:27:52Z</time>
   </trkpt>
   <trkpt lat="51.4604570" lon="-0.3130510">
    <ele>5.1</ele>
    <time>2026-05-16T10:27:53Z</time>
   </trkpt>
   <trkpt lat="51.4604560" lon="-0.3130630">
    <ele>5.1</ele>
    <time>2026-05-16T10:27:54Z</time>
   </trkpt>
   <trkpt lat="51.4604640" lon="-0.3130710">
    <ele>5.1</ele>
    <time>2026-05-16T10:27:55Z</time>
   </trkpt>
   <trkpt lat="51.4604680" lon="-0.3130820">
    <ele>5.1</ele>
    <time>2026-05-16T10:27:56Z</time>
   </trkpt>
   <trkpt lat="51.4604730" lon="-0.3131000">
    <ele>5.1</ele>
    <time>2026-05-16T10:27:57Z</time>
   </trkpt>
   <trkpt lat="51.4604810" lon="-0.3131440">
    <ele>5.1</ele>
    <time>2026-05-16T10:27:58Z</time>
   </trkpt>
   <trkpt lat="51.4604820" lon="-0.3131580">
    <ele>5.1</ele>
    <time>2026-05-16T10:27:59Z</time>
   </trkpt>
   <trkpt lat="51.4604920" lon="-0.3131820">
    <ele>5.1</ele>
    <time>2026-05-16T10:28:00Z</time>
   </trkpt>
   <trkpt lat="51.4604960" lon="-0.3131960">
    <ele>5.1</ele>
    <time>2026-05-16T10:28:01Z</time>
   </trkpt>
   <trkpt lat="51.4605030" lon="-0.3132180">
    <ele>5.1</ele>
    <time>2026-05-16T10:28:02Z</time>
   </trkpt>
   <trkpt lat="51.4605090" lon="-0.3132350">
    <ele>5.1</ele>
    <time>2026-05-16T10:28:03Z</time>
   </trkpt>
   <trkpt lat="51.4605160" lon="-0.3132550">
    <ele>5.1</ele>
    <time>2026-05-16T10:28:04Z</time>
   </trkpt>
   <trkpt lat="51.4605280" lon="-0.3132780">
    <ele>5.1</ele>
    <time>2026-05-16T10:28:05Z</time>
   </trkpt>
   <trkpt lat="51.4605380" lon="-0.3132970">
    <ele>5.1</ele>
    <time>2026-05-16T10:28:06Z</time>
   </trkpt>
   <trkpt lat="51.4605450" lon="-0.3133150">
    <ele>5.1</ele>
    <time>2026-05-16T10:28:07Z</time>
   </trkpt>
   <trkpt lat="51.4605510" lon="-0.3133320">
    <ele>5.1</ele>
    <time>2026-05-16T10:28:08Z</time>
   </trkpt>
   <trkpt lat="51.4605590" lon="-0.3133390">
    <ele>5.1</ele>
    <time>2026-05-16T10:28:09Z</time>
   </trkpt>
   <trkpt lat="51.4605680" lon="-0.3133440">
    <ele>5.1</ele>
    <time>2026-05-16T10:28:10Z</time>
   </trkpt>
   <trkpt lat="51.4605780" lon="-0.3133510">
    <ele>5.1</ele>
    <time>2026-05-16T10:28:11Z</time>
   </trkpt>
   <trkpt lat="51.4605850" lon="-0.3133720">
    <ele>5.0</ele>
    <time>2026-05-16T10:28:12Z</time>
   </trkpt>
   <trkpt lat="51.4605910" lon="-0.3133850">
    <ele>5.0</ele>
    <time>2026-05-16T10:28:13Z</time>
   </trkpt>
   <trkpt lat="51.4606000" lon="-0.3134170">
    <ele>5.0</ele>
    <time>2026-05-16T10:28:14Z</time>
   </trkpt>
   <trkpt lat="51.4606040" lon="-0.3134300">
    <ele>5.0</ele>
    <time>2026-05-16T10:28:15Z</time>
   </trkpt>
   <trkpt lat="51.4606080" lon="-0.3134420">
    <ele>5.0</ele>
    <time>2026-05-16T10:28:16Z</time>
   </trkpt>
   <trkpt lat="51.4606150" lon="-0.3134600">
    <ele>5.0</ele>
    <time>2026-05-16T10:28:17Z</time>
   </trkpt>
   <trkpt lat="51.4606230" lon="-0.3134770">
    <ele>5.0</ele>
    <time>2026-05-16T10:28:18Z</time>
   </trkpt>
   <trkpt lat="51.4606290" lon="-0.3134880">
    <ele>5.0</ele>
    <time>2026-05-16T10:28:19Z</time>
   </trkpt>
   <trkpt lat="51.4606450" lon="-0.3135190">
    <ele>5.0</ele>
    <time>2026-05-16T10:28:20Z</time>
   </trkpt>
   <trkpt lat="51.4606500" lon="-0.3135320">
    <ele>5.0</ele>
    <time>2026-05-16T10:28:21Z</time>
   </trkpt>
   <trkpt lat="51.4606560" lon="-0.3135440">
    <ele>5.0</ele>
    <time>2026-05-16T10:28:22Z</time>
   </trkpt>
   <trkpt lat="51.4606650" lon="-0.3135680">
    <ele>5.0</ele>
    <time>2026-05-16T10:28:23Z</time>
   </trkpt>
   <trkpt lat="51.4606680" lon="-0.3135870">
    <ele>5.0</ele>
    <time>2026-05-16T10:28:24Z</time>
   </trkpt>
   <trkpt lat="51.4606720" lon="-0.3135990">
    <ele>5.0</ele>
    <time>2026-05-16T10:28:25Z</time>
   </trkpt>
   <trkpt lat="51.4606830" lon="-0.3136120">
    <ele>5.0</ele>
    <time>2026-05-16T10:28:26Z</time>
   </trkpt>
   <trkpt lat="51.4606850" lon="-0.3136220">
    <ele>5.0</ele>
    <time>2026-05-16T10:28:27Z</time>
   </trkpt>
   <trkpt lat="51.4606910" lon="-0.3136410">
    <ele>5.0</ele>
    <time>2026-05-16T10:28:28Z</time>
   </trkpt>
   <trkpt lat="51.4607050" lon="-0.3136630">
    <ele>5.0</ele>
    <time>2026-05-16T10:28:29Z</time>
   </trkpt>
   <trkpt lat="51.4607160" lon="-0.3136870">
    <ele>5.0</ele>
    <time>2026-05-16T10:28:30Z</time>
   </trkpt>
   <trkpt lat="51.4607240" lon="-0.3137100">
    <ele>5.0</ele>
    <time>2026-05-16T10:28:31Z</time>
   </trkpt>
   <trkpt lat="51.4607340" lon="-0.3137290">
    <ele>5.0</ele>
    <time>2026-05-16T10:28:32Z</time>
   </trkpt>
   <trkpt lat="51.4607460" lon="-0.3137460">
    <ele>5.0</ele>
    <time>2026-05-16T10:28:33Z</time>
   </trkpt>
   <trkpt lat="51.4607550" lon="-0.3137580">
    <ele>5.0</ele>
    <time>2026-05-16T10:28:34Z</time>
   </trkpt>
   <trkpt lat="51.4607680" lon="-0.3137810">
    <ele>5.0</ele>
    <time>2026-05-16T10:28:35Z</time>
   </trkpt>
   <trkpt lat="51.4607900" lon="-0.3137840">
    <ele>5.0</ele>
    <time>2026-05-16T10:28:36Z</time>
   </trkpt>
   <trkpt lat="51.4607950" lon="-0.3138070">
    <ele>5.0</ele>
    <time>2026-05-16T10:28:37Z</time>
   </trkpt>
   <trkpt lat="51.4608030" lon="-0.3138230">
    <ele>5.0</ele>
    <time>2026-05-16T10:28:38Z</time>
   </trkpt>
   <trkpt lat="51.4608120" lon="-0.3138460">
    <ele>5.0</ele>
    <time>2026-05-16T10:28:39Z</time>
   </trkpt>
   <trkpt lat="51.4608170" lon="-0.3138700">
    <ele>5.0</ele>
    <time>2026-05-16T10:28:40Z</time>
   </trkpt>
   <trkpt lat="51.4608260" lon="-0.3138900">
    <ele>5.0</ele>
    <time>2026-05-16T10:28:41Z</time>
   </trkpt>
   <trkpt lat="51.4608310" lon="-0.3139150">
    <ele>5.0</ele>
    <time>2026-05-16T10:28:42Z</time>
   </trkpt>
   <trkpt lat="51.4608340" lon="-0.3139440">
    <ele>5.0</ele>
    <time>2026-05-16T10:28:43Z</time>
   </trkpt>
   <trkpt lat="51.4608480" lon="-0.3139740">
    <ele>5.0</ele>
    <time>2026-05-16T10:28:44Z</time>
   </trkpt>
   <trkpt lat="51.4608520" lon="-0.3139870">
    <ele>5.0</ele>
    <time>2026-05-16T10:28:45Z</time>
   </trkpt>
   <trkpt lat="51.4608570" lon="-0.3139990">
    <ele>5.0</ele>
    <time>2026-05-16T10:28:46Z</time>
   </trkpt>
   <trkpt lat="51.4608630" lon="-0.3140240">
    <ele>5.0</ele>
    <time>2026-05-16T10:28:47Z</time>
   </trkpt>
   <trkpt lat="51.4608740" lon="-0.3140410">
    <ele>5.0</ele>
    <time>2026-05-16T10:28:48Z</time>
   </trkpt>
   <trkpt lat="51.4608870" lon="-0.3140550">
    <ele>5.0</ele>
    <time>2026-05-16T10:28:49Z</time>
   </trkpt>
   <trkpt lat="51.4608980" lon="-0.3140750">
    <ele>5.0</ele>
    <time>2026-05-16T10:28:50Z</time>
   </trkpt>
   <trkpt lat="51.4609080" lon="-0.3140930">
    <ele>5.0</ele>
    <time>2026-05-16T10:28:51Z</time>
   </trkpt>
   <trkpt lat="51.4609210" lon="-0.3141030">
    <ele>5.0</ele>
    <time>2026-05-16T10:28:52Z</time>
   </trkpt>
   <trkpt lat="51.4609300" lon="-0.3141180">
    <ele>5.0</ele>
    <time>2026-05-16T10:28:53Z</time>
   </trkpt>
   <trkpt lat="51.4609410" lon="-0.3141320">
    <ele>5.0</ele>
    <time>2026-05-16T10:28:54Z</time>
   </trkpt>
   <trkpt lat="51.4609560" lon="-0.3141380">
    <ele>5.0</ele>
    <time>2026-05-16T10:28:55Z</time>
   </trkpt>
   <trkpt lat="51.4609690" lon="-0.3141460">
    <ele>5.0</ele>
    <time>2026-05-16T10:28:56Z</time>
   </trkpt>
   <trkpt lat="51.4609870" lon="-0.3141650">
    <ele>5.0</ele>
    <time>2026-05-16T10:28:57Z</time>
   </trkpt>
   <trkpt lat="51.4609940" lon="-0.3141710">
    <ele>5.0</ele>
    <time>2026-05-16T10:28:58Z</time>
   </trkpt>
   <trkpt lat="51.4610010" lon="-0.3141780">
    <ele>5.0</ele>
    <time>2026-05-16T10:28:59Z</time>
   </trkpt>
   <trkpt lat="51.4610150" lon="-0.3142050">
    <ele>4.9</ele>
    <time>2026-05-16T10:29:00Z</time>
   </trkpt>
   <trkpt lat="51.4610210" lon="-0.3142160">
    <ele>4.9</ele>
    <time>2026-05-16T10:29:01Z</time>
   </trkpt>
   <trkpt lat="51.4610270" lon="-0.3142260">
    <ele>4.9</ele>
    <time>2026-05-16T10:29:02Z</time>
   </trkpt>
   <trkpt lat="51.4610410" lon="-0.3142540">
    <ele>4.9</ele>
    <time>2026-05-16T10:29:03Z</time>
   </trkpt>
   <trkpt lat="51.4610460" lon="-0.3142660">
    <ele>4.9</ele>
    <time>2026-05-16T10:29:04Z</time>
   </trkpt>
   <trkpt lat="51.4610520" lon="-0.3142770">
    <ele>4.9</ele>
    <time>2026-05-16T10:29:05Z</time>
   </trkpt>
   <trkpt lat="51.4610590" lon="-0.3142980">
    <ele>4.9</ele>
    <time>2026-05-16T10:29:06Z</time>
   </trkpt>
   <trkpt lat="51.4610670" lon="-0.3143150">
    <ele>4.9</ele>
    <time>2026-05-16T10:29:07Z</time>
   </trkpt>
   <trkpt lat="51.4610770" lon="-0.3143250">
    <ele>4.9</ele>
    <time>2026-05-16T10:29:08Z</time>
   </trkpt>
   <trkpt lat="51.4610880" lon="-0.3143350">
    <ele>4.9</ele>
    <time>2026-05-16T10:29:09Z</time>
   </trkpt>
   <trkpt lat="51.4610970" lon="-0.3143460">
    <ele>4.9</ele>
    <time>2026-05-16T10:29:10Z</time>
   </trkpt>
   <trkpt lat="51.4611090" lon="-0.3143730">
    <ele>4.9</ele>
    <time>2026-05-16T10:29:11Z</time>
   </trkpt>
   <trkpt lat="51.4611140" lon="-0.3143820">
    <ele>4.9</ele>
    <time>2026-05-16T10:29:12Z</time>
   </trkpt>
   <trkpt lat="51.4611200" lon="-0.3143920">
    <ele>4.9</ele>
    <time>2026-05-16T10:29:13Z</time>
   </trkpt>
   <trkpt lat="51.4611390" lon="-0.3144080">
    <ele>4.9</ele>
    <time>2026-05-16T10:29:14Z</time>
   </trkpt>
   <trkpt lat="51.4611470" lon="-0.3144160">
    <ele>4.9</ele>
    <time>2026-05-16T10:29:15Z</time>
   </trkpt>
   <trkpt lat="51.4611540" lon="-0.3144230">
    <ele>4.9</ele>
    <time>2026-05-16T10:29:16Z</time>
   </trkpt>
   <trkpt lat="51.4611630" lon="-0.3144380">
    <ele>4.9</ele>
    <time>2026-05-16T10:29:17Z</time>
   </trkpt>
   <trkpt lat="51.4611720" lon="-0.3144540">
    <ele>4.9</ele>
    <time>2026-05-16T10:29:18Z</time>
   </trkpt>
   <trkpt lat="51.4611900" lon="-0.3144740">
    <ele>4.9</ele>
    <time>2026-05-16T10:29:19Z</time>
   </trkpt>
   <trkpt lat="51.4611970" lon="-0.3144810">
    <ele>4.9</ele>
    <time>2026-05-16T10:29:20Z</time>
   </trkpt>
   <trkpt lat="51.4612050" lon="-0.3144880">
    <ele>4.9</ele>
    <time>2026-05-16T10:29:21Z</time>
   </trkpt>
   <trkpt lat="51.4612210" lon="-0.3145130">
    <ele>4.9</ele>
    <time>2026-05-16T10:29:22Z</time>
   </trkpt>
   <trkpt lat="51.4612290" lon="-0.3145200">
    <ele>4.9</ele>
    <time>2026-05-16T10:29:23Z</time>
   </trkpt>
   <trkpt lat="51.4612370" lon="-0.3145270">
    <ele>4.9</ele>
    <time>2026-05-16T10:29:24Z</time>
   </trkpt>
   <trkpt lat="51.4612450" lon="-0.3145460">
    <ele>4.9</ele>
    <time>2026-05-16T10:29:25Z</time>
   </trkpt>
   <trkpt lat="51.4612560" lon="-0.3145580">
    <ele>4.9</ele>
    <time>2026-05-16T10:29:26Z</time>
   </trkpt>
   <trkpt lat="51.4612730" lon="-0.3145810">
    <ele>4.9</ele>
    <time>2026-05-16T10:29:27Z</time>
   </trkpt>
   <trkpt lat="51.4612790" lon="-0.3145900">
    <ele>4.9</ele>
    <time>2026-05-16T10:29:28Z</time>
   </trkpt>
   <trkpt lat="51.4612860" lon="-0.3145990">
    <ele>4.9</ele>
    <time>2026-05-16T10:29:29Z</time>
   </trkpt>
   <trkpt lat="51.4613020" lon="-0.3146220">
    <ele>4.9</ele>
    <time>2026-05-16T10:29:30Z</time>
   </trkpt>
   <trkpt lat="51.4613090" lon="-0.3146320">
    <ele>4.9</ele>
    <time>2026-05-16T10:29:31Z</time>
   </trkpt>
   <trkpt lat="51.4613150" lon="-0.3146410">
    <ele>4.9</ele>
    <time>2026-05-16T10:29:32Z</time>
   </trkpt>
   <trkpt lat="51.4613310" lon="-0.3146630">
    <ele>4.9</ele>
    <time>2026-05-16T10:29:33Z</time>
   </trkpt>
   <trkpt lat="51.4613380" lon="-0.3146720">
    <ele>4.9</ele>
    <time>2026-05-16T10:29:34Z</time>
   </trkpt>
   <trkpt lat="51.4613440" lon="-0.3146810">
    <ele>4.9</ele>
    <time>2026-05-16T10:29:35Z</time>
   </trkpt>
   <trkpt lat="51.4613540" lon="-0.3146880">
    <ele>4.9</ele>
    <time>2026-05-16T10:29:36Z</time>
   </trkpt>
   <trkpt lat="51.4613640" lon="-0.3147010">
    <ele>4.8</ele>
    <time>2026-05-16T10:29:37Z</time>
   </trkpt>
   <trkpt lat="51.4613730" lon="-0.3147140">
    <ele>4.8</ele>
    <time>2026-05-16T10:29:38Z</time>
   </trkpt>
   <trkpt lat="51.4613890" lon="-0.3147380">
    <ele>4.8</ele>
    <time>2026-05-16T10:29:39Z</time>
   </trkpt>
   <trkpt lat="51.4613950" lon="-0.3147470">
    <ele>4.8</ele>
    <time>2026-05-16T10:29:40Z</time>
   </trkpt>
   <trkpt lat="51.4614020" lon="-0.3147560">
    <ele>4.8</ele>
    <time>2026-05-16T10:29:41Z</time>
   </trkpt>
   <trkpt lat="51.4614180" lon="-0.3147820">
    <ele>4.8</ele>
    <time>2026-05-16T10:29:42Z</time>
   </trkpt>
   <trkpt lat="51.4614240" lon="-0.3147920">
    <ele>4.8</ele>
    <time>2026-05-16T10:29:43Z</time>
   </trkpt>
   <trkpt lat="51.4614300" lon="-0.3148030">
    <ele>4.8</ele>
    <time>2026-05-16T10:29:44Z</time>
   </trkpt>
   <trkpt lat="51.4614390" lon="-0.3148200">
    <ele>4.8</ele>
    <time>2026-05-16T10:29:45Z</time>
   </trkpt>
   <trkpt lat="51.4614480" lon="-0.3148370">
    <ele>4.8</ele>
    <time>2026-05-16T10:29:46Z</time>
   </trkpt>
   <trkpt lat="51.4614640" lon="-0.3148620">
    <ele>4.8</ele>
    <time>2026-05-16T10:29:47Z</time>
   </trkpt>
   <trkpt lat="51.4614700" lon="-0.3148700">
    <ele>4.8</ele>
    <time>2026-05-16T10:29:48Z</time>
   </trkpt>
   <trkpt lat="51.4614770" lon="-0.3148790">
    <ele>4.8</ele>
    <time>2026-05-16T10:29:49Z</time>
   </trkpt>
   <trkpt lat="51.4614950" lon="-0.3148970">
    <ele>4.8</ele>
    <time>2026-05-16T10:29:50Z</time>
   </trkpt>
   <trkpt lat="51.4615020" lon="-0.3149040">
    <ele>4.8</ele>
    <time>2026-05-16T10:29:51Z</time>
   </trkpt>
   <trkpt lat="51.4615100" lon="-0.3149110">
    <ele>4.8</ele>
    <time>2026-05-16T10:29:52Z</time>
   </trkpt>
   <trkpt lat="51.4615210" lon="-0.3149240">
    <ele>4.8</ele>
    <time>2026-05-16T10:29:53Z</time>
   </trkpt>
   <trkpt lat="51.4615310" lon="-0.3149410">
    <ele>4.8</ele>
    <time>2026-05-16T10:29:54Z</time>
   </trkpt>
   <trkpt lat="51.4615430" lon="-0.3149560">
    <ele>4.8</ele>
    <time>2026-05-16T10:29:55Z</time>
   </trkpt>
   <trkpt lat="51.4615530" lon="-0.3149720">
    <ele>4.8</ele>
    <time>2026-05-16T10:29:56Z</time>
   </trkpt>
   <trkpt lat="51.4615610" lon="-0.3149900">
    <ele>4.8</ele>
    <time>2026-05-16T10:29:57Z</time>
   </trkpt>
   <trkpt lat="51.4615690" lon="-0.3150100">
    <ele>4.8</ele>
    <time>2026-05-16T10:29:58Z</time>
   </trkpt>
   <trkpt lat="51.4615860" lon="-0.3150320">
    <ele>4.8</ele>
    <time>2026-05-16T10:29:59Z</time>
   </trkpt>
   <trkpt lat="51.4615930" lon="-0.3150410">
    <ele>4.8</ele>
    <time>2026-05-16T10:30:00Z</time>
   </trkpt>
   <trkpt lat="51.4615990" lon="-0.3150490">
    <ele>4.8</ele>
    <time>2026-05-16T10:30:01Z</time>
   </trkpt>
   <trkpt lat="51.4616090" lon="-0.3150640">
    <ele>4.8</ele>
    <time>2026-05-16T10:30:02Z</time>
   </trkpt>
   <trkpt lat="51.4616180" lon="-0.3150820">
    <ele>4.8</ele>
    <time>2026-05-16T10:30:03Z</time>
   </trkpt>
   <trkpt lat="51.4616340" lon="-0.3151040">
    <ele>4.8</ele>
    <time>2026-05-16T10:30:04Z</time>
   </trkpt>
   <trkpt lat="51.4616420" lon="-0.3151090">
    <ele>4.8</ele>
    <time>2026-05-16T10:30:05Z</time>
   </trkpt>
   <trkpt lat="51.4616500" lon="-0.3151140">
    <ele>4.8</ele>
    <time>2026-05-16T10:30:06Z</time>
   </trkpt>
   <trkpt lat="51.4616700" lon="-0.3151270">
    <ele>4.8</ele>
    <time>2026-05-16T10:30:07Z</time>
   </trkpt>
   <trkpt lat="51.4616780" lon="-0.3151340">
    <ele>4.8</ele>
    <time>2026-05-16T10:30:08Z</time>
   </trkpt>
   <trkpt lat="51.4616850" lon="-0.3151400">
    <ele>4.8</ele>
    <time>2026-05-16T10:30:09Z</time>
   </trkpt>
   <trkpt lat="51.4616940" lon="-0.3151710">
    <ele>4.8</ele>
    <time>2026-05-16T10:30:10Z</time>
   </trkpt>
   <trkpt lat="51.4617000" lon="-0.3151830">
    <ele>4.8</ele>
    <time>2026-05-16T10:30:11Z</time>
   </trkpt>
   <trkpt lat="51.4617050" lon="-0.3151940">
    <ele>4.8</ele>
    <time>2026-05-16T10:30:12Z</time>
   </trkpt>
   <trkpt lat="51.4617190" lon="-0.3152210">
    <ele>4.8</ele>
    <time>2026-05-16T10:30:13Z</time>
   </trkpt>
   <trkpt lat="51.4617240" lon="-0.3152310">
    <ele>4.8</ele>
    <time>2026-05-16T10:30:14Z</time>
   </trkpt>
   <trkpt lat="51.4617300" lon="-0.3152420">
    <ele>4.8</ele>
    <time>2026-05-16T10:30:15Z</time>
   </trkpt>
   <trkpt lat="51.4617450" lon="-0.3152650">
    <ele>4.8</ele>
    <time>2026-05-16T10:30:16Z</time>
   </trkpt>
   <trkpt lat="51.4617520" lon="-0.3152720">
    <ele>4.8</ele>
    <time>2026-05-16T10:30:17Z</time>
   </trkpt>
   <trkpt lat="51.4617580" lon="-0.3152800">
    <ele>4.8</ele>
    <time>2026-05-16T10:30:18Z</time>
   </trkpt>
   <trkpt lat="51.4617670" lon="-0.3152880">
    <ele>4.8</ele>
    <time>2026-05-16T10:30:19Z</time>
   </trkpt>
   <trkpt lat="51.4617750" lon="-0.3152980">
    <ele>4.7</ele>
    <time>2026-05-16T10:30:20Z</time>
   </trkpt>
   <trkpt lat="51.4617830" lon="-0.3153110">
    <ele>4.7</ele>
    <time>2026-05-16T10:30:21Z</time>
   </trkpt>
   <trkpt lat="51.4617900" lon="-0.3153270">
    <ele>4.7</ele>
    <time>2026-05-16T10:30:22Z</time>
   </trkpt>
   <trkpt lat="51.4618000" lon="-0.3153400">
    <ele>4.7</ele>
    <time>2026-05-16T10:30:23Z</time>
   </trkpt>
   <trkpt lat="51.4618020" lon="-0.3153540">
    <ele>4.7</ele>
    <time>2026-05-16T10:30:24Z</time>
   </trkpt>
   <trkpt lat="51.4618160" lon="-0.3153760">
    <ele>4.7</ele>
    <time>2026-05-16T10:30:25Z</time>
   </trkpt>
   <trkpt lat="51.4618240" lon="-0.3153860">
    <ele>4.7</ele>
    <time>2026-05-16T10:30:26Z</time>
   </trkpt>
   <trkpt lat="51.4618320" lon="-0.3153950">
    <ele>4.7</ele>
    <time>2026-05-16T10:30:27Z</time>
   </trkpt>
   <trkpt lat="51.4618490" lon="-0.3154180">
    <ele>4.7</ele>
    <time>2026-05-16T10:30:28Z</time>
   </trkpt>
   <trkpt lat="51.4618560" lon="-0.3154270">
    <ele>4.7</ele>
    <time>2026-05-16T10:30:29Z</time>
   </trkpt>
   <trkpt lat="51.4618620" lon="-0.3154350">
    <ele>4.7</ele>
    <time>2026-05-16T10:30:30Z</time>
   </trkpt>
   <trkpt lat="51.4618790" lon="-0.3154580">
    <ele>4.7</ele>
    <time>2026-05-16T10:30:31Z</time>
   </trkpt>
   <trkpt lat="51.4618840" lon="-0.3154690">
    <ele>4.7</ele>
    <time>2026-05-16T10:30:32Z</time>
   </trkpt>
   <trkpt lat="51.4618900" lon="-0.3154810">
    <ele>4.7</ele>
    <time>2026-05-16T10:30:33Z</time>
   </trkpt>
   <trkpt lat="51.4618990" lon="-0.3154980">
    <ele>4.7</ele>
    <time>2026-05-16T10:30:34Z</time>
   </trkpt>
   <trkpt lat="51.4619080" lon="-0.3155130">
    <ele>4.7</ele>
    <time>2026-05-16T10:30:35Z</time>
   </trkpt>
   <trkpt lat="51.4619220" lon="-0.3155400">
    <ele>4.7</ele>
    <time>2026-05-16T10:30:36Z</time>
   </trkpt>
   <trkpt lat="51.4619290" lon="-0.3155490">
    <ele>4.7</ele>
    <time>2026-05-16T10:30:37Z</time>
   </trkpt>
   <trkpt lat="51.4619360" lon="-0.3155580">
    <ele>4.7</ele>
    <time>2026-05-16T10:30:38Z</time>
   </trkpt>
   <trkpt lat="51.4619450" lon="-0.3155760">
    <ele>4.7</ele>
    <time>2026-05-16T10:30:39Z</time>
   </trkpt>
   <trkpt lat="51.4619570" lon="-0.3155900">
    <ele>4.6</ele>
    <time>2026-05-16T10:30:40Z</time>
   </trkpt>
   <trkpt lat="51.4619700" lon="-0.3156020">
    <ele>4.6</ele>
    <time>2026-05-16T10:30:41Z</time>
   </trkpt>
   <trkpt lat="51.4619800" lon="-0.3156160">
    <ele>4.6</ele>
    <time>2026-05-16T10:30:42Z</time>
   </trkpt>
   <trkpt lat="51.4619950" lon="-0.3156410">
    <ele>4.6</ele>
    <time>2026-05-16T10:30:43Z</time>
   </trkpt>
   <trkpt lat="51.4620010" lon="-0.3156520">
    <ele>4.6</ele>
    <time>2026-05-16T10:30:44Z</time>
   </trkpt>
   <trkpt lat="51.4620070" lon="-0.3156620">
    <ele>4.6</ele>
    <time>2026-05-16T10:30:45Z</time>
   </trkpt>
   <trkpt lat="51.4620260" lon="-0.3156800">
    <ele>4.6</ele>
    <time>2026-05-16T10:30:46Z</time>
   </trkpt>
   <trkpt lat="51.4620330" lon="-0.3156870">
    <ele>4.6</ele>
    <time>2026-05-16T10:30:47Z</time>
   </trkpt>
   <trkpt lat="51.4620410" lon="-0.3156940">
    <ele>4.6</ele>
    <time>2026-05-16T10:30:48Z</time>
   </trkpt>
   <trkpt lat="51.4620490" lon="-0.3157120">
    <ele>4.6</ele>
    <time>2026-05-16T10:30:49Z</time>
   </trkpt>
   <trkpt lat="51.4620580" lon="-0.3157310">
    <ele>4.6</ele>
    <time>2026-05-16T10:30:50Z</time>
   </trkpt>
   <trkpt lat="51.4620730" lon="-0.3157580">
    <ele>4.6</ele>
    <time>2026-05-16T10:30:51Z</time>
   </trkpt>
   <trkpt lat="51.4620780" lon="-0.3157690">
    <ele>4.6</ele>
    <time>2026-05-16T10:30:52Z</time>
   </trkpt>
   <trkpt lat="51.4620840" lon="-0.3157800">
    <ele>4.5</ele>
    <time>2026-05-16T10:30:53Z</time>
   </trkpt>
   <trkpt lat="51.4621010" lon="-0.3158040">
    <ele>4.5</ele>
    <time>2026-05-16T10:30:54Z</time>
   </trkpt>
   <trkpt lat="51.4621080" lon="-0.3158120">
    <ele>4.5</ele>
    <time>2026-05-16T10:30:55Z</time>
   </trkpt>
   <trkpt lat="51.4621150" lon="-0.3158210">
    <ele>4.5</ele>
    <time>2026-05-16T10:30:56Z</time>
   </trkpt>
   <trkpt lat="51.4621190" lon="-0.3158300">
    <ele>4.5</ele>
    <time>2026-05-16T10:30:57Z</time>
   </trkpt>
   <trkpt lat="51.4621270" lon="-0.3158390">
    <ele>4.5</ele>
    <time>2026-05-16T10:30:58Z</time>
   </trkpt>
   <trkpt lat="51.4621360" lon="-0.3158560">
    <ele>4.5</ele>
    <time>2026-05-16T10:30:59Z</time>
   </trkpt>
   <trkpt lat="51.4621490" lon="-0.3158710">
    <ele>4.5</ele>
    <time>2026-05-16T10:31:00Z</time>
   </trkpt>
   <trkpt lat="51.4621610" lon="-0.3158850">
    <ele>4.5</ele>
    <time>2026-05-16T10:31:01Z</time>
   </trkpt>
   <trkpt lat="51.4621770" lon="-0.3159110">
    <ele>4.5</ele>
    <time>2026-05-16T10:31:02Z</time>
   </trkpt>
   <trkpt lat="51.4621830" lon="-0.3159240">
    <ele>4.5</ele>
    <time>2026-05-16T10:31:03Z</time>
   </trkpt>
   <trkpt lat="51.4621900" lon="-0.3159360">
    <ele>4.5</ele>
    <time>2026-05-16T10:31:04Z</time>
   </trkpt>
   <trkpt lat="51.4622000" lon="-0.3159530">
    <ele>4.5</ele>
    <time>2026-05-16T10:31:05Z</time>
   </trkpt>
   <trkpt lat="51.4622110" lon="-0.3159640">
    <ele>4.5</ele>
    <time>2026-05-16T10:31:06Z</time>
   </trkpt>
   <trkpt lat="51.4622230" lon="-0.3159760">
    <ele>4.5</ele>
    <time>2026-05-16T10:31:07Z</time>
   </trkpt>
   <trkpt lat="51.4622330" lon="-0.3159910">
    <ele>4.5</ele>
    <time>2026-05-16T10:31:08Z</time>
   </trkpt>
   <trkpt lat="51.4622500" lon="-0.3160150">
    <ele>4.5</ele>
    <time>2026-05-16T10:31:09Z</time>
   </trkpt>
   <trkpt lat="51.4622560" lon="-0.3160240">
    <ele>4.5</ele>
    <time>2026-05-16T10:31:10Z</time>
   </trkpt>
   <trkpt lat="51.4622620" lon="-0.3160330">
    <ele>4.5</ele>
    <time>2026-05-16T10:31:11Z</time>
   </trkpt>
   <trkpt lat="51.4622730" lon="-0.3160480">
    <ele>4.5</ele>
    <time>2026-05-16T10:31:12Z</time>
   </trkpt>
   <trkpt lat="51.4622840" lon="-0.3160640">
    <ele>4.5</ele>
    <time>2026-05-16T10:31:13Z</time>
   </trkpt>
   <trkpt lat="51.4622990" lon="-0.3160890">
    <ele>4.5</ele>
    <time>2026-05-16T10:31:14Z</time>
   </trkpt>
   <trkpt lat="51.4623050" lon="-0.3161000">
    <ele>4.5</ele>
    <time>2026-05-16T10:31:15Z</time>
   </trkpt>
   <trkpt lat="51.4623110" lon="-0.3161100">
    <ele>4.5</ele>
    <time>2026-05-16T10:31:16Z</time>
   </trkpt>
   <trkpt lat="51.4623220" lon="-0.3161260">
    <ele>4.5</ele>
    <time>2026-05-16T10:31:17Z</time>
   </trkpt>
   <trkpt lat="51.4623330" lon="-0.3161370">
    <ele>4.5</ele>
    <time>2026-05-16T10:31:18Z</time>
   </trkpt>
   <trkpt lat="51.4623420" lon="-0.3161540">
    <ele>4.5</ele>
    <time>2026-05-16T10:31:19Z</time>
   </trkpt>
   <trkpt lat="51.4623530" lon="-0.3161660">
    <ele>4.5</ele>
    <time>2026-05-16T10:31:20Z</time>
   </trkpt>
   <trkpt lat="51.4623700" lon="-0.3161900">
    <ele>4.5</ele>
    <time>2026-05-16T10:31:21Z</time>
   </trkpt>
   <trkpt lat="51.4623760" lon="-0.3161990">
    <ele>4.5</ele>
    <time>2026-05-16T10:31:22Z</time>
   </trkpt>
   <trkpt lat="51.4623820" lon="-0.3162090">
    <ele>4.5</ele>
    <time>2026-05-16T10:31:23Z</time>
   </trkpt>
   <trkpt lat="51.4623910" lon="-0.3162260">
    <ele>4.5</ele>
    <time>2026-05-16T10:31:24Z</time>
   </trkpt>
   <trkpt lat="51.4623990" lon="-0.3162440">
    <ele>4.5</ele>
    <time>2026-05-16T10:31:25Z</time>
   </trkpt>
   <trkpt lat="51.4624100" lon="-0.3162580">
    <ele>4.5</ele>
    <time>2026-05-16T10:31:26Z</time>
   </trkpt>
   <trkpt lat="51.4624180" lon="-0.3162760">
    <ele>4.5</ele>
    <time>2026-05-16T10:31:27Z</time>
   </trkpt>
   <trkpt lat="51.4624330" lon="-0.3162990">
    <ele>4.5</ele>
    <time>2026-05-16T10:31:28Z</time>
   </trkpt>
   <trkpt lat="51.4624400" lon="-0.3163080">
    <ele>4.5</ele>
    <time>2026-05-16T10:31:29Z</time>
   </trkpt>
   <trkpt lat="51.4624460" lon="-0.3163170">
    <ele>4.5</ele>
    <time>2026-05-16T10:31:30Z</time>
   </trkpt>
   <trkpt lat="51.4624630" lon="-0.3163370">
    <ele>4.5</ele>
    <time>2026-05-16T10:31:31Z</time>
   </trkpt>
   <trkpt lat="51.4624690" lon="-0.3163440">
    <ele>4.5</ele>
    <time>2026-05-16T10:31:32Z</time>
   </trkpt>
   <trkpt lat="51.4624760" lon="-0.3163510">
    <ele>4.5</ele>
    <time>2026-05-16T10:31:33Z</time>
   </trkpt>
   <trkpt lat="51.4624840" lon="-0.3163570">
    <ele>4.5</ele>
    <time>2026-05-16T10:31:34Z</time>
   </trkpt>
   <trkpt lat="51.4624890" lon="-0.3163720">
    <ele>4.5</ele>
    <time>2026-05-16T10:31:35Z</time>
   </trkpt>
   <trkpt lat="51.4624970" lon="-0.3163830">
    <ele>4.5</ele>
    <time>2026-05-16T10:31:36Z</time>
   </trkpt>
   <trkpt lat="51.4625050" lon="-0.3163980">
    <ele>4.5</ele>
    <time>2026-05-16T10:31:37Z</time>
   </trkpt>
   <trkpt lat="51.4625120" lon="-0.3164080">
    <ele>4.5</ele>
    <time>2026-05-16T10:31:38Z</time>
   </trkpt>
   <trkpt lat="51.4625190" lon="-0.3164130">
    <ele>4.5</ele>
    <time>2026-05-16T10:31:39Z</time>
   </trkpt>
   <trkpt lat="51.4625280" lon="-0.3164260">
    <ele>4.5</ele>
    <time>2026-05-16T10:31:40Z</time>
   </trkpt>
   <trkpt lat="51.4625330" lon="-0.3164310">
    <ele>4.5</ele>
    <time>2026-05-16T10:31:41Z</time>
   </trkpt>
   <trkpt lat="51.4625380" lon="-0.3164390">
    <ele>4.5</ele>
    <time>2026-05-16T10:31:42Z</time>
   </trkpt>
   <trkpt lat="51.4625430" lon="-0.3164560">
    <ele>4.5</ele>
    <time>2026-05-16T10:31:43Z</time>
   </trkpt>
   <trkpt lat="51.4625600" lon="-0.3164810">
    <ele>4.6</ele>
    <time>2026-05-16T10:31:44Z</time>
   </trkpt>
   <trkpt lat="51.4625650" lon="-0.3164910">
    <ele>4.6</ele>
    <time>2026-05-16T10:31:45Z</time>
   </trkpt>
   <trkpt lat="51.4625700" lon="-0.3165020">
    <ele>4.6</ele>
    <time>2026-05-16T10:31:46Z</time>
   </trkpt>
   <trkpt lat="51.4625760" lon="-0.3165160">
    <ele>4.6</ele>
    <time>2026-05-16T10:31:47Z</time>
   </trkpt>
   <trkpt lat="51.4625880" lon="-0.3165450">
    <ele>4.6</ele>
    <time>2026-05-16T10:31:48Z</time>
   </trkpt>
   <trkpt lat="51.4625980" lon="-0.3165520">
    <ele>4.6</ele>
    <time>2026-05-16T10:31:49Z</time>
   </trkpt>
   <trkpt lat="51.4626170" lon="-0.3165690">
    <ele>4.6</ele>
    <time>2026-05-16T10:31:50Z</time>
   </trkpt>
   <trkpt lat="51.4626420" lon="-0.3165830">
    <ele>4.7</ele>
    <time>2026-05-16T10:31:51Z</time>
   </trkpt>
   <trkpt lat="51.4626520" lon="-0.3165850">
    <ele>4.7</ele>
    <time>2026-05-16T10:31:52Z</time>
   </trkpt>
   <trkpt lat="51.4626550" lon="-0.3165880">
    <ele>4.7</ele>
    <time>2026-05-16T10:31:53Z</time>
   </trkpt>
   <trkpt lat="51.4626520" lon="-0.3165900">
    <ele>4.7</ele>
    <time>2026-05-16T10:31:54Z</time>
   </trkpt>
   <trkpt lat="51.4626560" lon="-0.3166080">
    <ele>4.7</ele>
    <time>2026-05-16T10:31:55Z</time>
   </trkpt>
   <trkpt lat="51.4626670" lon="-0.3166370">
    <ele>4.7</ele>
    <time>2026-05-16T10:31:56Z</time>
   </trkpt>
   <trkpt lat="51.4626790" lon="-0.3166580">
    <ele>4.7</ele>
    <time>2026-05-16T10:31:57Z</time>
   </trkpt>
   <trkpt lat="51.4626870" lon="-0.3166750">
    <ele>4.7</ele>
    <time>2026-05-16T10:31:58Z</time>
   </trkpt>
   <trkpt lat="51.4626930" lon="-0.3166950">
    <ele>4.7</ele>
    <time>2026-05-16T10:31:59Z</time>
   </trkpt>
   <trkpt lat="51.4627060" lon="-0.3167140">
    <ele>4.7</ele>
    <time>2026-05-16T10:32:00Z</time>
   </trkpt>
   <trkpt lat="51.4627140" lon="-0.3167290">
    <ele>4.8</ele>
    <time>2026-05-16T10:32:01Z</time>
   </trkpt>
   <trkpt lat="51.4627230" lon="-0.3167480">
    <ele>4.8</ele>
    <time>2026-05-16T10:32:02Z</time>
   </trkpt>
   <trkpt lat="51.4627290" lon="-0.3167570">
    <ele>4.7</ele>
    <time>2026-05-16T10:32:03Z</time>
   </trkpt>
   <trkpt lat="51.4627370" lon="-0.3167620">
    <ele>4.7</ele>
    <time>2026-05-16T10:32:04Z</time>
   </trkpt>
   <trkpt lat="51.4627540" lon="-0.3167760">
    <ele>4.7</ele>
    <time>2026-05-16T10:32:05Z</time>
   </trkpt>
   <trkpt lat="51.4627650" lon="-0.3167980">
    <ele>4.7</ele>
    <time>2026-05-16T10:32:06Z</time>
   </trkpt>
   <trkpt lat="51.4627750" lon="-0.3168210">
    <ele>4.7</ele>
    <time>2026-05-16T10:32:07Z</time>
   </trkpt>
   <trkpt lat="51.4627870" lon="-0.3168290">
    <ele>4.7</ele>
    <time>2026-05-16T10:32:08Z</time>
   </trkpt>
   <trkpt lat="51.4627940" lon="-0.3168400">
    <ele>4.7</ele>
    <time>2026-05-16T10:32:09Z</time>
   </trkpt>
   <trkpt lat="51.4627980" lon="-0.3168610">
    <ele>4.7</ele>
    <time>2026-05-16T10:32:10Z</time>
   </trkpt>
   <trkpt lat="51.4628030" lon="-0.3168840">
    <ele>4.6</ele>
    <time>2026-05-16T10:32:11Z</time>
   </trkpt>
   <trkpt lat="51.4628110" lon="-0.3169010">
    <ele>4.6</ele>
    <time>2026-05-16T10:32:12Z</time>
   </trkpt>
   <trkpt lat="51.4628250" lon="-0.3169190">
    <ele>4.6</ele>
    <time>2026-05-16T10:32:13Z</time>
   </trkpt>
   <trkpt lat="51.4628350" lon="-0.3169340">
    <ele>4.6</ele>
    <time>2026-05-16T10:32:14Z</time>
   </trkpt>
   <trkpt lat="51.4628530" lon="-0.3169510">
    <ele>4.6</ele>
    <time>2026-05-16T10:32:15Z</time>
   </trkpt>
   <trkpt lat="51.4628590" lon="-0.3169620">
    <ele>4.6</ele>
    <time>2026-05-16T10:32:16Z</time>
   </trkpt>
   <trkpt lat="51.4628640" lon="-0.3169740">
    <ele>4.6</ele>
    <time>2026-05-16T10:32:17Z</time>
   </trkpt>
   <trkpt lat="51.4628700" lon="-0.3169850">
    <ele>4.6</ele>
    <time>2026-05-16T10:32:18Z</time>
   </trkpt>
   <trkpt lat="51.4628770" lon="-0.3170120">
    <ele>4.6</ele>
    <time>2026-05-16T10:32:19Z</time>
   </trkpt>
   <trkpt lat="51.4628800" lon="-0.3170340">
    <ele>4.6</ele>
    <time>2026-05-16T10:32:20Z</time>
   </trkpt>
   <trkpt lat="51.4628890" lon="-0.3170550">
    <ele>4.6</ele>
    <time>2026-05-16T10:32:21Z</time>
   </trkpt>
   <trkpt lat="51.4628970" lon="-0.3170740">
    <ele>4.6</ele>
    <time>2026-05-16T10:32:22Z</time>
   </trkpt>
   <trkpt lat="51.4629230" lon="-0.3170990">
    <ele>4.6</ele>
    <time>2026-05-16T10:32:23Z</time>
   </trkpt>
   <trkpt lat="51.4629290" lon="-0.3171070">
    <ele>4.6</ele>
    <time>2026-05-16T10:32:24Z</time>
   </trkpt>
   <trkpt lat="51.4629360" lon="-0.3171310">
    <ele>4.5</ele>
    <time>2026-05-16T10:32:25Z</time>
   </trkpt>
   <trkpt lat="51.4629500" lon="-0.3171500">
    <ele>4.5</ele>
    <time>2026-05-16T10:32:26Z</time>
   </trkpt>
   <trkpt lat="51.4629590" lon="-0.3171740">
    <ele>4.5</ele>
    <time>2026-05-16T10:32:27Z</time>
   </trkpt>
   <trkpt lat="51.4629660" lon="-0.3171990">
    <ele>4.5</ele>
    <time>2026-05-16T10:32:28Z</time>
   </trkpt>
   <trkpt lat="51.4629760" lon="-0.3172130">
    <ele>4.5</ele>
    <time>2026-05-16T10:32:29Z</time>
   </trkpt>
   <trkpt lat="51.4629890" lon="-0.3172210">
    <ele>4.5</ele>
    <time>2026-05-16T10:32:30Z</time>
   </trkpt>
   <trkpt lat="51.4630000" lon="-0.3172340">
    <ele>4.5</ele>
    <time>2026-05-16T10:32:31Z</time>
   </trkpt>
   <trkpt lat="51.4630050" lon="-0.3172500">
    <ele>4.5</ele>
    <time>2026-05-16T10:32:32Z</time>
   </trkpt>
   <trkpt lat="51.4630110" lon="-0.3172650">
    <ele>4.5</ele>
    <time>2026-05-16T10:32:33Z</time>
   </trkpt>
   <trkpt lat="51.4630180" lon="-0.3172760">
    <ele>4.5</ele>
    <time>2026-05-16T10:32:34Z</time>
   </trkpt>
   <trkpt lat="51.4630270" lon="-0.3172880">
    <ele>4.5</ele>
    <time>2026-05-16T10:32:35Z</time>
   </trkpt>
   <trkpt lat="51.4630360" lon="-0.3172990">
    <ele>4.5</ele>
    <time>2026-05-16T10:32:36Z</time>
   </trkpt>
   <trkpt lat="51.4630420" lon="-0.3173110">
    <ele>4.5</ele>
    <time>2026-05-16T10:32:37Z</time>
   </trkpt>
   <trkpt lat="51.4630500" lon="-0.3173240">
    <ele>4.5</ele>
    <time>2026-05-16T10:32:38Z</time>
   </trkpt>
   <trkpt lat="51.4630600" lon="-0.3173380">
    <ele>4.5</ele>
    <time>2026-05-16T10:32:39Z</time>
   </trkpt>
   <trkpt lat="51.4630670" lon="-0.3173540">
    <ele>4.5</ele>
    <time>2026-05-16T10:32:40Z</time>
   </trkpt>
   <trkpt lat="51.4630790" lon="-0.3173690">
    <ele>4.5</ele>
    <time>2026-05-16T10:32:41Z</time>
   </trkpt>
   <trkpt lat="51.4630910" lon="-0.3173870">
    <ele>4.5</ele>
    <time>2026-05-16T10:32:42Z</time>
   </trkpt>
   <trkpt lat="51.4631040" lon="-0.3174010">
    <ele>4.5</ele>
    <time>2026-05-16T10:32:43Z</time>
   </trkpt>
   <trkpt lat="51.4631120" lon="-0.3174240">
    <ele>4.5</ele>
    <time>2026-05-16T10:32:44Z</time>
   </trkpt>
   <trkpt lat="51.4631170" lon="-0.3174450">
    <ele>4.5</ele>
    <time>2026-05-16T10:32:45Z</time>
   </trkpt>
   <trkpt lat="51.4631250" lon="-0.3174640">
    <ele>4.5</ele>
    <time>2026-05-16T10:32:46Z</time>
   </trkpt>
   <trkpt lat="51.4631360" lon="-0.3174820">
    <ele>4.5</ele>
    <time>2026-05-16T10:32:47Z</time>
   </trkpt>
   <trkpt lat="51.4631440" lon="-0.3174990">
    <ele>4.5</ele>
    <time>2026-05-16T10:32:48Z</time>
   </trkpt>
   <trkpt lat="51.4631540" lon="-0.3175150">
    <ele>4.5</ele>
    <time>2026-05-16T10:32:49Z</time>
   </trkpt>
   <trkpt lat="51.4631630" lon="-0.3175330">
    <ele>4.5</ele>
    <time>2026-05-16T10:32:50Z</time>
   </trkpt>
   <trkpt lat="51.4631680" lon="-0.3175450">
    <ele>4.5</ele>
    <time>2026-05-16T10:32:51Z</time>
   </trkpt>
   <trkpt lat="51.4631740" lon="-0.3175620">
    <ele>4.5</ele>
    <time>2026-05-16T10:32:52Z</time>
   </trkpt>
   <trkpt lat="51.4631820" lon="-0.3175790">
    <ele>4.5</ele>
    <time>2026-05-16T10:32:53Z</time>
   </trkpt>
   <trkpt lat="51.4631920" lon="-0.3175970">
    <ele>4.5</ele>
    <time>2026-05-16T10:32:54Z</time>
   </trkpt>
   <trkpt lat="51.4632010" lon="-0.3176190">
    <ele>4.5</ele>
    <time>2026-05-16T10:32:55Z</time>
   </trkpt>
   <trkpt lat="51.4632100" lon="-0.3176320">
    <ele>4.5</ele>
    <time>2026-05-16T10:32:56Z</time>
   </trkpt>
   <trkpt lat="51.4632240" lon="-0.3176560">
    <ele>4.5</ele>
    <time>2026-05-16T10:32:57Z</time>
   </trkpt>
   <trkpt lat="51.4632290" lon="-0.3176680">
    <ele>4.5</ele>
    <time>2026-05-16T10:32:58Z</time>
   </trkpt>
   <trkpt lat="51.4632340" lon="-0.3176790">
    <ele>4.5</ele>
    <time>2026-05-16T10:32:59Z</time>
   </trkpt>
   <trkpt lat="51.4632500" lon="-0.3177050">
    <ele>4.5</ele>
    <time>2026-05-16T10:33:00Z</time>
   </trkpt>
   <trkpt lat="51.4632560" lon="-0.3177170">
    <ele>4.5</ele>
    <time>2026-05-16T10:33:01Z</time>
   </trkpt>
   <trkpt lat="51.4632630" lon="-0.3177300">
    <ele>4.5</ele>
    <time>2026-05-16T10:33:02Z</time>
   </trkpt>
   <trkpt lat="51.4632700" lon="-0.3177520">
    <ele>4.5</ele>
    <time>2026-05-16T10:33:03Z</time>
   </trkpt>
   <trkpt lat="51.4632820" lon="-0.3177660">
    <ele>4.5</ele>
    <time>2026-05-16T10:33:04Z</time>
   </trkpt>
   <trkpt lat="51.4632950" lon="-0.3177790">
    <ele>4.5</ele>
    <time>2026-05-16T10:33:05Z</time>
   </trkpt>
   <trkpt lat="51.4633050" lon="-0.3177940">
    <ele>4.6</ele>
    <time>2026-05-16T10:33:06Z</time>
   </trkpt>
   <trkpt lat="51.4633200" lon="-0.3178200">
    <ele>4.6</ele>
    <time>2026-05-16T10:33:07Z</time>
   </trkpt>
   <trkpt lat="51.4633270" lon="-0.3178270">
    <ele>4.6</ele>
    <time>2026-05-16T10:33:08Z</time>
   </trkpt>
   <trkpt lat="51.4633350" lon="-0.3178330">
    <ele>4.6</ele>
    <time>2026-05-16T10:33:09Z</time>
   </trkpt>
   <trkpt lat="51.4633450" lon="-0.3178430">
    <ele>4.6</ele>
    <time>2026-05-16T10:33:10Z</time>
   </trkpt>
   <trkpt lat="51.4633510" lon="-0.3178610">
    <ele>4.6</ele>
    <time>2026-05-16T10:33:11Z</time>
   </trkpt>
   <trkpt lat="51.4633570" lon="-0.3178800">
    <ele>4.6</ele>
    <time>2026-05-16T10:33:12Z</time>
   </trkpt>
   <trkpt lat="51.4633660" lon="-0.3178950">
    <ele>4.6</ele>
    <time>2026-05-16T10:33:13Z</time>
   </trkpt>
   <trkpt lat="51.4633780" lon="-0.3179070">
    <ele>4.6</ele>
    <time>2026-05-16T10:33:14Z</time>
   </trkpt>
   <trkpt lat="51.4633830" lon="-0.3179210">
    <ele>4.6</ele>
    <time>2026-05-16T10:33:15Z</time>
   </trkpt>
   <trkpt lat="51.4633890" lon="-0.3179350">
    <ele>4.6</ele>
    <time>2026-05-16T10:33:16Z</time>
   </trkpt>
   <trkpt lat="51.4634000" lon="-0.3179490">
    <ele>4.6</ele>
    <time>2026-05-16T10:33:17Z</time>
   </trkpt>
   <trkpt lat="51.4634170" lon="-0.3179710">
    <ele>4.6</ele>
    <time>2026-05-16T10:33:18Z</time>
   </trkpt>
   <trkpt lat="51.4634240" lon="-0.3179790">
    <ele>4.6</ele>
    <time>2026-05-16T10:33:19Z</time>
   </trkpt>
   <trkpt lat="51.4634320" lon="-0.3179870">
    <ele>4.6</ele>
    <time>2026-05-16T10:33:20Z</time>
   </trkpt>
   <trkpt lat="51.4634390" lon="-0.3180050">
    <ele>4.6</ele>
    <time>2026-05-16T10:33:21Z</time>
   </trkpt>
   <trkpt lat="51.4634480" lon="-0.3180230">
    <ele>4.6</ele>
    <time>2026-05-16T10:33:22Z</time>
   </trkpt>
   <trkpt lat="51.4634620" lon="-0.3180500">
    <ele>4.6</ele>
    <time>2026-05-16T10:33:23Z</time>
   </trkpt>
   <trkpt lat="51.4634680" lon="-0.3180620">
    <ele>4.6</ele>
    <time>2026-05-16T10:33:24Z</time>
   </trkpt>
   <trkpt lat="51.4634740" lon="-0.3180740">
    <ele>4.6</ele>
    <time>2026-05-16T10:33:25Z</time>
   </trkpt>
   <trkpt lat="51.4634840" lon="-0.3181000">
    <ele>4.6</ele>
    <time>2026-05-16T10:33:26Z</time>
   </trkpt>
   <trkpt lat="51.4634890" lon="-0.3181110">
    <ele>4.6</ele>
    <time>2026-05-16T10:33:27Z</time>
   </trkpt>
   <trkpt lat="51.4634940" lon="-0.3181230">
    <ele>4.6</ele>
    <time>2026-05-16T10:33:28Z</time>
   </trkpt>
   <trkpt lat="51.4635070" lon="-0.3181490">
    <ele>4.6</ele>
    <time>2026-05-16T10:33:29Z</time>
   </trkpt>
   <trkpt lat="51.4635140" lon="-0.3181590">
    <ele>4.6</ele>
    <time>2026-05-16T10:33:30Z</time>
   </trkpt>
   <trkpt lat="51.4635210" lon="-0.3181700">
    <ele>4.6</ele>
    <time>2026-05-16T10:33:31Z</time>
   </trkpt>
   <trkpt lat="51.4635290" lon="-0.3181820">
    <ele>4.6</ele>
    <time>2026-05-16T10:33:32Z</time>
   </trkpt>
   <trkpt lat="51.4635390" lon="-0.3181940">
    <ele>4.6</ele>
    <time>2026-05-16T10:33:33Z</time>
   </trkpt>
   <trkpt lat="51.4635450" lon="-0.3182110">
    <ele>4.6</ele>
    <time>2026-05-16T10:33:34Z</time>
   </trkpt>
   <trkpt lat="51.4635540" lon="-0.3182280">
    <ele>4.6</ele>
    <time>2026-05-16T10:33:35Z</time>
   </trkpt>
   <trkpt lat="51.4635700" lon="-0.3182490">
    <ele>4.6</ele>
    <time>2026-05-16T10:33:36Z</time>
   </trkpt>
   <trkpt lat="51.4635840" lon="-0.3182610">
    <ele>4.6</ele>
    <time>2026-05-16T10:33:37Z</time>
   </trkpt>
   <trkpt lat="51.4635960" lon="-0.3182780">
    <ele>4.6</ele>
    <time>2026-05-16T10:33:38Z</time>
   </trkpt>
   <trkpt lat="51.4636040" lon="-0.3182970">
    <ele>4.6</ele>
    <time>2026-05-16T10:33:39Z</time>
   </trkpt>
   <trkpt lat="51.4636120" lon="-0.3183190">
    <ele>4.6</ele>
    <time>2026-05-16T10:33:40Z</time>
   </trkpt>
   <trkpt lat="51.4636210" lon="-0.3183360">
    <ele>4.6</ele>
    <time>2026-05-16T10:33:41Z</time>
   </trkpt>
   <trkpt lat="51.4636320" lon="-0.3183510">
    <ele>4.6</ele>
    <time>2026-05-16T10:33:42Z</time>
   </trkpt>
   <trkpt lat="51.4636480" lon="-0.3183750">
    <ele>4.6</ele>
    <time>2026-05-16T10:33:43Z</time>
   </trkpt>
   <trkpt lat="51.4636530" lon="-0.3183850">
    <ele>4.6</ele>
    <time>2026-05-16T10:33:44Z</time>
   </trkpt>
   <trkpt lat="51.4636590" lon="-0.3183960">
    <ele>4.6</ele>
    <time>2026-05-16T10:33:45Z</time>
   </trkpt>
   <trkpt lat="51.4636700" lon="-0.3184080">
    <ele>4.6</ele>
    <time>2026-05-16T10:33:46Z</time>
   </trkpt>
   <trkpt lat="51.4636790" lon="-0.3184260">
    <ele>4.6</ele>
    <time>2026-05-16T10:33:47Z</time>
   </trkpt>
   <trkpt lat="51.4636860" lon="-0.3184460">
    <ele>4.6</ele>
    <time>2026-05-16T10:33:48Z</time>
   </trkpt>
   <trkpt lat="51.4636930" lon="-0.3184600">
    <ele>4.6</ele>
    <time>2026-05-16T10:33:49Z</time>
   </trkpt>
   <trkpt lat="51.4637050" lon="-0.3184640">
    <ele>4.6</ele>
    <time>2026-05-16T10:33:50Z</time>
   </trkpt>
   <trkpt lat="51.4637150" lon="-0.3184750">
    <ele>4.6</ele>
    <time>2026-05-16T10:33:51Z</time>
   </trkpt>
   <trkpt lat="51.4637210" lon="-0.3184880">
    <ele>4.6</ele>
    <time>2026-05-16T10:33:52Z</time>
   </trkpt>
   <trkpt lat="51.4637260" lon="-0.3185030">
    <ele>4.6</ele>
    <time>2026-05-16T10:33:53Z</time>
   </trkpt>
   <trkpt lat="51.4637390" lon="-0.3185300">
    <ele>4.6</ele>
    <time>2026-05-16T10:33:54Z</time>
   </trkpt>
   <trkpt lat="51.4637460" lon="-0.3185400">
    <ele>4.6</ele>
    <time>2026-05-16T10:33:55Z</time>
   </trkpt>
   <trkpt lat="51.4637520" lon="-0.3185510">
    <ele>4.6</ele>
    <time>2026-05-16T10:33:56Z</time>
   </trkpt>
   <trkpt lat="51.4637650" lon="-0.3185620">
    <ele>4.6</ele>
    <time>2026-05-16T10:33:57Z</time>
   </trkpt>
   <trkpt lat="51.4637750" lon="-0.3185740">
    <ele>4.6</ele>
    <time>2026-05-16T10:33:58Z</time>
   </trkpt>
   <trkpt lat="51.4637890" lon="-0.3185880">
    <ele>4.6</ele>
    <time>2026-05-16T10:33:59Z</time>
   </trkpt>
   <trkpt lat="51.4638000" lon="-0.3186020">
    <ele>4.6</ele>
    <time>2026-05-16T10:34:00Z</time>
   </trkpt>
   <trkpt lat="51.4638140" lon="-0.3186240">
    <ele>4.6</ele>
    <time>2026-05-16T10:34:01Z</time>
   </trkpt>
   <trkpt lat="51.4638240" lon="-0.3186430">
    <ele>4.6</ele>
    <time>2026-05-16T10:34:02Z</time>
   </trkpt>
   <trkpt lat="51.4638310" lon="-0.3186620">
    <ele>4.6</ele>
    <time>2026-05-16T10:34:03Z</time>
   </trkpt>
   <trkpt lat="51.4638400" lon="-0.3186820">
    <ele>4.6</ele>
    <time>2026-05-16T10:34:04Z</time>
   </trkpt>
   <trkpt lat="51.4638560" lon="-0.3187070">
    <ele>4.6</ele>
    <time>2026-05-16T10:34:05Z</time>
   </trkpt>
   <trkpt lat="51.4638630" lon="-0.3187170">
    <ele>4.6</ele>
    <time>2026-05-16T10:34:06Z</time>
   </trkpt>
   <trkpt lat="51.4638690" lon="-0.3187270">
    <ele>4.6</ele>
    <time>2026-05-16T10:34:07Z</time>
   </trkpt>
   <trkpt lat="51.4638860" lon="-0.3187510">
    <ele>4.6</ele>
    <time>2026-05-16T10:34:08Z</time>
   </trkpt>
   <trkpt lat="51.4638930" lon="-0.3187580">
    <ele>4.6</ele>
    <time>2026-05-16T10:34:09Z</time>
   </trkpt>
   <trkpt lat="51.4639010" lon="-0.3187660">
    <ele>4.6</ele>
    <time>2026-05-16T10:34:10Z</time>
   </trkpt>
   <trkpt lat="51.4639210" lon="-0.3187840">
    <ele>4.6</ele>
    <time>2026-05-16T10:34:11Z</time>
   </trkpt>
   <trkpt lat="51.4639280" lon="-0.3187920">
    <ele>4.6</ele>
    <time>2026-05-16T10:34:12Z</time>
   </trkpt>
   <trkpt lat="51.4639360" lon="-0.3187990">
    <ele>4.6</ele>
    <time>2026-05-16T10:34:13Z</time>
   </trkpt>
   <trkpt lat="51.4639490" lon="-0.3188080">
    <ele>4.6</ele>
    <time>2026-05-16T10:34:14Z</time>
   </trkpt>
   <trkpt lat="51.4639610" lon="-0.3188210">
    <ele>4.6</ele>
    <time>2026-05-16T10:34:15Z</time>
   </trkpt>
   <trkpt lat="51.4639710" lon="-0.3188360">
    <ele>4.6</ele>
    <time>2026-05-16T10:34:16Z</time>
   </trkpt>
   <trkpt lat="51.4639800" lon="-0.3188540">
    <ele>4.6</ele>
    <time>2026-05-16T10:34:17Z</time>
   </trkpt>
   <trkpt lat="51.4639950" lon="-0.3188800">
    <ele>4.6</ele>
    <time>2026-05-16T10:34:18Z</time>
   </trkpt>
   <trkpt lat="51.4640010" lon="-0.3188910">
    <ele>4.6</ele>
    <time>2026-05-16T10:34:19Z</time>
   </trkpt>
   <trkpt lat="51.4640070" lon="-0.3189020">
    <ele>4.6</ele>
    <time>2026-05-16T10:34:20Z</time>
   </trkpt>
   <trkpt lat="51.4640230" lon="-0.3189240">
    <ele>4.6</ele>
    <time>2026-05-16T10:34:21Z</time>
   </trkpt>
   <trkpt lat="51.4640310" lon="-0.3189320">
    <ele>4.6</ele>
    <time>2026-05-16T10:34:22Z</time>
   </trkpt>
   <trkpt lat="51.4640380" lon="-0.3189390">
    <ele>4.6</ele>
    <time>2026-05-16T10:34:23Z</time>
   </trkpt>
   <trkpt lat="51.4640520" lon="-0.3189440">
    <ele>4.6</ele>
    <time>2026-05-16T10:34:24Z</time>
   </trkpt>
   <trkpt lat="51.4640650" lon="-0.3189520">
    <ele>4.6</ele>
    <time>2026-05-16T10:34:25Z</time>
   </trkpt>
   <trkpt lat="51.4640830" lon="-0.3189710">
    <ele>4.6</ele>
    <time>2026-05-16T10:34:26Z</time>
   </trkpt>
   <trkpt lat="51.4640890" lon="-0.3189810">
    <ele>4.6</ele>
    <time>2026-05-16T10:34:27Z</time>
   </trkpt>
   <trkpt lat="51.4640950" lon="-0.3189920">
    <ele>4.6</ele>
    <time>2026-05-16T10:34:28Z</time>
   </trkpt>
   <trkpt lat="51.4641050" lon="-0.3190070">
    <ele>4.6</ele>
    <time>2026-05-16T10:34:29Z</time>
   </trkpt>
   <trkpt lat="51.4641140" lon="-0.3190250">
    <ele>4.6</ele>
    <time>2026-05-16T10:34:30Z</time>
   </trkpt>
   <trkpt lat="51.4641310" lon="-0.3190470">
    <ele>4.6</ele>
    <time>2026-05-16T10:34:31Z</time>
   </trkpt>
   <trkpt lat="51.4641390" lon="-0.3190550">
    <ele>4.6</ele>
    <time>2026-05-16T10:34:32Z</time>
   </trkpt>
   <trkpt lat="51.4641460" lon="-0.3190620">
    <ele>4.6</ele>
    <time>2026-05-16T10:34:33Z</time>
   </trkpt>
   <trkpt lat="51.4641560" lon="-0.3190720">
    <ele>4.6</ele>
    <time>2026-05-16T10:34:34Z</time>
   </trkpt>
   <trkpt lat="51.4641650" lon="-0.3190830">
    <ele>4.6</ele>
    <time>2026-05-16T10:34:35Z</time>
   </trkpt>
   <trkpt lat="51.4641750" lon="-0.3190950">
    <ele>4.6</ele>
    <time>2026-05-16T10:34:36Z</time>
   </trkpt>
   <trkpt lat="51.4641910" lon="-0.3191170">
    <ele>4.6</ele>
    <time>2026-05-16T10:34:37Z</time>
   </trkpt>
   <trkpt lat="51.4641980" lon="-0.3191260">
    <ele>4.6</ele>
    <time>2026-05-16T10:34:38Z</time>
   </trkpt>
   <trkpt lat="51.4642040" lon="-0.3191360">
    <ele>4.6</ele>
    <time>2026-05-16T10:34:39Z</time>
   </trkpt>
   <trkpt lat="51.4642200" lon="-0.3191580">
    <ele>4.6</ele>
    <time>2026-05-16T10:34:40Z</time>
   </trkpt>
   <trkpt lat="51.4642250" lon="-0.3191700">
    <ele>4.6</ele>
    <time>2026-05-16T10:34:41Z</time>
   </trkpt>
   <trkpt lat="51.4642300" lon="-0.3191820">
    <ele>4.6</ele>
    <time>2026-05-16T10:34:42Z</time>
   </trkpt>
   <trkpt lat="51.4642460" lon="-0.3192000">
    <ele>4.6</ele>
    <time>2026-05-16T10:34:43Z</time>
   </trkpt>
   <trkpt lat="51.4642550" lon="-0.3192040">
    <ele>4.6</ele>
    <time>2026-05-16T10:34:44Z</time>
   </trkpt>
   <trkpt lat="51.4642640" lon="-0.3192070">
    <ele>4.6</ele>
    <time>2026-05-16T10:34:45Z</time>
   </trkpt>
   <trkpt lat="51.4642770" lon="-0.3192160">
    <ele>4.6</ele>
    <time>2026-05-16T10:34:46Z</time>
   </trkpt>
   <trkpt lat="51.4642900" lon="-0.3192230">
    <ele>4.6</ele>
    <time>2026-05-16T10:34:47Z</time>
   </trkpt>
   <trkpt lat="51.4643100" lon="-0.3192360">
    <ele>4.6</ele>
    <time>2026-05-16T10:34:48Z</time>
   </trkpt>
   <trkpt lat="51.4643170" lon="-0.3192480">
    <ele>4.6</ele>
    <time>2026-05-16T10:34:49Z</time>
   </trkpt>
   <trkpt lat="51.4643230" lon="-0.3192590">
    <ele>4.6</ele>
    <time>2026-05-16T10:34:50Z</time>
   </trkpt>
   <trkpt lat="51.4643310" lon="-0.3192810">
    <ele>4.6</ele>
    <time>2026-05-16T10:34:51Z</time>
   </trkpt>
   <trkpt lat="51.4643390" lon="-0.3192980">
    <ele>4.6</ele>
    <time>2026-05-16T10:34:52Z</time>
   </trkpt>
   <trkpt lat="51.4643470" lon="-0.3193100">
    <ele>4.6</ele>
    <time>2026-05-16T10:34:53Z</time>
   </trkpt>
   <trkpt lat="51.4643560" lon="-0.3193220">
    <ele>4.6</ele>
    <time>2026-05-16T10:34:54Z</time>
   </trkpt>
   <trkpt lat="51.4643650" lon="-0.3193340">
    <ele>4.6</ele>
    <time>2026-05-16T10:34:55Z</time>
   </trkpt>
   <trkpt lat="51.4643800" lon="-0.3193600">
    <ele>4.6</ele>
    <time>2026-05-16T10:34:56Z</time>
   </trkpt>
   <trkpt lat="51.4643860" lon="-0.3193680">
    <ele>4.6</ele>
    <time>2026-05-16T10:34:57Z</time>
   </trkpt>
   <trkpt lat="51.4643930" lon="-0.3193760">
    <ele>4.6</ele>
    <time>2026-05-16T10:34:58Z</time>
   </trkpt>
   <trkpt lat="51.4644100" lon="-0.3193900">
    <ele>4.6</ele>
    <time>2026-05-16T10:34:59Z</time>
   </trkpt>
   <trkpt lat="51.4644180" lon="-0.3193990">
    <ele>4.6</ele>
    <time>2026-05-16T10:35:00Z</time>
   </trkpt>
   <trkpt lat="51.4644250" lon="-0.3194070">
    <ele>4.6</ele>
    <time>2026-05-16T10:35:01Z</time>
   </trkpt>
   <trkpt lat="51.4644380" lon="-0.3194150">
    <ele>4.6</ele>
    <time>2026-05-16T10:35:02Z</time>
   </trkpt>
   <trkpt lat="51.4644510" lon="-0.3194250">
    <ele>4.6</ele>
    <time>2026-05-16T10:35:03Z</time>
   </trkpt>
   <trkpt lat="51.4644630" lon="-0.3194360">
    <ele>4.6</ele>
    <time>2026-05-16T10:35:04Z</time>
   </trkpt>
   <trkpt lat="51.4644750" lon="-0.3194460">
    <ele>4.6</ele>
    <time>2026-05-16T10:35:05Z</time>
   </trkpt>
   <trkpt lat="51.4644880" lon="-0.3194560">
    <ele>4.6</ele>
    <time>2026-05-16T10:35:07Z</time>
   </trkpt>
   <trkpt lat="51.4645010" lon="-0.3194660">
    <ele>4.6</ele>
    <time>2026-05-16T10:35:08Z</time>
   </trkpt>
   <trkpt lat="51.4645210" lon="-0.3194780">
    <ele>4.6</ele>
    <time>2026-05-16T10:35:09Z</time>
   </trkpt>
   <trkpt lat="51.4645300" lon="-0.3194830">
    <ele>4.6</ele>
    <time>2026-05-16T10:35:10Z</time>
   </trkpt>
   <trkpt lat="51.4645380" lon="-0.3194880">
    <ele>4.6</ele>
    <time>2026-05-16T10:35:11Z</time>
   </trkpt>
   <trkpt lat="51.4645570" lon="-0.3194990">
    <ele>4.6</ele>
    <time>2026-05-16T10:35:12Z</time>
   </trkpt>
   <trkpt lat="51.4645650" lon="-0.3195040">
    <ele>4.6</ele>
    <time>2026-05-16T10:35:13Z</time>
   </trkpt>
   <trkpt lat="51.4645720" lon="-0.3195080">
    <ele>4.6</ele>
    <time>2026-05-16T10:35:14Z</time>
   </trkpt>
   <trkpt lat="51.4645850" lon="-0.3195180">
    <ele>4.6</ele>
    <time>2026-05-16T10:35:15Z</time>
   </trkpt>
   <trkpt lat="51.4646000" lon="-0.3195320">
    <ele>4.6</ele>
    <time>2026-05-16T10:35:16Z</time>
   </trkpt>
   <trkpt lat="51.4646120" lon="-0.3195520">
    <ele>4.6</ele>
    <time>2026-05-16T10:35:17Z</time>
   </trkpt>
   <trkpt lat="51.4646280" lon="-0.3195570">
    <ele>4.6</ele>
    <time>2026-05-16T10:35:18Z</time>
   </trkpt>
   <trkpt lat="51.4646390" lon="-0.3195630">
    <ele>4.6</ele>
    <time>2026-05-16T10:35:19Z</time>
   </trkpt>
   <trkpt lat="51.4646500" lon="-0.3195730">
    <ele>4.6</ele>
    <time>2026-05-16T10:35:20Z</time>
   </trkpt>
   <trkpt lat="51.4646660" lon="-0.3195920">
    <ele>4.6</ele>
    <time>2026-05-16T10:35:21Z</time>
   </trkpt>
   <trkpt lat="51.4646740" lon="-0.3195970">
    <ele>4.6</ele>
    <time>2026-05-16T10:35:22Z</time>
   </trkpt>
   <trkpt lat="51.4646870" lon="-0.3196030">
    <ele>4.6</ele>
    <time>2026-05-16T10:35:23Z</time>
   </trkpt>
   <trkpt lat="51.4647090" lon="-0.3196100">
    <ele>4.6</ele>
    <time>2026-05-16T10:35:24Z</time>
   </trkpt>
   <trkpt lat="51.4647170" lon="-0.3196120">
    <ele>4.6</ele>
    <time>2026-05-16T10:35:25Z</time>
   </trkpt>
   <trkpt lat="51.4647260" lon="-0.3196150">
    <ele>4.7</ele>
    <time>2026-05-16T10:35:26Z</time>
   </trkpt>
   <trkpt lat="51.4647380" lon="-0.3196250">
    <ele>4.7</ele>
    <time>2026-05-16T10:35:27Z</time>
   </trkpt>
   <trkpt lat="51.4647480" lon="-0.3196320">
    <ele>4.7</ele>
    <time>2026-05-16T10:35:28Z</time>
   </trkpt>
   <trkpt lat="51.4647560" lon="-0.3196320">
    <ele>4.7</ele>
    <time>2026-05-16T10:35:29Z</time>
   </trkpt>
   <trkpt lat="51.4647650" lon="-0.3196320">
    <ele>4.7</ele>
    <time>2026-05-16T10:35:30Z</time>
   </trkpt>
   <trkpt lat="51.4647750" lon="-0.3196350">
    <ele>4.7</ele>
    <time>2026-05-16T10:35:31Z</time>
   </trkpt>
   <trkpt lat="51.4647850" lon="-0.3196410">
    <ele>4.7</ele>
    <time>2026-05-16T10:35:32Z</time>
   </trkpt>
   <trkpt lat="51.4648060" lon="-0.3196520">
    <ele>4.7</ele>
    <time>2026-05-16T10:35:33Z</time>
   </trkpt>
   <trkpt lat="51.4648140" lon="-0.3196590">
    <ele>4.7</ele>
    <time>2026-05-16T10:35:34Z</time>
   </trkpt>
   <trkpt lat="51.4648230" lon="-0.3196650">
    <ele>4.7</ele>
    <time>2026-05-16T10:35:35Z</time>
   </trkpt>
   <trkpt lat="51.4648350" lon="-0.3196750">
    <ele>4.7</ele>
    <time>2026-05-16T10:35:36Z</time>
   </trkpt>
   <trkpt lat="51.4648430" lon="-0.3196860">
    <ele>4.7</ele>
    <time>2026-05-16T10:35:37Z</time>
   </trkpt>
   <trkpt lat="51.4648570" lon="-0.3196860">
    <ele>4.7</ele>
    <time>2026-05-16T10:35:38Z</time>
   </trkpt>
   <trkpt lat="51.4648720" lon="-0.3196910">
    <ele>4.7</ele>
    <time>2026-05-16T10:35:39Z</time>
   </trkpt>
   <trkpt lat="51.4648860" lon="-0.3196930">
    <ele>4.6</ele>
    <time>2026-05-16T10:35:40Z</time>
   </trkpt>
   <trkpt lat="51.4648940" lon="-0.3197070">
    <ele>4.6</ele>
    <time>2026-05-16T10:35:41Z</time>
   </trkpt>
   <trkpt lat="51.4649100" lon="-0.3197150">
    <ele>4.6</ele>
    <time>2026-05-16T10:35:42Z</time>
   </trkpt>
   <trkpt lat="51.4649240" lon="-0.3197190">
    <ele>4.6</ele>
    <time>2026-05-16T10:35:43Z</time>
   </trkpt>
   <trkpt lat="51.4649380" lon="-0.3197230">
    <ele>4.6</ele>
    <time>2026-05-16T10:35:44Z</time>
   </trkpt>
   <trkpt lat="51.4649540" lon="-0.3197270">
    <ele>4.6</ele>
    <time>2026-05-16T10:35:45Z</time>
   </trkpt>
   <trkpt lat="51.4649660" lon="-0.3197320">
    <ele>4.6</ele>
    <time>2026-05-16T10:35:46Z</time>
   </trkpt>
   <trkpt lat="51.4649790" lon="-0.3197290">
    <ele>4.6</ele>
    <time>2026-05-16T10:35:47Z</time>
   </trkpt>
   <trkpt lat="51.4649950" lon="-0.3197160">
    <ele>4.6</ele>
    <time>2026-05-16T10:35:48Z</time>
   </trkpt>
   <trkpt lat="51.4650130" lon="-0.3197160">
    <ele>4.6</ele>
    <time>2026-05-16T10:35:49Z</time>
   </trkpt>
   <trkpt lat="51.4650270" lon="-0.3197160">
    <ele>4.6</ele>
    <time>2026-05-16T10:35:50Z</time>
   </trkpt>
   <trkpt lat="51.4650430" lon="-0.3197230">
    <ele>4.7</ele>
    <time>2026-05-16T10:35:51Z</time>
   </trkpt>
   <trkpt lat="51.4650530" lon="-0.3197300">
    <ele>4.7</ele>
    <time>2026-05-16T10:35:52Z</time>
   </trkpt>
   <trkpt lat="51.4650740" lon="-0.3197370">
    <ele>4.7</ele>
    <time>2026-05-16T10:35:53Z</time>
   </trkpt>
   <trkpt lat="51.4650840" lon="-0.3197390">
    <ele>4.7</ele>
    <time>2026-05-16T10:35:54Z</time>
   </trkpt>
   <trkpt lat="51.4650940" lon="-0.3197420">
    <ele>4.7</ele>
    <time>2026-05-16T10:35:55Z</time>
   </trkpt>
   <trkpt lat="51.4651070" lon="-0.3197450">
    <ele>4.7</ele>
    <time>2026-05-16T10:35:56Z</time>
   </trkpt>
   <trkpt lat="51.4651220" lon="-0.3197540">
    <ele>4.7</ele>
    <time>2026-05-16T10:35:57Z</time>
   </trkpt>
   <trkpt lat="51.4651420" lon="-0.3197580">
    <ele>4.7</ele>
    <time>2026-05-16T10:35:58Z</time>
   </trkpt>
   <trkpt lat="51.4651560" lon="-0.3197580">
    <ele>4.7</ele>
    <time>2026-05-16T10:35:59Z</time>
   </trkpt>
   <trkpt lat="51.4651700" lon="-0.3197590">
    <ele>4.7</ele>
    <time>2026-05-16T10:36:00Z</time>
   </trkpt>
   <trkpt lat="51.4651830" lon="-0.3197570">
    <ele>4.7</ele>
    <time>2026-05-16T10:36:01Z</time>
   </trkpt>
   <trkpt lat="51.4652030" lon="-0.3197670">
    <ele>4.7</ele>
    <time>2026-05-16T10:36:02Z</time>
   </trkpt>
   <trkpt lat="51.4652110" lon="-0.3197710">
    <ele>4.7</ele>
    <time>2026-05-16T10:36:03Z</time>
   </trkpt>
   <trkpt lat="51.4652190" lon="-0.3197750">
    <ele>4.7</ele>
    <time>2026-05-16T10:36:04Z</time>
   </trkpt>
   <trkpt lat="51.4652410" lon="-0.3197770">
    <ele>4.7</ele>
    <time>2026-05-16T10:36:05Z</time>
   </trkpt>
   <trkpt lat="51.4652500" lon="-0.3197780">
    <ele>4.7</ele>
    <time>2026-05-16T10:36:06Z</time>
   </trkpt>
   <trkpt lat="51.4652590" lon="-0.3197800">
    <ele>4.7</ele>
    <time>2026-05-16T10:36:07Z</time>
   </trkpt>
   <trkpt lat="51.4652800" lon="-0.3197800">
    <ele>4.7</ele>
    <time>2026-05-16T10:36:08Z</time>
   </trkpt>
   <trkpt lat="51.4652900" lon="-0.3197800">
    <ele>4.7</ele>
    <time>2026-05-16T10:36:09Z</time>
   </trkpt>
   <trkpt lat="51.4653000" lon="-0.3197800">
    <ele>4.7</ele>
    <time>2026-05-16T10:36:10Z</time>
   </trkpt>
   <trkpt lat="51.4653150" lon="-0.3197800">
    <ele>4.7</ele>
    <time>2026-05-16T10:36:11Z</time>
   </trkpt>
   <trkpt lat="51.4653290" lon="-0.3197780">
    <ele>4.7</ele>
    <time>2026-05-16T10:36:12Z</time>
   </trkpt>
   <trkpt lat="51.4653450" lon="-0.3197790">
    <ele>4.7</ele>
    <time>2026-05-16T10:36:13Z</time>
   </trkpt>
   <trkpt lat="51.4653640" lon="-0.3197800">
    <ele>4.7</ele>
    <time>2026-05-16T10:36:14Z</time>
   </trkpt>
   <trkpt lat="51.4653790" lon="-0.3197920">
    <ele>4.8</ele>
    <time>2026-05-16T10:36:15Z</time>
   </trkpt>
   <trkpt lat="51.4653910" lon="-0.3197890">
    <ele>4.8</ele>
    <time>2026-05-16T10:36:16Z</time>
   </trkpt>
   <trkpt lat="51.4654050" lon="-0.3197850">
    <ele>4.8</ele>
    <time>2026-05-16T10:36:17Z</time>
   </trkpt>
   <trkpt lat="51.4654120" lon="-0.3197790">
    <ele>4.8</ele>
    <time>2026-05-16T10:36:18Z</time>
   </trkpt>
   <trkpt lat="51.4654170" lon="-0.3197820">
    <ele>4.8</ele>
    <time>2026-05-16T10:36:19Z</time>
   </trkpt>
   <trkpt lat="51.4654270" lon="-0.3197870">
    <ele>4.8</ele>
    <time>2026-05-16T10:36:20Z</time>
   </trkpt>
   <trkpt lat="51.4654500" lon="-0.3197860">
    <ele>4.8</ele>
    <time>2026-05-16T10:36:21Z</time>
   </trkpt>
   <trkpt lat="51.4654600" lon="-0.3197830">
    <ele>4.8</ele>
    <time>2026-05-16T10:36:22Z</time>
   </trkpt>
   <trkpt lat="51.4654710" lon="-0.3197800">
    <ele>4.8</ele>
    <time>2026-05-16T10:36:23Z</time>
   </trkpt>
   <trkpt lat="51.4654850" lon="-0.3197770">
    <ele>4.8</ele>
    <time>2026-05-16T10:36:24Z</time>
   </trkpt>
   <trkpt lat="51.4655010" lon="-0.3197760">
    <ele>4.8</ele>
    <time>2026-05-16T10:36:25Z</time>
   </trkpt>
   <trkpt lat="51.4655170" lon="-0.3197730">
    <ele>4.8</ele>
    <time>2026-05-16T10:36:26Z</time>
   </trkpt>
   <trkpt lat="51.4655320" lon="-0.3197710">
    <ele>4.8</ele>
    <time>2026-05-16T10:36:27Z</time>
   </trkpt>
   <trkpt lat="51.4655470" lon="-0.3197670">
    <ele>4.8</ele>
    <time>2026-05-16T10:36:28Z</time>
   </trkpt>
   <trkpt lat="51.4655620" lon="-0.3197660">
    <ele>4.8</ele>
    <time>2026-05-16T10:36:29Z</time>
   </trkpt>
   <trkpt lat="51.4655790" lon="-0.3197720">
    <ele>4.8</ele>
    <time>2026-05-16T10:36:30Z</time>
   </trkpt>
   <trkpt lat="51.4655940" lon="-0.3197740">
    <ele>4.8</ele>
    <time>2026-05-16T10:36:31Z</time>
   </trkpt>
   <trkpt lat="51.4656080" lon="-0.3197730">
    <ele>4.8</ele>
    <time>2026-05-16T10:36:32Z</time>
   </trkpt>
   <trkpt lat="51.4656220" lon="-0.3197730">
    <ele>4.8</ele>
    <time>2026-05-16T10:36:33Z</time>
   </trkpt>
   <trkpt lat="51.4656370" lon="-0.3197700">
    <ele>4.8</ele>
    <time>2026-05-16T10:36:34Z</time>
   </trkpt>
   <trkpt lat="51.4656500" lon="-0.3197660">
    <ele>4.8</ele>
    <time>2026-05-16T10:36:35Z</time>
   </trkpt>
   <trkpt lat="51.4656710" lon="-0.3197670">
    <ele>4.8</ele>
    <time>2026-05-16T10:36:36Z</time>
   </trkpt>
   <trkpt lat="51.4656800" lon="-0.3197660">
    <ele>4.8</ele>
    <time>2026-05-16T10:36:37Z</time>
   </trkpt>
   <trkpt lat="51.4656880" lon="-0.3197650">
    <ele>4.8</ele>
    <time>2026-05-16T10:36:38Z</time>
   </trkpt>
   <trkpt lat="51.4657090" lon="-0.3197660">
    <ele>4.8</ele>
    <time>2026-05-16T10:36:39Z</time>
   </trkpt>
   <trkpt lat="51.4657180" lon="-0.3197650">
    <ele>4.8</ele>
    <time>2026-05-16T10:36:40Z</time>
   </trkpt>
   <trkpt lat="51.4657260" lon="-0.3197650">
    <ele>4.8</ele>
    <time>2026-05-16T10:36:41Z</time>
   </trkpt>
   <trkpt lat="51.4657400" lon="-0.3197560">
    <ele>4.8</ele>
    <time>2026-05-16T10:36:42Z</time>
   </trkpt>
   <trkpt lat="51.4657520" lon="-0.3197480">
    <ele>4.8</ele>
    <time>2026-05-16T10:36:43Z</time>
   </trkpt>
   <trkpt lat="51.4657660" lon="-0.3197450">
    <ele>4.8</ele>
    <time>2026-05-16T10:36:44Z</time>
   </trkpt>
   <trkpt lat="51.4657790" lon="-0.3197410">
    <ele>4.8</ele>
    <time>2026-05-16T10:36:45Z</time>
   </trkpt>
   <trkpt lat="51.4658010" lon="-0.3197340">
    <ele>4.8</ele>
    <time>2026-05-16T10:36:46Z</time>
   </trkpt>
   <trkpt lat="51.4658090" lon="-0.3197300">
    <ele>4.8</ele>
    <time>2026-05-16T10:36:47Z</time>
   </trkpt>
   <trkpt lat="51.4658180" lon="-0.3197270">
    <ele>4.8</ele>
    <time>2026-05-16T10:36:48Z</time>
   </trkpt>
   <trkpt lat="51.4658320" lon="-0.3197150">
    <ele>4.8</ele>
    <time>2026-05-16T10:36:49Z</time>
   </trkpt>
   <trkpt lat="51.4658450" lon="-0.3197070">
    <ele>4.8</ele>
    <time>2026-05-16T10:36:50Z</time>
   </trkpt>
   <trkpt lat="51.4658660" lon="-0.3196970">
    <ele>4.8</ele>
    <time>2026-05-16T10:36:51Z</time>
   </trkpt>
   <trkpt lat="51.4658740" lon="-0.3196940">
    <ele>4.8</ele>
    <time>2026-05-16T10:36:52Z</time>
   </trkpt>
   <trkpt lat="51.4658830" lon="-0.3196920">
    <ele>4.8</ele>
    <time>2026-05-16T10:36:53Z</time>
   </trkpt>
   <trkpt lat="51.4658980" lon="-0.3196920">
    <ele>4.8</ele>
    <time>2026-05-16T10:36:54Z</time>
   </trkpt>
   <trkpt lat="51.4659120" lon="-0.3196890">
    <ele>4.8</ele>
    <time>2026-05-16T10:36:55Z</time>
   </trkpt>
   <trkpt lat="51.4659350" lon="-0.3196890">
    <ele>4.7</ele>
    <time>2026-05-16T10:36:56Z</time>
   </trkpt>
   <trkpt lat="51.4659430" lon="-0.3196820">
    <ele>4.7</ele>
    <time>2026-05-16T10:36:57Z</time>
   </trkpt>
   <trkpt lat="51.4659500" lon="-0.3196740">
    <ele>4.7</ele>
    <time>2026-05-16T10:36:58Z</time>
   </trkpt>
   <trkpt lat="51.4659640" lon="-0.3196750">
    <ele>4.7</ele>
    <time>2026-05-16T10:36:59Z</time>
   </trkpt>
   <trkpt lat="51.4659780" lon="-0.3196710">
    <ele>4.7</ele>
    <time>2026-05-16T10:37:00Z</time>
   </trkpt>
   <trkpt lat="51.4659910" lon="-0.3196660">
    <ele>4.7</ele>
    <time>2026-05-16T10:37:01Z</time>
   </trkpt>
   <trkpt lat="51.4660060" lon="-0.3196610">
    <ele>4.7</ele>
    <time>2026-05-16T10:37:02Z</time>
   </trkpt>
   <trkpt lat="51.4660200" lon="-0.3196600">
    <ele>4.7</ele>
    <time>2026-05-16T10:37:03Z</time>
   </trkpt>
   <trkpt lat="51.4660330" lon="-0.3196620">
    <ele>4.7</ele>
    <time>2026-05-16T10:37:04Z</time>
   </trkpt>
   <trkpt lat="51.4660470" lon="-0.3196590">
    <ele>4.7</ele>
    <time>2026-05-16T10:37:05Z</time>
   </trkpt>
   <trkpt lat="51.4660610" lon="-0.3196500">
    <ele>4.7</ele>
    <time>2026-05-16T10:37:06Z</time>
   </trkpt>
   <trkpt lat="51.4660760" lon="-0.3196440">
    <ele>4.7</ele>
    <time>2026-05-16T10:37:07Z</time>
   </trkpt>
   <trkpt lat="51.4660910" lon="-0.3196370">
    <ele>4.7</ele>
    <time>2026-05-16T10:37:08Z</time>
   </trkpt>
   <trkpt lat="51.4661130" lon="-0.3196300">
    <ele>4.7</ele>
    <time>2026-05-16T10:37:09Z</time>
   </trkpt>
   <trkpt lat="51.4661220" lon="-0.3196270">
    <ele>4.7</ele>
    <time>2026-05-16T10:37:10Z</time>
   </trkpt>
   <trkpt lat="51.4661310" lon="-0.3196230">
    <ele>4.7</ele>
    <time>2026-05-16T10:37:11Z</time>
   </trkpt>
   <trkpt lat="51.4661440" lon="-0.3196150">
    <ele>4.7</ele>
    <time>2026-05-16T10:37:13Z</time>
   </trkpt>
   <trkpt lat="51.4661580" lon="-0.3196160">
    <ele>4.7</ele>
    <time>2026-05-16T10:37:14Z</time>
   </trkpt>
   <trkpt lat="51.4661780" lon="-0.3196080">
    <ele>4.7</ele>
    <time>2026-05-16T10:37:15Z</time>
   </trkpt>
   <trkpt lat="51.4661860" lon="-0.3196030">
    <ele>4.7</ele>
    <time>2026-05-16T10:37:16Z</time>
   </trkpt>
   <trkpt lat="51.4661930" lon="-0.3195990">
    <ele>4.7</ele>
    <time>2026-05-16T10:37:17Z</time>
   </trkpt>
   <trkpt lat="51.4662000" lon="-0.3195900">
    <ele>4.7</ele>
    <time>2026-05-16T10:37:18Z</time>
   </trkpt>
   <trkpt lat="51.4662110" lon="-0.3195860">
    <ele>4.7</ele>
    <time>2026-05-16T10:37:19Z</time>
   </trkpt>
   <trkpt lat="51.4662220" lon="-0.3195830">
    <ele>4.7</ele>
    <time>2026-05-16T10:37:20Z</time>
   </trkpt>
   <trkpt lat="51.4662420" lon="-0.3195750">
    <ele>4.7</ele>
    <time>2026-05-16T10:37:21Z</time>
   </trkpt>
   <trkpt lat="51.4662510" lon="-0.3195740">
    <ele>4.7</ele>
    <time>2026-05-16T10:37:22Z</time>
   </trkpt>
   <trkpt lat="51.4662590" lon="-0.3195720">
    <ele>4.7</ele>
    <time>2026-05-16T10:37:23Z</time>
   </trkpt>
   <trkpt lat="51.4662740" lon="-0.3195700">
    <ele>4.7</ele>
    <time>2026-05-16T10:37:24Z</time>
   </trkpt>
   <trkpt lat="51.4662860" lon="-0.3195630">
    <ele>4.7</ele>
    <time>2026-05-16T10:37:25Z</time>
   </trkpt>
   <trkpt lat="51.4662980" lon="-0.3195590">
    <ele>4.7</ele>
    <time>2026-05-16T10:37:26Z</time>
   </trkpt>
   <trkpt lat="51.4663130" lon="-0.3195560">
    <ele>4.7</ele>
    <time>2026-05-16T10:37:27Z</time>
   </trkpt>
   <trkpt lat="51.4663420" lon="-0.3195430">
    <ele>4.7</ele>
    <time>2026-05-16T10:37:28Z</time>
   </trkpt>
   <trkpt lat="51.4663550" lon="-0.3195320">
    <ele>4.7</ele>
    <time>2026-05-16T10:37:29Z</time>
   </trkpt>
   <trkpt lat="51.4663700" lon="-0.3195240">
    <ele>4.7</ele>
    <time>2026-05-16T10:37:30Z</time>
   </trkpt>
   <trkpt lat="51.4663840" lon="-0.3195240">
    <ele>4.7</ele>
    <time>2026-05-16T10:37:31Z</time>
   </trkpt>
   <trkpt lat="51.4663970" lon="-0.3195200">
    <ele>4.7</ele>
    <time>2026-05-16T10:37:32Z</time>
   </trkpt>
   <trkpt lat="51.4664110" lon="-0.3195120">
    <ele>4.6</ele>
    <time>2026-05-16T10:37:33Z</time>
   </trkpt>
   <trkpt lat="51.4664250" lon="-0.3195120">
    <ele>4.6</ele>
    <time>2026-05-16T10:37:34Z</time>
   </trkpt>
   <trkpt lat="51.4664410" lon="-0.3195150">
    <ele>4.6</ele>
    <time>2026-05-16T10:37:35Z</time>
   </trkpt>
   <trkpt lat="51.4664560" lon="-0.3195160">
    <ele>4.6</ele>
    <time>2026-05-16T10:37:36Z</time>
   </trkpt>
   <trkpt lat="51.4664690" lon="-0.3195060">
    <ele>4.6</ele>
    <time>2026-05-16T10:37:37Z</time>
   </trkpt>
   <trkpt lat="51.4664830" lon="-0.3194990">
    <ele>4.6</ele>
    <time>2026-05-16T10:37:38Z</time>
   </trkpt>
   <trkpt lat="51.4664980" lon="-0.3194890">
    <ele>4.6</ele>
    <time>2026-05-16T10:37:39Z</time>
   </trkpt>
   <trkpt lat="51.4665130" lon="-0.3194830">
    <ele>4.6</ele>
    <time>2026-05-16T10:37:40Z</time>
   </trkpt>
   <trkpt lat="51.4665340" lon="-0.3194690">
    <ele>4.6</ele>
    <time>2026-05-16T10:37:41Z</time>
   </trkpt>
   <trkpt lat="51.4665400" lon="-0.3194650">
    <ele>4.6</ele>
    <time>2026-05-16T10:37:42Z</time>
   </trkpt>
   <trkpt lat="51.4665470" lon="-0.3194600">
    <ele>4.6</ele>
    <time>2026-05-16T10:37:43Z</time>
   </trkpt>
   <trkpt lat="51.4665600" lon="-0.3194530">
    <ele>4.6</ele>
    <time>2026-05-16T10:37:44Z</time>
   </trkpt>
   <trkpt lat="51.4665730" lon="-0.3194480">
    <ele>4.6</ele>
    <time>2026-05-16T10:37:45Z</time>
   </trkpt>
   <trkpt lat="51.4665810" lon="-0.3194430">
    <ele>4.6</ele>
    <time>2026-05-16T10:37:46Z</time>
   </trkpt>
   <trkpt lat="51.4666010" lon="-0.3194340">
    <ele>4.6</ele>
    <time>2026-05-16T10:37:47Z</time>
   </trkpt>
   <trkpt lat="51.4666110" lon="-0.3194330">
    <ele>4.6</ele>
    <time>2026-05-16T10:37:48Z</time>
   </trkpt>
   <trkpt lat="51.4666210" lon="-0.3194320">
    <ele>4.6</ele>
    <time>2026-05-16T10:37:49Z</time>
   </trkpt>
   <trkpt lat="51.4666340" lon="-0.3194270">
    <ele>4.6</ele>
    <time>2026-05-16T10:37:50Z</time>
   </trkpt>
   <trkpt lat="51.4666480" lon="-0.3194200">
    <ele>4.6</ele>
    <time>2026-05-16T10:37:51Z</time>
   </trkpt>
   <trkpt lat="51.4666710" lon="-0.3194120">
    <ele>4.6</ele>
    <time>2026-05-16T10:37:52Z</time>
   </trkpt>
   <trkpt lat="51.4666780" lon="-0.3194080">
    <ele>4.6</ele>
    <time>2026-05-16T10:37:53Z</time>
   </trkpt>
   <trkpt lat="51.4666860" lon="-0.3194050">
    <ele>4.6</ele>
    <time>2026-05-16T10:37:54Z</time>
   </trkpt>
   <trkpt lat="51.4667070" lon="-0.3194150">
    <ele>4.6</ele>
    <time>2026-05-16T10:37:55Z</time>
   </trkpt>
   <trkpt lat="51.4667150" lon="-0.3194150">
    <ele>4.6</ele>
    <time>2026-05-16T10:37:56Z</time>
   </trkpt>
   <trkpt lat="51.4667230" lon="-0.3194160">
    <ele>4.6</ele>
    <time>2026-05-16T10:37:57Z</time>
   </trkpt>
   <trkpt lat="51.4667360" lon="-0.3194140">
    <ele>4.6</ele>
    <time>2026-05-16T10:37:58Z</time>
   </trkpt>
   <trkpt lat="51.4667500" lon="-0.3194070">
    <ele>4.6</ele>
    <time>2026-05-16T10:37:59Z</time>
   </trkpt>
   <trkpt lat="51.4667710" lon="-0.3193980">
    <ele>4.6</ele>
    <time>2026-05-16T10:38:00Z</time>
   </trkpt>
   <trkpt lat="51.4667800" lon="-0.3193960">
    <ele>4.6</ele>
    <time>2026-05-16T10:38:01Z</time>
   </trkpt>
   <trkpt lat="51.4667890" lon="-0.3193930">
    <ele>4.6</ele>
    <time>2026-05-16T10:38:02Z</time>
   </trkpt>
   <trkpt lat="51.4668040" lon="-0.3193930">
    <ele>4.6</ele>
    <time>2026-05-16T10:38:03Z</time>
   </trkpt>
   <trkpt lat="51.4668180" lon="-0.3193920">
    <ele>4.6</ele>
    <time>2026-05-16T10:38:04Z</time>
   </trkpt>
   <trkpt lat="51.4668390" lon="-0.3193870">
    <ele>4.7</ele>
    <time>2026-05-16T10:38:05Z</time>
   </trkpt>
   <trkpt lat="51.4668480" lon="-0.3193840">
    <ele>4.7</ele>
    <time>2026-05-16T10:38:06Z</time>
   </trkpt>
   <trkpt lat="51.4668560" lon="-0.3193800">
    <ele>4.7</ele>
    <time>2026-05-16T10:38:07Z</time>
   </trkpt>
   <trkpt lat="51.4668700" lon="-0.3193770">
    <ele>4.7</ele>
    <time>2026-05-16T10:38:08Z</time>
   </trkpt>
   <trkpt lat="51.4668850" lon="-0.3193740">
    <ele>4.7</ele>
    <time>2026-05-16T10:38:09Z</time>
   </trkpt>
   <trkpt lat="51.4669020" lon="-0.3193680">
    <ele>4.7</ele>
    <time>2026-05-16T10:38:10Z</time>
   </trkpt>
   <trkpt lat="51.4669160" lon="-0.3193690">
    <ele>4.7</ele>
    <time>2026-05-16T10:38:11Z</time>
   </trkpt>
   <trkpt lat="51.4669360" lon="-0.3193700">
    <ele>4.7</ele>
    <time>2026-05-16T10:38:12Z</time>
   </trkpt>
   <trkpt lat="51.4669440" lon="-0.3193690">
    <ele>4.7</ele>
    <time>2026-05-16T10:38:13Z</time>
   </trkpt>
   <trkpt lat="51.4669530" lon="-0.3193680">
    <ele>4.7</ele>
    <time>2026-05-16T10:38:14Z</time>
   </trkpt>
   <trkpt lat="51.4669670" lon="-0.3193650">
    <ele>4.7</ele>
    <time>2026-05-16T10:38:15Z</time>
   </trkpt>
   <trkpt lat="51.4669800" lon="-0.3193630">
    <ele>4.7</ele>
    <time>2026-05-16T10:38:16Z</time>
   </trkpt>
   <trkpt lat="51.4669930" lon="-0.3193610">
    <ele>4.8</ele>
    <time>2026-05-16T10:38:17Z</time>
   </trkpt>
   <trkpt lat="51.4670080" lon="-0.3193620">
    <ele>4.8</ele>
    <time>2026-05-16T10:38:18Z</time>
   </trkpt>
   <trkpt lat="51.4670290" lon="-0.3193610">
    <ele>4.8</ele>
    <time>2026-05-16T10:38:19Z</time>
   </trkpt>
   <trkpt lat="51.4670370" lon="-0.3193580">
    <ele>4.8</ele>
    <time>2026-05-16T10:38:20Z</time>
   </trkpt>
   <trkpt lat="51.4670460" lon="-0.3193560">
    <ele>4.8</ele>
    <time>2026-05-16T10:38:21Z</time>
   </trkpt>
   <trkpt lat="51.4670660" lon="-0.3193390">
    <ele>4.8</ele>
    <time>2026-05-16T10:38:22Z</time>
   </trkpt>
   <trkpt lat="51.4670750" lon="-0.3193330">
    <ele>4.8</ele>
    <time>2026-05-16T10:38:23Z</time>
   </trkpt>
   <trkpt lat="51.4670830" lon="-0.3193280">
    <ele>4.8</ele>
    <time>2026-05-16T10:38:24Z</time>
   </trkpt>
   <trkpt lat="51.4670980" lon="-0.3193310">
    <ele>4.8</ele>
    <time>2026-05-16T10:38:25Z</time>
   </trkpt>
   <trkpt lat="51.4671130" lon="-0.3193340">
    <ele>4.8</ele>
    <time>2026-05-16T10:38:26Z</time>
   </trkpt>
   <trkpt lat="51.4671280" lon="-0.3193300">
    <ele>4.8</ele>
    <time>2026-05-16T10:38:27Z</time>
   </trkpt>
   <trkpt lat="51.4671410" lon="-0.3193250">
    <ele>4.8</ele>
    <time>2026-05-16T10:38:28Z</time>
   </trkpt>
   <trkpt lat="51.4671560" lon="-0.3193210">
    <ele>4.8</ele>
    <time>2026-05-16T10:38:29Z</time>
   </trkpt>
   <trkpt lat="51.4671710" lon="-0.3193150">
    <ele>4.8</ele>
    <time>2026-05-16T10:38:30Z</time>
   </trkpt>
   <trkpt lat="51.4671930" lon="-0.3193110">
    <ele>4.8</ele>
    <time>2026-05-16T10:38:31Z</time>
   </trkpt>
   <trkpt lat="51.4672010" lon="-0.3193110">
    <ele>4.8</ele>
    <time>2026-05-16T10:38:32Z</time>
   </trkpt>
   <trkpt lat="51.4672100" lon="-0.3193100">
    <ele>4.8</ele>
    <time>2026-05-16T10:38:33Z</time>
   </trkpt>
   <trkpt lat="51.4672230" lon="-0.3193040">
    <ele>4.8</ele>
    <time>2026-05-16T10:38:34Z</time>
   </trkpt>
   <trkpt lat="51.4672360" lon="-0.3192950">
    <ele>4.8</ele>
    <time>2026-05-16T10:38:35Z</time>
   </trkpt>
   <trkpt lat="51.4672490" lon="-0.3192890">
    <ele>4.8</ele>
    <time>2026-05-16T10:38:36Z</time>
   </trkpt>
   <trkpt lat="51.4672620" lon="-0.3192820">
    <ele>4.8</ele>
    <time>2026-05-16T10:38:37Z</time>
   </trkpt>
   <trkpt lat="51.4672750" lon="-0.3192800">
    <ele>4.8</ele>
    <time>2026-05-16T10:38:38Z</time>
   </trkpt>
   <trkpt lat="51.4672900" lon="-0.3192760">
    <ele>4.8</ele>
    <time>2026-05-16T10:38:39Z</time>
   </trkpt>
   <trkpt lat="51.4673040" lon="-0.3192730">
    <ele>4.8</ele>
    <time>2026-05-16T10:38:40Z</time>
   </trkpt>
   <trkpt lat="51.4673180" lon="-0.3192680">
    <ele>4.8</ele>
    <time>2026-05-16T10:38:41Z</time>
   </trkpt>
   <trkpt lat="51.4673410" lon="-0.3192700">
    <ele>4.8</ele>
    <time>2026-05-16T10:38:42Z</time>
   </trkpt>
   <trkpt lat="51.4673490" lon="-0.3192710">
    <ele>4.8</ele>
    <time>2026-05-16T10:38:43Z</time>
   </trkpt>
   <trkpt lat="51.4673580" lon="-0.3192720">
    <ele>4.8</ele>
    <time>2026-05-16T10:38:44Z</time>
   </trkpt>
   <trkpt lat="51.4673720" lon="-0.3192790">
    <ele>4.8</ele>
    <time>2026-05-16T10:38:45Z</time>
   </trkpt>
   <trkpt lat="51.4673850" lon="-0.3192840">
    <ele>4.8</ele>
    <time>2026-05-16T10:38:46Z</time>
   </trkpt>
   <trkpt lat="51.4673990" lon="-0.3192870">
    <ele>4.8</ele>
    <time>2026-05-16T10:38:47Z</time>
   </trkpt>
   <trkpt lat="51.4674120" lon="-0.3192940">
    <ele>4.8</ele>
    <time>2026-05-16T10:38:48Z</time>
   </trkpt>
   <trkpt lat="51.4674260" lon="-0.3192980">
    <ele>4.8</ele>
    <time>2026-05-16T10:38:49Z</time>
   </trkpt>
   <trkpt lat="51.4674410" lon="-0.3192970">
    <ele>4.8</ele>
    <time>2026-05-16T10:38:50Z</time>
   </trkpt>
   <trkpt lat="51.4674580" lon="-0.3192920">
    <ele>4.8</ele>
    <time>2026-05-16T10:38:51Z</time>
   </trkpt>
   <trkpt lat="51.4674710" lon="-0.3192890">
    <ele>4.8</ele>
    <time>2026-05-16T10:38:52Z</time>
   </trkpt>
   <trkpt lat="51.4674860" lon="-0.3192840">
    <ele>4.8</ele>
    <time>2026-05-16T10:38:53Z</time>
   </trkpt>
   <trkpt lat="51.4675020" lon="-0.3192840">
    <ele>4.8</ele>
    <time>2026-05-16T10:38:54Z</time>
   </trkpt>
   <trkpt lat="51.4675170" lon="-0.3192810">
    <ele>4.8</ele>
    <time>2026-05-16T10:38:55Z</time>
   </trkpt>
   <trkpt lat="51.4675320" lon="-0.3192820">
    <ele>4.8</ele>
    <time>2026-05-16T10:38:56Z</time>
   </trkpt>
   <trkpt lat="51.4675460" lon="-0.3192790">
    <ele>4.8</ele>
    <time>2026-05-16T10:38:57Z</time>
   </trkpt>
   <trkpt lat="51.4675610" lon="-0.3192710">
    <ele>4.8</ele>
    <time>2026-05-16T10:38:58Z</time>
   </trkpt>
   <trkpt lat="51.4675730" lon="-0.3192620">
    <ele>4.8</ele>
    <time>2026-05-16T10:38:59Z</time>
   </trkpt>
   <trkpt lat="51.4675870" lon="-0.3192560">
    <ele>4.8</ele>
    <time>2026-05-16T10:39:00Z</time>
   </trkpt>
   <trkpt lat="51.4676020" lon="-0.3192440">
    <ele>4.8</ele>
    <time>2026-05-16T10:39:01Z</time>
   </trkpt>
   <trkpt lat="51.4676140" lon="-0.3192410">
    <ele>4.8</ele>
    <time>2026-05-16T10:39:02Z</time>
   </trkpt>
   <trkpt lat="51.4676340" lon="-0.3192420">
    <ele>4.8</ele>
    <time>2026-05-16T10:39:03Z</time>
   </trkpt>
   <trkpt lat="51.4676430" lon="-0.3192420">
    <ele>4.8</ele>
    <time>2026-05-16T10:39:04Z</time>
   </trkpt>
   <trkpt lat="51.4676510" lon="-0.3192420">
    <ele>4.8</ele>
    <time>2026-05-16T10:39:05Z</time>
   </trkpt>
   <trkpt lat="51.4676720" lon="-0.3192400">
    <ele>4.8</ele>
    <time>2026-05-16T10:39:06Z</time>
   </trkpt>
   <trkpt lat="51.4676800" lon="-0.3192370">
    <ele>4.8</ele>
    <time>2026-05-16T10:39:07Z</time>
   </trkpt>
   <trkpt lat="51.4676890" lon="-0.3192340">
    <ele>4.8</ele>
    <time>2026-05-16T10:39:08Z</time>
   </trkpt>
   <trkpt lat="51.4677020" lon="-0.3192320">
    <ele>4.8</ele>
    <time>2026-05-16T10:39:09Z</time>
   </trkpt>
   <trkpt lat="51.4677120" lon="-0.3192330">
    <ele>4.8</ele>
    <time>2026-05-16T10:39:10Z</time>
   </trkpt>
   <trkpt lat="51.4677210" lon="-0.3192430">
    <ele>4.8</ele>
    <time>2026-05-16T10:39:11Z</time>
   </trkpt>
   <trkpt lat="51.4677410" lon="-0.3192450">
    <ele>4.8</ele>
    <time>2026-05-16T10:39:12Z</time>
   </trkpt>
   <trkpt lat="51.4677500" lon="-0.3192440">
    <ele>4.8</ele>
    <time>2026-05-16T10:39:13Z</time>
   </trkpt>
   <trkpt lat="51.4677590" lon="-0.3192440">
    <ele>4.8</ele>
    <time>2026-05-16T10:39:14Z</time>
   </trkpt>
   <trkpt lat="51.4677810" lon="-0.3192430">
    <ele>4.8</ele>
    <time>2026-05-16T10:39:15Z</time>
   </trkpt>
   <trkpt lat="51.4677890" lon="-0.3192430">
    <ele>4.8</ele>
    <time>2026-05-16T10:39:16Z</time>
   </trkpt>
   <trkpt lat="51.4677980" lon="-0.3192440">
    <ele>4.8</ele>
    <time>2026-05-16T10:39:17Z</time>
   </trkpt>
   <trkpt lat="51.4678130" lon="-0.3192400">
    <ele>4.7</ele>
    <time>2026-05-16T10:39:19Z</time>
   </trkpt>
   <trkpt lat="51.4678260" lon="-0.3192350">
    <ele>4.7</ele>
    <time>2026-05-16T10:39:20Z</time>
   </trkpt>
   <trkpt lat="51.4678480" lon="-0.3192290">
    <ele>4.7</ele>
    <time>2026-05-16T10:39:21Z</time>
   </trkpt>
   <trkpt lat="51.4678570" lon="-0.3192290">
    <ele>4.7</ele>
    <time>2026-05-16T10:39:22Z</time>
   </trkpt>
   <trkpt lat="51.4678660" lon="-0.3192280">
    <ele>4.7</ele>
    <time>2026-05-16T10:39:23Z</time>
   </trkpt>
   <trkpt lat="51.4678870" lon="-0.3192260">
    <ele>4.7</ele>
    <time>2026-05-16T10:39:24Z</time>
   </trkpt>
   <trkpt lat="51.4678940" lon="-0.3192230">
    <ele>4.7</ele>
    <time>2026-05-16T10:39:25Z</time>
   </trkpt>
   <trkpt lat="51.4679020" lon="-0.3192200">
    <ele>4.7</ele>
    <time>2026-05-16T10:39:26Z</time>
   </trkpt>
   <trkpt lat="51.4679250" lon="-0.3192200">
    <ele>4.7</ele>
    <time>2026-05-16T10:39:27Z</time>
   </trkpt>
   <trkpt lat="51.4679340" lon="-0.3192210">
    <ele>4.7</ele>
    <time>2026-05-16T10:39:28Z</time>
   </trkpt>
   <trkpt lat="51.4679430" lon="-0.3192230">
    <ele>4.7</ele>
    <time>2026-05-16T10:39:29Z</time>
   </trkpt>
   <trkpt lat="51.4679560" lon="-0.3192260">
    <ele>4.7</ele>
    <time>2026-05-16T10:39:30Z</time>
   </trkpt>
   <trkpt lat="51.4679710" lon="-0.3192310">
    <ele>4.7</ele>
    <time>2026-05-16T10:39:31Z</time>
   </trkpt>
   <trkpt lat="51.4679860" lon="-0.3192300">
    <ele>4.7</ele>
    <time>2026-05-16T10:39:32Z</time>
   </trkpt>
   <trkpt lat="51.4680000" lon="-0.3192270">
    <ele>4.7</ele>
    <time>2026-05-16T10:39:33Z</time>
   </trkpt>
   <trkpt lat="51.4680140" lon="-0.3192250">
    <ele>4.7</ele>
    <time>2026-05-16T10:39:34Z</time>
   </trkpt>
   <trkpt lat="51.4680280" lon="-0.3192180">
    <ele>4.7</ele>
    <time>2026-05-16T10:39:35Z</time>
   </trkpt>
   <trkpt lat="51.4680560" lon="-0.3192110">
    <ele>4.7</ele>
    <time>2026-05-16T10:39:36Z</time>
   </trkpt>
   <trkpt lat="51.4680700" lon="-0.3192100">
    <ele>4.7</ele>
    <time>2026-05-16T10:39:37Z</time>
   </trkpt>
   <trkpt lat="51.4680840" lon="-0.3192110">
    <ele>4.7</ele>
    <time>2026-05-16T10:39:38Z</time>
   </trkpt>
   <trkpt lat="51.4680980" lon="-0.3192140">
    <ele>4.7</ele>
    <time>2026-05-16T10:39:39Z</time>
   </trkpt>
   <trkpt lat="51.4681120" lon="-0.3192170">
    <ele>4.7</ele>
    <time>2026-05-16T10:39:40Z</time>
   </trkpt>
   <trkpt lat="51.4681340" lon="-0.3192170">
    <ele>4.7</ele>
    <time>2026-05-16T10:39:41Z</time>
   </trkpt>
   <trkpt lat="51.4681430" lon="-0.3192160">
    <ele>4.7</ele>
    <time>2026-05-16T10:39:42Z</time>
   </trkpt>
   <trkpt lat="51.4681520" lon="-0.3192160">
    <ele>4.7</ele>
    <time>2026-05-16T10:39:43Z</time>
   </trkpt>
   <trkpt lat="51.4681730" lon="-0.3192060">
    <ele>4.7</ele>
    <time>2026-05-16T10:39:44Z</time>
   </trkpt>
   <trkpt lat="51.4681820" lon="-0.3192030">
    <ele>4.7</ele>
    <time>2026-05-16T10:39:45Z</time>
   </trkpt>
   <trkpt lat="51.4681900" lon="-0.3192000">
    <ele>4.7</ele>
    <time>2026-05-16T10:39:46Z</time>
   </trkpt>
   <trkpt lat="51.4682130" lon="-0.3191990">
    <ele>4.6</ele>
    <time>2026-05-16T10:39:47Z</time>
   </trkpt>
   <trkpt lat="51.4682220" lon="-0.3191960">
    <ele>4.6</ele>
    <time>2026-05-16T10:39:48Z</time>
   </trkpt>
   <trkpt lat="51.4682310" lon="-0.3191930">
    <ele>4.6</ele>
    <time>2026-05-16T10:39:49Z</time>
   </trkpt>
   <trkpt lat="51.4682450" lon="-0.3191830">
    <ele>4.6</ele>
    <time>2026-05-16T10:39:50Z</time>
   </trkpt>
   <trkpt lat="51.4682590" lon="-0.3191830">
    <ele>4.6</ele>
    <time>2026-05-16T10:39:51Z</time>
   </trkpt>
   <trkpt lat="51.4682810" lon="-0.3191830">
    <ele>4.6</ele>
    <time>2026-05-16T10:39:52Z</time>
   </trkpt>
   <trkpt lat="51.4682890" lon="-0.3191820">
    <ele>4.6</ele>
    <time>2026-05-16T10:39:53Z</time>
   </trkpt>
   <trkpt lat="51.4682980" lon="-0.3191810">
    <ele>4.6</ele>
    <time>2026-05-16T10:39:54Z</time>
   </trkpt>
   <trkpt lat="51.4683130" lon="-0.3191800">
    <ele>4.6</ele>
    <time>2026-05-16T10:39:55Z</time>
   </trkpt>
   <trkpt lat="51.4683250" lon="-0.3191770">
    <ele>4.6</ele>
    <time>2026-05-16T10:39:56Z</time>
   </trkpt>
   <trkpt lat="51.4683390" lon="-0.3191760">
    <ele>4.6</ele>
    <time>2026-05-16T10:39:57Z</time>
   </trkpt>
   <trkpt lat="51.4683530" lon="-0.3191750">
    <ele>4.6</ele>
    <time>2026-05-16T10:39:58Z</time>
   </trkpt>
   <trkpt lat="51.4683680" lon="-0.3191630">
    <ele>4.6</ele>
    <time>2026-05-16T10:39:59Z</time>
   </trkpt>
   <trkpt lat="51.4683810" lon="-0.3191580">
    <ele>4.6</ele>
    <time>2026-05-16T10:40:00Z</time>
   </trkpt>
   <trkpt lat="51.4684030" lon="-0.3191540">
    <ele>4.6</ele>
    <time>2026-05-16T10:40:01Z</time>
   </trkpt>
   <trkpt lat="51.4684120" lon="-0.3191510">
    <ele>4.6</ele>
    <time>2026-05-16T10:40:02Z</time>
   </trkpt>
   <trkpt lat="51.4684210" lon="-0.3191490">
    <ele>4.6</ele>
    <time>2026-05-16T10:40:03Z</time>
   </trkpt>
   <trkpt lat="51.4684370" lon="-0.3191410">
    <ele>4.6</ele>
    <time>2026-05-16T10:40:04Z</time>
   </trkpt>
   <trkpt lat="51.4684520" lon="-0.3191390">
    <ele>4.6</ele>
    <time>2026-05-16T10:40:05Z</time>
   </trkpt>
   <trkpt lat="51.4684650" lon="-0.3191310">
    <ele>4.6</ele>
    <time>2026-05-16T10:40:06Z</time>
   </trkpt>
   <trkpt lat="51.4684800" lon="-0.3191310">
    <ele>4.6</ele>
    <time>2026-05-16T10:40:07Z</time>
   </trkpt>
   <trkpt lat="51.4684940" lon="-0.3191350">
    <ele>4.6</ele>
    <time>2026-05-16T10:40:08Z</time>
   </trkpt>
   <trkpt lat="51.4685090" lon="-0.3191300">
    <ele>4.6</ele>
    <time>2026-05-16T10:40:09Z</time>
   </trkpt>
   <trkpt lat="51.4685220" lon="-0.3191310">
    <ele>4.6</ele>
    <time>2026-05-16T10:40:10Z</time>
   </trkpt>
   <trkpt lat="51.4685370" lon="-0.3191320">
    <ele>4.6</ele>
    <time>2026-05-16T10:40:11Z</time>
   </trkpt>
   <trkpt lat="51.4685510" lon="-0.3191240">
    <ele>4.6</ele>
    <time>2026-05-16T10:40:12Z</time>
   </trkpt>
   <trkpt lat="51.4685640" lon="-0.3191200">
    <ele>4.6</ele>
    <time>2026-05-16T10:40:13Z</time>
   </trkpt>
   <trkpt lat="51.4685840" lon="-0.3191110">
    <ele>4.6</ele>
    <time>2026-05-16T10:40:14Z</time>
   </trkpt>
   <trkpt lat="51.4685920" lon="-0.3191080">
    <ele>4.6</ele>
    <time>2026-05-16T10:40:15Z</time>
   </trkpt>
   <trkpt lat="51.4686010" lon="-0.3191050">
    <ele>4.6</ele>
    <time>2026-05-16T10:40:16Z</time>
   </trkpt>
   <trkpt lat="51.4686230" lon="-0.3191040">
    <ele>4.6</ele>
    <time>2026-05-16T10:40:17Z</time>
   </trkpt>
   <trkpt lat="51.4686310" lon="-0.3191020">
    <ele>4.6</ele>
    <time>2026-05-16T10:40:18Z</time>
   </trkpt>
   <trkpt lat="51.4686380" lon="-0.3191010">
    <ele>4.6</ele>
    <time>2026-05-16T10:40:19Z</time>
   </trkpt>
   <trkpt lat="51.4686510" lon="-0.3190950">
    <ele>4.6</ele>
    <time>2026-05-16T10:40:20Z</time>
   </trkpt>
   <trkpt lat="51.4686640" lon="-0.3190850">
    <ele>4.6</ele>
    <time>2026-05-16T10:40:21Z</time>
   </trkpt>
   <trkpt lat="51.4686850" lon="-0.3190790">
    <ele>4.6</ele>
    <time>2026-05-16T10:40:22Z</time>
   </trkpt>
   <trkpt lat="51.4686920" lon="-0.3190730">
    <ele>4.6</ele>
    <time>2026-05-16T10:40:23Z</time>
   </trkpt>
   <trkpt lat="51.4687000" lon="-0.3190680">
    <ele>4.6</ele>
    <time>2026-05-16T10:40:24Z</time>
   </trkpt>
   <trkpt lat="51.4687220" lon="-0.3190630">
    <ele>4.6</ele>
    <time>2026-05-16T10:40:25Z</time>
   </trkpt>
   <trkpt lat="51.4687310" lon="-0.3190610">
    <ele>4.6</ele>
    <time>2026-05-16T10:40:26Z</time>
   </trkpt>
   <trkpt lat="51.4687400" lon="-0.3190580">
    <ele>4.6</ele>
    <time>2026-05-16T10:40:27Z</time>
   </trkpt>
   <trkpt lat="51.4687610" lon="-0.3190540">
    <ele>4.6</ele>
    <time>2026-05-16T10:40:28Z</time>
   </trkpt>
   <trkpt lat="51.4687710" lon="-0.3190510">
    <ele>4.6</ele>
    <time>2026-05-16T10:40:29Z</time>
   </trkpt>
   <trkpt lat="51.4687800" lon="-0.3190480">
    <ele>4.6</ele>
    <time>2026-05-16T10:40:30Z</time>
   </trkpt>
   <trkpt lat="51.4687960" lon="-0.3190470">
    <ele>4.6</ele>
    <time>2026-05-16T10:40:31Z</time>
   </trkpt>
   <trkpt lat="51.4688090" lon="-0.3190380">
    <ele>4.6</ele>
    <time>2026-05-16T10:40:32Z</time>
   </trkpt>
   <trkpt lat="51.4688190" lon="-0.3190230">
    <ele>4.6</ele>
    <time>2026-05-16T10:40:33Z</time>
   </trkpt>
   <trkpt lat="51.4688290" lon="-0.3190160">
    <ele>4.6</ele>
    <time>2026-05-16T10:40:34Z</time>
   </trkpt>
   <trkpt lat="51.4688350" lon="-0.3190050">
    <ele>4.6</ele>
    <time>2026-05-16T10:40:35Z</time>
   </trkpt>
   <trkpt lat="51.4688410" lon="-0.3189990">
    <ele>4.6</ele>
    <time>2026-05-16T10:40:36Z</time>
   </trkpt>
   <trkpt lat="51.4688470" lon="-0.3189950">
    <ele>4.6</ele>
    <time>2026-05-16T10:40:37Z</time>
   </trkpt>
   <trkpt lat="51.4688620" lon="-0.3189860">
    <ele>4.6</ele>
    <time>2026-05-16T10:40:38Z</time>
   </trkpt>
   <trkpt lat="51.4688720" lon="-0.3189830">
    <ele>4.6</ele>
    <time>2026-05-16T10:40:39Z</time>
   </trkpt>
   <trkpt lat="51.4688810" lon="-0.3189800">
    <ele>4.6</ele>
    <time>2026-05-16T10:40:40Z</time>
   </trkpt>
   <trkpt lat="51.4688890" lon="-0.3189790">
    <ele>4.6</ele>
    <time>2026-05-16T10:40:41Z</time>
   </trkpt>
   <trkpt lat="51.4688950" lon="-0.3189780">
    <ele>4.6</ele>
    <time>2026-05-16T10:40:42Z</time>
   </trkpt>
   <trkpt lat="51.4689170" lon="-0.3189720">
    <ele>4.6</ele>
    <time>2026-05-16T10:40:43Z</time>
   </trkpt>
   <trkpt lat="51.4689480" lon="-0.3189640">
    <ele>4.6</ele>
    <time>2026-05-16T10:40:44Z</time>
   </trkpt>
   <trkpt lat="51.4689590" lon="-0.3189630">
    <ele>4.6</ele>
    <time>2026-05-16T10:40:45Z</time>
   </trkpt>
   <trkpt lat="51.4689770" lon="-0.3189610">
    <ele>4.6</ele>
    <time>2026-05-16T10:40:46Z</time>
   </trkpt>
   <trkpt lat="51.4689930" lon="-0.3189610">
    <ele>4.6</ele>
    <time>2026-05-16T10:40:47Z</time>
   </trkpt>
   <trkpt lat="51.4690090" lon="-0.3189550">
    <ele>4.6</ele>
    <time>2026-05-16T10:40:48Z</time>
   </trkpt>
   <trkpt lat="51.4690250" lon="-0.3189460">
    <ele>4.6</ele>
    <time>2026-05-16T10:40:49Z</time>
   </trkpt>
   <trkpt lat="51.4690400" lon="-0.3189400">
    <ele>4.6</ele>
    <time>2026-05-16T10:40:50Z</time>
   </trkpt>
   <trkpt lat="51.4690530" lon="-0.3189410">
    <ele>4.6</ele>
    <time>2026-05-16T10:40:51Z</time>
   </trkpt>
   <trkpt lat="51.4690660" lon="-0.3189350">
    <ele>4.6</ele>
    <time>2026-05-16T10:40:52Z</time>
   </trkpt>
   <trkpt lat="51.4690800" lon="-0.3189340">
    <ele>4.6</ele>
    <time>2026-05-16T10:40:53Z</time>
   </trkpt>
   <trkpt lat="51.4690940" lon="-0.3189280">
    <ele>4.6</ele>
    <time>2026-05-16T10:40:54Z</time>
   </trkpt>
   <trkpt lat="51.4691070" lon="-0.3189170">
    <ele>4.6</ele>
    <time>2026-05-16T10:40:55Z</time>
   </trkpt>
   <trkpt lat="51.4691290" lon="-0.3189120">
    <ele>4.6</ele>
    <time>2026-05-16T10:40:56Z</time>
   </trkpt>
   <trkpt lat="51.4691380" lon="-0.3189080">
    <ele>4.6</ele>
    <time>2026-05-16T10:40:57Z</time>
   </trkpt>
   <trkpt lat="51.4691470" lon="-0.3189040">
    <ele>4.6</ele>
    <time>2026-05-16T10:40:58Z</time>
   </trkpt>
   <trkpt lat="51.4691590" lon="-0.3188980">
    <ele>4.6</ele>
    <time>2026-05-16T10:40:59Z</time>
   </trkpt>
   <trkpt lat="51.4691730" lon="-0.3188900">
    <ele>4.6</ele>
    <time>2026-05-16T10:41:00Z</time>
   </trkpt>
   <trkpt lat="51.4691860" lon="-0.3188840">
    <ele>4.6</ele>
    <time>2026-05-16T10:41:01Z</time>
   </trkpt>
   <trkpt lat="51.4691990" lon="-0.3188780">
    <ele>4.6</ele>
    <time>2026-05-16T10:41:02Z</time>
   </trkpt>
   <trkpt lat="51.4692130" lon="-0.3188770">
    <ele>4.6</ele>
    <time>2026-05-16T10:41:03Z</time>
   </trkpt>
   <trkpt lat="51.4692280" lon="-0.3188710">
    <ele>4.6</ele>
    <time>2026-05-16T10:41:04Z</time>
   </trkpt>
   <trkpt lat="51.4692430" lon="-0.3188750">
    <ele>4.6</ele>
    <time>2026-05-16T10:41:05Z</time>
   </trkpt>
   <trkpt lat="51.4692560" lon="-0.3188770">
    <ele>4.6</ele>
    <time>2026-05-16T10:41:06Z</time>
   </trkpt>
   <trkpt lat="51.4692680" lon="-0.3188740">
    <ele>4.6</ele>
    <time>2026-05-16T10:41:07Z</time>
   </trkpt>
   <trkpt lat="51.4692840" lon="-0.3188690">
    <ele>4.6</ele>
    <time>2026-05-16T10:41:08Z</time>
   </trkpt>
   <trkpt lat="51.4693010" lon="-0.3188580">
    <ele>4.6</ele>
    <time>2026-05-16T10:41:09Z</time>
   </trkpt>
   <trkpt lat="51.4693150" lon="-0.3188580">
    <ele>4.6</ele>
    <time>2026-05-16T10:41:10Z</time>
   </trkpt>
   <trkpt lat="51.4693290" lon="-0.3188540">
    <ele>4.6</ele>
    <time>2026-05-16T10:41:11Z</time>
   </trkpt>
   <trkpt lat="51.4693430" lon="-0.3188470">
    <ele>4.6</ele>
    <time>2026-05-16T10:41:12Z</time>
   </trkpt>
   <trkpt lat="51.4693580" lon="-0.3188360">
    <ele>4.6</ele>
    <time>2026-05-16T10:41:13Z</time>
   </trkpt>
   <trkpt lat="51.4693720" lon="-0.3188310">
    <ele>4.6</ele>
    <time>2026-05-16T10:41:14Z</time>
   </trkpt>
   <trkpt lat="51.4693870" lon="-0.3188240">
    <ele>4.6</ele>
    <time>2026-05-16T10:41:15Z</time>
   </trkpt>
   <trkpt lat="51.4694000" lon="-0.3188200">
    <ele>4.6</ele>
    <time>2026-05-16T10:41:16Z</time>
   </trkpt>
   <trkpt lat="51.4694210" lon="-0.3188150">
    <ele>4.6</ele>
    <time>2026-05-16T10:41:17Z</time>
   </trkpt>
   <trkpt lat="51.4694280" lon="-0.3188110">
    <ele>4.6</ele>
    <time>2026-05-16T10:41:18Z</time>
   </trkpt>
   <trkpt lat="51.4694360" lon="-0.3188060">
    <ele>4.6</ele>
    <time>2026-05-16T10:41:19Z</time>
   </trkpt>
   <trkpt lat="51.4694500" lon="-0.3188000">
    <ele>4.6</ele>
    <time>2026-05-16T10:41:20Z</time>
   </trkpt>
   <trkpt lat="51.4694650" lon="-0.3187980">
    <ele>4.6</ele>
    <time>2026-05-16T10:41:21Z</time>
   </trkpt>
   <trkpt lat="51.4694790" lon="-0.3187920">
    <ele>4.5</ele>
    <time>2026-05-16T10:41:22Z</time>
   </trkpt>
   <trkpt lat="51.4694950" lon="-0.3187850">
    <ele>4.5</ele>
    <time>2026-05-16T10:41:23Z</time>
   </trkpt>
   <trkpt lat="51.4695050" lon="-0.3187890">
    <ele>4.5</ele>
    <time>2026-05-16T10:41:25Z</time>
   </trkpt>
   <trkpt lat="51.4695170" lon="-0.3187810">
    <ele>4.5</ele>
    <time>2026-05-16T10:41:26Z</time>
   </trkpt>
   <trkpt lat="51.4695290" lon="-0.3187750">
    <ele>4.5</ele>
    <time>2026-05-16T10:41:27Z</time>
   </trkpt>
   <trkpt lat="51.4695420" lon="-0.3187660">
    <ele>4.5</ele>
    <time>2026-05-16T10:41:28Z</time>
   </trkpt>
   <trkpt lat="51.4695560" lon="-0.3187600">
    <ele>4.5</ele>
    <time>2026-05-16T10:41:29Z</time>
   </trkpt>
   <trkpt lat="51.4695710" lon="-0.3187520">
    <ele>4.5</ele>
    <time>2026-05-16T10:41:30Z</time>
   </trkpt>
   <trkpt lat="51.4695840" lon="-0.3187460">
    <ele>4.5</ele>
    <time>2026-05-16T10:41:31Z</time>
   </trkpt>
   <trkpt lat="51.4696060" lon="-0.3187400">
    <ele>4.5</ele>
    <time>2026-05-16T10:41:32Z</time>
   </trkpt>
   <trkpt lat="51.4696150" lon="-0.3187370">
    <ele>4.5</ele>
    <time>2026-05-16T10:41:33Z</time>
   </trkpt>
   <trkpt lat="51.4696230" lon="-0.3187350">
    <ele>4.5</ele>
    <time>2026-05-16T10:41:34Z</time>
   </trkpt>
   <trkpt lat="51.4696440" lon="-0.3187310">
    <ele>4.5</ele>
    <time>2026-05-16T10:41:35Z</time>
   </trkpt>
   <trkpt lat="51.4696520" lon="-0.3187310">
    <ele>4.5</ele>
    <time>2026-05-16T10:41:36Z</time>
   </trkpt>
   <trkpt lat="51.4696610" lon="-0.3187310">
    <ele>4.5</ele>
    <time>2026-05-16T10:41:37Z</time>
   </trkpt>
   <trkpt lat="51.4696820" lon="-0.3187220">
    <ele>4.5</ele>
    <time>2026-05-16T10:41:38Z</time>
   </trkpt>
   <trkpt lat="51.4696900" lon="-0.3187160">
    <ele>4.5</ele>
    <time>2026-05-16T10:41:39Z</time>
   </trkpt>
   <trkpt lat="51.4696990" lon="-0.3187090">
    <ele>4.5</ele>
    <time>2026-05-16T10:41:40Z</time>
   </trkpt>
   <trkpt lat="51.4697120" lon="-0.3186940">
    <ele>4.5</ele>
    <time>2026-05-16T10:41:41Z</time>
   </trkpt>
   <trkpt lat="51.4697250" lon="-0.3186940">
    <ele>4.5</ele>
    <time>2026-05-16T10:41:42Z</time>
   </trkpt>
   <trkpt lat="51.4697590" lon="-0.3186950">
    <ele>4.5</ele>
    <time>2026-05-16T10:41:43Z</time>
   </trkpt>
   <trkpt lat="51.4697650" lon="-0.3186900">
    <ele>4.5</ele>
    <time>2026-05-16T10:41:44Z</time>
   </trkpt>
   <trkpt lat="51.4697770" lon="-0.3186810">
    <ele>4.5</ele>
    <time>2026-05-16T10:41:45Z</time>
   </trkpt>
   <trkpt lat="51.4697910" lon="-0.3186740">
    <ele>4.5</ele>
    <time>2026-05-16T10:41:46Z</time>
   </trkpt>
   <trkpt lat="51.4698040" lon="-0.3186700">
    <ele>4.5</ele>
    <time>2026-05-16T10:41:47Z</time>
   </trkpt>
   <trkpt lat="51.4698200" lon="-0.3186750">
    <ele>4.5</ele>
    <time>2026-05-16T10:41:48Z</time>
   </trkpt>
   <trkpt lat="51.4698410" lon="-0.3186760">
    <ele>4.5</ele>
    <time>2026-05-16T10:41:49Z</time>
   </trkpt>
   <trkpt lat="51.4698490" lon="-0.3186710">
    <ele>4.5</ele>
    <time>2026-05-16T10:41:50Z</time>
   </trkpt>
   <trkpt lat="51.4698560" lon="-0.3186670">
    <ele>4.5</ele>
    <time>2026-05-16T10:41:51Z</time>
   </trkpt>
   <trkpt lat="51.4698700" lon="-0.3186600">
    <ele>4.5</ele>
    <time>2026-05-16T10:41:52Z</time>
   </trkpt>
   <trkpt lat="51.4698820" lon="-0.3186470">
    <ele>4.5</ele>
    <time>2026-05-16T10:41:53Z</time>
   </trkpt>
   <trkpt lat="51.4698940" lon="-0.3186370">
    <ele>4.5</ele>
    <time>2026-05-16T10:41:54Z</time>
   </trkpt>
   <trkpt lat="51.4699090" lon="-0.3186220">
    <ele>4.5</ele>
    <time>2026-05-16T10:41:55Z</time>
   </trkpt>
   <trkpt lat="51.4699300" lon="-0.3186160">
    <ele>4.5</ele>
    <time>2026-05-16T10:41:56Z</time>
   </trkpt>
   <trkpt lat="51.4699380" lon="-0.3186110">
    <ele>4.5</ele>
    <time>2026-05-16T10:41:57Z</time>
   </trkpt>
   <trkpt lat="51.4699460" lon="-0.3186070">
    <ele>4.5</ele>
    <time>2026-05-16T10:41:58Z</time>
   </trkpt>
   <trkpt lat="51.4699570" lon="-0.3186060">
    <ele>4.5</ele>
    <time>2026-05-16T10:41:59Z</time>
   </trkpt>
   <trkpt lat="51.4699680" lon="-0.3186070">
    <ele>4.5</ele>
    <time>2026-05-16T10:42:00Z</time>
   </trkpt>
   <trkpt lat="51.4699770" lon="-0.3186070">
    <ele>4.5</ele>
    <time>2026-05-16T10:42:01Z</time>
   </trkpt>
   <trkpt lat="51.4699980" lon="-0.3185910">
    <ele>4.5</ele>
    <time>2026-05-16T10:42:02Z</time>
   </trkpt>
   <trkpt lat="51.4700050" lon="-0.3185850">
    <ele>4.5</ele>
    <time>2026-05-16T10:42:03Z</time>
   </trkpt>
   <trkpt lat="51.4700130" lon="-0.3185790">
    <ele>4.5</ele>
    <time>2026-05-16T10:42:04Z</time>
   </trkpt>
   <trkpt lat="51.4700260" lon="-0.3185740">
    <ele>4.5</ele>
    <time>2026-05-16T10:42:05Z</time>
   </trkpt>
   <trkpt lat="51.4700400" lon="-0.3185700">
    <ele>4.5</ele>
    <time>2026-05-16T10:42:06Z</time>
   </trkpt>
   <trkpt lat="51.4700520" lon="-0.3185580">
    <ele>4.5</ele>
    <time>2026-05-16T10:42:07Z</time>
   </trkpt>
   <trkpt lat="51.4700650" lon="-0.3185510">
    <ele>4.5</ele>
    <time>2026-05-16T10:42:08Z</time>
   </trkpt>
   <trkpt lat="51.4700780" lon="-0.3185450">
    <ele>4.5</ele>
    <time>2026-05-16T10:42:09Z</time>
   </trkpt>
   <trkpt lat="51.4700910" lon="-0.3185370">
    <ele>4.5</ele>
    <time>2026-05-16T10:42:10Z</time>
   </trkpt>
   <trkpt lat="51.4701040" lon="-0.3185260">
    <ele>4.5</ele>
    <time>2026-05-16T10:42:11Z</time>
   </trkpt>
   <trkpt lat="51.4701180" lon="-0.3185230">
    <ele>4.5</ele>
    <time>2026-05-16T10:42:12Z</time>
   </trkpt>
   <trkpt lat="51.4701320" lon="-0.3185230">
    <ele>4.5</ele>
    <time>2026-05-16T10:42:13Z</time>
   </trkpt>
   <trkpt lat="51.4701460" lon="-0.3185160">
    <ele>4.5</ele>
    <time>2026-05-16T10:42:14Z</time>
   </trkpt>
   <trkpt lat="51.4701590" lon="-0.3185000">
    <ele>4.5</ele>
    <time>2026-05-16T10:42:15Z</time>
   </trkpt>
   <trkpt lat="51.4701710" lon="-0.3184930">
    <ele>4.5</ele>
    <time>2026-05-16T10:42:16Z</time>
   </trkpt>
   <trkpt lat="51.4701900" lon="-0.3184780">
    <ele>4.5</ele>
    <time>2026-05-16T10:42:17Z</time>
   </trkpt>
   <trkpt lat="51.4701990" lon="-0.3184730">
    <ele>4.5</ele>
    <time>2026-05-16T10:42:18Z</time>
   </trkpt>
   <trkpt lat="51.4702070" lon="-0.3184680">
    <ele>4.5</ele>
    <time>2026-05-16T10:42:19Z</time>
   </trkpt>
   <trkpt lat="51.4702280" lon="-0.3184530">
    <ele>4.5</ele>
    <time>2026-05-16T10:42:20Z</time>
   </trkpt>
   <trkpt lat="51.4702350" lon="-0.3184430">
    <ele>4.5</ele>
    <time>2026-05-16T10:42:21Z</time>
   </trkpt>
   <trkpt lat="51.4702420" lon="-0.3184340">
    <ele>4.5</ele>
    <time>2026-05-16T10:42:22Z</time>
   </trkpt>
   <trkpt lat="51.4702540" lon="-0.3184240">
    <ele>4.5</ele>
    <time>2026-05-16T10:42:23Z</time>
   </trkpt>
   <trkpt lat="51.4702680" lon="-0.3184140">
    <ele>4.5</ele>
    <time>2026-05-16T10:42:24Z</time>
   </trkpt>
   <trkpt lat="51.4702820" lon="-0.3184070">
    <ele>4.5</ele>
    <time>2026-05-16T10:42:25Z</time>
   </trkpt>
   <trkpt lat="51.4702950" lon="-0.3183930">
    <ele>4.5</ele>
    <time>2026-05-16T10:42:26Z</time>
   </trkpt>
   <trkpt lat="51.4703100" lon="-0.3183840">
    <ele>4.5</ele>
    <time>2026-05-16T10:42:27Z</time>
   </trkpt>
   <trkpt lat="51.4703220" lon="-0.3183770">
    <ele>4.5</ele>
    <time>2026-05-16T10:42:28Z</time>
   </trkpt>
   <trkpt lat="51.4703350" lon="-0.3183690">
    <ele>4.5</ele>
    <time>2026-05-16T10:42:29Z</time>
   </trkpt>
   <trkpt lat="51.4703480" lon="-0.3183570">
    <ele>4.5</ele>
    <time>2026-05-16T10:42:30Z</time>
   </trkpt>
   <trkpt lat="51.4703600" lon="-0.3183450">
    <ele>4.5</ele>
    <time>2026-05-16T10:42:31Z</time>
   </trkpt>
   <trkpt lat="51.4703720" lon="-0.3183290">
    <ele>4.5</ele>
    <time>2026-05-16T10:42:32Z</time>
   </trkpt>
   <trkpt lat="51.4703890" lon="-0.3183070">
    <ele>4.5</ele>
    <time>2026-05-16T10:42:33Z</time>
   </trkpt>
   <trkpt lat="51.4703960" lon="-0.3183000">
    <ele>4.5</ele>
    <time>2026-05-16T10:42:34Z</time>
   </trkpt>
   <trkpt lat="51.4704040" lon="-0.3182940">
    <ele>4.5</ele>
    <time>2026-05-16T10:42:35Z</time>
   </trkpt>
   <trkpt lat="51.4704230" lon="-0.3182800">
    <ele>4.5</ele>
    <time>2026-05-16T10:42:36Z</time>
   </trkpt>
   <trkpt lat="51.4704310" lon="-0.3182730">
    <ele>4.5</ele>
    <time>2026-05-16T10:42:37Z</time>
   </trkpt>
   <trkpt lat="51.4704390" lon="-0.3182670">
    <ele>4.5</ele>
    <time>2026-05-16T10:42:38Z</time>
   </trkpt>
   <trkpt lat="51.4704510" lon="-0.3182550">
    <ele>4.5</ele>
    <time>2026-05-16T10:42:39Z</time>
   </trkpt>
   <trkpt lat="51.4704610" lon="-0.3182380">
    <ele>4.5</ele>
    <time>2026-05-16T10:42:40Z</time>
   </trkpt>
   <trkpt lat="51.4704720" lon="-0.3182210">
    <ele>4.5</ele>
    <time>2026-05-16T10:42:41Z</time>
   </trkpt>
   <trkpt lat="51.4704840" lon="-0.3182110">
    <ele>4.5</ele>
    <time>2026-05-16T10:42:42Z</time>
   </trkpt>
   <trkpt lat="51.4704980" lon="-0.3182050">
    <ele>4.5</ele>
    <time>2026-05-16T10:42:43Z</time>
   </trkpt>
   <trkpt lat="51.4705110" lon="-0.3181960">
    <ele>4.5</ele>
    <time>2026-05-16T10:42:44Z</time>
   </trkpt>
   <trkpt lat="51.4705310" lon="-0.3181850">
    <ele>4.5</ele>
    <time>2026-05-16T10:42:45Z</time>
   </trkpt>
   <trkpt lat="51.4705380" lon="-0.3181790">
    <ele>4.6</ele>
    <time>2026-05-16T10:42:46Z</time>
   </trkpt>
   <trkpt lat="51.4705460" lon="-0.3181740">
    <ele>4.6</ele>
    <time>2026-05-16T10:42:47Z</time>
   </trkpt>
   <trkpt lat="51.4705640" lon="-0.3181580">
    <ele>4.6</ele>
    <time>2026-05-16T10:42:48Z</time>
   </trkpt>
   <trkpt lat="51.4705730" lon="-0.3181560">
    <ele>4.6</ele>
    <time>2026-05-16T10:42:49Z</time>
   </trkpt>
   <trkpt lat="51.4705810" lon="-0.3181530">
    <ele>4.6</ele>
    <time>2026-05-16T10:42:50Z</time>
   </trkpt>
   <trkpt lat="51.4705930" lon="-0.3181440">
    <ele>4.6</ele>
    <time>2026-05-16T10:42:51Z</time>
   </trkpt>
   <trkpt lat="51.4706070" lon="-0.3181340">
    <ele>4.6</ele>
    <time>2026-05-16T10:42:52Z</time>
   </trkpt>
   <trkpt lat="51.4706270" lon="-0.3181200">
    <ele>4.6</ele>
    <time>2026-05-16T10:42:53Z</time>
   </trkpt>
   <trkpt lat="51.4706340" lon="-0.3181140">
    <ele>4.6</ele>
    <time>2026-05-16T10:42:54Z</time>
   </trkpt>
   <trkpt lat="51.4706410" lon="-0.3181070">
    <ele>4.6</ele>
    <time>2026-05-16T10:42:55Z</time>
   </trkpt>
   <trkpt lat="51.4706550" lon="-0.3180820">
    <ele>4.6</ele>
    <time>2026-05-16T10:42:56Z</time>
   </trkpt>
   <trkpt lat="51.4706590" lon="-0.3180660">
    <ele>4.6</ele>
    <time>2026-05-16T10:42:57Z</time>
   </trkpt>
   <trkpt lat="51.4706640" lon="-0.3180490">
    <ele>4.6</ele>
    <time>2026-05-16T10:42:58Z</time>
   </trkpt>
   <trkpt lat="51.4706750" lon="-0.3180380">
    <ele>4.6</ele>
    <time>2026-05-16T10:42:59Z</time>
   </trkpt>
   <trkpt lat="51.4706880" lon="-0.3180240">
    <ele>4.6</ele>
    <time>2026-05-16T10:43:00Z</time>
   </trkpt>
   <trkpt lat="51.4706990" lon="-0.3180070">
    <ele>4.6</ele>
    <time>2026-05-16T10:43:01Z</time>
   </trkpt>
   <trkpt lat="51.4707130" lon="-0.3179960">
    <ele>4.6</ele>
    <time>2026-05-16T10:43:02Z</time>
   </trkpt>
   <trkpt lat="51.4707250" lon="-0.3179850">
    <ele>4.6</ele>
    <time>2026-05-16T10:43:03Z</time>
   </trkpt>
   <trkpt lat="51.4707360" lon="-0.3179710">
    <ele>4.6</ele>
    <time>2026-05-16T10:43:04Z</time>
   </trkpt>
   <trkpt lat="51.4707460" lon="-0.3179590">
    <ele>4.6</ele>
    <time>2026-05-16T10:43:05Z</time>
   </trkpt>
   <trkpt lat="51.4707560" lon="-0.3179410">
    <ele>4.6</ele>
    <time>2026-05-16T10:43:06Z</time>
   </trkpt>
   <trkpt lat="51.4707730" lon="-0.3179170">
    <ele>4.6</ele>
    <time>2026-05-16T10:43:07Z</time>
   </trkpt>
   <trkpt lat="51.4707800" lon="-0.3179080">
    <ele>4.6</ele>
    <time>2026-05-16T10:43:08Z</time>
   </trkpt>
   <trkpt lat="51.4707870" lon="-0.3178990">
    <ele>4.6</ele>
    <time>2026-05-16T10:43:09Z</time>
   </trkpt>
   <trkpt lat="51.4707990" lon="-0.3178840">
    <ele>4.6</ele>
    <time>2026-05-16T10:43:10Z</time>
   </trkpt>
   <trkpt lat="51.4708100" lon="-0.3178680">
    <ele>4.6</ele>
    <time>2026-05-16T10:43:11Z</time>
   </trkpt>
   <trkpt lat="51.4708220" lon="-0.3178550">
    <ele>4.6</ele>
    <time>2026-05-16T10:43:12Z</time>
   </trkpt>
   <trkpt lat="51.4708340" lon="-0.3178410">
    <ele>4.6</ele>
    <time>2026-05-16T10:43:13Z</time>
   </trkpt>
   <trkpt lat="51.4708460" lon="-0.3178300">
    <ele>4.6</ele>
    <time>2026-05-16T10:43:14Z</time>
   </trkpt>
   <trkpt lat="51.4708560" lon="-0.3178120">
    <ele>4.6</ele>
    <time>2026-05-16T10:43:15Z</time>
   </trkpt>
   <trkpt lat="51.4708660" lon="-0.3178060">
    <ele>4.6</ele>
    <time>2026-05-16T10:43:16Z</time>
   </trkpt>
   <trkpt lat="51.4708750" lon="-0.3177890">
    <ele>4.6</ele>
    <time>2026-05-16T10:43:17Z</time>
   </trkpt>
   <trkpt lat="51.4708810" lon="-0.3177710">
    <ele>4.6</ele>
    <time>2026-05-16T10:43:18Z</time>
   </trkpt>
   <trkpt lat="51.4708890" lon="-0.3177470">
    <ele>4.6</ele>
    <time>2026-05-16T10:43:19Z</time>
   </trkpt>
   <trkpt lat="51.4708960" lon="-0.3177350">
    <ele>4.6</ele>
    <time>2026-05-16T10:43:20Z</time>
   </trkpt>
   <trkpt lat="51.4709150" lon="-0.3177160">
    <ele>4.6</ele>
    <time>2026-05-16T10:43:21Z</time>
   </trkpt>
   <trkpt lat="51.4709210" lon="-0.3177070">
    <ele>4.6</ele>
    <time>2026-05-16T10:43:22Z</time>
   </trkpt>
   <trkpt lat="51.4709270" lon="-0.3176970">
    <ele>4.6</ele>
    <time>2026-05-16T10:43:23Z</time>
   </trkpt>
   <trkpt lat="51.4709350" lon="-0.3176780">
    <ele>4.6</ele>
    <time>2026-05-16T10:43:24Z</time>
   </trkpt>
   <trkpt lat="51.4709390" lon="-0.3176560">
    <ele>4.6</ele>
    <time>2026-05-16T10:43:25Z</time>
   </trkpt>
   <trkpt lat="51.4709470" lon="-0.3176390">
    <ele>4.6</ele>
    <time>2026-05-16T10:43:26Z</time>
   </trkpt>
   <trkpt lat="51.4709580" lon="-0.3176220">
    <ele>4.6</ele>
    <time>2026-05-16T10:43:27Z</time>
   </trkpt>
   <trkpt lat="51.4709660" lon="-0.3176130">
    <ele>4.6</ele>
    <time>2026-05-16T10:43:28Z</time>
   </trkpt>
   <trkpt lat="51.4709760" lon="-0.3176020">
    <ele>4.6</ele>
    <time>2026-05-16T10:43:29Z</time>
   </trkpt>
   <trkpt lat="51.4709860" lon="-0.3175850">
    <ele>4.6</ele>
    <time>2026-05-16T10:43:31Z</time>
   </trkpt>
   <trkpt lat="51.4710000" lon="-0.3175610">
    <ele>4.6</ele>
    <time>2026-05-16T10:43:32Z</time>
   </trkpt>
   <trkpt lat="51.4710050" lon="-0.3175480">
    <ele>4.6</ele>
    <time>2026-05-16T10:43:33Z</time>
   </trkpt>
   <trkpt lat="51.4710100" lon="-0.3175350">
    <ele>4.6</ele>
    <time>2026-05-16T10:43:34Z</time>
   </trkpt>
   <trkpt lat="51.4710220" lon="-0.3175060">
    <ele>4.6</ele>
    <time>2026-05-16T10:43:35Z</time>
   </trkpt>
   <trkpt lat="51.4710270" lon="-0.3174930">
    <ele>4.6</ele>
    <time>2026-05-16T10:43:36Z</time>
   </trkpt>
   <trkpt lat="51.4710310" lon="-0.3174810">
    <ele>4.6</ele>
    <time>2026-05-16T10:43:37Z</time>
   </trkpt>
   <trkpt lat="51.4710480" lon="-0.3174590">
    <ele>4.6</ele>
    <time>2026-05-16T10:43:38Z</time>
   </trkpt>
   <trkpt lat="51.4710550" lon="-0.3174490">
    <ele>4.6</ele>
    <time>2026-05-16T10:43:39Z</time>
   </trkpt>
   <trkpt lat="51.4710610" lon="-0.3174390">
    <ele>4.6</ele>
    <time>2026-05-16T10:43:40Z</time>
   </trkpt>
   <trkpt lat="51.4710690" lon="-0.3174200">
    <ele>4.6</ele>
    <time>2026-05-16T10:43:41Z</time>
   </trkpt>
   <trkpt lat="51.4710760" lon="-0.3173980">
    <ele>4.6</ele>
    <time>2026-05-16T10:43:42Z</time>
   </trkpt>
   <trkpt lat="51.4710850" lon="-0.3173820">
    <ele>4.6</ele>
    <time>2026-05-16T10:43:43Z</time>
   </trkpt>
   <trkpt lat="51.4710930" lon="-0.3173640">
    <ele>4.6</ele>
    <time>2026-05-16T10:43:44Z</time>
   </trkpt>
   <trkpt lat="51.4711020" lon="-0.3173460">
    <ele>4.6</ele>
    <time>2026-05-16T10:43:45Z</time>
   </trkpt>
   <trkpt lat="51.4711100" lon="-0.3173230">
    <ele>4.6</ele>
    <time>2026-05-16T10:43:46Z</time>
   </trkpt>
   <trkpt lat="51.4711180" lon="-0.3173030">
    <ele>4.6</ele>
    <time>2026-05-16T10:43:47Z</time>
   </trkpt>
   <trkpt lat="51.4711270" lon="-0.3172850">
    <ele>4.6</ele>
    <time>2026-05-16T10:43:48Z</time>
   </trkpt>
   <trkpt lat="51.4711340" lon="-0.3172650">
    <ele>4.6</ele>
    <time>2026-05-16T10:43:49Z</time>
   </trkpt>
   <trkpt lat="51.4711420" lon="-0.3172460">
    <ele>4.6</ele>
    <time>2026-05-16T10:43:50Z</time>
   </trkpt>
   <trkpt lat="51.4711480" lon="-0.3172350">
    <ele>4.6</ele>
    <time>2026-05-16T10:43:51Z</time>
   </trkpt>
   <trkpt lat="51.4711540" lon="-0.3172220">
    <ele>4.5</ele>
    <time>2026-05-16T10:43:52Z</time>
   </trkpt>
   <trkpt lat="51.4711690" lon="-0.3171950">
    <ele>4.5</ele>
    <time>2026-05-16T10:43:53Z</time>
   </trkpt>
   <trkpt lat="51.4711690" lon="-0.3171590">
    <ele>4.5</ele>
    <time>2026-05-16T10:43:54Z</time>
   </trkpt>
   <trkpt lat="51.4711750" lon="-0.3171260">
    <ele>4.5</ele>
    <time>2026-05-16T10:43:55Z</time>
   </trkpt>
   <trkpt lat="51.4711790" lon="-0.3171130">
    <ele>4.5</ele>
    <time>2026-05-16T10:43:56Z</time>
   </trkpt>
   <trkpt lat="51.4711830" lon="-0.3171010">
    <ele>4.5</ele>
    <time>2026-05-16T10:43:57Z</time>
   </trkpt>
   <trkpt lat="51.4711920" lon="-0.3170840">
    <ele>4.5</ele>
    <time>2026-05-16T10:43:58Z</time>
   </trkpt>
   <trkpt lat="51.4711980" lon="-0.3170690">
    <ele>4.5</ele>
    <time>2026-05-16T10:43:59Z</time>
   </trkpt>
   <trkpt lat="51.4711950" lon="-0.3170580">
    <ele>4.5</ele>
    <time>2026-05-16T10:44:00Z</time>
   </trkpt>
   <trkpt lat="51.4711900" lon="-0.3170330">
    <ele>4.5</ele>
    <time>2026-05-16T10:44:01Z</time>
   </trkpt>
   <trkpt lat="51.4711890" lon="-0.3170170">
    <ele>4.5</ele>
    <time>2026-05-16T10:44:02Z</time>
   </trkpt>
   <trkpt lat="51.4711880" lon="-0.3170000">
    <ele>4.5</ele>
    <time>2026-05-16T10:44:03Z</time>
   </trkpt>
   <trkpt lat="51.4711890" lon="-0.3169800">
    <ele>4.5</ele>
    <time>2026-05-16T10:44:04Z</time>
   </trkpt>
   <trkpt lat="51.4711930" lon="-0.3169630">
    <ele>4.5</ele>
    <time>2026-05-16T10:44:05Z</time>
   </trkpt>
   <trkpt lat="51.4711940" lon="-0.3169510">
    <ele>4.5</ele>
    <time>2026-05-16T10:44:06Z</time>
   </trkpt>
   <trkpt lat="51.4711950" lon="-0.3169300">
    <ele>4.5</ele>
    <time>2026-05-16T10:44:07Z</time>
   </trkpt>
   <trkpt lat="51.4711990" lon="-0.3169060">
    <ele>4.5</ele>
    <time>2026-05-16T10:44:08Z</time>
   </trkpt>
   <trkpt lat="51.4712040" lon="-0.3168940">
    <ele>4.4</ele>
    <time>2026-05-16T10:44:09Z</time>
   </trkpt>
   <trkpt lat="51.4712110" lon="-0.3168820">
    <ele>4.4</ele>
    <time>2026-05-16T10:44:10Z</time>
   </trkpt>
   <trkpt lat="51.4712150" lon="-0.3168570">
    <ele>4.4</ele>
    <time>2026-05-16T10:44:11Z</time>
   </trkpt>
   <trkpt lat="51.4712160" lon="-0.3168300">
    <ele>4.4</ele>
    <time>2026-05-16T10:44:12Z</time>
   </trkpt>
   <trkpt lat="51.4712190" lon="-0.3168070">
    <ele>4.4</ele>
    <time>2026-05-16T10:44:13Z</time>
   </trkpt>
   <trkpt lat="51.4712250" lon="-0.3167950">
    <ele>4.4</ele>
    <time>2026-05-16T10:44:14Z</time>
   </trkpt>
   <trkpt lat="51.4712270" lon="-0.3167840">
    <ele>4.4</ele>
    <time>2026-05-16T10:44:15Z</time>
   </trkpt>
   <trkpt lat="51.4712290" lon="-0.3167640">
    <ele>4.4</ele>
    <time>2026-05-16T10:44:16Z</time>
   </trkpt>
   <trkpt lat="51.4712350" lon="-0.3167200">
    <ele>4.4</ele>
    <time>2026-05-16T10:44:17Z</time>
   </trkpt>
   <trkpt lat="51.4712340" lon="-0.3167070">
    <ele>4.4</ele>
    <time>2026-05-16T10:44:18Z</time>
   </trkpt>
   <trkpt lat="51.4712400" lon="-0.3166880">
    <ele>4.4</ele>
    <time>2026-05-16T10:44:19Z</time>
   </trkpt>
   <trkpt lat="51.4712420" lon="-0.3166650">
    <ele>4.4</ele>
    <time>2026-05-16T10:44:20Z</time>
   </trkpt>
   <trkpt lat="51.4712440" lon="-0.3166430">
    <ele>4.4</ele>
    <time>2026-05-16T10:44:21Z</time>
   </trkpt>
   <trkpt lat="51.4712460" lon="-0.3166180">
    <ele>4.4</ele>
    <time>2026-05-16T10:44:22Z</time>
   </trkpt>
   <trkpt lat="51.4712520" lon="-0.3165840">
    <ele>4.4</ele>
    <time>2026-05-16T10:44:23Z</time>
   </trkpt>
   <trkpt lat="51.4712550" lon="-0.3165720">
    <ele>4.4</ele>
    <time>2026-05-16T10:44:24Z</time>
   </trkpt>
   <trkpt lat="51.4712580" lon="-0.3165610">
    <ele>4.4</ele>
    <time>2026-05-16T10:44:25Z</time>
   </trkpt>
   <trkpt lat="51.4712640" lon="-0.3165450">
    <ele>4.4</ele>
    <time>2026-05-16T10:44:26Z</time>
   </trkpt>
   <trkpt lat="51.4712700" lon="-0.3165300">
    <ele>4.4</ele>
    <time>2026-05-16T10:44:27Z</time>
   </trkpt>
   <trkpt lat="51.4712750" lon="-0.3165120">
    <ele>4.4</ele>
    <time>2026-05-16T10:44:28Z</time>
   </trkpt>
   <trkpt lat="51.4712790" lon="-0.3164950">
    <ele>4.4</ele>
    <time>2026-05-16T10:44:29Z</time>
   </trkpt>
   <trkpt lat="51.4712850" lon="-0.3164720">
    <ele>4.4</ele>
    <time>2026-05-16T10:44:30Z</time>
   </trkpt>
   <trkpt lat="51.4712900" lon="-0.3164450">
    <ele>4.3</ele>
    <time>2026-05-16T10:44:31Z</time>
   </trkpt>
   <trkpt lat="51.4712950" lon="-0.3164250">
    <ele>4.3</ele>
    <time>2026-05-16T10:44:32Z</time>
   </trkpt>
   <trkpt lat="51.4713070" lon="-0.3164030">
    <ele>4.3</ele>
    <time>2026-05-16T10:44:33Z</time>
   </trkpt>
   <trkpt lat="51.4713110" lon="-0.3163750">
    <ele>4.3</ele>
    <time>2026-05-16T10:44:34Z</time>
   </trkpt>
   <trkpt lat="51.4713170" lon="-0.3163520">
    <ele>4.3</ele>
    <time>2026-05-16T10:44:35Z</time>
   </trkpt>
   <trkpt lat="51.4713200" lon="-0.3163220">
    <ele>4.3</ele>
    <time>2026-05-16T10:44:36Z</time>
   </trkpt>
   <trkpt lat="51.4713290" lon="-0.3163050">
    <ele>4.3</ele>
    <time>2026-05-16T10:44:37Z</time>
   </trkpt>
   <trkpt lat="51.4713330" lon="-0.3162900">
    <ele>4.3</ele>
    <time>2026-05-16T10:44:38Z</time>
   </trkpt>
   <trkpt lat="51.4713390" lon="-0.3162880">
    <ele>4.3</ele>
    <time>2026-05-16T10:44:39Z</time>
   </trkpt>
   <trkpt lat="51.4713450" lon="-0.3162630">
    <ele>4.4</ele>
    <time>2026-05-16T10:44:40Z</time>
   </trkpt>
   <trkpt lat="51.4713490" lon="-0.3162480">
    <ele>4.4</ele>
    <time>2026-05-16T10:44:41Z</time>
   </trkpt>
   <trkpt lat="51.4713530" lon="-0.3162330">
    <ele>4.4</ele>
    <time>2026-05-16T10:44:42Z</time>
   </trkpt>
   <trkpt lat="51.4713610" lon="-0.3162060">
    <ele>4.4</ele>
    <time>2026-05-16T10:44:43Z</time>
   </trkpt>
   <trkpt lat="51.4713660" lon="-0.3161820">
    <ele>4.4</ele>
    <time>2026-05-16T10:44:44Z</time>
   </trkpt>
   <trkpt lat="51.4713700" lon="-0.3161650">
    <ele>4.4</ele>
    <time>2026-05-16T10:44:45Z</time>
   </trkpt>
   <trkpt lat="51.4713740" lon="-0.3161430">
    <ele>4.4</ele>
    <time>2026-05-16T10:44:46Z</time>
   </trkpt>
   <trkpt lat="51.4713790" lon="-0.3161330">
    <ele>4.4</ele>
    <time>2026-05-16T10:44:47Z</time>
   </trkpt>
   <trkpt lat="51.4713840" lon="-0.3161140">
    <ele>4.4</ele>
    <time>2026-05-16T10:44:48Z</time>
   </trkpt>
   <trkpt lat="51.4713860" lon="-0.3160950">
    <ele>4.4</ele>
    <time>2026-05-16T10:44:49Z</time>
   </trkpt>
   <trkpt lat="51.4713900" lon="-0.3160830">
    <ele>4.4</ele>
    <time>2026-05-16T10:44:50Z</time>
   </trkpt>
   <trkpt lat="51.4713930" lon="-0.3160580">
    <ele>4.4</ele>
    <time>2026-05-16T10:44:51Z</time>
   </trkpt>
   <trkpt lat="51.4713930" lon="-0.3160440">
    <ele>4.4</ele>
    <time>2026-05-16T10:44:52Z</time>
   </trkpt>
   <trkpt lat="51.4713940" lon="-0.3160290">
    <ele>4.4</ele>
    <time>2026-05-16T10:44:53Z</time>
   </trkpt>
   <trkpt lat="51.4713940" lon="-0.3160150">
    <ele>4.4</ele>
    <time>2026-05-16T10:44:54Z</time>
   </trkpt>
   <trkpt lat="51.4713970" lon="-0.3159740">
    <ele>4.4</ele>
    <time>2026-05-16T10:44:55Z</time>
   </trkpt>
   <trkpt lat="51.4713990" lon="-0.3159560">
    <ele>4.4</ele>
    <time>2026-05-16T10:44:56Z</time>
   </trkpt>
   <trkpt lat="51.4714010" lon="-0.3159320">
    <ele>4.4</ele>
    <time>2026-05-16T10:44:57Z</time>
   </trkpt>
   <trkpt lat="51.4714040" lon="-0.3159100">
    <ele>4.4</ele>
    <time>2026-05-16T10:44:58Z</time>
   </trkpt>
   <trkpt lat="51.4714110" lon="-0.3158860">
    <ele>4.4</ele>
    <time>2026-05-16T10:44:59Z</time>
   </trkpt>
   <trkpt lat="51.4714210" lon="-0.3158680">
    <ele>4.4</ele>
    <time>2026-05-16T10:45:00Z</time>
   </trkpt>
   <trkpt lat="51.4714270" lon="-0.3158540">
    <ele>4.4</ele>
    <time>2026-05-16T10:45:01Z</time>
   </trkpt>
   <trkpt lat="51.4714320" lon="-0.3158460">
    <ele>4.4</ele>
    <time>2026-05-16T10:45:02Z</time>
   </trkpt>
   <trkpt lat="51.4714310" lon="-0.3158410">
    <ele>4.4</ele>
    <time>2026-05-16T10:45:03Z</time>
   </trkpt>
   <trkpt lat="51.4714410" lon="-0.3158240">
    <ele>4.4</ele>
    <time>2026-05-16T10:45:04Z</time>
   </trkpt>
   <trkpt lat="51.4714420" lon="-0.3158100">
    <ele>4.4</ele>
    <time>2026-05-16T10:45:05Z</time>
   </trkpt>
   <trkpt lat="51.4714450" lon="-0.3157840">
    <ele>4.4</ele>
    <time>2026-05-16T10:45:06Z</time>
   </trkpt>
   <trkpt lat="51.4714500" lon="-0.3157690">
    <ele>4.4</ele>
    <time>2026-05-16T10:45:07Z</time>
   </trkpt>
   <trkpt lat="51.4714540" lon="-0.3157590">
    <ele>4.4</ele>
    <time>2026-05-16T10:45:08Z</time>
   </trkpt>
   <trkpt lat="51.4714620" lon="-0.3157440">
    <ele>4.4</ele>
    <time>2026-05-16T10:45:09Z</time>
   </trkpt>
   <trkpt lat="51.4714660" lon="-0.3157170">
    <ele>4.4</ele>
    <time>2026-05-16T10:45:10Z</time>
   </trkpt>
   <trkpt lat="51.4714710" lon="-0.3156940">
    <ele>4.4</ele>
    <time>2026-05-16T10:45:11Z</time>
   </trkpt>
   <trkpt lat="51.4714740" lon="-0.3156670">
    <ele>4.4</ele>
    <time>2026-05-16T10:45:12Z</time>
   </trkpt>
   <trkpt lat="51.4714750" lon="-0.3156330">
    <ele>4.4</ele>
    <time>2026-05-16T10:45:13Z</time>
   </trkpt>
   <trkpt lat="51.4714750" lon="-0.3156210">
    <ele>4.4</ele>
    <time>2026-05-16T10:45:14Z</time>
   </trkpt>
   <trkpt lat="51.4714760" lon="-0.3156090">
    <ele>4.4</ele>
    <time>2026-05-16T10:45:15Z</time>
   </trkpt>
   <trkpt lat="51.4714860" lon="-0.3155770">
    <ele>4.4</ele>
    <time>2026-05-16T10:45:16Z</time>
   </trkpt>
   <trkpt lat="51.4714900" lon="-0.3155630">
    <ele>4.4</ele>
    <time>2026-05-16T10:45:17Z</time>
   </trkpt>
   <trkpt lat="51.4714940" lon="-0.3155480">
    <ele>4.4</ele>
    <time>2026-05-16T10:45:18Z</time>
   </trkpt>
   <trkpt lat="51.4714970" lon="-0.3155260">
    <ele>4.4</ele>
    <time>2026-05-16T10:45:19Z</time>
   </trkpt>
   <trkpt lat="51.4714990" lon="-0.3155010">
    <ele>4.4</ele>
    <time>2026-05-16T10:45:20Z</time>
   </trkpt>
   <trkpt lat="51.4715070" lon="-0.3154820">
    <ele>4.4</ele>
    <time>2026-05-16T10:45:21Z</time>
   </trkpt>
   <trkpt lat="51.4715140" lon="-0.3154650">
    <ele>4.4</ele>
    <time>2026-05-16T10:45:22Z</time>
   </trkpt>
   <trkpt lat="51.4715230" lon="-0.3154580">
    <ele>4.4</ele>
    <time>2026-05-16T10:45:23Z</time>
   </trkpt>
   <trkpt lat="51.4715300" lon="-0.3154320">
    <ele>4.4</ele>
    <time>2026-05-16T10:45:24Z</time>
   </trkpt>
   <trkpt lat="51.4715330" lon="-0.3154170">
    <ele>4.4</ele>
    <time>2026-05-16T10:45:25Z</time>
   </trkpt>
   <trkpt lat="51.4715370" lon="-0.3154010">
    <ele>4.4</ele>
    <time>2026-05-16T10:45:26Z</time>
   </trkpt>
   <trkpt lat="51.4715400" lon="-0.3153770">
    <ele>4.4</ele>
    <time>2026-05-16T10:45:27Z</time>
   </trkpt>
   <trkpt lat="51.4715460" lon="-0.3153550">
    <ele>4.4</ele>
    <time>2026-05-16T10:45:28Z</time>
   </trkpt>
   <trkpt lat="51.4715550" lon="-0.3153240">
    <ele>4.4</ele>
    <time>2026-05-16T10:45:29Z</time>
   </trkpt>
   <trkpt lat="51.4715580" lon="-0.3153130">
    <ele>4.4</ele>
    <time>2026-05-16T10:45:30Z</time>
   </trkpt>
   <trkpt lat="51.4715620" lon="-0.3153020">
    <ele>4.4</ele>
    <time>2026-05-16T10:45:31Z</time>
   </trkpt>
   <trkpt lat="51.4715680" lon="-0.3152750">
    <ele>4.4</ele>
    <time>2026-05-16T10:45:32Z</time>
   </trkpt>
   <trkpt lat="51.4715750" lon="-0.3152570">
    <ele>4.4</ele>
    <time>2026-05-16T10:45:33Z</time>
   </trkpt>
   <trkpt lat="51.4715830" lon="-0.3152350">
    <ele>4.4</ele>
    <time>2026-05-16T10:45:34Z</time>
   </trkpt>
   <trkpt lat="51.4715900" lon="-0.3152140">
    <ele>4.4</ele>
    <time>2026-05-16T10:45:35Z</time>
   </trkpt>
   <trkpt lat="51.4715970" lon="-0.3151900">
    <ele>4.4</ele>
    <time>2026-05-16T10:45:37Z</time>
   </trkpt>
   <trkpt lat="51.4716030" lon="-0.3151780">
    <ele>4.4</ele>
    <time>2026-05-16T10:45:38Z</time>
   </trkpt>
   <trkpt lat="51.4716070" lon="-0.3151650">
    <ele>4.4</ele>
    <time>2026-05-16T10:45:39Z</time>
   </trkpt>
   <trkpt lat="51.4716090" lon="-0.3151470">
    <ele>4.4</ele>
    <time>2026-05-16T10:45:40Z</time>
   </trkpt>
   <trkpt lat="51.4716100" lon="-0.3151330">
    <ele>4.4</ele>
    <time>2026-05-16T10:45:41Z</time>
   </trkpt>
   <trkpt lat="51.4716140" lon="-0.3151190">
    <ele>4.4</ele>
    <time>2026-05-16T10:45:42Z</time>
   </trkpt>
   <trkpt lat="51.4716220" lon="-0.3150990">
    <ele>4.4</ele>
    <time>2026-05-16T10:45:43Z</time>
   </trkpt>
   <trkpt lat="51.4716270" lon="-0.3150810">
    <ele>4.4</ele>
    <time>2026-05-16T10:45:44Z</time>
   </trkpt>
   <trkpt lat="51.4716320" lon="-0.3150600">
    <ele>4.4</ele>
    <time>2026-05-16T10:45:45Z</time>
   </trkpt>
   <trkpt lat="51.4716400" lon="-0.3150500">
    <ele>4.4</ele>
    <time>2026-05-16T10:45:46Z</time>
   </trkpt>
   <trkpt lat="51.4716450" lon="-0.3150380">
    <ele>4.4</ele>
    <time>2026-05-16T10:45:47Z</time>
   </trkpt>
   <trkpt lat="51.4716560" lon="-0.3150110">
    <ele>4.4</ele>
    <time>2026-05-16T10:45:48Z</time>
   </trkpt>
   <trkpt lat="51.4716610" lon="-0.3150000">
    <ele>4.4</ele>
    <time>2026-05-16T10:45:49Z</time>
   </trkpt>
   <trkpt lat="51.4716660" lon="-0.3149880">
    <ele>4.4</ele>
    <time>2026-05-16T10:45:50Z</time>
   </trkpt>
   <trkpt lat="51.4716710" lon="-0.3149660">
    <ele>4.4</ele>
    <time>2026-05-16T10:45:51Z</time>
   </trkpt>
   <trkpt lat="51.4716790" lon="-0.3149480">
    <ele>4.4</ele>
    <time>2026-05-16T10:45:52Z</time>
   </trkpt>
   <trkpt lat="51.4716730" lon="-0.3149320">
    <ele>4.4</ele>
    <time>2026-05-16T10:45:53Z</time>
   </trkpt>
   <trkpt lat="51.4716730" lon="-0.3148990">
    <ele>4.4</ele>
    <time>2026-05-16T10:45:54Z</time>
   </trkpt>
   <trkpt lat="51.4716840" lon="-0.3148720">
    <ele>4.4</ele>
    <time>2026-05-16T10:45:55Z</time>
   </trkpt>
   <trkpt lat="51.4716910" lon="-0.3148560">
    <ele>4.4</ele>
    <time>2026-05-16T10:45:56Z</time>
   </trkpt>
   <trkpt lat="51.4716970" lon="-0.3148390">
    <ele>4.4</ele>
    <time>2026-05-16T10:45:57Z</time>
   </trkpt>
   <trkpt lat="51.4717110" lon="-0.3147920">
    <ele>4.4</ele>
    <time>2026-05-16T10:45:58Z</time>
   </trkpt>
   <trkpt lat="51.4717120" lon="-0.3147690">
    <ele>4.4</ele>
    <time>2026-05-16T10:45:59Z</time>
   </trkpt>
   <trkpt lat="51.4717220" lon="-0.3147480">
    <ele>4.4</ele>
    <time>2026-05-16T10:46:00Z</time>
   </trkpt>
   <trkpt lat="51.4717280" lon="-0.3147280">
    <ele>4.4</ele>
    <time>2026-05-16T10:46:01Z</time>
   </trkpt>
   <trkpt lat="51.4717310" lon="-0.3147010">
    <ele>4.3</ele>
    <time>2026-05-16T10:46:02Z</time>
   </trkpt>
   <trkpt lat="51.4717390" lon="-0.3146830">
    <ele>4.3</ele>
    <time>2026-05-16T10:46:03Z</time>
   </trkpt>
   <trkpt lat="51.4717490" lon="-0.3146600">
    <ele>4.3</ele>
    <time>2026-05-16T10:46:04Z</time>
   </trkpt>
   <trkpt lat="51.4717590" lon="-0.3146330">
    <ele>4.3</ele>
    <time>2026-05-16T10:46:05Z</time>
   </trkpt>
   <trkpt lat="51.4717630" lon="-0.3146130">
    <ele>4.3</ele>
    <time>2026-05-16T10:46:06Z</time>
   </trkpt>
   <trkpt lat="51.4717640" lon="-0.3145950">
    <ele>4.3</ele>
    <time>2026-05-16T10:46:07Z</time>
   </trkpt>
   <trkpt lat="51.4717720" lon="-0.3145770">
    <ele>4.3</ele>
    <time>2026-05-16T10:46:08Z</time>
   </trkpt>
   <trkpt lat="51.4717770" lon="-0.3145620">
    <ele>4.3</ele>
    <time>2026-05-16T10:46:09Z</time>
   </trkpt>
   <trkpt lat="51.4717810" lon="-0.3145430">
    <ele>4.3</ele>
    <time>2026-05-16T10:46:10Z</time>
   </trkpt>
   <trkpt lat="51.4717900" lon="-0.3145160">
    <ele>4.3</ele>
    <time>2026-05-16T10:46:11Z</time>
   </trkpt>
   <trkpt lat="51.4717980" lon="-0.3144970">
    <ele>4.3</ele>
    <time>2026-05-16T10:46:12Z</time>
   </trkpt>
   <trkpt lat="51.4718000" lon="-0.3144780">
    <ele>4.3</ele>
    <time>2026-05-16T10:46:13Z</time>
   </trkpt>
   <trkpt lat="51.4718020" lon="-0.3144650">
    <ele>4.3</ele>
    <time>2026-05-16T10:46:14Z</time>
   </trkpt>
   <trkpt lat="51.4718050" lon="-0.3144360">
    <ele>4.3</ele>
    <time>2026-05-16T10:46:15Z</time>
   </trkpt>
   <trkpt lat="51.4718090" lon="-0.3144200">
    <ele>4.3</ele>
    <time>2026-05-16T10:46:16Z</time>
   </trkpt>
   <trkpt lat="51.4718170" lon="-0.3143910">
    <ele>4.3</ele>
    <time>2026-05-16T10:46:17Z</time>
   </trkpt>
   <trkpt lat="51.4718210" lon="-0.3143710">
    <ele>4.3</ele>
    <time>2026-05-16T10:46:18Z</time>
   </trkpt>
   <trkpt lat="51.4718320" lon="-0.3143440">
    <ele>4.3</ele>
    <time>2026-05-16T10:46:19Z</time>
   </trkpt>
   <trkpt lat="51.4718370" lon="-0.3143310">
    <ele>4.3</ele>
    <time>2026-05-16T10:46:20Z</time>
   </trkpt>
   <trkpt lat="51.4718420" lon="-0.3143190">
    <ele>4.3</ele>
    <time>2026-05-16T10:46:21Z</time>
   </trkpt>
   <trkpt lat="51.4718480" lon="-0.3142980">
    <ele>4.3</ele>
    <time>2026-05-16T10:46:22Z</time>
   </trkpt>
   <trkpt lat="51.4718570" lon="-0.3142740">
    <ele>4.3</ele>
    <time>2026-05-16T10:46:23Z</time>
   </trkpt>
   <trkpt lat="51.4718670" lon="-0.3142620">
    <ele>4.4</ele>
    <time>2026-05-16T10:46:24Z</time>
   </trkpt>
   <trkpt lat="51.4718750" lon="-0.3142510">
    <ele>4.4</ele>
    <time>2026-05-16T10:46:25Z</time>
   </trkpt>
   <trkpt lat="51.4718800" lon="-0.3142440">
    <ele>4.4</ele>
    <time>2026-05-16T10:46:26Z</time>
   </trkpt>
   <trkpt lat="51.4718890" lon="-0.3142260">
    <ele>4.4</ele>
    <time>2026-05-16T10:46:27Z</time>
   </trkpt>
   <trkpt lat="51.4718950" lon="-0.3142040">
    <ele>4.4</ele>
    <time>2026-05-16T10:46:28Z</time>
   </trkpt>
   <trkpt lat="51.4719060" lon="-0.3141720">
    <ele>4.4</ele>
    <time>2026-05-16T10:46:29Z</time>
   </trkpt>
   <trkpt lat="51.4719090" lon="-0.3141630">
    <ele>4.4</ele>
    <time>2026-05-16T10:46:30Z</time>
   </trkpt>
   <trkpt lat="51.4719130" lon="-0.3141530">
    <ele>4.4</ele>
    <time>2026-05-16T10:46:31Z</time>
   </trkpt>
   <trkpt lat="51.4719230" lon="-0.3141230">
    <ele>4.4</ele>
    <time>2026-05-16T10:46:32Z</time>
   </trkpt>
   <trkpt lat="51.4719260" lon="-0.3141100">
    <ele>4.4</ele>
    <time>2026-05-16T10:46:33Z</time>
   </trkpt>
   <trkpt lat="51.4719290" lon="-0.3140960">
    <ele>4.4</ele>
    <time>2026-05-16T10:46:34Z</time>
   </trkpt>
   <trkpt lat="51.4719340" lon="-0.3140740">
    <ele>4.4</ele>
    <time>2026-05-16T10:46:35Z</time>
   </trkpt>
   <trkpt lat="51.4719370" lon="-0.3140600">
    <ele>4.4</ele>
    <time>2026-05-16T10:46:36Z</time>
   </trkpt>
   <trkpt lat="51.4719420" lon="-0.3140430">
    <ele>4.4</ele>
    <time>2026-05-16T10:46:37Z</time>
   </trkpt>
   <trkpt lat="51.4719500" lon="-0.3140290">
    <ele>4.4</ele>
    <time>2026-05-16T10:46:38Z</time>
   </trkpt>
   <trkpt lat="51.4719580" lon="-0.3140030">
    <ele>4.4</ele>
    <time>2026-05-16T10:46:39Z</time>
   </trkpt>
   <trkpt lat="51.4719650" lon="-0.3139810">
    <ele>4.4</ele>
    <time>2026-05-16T10:46:40Z</time>
   </trkpt>
   <trkpt lat="51.4719720" lon="-0.3139630">
    <ele>4.4</ele>
    <time>2026-05-16T10:46:41Z</time>
   </trkpt>
   <trkpt lat="51.4719800" lon="-0.3139420">
    <ele>4.4</ele>
    <time>2026-05-16T10:46:42Z</time>
   </trkpt>
   <trkpt lat="51.4719880" lon="-0.3139240">
    <ele>4.4</ele>
    <time>2026-05-16T10:46:43Z</time>
   </trkpt>
   <trkpt lat="51.4719960" lon="-0.3139030">
    <ele>4.4</ele>
    <time>2026-05-16T10:46:44Z</time>
   </trkpt>
   <trkpt lat="51.4720050" lon="-0.3138810">
    <ele>4.4</ele>
    <time>2026-05-16T10:46:45Z</time>
   </trkpt>
   <trkpt lat="51.4720180" lon="-0.3138480">
    <ele>4.4</ele>
    <time>2026-05-16T10:46:46Z</time>
   </trkpt>
   <trkpt lat="51.4720230" lon="-0.3138360">
    <ele>4.4</ele>
    <time>2026-05-16T10:46:47Z</time>
   </trkpt>
   <trkpt lat="51.4720290" lon="-0.3138230">
    <ele>4.4</ele>
    <time>2026-05-16T10:46:48Z</time>
   </trkpt>
   <trkpt lat="51.4720390" lon="-0.3138020">
    <ele>4.4</ele>
    <time>2026-05-16T10:46:49Z</time>
   </trkpt>
   <trkpt lat="51.4720440" lon="-0.3137860">
    <ele>4.4</ele>
    <time>2026-05-16T10:46:50Z</time>
   </trkpt>
   <trkpt lat="51.4720480" lon="-0.3137670">
    <ele>4.4</ele>
    <time>2026-05-16T10:46:51Z</time>
   </trkpt>
   <trkpt lat="51.4720550" lon="-0.3137520">
    <ele>4.4</ele>
    <time>2026-05-16T10:46:52Z</time>
   </trkpt>
   <trkpt lat="51.4720590" lon="-0.3137380">
    <ele>4.4</ele>
    <time>2026-05-16T10:46:53Z</time>
   </trkpt>
   <trkpt lat="51.4720650" lon="-0.3137190">
    <ele>4.4</ele>
    <time>2026-05-16T10:46:54Z</time>
   </trkpt>
   <trkpt lat="51.4720740" lon="-0.3137020">
    <ele>4.4</ele>
    <time>2026-05-16T10:46:55Z</time>
   </trkpt>
   <trkpt lat="51.4720820" lon="-0.3136840">
    <ele>4.4</ele>
    <time>2026-05-16T10:46:56Z</time>
   </trkpt>
   <trkpt lat="51.4720910" lon="-0.3136650">
    <ele>4.4</ele>
    <time>2026-05-16T10:46:57Z</time>
   </trkpt>
   <trkpt lat="51.4720990" lon="-0.3136490">
    <ele>4.4</ele>
    <time>2026-05-16T10:46:58Z</time>
   </trkpt>
   <trkpt lat="51.4721050" lon="-0.3136360">
    <ele>4.4</ele>
    <time>2026-05-16T10:46:59Z</time>
   </trkpt>
   <trkpt lat="51.4721110" lon="-0.3136230">
    <ele>4.4</ele>
    <time>2026-05-16T10:47:00Z</time>
   </trkpt>
   <trkpt lat="51.4721170" lon="-0.3136050">
    <ele>4.4</ele>
    <time>2026-05-16T10:47:01Z</time>
   </trkpt>
   <trkpt lat="51.4721280" lon="-0.3135850">
    <ele>4.4</ele>
    <time>2026-05-16T10:47:02Z</time>
   </trkpt>
   <trkpt lat="51.4721400" lon="-0.3135570">
    <ele>4.4</ele>
    <time>2026-05-16T10:47:03Z</time>
   </trkpt>
   <trkpt lat="51.4721450" lon="-0.3135460">
    <ele>4.4</ele>
    <time>2026-05-16T10:47:04Z</time>
   </trkpt>
   <trkpt lat="51.4721500" lon="-0.3135340">
    <ele>4.4</ele>
    <time>2026-05-16T10:47:05Z</time>
   </trkpt>
   <trkpt lat="51.4721610" lon="-0.3135180">
    <ele>4.4</ele>
    <time>2026-05-16T10:47:06Z</time>
   </trkpt>
   <trkpt lat="51.4721670" lon="-0.3135000">
    <ele>4.4</ele>
    <time>2026-05-16T10:47:07Z</time>
   </trkpt>
   <trkpt lat="51.4721740" lon="-0.3134760">
    <ele>4.4</ele>
    <time>2026-05-16T10:47:08Z</time>
   </trkpt>
   <trkpt lat="51.4721800" lon="-0.3134580">
    <ele>4.4</ele>
    <time>2026-05-16T10:47:09Z</time>
   </trkpt>
   <trkpt lat="51.4721820" lon="-0.3134480">
    <ele>4.4</ele>
    <time>2026-05-16T10:47:10Z</time>
   </trkpt>
   <trkpt lat="51.4721880" lon="-0.3134310">
    <ele>4.4</ele>
    <time>2026-05-16T10:47:11Z</time>
   </trkpt>
   <trkpt lat="51.4721970" lon="-0.3134130">
    <ele>4.4</ele>
    <time>2026-05-16T10:47:12Z</time>
   </trkpt>
   <trkpt lat="51.4722080" lon="-0.3133930">
    <ele>4.4</ele>
    <time>2026-05-16T10:47:13Z</time>
   </trkpt>
   <trkpt lat="51.4722180" lon="-0.3133710">
    <ele>4.4</ele>
    <time>2026-05-16T10:47:14Z</time>
   </trkpt>
   <trkpt lat="51.4722280" lon="-0.3133390">
    <ele>4.4</ele>
    <time>2026-05-16T10:47:15Z</time>
   </trkpt>
   <trkpt lat="51.4722310" lon="-0.3133280">
    <ele>4.4</ele>
    <time>2026-05-16T10:47:16Z</time>
   </trkpt>
   <trkpt lat="51.4722350" lon="-0.3133170">
    <ele>4.4</ele>
    <time>2026-05-16T10:47:17Z</time>
   </trkpt>
   <trkpt lat="51.4722430" lon="-0.3132920">
    <ele>4.4</ele>
    <time>2026-05-16T10:47:18Z</time>
   </trkpt>
   <trkpt lat="51.4722510" lon="-0.3132740">
    <ele>4.4</ele>
    <time>2026-05-16T10:47:19Z</time>
   </trkpt>
   <trkpt lat="51.4722590" lon="-0.3132510">
    <ele>4.4</ele>
    <time>2026-05-16T10:47:20Z</time>
   </trkpt>
   <trkpt lat="51.4722680" lon="-0.3132330">
    <ele>4.3</ele>
    <time>2026-05-16T10:47:21Z</time>
   </trkpt>
   <trkpt lat="51.4722740" lon="-0.3132160">
    <ele>4.3</ele>
    <time>2026-05-16T10:47:22Z</time>
   </trkpt>
   <trkpt lat="51.4722810" lon="-0.3131960">
    <ele>4.3</ele>
    <time>2026-05-16T10:47:23Z</time>
   </trkpt>
   <trkpt lat="51.4722910" lon="-0.3131660">
    <ele>4.3</ele>
    <time>2026-05-16T10:47:24Z</time>
   </trkpt>
   <trkpt lat="51.4722960" lon="-0.3131530">
    <ele>4.3</ele>
    <time>2026-05-16T10:47:25Z</time>
   </trkpt>
   <trkpt lat="51.4723000" lon="-0.3131400">
    <ele>4.3</ele>
    <time>2026-05-16T10:47:26Z</time>
   </trkpt>
   <trkpt lat="51.4723080" lon="-0.3131170">
    <ele>4.3</ele>
    <time>2026-05-16T10:47:27Z</time>
   </trkpt>
   <trkpt lat="51.4723170" lon="-0.3130990">
    <ele>4.3</ele>
    <time>2026-05-16T10:47:28Z</time>
   </trkpt>
   <trkpt lat="51.4723190" lon="-0.3130890">
    <ele>4.3</ele>
    <time>2026-05-16T10:47:29Z</time>
   </trkpt>
   <trkpt lat="51.4723260" lon="-0.3130720">
    <ele>4.3</ele>
    <time>2026-05-16T10:47:30Z</time>
   </trkpt>
   <trkpt lat="51.4723270" lon="-0.3130590">
    <ele>4.3</ele>
    <time>2026-05-16T10:47:31Z</time>
   </trkpt>
   <trkpt lat="51.4723370" lon="-0.3130350">
    <ele>4.3</ele>
    <time>2026-05-16T10:47:32Z</time>
   </trkpt>
   <trkpt lat="51.4723460" lon="-0.3130170">
    <ele>4.3</ele>
    <time>2026-05-16T10:47:33Z</time>
   </trkpt>
   <trkpt lat="51.4723540" lon="-0.3129970">
    <ele>4.3</ele>
    <time>2026-05-16T10:47:34Z</time>
   </trkpt>
   <trkpt lat="51.4723640" lon="-0.3129760">
    <ele>4.3</ele>
    <time>2026-05-16T10:47:35Z</time>
   </trkpt>
   <trkpt lat="51.4723710" lon="-0.3129600">
    <ele>4.3</ele>
    <time>2026-05-16T10:47:36Z</time>
   </trkpt>
   <trkpt lat="51.4723780" lon="-0.3129470">
    <ele>4.3</ele>
    <time>2026-05-16T10:47:37Z</time>
   </trkpt>
   <trkpt lat="51.4723840" lon="-0.3129330">
    <ele>4.3</ele>
    <time>2026-05-16T10:47:38Z</time>
   </trkpt>
   <trkpt lat="51.4723940" lon="-0.3129060">
    <ele>4.3</ele>
    <time>2026-05-16T10:47:39Z</time>
   </trkpt>
   <trkpt lat="51.4724000" lon="-0.3128930">
    <ele>4.3</ele>
    <time>2026-05-16T10:47:40Z</time>
   </trkpt>
   <trkpt lat="51.4724050" lon="-0.3128790">
    <ele>4.3</ele>
    <time>2026-05-16T10:47:41Z</time>
   </trkpt>
   <trkpt lat="51.4724140" lon="-0.3128550">
    <ele>4.3</ele>
    <time>2026-05-16T10:47:43Z</time>
   </trkpt>
   <trkpt lat="51.4724210" lon="-0.3128350">
    <ele>4.3</ele>
    <time>2026-05-16T10:47:44Z</time>
   </trkpt>
   <trkpt lat="51.4724210" lon="-0.3128240">
    <ele>4.3</ele>
    <time>2026-05-16T10:47:45Z</time>
   </trkpt>
   <trkpt lat="51.4724250" lon="-0.3128080">
    <ele>4.3</ele>
    <time>2026-05-16T10:47:46Z</time>
   </trkpt>
   <trkpt lat="51.4724300" lon="-0.3127920">
    <ele>4.3</ele>
    <time>2026-05-16T10:47:47Z</time>
   </trkpt>
   <trkpt lat="51.4724400" lon="-0.3127690">
    <ele>4.3</ele>
    <time>2026-05-16T10:47:48Z</time>
   </trkpt>
   <trkpt lat="51.4724480" lon="-0.3127470">
    <ele>4.4</ele>
    <time>2026-05-16T10:47:49Z</time>
   </trkpt>
   <trkpt lat="51.4724610" lon="-0.3127140">
    <ele>4.4</ele>
    <time>2026-05-16T10:47:50Z</time>
   </trkpt>
   <trkpt lat="51.4724660" lon="-0.3127030">
    <ele>4.4</ele>
    <time>2026-05-16T10:47:51Z</time>
   </trkpt>
   <trkpt lat="51.4724700" lon="-0.3126910">
    <ele>4.4</ele>
    <time>2026-05-16T10:47:52Z</time>
   </trkpt>
   <trkpt lat="51.4724800" lon="-0.3126620">
    <ele>4.4</ele>
    <time>2026-05-16T10:47:53Z</time>
   </trkpt>
   <trkpt lat="51.4724840" lon="-0.3126490">
    <ele>4.4</ele>
    <time>2026-05-16T10:47:54Z</time>
   </trkpt>
   <trkpt lat="51.4724890" lon="-0.3126350">
    <ele>4.4</ele>
    <time>2026-05-16T10:47:55Z</time>
   </trkpt>
   <trkpt lat="51.4724980" lon="-0.3126160">
    <ele>4.4</ele>
    <time>2026-05-16T10:47:56Z</time>
   </trkpt>
   <trkpt lat="51.4725040" lon="-0.3125990">
    <ele>4.4</ele>
    <time>2026-05-16T10:47:57Z</time>
   </trkpt>
   <trkpt lat="51.4725280" lon="-0.3125590">
    <ele>4.4</ele>
    <time>2026-05-16T10:47:58Z</time>
   </trkpt>
   <trkpt lat="51.4725320" lon="-0.3125460">
    <ele>4.4</ele>
    <time>2026-05-16T10:47:59Z</time>
   </trkpt>
   <trkpt lat="51.4725390" lon="-0.3125320">
    <ele>4.4</ele>
    <time>2026-05-16T10:48:00Z</time>
   </trkpt>
   <trkpt lat="51.4725460" lon="-0.3125170">
    <ele>4.4</ele>
    <time>2026-05-16T10:48:01Z</time>
   </trkpt>
   <trkpt lat="51.4725530" lon="-0.3125020">
    <ele>4.3</ele>
    <time>2026-05-16T10:48:02Z</time>
   </trkpt>
   <trkpt lat="51.4725630" lon="-0.3124750">
    <ele>4.3</ele>
    <time>2026-05-16T10:48:03Z</time>
   </trkpt>
   <trkpt lat="51.4725670" lon="-0.3124630">
    <ele>4.3</ele>
    <time>2026-05-16T10:48:04Z</time>
   </trkpt>
   <trkpt lat="51.4725700" lon="-0.3124510">
    <ele>4.3</ele>
    <time>2026-05-16T10:48:05Z</time>
   </trkpt>
   <trkpt lat="51.4725830" lon="-0.3124200">
    <ele>4.3</ele>
    <time>2026-05-16T10:48:06Z</time>
   </trkpt>
   <trkpt lat="51.4725860" lon="-0.3124080">
    <ele>4.3</ele>
    <time>2026-05-16T10:48:07Z</time>
   </trkpt>
   <trkpt lat="51.4725900" lon="-0.3123950">
    <ele>4.3</ele>
    <time>2026-05-16T10:48:08Z</time>
   </trkpt>
   <trkpt lat="51.4725950" lon="-0.3123730">
    <ele>4.3</ele>
    <time>2026-05-16T10:48:09Z</time>
   </trkpt>
   <trkpt lat="51.4726150" lon="-0.3123400">
    <ele>4.3</ele>
    <time>2026-05-16T10:48:10Z</time>
   </trkpt>
   <trkpt lat="51.4726240" lon="-0.3123200">
    <ele>4.3</ele>
    <time>2026-05-16T10:48:11Z</time>
   </trkpt>
   <trkpt lat="51.4726330" lon="-0.3122880">
    <ele>4.3</ele>
    <time>2026-05-16T10:48:12Z</time>
   </trkpt>
   <trkpt lat="51.4726370" lon="-0.3122780">
    <ele>4.3</ele>
    <time>2026-05-16T10:48:13Z</time>
   </trkpt>
   <trkpt lat="51.4726410" lon="-0.3122670">
    <ele>4.3</ele>
    <time>2026-05-16T10:48:14Z</time>
   </trkpt>
   <trkpt lat="51.4726470" lon="-0.3122360">
    <ele>4.3</ele>
    <time>2026-05-16T10:48:15Z</time>
   </trkpt>
   <trkpt lat="51.4726500" lon="-0.3122240">
    <ele>4.3</ele>
    <time>2026-05-16T10:48:16Z</time>
   </trkpt>
   <trkpt lat="51.4726520" lon="-0.3122110">
    <ele>4.3</ele>
    <time>2026-05-16T10:48:17Z</time>
   </trkpt>
   <trkpt lat="51.4726610" lon="-0.3121810">
    <ele>4.3</ele>
    <time>2026-05-16T10:48:18Z</time>
   </trkpt>
   <trkpt lat="51.4726670" lon="-0.3121700">
    <ele>4.3</ele>
    <time>2026-05-16T10:48:19Z</time>
   </trkpt>
   <trkpt lat="51.4726720" lon="-0.3121580">
    <ele>4.3</ele>
    <time>2026-05-16T10:48:20Z</time>
   </trkpt>
   <trkpt lat="51.4726810" lon="-0.3121400">
    <ele>4.3</ele>
    <time>2026-05-16T10:48:21Z</time>
   </trkpt>
   <trkpt lat="51.4726870" lon="-0.3121230">
    <ele>4.3</ele>
    <time>2026-05-16T10:48:22Z</time>
   </trkpt>
   <trkpt lat="51.4726910" lon="-0.3121070">
    <ele>4.3</ele>
    <time>2026-05-16T10:48:23Z</time>
   </trkpt>
   <trkpt lat="51.4727050" lon="-0.3120810">
    <ele>4.3</ele>
    <time>2026-05-16T10:48:24Z</time>
   </trkpt>
   <trkpt lat="51.4727110" lon="-0.3120730">
    <ele>4.4</ele>
    <time>2026-05-16T10:48:25Z</time>
   </trkpt>
   <trkpt lat="51.4727160" lon="-0.3120640">
    <ele>4.4</ele>
    <time>2026-05-16T10:48:26Z</time>
   </trkpt>
   <trkpt lat="51.4727230" lon="-0.3120480">
    <ele>4.4</ele>
    <time>2026-05-16T10:48:27Z</time>
   </trkpt>
   <trkpt lat="51.4727320" lon="-0.3120320">
    <ele>4.4</ele>
    <time>2026-05-16T10:48:28Z</time>
   </trkpt>
   <trkpt lat="51.4727370" lon="-0.3120220">
    <ele>4.4</ele>
    <time>2026-05-16T10:48:29Z</time>
   </trkpt>
   <trkpt lat="51.4727410" lon="-0.3120060">
    <ele>4.4</ele>
    <time>2026-05-16T10:48:30Z</time>
   </trkpt>
   <trkpt lat="51.4727470" lon="-0.3119900">
    <ele>4.4</ele>
    <time>2026-05-16T10:48:31Z</time>
   </trkpt>
   <trkpt lat="51.4727560" lon="-0.3119760">
    <ele>4.4</ele>
    <time>2026-05-16T10:48:32Z</time>
   </trkpt>
   <trkpt lat="51.4727620" lon="-0.3119460">
    <ele>4.4</ele>
    <time>2026-05-16T10:48:33Z</time>
   </trkpt>
   <trkpt lat="51.4727680" lon="-0.3119310">
    <ele>4.4</ele>
    <time>2026-05-16T10:48:34Z</time>
   </trkpt>
   <trkpt lat="51.4727730" lon="-0.3119160">
    <ele>4.4</ele>
    <time>2026-05-16T10:48:35Z</time>
   </trkpt>
   <trkpt lat="51.4727790" lon="-0.3118960">
    <ele>4.4</ele>
    <time>2026-05-16T10:48:36Z</time>
   </trkpt>
   <trkpt lat="51.4727870" lon="-0.3118770">
    <ele>4.4</ele>
    <time>2026-05-16T10:48:37Z</time>
   </trkpt>
   <trkpt lat="51.4727980" lon="-0.3118540">
    <ele>4.4</ele>
    <time>2026-05-16T10:48:38Z</time>
   </trkpt>
   <trkpt lat="51.4728020" lon="-0.3118400">
    <ele>4.4</ele>
    <time>2026-05-16T10:48:39Z</time>
   </trkpt>
   <trkpt lat="51.4728070" lon="-0.3118260">
    <ele>4.4</ele>
    <time>2026-05-16T10:48:40Z</time>
   </trkpt>
   <trkpt lat="51.4728120" lon="-0.3118090">
    <ele>4.4</ele>
    <time>2026-05-16T10:48:41Z</time>
   </trkpt>
   <trkpt lat="51.4728190" lon="-0.3117880">
    <ele>4.4</ele>
    <time>2026-05-16T10:48:42Z</time>
   </trkpt>
   <trkpt lat="51.4728260" lon="-0.3117650">
    <ele>4.4</ele>
    <time>2026-05-16T10:48:43Z</time>
   </trkpt>
   <trkpt lat="51.4728310" lon="-0.3117490">
    <ele>4.4</ele>
    <time>2026-05-16T10:48:44Z</time>
   </trkpt>
   <trkpt lat="51.4728350" lon="-0.3117350">
    <ele>4.4</ele>
    <time>2026-05-16T10:48:45Z</time>
   </trkpt>
   <trkpt lat="51.4728460" lon="-0.3117040">
    <ele>4.4</ele>
    <time>2026-05-16T10:48:46Z</time>
   </trkpt>
   <trkpt lat="51.4728500" lon="-0.3116910">
    <ele>4.4</ele>
    <time>2026-05-16T10:48:47Z</time>
   </trkpt>
   <trkpt lat="51.4728540" lon="-0.3116780">
    <ele>4.4</ele>
    <time>2026-05-16T10:48:48Z</time>
   </trkpt>
   <trkpt lat="51.4728630" lon="-0.3116540">
    <ele>4.4</ele>
    <time>2026-05-16T10:48:49Z</time>
   </trkpt>
   <trkpt lat="51.4728710" lon="-0.3116350">
    <ele>4.4</ele>
    <time>2026-05-16T10:48:50Z</time>
   </trkpt>
   <trkpt lat="51.4728790" lon="-0.3116180">
    <ele>4.4</ele>
    <time>2026-05-16T10:48:51Z</time>
   </trkpt>
   <trkpt lat="51.4728860" lon="-0.3115960">
    <ele>4.4</ele>
    <time>2026-05-16T10:48:52Z</time>
   </trkpt>
   <trkpt lat="51.4728920" lon="-0.3115750">
    <ele>4.4</ele>
    <time>2026-05-16T10:48:53Z</time>
   </trkpt>
   <trkpt lat="51.4729050" lon="-0.3115490">
    <ele>4.4</ele>
    <time>2026-05-16T10:48:54Z</time>
   </trkpt>
   <trkpt lat="51.4729140" lon="-0.3115200">
    <ele>4.4</ele>
    <time>2026-05-16T10:48:55Z</time>
   </trkpt>
   <trkpt lat="51.4729200" lon="-0.3115070">
    <ele>4.4</ele>
    <time>2026-05-16T10:48:56Z</time>
   </trkpt>
   <trkpt lat="51.4729250" lon="-0.3114940">
    <ele>4.4</ele>
    <time>2026-05-16T10:48:57Z</time>
   </trkpt>
   <trkpt lat="51.4729320" lon="-0.3114750">
    <ele>4.4</ele>
    <time>2026-05-16T10:48:58Z</time>
   </trkpt>
   <trkpt lat="51.4729410" lon="-0.3114440">
    <ele>4.4</ele>
    <time>2026-05-16T10:48:59Z</time>
   </trkpt>
   <trkpt lat="51.4729430" lon="-0.3114230">
    <ele>4.4</ele>
    <time>2026-05-16T10:49:00Z</time>
   </trkpt>
   <trkpt lat="51.4729460" lon="-0.3114060">
    <ele>4.4</ele>
    <time>2026-05-16T10:49:01Z</time>
   </trkpt>
   <trkpt lat="51.4729420" lon="-0.3113950">
    <ele>4.4</ele>
    <time>2026-05-16T10:49:02Z</time>
   </trkpt>
   <trkpt lat="51.4729550" lon="-0.3113640">
    <ele>4.4</ele>
    <time>2026-05-16T10:49:03Z</time>
   </trkpt>
   <trkpt lat="51.4729590" lon="-0.3113540">
    <ele>4.4</ele>
    <time>2026-05-16T10:49:04Z</time>
   </trkpt>
   <trkpt lat="51.4729640" lon="-0.3113440">
    <ele>4.4</ele>
    <time>2026-05-16T10:49:05Z</time>
   </trkpt>
   <trkpt lat="51.4729720" lon="-0.3113260">
    <ele>4.4</ele>
    <time>2026-05-16T10:49:06Z</time>
   </trkpt>
   <trkpt lat="51.4729830" lon="-0.3112970">
    <ele>4.4</ele>
    <time>2026-05-16T10:49:07Z</time>
   </trkpt>
   <trkpt lat="51.4729900" lon="-0.3112810">
    <ele>4.4</ele>
    <time>2026-05-16T10:49:08Z</time>
   </trkpt>
   <trkpt lat="51.4729860" lon="-0.3112660">
    <ele>4.4</ele>
    <time>2026-05-16T10:49:09Z</time>
   </trkpt>
   <trkpt lat="51.4729960" lon="-0.3112540">
    <ele>4.4</ele>
    <time>2026-05-16T10:49:10Z</time>
   </trkpt>
   <trkpt lat="51.4729970" lon="-0.3112320">
    <ele>4.4</ele>
    <time>2026-05-16T10:49:11Z</time>
   </trkpt>
   <trkpt lat="51.4730040" lon="-0.3112110">
    <ele>4.4</ele>
    <time>2026-05-16T10:49:12Z</time>
   </trkpt>
   <trkpt lat="51.4730090" lon="-0.3111910">
    <ele>4.4</ele>
    <time>2026-05-16T10:49:13Z</time>
   </trkpt>
   <trkpt lat="51.4730190" lon="-0.3111790">
    <ele>4.4</ele>
    <time>2026-05-16T10:49:14Z</time>
   </trkpt>
   <trkpt lat="51.4730210" lon="-0.3111680">
    <ele>4.4</ele>
    <time>2026-05-16T10:49:15Z</time>
   </trkpt>
   <trkpt lat="51.4730300" lon="-0.3111580">
    <ele>4.4</ele>
    <time>2026-05-16T10:49:16Z</time>
   </trkpt>
   <trkpt lat="51.4730330" lon="-0.3111520">
    <ele>4.4</ele>
    <time>2026-05-16T10:49:17Z</time>
   </trkpt>
   <trkpt lat="51.4730370" lon="-0.3111450">
    <ele>4.4</ele>
    <time>2026-05-16T10:49:18Z</time>
   </trkpt>
   <trkpt lat="51.4730400" lon="-0.3111390">
    <ele>4.4</ele>
    <time>2026-05-16T10:49:19Z</time>
   </trkpt>
   <trkpt lat="51.4730430" lon="-0.3111330">
    <ele>4.4</ele>
    <time>2026-05-16T10:49:20Z</time>
   </trkpt>
   <trkpt lat="51.4730460" lon="-0.3111270">
    <ele>4.4</ele>
    <time>2026-05-16T10:49:21Z</time>
   </trkpt>
   <trkpt lat="51.4730500" lon="-0.3111200">
    <ele>4.4</ele>
    <time>2026-05-16T10:49:22Z</time>
   </trkpt>
   <trkpt lat="51.4730530" lon="-0.3111140">
    <ele>4.4</ele>
    <time>2026-05-16T10:49:23Z</time>
   </trkpt>
   <trkpt lat="51.4730560" lon="-0.3111080">
    <ele>4.4</ele>
    <time>2026-05-16T10:49:24Z</time>
   </trkpt>
   <trkpt lat="51.4730630" lon="-0.3110880">
    <ele>4.4</ele>
    <time>2026-05-16T10:49:25Z</time>
   </trkpt>
   <trkpt lat="51.4730650" lon="-0.3110790">
    <ele>4.4</ele>
    <time>2026-05-16T10:49:26Z</time>
   </trkpt>
   <trkpt lat="51.4730680" lon="-0.3110690">
    <ele>4.4</ele>
    <time>2026-05-16T10:49:27Z</time>
   </trkpt>
   <trkpt lat="51.4730700" lon="-0.3110600">
    <ele>4.4</ele>
    <time>2026-05-16T10:49:28Z</time>
   </trkpt>
   <trkpt lat="51.4730730" lon="-0.3110500">
    <ele>4.4</ele>
    <time>2026-05-16T10:49:29Z</time>
   </trkpt>
   <trkpt lat="51.4730710" lon="-0.3110410">
    <ele>4.4</ele>
    <time>2026-05-16T10:49:30Z</time>
   </trkpt>
   <trkpt lat="51.4730770" lon="-0.3110340">
    <ele>4.4</ele>
    <time>2026-05-16T10:49:31Z</time>
   </trkpt>
   <trkpt lat="51.4730820" lon="-0.3110220">
    <ele>4.4</ele>
    <time>2026-05-16T10:49:32Z</time>
   </trkpt>
   <trkpt lat="51.4730860" lon="-0.3110020">
    <ele>4.3</ele>
    <time>2026-05-16T10:49:33Z</time>
   </trkpt>
   <trkpt lat="51.4730980" lon="-0.3109810">
    <ele>4.3</ele>
    <time>2026-05-16T10:49:34Z</time>
   </trkpt>
   <trkpt lat="51.4731030" lon="-0.3109730">
    <ele>4.3</ele>
    <time>2026-05-16T10:49:35Z</time>
   </trkpt>
   <trkpt lat="51.4731070" lon="-0.3109650">
    <ele>4.3</ele>
    <time>2026-05-16T10:49:36Z</time>
   </trkpt>
   <trkpt lat="51.4731110" lon="-0.3109570">
    <ele>4.3</ele>
    <time>2026-05-16T10:49:37Z</time>
   </trkpt>
   <trkpt lat="51.4731210" lon="-0.3109300">
    <ele>4.3</ele>
    <time>2026-05-16T10:49:38Z</time>
   </trkpt>
   <trkpt lat="51.4731250" lon="-0.3109190">
    <ele>4.3</ele>
    <time>2026-05-16T10:49:39Z</time>
   </trkpt>
   <trkpt lat="51.4731300" lon="-0.3109070">
    <ele>4.3</ele>
    <time>2026-05-16T10:49:40Z</time>
   </trkpt>
   <trkpt lat="51.4731450" lon="-0.3108810">
    <ele>4.3</ele>
    <time>2026-05-16T10:49:41Z</time>
   </trkpt>
   <trkpt lat="51.4731530" lon="-0.3108730">
    <ele>4.3</ele>
    <time>2026-05-16T10:49:42Z</time>
   </trkpt>
   <trkpt lat="51.4731610" lon="-0.3108660">
    <ele>4.3</ele>
    <time>2026-05-16T10:49:43Z</time>
   </trkpt>
   <trkpt lat="51.4731660" lon="-0.3108470">
    <ele>4.3</ele>
    <time>2026-05-16T10:49:44Z</time>
   </trkpt>
   <trkpt lat="51.4731690" lon="-0.3108300">
    <ele>4.3</ele>
    <time>2026-05-16T10:49:45Z</time>
   </trkpt>
   <trkpt lat="51.4731740" lon="-0.3108120">
    <ele>4.3</ele>
    <time>2026-05-16T10:49:46Z</time>
   </trkpt>
   <trkpt lat="51.4731890" lon="-0.3107800">
    <ele>4.3</ele>
    <time>2026-05-16T10:49:47Z</time>
   </trkpt>
   <trkpt lat="51.4731940" lon="-0.3107690">
    <ele>4.3</ele>
    <time>2026-05-16T10:49:49Z</time>
   </trkpt>
   <trkpt lat="51.4732000" lon="-0.3107590">
    <ele>4.3</ele>
    <time>2026-05-16T10:49:50Z</time>
   </trkpt>
   <trkpt lat="51.4732080" lon="-0.3107410">
    <ele>4.3</ele>
    <time>2026-05-16T10:49:51Z</time>
   </trkpt>
   <trkpt lat="51.4732200" lon="-0.3107200">
    <ele>4.3</ele>
    <time>2026-05-16T10:49:52Z</time>
   </trkpt>
   <trkpt lat="51.4732320" lon="-0.3106930">
    <ele>4.3</ele>
    <time>2026-05-16T10:49:53Z</time>
   </trkpt>
   <trkpt lat="51.4732420" lon="-0.3106730">
    <ele>4.3</ele>
    <time>2026-05-16T10:49:54Z</time>
   </trkpt>
   <trkpt lat="51.4732500" lon="-0.3106440">
    <ele>4.3</ele>
    <time>2026-05-16T10:49:55Z</time>
   </trkpt>
   <trkpt lat="51.4732530" lon="-0.3106320">
    <ele>4.3</ele>
    <time>2026-05-16T10:49:56Z</time>
   </trkpt>
   <trkpt lat="51.4732560" lon="-0.3106200">
    <ele>4.3</ele>
    <time>2026-05-16T10:49:57Z</time>
   </trkpt>
   <trkpt lat="51.4732600" lon="-0.3105970">
    <ele>4.3</ele>
    <time>2026-05-16T10:49:58Z</time>
   </trkpt>
   <trkpt lat="51.4732650" lon="-0.3105870">
    <ele>4.3</ele>
    <time>2026-05-16T10:49:59Z</time>
   </trkpt>
   <trkpt lat="51.4732720" lon="-0.3105760">
    <ele>4.3</ele>
    <time>2026-05-16T10:50:00Z</time>
   </trkpt>
   <trkpt lat="51.4732760" lon="-0.3105600">
    <ele>4.3</ele>
    <time>2026-05-16T10:50:01Z</time>
   </trkpt>
   <trkpt lat="51.4732840" lon="-0.3105360">
    <ele>4.3</ele>
    <time>2026-05-16T10:50:02Z</time>
   </trkpt>
   <trkpt lat="51.4732920" lon="-0.3105080">
    <ele>4.3</ele>
    <time>2026-05-16T10:50:03Z</time>
   </trkpt>
   <trkpt lat="51.4733010" lon="-0.3104850">
    <ele>4.3</ele>
    <time>2026-05-16T10:50:04Z</time>
   </trkpt>
   <trkpt lat="51.4733120" lon="-0.3104550">
    <ele>4.3</ele>
    <time>2026-05-16T10:50:05Z</time>
   </trkpt>
   <trkpt lat="51.4733190" lon="-0.3104420">
    <ele>4.3</ele>
    <time>2026-05-16T10:50:06Z</time>
   </trkpt>
   <trkpt lat="51.4733260" lon="-0.3104300">
    <ele>4.3</ele>
    <time>2026-05-16T10:50:07Z</time>
   </trkpt>
   <trkpt lat="51.4733450" lon="-0.3103900">
    <ele>4.3</ele>
    <time>2026-05-16T10:50:08Z</time>
   </trkpt>
   <trkpt lat="51.4733510" lon="-0.3103800">
    <ele>4.3</ele>
    <time>2026-05-16T10:50:09Z</time>
   </trkpt>
   <trkpt lat="51.4733630" lon="-0.3103590">
    <ele>4.3</ele>
    <time>2026-05-16T10:50:10Z</time>
   </trkpt>
   <trkpt lat="51.4733720" lon="-0.3103390">
    <ele>4.3</ele>
    <time>2026-05-16T10:50:11Z</time>
   </trkpt>
   <trkpt lat="51.4733810" lon="-0.3103170">
    <ele>4.3</ele>
    <time>2026-05-16T10:50:12Z</time>
   </trkpt>
   <trkpt lat="51.4733880" lon="-0.3102950">
    <ele>4.3</ele>
    <time>2026-05-16T10:50:13Z</time>
   </trkpt>
   <trkpt lat="51.4733940" lon="-0.3102730">
    <ele>4.3</ele>
    <time>2026-05-16T10:50:14Z</time>
   </trkpt>
   <trkpt lat="51.4734010" lon="-0.3102570">
    <ele>4.3</ele>
    <time>2026-05-16T10:50:15Z</time>
   </trkpt>
   <trkpt lat="51.4734110" lon="-0.3102380">
    <ele>4.3</ele>
    <time>2026-05-16T10:50:16Z</time>
   </trkpt>
   <trkpt lat="51.4734250" lon="-0.3101970">
    <ele>4.4</ele>
    <time>2026-05-16T10:50:17Z</time>
   </trkpt>
   <trkpt lat="51.4734280" lon="-0.3101760">
    <ele>4.4</ele>
    <time>2026-05-16T10:50:18Z</time>
   </trkpt>
   <trkpt lat="51.4734270" lon="-0.3101620">
    <ele>4.4</ele>
    <time>2026-05-16T10:50:19Z</time>
   </trkpt>
   <trkpt lat="51.4734290" lon="-0.3101580">
    <ele>4.4</ele>
    <time>2026-05-16T10:50:20Z</time>
   </trkpt>
   <trkpt lat="51.4734220" lon="-0.3101740">
    <ele>4.4</ele>
    <time>2026-05-16T10:50:21Z</time>
   </trkpt>
   <trkpt lat="51.4734210" lon="-0.3101940">
    <ele>4.5</ele>
    <time>2026-05-16T10:50:22Z</time>
   </trkpt>
   <trkpt lat="51.4734260" lon="-0.3102130">
    <ele>4.5</ele>
    <time>2026-05-16T10:50:23Z</time>
   </trkpt>
   <trkpt lat="51.4734320" lon="-0.3102090">
    <ele>4.5</ele>
    <time>2026-05-16T10:50:24Z</time>
   </trkpt>
   <trkpt lat="51.4734250" lon="-0.3101840">
    <ele>4.5</ele>
    <time>2026-05-16T10:50:25Z</time>
   </trkpt>
   <trkpt lat="51.4734220" lon="-0.3101800">
    <ele>4.5</ele>
    <time>2026-05-16T10:50:26Z</time>
   </trkpt>
   <trkpt lat="51.4734250" lon="-0.3101850">
    <ele>4.5</ele>
    <time>2026-05-16T10:50:27Z</time>
   </trkpt>
   <trkpt lat="51.4734250" lon="-0.3101840">
    <ele>4.5</ele>
    <time>2026-05-16T10:50:28Z</time>
   </trkpt>
   <trkpt lat="51.4734220" lon="-0.3101760">
    <ele>4.5</ele>
    <time>2026-05-16T10:50:29Z</time>
   </trkpt>
   <trkpt lat="51.4734240" lon="-0.3101750">
    <ele>4.6</ele>
    <time>2026-05-16T10:50:30Z</time>
   </trkpt>
   <trkpt lat="51.4734190" lon="-0.3101850">
    <ele>4.6</ele>
    <time>2026-05-16T10:50:31Z</time>
   </trkpt>
   <trkpt lat="51.4734240" lon="-0.3101820">
    <ele>4.6</ele>
    <time>2026-05-16T10:50:32Z</time>
   </trkpt>
   <trkpt lat="51.4734300" lon="-0.3101760">
    <ele>4.6</ele>
    <time>2026-05-16T10:50:33Z</time>
   </trkpt>
   <trkpt lat="51.4734320" lon="-0.3101810">
    <ele>4.6</ele>
    <time>2026-05-16T10:50:34Z</time>
   </trkpt>
   <trkpt lat="51.4734280" lon="-0.3101900">
    <ele>4.6</ele>
    <time>2026-05-16T10:50:35Z</time>
   </trkpt>
   <trkpt lat="51.4734280" lon="-0.3101870">
    <ele>4.6</ele>
    <time>2026-05-16T10:50:36Z</time>
   </trkpt>
   <trkpt lat="51.4734310" lon="-0.3101850">
    <ele>4.6</ele>
    <time>2026-05-16T10:50:37Z</time>
   </trkpt>
   <trkpt lat="51.4734310" lon="-0.3101900">
    <ele>4.6</ele>
    <time>2026-05-16T10:50:38Z</time>
   </trkpt>
   <trkpt lat="51.4734320" lon="-0.3101910">
    <ele>4.6</ele>
    <time>2026-05-16T10:50:39Z</time>
   </trkpt>
   <trkpt lat="51.4734320" lon="-0.3101920">
    <ele>4.6</ele>
    <time>2026-05-16T10:50:40Z</time>
   </trkpt>
   <trkpt lat="51.4734310" lon="-0.3101950">
    <ele>4.6</ele>
    <time>2026-05-16T10:50:41Z</time>
   </trkpt>
   <trkpt lat="51.4734290" lon="-0.3101940">
    <ele>4.6</ele>
    <time>2026-05-16T10:50:42Z</time>
   </trkpt>
   <trkpt lat="51.4734290" lon="-0.3101930">
    <ele>4.6</ele>
    <time>2026-05-16T10:50:43Z</time>
   </trkpt>
   <trkpt lat="51.4734280" lon="-0.3101930">
    <ele>4.6</ele>
    <time>2026-05-16T10:50:44Z</time>
   </trkpt>
   <trkpt lat="51.4734280" lon="-0.3101930">
    <ele>4.6</ele>
    <time>2026-05-16T10:50:45Z</time>
   </trkpt>
   <trkpt lat="51.4734290" lon="-0.3101940">
    <ele>4.6</ele>
    <time>2026-05-16T10:50:46Z</time>
   </trkpt>
   <trkpt lat="51.4734290" lon="-0.3101940">
    <ele>4.6</ele>
    <time>2026-05-16T10:50:47Z</time>
   </trkpt>
   <trkpt lat="51.4734290" lon="-0.3101950">
    <ele>4.6</ele>
    <time>2026-05-16T10:50:48Z</time>
   </trkpt>
   <trkpt lat="51.4734290" lon="-0.3101940">
    <ele>4.6</ele>
    <time>2026-05-16T10:50:49Z</time>
   </trkpt>
   <trkpt lat="51.4734300" lon="-0.3101950">
    <ele>4.6</ele>
    <time>2026-05-16T10:50:50Z</time>
   </trkpt>
   <trkpt lat="51.4734290" lon="-0.3101950">
    <ele>4.6</ele>
    <time>2026-05-16T10:50:51Z</time>
   </trkpt>
   <trkpt lat="51.4734300" lon="-0.3101950">
    <ele>4.6</ele>
    <time>2026-05-16T10:50:52Z</time>
   </trkpt>
   <trkpt lat="51.4734300" lon="-0.3101950">
    <ele>4.6</ele>
    <time>2026-05-16T10:50:53Z</time>
   </trkpt>
   <trkpt lat="51.4734300" lon="-0.3101950">
    <ele>4.6</ele>
    <time>2026-05-16T10:50:54Z</time>
   </trkpt>
   <trkpt lat="51.4734310" lon="-0.3101960">
    <ele>4.6</ele>
    <time>2026-05-16T10:50:55Z</time>
   </trkpt>
   <trkpt lat="51.4734300" lon="-0.3101950">
    <ele>4.6</ele>
    <time>2026-05-16T10:50:56Z</time>
   </trkpt>
   <trkpt lat="51.4734300" lon="-0.3101950">
    <ele>4.6</ele>
    <time>2026-05-16T10:50:57Z</time>
   </trkpt>
   <trkpt lat="51.4734250" lon="-0.3101930">
    <ele>4.7</ele>
    <time>2026-05-16T10:50:58Z</time>
   </trkpt>
   <trkpt lat="51.4734230" lon="-0.3101920">
    <ele>4.7</ele>
    <time>2026-05-16T10:50:59Z</time>
   </trkpt>
   <trkpt lat="51.4734250" lon="-0.3101930">
    <ele>4.7</ele>
    <time>2026-05-16T10:51:00Z</time>
   </trkpt>
   <trkpt lat="51.4734250" lon="-0.3101920">
    <ele>4.7</ele>
    <time>2026-05-16T10:51:01Z</time>
   </trkpt>
   <trkpt lat="51.4734280" lon="-0.3101940">
    <ele>4.7</ele>
    <time>2026-05-16T10:51:02Z</time>
   </trkpt>
   <trkpt lat="51.4734270" lon="-0.3101950">
    <ele>4.7</ele>
    <time>2026-05-16T10:51:03Z</time>
   </trkpt>
   <trkpt lat="51.4734260" lon="-0.3101940">
    <ele>4.7</ele>
    <time>2026-05-16T10:51:04Z</time>
   </trkpt>
   <trkpt lat="51.4734270" lon="-0.3101950">
    <ele>4.7</ele>
    <time>2026-05-16T10:51:05Z</time>
   </trkpt>
   <trkpt lat="51.4734260" lon="-0.3101940">
    <ele>4.7</ele>
    <time>2026-05-16T10:51:06Z</time>
   </trkpt>
   <trkpt lat="51.4734250" lon="-0.3101940">
    <ele>4.7</ele>
    <time>2026-05-16T10:51:07Z</time>
   </trkpt>
   <trkpt lat="51.4734240" lon="-0.3101930">
    <ele>4.7</ele>
    <time>2026-05-16T10:51:08Z</time>
   </trkpt>
   <trkpt lat="51.4734240" lon="-0.3101920">
    <ele>4.7</ele>
    <time>2026-05-16T10:51:09Z</time>
   </trkpt>
   <trkpt lat="51.4734250" lon="-0.3101930">
    <ele>4.7</ele>
    <time>2026-05-16T10:51:10Z</time>
   </trkpt>
   <trkpt lat="51.4734250" lon="-0.3101920">
    <ele>4.7</ele>
    <time>2026-05-16T10:51:11Z</time>
   </trkpt>
   <trkpt lat="51.4734240" lon="-0.3101920">
    <ele>4.7</ele>
    <time>2026-05-16T10:51:12Z</time>
   </trkpt>
   <trkpt lat="51.4734240" lon="-0.3101920">
    <ele>4.7</ele>
    <time>2026-05-16T10:51:13Z</time>
   </trkpt>
   <trkpt lat="51.4734230" lon="-0.3101920">
    <ele>4.7</ele>
    <time>2026-05-16T10:51:14Z</time>
   </trkpt>
   <trkpt lat="51.4734240" lon="-0.3101930">
    <ele>4.7</ele>
    <time>2026-05-16T10:51:15Z</time>
   </trkpt>
   <trkpt lat="51.4734230" lon="-0.3101920">
    <ele>4.7</ele>
    <time>2026-05-16T10:51:16Z</time>
   </trkpt>
   <trkpt lat="51.4734220" lon="-0.3101910">
    <ele>4.7</ele>
    <time>2026-05-16T10:51:17Z</time>
   </trkpt>
   <trkpt lat="51.4734230" lon="-0.3101910">
    <ele>4.7</ele>
    <time>2026-05-16T10:51:18Z</time>
   </trkpt>
   <trkpt lat="51.4734230" lon="-0.3101930">
    <ele>4.7</ele>
    <time>2026-05-16T10:51:19Z</time>
   </trkpt>
   <trkpt lat="51.4734230" lon="-0.3101930">
    <ele>4.7</ele>
    <time>2026-05-16T10:51:20Z</time>
   </trkpt>
   <trkpt lat="51.4734210" lon="-0.3101890">
    <ele>4.7</ele>
    <time>2026-05-16T10:51:21Z</time>
   </trkpt>
   <trkpt lat="51.4734230" lon="-0.3101860">
    <ele>4.7</ele>
    <time>2026-05-16T10:51:22Z</time>
   </trkpt>
   <trkpt lat="51.4734270" lon="-0.3101800">
    <ele>4.7</ele>
    <time>2026-05-16T10:51:23Z</time>
   </trkpt>
   <trkpt lat="51.4734310" lon="-0.3101630">
    <ele>4.7</ele>
    <time>2026-05-16T10:51:24Z</time>
   </trkpt>
   <trkpt lat="51.4734360" lon="-0.3101500">
    <ele>4.8</ele>
    <time>2026-05-16T10:51:25Z</time>
   </trkpt>
   <trkpt lat="51.4734410" lon="-0.3101360">
    <ele>4.8</ele>
    <time>2026-05-16T10:51:26Z</time>
   </trkpt>
   <trkpt lat="51.4734440" lon="-0.3101230">
    <ele>4.8</ele>
    <time>2026-05-16T10:51:27Z</time>
   </trkpt>
   <trkpt lat="51.4734480" lon="-0.3101090">
    <ele>4.8</ele>
    <time>2026-05-16T10:51:28Z</time>
   </trkpt>
   <trkpt lat="51.4734540" lon="-0.3100970">
    <ele>4.8</ele>
    <time>2026-05-16T10:51:29Z</time>
   </trkpt>
   <trkpt lat="51.4734600" lon="-0.3100720">
    <ele>4.8</ele>
    <time>2026-05-16T10:51:30Z</time>
   </trkpt>
   <trkpt lat="51.4734640" lon="-0.3100600">
    <ele>4.8</ele>
    <time>2026-05-16T10:51:31Z</time>
   </trkpt>
   <trkpt lat="51.4734670" lon="-0.3100470">
    <ele>4.8</ele>
    <time>2026-05-16T10:51:32Z</time>
   </trkpt>
   <trkpt lat="51.4734710" lon="-0.3100350">
    <ele>4.8</ele>
    <time>2026-05-16T10:51:33Z</time>
   </trkpt>
   <trkpt lat="51.4734790" lon="-0.3100040">
    <ele>4.9</ele>
    <time>2026-05-16T10:51:34Z</time>
   </trkpt>
   <trkpt lat="51.4734830" lon="-0.3099830">
    <ele>4.9</ele>
    <time>2026-05-16T10:51:35Z</time>
   </trkpt>
   <trkpt lat="51.4734860" lon="-0.3099690">
    <ele>4.9</ele>
    <time>2026-05-16T10:51:36Z</time>
   </trkpt>
   <trkpt lat="51.4734860" lon="-0.3099520">
    <ele>4.9</ele>
    <time>2026-05-16T10:51:37Z</time>
   </trkpt>
   <trkpt lat="51.4734880" lon="-0.3099380">
    <ele>4.9</ele>
    <time>2026-05-16T10:51:38Z</time>
   </trkpt>
   <trkpt lat="51.4734920" lon="-0.3099240">
    <ele>4.9</ele>
    <time>2026-05-16T10:51:39Z</time>
   </trkpt>
   <trkpt lat="51.4734980" lon="-0.3099130">
    <ele>4.9</ele>
    <time>2026-05-16T10:51:40Z</time>
   </trkpt>
   <trkpt lat="51.4735100" lon="-0.3098960">
    <ele>4.9</ele>
    <time>2026-05-16T10:51:41Z</time>
   </trkpt>
   <trkpt lat="51.4735230" lon="-0.3098730">
    <ele>4.9</ele>
    <time>2026-05-16T10:51:42Z</time>
   </trkpt>
   <trkpt lat="51.4735300" lon="-0.3098650">
    <ele>4.9</ele>
    <time>2026-05-16T10:51:43Z</time>
   </trkpt>
   <trkpt lat="51.4735360" lon="-0.3098560">
    <ele>4.9</ele>
    <time>2026-05-16T10:51:44Z</time>
   </trkpt>
   <trkpt lat="51.4735460" lon="-0.3098260">
    <ele>4.9</ele>
    <time>2026-05-16T10:51:45Z</time>
   </trkpt>
   <trkpt lat="51.4735510" lon="-0.3098150">
    <ele>5.0</ele>
    <time>2026-05-16T10:51:46Z</time>
   </trkpt>
   <trkpt lat="51.4735560" lon="-0.3098030">
    <ele>5.0</ele>
    <time>2026-05-16T10:51:47Z</time>
   </trkpt>
   <trkpt lat="51.4735690" lon="-0.3097780">
    <ele>5.0</ele>
    <time>2026-05-16T10:51:48Z</time>
   </trkpt>
   <trkpt lat="51.4735740" lon="-0.3097660">
    <ele>5.0</ele>
    <time>2026-05-16T10:51:49Z</time>
   </trkpt>
   <trkpt lat="51.4735790" lon="-0.3097540">
    <ele>5.0</ele>
    <time>2026-05-16T10:51:50Z</time>
   </trkpt>
   <trkpt lat="51.4735880" lon="-0.3097380">
    <ele>5.0</ele>
    <time>2026-05-16T10:51:51Z</time>
   </trkpt>
   <trkpt lat="51.4735960" lon="-0.3097180">
    <ele>5.0</ele>
    <time>2026-05-16T10:51:52Z</time>
   </trkpt>
   <trkpt lat="51.4736050" lon="-0.3097030">
    <ele>5.0</ele>
    <time>2026-05-16T10:51:53Z</time>
   </trkpt>
   <trkpt lat="51.4736110" lon="-0.3096890">
    <ele>5.0</ele>
    <time>2026-05-16T10:51:55Z</time>
   </trkpt>
   <trkpt lat="51.4736170" lon="-0.3096870">
    <ele>5.0</ele>
    <time>2026-05-16T10:51:56Z</time>
   </trkpt>
   <trkpt lat="51.4736270" lon="-0.3096600">
    <ele>5.0</ele>
    <time>2026-05-16T10:51:57Z</time>
   </trkpt>
   <trkpt lat="51.4736320" lon="-0.3096400">
    <ele>5.0</ele>
    <time>2026-05-16T10:51:58Z</time>
   </trkpt>
   <trkpt lat="51.4736390" lon="-0.3096210">
    <ele>5.0</ele>
    <time>2026-05-16T10:51:59Z</time>
   </trkpt>
   <trkpt lat="51.4736440" lon="-0.3096030">
    <ele>5.0</ele>
    <time>2026-05-16T10:52:00Z</time>
   </trkpt>
   <trkpt lat="51.4736490" lon="-0.3095920">
    <ele>5.0</ele>
    <time>2026-05-16T10:52:01Z</time>
   </trkpt>
   <trkpt lat="51.4736550" lon="-0.3095750">
    <ele>5.0</ele>
    <time>2026-05-16T10:52:02Z</time>
   </trkpt>
   <trkpt lat="51.4736650" lon="-0.3095550">
    <ele>5.0</ele>
    <time>2026-05-16T10:52:03Z</time>
   </trkpt>
   <trkpt lat="51.4736690" lon="-0.3095250">
    <ele>5.0</ele>
    <time>2026-05-16T10:52:04Z</time>
   </trkpt>
   <trkpt lat="51.4736730" lon="-0.3095130">
    <ele>5.0</ele>
    <time>2026-05-16T10:52:05Z</time>
   </trkpt>
   <trkpt lat="51.4736770" lon="-0.3095000">
    <ele>5.0</ele>
    <time>2026-05-16T10:52:06Z</time>
   </trkpt>
   <trkpt lat="51.4736810" lon="-0.3094870">
    <ele>5.0</ele>
    <time>2026-05-16T10:52:07Z</time>
   </trkpt>
   <trkpt lat="51.4736880" lon="-0.3094630">
    <ele>5.0</ele>
    <time>2026-05-16T10:52:08Z</time>
   </trkpt>
   <trkpt lat="51.4736960" lon="-0.3094440">
    <ele>5.0</ele>
    <time>2026-05-16T10:52:09Z</time>
   </trkpt>
   <trkpt lat="51.4737070" lon="-0.3094160">
    <ele>5.0</ele>
    <time>2026-05-16T10:52:10Z</time>
   </trkpt>
   <trkpt lat="51.4737130" lon="-0.3094050">
    <ele>5.0</ele>
    <time>2026-05-16T10:52:11Z</time>
   </trkpt>
   <trkpt lat="51.4737190" lon="-0.3093940">
    <ele>5.0</ele>
    <time>2026-05-16T10:52:12Z</time>
   </trkpt>
   <trkpt lat="51.4737270" lon="-0.3093770">
    <ele>5.0</ele>
    <time>2026-05-16T10:52:13Z</time>
   </trkpt>
   <trkpt lat="51.4737380" lon="-0.3093560">
    <ele>5.0</ele>
    <time>2026-05-16T10:52:14Z</time>
   </trkpt>
   <trkpt lat="51.4737450" lon="-0.3093360">
    <ele>5.0</ele>
    <time>2026-05-16T10:52:15Z</time>
   </trkpt>
   <trkpt lat="51.4737510" lon="-0.3093150">
    <ele>5.0</ele>
    <time>2026-05-16T10:52:16Z</time>
   </trkpt>
   <trkpt lat="51.4737560" lon="-0.3092950">
    <ele>5.0</ele>
    <time>2026-05-16T10:52:17Z</time>
   </trkpt>
   <trkpt lat="51.4737630" lon="-0.3092880">
    <ele>5.0</ele>
    <time>2026-05-16T10:52:18Z</time>
   </trkpt>
   <trkpt lat="51.4737660" lon="-0.3092730">
    <ele>5.0</ele>
    <time>2026-05-16T10:52:19Z</time>
   </trkpt>
   <trkpt lat="51.4737850" lon="-0.3092560">
    <ele>5.0</ele>
    <time>2026-05-16T10:52:20Z</time>
   </trkpt>
   <trkpt lat="51.4737820" lon="-0.3092340">
    <ele>5.0</ele>
    <time>2026-05-16T10:52:21Z</time>
   </trkpt>
   <trkpt lat="51.4737830" lon="-0.3092160">
    <ele>5.0</ele>
    <time>2026-05-16T10:52:22Z</time>
   </trkpt>
   <trkpt lat="51.4737880" lon="-0.3091990">
    <ele>5.0</ele>
    <time>2026-05-16T10:52:23Z</time>
   </trkpt>
   <trkpt lat="51.4737920" lon="-0.3091840">
    <ele>5.0</ele>
    <time>2026-05-16T10:52:24Z</time>
   </trkpt>
   <trkpt lat="51.4738040" lon="-0.3091550">
    <ele>5.0</ele>
    <time>2026-05-16T10:52:25Z</time>
   </trkpt>
   <trkpt lat="51.4738070" lon="-0.3091400">
    <ele>5.0</ele>
    <time>2026-05-16T10:52:26Z</time>
   </trkpt>
   <trkpt lat="51.4738090" lon="-0.3091260">
    <ele>5.0</ele>
    <time>2026-05-16T10:52:27Z</time>
   </trkpt>
   <trkpt lat="51.4738310" lon="-0.3090920">
    <ele>5.0</ele>
    <time>2026-05-16T10:52:28Z</time>
   </trkpt>
   <trkpt lat="51.4738410" lon="-0.3090720">
    <ele>5.0</ele>
    <time>2026-05-16T10:52:29Z</time>
   </trkpt>
   <trkpt lat="51.4738500" lon="-0.3090500">
    <ele>5.0</ele>
    <time>2026-05-16T10:52:30Z</time>
   </trkpt>
   <trkpt lat="51.4738640" lon="-0.3090210">
    <ele>5.0</ele>
    <time>2026-05-16T10:52:31Z</time>
   </trkpt>
   <trkpt lat="51.4738680" lon="-0.3090100">
    <ele>5.0</ele>
    <time>2026-05-16T10:52:32Z</time>
   </trkpt>
   <trkpt lat="51.4738730" lon="-0.3090000">
    <ele>5.0</ele>
    <time>2026-05-16T10:52:33Z</time>
   </trkpt>
   <trkpt lat="51.4738810" lon="-0.3089800">
    <ele>5.0</ele>
    <time>2026-05-16T10:52:34Z</time>
   </trkpt>
   <trkpt lat="51.4738890" lon="-0.3089610">
    <ele>5.0</ele>
    <time>2026-05-16T10:52:35Z</time>
   </trkpt>
   <trkpt lat="51.4738980" lon="-0.3089460">
    <ele>5.0</ele>
    <time>2026-05-16T10:52:36Z</time>
   </trkpt>
   <trkpt lat="51.4739070" lon="-0.3089380">
    <ele>5.0</ele>
    <time>2026-05-16T10:52:37Z</time>
   </trkpt>
   <trkpt lat="51.4739130" lon="-0.3089260">
    <ele>5.0</ele>
    <time>2026-05-16T10:52:38Z</time>
   </trkpt>
   <trkpt lat="51.4739220" lon="-0.3089050">
    <ele>5.0</ele>
    <time>2026-05-16T10:52:39Z</time>
   </trkpt>
   <trkpt lat="51.4739320" lon="-0.3088790">
    <ele>5.0</ele>
    <time>2026-05-16T10:52:40Z</time>
   </trkpt>
   <trkpt lat="51.4739410" lon="-0.3088560">
    <ele>5.0</ele>
    <time>2026-05-16T10:52:41Z</time>
   </trkpt>
   <trkpt lat="51.4739510" lon="-0.3088350">
    <ele>5.0</ele>
    <time>2026-05-16T10:52:42Z</time>
   </trkpt>
   <trkpt lat="51.4739620" lon="-0.3088150">
    <ele>5.0</ele>
    <time>2026-05-16T10:52:43Z</time>
   </trkpt>
   <trkpt lat="51.4739750" lon="-0.3088010">
    <ele>5.0</ele>
    <time>2026-05-16T10:52:44Z</time>
   </trkpt>
   <trkpt lat="51.4739850" lon="-0.3087800">
    <ele>5.0</ele>
    <time>2026-05-16T10:52:45Z</time>
   </trkpt>
   <trkpt lat="51.4739930" lon="-0.3087570">
    <ele>5.0</ele>
    <time>2026-05-16T10:52:46Z</time>
   </trkpt>
   <trkpt lat="51.4739970" lon="-0.3087330">
    <ele>5.0</ele>
    <time>2026-05-16T10:52:47Z</time>
   </trkpt>
   <trkpt lat="51.4740030" lon="-0.3087110">
    <ele>5.0</ele>
    <time>2026-05-16T10:52:48Z</time>
   </trkpt>
   <trkpt lat="51.4740110" lon="-0.3086910">
    <ele>5.0</ele>
    <time>2026-05-16T10:52:49Z</time>
   </trkpt>
   <trkpt lat="51.4740180" lon="-0.3086690">
    <ele>5.0</ele>
    <time>2026-05-16T10:52:50Z</time>
   </trkpt>
   <trkpt lat="51.4740280" lon="-0.3086390">
    <ele>5.0</ele>
    <time>2026-05-16T10:52:51Z</time>
   </trkpt>
   <trkpt lat="51.4740320" lon="-0.3086250">
    <ele>5.0</ele>
    <time>2026-05-16T10:52:52Z</time>
   </trkpt>
   <trkpt lat="51.4740360" lon="-0.3086120">
    <ele>5.0</ele>
    <time>2026-05-16T10:52:53Z</time>
   </trkpt>
   <trkpt lat="51.4740480" lon="-0.3085830">
    <ele>5.0</ele>
    <time>2026-05-16T10:52:54Z</time>
   </trkpt>
   <trkpt lat="51.4740530" lon="-0.3085700">
    <ele>5.0</ele>
    <time>2026-05-16T10:52:55Z</time>
   </trkpt>
   <trkpt lat="51.4740580" lon="-0.3085580">
    <ele>5.0</ele>
    <time>2026-05-16T10:52:56Z</time>
   </trkpt>
   <trkpt lat="51.4740600" lon="-0.3085270">
    <ele>5.0</ele>
    <time>2026-05-16T10:52:57Z</time>
   </trkpt>
   <trkpt lat="51.4740590" lon="-0.3085130">
    <ele>5.0</ele>
    <time>2026-05-16T10:52:58Z</time>
   </trkpt>
   <trkpt lat="51.4740570" lon="-0.3085000">
    <ele>5.0</ele>
    <time>2026-05-16T10:52:59Z</time>
   </trkpt>
   <trkpt lat="51.4740670" lon="-0.3084830">
    <ele>5.0</ele>
    <time>2026-05-16T10:53:00Z</time>
   </trkpt>
   <trkpt lat="51.4740760" lon="-0.3084680">
    <ele>5.0</ele>
    <time>2026-05-16T10:53:01Z</time>
   </trkpt>
   <trkpt lat="51.4740920" lon="-0.3084580">
    <ele>5.0</ele>
    <time>2026-05-16T10:53:02Z</time>
   </trkpt>
   <trkpt lat="51.4741030" lon="-0.3084410">
    <ele>5.0</ele>
    <time>2026-05-16T10:53:03Z</time>
   </trkpt>
   <trkpt lat="51.4741120" lon="-0.3084270">
    <ele>5.0</ele>
    <time>2026-05-16T10:53:04Z</time>
   </trkpt>
   <trkpt lat="51.4741200" lon="-0.3084050">
    <ele>5.0</ele>
    <time>2026-05-16T10:53:05Z</time>
   </trkpt>
   <trkpt lat="51.4741270" lon="-0.3083840">
    <ele>5.0</ele>
    <time>2026-05-16T10:53:06Z</time>
   </trkpt>
   <trkpt lat="51.4741330" lon="-0.3083630">
    <ele>5.0</ele>
    <time>2026-05-16T10:53:07Z</time>
   </trkpt>
   <trkpt lat="51.4741380" lon="-0.3083400">
    <ele>5.0</ele>
    <time>2026-05-16T10:53:08Z</time>
   </trkpt>
   <trkpt lat="51.4741430" lon="-0.3083210">
    <ele>5.0</ele>
    <time>2026-05-16T10:53:09Z</time>
   </trkpt>
   <trkpt lat="51.4741510" lon="-0.3082980">
    <ele>4.9</ele>
    <time>2026-05-16T10:53:10Z</time>
   </trkpt>
   <trkpt lat="51.4741560" lon="-0.3082810">
    <ele>4.9</ele>
    <time>2026-05-16T10:53:11Z</time>
   </trkpt>
   <trkpt lat="51.4741630" lon="-0.3082580">
    <ele>4.9</ele>
    <time>2026-05-16T10:53:12Z</time>
   </trkpt>
   <trkpt lat="51.4741680" lon="-0.3082360">
    <ele>4.9</ele>
    <time>2026-05-16T10:53:13Z</time>
   </trkpt>
   <trkpt lat="51.4741810" lon="-0.3082100">
    <ele>4.9</ele>
    <time>2026-05-16T10:53:14Z</time>
   </trkpt>
   <trkpt lat="51.4741870" lon="-0.3082010">
    <ele>4.9</ele>
    <time>2026-05-16T10:53:15Z</time>
   </trkpt>
   <trkpt lat="51.4741920" lon="-0.3081910">
    <ele>4.9</ele>
    <time>2026-05-16T10:53:16Z</time>
   </trkpt>
   <trkpt lat="51.4741980" lon="-0.3081800">
    <ele>4.9</ele>
    <time>2026-05-16T10:53:17Z</time>
   </trkpt>
   <trkpt lat="51.4742040" lon="-0.3081660">
    <ele>4.9</ele>
    <time>2026-05-16T10:53:18Z</time>
   </trkpt>
   <trkpt lat="51.4742130" lon="-0.3081530">
    <ele>4.9</ele>
    <time>2026-05-16T10:53:19Z</time>
   </trkpt>
   <trkpt lat="51.4742180" lon="-0.3081400">
    <ele>4.9</ele>
    <time>2026-05-16T10:53:20Z</time>
   </trkpt>
   <trkpt lat="51.4742240" lon="-0.3081260">
    <ele>4.9</ele>
    <time>2026-05-16T10:53:21Z</time>
   </trkpt>
   <trkpt lat="51.4742240" lon="-0.3081170">
    <ele>4.9</ele>
    <time>2026-05-16T10:53:22Z</time>
   </trkpt>
   <trkpt lat="51.4742280" lon="-0.3081000">
    <ele>4.9</ele>
    <time>2026-05-16T10:53:23Z</time>
   </trkpt>
   <trkpt lat="51.4742350" lon="-0.3080830">
    <ele>4.9</ele>
    <time>2026-05-16T10:53:24Z</time>
   </trkpt>
   <trkpt lat="51.4742410" lon="-0.3080610">
    <ele>4.9</ele>
    <time>2026-05-16T10:53:25Z</time>
   </trkpt>
   <trkpt lat="51.4742500" lon="-0.3080450">
    <ele>4.9</ele>
    <time>2026-05-16T10:53:26Z</time>
   </trkpt>
   <trkpt lat="51.4742530" lon="-0.3080320">
    <ele>4.9</ele>
    <time>2026-05-16T10:53:27Z</time>
   </trkpt>
   <trkpt lat="51.4742550" lon="-0.3080180">
    <ele>4.9</ele>
    <time>2026-05-16T10:53:28Z</time>
   </trkpt>
   <trkpt lat="51.4742600" lon="-0.3079990">
    <ele>4.9</ele>
    <time>2026-05-16T10:53:29Z</time>
   </trkpt>
   <trkpt lat="51.4742650" lon="-0.3079830">
    <ele>4.9</ele>
    <time>2026-05-16T10:53:30Z</time>
   </trkpt>
   <trkpt lat="51.4742670" lon="-0.3079690">
    <ele>4.9</ele>
    <time>2026-05-16T10:53:31Z</time>
   </trkpt>
   <trkpt lat="51.4742760" lon="-0.3079370">
    <ele>4.9</ele>
    <time>2026-05-16T10:53:32Z</time>
   </trkpt>
   <trkpt lat="51.4742820" lon="-0.3079270">
    <ele>4.9</ele>
    <time>2026-05-16T10:53:33Z</time>
   </trkpt>
   <trkpt lat="51.4742950" lon="-0.3078980">
    <ele>4.9</ele>
    <time>2026-05-16T10:53:34Z</time>
   </trkpt>
   <trkpt lat="51.4743000" lon="-0.3078850">
    <ele>4.9</ele>
    <time>2026-05-16T10:53:35Z</time>
   </trkpt>
   <trkpt lat="51.4743040" lon="-0.3078710">
    <ele>4.9</ele>
    <time>2026-05-16T10:53:36Z</time>
   </trkpt>
   <trkpt lat="51.4743150" lon="-0.3078400">
    <ele>4.9</ele>
    <time>2026-05-16T10:53:37Z</time>
   </trkpt>
   <trkpt lat="51.4743190" lon="-0.3078270">
    <ele>4.9</ele>
    <time>2026-05-16T10:53:38Z</time>
   </trkpt>
   <trkpt lat="51.4743230" lon="-0.3078150">
    <ele>4.9</ele>
    <time>2026-05-16T10:53:39Z</time>
   </trkpt>
   <trkpt lat="51.4743300" lon="-0.3077940">
    <ele>4.9</ele>
    <time>2026-05-16T10:53:40Z</time>
   </trkpt>
   <trkpt lat="51.4743360" lon="-0.3077720">
    <ele>4.9</ele>
    <time>2026-05-16T10:53:41Z</time>
   </trkpt>
   <trkpt lat="51.4743430" lon="-0.3077450">
    <ele>4.9</ele>
    <time>2026-05-16T10:53:42Z</time>
   </trkpt>
   <trkpt lat="51.4743510" lon="-0.3077300">
    <ele>4.9</ele>
    <time>2026-05-16T10:53:43Z</time>
   </trkpt>
   <trkpt lat="51.4743600" lon="-0.3077130">
    <ele>4.9</ele>
    <time>2026-05-16T10:53:44Z</time>
   </trkpt>
   <trkpt lat="51.4743700" lon="-0.3076950">
    <ele>4.8</ele>
    <time>2026-05-16T10:53:45Z</time>
   </trkpt>
   <trkpt lat="51.4743870" lon="-0.3076720">
    <ele>4.8</ele>
    <time>2026-05-16T10:53:46Z</time>
   </trkpt>
   <trkpt lat="51.4743910" lon="-0.3076600">
    <ele>4.8</ele>
    <time>2026-05-16T10:53:47Z</time>
   </trkpt>
   <trkpt lat="51.4743960" lon="-0.3076470">
    <ele>4.8</ele>
    <time>2026-05-16T10:53:48Z</time>
   </trkpt>
   <trkpt lat="51.4744080" lon="-0.3076250">
    <ele>4.8</ele>
    <time>2026-05-16T10:53:49Z</time>
   </trkpt>
   <trkpt lat="51.4744170" lon="-0.3076020">
    <ele>4.8</ele>
    <time>2026-05-16T10:53:50Z</time>
   </trkpt>
   <trkpt lat="51.4744240" lon="-0.3075790">
    <ele>4.8</ele>
    <time>2026-05-16T10:53:51Z</time>
   </trkpt>
   <trkpt lat="51.4744290" lon="-0.3075560">
    <ele>4.8</ele>
    <time>2026-05-16T10:53:52Z</time>
   </trkpt>
   <trkpt lat="51.4744370" lon="-0.3075320">
    <ele>4.8</ele>
    <time>2026-05-16T10:53:53Z</time>
   </trkpt>
   <trkpt lat="51.4744500" lon="-0.3075140">
    <ele>4.8</ele>
    <time>2026-05-16T10:53:54Z</time>
   </trkpt>
   <trkpt lat="51.4744630" lon="-0.3074970">
    <ele>4.8</ele>
    <time>2026-05-16T10:53:55Z</time>
   </trkpt>
   <trkpt lat="51.4744740" lon="-0.3074810">
    <ele>4.8</ele>
    <time>2026-05-16T10:53:56Z</time>
   </trkpt>
   <trkpt lat="51.4744850" lon="-0.3074630">
    <ele>4.8</ele>
    <time>2026-05-16T10:53:57Z</time>
   </trkpt>
   <trkpt lat="51.4744990" lon="-0.3074490">
    <ele>4.8</ele>
    <time>2026-05-16T10:53:58Z</time>
   </trkpt>
   <trkpt lat="51.4745100" lon="-0.3074320">
    <ele>4.8</ele>
    <time>2026-05-16T10:54:00Z</time>
   </trkpt>
   <trkpt lat="51.4745180" lon="-0.3074100">
    <ele>4.8</ele>
    <time>2026-05-16T10:54:01Z</time>
   </trkpt>
   <trkpt lat="51.4745270" lon="-0.3073900">
    <ele>4.8</ele>
    <time>2026-05-16T10:54:02Z</time>
   </trkpt>
   <trkpt lat="51.4745390" lon="-0.3073750">
    <ele>4.8</ele>
    <time>2026-05-16T10:54:03Z</time>
   </trkpt>
   <trkpt lat="51.4745440" lon="-0.3073540">
    <ele>4.8</ele>
    <time>2026-05-16T10:54:04Z</time>
   </trkpt>
   <trkpt lat="51.4745530" lon="-0.3073370">
    <ele>4.8</ele>
    <time>2026-05-16T10:54:05Z</time>
   </trkpt>
   <trkpt lat="51.4745650" lon="-0.3073210">
    <ele>4.8</ele>
    <time>2026-05-16T10:54:06Z</time>
   </trkpt>
   <trkpt lat="51.4745730" lon="-0.3073030">
    <ele>4.8</ele>
    <time>2026-05-16T10:54:07Z</time>
   </trkpt>
   <trkpt lat="51.4745830" lon="-0.3072870">
    <ele>4.8</ele>
    <time>2026-05-16T10:54:08Z</time>
   </trkpt>
   <trkpt lat="51.4745910" lon="-0.3072700">
    <ele>4.8</ele>
    <time>2026-05-16T10:54:09Z</time>
   </trkpt>
   <trkpt lat="51.4745950" lon="-0.3072580">
    <ele>4.8</ele>
    <time>2026-05-16T10:54:10Z</time>
   </trkpt>
   <trkpt lat="51.4745980" lon="-0.3072410">
    <ele>4.8</ele>
    <time>2026-05-16T10:54:11Z</time>
   </trkpt>
   <trkpt lat="51.4746070" lon="-0.3072210">
    <ele>4.8</ele>
    <time>2026-05-16T10:54:12Z</time>
   </trkpt>
   <trkpt lat="51.4746180" lon="-0.3072000">
    <ele>4.8</ele>
    <time>2026-05-16T10:54:13Z</time>
   </trkpt>
   <trkpt lat="51.4746330" lon="-0.3071880">
    <ele>4.8</ele>
    <time>2026-05-16T10:54:14Z</time>
   </trkpt>
   <trkpt lat="51.4746430" lon="-0.3071730">
    <ele>4.8</ele>
    <time>2026-05-16T10:54:15Z</time>
   </trkpt>
   <trkpt lat="51.4746540" lon="-0.3071600">
    <ele>4.8</ele>
    <time>2026-05-16T10:54:16Z</time>
   </trkpt>
   <trkpt lat="51.4746650" lon="-0.3071470">
    <ele>4.8</ele>
    <time>2026-05-16T10:54:17Z</time>
   </trkpt>
   <trkpt lat="51.4746760" lon="-0.3071340">
    <ele>4.8</ele>
    <time>2026-05-16T10:54:18Z</time>
   </trkpt>
   <trkpt lat="51.4746880" lon="-0.3071080">
    <ele>4.8</ele>
    <time>2026-05-16T10:54:19Z</time>
   </trkpt>
   <trkpt lat="51.4746940" lon="-0.3070970">
    <ele>4.8</ele>
    <time>2026-05-16T10:54:20Z</time>
   </trkpt>
   <trkpt lat="51.4746990" lon="-0.3070860">
    <ele>4.8</ele>
    <time>2026-05-16T10:54:21Z</time>
   </trkpt>
   <trkpt lat="51.4747130" lon="-0.3070600">
    <ele>4.8</ele>
    <time>2026-05-16T10:54:22Z</time>
   </trkpt>
   <trkpt lat="51.4747170" lon="-0.3070480">
    <ele>4.8</ele>
    <time>2026-05-16T10:54:23Z</time>
   </trkpt>
   <trkpt lat="51.4747220" lon="-0.3070370">
    <ele>4.8</ele>
    <time>2026-05-16T10:54:24Z</time>
   </trkpt>
   <trkpt lat="51.4747320" lon="-0.3070240">
    <ele>4.8</ele>
    <time>2026-05-16T10:54:25Z</time>
   </trkpt>
   <trkpt lat="51.4747380" lon="-0.3070080">
    <ele>4.8</ele>
    <time>2026-05-16T10:54:26Z</time>
   </trkpt>
   <trkpt lat="51.4747440" lon="-0.3069920">
    <ele>4.8</ele>
    <time>2026-05-16T10:54:27Z</time>
   </trkpt>
   <trkpt lat="51.4747510" lon="-0.3069780">
    <ele>4.9</ele>
    <time>2026-05-16T10:54:28Z</time>
   </trkpt>
   <trkpt lat="51.4747600" lon="-0.3069640">
    <ele>4.9</ele>
    <time>2026-05-16T10:54:29Z</time>
   </trkpt>
   <trkpt lat="51.4747770" lon="-0.3069350">
    <ele>4.9</ele>
    <time>2026-05-16T10:54:30Z</time>
   </trkpt>
   <trkpt lat="51.4747890" lon="-0.3069210">
    <ele>4.9</ele>
    <time>2026-05-16T10:54:31Z</time>
   </trkpt>
   <trkpt lat="51.4747940" lon="-0.3069040">
    <ele>4.9</ele>
    <time>2026-05-16T10:54:32Z</time>
   </trkpt>
   <trkpt lat="51.4748020" lon="-0.3068910">
    <ele>4.9</ele>
    <time>2026-05-16T10:54:33Z</time>
   </trkpt>
   <trkpt lat="51.4748080" lon="-0.3068830">
    <ele>4.9</ele>
    <time>2026-05-16T10:54:34Z</time>
   </trkpt>
   <trkpt lat="51.4748110" lon="-0.3068750">
    <ele>4.9</ele>
    <time>2026-05-16T10:54:35Z</time>
   </trkpt>
   <trkpt lat="51.4748180" lon="-0.3068600">
    <ele>4.9</ele>
    <time>2026-05-16T10:54:36Z</time>
   </trkpt>
   <trkpt lat="51.4748270" lon="-0.3068510">
    <ele>4.9</ele>
    <time>2026-05-16T10:54:37Z</time>
   </trkpt>
   <trkpt lat="51.4748400" lon="-0.3068260">
    <ele>4.9</ele>
    <time>2026-05-16T10:54:38Z</time>
   </trkpt>
   <trkpt lat="51.4748450" lon="-0.3068160">
    <ele>4.9</ele>
    <time>2026-05-16T10:54:39Z</time>
   </trkpt>
   <trkpt lat="51.4748510" lon="-0.3068050">
    <ele>4.9</ele>
    <time>2026-05-16T10:54:40Z</time>
   </trkpt>
   <trkpt lat="51.4748600" lon="-0.3067970">
    <ele>4.9</ele>
    <time>2026-05-16T10:54:41Z</time>
   </trkpt>
   <trkpt lat="51.4748670" lon="-0.3067850">
    <ele>4.9</ele>
    <time>2026-05-16T10:54:42Z</time>
   </trkpt>
   <trkpt lat="51.4748720" lon="-0.3067750">
    <ele>4.9</ele>
    <time>2026-05-16T10:54:43Z</time>
   </trkpt>
   <trkpt lat="51.4748810" lon="-0.3067660">
    <ele>4.9</ele>
    <time>2026-05-16T10:54:44Z</time>
   </trkpt>
   <trkpt lat="51.4748940" lon="-0.3067470">
    <ele>4.9</ele>
    <time>2026-05-16T10:54:45Z</time>
   </trkpt>
   <trkpt lat="51.4749050" lon="-0.3067300">
    <ele>4.9</ele>
    <time>2026-05-16T10:54:46Z</time>
   </trkpt>
   <trkpt lat="51.4749130" lon="-0.3067180">
    <ele>4.9</ele>
    <time>2026-05-16T10:54:47Z</time>
   </trkpt>
   <trkpt lat="51.4749220" lon="-0.3067060">
    <ele>4.9</ele>
    <time>2026-05-16T10:54:48Z</time>
   </trkpt>
   <trkpt lat="51.4749380" lon="-0.3066870">
    <ele>4.9</ele>
    <time>2026-05-16T10:54:49Z</time>
   </trkpt>
   <trkpt lat="51.4749490" lon="-0.3066720">
    <ele>4.9</ele>
    <time>2026-05-16T10:54:50Z</time>
   </trkpt>
   <trkpt lat="51.4749570" lon="-0.3066600">
    <ele>4.9</ele>
    <time>2026-05-16T10:54:51Z</time>
   </trkpt>
   <trkpt lat="51.4749630" lon="-0.3066560">
    <ele>4.9</ele>
    <time>2026-05-16T10:54:52Z</time>
   </trkpt>
   <trkpt lat="51.4749720" lon="-0.3066440">
    <ele>4.9</ele>
    <time>2026-05-16T10:54:53Z</time>
   </trkpt>
   <trkpt lat="51.4749790" lon="-0.3066340">
    <ele>4.9</ele>
    <time>2026-05-16T10:54:54Z</time>
   </trkpt>
   <trkpt lat="51.4749950" lon="-0.3066160">
    <ele>4.9</ele>
    <time>2026-05-16T10:54:55Z</time>
   </trkpt>
   <trkpt lat="51.4750130" lon="-0.3065970">
    <ele>4.9</ele>
    <time>2026-05-16T10:54:56Z</time>
   </trkpt>
   <trkpt lat="51.4750230" lon="-0.3065900">
    <ele>4.9</ele>
    <time>2026-05-16T10:54:57Z</time>
   </trkpt>
   <trkpt lat="51.4750330" lon="-0.3065820">
    <ele>4.9</ele>
    <time>2026-05-16T10:54:58Z</time>
   </trkpt>
   <trkpt lat="51.4750440" lon="-0.3065650">
    <ele>4.9</ele>
    <time>2026-05-16T10:54:59Z</time>
   </trkpt>
   <trkpt lat="51.4750490" lon="-0.3065550">
    <ele>4.9</ele>
    <time>2026-05-16T10:55:00Z</time>
   </trkpt>
   <trkpt lat="51.4750570" lon="-0.3065450">
    <ele>4.9</ele>
    <time>2026-05-16T10:55:01Z</time>
   </trkpt>
   <trkpt lat="51.4750690" lon="-0.3065320">
    <ele>4.9</ele>
    <time>2026-05-16T10:55:02Z</time>
   </trkpt>
   <trkpt lat="51.4750760" lon="-0.3065250">
    <ele>4.9</ele>
    <time>2026-05-16T10:55:03Z</time>
   </trkpt>
   <trkpt lat="51.4750820" lon="-0.3065190">
    <ele>4.9</ele>
    <time>2026-05-16T10:55:04Z</time>
   </trkpt>
   <trkpt lat="51.4750900" lon="-0.3065080">
    <ele>4.9</ele>
    <time>2026-05-16T10:55:05Z</time>
   </trkpt>
   <trkpt lat="51.4751070" lon="-0.3064930">
    <ele>4.9</ele>
    <time>2026-05-16T10:55:06Z</time>
   </trkpt>
   <trkpt lat="51.4751170" lon="-0.3064820">
    <ele>4.9</ele>
    <time>2026-05-16T10:55:07Z</time>
   </trkpt>
   <trkpt lat="51.4751260" lon="-0.3064740">
    <ele>4.9</ele>
    <time>2026-05-16T10:55:08Z</time>
   </trkpt>
   <trkpt lat="51.4751340" lon="-0.3064630">
    <ele>4.9</ele>
    <time>2026-05-16T10:55:09Z</time>
   </trkpt>
   <trkpt lat="51.4751520" lon="-0.3064420">
    <ele>4.9</ele>
    <time>2026-05-16T10:55:10Z</time>
   </trkpt>
   <trkpt lat="51.4751610" lon="-0.3064320">
    <ele>4.9</ele>
    <time>2026-05-16T10:55:11Z</time>
   </trkpt>
   <trkpt lat="51.4751700" lon="-0.3064210">
    <ele>4.9</ele>
    <time>2026-05-16T10:55:12Z</time>
   </trkpt>
   <trkpt lat="51.4751800" lon="-0.3064080">
    <ele>4.9</ele>
    <time>2026-05-16T10:55:13Z</time>
   </trkpt>
   <trkpt lat="51.4751880" lon="-0.3063990">
    <ele>4.9</ele>
    <time>2026-05-16T10:55:14Z</time>
   </trkpt>
   <trkpt lat="51.4751930" lon="-0.3063900">
    <ele>4.9</ele>
    <time>2026-05-16T10:55:15Z</time>
   </trkpt>
   <trkpt lat="51.4752050" lon="-0.3063750">
    <ele>4.9</ele>
    <time>2026-05-16T10:55:16Z</time>
   </trkpt>
   <trkpt lat="51.4752160" lon="-0.3063690">
    <ele>4.9</ele>
    <time>2026-05-16T10:55:17Z</time>
   </trkpt>
   <trkpt lat="51.4752240" lon="-0.3063610">
    <ele>4.9</ele>
    <time>2026-05-16T10:55:18Z</time>
   </trkpt>
   <trkpt lat="51.4752350" lon="-0.3063590">
    <ele>4.9</ele>
    <time>2026-05-16T10:55:19Z</time>
   </trkpt>
   <trkpt lat="51.4752450" lon="-0.3063540">
    <ele>4.9</ele>
    <time>2026-05-16T10:55:20Z</time>
   </trkpt>
   <trkpt lat="51.4752570" lon="-0.3063380">
    <ele>4.9</ele>
    <time>2026-05-16T10:55:21Z</time>
   </trkpt>
   <trkpt lat="51.4752720" lon="-0.3063250">
    <ele>4.9</ele>
    <time>2026-05-16T10:55:22Z</time>
   </trkpt>
   <trkpt lat="51.4752890" lon="-0.3063120">
    <ele>4.9</ele>
    <time>2026-05-16T10:55:23Z</time>
   </trkpt>
   <trkpt lat="51.4753020" lon="-0.3063020">
    <ele>4.9</ele>
    <time>2026-05-16T10:55:24Z</time>
   </trkpt>
   <trkpt lat="51.4753280" lon="-0.3062810">
    <ele>4.9</ele>
    <time>2026-05-16T10:55:25Z</time>
   </trkpt>
   <trkpt lat="51.4753370" lon="-0.3062690">
    <ele>4.9</ele>
    <time>2026-05-16T10:55:26Z</time>
   </trkpt>
   <trkpt lat="51.4753540" lon="-0.3062580">
    <ele>4.9</ele>
    <time>2026-05-16T10:55:27Z</time>
   </trkpt>
   <trkpt lat="51.4753650" lon="-0.3062460">
    <ele>4.9</ele>
    <time>2026-05-16T10:55:28Z</time>
   </trkpt>
   <trkpt lat="51.4753750" lon="-0.3062360">
    <ele>4.9</ele>
    <time>2026-05-16T10:55:29Z</time>
   </trkpt>
   <trkpt lat="51.4753870" lon="-0.3062210">
    <ele>4.9</ele>
    <time>2026-05-16T10:55:30Z</time>
   </trkpt>
   <trkpt lat="51.4753990" lon="-0.3061970">
    <ele>4.9</ele>
    <time>2026-05-16T10:55:31Z</time>
   </trkpt>
   <trkpt lat="51.4754080" lon="-0.3061880">
    <ele>4.9</ele>
    <time>2026-05-16T10:55:32Z</time>
   </trkpt>
   <trkpt lat="51.4754180" lon="-0.3061780">
    <ele>4.9</ele>
    <time>2026-05-16T10:55:33Z</time>
   </trkpt>
   <trkpt lat="51.4754340" lon="-0.3061540">
    <ele>4.9</ele>
    <time>2026-05-16T10:55:34Z</time>
   </trkpt>
   <trkpt lat="51.4754410" lon="-0.3061440">
    <ele>4.9</ele>
    <time>2026-05-16T10:55:35Z</time>
   </trkpt>
   <trkpt lat="51.4754470" lon="-0.3061350">
    <ele>4.9</ele>
    <time>2026-05-16T10:55:36Z</time>
   </trkpt>
   <trkpt lat="51.4754530" lon="-0.3061280">
    <ele>4.9</ele>
    <time>2026-05-16T10:55:37Z</time>
   </trkpt>
   <trkpt lat="51.4754610" lon="-0.3061220">
    <ele>4.9</ele>
    <time>2026-05-16T10:55:38Z</time>
   </trkpt>
   <trkpt lat="51.4754720" lon="-0.3061110">
    <ele>4.9</ele>
    <time>2026-05-16T10:55:39Z</time>
   </trkpt>
   <trkpt lat="51.4754810" lon="-0.3061000">
    <ele>4.9</ele>
    <time>2026-05-16T10:55:40Z</time>
   </trkpt>
   <trkpt lat="51.4754950" lon="-0.3060890">
    <ele>4.9</ele>
    <time>2026-05-16T10:55:41Z</time>
   </trkpt>
   <trkpt lat="51.4755040" lon="-0.3060820">
    <ele>4.9</ele>
    <time>2026-05-16T10:55:42Z</time>
   </trkpt>
   <trkpt lat="51.4755130" lon="-0.3060780">
    <ele>4.9</ele>
    <time>2026-05-16T10:55:43Z</time>
   </trkpt>
   <trkpt lat="51.4755240" lon="-0.3060700">
    <ele>4.9</ele>
    <time>2026-05-16T10:55:44Z</time>
   </trkpt>
   <trkpt lat="51.4755320" lon="-0.3060570">
    <ele>4.9</ele>
    <time>2026-05-16T10:55:45Z</time>
   </trkpt>
   <trkpt lat="51.4755420" lon="-0.3060470">
    <ele>4.9</ele>
    <time>2026-05-16T10:55:46Z</time>
   </trkpt>
   <trkpt lat="51.4755490" lon="-0.3060380">
    <ele>4.9</ele>
    <time>2026-05-16T10:55:47Z</time>
   </trkpt>
   <trkpt lat="51.4755640" lon="-0.3060210">
    <ele>4.9</ele>
    <time>2026-05-16T10:55:48Z</time>
   </trkpt>
   <trkpt lat="51.4755720" lon="-0.3060120">
    <ele>4.9</ele>
    <time>2026-05-16T10:55:49Z</time>
   </trkpt>
   <trkpt lat="51.4755810" lon="-0.3060040">
    <ele>4.9</ele>
    <time>2026-05-16T10:55:50Z</time>
   </trkpt>
   <trkpt lat="51.4755970" lon="-0.3059860">
    <ele>4.9</ele>
    <time>2026-05-16T10:55:51Z</time>
   </trkpt>
   <trkpt lat="51.4756050" lon="-0.3059780">
    <ele>4.9</ele>
    <time>2026-05-16T10:55:52Z</time>
   </trkpt>
   <trkpt lat="51.4756120" lon="-0.3059690">
    <ele>4.9</ele>
    <time>2026-05-16T10:55:53Z</time>
   </trkpt>
   <trkpt lat="51.4756260" lon="-0.3059530">
    <ele>4.9</ele>
    <time>2026-05-16T10:55:54Z</time>
   </trkpt>
   <trkpt lat="51.4756380" lon="-0.3059340">
    <ele>4.9</ele>
    <time>2026-05-16T10:55:55Z</time>
   </trkpt>
   <trkpt lat="51.4756620" lon="-0.3059090">
    <ele>4.9</ele>
    <time>2026-05-16T10:55:56Z</time>
   </trkpt>
   <trkpt lat="51.4756690" lon="-0.3059010">
    <ele>4.9</ele>
    <time>2026-05-16T10:55:57Z</time>
   </trkpt>
   <trkpt lat="51.4756860" lon="-0.3058890">
    <ele>4.9</ele>
    <time>2026-05-16T10:55:58Z</time>
   </trkpt>
   <trkpt lat="51.4756980" lon="-0.3058780">
    <ele>4.9</ele>
    <time>2026-05-16T10:55:59Z</time>
   </trkpt>
   <trkpt lat="51.4757100" lon="-0.3058620">
    <ele>4.9</ele>
    <time>2026-05-16T10:56:00Z</time>
   </trkpt>
   <trkpt lat="51.4757180" lon="-0.3058500">
    <ele>4.9</ele>
    <time>2026-05-16T10:56:01Z</time>
   </trkpt>
   <trkpt lat="51.4757240" lon="-0.3058430">
    <ele>4.9</ele>
    <time>2026-05-16T10:56:02Z</time>
   </trkpt>
   <trkpt lat="51.4757410" lon="-0.3058260">
    <ele>4.9</ele>
    <time>2026-05-16T10:56:03Z</time>
   </trkpt>
   <trkpt lat="51.4757490" lon="-0.3058170">
    <ele>4.9</ele>
    <time>2026-05-16T10:56:05Z</time>
   </trkpt>
   <trkpt lat="51.4757560" lon="-0.3058090">
    <ele>4.9</ele>
    <time>2026-05-16T10:56:06Z</time>
   </trkpt>
   <trkpt lat="51.4757750" lon="-0.3057920">
    <ele>4.9</ele>
    <time>2026-05-16T10:56:07Z</time>
   </trkpt>
   <trkpt lat="51.4757860" lon="-0.3057840">
    <ele>4.9</ele>
    <time>2026-05-16T10:56:08Z</time>
   </trkpt>
   <trkpt lat="51.4757960" lon="-0.3057770">
    <ele>4.9</ele>
    <time>2026-05-16T10:56:09Z</time>
   </trkpt>
   <trkpt lat="51.4758120" lon="-0.3057700">
    <ele>4.9</ele>
    <time>2026-05-16T10:56:10Z</time>
   </trkpt>
   <trkpt lat="51.4758250" lon="-0.3057620">
    <ele>4.9</ele>
    <time>2026-05-16T10:56:11Z</time>
   </trkpt>
   <trkpt lat="51.4758390" lon="-0.3057490">
    <ele>4.9</ele>
    <time>2026-05-16T10:56:12Z</time>
   </trkpt>
   <trkpt lat="51.4758500" lon="-0.3057320">
    <ele>4.9</ele>
    <time>2026-05-16T10:56:13Z</time>
   </trkpt>
   <trkpt lat="51.4758630" lon="-0.3057070">
    <ele>4.9</ele>
    <time>2026-05-16T10:56:14Z</time>
   </trkpt>
   <trkpt lat="51.4758700" lon="-0.3056980">
    <ele>4.9</ele>
    <time>2026-05-16T10:56:15Z</time>
   </trkpt>
   <trkpt lat="51.4758760" lon="-0.3056890">
    <ele>4.9</ele>
    <time>2026-05-16T10:56:16Z</time>
   </trkpt>
   <trkpt lat="51.4758900" lon="-0.3056690">
    <ele>4.9</ele>
    <time>2026-05-16T10:56:17Z</time>
   </trkpt>
   <trkpt lat="51.4758980" lon="-0.3056600">
    <ele>4.9</ele>
    <time>2026-05-16T10:56:18Z</time>
   </trkpt>
   <trkpt lat="51.4759070" lon="-0.3056510">
    <ele>4.9</ele>
    <time>2026-05-16T10:56:19Z</time>
   </trkpt>
   <trkpt lat="51.4759160" lon="-0.3056380">
    <ele>4.9</ele>
    <time>2026-05-16T10:56:20Z</time>
   </trkpt>
   <trkpt lat="51.4759310" lon="-0.3056230">
    <ele>4.9</ele>
    <time>2026-05-16T10:56:21Z</time>
   </trkpt>
   <trkpt lat="51.4759480" lon="-0.3056140">
    <ele>4.9</ele>
    <time>2026-05-16T10:56:22Z</time>
   </trkpt>
   <trkpt lat="51.4759570" lon="-0.3056080">
    <ele>4.9</ele>
    <time>2026-05-16T10:56:23Z</time>
   </trkpt>
   <trkpt lat="51.4759670" lon="-0.3056030">
    <ele>4.9</ele>
    <time>2026-05-16T10:56:24Z</time>
   </trkpt>
   <trkpt lat="51.4759850" lon="-0.3055940">
    <ele>4.9</ele>
    <time>2026-05-16T10:56:25Z</time>
   </trkpt>
   <trkpt lat="51.4759980" lon="-0.3055830">
    <ele>4.9</ele>
    <time>2026-05-16T10:56:26Z</time>
   </trkpt>
   <trkpt lat="51.4760110" lon="-0.3055650">
    <ele>4.9</ele>
    <time>2026-05-16T10:56:27Z</time>
   </trkpt>
   <trkpt lat="51.4760240" lon="-0.3055500">
    <ele>4.9</ele>
    <time>2026-05-16T10:56:28Z</time>
   </trkpt>
   <trkpt lat="51.4760420" lon="-0.3055340">
    <ele>5.0</ele>
    <time>2026-05-16T10:56:29Z</time>
   </trkpt>
   <trkpt lat="51.4760490" lon="-0.3055260">
    <ele>5.0</ele>
    <time>2026-05-16T10:56:30Z</time>
   </trkpt>
   <trkpt lat="51.4760560" lon="-0.3055190">
    <ele>5.0</ele>
    <time>2026-05-16T10:56:31Z</time>
   </trkpt>
   <trkpt lat="51.4760680" lon="-0.3055070">
    <ele>5.0</ele>
    <time>2026-05-16T10:56:32Z</time>
   </trkpt>
   <trkpt lat="51.4760800" lon="-0.3054930">
    <ele>5.0</ele>
    <time>2026-05-16T10:56:33Z</time>
   </trkpt>
   <trkpt lat="51.4760930" lon="-0.3054790">
    <ele>5.0</ele>
    <time>2026-05-16T10:56:34Z</time>
   </trkpt>
   <trkpt lat="51.4761060" lon="-0.3054710">
    <ele>5.0</ele>
    <time>2026-05-16T10:56:35Z</time>
   </trkpt>
   <trkpt lat="51.4761290" lon="-0.3054490">
    <ele>5.0</ele>
    <time>2026-05-16T10:56:36Z</time>
   </trkpt>
   <trkpt lat="51.4761410" lon="-0.3054370">
    <ele>5.0</ele>
    <time>2026-05-16T10:56:37Z</time>
   </trkpt>
   <trkpt lat="51.4761520" lon="-0.3054240">
    <ele>5.0</ele>
    <time>2026-05-16T10:56:38Z</time>
   </trkpt>
   <trkpt lat="51.4761620" lon="-0.3054070">
    <ele>5.0</ele>
    <time>2026-05-16T10:56:39Z</time>
   </trkpt>
   <trkpt lat="51.4761790" lon="-0.3054010">
    <ele>5.0</ele>
    <time>2026-05-16T10:56:40Z</time>
   </trkpt>
   <trkpt lat="51.4761900" lon="-0.3053880">
    <ele>5.0</ele>
    <time>2026-05-16T10:56:41Z</time>
   </trkpt>
   <trkpt lat="51.4762100" lon="-0.3053700">
    <ele>5.0</ele>
    <time>2026-05-16T10:56:42Z</time>
   </trkpt>
   <trkpt lat="51.4762160" lon="-0.3053620">
    <ele>5.0</ele>
    <time>2026-05-16T10:56:43Z</time>
   </trkpt>
   <trkpt lat="51.4762230" lon="-0.3053540">
    <ele>5.0</ele>
    <time>2026-05-16T10:56:44Z</time>
   </trkpt>
   <trkpt lat="51.4762350" lon="-0.3053410">
    <ele>5.0</ele>
    <time>2026-05-16T10:56:45Z</time>
   </trkpt>
   <trkpt lat="51.4762470" lon="-0.3053270">
    <ele>5.0</ele>
    <time>2026-05-16T10:56:46Z</time>
   </trkpt>
   <trkpt lat="51.4762610" lon="-0.3053160">
    <ele>5.0</ele>
    <time>2026-05-16T10:56:47Z</time>
   </trkpt>
   <trkpt lat="51.4762730" lon="-0.3053030">
    <ele>5.0</ele>
    <time>2026-05-16T10:56:48Z</time>
   </trkpt>
   <trkpt lat="51.4762860" lon="-0.3052910">
    <ele>5.0</ele>
    <time>2026-05-16T10:56:49Z</time>
   </trkpt>
   <trkpt lat="51.4762990" lon="-0.3052800">
    <ele>5.0</ele>
    <time>2026-05-16T10:56:50Z</time>
   </trkpt>
   <trkpt lat="51.4763110" lon="-0.3052720">
    <ele>5.0</ele>
    <time>2026-05-16T10:56:51Z</time>
   </trkpt>
   <trkpt lat="51.4763240" lon="-0.3052610">
    <ele>5.0</ele>
    <time>2026-05-16T10:56:52Z</time>
   </trkpt>
   <trkpt lat="51.4763360" lon="-0.3052500">
    <ele>5.0</ele>
    <time>2026-05-16T10:56:53Z</time>
   </trkpt>
   <trkpt lat="51.4763480" lon="-0.3052400">
    <ele>5.0</ele>
    <time>2026-05-16T10:56:54Z</time>
   </trkpt>
   <trkpt lat="51.4763600" lon="-0.3052250">
    <ele>5.0</ele>
    <time>2026-05-16T10:56:55Z</time>
   </trkpt>
   <trkpt lat="51.4763720" lon="-0.3052130">
    <ele>5.0</ele>
    <time>2026-05-16T10:56:56Z</time>
   </trkpt>
   <trkpt lat="51.4763850" lon="-0.3052010">
    <ele>5.0</ele>
    <time>2026-05-16T10:56:57Z</time>
   </trkpt>
   <trkpt lat="51.4764000" lon="-0.3051950">
    <ele>5.0</ele>
    <time>2026-05-16T10:56:58Z</time>
   </trkpt>
   <trkpt lat="51.4764190" lon="-0.3051770">
    <ele>5.0</ele>
    <time>2026-05-16T10:56:59Z</time>
   </trkpt>
   <trkpt lat="51.4764270" lon="-0.3051680">
    <ele>5.0</ele>
    <time>2026-05-16T10:57:00Z</time>
   </trkpt>
   <trkpt lat="51.4764340" lon="-0.3051600">
    <ele>5.0</ele>
    <time>2026-05-16T10:57:01Z</time>
   </trkpt>
   <trkpt lat="51.4764450" lon="-0.3051460">
    <ele>5.0</ele>
    <time>2026-05-16T10:57:02Z</time>
   </trkpt>
   <trkpt lat="51.4764590" lon="-0.3051370">
    <ele>5.0</ele>
    <time>2026-05-16T10:57:03Z</time>
   </trkpt>
   <trkpt lat="51.4764710" lon="-0.3051240">
    <ele>5.0</ele>
    <time>2026-05-16T10:57:04Z</time>
   </trkpt>
   <trkpt lat="51.4764830" lon="-0.3051110">
    <ele>5.0</ele>
    <time>2026-05-16T10:57:05Z</time>
   </trkpt>
   <trkpt lat="51.4764970" lon="-0.3051000">
    <ele>5.0</ele>
    <time>2026-05-16T10:57:06Z</time>
   </trkpt>
   <trkpt lat="51.4765090" lon="-0.3050950">
    <ele>5.0</ele>
    <time>2026-05-16T10:57:07Z</time>
   </trkpt>
   <trkpt lat="51.4765210" lon="-0.3050850">
    <ele>5.0</ele>
    <time>2026-05-16T10:57:08Z</time>
   </trkpt>
   <trkpt lat="51.4765330" lon="-0.3050740">
    <ele>5.0</ele>
    <time>2026-05-16T10:57:09Z</time>
   </trkpt>
   <trkpt lat="51.4765460" lon="-0.3050610">
    <ele>5.0</ele>
    <time>2026-05-16T10:57:10Z</time>
   </trkpt>
   <trkpt lat="51.4765580" lon="-0.3050480">
    <ele>5.0</ele>
    <time>2026-05-16T10:57:11Z</time>
   </trkpt>
   <trkpt lat="51.4765700" lon="-0.3050370">
    <ele>5.0</ele>
    <time>2026-05-16T10:57:12Z</time>
   </trkpt>
   <trkpt lat="51.4765820" lon="-0.3050260">
    <ele>5.0</ele>
    <time>2026-05-16T10:57:13Z</time>
   </trkpt>
   <trkpt lat="51.4765940" lon="-0.3050160">
    <ele>5.0</ele>
    <time>2026-05-16T10:57:14Z</time>
   </trkpt>
   <trkpt lat="51.4766060" lon="-0.3050050">
    <ele>5.0</ele>
    <time>2026-05-16T10:57:15Z</time>
   </trkpt>
   <trkpt lat="51.4766180" lon="-0.3050000">
    <ele>4.9</ele>
    <time>2026-05-16T10:57:16Z</time>
   </trkpt>
   <trkpt lat="51.4766280" lon="-0.3049910">
    <ele>4.9</ele>
    <time>2026-05-16T10:57:17Z</time>
   </trkpt>
   <trkpt lat="51.4766380" lon="-0.3049810">
    <ele>4.9</ele>
    <time>2026-05-16T10:57:18Z</time>
   </trkpt>
   <trkpt lat="51.4766550" lon="-0.3049650">
    <ele>4.9</ele>
    <time>2026-05-16T10:57:19Z</time>
   </trkpt>
   <trkpt lat="51.4766610" lon="-0.3049570">
    <ele>4.9</ele>
    <time>2026-05-16T10:57:20Z</time>
   </trkpt>
   <trkpt lat="51.4766680" lon="-0.3049490">
    <ele>4.9</ele>
    <time>2026-05-16T10:57:21Z</time>
   </trkpt>
   <trkpt lat="51.4766810" lon="-0.3049390">
    <ele>4.9</ele>
    <time>2026-05-16T10:57:22Z</time>
   </trkpt>
   <trkpt lat="51.4766950" lon="-0.3049340">
    <ele>4.9</ele>
    <time>2026-05-16T10:57:23Z</time>
   </trkpt>
   <trkpt lat="51.4767080" lon="-0.3049260">
    <ele>4.9</ele>
    <time>2026-05-16T10:57:24Z</time>
   </trkpt>
   <trkpt lat="51.4767190" lon="-0.3049090">
    <ele>4.9</ele>
    <time>2026-05-16T10:57:25Z</time>
   </trkpt>
   <trkpt lat="51.4767360" lon="-0.3048910">
    <ele>4.9</ele>
    <time>2026-05-16T10:57:26Z</time>
   </trkpt>
   <trkpt lat="51.4767430" lon="-0.3048840">
    <ele>4.9</ele>
    <time>2026-05-16T10:57:27Z</time>
   </trkpt>
   <trkpt lat="51.4767500" lon="-0.3048760">
    <ele>4.9</ele>
    <time>2026-05-16T10:57:28Z</time>
   </trkpt>
   <trkpt lat="51.4767620" lon="-0.3048670">
    <ele>4.9</ele>
    <time>2026-05-16T10:57:29Z</time>
   </trkpt>
   <trkpt lat="51.4767720" lon="-0.3048610">
    <ele>4.9</ele>
    <time>2026-05-16T10:57:30Z</time>
   </trkpt>
   <trkpt lat="51.4767820" lon="-0.3048500">
    <ele>4.9</ele>
    <time>2026-05-16T10:57:31Z</time>
   </trkpt>
   <trkpt lat="51.4767940" lon="-0.3048380">
    <ele>4.9</ele>
    <time>2026-05-16T10:57:32Z</time>
   </trkpt>
   <trkpt lat="51.4768030" lon="-0.3048260">
    <ele>4.9</ele>
    <time>2026-05-16T10:57:33Z</time>
   </trkpt>
   <trkpt lat="51.4768100" lon="-0.3048130">
    <ele>4.9</ele>
    <time>2026-05-16T10:57:34Z</time>
   </trkpt>
   <trkpt lat="51.4768210" lon="-0.3048060">
    <ele>4.9</ele>
    <time>2026-05-16T10:57:35Z</time>
   </trkpt>
   <trkpt lat="51.4768290" lon="-0.3047950">
    <ele>4.9</ele>
    <time>2026-05-16T10:57:36Z</time>
   </trkpt>
   <trkpt lat="51.4768410" lon="-0.3047860">
    <ele>4.9</ele>
    <time>2026-05-16T10:57:37Z</time>
   </trkpt>
   <trkpt lat="51.4768530" lon="-0.3047720">
    <ele>4.9</ele>
    <time>2026-05-16T10:57:38Z</time>
   </trkpt>
   <trkpt lat="51.4768650" lon="-0.3047590">
    <ele>4.9</ele>
    <time>2026-05-16T10:57:39Z</time>
   </trkpt>
   <trkpt lat="51.4768780" lon="-0.3047480">
    <ele>4.9</ele>
    <time>2026-05-16T10:57:40Z</time>
   </trkpt>
   <trkpt lat="51.4768880" lon="-0.3047380">
    <ele>4.9</ele>
    <time>2026-05-16T10:57:41Z</time>
   </trkpt>
   <trkpt lat="51.4768990" lon="-0.3047220">
    <ele>4.9</ele>
    <time>2026-05-16T10:57:42Z</time>
   </trkpt>
   <trkpt lat="51.4769100" lon="-0.3047120">
    <ele>4.9</ele>
    <time>2026-05-16T10:57:43Z</time>
   </trkpt>
   <trkpt lat="51.4769210" lon="-0.3047010">
    <ele>4.9</ele>
    <time>2026-05-16T10:57:44Z</time>
   </trkpt>
   <trkpt lat="51.4769320" lon="-0.3046930">
    <ele>4.9</ele>
    <time>2026-05-16T10:57:45Z</time>
   </trkpt>
   <trkpt lat="51.4769390" lon="-0.3046850">
    <ele>4.9</ele>
    <time>2026-05-16T10:57:46Z</time>
   </trkpt>
   <trkpt lat="51.4769420" lon="-0.3046780">
    <ele>4.9</ele>
    <time>2026-05-16T10:57:47Z</time>
   </trkpt>
   <trkpt lat="51.4769450" lon="-0.3046580">
    <ele>4.9</ele>
    <time>2026-05-16T10:57:48Z</time>
   </trkpt>
   <trkpt lat="51.4769520" lon="-0.3046430">
    <ele>4.9</ele>
    <time>2026-05-16T10:57:49Z</time>
   </trkpt>
   <trkpt lat="51.4769730" lon="-0.3046370">
    <ele>4.9</ele>
    <time>2026-05-16T10:57:50Z</time>
   </trkpt>
   <trkpt lat="51.4769810" lon="-0.3046330">
    <ele>4.9</ele>
    <time>2026-05-16T10:57:51Z</time>
   </trkpt>
   <trkpt lat="51.4769900" lon="-0.3046290">
    <ele>4.9</ele>
    <time>2026-05-16T10:57:52Z</time>
   </trkpt>
   <trkpt lat="51.4769980" lon="-0.3046180">
    <ele>4.9</ele>
    <time>2026-05-16T10:57:53Z</time>
   </trkpt>
   <trkpt lat="51.4770140" lon="-0.3046040">
    <ele>4.9</ele>
    <time>2026-05-16T10:57:54Z</time>
   </trkpt>
   <trkpt lat="51.4770300" lon="-0.3045940">
    <ele>4.9</ele>
    <time>2026-05-16T10:57:55Z</time>
   </trkpt>
   <trkpt lat="51.4770410" lon="-0.3045850">
    <ele>4.9</ele>
    <time>2026-05-16T10:57:56Z</time>
   </trkpt>
   <trkpt lat="51.4770510" lon="-0.3045770">
    <ele>4.9</ele>
    <time>2026-05-16T10:57:57Z</time>
   </trkpt>
   <trkpt lat="51.4770690" lon="-0.3045630">
    <ele>4.9</ele>
    <time>2026-05-16T10:57:58Z</time>
   </trkpt>
   <trkpt lat="51.4770820" lon="-0.3045500">
    <ele>4.9</ele>
    <time>2026-05-16T10:57:59Z</time>
   </trkpt>
   <trkpt lat="51.4770950" lon="-0.3045340">
    <ele>4.9</ele>
    <time>2026-05-16T10:58:00Z</time>
   </trkpt>
   <trkpt lat="51.4771090" lon="-0.3045220">
    <ele>4.9</ele>
    <time>2026-05-16T10:58:01Z</time>
   </trkpt>
   <trkpt lat="51.4771220" lon="-0.3045090">
    <ele>4.9</ele>
    <time>2026-05-16T10:58:02Z</time>
   </trkpt>
   <trkpt lat="51.4771360" lon="-0.3045000">
    <ele>4.9</ele>
    <time>2026-05-16T10:58:03Z</time>
   </trkpt>
   <trkpt lat="51.4771490" lon="-0.3044880">
    <ele>4.9</ele>
    <time>2026-05-16T10:58:04Z</time>
   </trkpt>
   <trkpt lat="51.4771590" lon="-0.3044740">
    <ele>4.9</ele>
    <time>2026-05-16T10:58:05Z</time>
   </trkpt>
   <trkpt lat="51.4771630" lon="-0.3044690">
    <ele>4.9</ele>
    <time>2026-05-16T10:58:06Z</time>
   </trkpt>
   <trkpt lat="51.4771670" lon="-0.3044600">
    <ele>4.9</ele>
    <time>2026-05-16T10:58:07Z</time>
   </trkpt>
   <trkpt lat="51.4771790" lon="-0.3044400">
    <ele>4.9</ele>
    <time>2026-05-16T10:58:08Z</time>
   </trkpt>
   <trkpt lat="51.4771960" lon="-0.3044230">
    <ele>4.9</ele>
    <time>2026-05-16T10:58:09Z</time>
   </trkpt>
   <trkpt lat="51.4772050" lon="-0.3044170">
    <ele>4.9</ele>
    <time>2026-05-16T10:58:11Z</time>
   </trkpt>
   <trkpt lat="51.4772130" lon="-0.3044120">
    <ele>4.9</ele>
    <time>2026-05-16T10:58:12Z</time>
   </trkpt>
   <trkpt lat="51.4772250" lon="-0.3044020">
    <ele>4.9</ele>
    <time>2026-05-16T10:58:13Z</time>
   </trkpt>
   <trkpt lat="51.4772370" lon="-0.3043920">
    <ele>4.9</ele>
    <time>2026-05-16T10:58:14Z</time>
   </trkpt>
   <trkpt lat="51.4772520" lon="-0.3043810">
    <ele>4.9</ele>
    <time>2026-05-16T10:58:15Z</time>
   </trkpt>
   <trkpt lat="51.4772680" lon="-0.3043660">
    <ele>4.9</ele>
    <time>2026-05-16T10:58:16Z</time>
   </trkpt>
   <trkpt lat="51.4772770" lon="-0.3043540">
    <ele>4.9</ele>
    <time>2026-05-16T10:58:17Z</time>
   </trkpt>
   <trkpt lat="51.4772920" lon="-0.3043410">
    <ele>4.9</ele>
    <time>2026-05-16T10:58:18Z</time>
   </trkpt>
   <trkpt lat="51.4773080" lon="-0.3043270">
    <ele>4.9</ele>
    <time>2026-05-16T10:58:19Z</time>
   </trkpt>
   <trkpt lat="51.4773170" lon="-0.3043180">
    <ele>4.9</ele>
    <time>2026-05-16T10:58:20Z</time>
   </trkpt>
   <trkpt lat="51.4773270" lon="-0.3043100">
    <ele>4.9</ele>
    <time>2026-05-16T10:58:21Z</time>
   </trkpt>
   <trkpt lat="51.4773340" lon="-0.3043060">
    <ele>4.9</ele>
    <time>2026-05-16T10:58:22Z</time>
   </trkpt>
   <trkpt lat="51.4773480" lon="-0.3043000">
    <ele>4.9</ele>
    <time>2026-05-16T10:58:23Z</time>
   </trkpt>
   <trkpt lat="51.4773580" lon="-0.3042850">
    <ele>4.9</ele>
    <time>2026-05-16T10:58:24Z</time>
   </trkpt>
   <trkpt lat="51.4773840" lon="-0.3042650">
    <ele>4.9</ele>
    <time>2026-05-16T10:58:25Z</time>
   </trkpt>
   <trkpt lat="51.4773930" lon="-0.3042600">
    <ele>4.9</ele>
    <time>2026-05-16T10:58:26Z</time>
   </trkpt>
   <trkpt lat="51.4774050" lon="-0.3042540">
    <ele>4.9</ele>
    <time>2026-05-16T10:58:27Z</time>
   </trkpt>
   <trkpt lat="51.4774110" lon="-0.3042480">
    <ele>4.9</ele>
    <time>2026-05-16T10:58:28Z</time>
   </trkpt>
   <trkpt lat="51.4774260" lon="-0.3042410">
    <ele>4.9</ele>
    <time>2026-05-16T10:58:29Z</time>
   </trkpt>
   <trkpt lat="51.4774380" lon="-0.3042280">
    <ele>4.9</ele>
    <time>2026-05-16T10:58:30Z</time>
   </trkpt>
   <trkpt lat="51.4774500" lon="-0.3042190">
    <ele>4.9</ele>
    <time>2026-05-16T10:58:31Z</time>
   </trkpt>
   <trkpt lat="51.4774620" lon="-0.3042080">
    <ele>4.9</ele>
    <time>2026-05-16T10:58:32Z</time>
   </trkpt>
   <trkpt lat="51.4774780" lon="-0.3041920">
    <ele>4.9</ele>
    <time>2026-05-16T10:58:33Z</time>
   </trkpt>
   <trkpt lat="51.4774950" lon="-0.3041790">
    <ele>4.9</ele>
    <time>2026-05-16T10:58:34Z</time>
   </trkpt>
   <trkpt lat="51.4775100" lon="-0.3041650">
    <ele>4.9</ele>
    <time>2026-05-16T10:58:35Z</time>
   </trkpt>
   <trkpt lat="51.4775230" lon="-0.3041520">
    <ele>4.9</ele>
    <time>2026-05-16T10:58:36Z</time>
   </trkpt>
   <trkpt lat="51.4775360" lon="-0.3041380">
    <ele>4.9</ele>
    <time>2026-05-16T10:58:37Z</time>
   </trkpt>
   <trkpt lat="51.4775550" lon="-0.3041200">
    <ele>4.9</ele>
    <time>2026-05-16T10:58:38Z</time>
   </trkpt>
   <trkpt lat="51.4775620" lon="-0.3041110">
    <ele>4.9</ele>
    <time>2026-05-16T10:58:39Z</time>
   </trkpt>
   <trkpt lat="51.4775690" lon="-0.3041030">
    <ele>4.9</ele>
    <time>2026-05-16T10:58:40Z</time>
   </trkpt>
   <trkpt lat="51.4775780" lon="-0.3040960">
    <ele>4.9</ele>
    <time>2026-05-16T10:58:41Z</time>
   </trkpt>
   <trkpt lat="51.4775890" lon="-0.3040860">
    <ele>4.9</ele>
    <time>2026-05-16T10:58:42Z</time>
   </trkpt>
   <trkpt lat="51.4776000" lon="-0.3040760">
    <ele>4.9</ele>
    <time>2026-05-16T10:58:43Z</time>
   </trkpt>
   <trkpt lat="51.4776140" lon="-0.3040680">
    <ele>4.9</ele>
    <time>2026-05-16T10:58:44Z</time>
   </trkpt>
   <trkpt lat="51.4776270" lon="-0.3040560">
    <ele>4.9</ele>
    <time>2026-05-16T10:58:45Z</time>
   </trkpt>
   <trkpt lat="51.4776380" lon="-0.3040440">
    <ele>4.9</ele>
    <time>2026-05-16T10:58:46Z</time>
   </trkpt>
   <trkpt lat="51.4776490" lon="-0.3040250">
    <ele>4.9</ele>
    <time>2026-05-16T10:58:47Z</time>
   </trkpt>
   <trkpt lat="51.4776670" lon="-0.3040040">
    <ele>4.9</ele>
    <time>2026-05-16T10:58:48Z</time>
   </trkpt>
   <trkpt lat="51.4776730" lon="-0.3039960">
    <ele>4.9</ele>
    <time>2026-05-16T10:58:49Z</time>
   </trkpt>
   <trkpt lat="51.4776800" lon="-0.3039870">
    <ele>4.9</ele>
    <time>2026-05-16T10:58:50Z</time>
   </trkpt>
   <trkpt lat="51.4777080" lon="-0.3039760">
    <ele>4.9</ele>
    <time>2026-05-16T10:58:51Z</time>
   </trkpt>
   <trkpt lat="51.4777200" lon="-0.3039690">
    <ele>4.9</ele>
    <time>2026-05-16T10:58:52Z</time>
   </trkpt>
   <trkpt lat="51.4777270" lon="-0.3039600">
    <ele>4.9</ele>
    <time>2026-05-16T10:58:53Z</time>
   </trkpt>
   <trkpt lat="51.4777370" lon="-0.3039520">
    <ele>4.9</ele>
    <time>2026-05-16T10:58:54Z</time>
   </trkpt>
   <trkpt lat="51.4777520" lon="-0.3039420">
    <ele>4.9</ele>
    <time>2026-05-16T10:58:55Z</time>
   </trkpt>
   <trkpt lat="51.4777620" lon="-0.3039280">
    <ele>4.9</ele>
    <time>2026-05-16T10:58:56Z</time>
   </trkpt>
   <trkpt lat="51.4777740" lon="-0.3039160">
    <ele>4.9</ele>
    <time>2026-05-16T10:58:57Z</time>
   </trkpt>
   <trkpt lat="51.4777860" lon="-0.3039060">
    <ele>4.9</ele>
    <time>2026-05-16T10:58:58Z</time>
   </trkpt>
   <trkpt lat="51.4777990" lon="-0.3038950">
    <ele>4.9</ele>
    <time>2026-05-16T10:58:59Z</time>
   </trkpt>
   <trkpt lat="51.4778100" lon="-0.3038790">
    <ele>4.9</ele>
    <time>2026-05-16T10:59:00Z</time>
   </trkpt>
   <trkpt lat="51.4778220" lon="-0.3038710">
    <ele>4.9</ele>
    <time>2026-05-16T10:59:01Z</time>
   </trkpt>
   <trkpt lat="51.4778350" lon="-0.3038640">
    <ele>4.9</ele>
    <time>2026-05-16T10:59:02Z</time>
   </trkpt>
   <trkpt lat="51.4778570" lon="-0.3038510">
    <ele>4.9</ele>
    <time>2026-05-16T10:59:03Z</time>
   </trkpt>
   <trkpt lat="51.4778640" lon="-0.3038440">
    <ele>4.9</ele>
    <time>2026-05-16T10:59:04Z</time>
   </trkpt>
   <trkpt lat="51.4778720" lon="-0.3038360">
    <ele>4.9</ele>
    <time>2026-05-16T10:59:05Z</time>
   </trkpt>
   <trkpt lat="51.4778890" lon="-0.3038150">
    <ele>4.9</ele>
    <time>2026-05-16T10:59:06Z</time>
   </trkpt>
   <trkpt lat="51.4778960" lon="-0.3038070">
    <ele>4.9</ele>
    <time>2026-05-16T10:59:07Z</time>
   </trkpt>
   <trkpt lat="51.4779030" lon="-0.3037990">
    <ele>4.9</ele>
    <time>2026-05-16T10:59:08Z</time>
   </trkpt>
   <trkpt lat="51.4779130" lon="-0.3037860">
    <ele>4.9</ele>
    <time>2026-05-16T10:59:09Z</time>
   </trkpt>
   <trkpt lat="51.4779230" lon="-0.3037790">
    <ele>4.9</ele>
    <time>2026-05-16T10:59:10Z</time>
   </trkpt>
   <trkpt lat="51.4779310" lon="-0.3037650">
    <ele>4.9</ele>
    <time>2026-05-16T10:59:11Z</time>
   </trkpt>
   <trkpt lat="51.4779490" lon="-0.3037450">
    <ele>4.9</ele>
    <time>2026-05-16T10:59:12Z</time>
   </trkpt>
   <trkpt lat="51.4779570" lon="-0.3037340">
    <ele>4.9</ele>
    <time>2026-05-16T10:59:13Z</time>
   </trkpt>
   <trkpt lat="51.4779640" lon="-0.3037240">
    <ele>4.9</ele>
    <time>2026-05-16T10:59:14Z</time>
   </trkpt>
   <trkpt lat="51.4779740" lon="-0.3037070">
    <ele>4.9</ele>
    <time>2026-05-16T10:59:15Z</time>
   </trkpt>
   <trkpt lat="51.4779840" lon="-0.3036950">
    <ele>4.9</ele>
    <time>2026-05-16T10:59:16Z</time>
   </trkpt>
   <trkpt lat="51.4779960" lon="-0.3036820">
    <ele>5.0</ele>
    <time>2026-05-16T10:59:17Z</time>
   </trkpt>
   <trkpt lat="51.4780090" lon="-0.3036720">
    <ele>5.0</ele>
    <time>2026-05-16T10:59:18Z</time>
   </trkpt>
   <trkpt lat="51.4780170" lon="-0.3036550">
    <ele>5.0</ele>
    <time>2026-05-16T10:59:19Z</time>
   </trkpt>
   <trkpt lat="51.4780310" lon="-0.3036400">
    <ele>5.0</ele>
    <time>2026-05-16T10:59:20Z</time>
   </trkpt>
   <trkpt lat="51.4780440" lon="-0.3036330">
    <ele>5.0</ele>
    <time>2026-05-16T10:59:21Z</time>
   </trkpt>
   <trkpt lat="51.4780570" lon="-0.3036230">
    <ele>5.0</ele>
    <time>2026-05-16T10:59:22Z</time>
   </trkpt>
   <trkpt lat="51.4780730" lon="-0.3036170">
    <ele>5.0</ele>
    <time>2026-05-16T10:59:23Z</time>
   </trkpt>
   <trkpt lat="51.4780860" lon="-0.3036080">
    <ele>5.0</ele>
    <time>2026-05-16T10:59:24Z</time>
   </trkpt>
   <trkpt lat="51.4780980" lon="-0.3035970">
    <ele>5.0</ele>
    <time>2026-05-16T10:59:25Z</time>
   </trkpt>
   <trkpt lat="51.4781120" lon="-0.3035830">
    <ele>5.0</ele>
    <time>2026-05-16T10:59:26Z</time>
   </trkpt>
   <trkpt lat="51.4781240" lon="-0.3035710">
    <ele>5.0</ele>
    <time>2026-05-16T10:59:27Z</time>
   </trkpt>
   <trkpt lat="51.4781360" lon="-0.3035590">
    <ele>5.0</ele>
    <time>2026-05-16T10:59:28Z</time>
   </trkpt>
   <trkpt lat="51.4781470" lon="-0.3035460">
    <ele>5.0</ele>
    <time>2026-05-16T10:59:29Z</time>
   </trkpt>
   <trkpt lat="51.4781590" lon="-0.3035350">
    <ele>5.0</ele>
    <time>2026-05-16T10:59:30Z</time>
   </trkpt>
   <trkpt lat="51.4781730" lon="-0.3035250">
    <ele>5.0</ele>
    <time>2026-05-16T10:59:31Z</time>
   </trkpt>
   <trkpt lat="51.4781830" lon="-0.3035090">
    <ele>5.0</ele>
    <time>2026-05-16T10:59:32Z</time>
   </trkpt>
   <trkpt lat="51.4781920" lon="-0.3034900">
    <ele>5.0</ele>
    <time>2026-05-16T10:59:33Z</time>
   </trkpt>
   <trkpt lat="51.4782040" lon="-0.3034790">
    <ele>5.0</ele>
    <time>2026-05-16T10:59:34Z</time>
   </trkpt>
   <trkpt lat="51.4782170" lon="-0.3034710">
    <ele>5.0</ele>
    <time>2026-05-16T10:59:35Z</time>
   </trkpt>
   <trkpt lat="51.4782290" lon="-0.3034580">
    <ele>5.0</ele>
    <time>2026-05-16T10:59:36Z</time>
   </trkpt>
   <trkpt lat="51.4782390" lon="-0.3034440">
    <ele>5.0</ele>
    <time>2026-05-16T10:59:37Z</time>
   </trkpt>
   <trkpt lat="51.4782470" lon="-0.3034260">
    <ele>5.0</ele>
    <time>2026-05-16T10:59:38Z</time>
   </trkpt>
   <trkpt lat="51.4782600" lon="-0.3034170">
    <ele>5.0</ele>
    <time>2026-05-16T10:59:39Z</time>
   </trkpt>
   <trkpt lat="51.4782710" lon="-0.3034050">
    <ele>5.0</ele>
    <time>2026-05-16T10:59:40Z</time>
   </trkpt>
   <trkpt lat="51.4782870" lon="-0.3033840">
    <ele>5.0</ele>
    <time>2026-05-16T10:59:41Z</time>
   </trkpt>
   <trkpt lat="51.4782950" lon="-0.3033760">
    <ele>5.0</ele>
    <time>2026-05-16T10:59:42Z</time>
   </trkpt>
   <trkpt lat="51.4783020" lon="-0.3033670">
    <ele>5.0</ele>
    <time>2026-05-16T10:59:43Z</time>
   </trkpt>
   <trkpt lat="51.4783180" lon="-0.3033400">
    <ele>5.0</ele>
    <time>2026-05-16T10:59:44Z</time>
   </trkpt>
   <trkpt lat="51.4783250" lon="-0.3033310">
    <ele>5.0</ele>
    <time>2026-05-16T10:59:45Z</time>
   </trkpt>
   <trkpt lat="51.4783320" lon="-0.3033220">
    <ele>5.0</ele>
    <time>2026-05-16T10:59:46Z</time>
   </trkpt>
   <trkpt lat="51.4783460" lon="-0.3033160">
    <ele>5.0</ele>
    <time>2026-05-16T10:59:47Z</time>
   </trkpt>
   <trkpt lat="51.4783590" lon="-0.3033050">
    <ele>5.0</ele>
    <time>2026-05-16T10:59:48Z</time>
   </trkpt>
   <trkpt lat="51.4783740" lon="-0.3032970">
    <ele>5.0</ele>
    <time>2026-05-16T10:59:49Z</time>
   </trkpt>
   <trkpt lat="51.4783860" lon="-0.3032850">
    <ele>5.0</ele>
    <time>2026-05-16T10:59:50Z</time>
   </trkpt>
   <trkpt lat="51.4783980" lon="-0.3032710">
    <ele>5.0</ele>
    <time>2026-05-16T10:59:51Z</time>
   </trkpt>
   <trkpt lat="51.4784100" lon="-0.3032640">
    <ele>5.0</ele>
    <time>2026-05-16T10:59:52Z</time>
   </trkpt>
   <trkpt lat="51.4784240" lon="-0.3032560">
    <ele>4.9</ele>
    <time>2026-05-16T10:59:53Z</time>
   </trkpt>
   <trkpt lat="51.4784360" lon="-0.3032410">
    <ele>4.9</ele>
    <time>2026-05-16T10:59:54Z</time>
   </trkpt>
   <trkpt lat="51.4784510" lon="-0.3032310">
    <ele>4.9</ele>
    <time>2026-05-16T10:59:55Z</time>
   </trkpt>
   <trkpt lat="51.4784660" lon="-0.3032260">
    <ele>4.9</ele>
    <time>2026-05-16T10:59:56Z</time>
   </trkpt>
   <trkpt lat="51.4784780" lon="-0.3032150">
    <ele>4.9</ele>
    <time>2026-05-16T10:59:57Z</time>
   </trkpt>
   <trkpt lat="51.4784930" lon="-0.3032050">
    <ele>4.9</ele>
    <time>2026-05-16T10:59:58Z</time>
   </trkpt>
   <trkpt lat="51.4785010" lon="-0.3031870">
    <ele>4.9</ele>
    <time>2026-05-16T10:59:59Z</time>
   </trkpt>
   <trkpt lat="51.4785110" lon="-0.3031710">
    <ele>4.9</ele>
    <time>2026-05-16T11:00:00Z</time>
   </trkpt>
   <trkpt lat="51.4785280" lon="-0.3031640">
    <ele>4.9</ele>
    <time>2026-05-16T11:00:01Z</time>
   </trkpt>
   <trkpt lat="51.4785400" lon="-0.3031530">
    <ele>4.9</ele>
    <time>2026-05-16T11:00:02Z</time>
   </trkpt>
   <trkpt lat="51.4785590" lon="-0.3031380">
    <ele>4.9</ele>
    <time>2026-05-16T11:00:03Z</time>
   </trkpt>
   <trkpt lat="51.4785680" lon="-0.3031330">
    <ele>4.9</ele>
    <time>2026-05-16T11:00:04Z</time>
   </trkpt>
   <trkpt lat="51.4785770" lon="-0.3031270">
    <ele>5.0</ele>
    <time>2026-05-16T11:00:05Z</time>
   </trkpt>
   <trkpt lat="51.4785900" lon="-0.3031160">
    <ele>5.0</ele>
    <time>2026-05-16T11:00:06Z</time>
   </trkpt>
   <trkpt lat="51.4786020" lon="-0.3031060">
    <ele>5.0</ele>
    <time>2026-05-16T11:00:07Z</time>
   </trkpt>
   <trkpt lat="51.4786210" lon="-0.3030860">
    <ele>5.0</ele>
    <time>2026-05-16T11:00:08Z</time>
   </trkpt>
   <trkpt lat="51.4786290" lon="-0.3030800">
    <ele>5.0</ele>
    <time>2026-05-16T11:00:09Z</time>
   </trkpt>
   <trkpt lat="51.4786370" lon="-0.3030740">
    <ele>5.0</ele>
    <time>2026-05-16T11:00:10Z</time>
   </trkpt>
   <trkpt lat="51.4786490" lon="-0.3030660">
    <ele>5.0</ele>
    <time>2026-05-16T11:00:11Z</time>
   </trkpt>
   <trkpt lat="51.4786580" lon="-0.3030560">
    <ele>5.0</ele>
    <time>2026-05-16T11:00:12Z</time>
   </trkpt>
   <trkpt lat="51.4786690" lon="-0.3030450">
    <ele>5.0</ele>
    <time>2026-05-16T11:00:13Z</time>
   </trkpt>
   <trkpt lat="51.4786810" lon="-0.3030350">
    <ele>5.0</ele>
    <time>2026-05-16T11:00:14Z</time>
   </trkpt>
   <trkpt lat="51.4786940" lon="-0.3030240">
    <ele>5.0</ele>
    <time>2026-05-16T11:00:15Z</time>
   </trkpt>
   <trkpt lat="51.4787060" lon="-0.3030110">
    <ele>5.0</ele>
    <time>2026-05-16T11:00:17Z</time>
   </trkpt>
   <trkpt lat="51.4787170" lon="-0.3029980">
    <ele>5.0</ele>
    <time>2026-05-16T11:00:18Z</time>
   </trkpt>
   <trkpt lat="51.4787280" lon="-0.3029870">
    <ele>5.0</ele>
    <time>2026-05-16T11:00:19Z</time>
   </trkpt>
   <trkpt lat="51.4787400" lon="-0.3029740">
    <ele>5.0</ele>
    <time>2026-05-16T11:00:20Z</time>
   </trkpt>
   <trkpt lat="51.4787590" lon="-0.3029590">
    <ele>5.0</ele>
    <time>2026-05-16T11:00:21Z</time>
   </trkpt>
   <trkpt lat="51.4787670" lon="-0.3029510">
    <ele>5.0</ele>
    <time>2026-05-16T11:00:22Z</time>
   </trkpt>
   <trkpt lat="51.4787750" lon="-0.3029440">
    <ele>5.0</ele>
    <time>2026-05-16T11:00:23Z</time>
   </trkpt>
   <trkpt lat="51.4787870" lon="-0.3029340">
    <ele>5.0</ele>
    <time>2026-05-16T11:00:24Z</time>
   </trkpt>
   <trkpt lat="51.4787970" lon="-0.3029170">
    <ele>5.0</ele>
    <time>2026-05-16T11:00:25Z</time>
   </trkpt>
   <trkpt lat="51.4788140" lon="-0.3028970">
    <ele>5.0</ele>
    <time>2026-05-16T11:00:26Z</time>
   </trkpt>
   <trkpt lat="51.4788190" lon="-0.3028880">
    <ele>5.0</ele>
    <time>2026-05-16T11:00:27Z</time>
   </trkpt>
   <trkpt lat="51.4788250" lon="-0.3028790">
    <ele>5.0</ele>
    <time>2026-05-16T11:00:28Z</time>
   </trkpt>
   <trkpt lat="51.4788430" lon="-0.3028590">
    <ele>5.0</ele>
    <time>2026-05-16T11:00:29Z</time>
   </trkpt>
   <trkpt lat="51.4788510" lon="-0.3028530">
    <ele>5.0</ele>
    <time>2026-05-16T11:00:30Z</time>
   </trkpt>
   <trkpt lat="51.4788580" lon="-0.3028460">
    <ele>5.0</ele>
    <time>2026-05-16T11:00:31Z</time>
   </trkpt>
   <trkpt lat="51.4788610" lon="-0.3028300">
    <ele>5.0</ele>
    <time>2026-05-16T11:00:32Z</time>
   </trkpt>
   <trkpt lat="51.4788720" lon="-0.3028220">
    <ele>5.0</ele>
    <time>2026-05-16T11:00:33Z</time>
   </trkpt>
   <trkpt lat="51.4788850" lon="-0.3028150">
    <ele>5.0</ele>
    <time>2026-05-16T11:00:34Z</time>
   </trkpt>
   <trkpt lat="51.4789030" lon="-0.3027980">
    <ele>5.0</ele>
    <time>2026-05-16T11:00:35Z</time>
   </trkpt>
   <trkpt lat="51.4789110" lon="-0.3027920">
    <ele>5.0</ele>
    <time>2026-05-16T11:00:36Z</time>
   </trkpt>
   <trkpt lat="51.4789180" lon="-0.3027860">
    <ele>5.0</ele>
    <time>2026-05-16T11:00:37Z</time>
   </trkpt>
   <trkpt lat="51.4789340" lon="-0.3027630">
    <ele>5.0</ele>
    <time>2026-05-16T11:00:38Z</time>
   </trkpt>
   <trkpt lat="51.4789400" lon="-0.3027540">
    <ele>5.0</ele>
    <time>2026-05-16T11:00:39Z</time>
   </trkpt>
   <trkpt lat="51.4789460" lon="-0.3027450">
    <ele>5.0</ele>
    <time>2026-05-16T11:00:40Z</time>
   </trkpt>
   <trkpt lat="51.4789540" lon="-0.3027310">
    <ele>5.0</ele>
    <time>2026-05-16T11:00:41Z</time>
   </trkpt>
   <trkpt lat="51.4789660" lon="-0.3027160">
    <ele>5.0</ele>
    <time>2026-05-16T11:00:42Z</time>
   </trkpt>
   <trkpt lat="51.4789760" lon="-0.3026970">
    <ele>5.0</ele>
    <time>2026-05-16T11:00:43Z</time>
   </trkpt>
   <trkpt lat="51.4789880" lon="-0.3026830">
    <ele>5.0</ele>
    <time>2026-05-16T11:00:44Z</time>
   </trkpt>
   <trkpt lat="51.4790070" lon="-0.3026710">
    <ele>5.0</ele>
    <time>2026-05-16T11:00:45Z</time>
   </trkpt>
   <trkpt lat="51.4790200" lon="-0.3026610">
    <ele>5.0</ele>
    <time>2026-05-16T11:00:46Z</time>
   </trkpt>
   <trkpt lat="51.4790350" lon="-0.3026550">
    <ele>5.0</ele>
    <time>2026-05-16T11:00:47Z</time>
   </trkpt>
   <trkpt lat="51.4790480" lon="-0.3026470">
    <ele>5.0</ele>
    <time>2026-05-16T11:00:48Z</time>
   </trkpt>
   <trkpt lat="51.4790600" lon="-0.3026340">
    <ele>5.0</ele>
    <time>2026-05-16T11:00:49Z</time>
   </trkpt>
   <trkpt lat="51.4790700" lon="-0.3026290">
    <ele>5.0</ele>
    <time>2026-05-16T11:00:50Z</time>
   </trkpt>
   <trkpt lat="51.4790770" lon="-0.3026150">
    <ele>5.0</ele>
    <time>2026-05-16T11:00:51Z</time>
   </trkpt>
   <trkpt lat="51.4790840" lon="-0.3025880">
    <ele>5.0</ele>
    <time>2026-05-16T11:00:52Z</time>
   </trkpt>
   <trkpt lat="51.4790890" lon="-0.3025800">
    <ele>5.0</ele>
    <time>2026-05-16T11:00:53Z</time>
   </trkpt>
   <trkpt lat="51.4790950" lon="-0.3025730">
    <ele>5.0</ele>
    <time>2026-05-16T11:00:54Z</time>
   </trkpt>
   <trkpt lat="51.4791000" lon="-0.3025650">
    <ele>5.0</ele>
    <time>2026-05-16T11:00:55Z</time>
   </trkpt>
   <trkpt lat="51.4791060" lon="-0.3025570">
    <ele>5.0</ele>
    <time>2026-05-16T11:00:56Z</time>
   </trkpt>
   <trkpt lat="51.4791110" lon="-0.3025490">
    <ele>5.0</ele>
    <time>2026-05-16T11:00:57Z</time>
   </trkpt>
   <trkpt lat="51.4791290" lon="-0.3025300">
    <ele>5.0</ele>
    <time>2026-05-16T11:00:58Z</time>
   </trkpt>
   <trkpt lat="51.4791380" lon="-0.3025260">
    <ele>5.0</ele>
    <time>2026-05-16T11:00:59Z</time>
   </trkpt>
   <trkpt lat="51.4791460" lon="-0.3025230">
    <ele>5.0</ele>
    <time>2026-05-16T11:01:00Z</time>
   </trkpt>
   <trkpt lat="51.4791550" lon="-0.3025160">
    <ele>5.0</ele>
    <time>2026-05-16T11:01:01Z</time>
   </trkpt>
   <trkpt lat="51.4791510" lon="-0.3025150">
    <ele>5.0</ele>
    <time>2026-05-16T11:01:02Z</time>
   </trkpt>
   <trkpt lat="51.4791590" lon="-0.3024940">
    <ele>5.0</ele>
    <time>2026-05-16T11:01:03Z</time>
   </trkpt>
   <trkpt lat="51.4791640" lon="-0.3024830">
    <ele>5.0</ele>
    <time>2026-05-16T11:01:04Z</time>
   </trkpt>
   <trkpt lat="51.4791790" lon="-0.3024730">
    <ele>5.0</ele>
    <time>2026-05-16T11:01:05Z</time>
   </trkpt>
   <trkpt lat="51.4791900" lon="-0.3024710">
    <ele>5.0</ele>
    <time>2026-05-16T11:01:06Z</time>
   </trkpt>
   <trkpt lat="51.4791950" lon="-0.3024630">
    <ele>5.0</ele>
    <time>2026-05-16T11:01:07Z</time>
   </trkpt>
   <trkpt lat="51.4792110" lon="-0.3024510">
    <ele>5.0</ele>
    <time>2026-05-16T11:01:08Z</time>
   </trkpt>
   <trkpt lat="51.4792210" lon="-0.3024470">
    <ele>5.0</ele>
    <time>2026-05-16T11:01:09Z</time>
   </trkpt>
   <trkpt lat="51.4792350" lon="-0.3024300">
    <ele>5.0</ele>
    <time>2026-05-16T11:01:10Z</time>
   </trkpt>
   <trkpt lat="51.4792430" lon="-0.3024210">
    <ele>5.0</ele>
    <time>2026-05-16T11:01:11Z</time>
   </trkpt>
   <trkpt lat="51.4792510" lon="-0.3024130">
    <ele>5.0</ele>
    <time>2026-05-16T11:01:12Z</time>
   </trkpt>
   <trkpt lat="51.4792650" lon="-0.3023990">
    <ele>5.0</ele>
    <time>2026-05-16T11:01:13Z</time>
   </trkpt>
   <trkpt lat="51.4792780" lon="-0.3023880">
    <ele>5.0</ele>
    <time>2026-05-16T11:01:14Z</time>
   </trkpt>
   <trkpt lat="51.4792950" lon="-0.3023690">
    <ele>5.0</ele>
    <time>2026-05-16T11:01:15Z</time>
   </trkpt>
   <trkpt lat="51.4793040" lon="-0.3023600">
    <ele>5.0</ele>
    <time>2026-05-16T11:01:16Z</time>
   </trkpt>
   <trkpt lat="51.4793130" lon="-0.3023510">
    <ele>5.0</ele>
    <time>2026-05-16T11:01:17Z</time>
   </trkpt>
   <trkpt lat="51.4793290" lon="-0.3023250">
    <ele>5.0</ele>
    <time>2026-05-16T11:01:18Z</time>
   </trkpt>
   <trkpt lat="51.4793350" lon="-0.3023150">
    <ele>5.0</ele>
    <time>2026-05-16T11:01:19Z</time>
   </trkpt>
   <trkpt lat="51.4793420" lon="-0.3023040">
    <ele>5.0</ele>
    <time>2026-05-16T11:01:20Z</time>
   </trkpt>
   <trkpt lat="51.4793530" lon="-0.3022920">
    <ele>5.0</ele>
    <time>2026-05-16T11:01:21Z</time>
   </trkpt>
   <trkpt lat="51.4793640" lon="-0.3022850">
    <ele>5.0</ele>
    <time>2026-05-16T11:01:22Z</time>
   </trkpt>
   <trkpt lat="51.4793740" lon="-0.3022810">
    <ele>5.0</ele>
    <time>2026-05-16T11:01:23Z</time>
   </trkpt>
   <trkpt lat="51.4793790" lon="-0.3022800">
    <ele>5.0</ele>
    <time>2026-05-16T11:01:24Z</time>
   </trkpt>
   <trkpt lat="51.4793810" lon="-0.3022610">
    <ele>5.0</ele>
    <time>2026-05-16T11:01:25Z</time>
   </trkpt>
   <trkpt lat="51.4793900" lon="-0.3022520">
    <ele>5.0</ele>
    <time>2026-05-16T11:01:26Z</time>
   </trkpt>
   <trkpt lat="51.4793970" lon="-0.3022380">
    <ele>5.0</ele>
    <time>2026-05-16T11:01:27Z</time>
   </trkpt>
   <trkpt lat="51.4794090" lon="-0.3022220">
    <ele>5.0</ele>
    <time>2026-05-16T11:01:28Z</time>
   </trkpt>
   <trkpt lat="51.4794170" lon="-0.3022200">
    <ele>5.0</ele>
    <time>2026-05-16T11:01:29Z</time>
   </trkpt>
   <trkpt lat="51.4794260" lon="-0.3022150">
    <ele>5.0</ele>
    <time>2026-05-16T11:01:30Z</time>
   </trkpt>
   <trkpt lat="51.4794370" lon="-0.3022000">
    <ele>5.0</ele>
    <time>2026-05-16T11:01:31Z</time>
   </trkpt>
   <trkpt lat="51.4794500" lon="-0.3021850">
    <ele>5.0</ele>
    <time>2026-05-16T11:01:32Z</time>
   </trkpt>
   <trkpt lat="51.4794570" lon="-0.3021770">
    <ele>5.0</ele>
    <time>2026-05-16T11:01:33Z</time>
   </trkpt>
   <trkpt lat="51.4794640" lon="-0.3021680">
    <ele>5.0</ele>
    <time>2026-05-16T11:01:34Z</time>
   </trkpt>
   <trkpt lat="51.4794730" lon="-0.3021550">
    <ele>5.0</ele>
    <time>2026-05-16T11:01:35Z</time>
   </trkpt>
   <trkpt lat="51.4794880" lon="-0.3021280">
    <ele>5.0</ele>
    <time>2026-05-16T11:01:36Z</time>
   </trkpt>
   <trkpt lat="51.4794950" lon="-0.3021190">
    <ele>5.0</ele>
    <time>2026-05-16T11:01:37Z</time>
   </trkpt>
   <trkpt lat="51.4795020" lon="-0.3021090">
    <ele>5.0</ele>
    <time>2026-05-16T11:01:38Z</time>
   </trkpt>
   <trkpt lat="51.4795150" lon="-0.3021000">
    <ele>5.0</ele>
    <time>2026-05-16T11:01:39Z</time>
   </trkpt>
   <trkpt lat="51.4795270" lon="-0.3020860">
    <ele>5.0</ele>
    <time>2026-05-16T11:01:40Z</time>
   </trkpt>
   <trkpt lat="51.4795410" lon="-0.3020650">
    <ele>5.0</ele>
    <time>2026-05-16T11:01:41Z</time>
   </trkpt>
   <trkpt lat="51.4795500" lon="-0.3020560">
    <ele>5.0</ele>
    <time>2026-05-16T11:01:42Z</time>
   </trkpt>
   <trkpt lat="51.4795580" lon="-0.3020460">
    <ele>5.0</ele>
    <time>2026-05-16T11:01:43Z</time>
   </trkpt>
   <trkpt lat="51.4795720" lon="-0.3020310">
    <ele>5.0</ele>
    <time>2026-05-16T11:01:44Z</time>
   </trkpt>
   <trkpt lat="51.4795860" lon="-0.3020110">
    <ele>5.0</ele>
    <time>2026-05-16T11:01:45Z</time>
   </trkpt>
   <trkpt lat="51.4796000" lon="-0.3019940">
    <ele>5.0</ele>
    <time>2026-05-16T11:01:46Z</time>
   </trkpt>
   <trkpt lat="51.4796120" lon="-0.3019810">
    <ele>5.0</ele>
    <time>2026-05-16T11:01:47Z</time>
   </trkpt>
   <trkpt lat="51.4796270" lon="-0.3019670">
    <ele>5.0</ele>
    <time>2026-05-16T11:01:48Z</time>
   </trkpt>
   <trkpt lat="51.4796430" lon="-0.3019580">
    <ele>5.0</ele>
    <time>2026-05-16T11:01:49Z</time>
   </trkpt>
   <trkpt lat="51.4796550" lon="-0.3019460">
    <ele>5.0</ele>
    <time>2026-05-16T11:01:50Z</time>
   </trkpt>
   <trkpt lat="51.4796690" lon="-0.3019360">
    <ele>5.0</ele>
    <time>2026-05-16T11:01:51Z</time>
   </trkpt>
   <trkpt lat="51.4796800" lon="-0.3019180">
    <ele>5.0</ele>
    <time>2026-05-16T11:01:52Z</time>
   </trkpt>
   <trkpt lat="51.4796890" lon="-0.3019000">
    <ele>5.0</ele>
    <time>2026-05-16T11:01:53Z</time>
   </trkpt>
   <trkpt lat="51.4797000" lon="-0.3018850">
    <ele>5.0</ele>
    <time>2026-05-16T11:01:54Z</time>
   </trkpt>
   <trkpt lat="51.4797120" lon="-0.3018740">
    <ele>5.0</ele>
    <time>2026-05-16T11:01:55Z</time>
   </trkpt>
   <trkpt lat="51.4797310" lon="-0.3018560">
    <ele>5.0</ele>
    <time>2026-05-16T11:01:56Z</time>
   </trkpt>
   <trkpt lat="51.4797390" lon="-0.3018500">
    <ele>4.9</ele>
    <time>2026-05-16T11:01:57Z</time>
   </trkpt>
   <trkpt lat="51.4797470" lon="-0.3018430">
    <ele>4.9</ele>
    <time>2026-05-16T11:01:58Z</time>
   </trkpt>
   <trkpt lat="51.4797580" lon="-0.3018340">
    <ele>4.9</ele>
    <time>2026-05-16T11:01:59Z</time>
   </trkpt>
   <trkpt lat="51.4797710" lon="-0.3018230">
    <ele>4.9</ele>
    <time>2026-05-16T11:02:00Z</time>
   </trkpt>
   <trkpt lat="51.4797860" lon="-0.3018140">
    <ele>4.9</ele>
    <time>2026-05-16T11:02:01Z</time>
   </trkpt>
   <trkpt lat="51.4797980" lon="-0.3017990">
    <ele>4.9</ele>
    <time>2026-05-16T11:02:02Z</time>
   </trkpt>
   <trkpt lat="51.4798090" lon="-0.3017810">
    <ele>4.9</ele>
    <time>2026-05-16T11:02:03Z</time>
   </trkpt>
   <trkpt lat="51.4798220" lon="-0.3017700">
    <ele>4.9</ele>
    <time>2026-05-16T11:02:04Z</time>
   </trkpt>
   <trkpt lat="51.4798360" lon="-0.3017590">
    <ele>4.9</ele>
    <time>2026-05-16T11:02:05Z</time>
   </trkpt>
   <trkpt lat="51.4798480" lon="-0.3017520">
    <ele>4.9</ele>
    <time>2026-05-16T11:02:06Z</time>
   </trkpt>
   <trkpt lat="51.4798600" lon="-0.3017390">
    <ele>4.9</ele>
    <time>2026-05-16T11:02:07Z</time>
   </trkpt>
   <trkpt lat="51.4798720" lon="-0.3017260">
    <ele>4.9</ele>
    <time>2026-05-16T11:02:08Z</time>
   </trkpt>
   <trkpt lat="51.4798910" lon="-0.3017060">
    <ele>4.9</ele>
    <time>2026-05-16T11:02:09Z</time>
   </trkpt>
   <trkpt lat="51.4798960" lon="-0.3016960">
    <ele>4.9</ele>
    <time>2026-05-16T11:02:10Z</time>
   </trkpt>
   <trkpt lat="51.4799010" lon="-0.3016850">
    <ele>4.9</ele>
    <time>2026-05-16T11:02:11Z</time>
   </trkpt>
   <trkpt lat="51.4799130" lon="-0.3016750">
    <ele>4.9</ele>
    <time>2026-05-16T11:02:12Z</time>
   </trkpt>
   <trkpt lat="51.4799190" lon="-0.3016640">
    <ele>4.9</ele>
    <time>2026-05-16T11:02:13Z</time>
   </trkpt>
   <trkpt lat="51.4799260" lon="-0.3016510">
    <ele>4.9</ele>
    <time>2026-05-16T11:02:14Z</time>
   </trkpt>
   <trkpt lat="51.4799360" lon="-0.3016370">
    <ele>4.9</ele>
    <time>2026-05-16T11:02:15Z</time>
   </trkpt>
   <trkpt lat="51.4799460" lon="-0.3016180">
    <ele>4.9</ele>
    <time>2026-05-16T11:02:16Z</time>
   </trkpt>
   <trkpt lat="51.4799630" lon="-0.3015960">
    <ele>4.9</ele>
    <time>2026-05-16T11:02:17Z</time>
   </trkpt>
   <trkpt lat="51.4799700" lon="-0.3015890">
    <ele>4.9</ele>
    <time>2026-05-16T11:02:18Z</time>
   </trkpt>
   <trkpt lat="51.4799770" lon="-0.3015810">
    <ele>4.9</ele>
    <time>2026-05-16T11:02:19Z</time>
   </trkpt>
   <trkpt lat="51.4799860" lon="-0.3015650">
    <ele>4.9</ele>
    <time>2026-05-16T11:02:20Z</time>
   </trkpt>
   <trkpt lat="51.4799980" lon="-0.3015590">
    <ele>4.9</ele>
    <time>2026-05-16T11:02:21Z</time>
   </trkpt>
   <trkpt lat="51.4800100" lon="-0.3015460">
    <ele>4.9</ele>
    <time>2026-05-16T11:02:23Z</time>
   </trkpt>
   <trkpt lat="51.4800180" lon="-0.3015300">
    <ele>4.9</ele>
    <time>2026-05-16T11:02:24Z</time>
   </trkpt>
   <trkpt lat="51.4800280" lon="-0.3015190">
    <ele>4.9</ele>
    <time>2026-05-16T11:02:25Z</time>
   </trkpt>
   <trkpt lat="51.4800340" lon="-0.3015060">
    <ele>4.9</ele>
    <time>2026-05-16T11:02:26Z</time>
   </trkpt>
   <trkpt lat="51.4800430" lon="-0.3014890">
    <ele>4.9</ele>
    <time>2026-05-16T11:02:27Z</time>
   </trkpt>
   <trkpt lat="51.4800560" lon="-0.3014770">
    <ele>4.8</ele>
    <time>2026-05-16T11:02:28Z</time>
   </trkpt>
   <trkpt lat="51.4800690" lon="-0.3014720">
    <ele>4.8</ele>
    <time>2026-05-16T11:02:29Z</time>
   </trkpt>
   <trkpt lat="51.4800830" lon="-0.3014610">
    <ele>4.8</ele>
    <time>2026-05-16T11:02:30Z</time>
   </trkpt>
   <trkpt lat="51.4800950" lon="-0.3014520">
    <ele>4.8</ele>
    <time>2026-05-16T11:02:31Z</time>
   </trkpt>
   <trkpt lat="51.4801050" lon="-0.3014360">
    <ele>4.8</ele>
    <time>2026-05-16T11:02:32Z</time>
   </trkpt>
   <trkpt lat="51.4801160" lon="-0.3014170">
    <ele>4.8</ele>
    <time>2026-05-16T11:02:33Z</time>
   </trkpt>
   <trkpt lat="51.4801290" lon="-0.3014070">
    <ele>4.8</ele>
    <time>2026-05-16T11:02:34Z</time>
   </trkpt>
   <trkpt lat="51.4801410" lon="-0.3013940">
    <ele>4.8</ele>
    <time>2026-05-16T11:02:35Z</time>
   </trkpt>
   <trkpt lat="51.4801520" lon="-0.3013780">
    <ele>4.8</ele>
    <time>2026-05-16T11:02:36Z</time>
   </trkpt>
   <trkpt lat="51.4801650" lon="-0.3013680">
    <ele>4.8</ele>
    <time>2026-05-16T11:02:37Z</time>
   </trkpt>
   <trkpt lat="51.4801760" lon="-0.3013560">
    <ele>4.8</ele>
    <time>2026-05-16T11:02:38Z</time>
   </trkpt>
   <trkpt lat="51.4801870" lon="-0.3013410">
    <ele>4.8</ele>
    <time>2026-05-16T11:02:39Z</time>
   </trkpt>
   <trkpt lat="51.4801980" lon="-0.3013280">
    <ele>4.8</ele>
    <time>2026-05-16T11:02:40Z</time>
   </trkpt>
   <trkpt lat="51.4802160" lon="-0.3013080">
    <ele>4.8</ele>
    <time>2026-05-16T11:02:41Z</time>
   </trkpt>
   <trkpt lat="51.4802240" lon="-0.3013010">
    <ele>4.8</ele>
    <time>2026-05-16T11:02:42Z</time>
   </trkpt>
   <trkpt lat="51.4802310" lon="-0.3012940">
    <ele>4.8</ele>
    <time>2026-05-16T11:02:43Z</time>
   </trkpt>
   <trkpt lat="51.4802410" lon="-0.3012790">
    <ele>4.8</ele>
    <time>2026-05-16T11:02:44Z</time>
   </trkpt>
   <trkpt lat="51.4802510" lon="-0.3012630">
    <ele>4.8</ele>
    <time>2026-05-16T11:02:45Z</time>
   </trkpt>
   <trkpt lat="51.4802670" lon="-0.3012410">
    <ele>4.8</ele>
    <time>2026-05-16T11:02:46Z</time>
   </trkpt>
   <trkpt lat="51.4802740" lon="-0.3012330">
    <ele>4.8</ele>
    <time>2026-05-16T11:02:47Z</time>
   </trkpt>
   <trkpt lat="51.4802800" lon="-0.3012250">
    <ele>4.8</ele>
    <time>2026-05-16T11:02:48Z</time>
   </trkpt>
   <trkpt lat="51.4802970" lon="-0.3012010">
    <ele>4.7</ele>
    <time>2026-05-16T11:02:49Z</time>
   </trkpt>
   <trkpt lat="51.4803020" lon="-0.3011880">
    <ele>4.7</ele>
    <time>2026-05-16T11:02:50Z</time>
   </trkpt>
   <trkpt lat="51.4803080" lon="-0.3011740">
    <ele>4.7</ele>
    <time>2026-05-16T11:02:51Z</time>
   </trkpt>
   <trkpt lat="51.4803220" lon="-0.3011490">
    <ele>4.7</ele>
    <time>2026-05-16T11:02:52Z</time>
   </trkpt>
   <trkpt lat="51.4803280" lon="-0.3011370">
    <ele>4.7</ele>
    <time>2026-05-16T11:02:53Z</time>
   </trkpt>
   <trkpt lat="51.4803330" lon="-0.3011260">
    <ele>4.7</ele>
    <time>2026-05-16T11:02:54Z</time>
   </trkpt>
   <trkpt lat="51.4803480" lon="-0.3011020">
    <ele>4.7</ele>
    <time>2026-05-16T11:02:55Z</time>
   </trkpt>
   <trkpt lat="51.4803540" lon="-0.3010930">
    <ele>4.7</ele>
    <time>2026-05-16T11:02:56Z</time>
   </trkpt>
   <trkpt lat="51.4803610" lon="-0.3010830">
    <ele>4.7</ele>
    <time>2026-05-16T11:02:57Z</time>
   </trkpt>
   <trkpt lat="51.4803790" lon="-0.3010630">
    <ele>4.7</ele>
    <time>2026-05-16T11:02:58Z</time>
   </trkpt>
   <trkpt lat="51.4803870" lon="-0.3010580">
    <ele>4.7</ele>
    <time>2026-05-16T11:02:59Z</time>
   </trkpt>
   <trkpt lat="51.4803940" lon="-0.3010520">
    <ele>4.7</ele>
    <time>2026-05-16T11:03:00Z</time>
   </trkpt>
   <trkpt lat="51.4804110" lon="-0.3010340">
    <ele>4.7</ele>
    <time>2026-05-16T11:03:01Z</time>
   </trkpt>
   <trkpt lat="51.4804180" lon="-0.3010250">
    <ele>4.7</ele>
    <time>2026-05-16T11:03:02Z</time>
   </trkpt>
   <trkpt lat="51.4804240" lon="-0.3010160">
    <ele>4.7</ele>
    <time>2026-05-16T11:03:03Z</time>
   </trkpt>
   <trkpt lat="51.4804440" lon="-0.3009980">
    <ele>4.7</ele>
    <time>2026-05-16T11:03:04Z</time>
   </trkpt>
   <trkpt lat="51.4804520" lon="-0.3009900">
    <ele>4.7</ele>
    <time>2026-05-16T11:03:05Z</time>
   </trkpt>
   <trkpt lat="51.4804610" lon="-0.3009820">
    <ele>4.7</ele>
    <time>2026-05-16T11:03:06Z</time>
   </trkpt>
   <trkpt lat="51.4804740" lon="-0.3009740">
    <ele>4.7</ele>
    <time>2026-05-16T11:03:07Z</time>
   </trkpt>
   <trkpt lat="51.4804840" lon="-0.3009610">
    <ele>4.7</ele>
    <time>2026-05-16T11:03:08Z</time>
   </trkpt>
   <trkpt lat="51.4804950" lon="-0.3009500">
    <ele>4.7</ele>
    <time>2026-05-16T11:03:09Z</time>
   </trkpt>
   <trkpt lat="51.4805100" lon="-0.3009060">
    <ele>4.7</ele>
    <time>2026-05-16T11:03:10Z</time>
   </trkpt>
   <trkpt lat="51.4805200" lon="-0.3008880">
    <ele>4.7</ele>
    <time>2026-05-16T11:03:11Z</time>
   </trkpt>
   <trkpt lat="51.4805310" lon="-0.3008760">
    <ele>4.7</ele>
    <time>2026-05-16T11:03:12Z</time>
   </trkpt>
   <trkpt lat="51.4805390" lon="-0.3008570">
    <ele>4.7</ele>
    <time>2026-05-16T11:03:13Z</time>
   </trkpt>
   <trkpt lat="51.4805550" lon="-0.3008330">
    <ele>4.7</ele>
    <time>2026-05-16T11:03:14Z</time>
   </trkpt>
   <trkpt lat="51.4805630" lon="-0.3008270">
    <ele>4.7</ele>
    <time>2026-05-16T11:03:15Z</time>
   </trkpt>
   <trkpt lat="51.4805700" lon="-0.3008200">
    <ele>4.7</ele>
    <time>2026-05-16T11:03:16Z</time>
   </trkpt>
   <trkpt lat="51.4805830" lon="-0.3008120">
    <ele>4.7</ele>
    <time>2026-05-16T11:03:17Z</time>
   </trkpt>
   <trkpt lat="51.4805930" lon="-0.3007970">
    <ele>4.7</ele>
    <time>2026-05-16T11:03:18Z</time>
   </trkpt>
   <trkpt lat="51.4806030" lon="-0.3007850">
    <ele>4.7</ele>
    <time>2026-05-16T11:03:19Z</time>
   </trkpt>
   <trkpt lat="51.4806140" lon="-0.3007690">
    <ele>4.7</ele>
    <time>2026-05-16T11:03:20Z</time>
   </trkpt>
   <trkpt lat="51.4806270" lon="-0.3007600">
    <ele>4.7</ele>
    <time>2026-05-16T11:03:21Z</time>
   </trkpt>
   <trkpt lat="51.4806380" lon="-0.3007480">
    <ele>4.7</ele>
    <time>2026-05-16T11:03:22Z</time>
   </trkpt>
   <trkpt lat="51.4806480" lon="-0.3007330">
    <ele>4.8</ele>
    <time>2026-05-16T11:03:23Z</time>
   </trkpt>
   <trkpt lat="51.4806580" lon="-0.3007140">
    <ele>4.8</ele>
    <time>2026-05-16T11:03:24Z</time>
   </trkpt>
   <trkpt lat="51.4806720" lon="-0.3006900">
    <ele>4.8</ele>
    <time>2026-05-16T11:03:25Z</time>
   </trkpt>
   <trkpt lat="51.4806780" lon="-0.3006810">
    <ele>4.8</ele>
    <time>2026-05-16T11:03:26Z</time>
   </trkpt>
   <trkpt lat="51.4806850" lon="-0.3006730">
    <ele>4.8</ele>
    <time>2026-05-16T11:03:27Z</time>
   </trkpt>
   <trkpt lat="51.4807030" lon="-0.3006520">
    <ele>4.8</ele>
    <time>2026-05-16T11:03:28Z</time>
   </trkpt>
   <trkpt lat="51.4807100" lon="-0.3006450">
    <ele>4.8</ele>
    <time>2026-05-16T11:03:29Z</time>
   </trkpt>
   <trkpt lat="51.4807170" lon="-0.3006380">
    <ele>4.8</ele>
    <time>2026-05-16T11:03:30Z</time>
   </trkpt>
   <trkpt lat="51.4807280" lon="-0.3006250">
    <ele>4.8</ele>
    <time>2026-05-16T11:03:31Z</time>
   </trkpt>
   <trkpt lat="51.4807380" lon="-0.3006080">
    <ele>4.8</ele>
    <time>2026-05-16T11:03:32Z</time>
   </trkpt>
   <trkpt lat="51.4807490" lon="-0.3005940">
    <ele>4.8</ele>
    <time>2026-05-16T11:03:33Z</time>
   </trkpt>
   <trkpt lat="51.4807600" lon="-0.3005750">
    <ele>4.8</ele>
    <time>2026-05-16T11:03:34Z</time>
   </trkpt>
   <trkpt lat="51.4807720" lon="-0.3005600">
    <ele>4.8</ele>
    <time>2026-05-16T11:03:35Z</time>
   </trkpt>
   <trkpt lat="51.4807800" lon="-0.3005420">
    <ele>4.8</ele>
    <time>2026-05-16T11:03:36Z</time>
   </trkpt>
   <trkpt lat="51.4807900" lon="-0.3005320">
    <ele>4.8</ele>
    <time>2026-05-16T11:03:37Z</time>
   </trkpt>
   <trkpt lat="51.4807970" lon="-0.3005160">
    <ele>4.8</ele>
    <time>2026-05-16T11:03:38Z</time>
   </trkpt>
   <trkpt lat="51.4808060" lon="-0.3005030">
    <ele>4.7</ele>
    <time>2026-05-16T11:03:39Z</time>
   </trkpt>
   <trkpt lat="51.4808200" lon="-0.3004960">
    <ele>4.7</ele>
    <time>2026-05-16T11:03:40Z</time>
   </trkpt>
   <trkpt lat="51.4808330" lon="-0.3004870">
    <ele>4.7</ele>
    <time>2026-05-16T11:03:41Z</time>
   </trkpt>
   <trkpt lat="51.4808500" lon="-0.3004670">
    <ele>4.7</ele>
    <time>2026-05-16T11:03:42Z</time>
   </trkpt>
   <trkpt lat="51.4808590" lon="-0.3004590">
    <ele>4.7</ele>
    <time>2026-05-16T11:03:43Z</time>
   </trkpt>
   <trkpt lat="51.4808670" lon="-0.3004500">
    <ele>4.7</ele>
    <time>2026-05-16T11:03:44Z</time>
   </trkpt>
   <trkpt lat="51.4808770" lon="-0.3004330">
    <ele>4.7</ele>
    <time>2026-05-16T11:03:45Z</time>
   </trkpt>
   <trkpt lat="51.4808880" lon="-0.3004170">
    <ele>4.7</ele>
    <time>2026-05-16T11:03:46Z</time>
   </trkpt>
   <trkpt lat="51.4808990" lon="-0.3004010">
    <ele>4.7</ele>
    <time>2026-05-16T11:03:47Z</time>
   </trkpt>
   <trkpt lat="51.4809080" lon="-0.3003850">
    <ele>4.7</ele>
    <time>2026-05-16T11:03:48Z</time>
   </trkpt>
   <trkpt lat="51.4809190" lon="-0.3003690">
    <ele>4.7</ele>
    <time>2026-05-16T11:03:49Z</time>
   </trkpt>
   <trkpt lat="51.4809300" lon="-0.3003570">
    <ele>4.7</ele>
    <time>2026-05-16T11:03:50Z</time>
   </trkpt>
   <trkpt lat="51.4809420" lon="-0.3003470">
    <ele>4.7</ele>
    <time>2026-05-16T11:03:51Z</time>
   </trkpt>
   <trkpt lat="51.4809540" lon="-0.3003350">
    <ele>4.7</ele>
    <time>2026-05-16T11:03:52Z</time>
   </trkpt>
   <trkpt lat="51.4809640" lon="-0.3003170">
    <ele>4.7</ele>
    <time>2026-05-16T11:03:53Z</time>
   </trkpt>
   <trkpt lat="51.4809730" lon="-0.3003020">
    <ele>4.7</ele>
    <time>2026-05-16T11:03:54Z</time>
   </trkpt>
   <trkpt lat="51.4809850" lon="-0.3002930">
    <ele>4.7</ele>
    <time>2026-05-16T11:03:55Z</time>
   </trkpt>
   <trkpt lat="51.4809980" lon="-0.3002860">
    <ele>4.7</ele>
    <time>2026-05-16T11:03:56Z</time>
   </trkpt>
   <trkpt lat="51.4810160" lon="-0.3002650">
    <ele>4.7</ele>
    <time>2026-05-16T11:03:57Z</time>
   </trkpt>
   <trkpt lat="51.4810240" lon="-0.3002590">
    <ele>4.7</ele>
    <time>2026-05-16T11:03:58Z</time>
   </trkpt>
   <trkpt lat="51.4810320" lon="-0.3002520">
    <ele>4.7</ele>
    <time>2026-05-16T11:03:59Z</time>
   </trkpt>
   <trkpt lat="51.4810430" lon="-0.3002340">
    <ele>4.7</ele>
    <time>2026-05-16T11:04:00Z</time>
   </trkpt>
   <trkpt lat="51.4810530" lon="-0.3002170">
    <ele>4.7</ele>
    <time>2026-05-16T11:04:01Z</time>
   </trkpt>
   <trkpt lat="51.4810620" lon="-0.3002000">
    <ele>4.7</ele>
    <time>2026-05-16T11:04:02Z</time>
   </trkpt>
   <trkpt lat="51.4810720" lon="-0.3001850">
    <ele>4.7</ele>
    <time>2026-05-16T11:04:03Z</time>
   </trkpt>
   <trkpt lat="51.4810810" lon="-0.3001680">
    <ele>4.7</ele>
    <time>2026-05-16T11:04:04Z</time>
   </trkpt>
   <trkpt lat="51.4810940" lon="-0.3001560">
    <ele>4.7</ele>
    <time>2026-05-16T11:04:05Z</time>
   </trkpt>
   <trkpt lat="51.4811080" lon="-0.3001460">
    <ele>4.7</ele>
    <time>2026-05-16T11:04:06Z</time>
   </trkpt>
   <trkpt lat="51.4811160" lon="-0.3001260">
    <ele>4.7</ele>
    <time>2026-05-16T11:04:07Z</time>
   </trkpt>
   <trkpt lat="51.4811340" lon="-0.3001080">
    <ele>4.7</ele>
    <time>2026-05-16T11:04:08Z</time>
   </trkpt>
   <trkpt lat="51.4811430" lon="-0.3001020">
    <ele>4.7</ele>
    <time>2026-05-16T11:04:09Z</time>
   </trkpt>
   <trkpt lat="51.4811510" lon="-0.3000960">
    <ele>4.7</ele>
    <time>2026-05-16T11:04:10Z</time>
   </trkpt>
   <trkpt lat="51.4811690" lon="-0.3000800">
    <ele>4.7</ele>
    <time>2026-05-16T11:04:11Z</time>
   </trkpt>
   <trkpt lat="51.4811760" lon="-0.3000720">
    <ele>4.7</ele>
    <time>2026-05-16T11:04:12Z</time>
   </trkpt>
   <trkpt lat="51.4811830" lon="-0.3000650">
    <ele>4.7</ele>
    <time>2026-05-16T11:04:13Z</time>
   </trkpt>
   <trkpt lat="51.4812010" lon="-0.3000430">
    <ele>4.7</ele>
    <time>2026-05-16T11:04:14Z</time>
   </trkpt>
   <trkpt lat="51.4812070" lon="-0.3000330">
    <ele>4.7</ele>
    <time>2026-05-16T11:04:15Z</time>
   </trkpt>
   <trkpt lat="51.4812140" lon="-0.3000230">
    <ele>4.7</ele>
    <time>2026-05-16T11:04:16Z</time>
   </trkpt>
   <trkpt lat="51.4812310" lon="-0.2999980">
    <ele>4.7</ele>
    <time>2026-05-16T11:04:17Z</time>
   </trkpt>
   <trkpt lat="51.4812380" lon="-0.2999900">
    <ele>4.7</ele>
    <time>2026-05-16T11:04:18Z</time>
   </trkpt>
   <trkpt lat="51.4812460" lon="-0.2999810">
    <ele>4.7</ele>
    <time>2026-05-16T11:04:19Z</time>
   </trkpt>
   <trkpt lat="51.4812620" lon="-0.2999580">
    <ele>4.7</ele>
    <time>2026-05-16T11:04:20Z</time>
   </trkpt>
   <trkpt lat="51.4812670" lon="-0.2999490">
    <ele>4.7</ele>
    <time>2026-05-16T11:04:21Z</time>
   </trkpt>
   <trkpt lat="51.4812730" lon="-0.2999400">
    <ele>4.7</ele>
    <time>2026-05-16T11:04:22Z</time>
   </trkpt>
   <trkpt lat="51.4812930" lon="-0.2999290">
    <ele>4.7</ele>
    <time>2026-05-16T11:04:23Z</time>
   </trkpt>
   <trkpt lat="51.4813010" lon="-0.2999240">
    <ele>4.7</ele>
    <time>2026-05-16T11:04:24Z</time>
   </trkpt>
   <trkpt lat="51.4813090" lon="-0.2999200">
    <ele>4.7</ele>
    <time>2026-05-16T11:04:25Z</time>
   </trkpt>
   <trkpt lat="51.4813200" lon="-0.2999080">
    <ele>4.7</ele>
    <time>2026-05-16T11:04:26Z</time>
   </trkpt>
   <trkpt lat="51.4813270" lon="-0.2998930">
    <ele>4.7</ele>
    <time>2026-05-16T11:04:27Z</time>
   </trkpt>
   <trkpt lat="51.4813370" lon="-0.2998800">
    <ele>4.7</ele>
    <time>2026-05-16T11:04:29Z</time>
   </trkpt>
   <trkpt lat="51.4813540" lon="-0.2998590">
    <ele>4.7</ele>
    <time>2026-05-16T11:04:30Z</time>
   </trkpt>
   <trkpt lat="51.4813600" lon="-0.2998500">
    <ele>4.7</ele>
    <time>2026-05-16T11:04:31Z</time>
   </trkpt>
   <trkpt lat="51.4813660" lon="-0.2998410">
    <ele>4.7</ele>
    <time>2026-05-16T11:04:32Z</time>
   </trkpt>
   <trkpt lat="51.4813790" lon="-0.2998170">
    <ele>4.6</ele>
    <time>2026-05-16T11:04:33Z</time>
   </trkpt>
   <trkpt lat="51.4813860" lon="-0.2998090">
    <ele>4.6</ele>
    <time>2026-05-16T11:04:34Z</time>
   </trkpt>
   <trkpt lat="51.4813930" lon="-0.2998000">
    <ele>4.6</ele>
    <time>2026-05-16T11:04:35Z</time>
   </trkpt>
   <trkpt lat="51.4814120" lon="-0.2997810">
    <ele>4.6</ele>
    <time>2026-05-16T11:04:36Z</time>
   </trkpt>
   <trkpt lat="51.4814170" lon="-0.2997700">
    <ele>4.6</ele>
    <time>2026-05-16T11:04:37Z</time>
   </trkpt>
   <trkpt lat="51.4814230" lon="-0.2997600">
    <ele>4.6</ele>
    <time>2026-05-16T11:04:38Z</time>
   </trkpt>
   <trkpt lat="51.4814320" lon="-0.2997450">
    <ele>4.6</ele>
    <time>2026-05-16T11:04:39Z</time>
   </trkpt>
   <trkpt lat="51.4814390" lon="-0.2997260">
    <ele>4.6</ele>
    <time>2026-05-16T11:04:40Z</time>
   </trkpt>
   <trkpt lat="51.4814570" lon="-0.2997030">
    <ele>4.6</ele>
    <time>2026-05-16T11:04:41Z</time>
   </trkpt>
   <trkpt lat="51.4814630" lon="-0.2996950">
    <ele>4.6</ele>
    <time>2026-05-16T11:04:42Z</time>
   </trkpt>
   <trkpt lat="51.4814700" lon="-0.2996870">
    <ele>4.6</ele>
    <time>2026-05-16T11:04:43Z</time>
   </trkpt>
   <trkpt lat="51.4814800" lon="-0.2996750">
    <ele>4.6</ele>
    <time>2026-05-16T11:04:44Z</time>
   </trkpt>
   <trkpt lat="51.4814920" lon="-0.2996620">
    <ele>4.6</ele>
    <time>2026-05-16T11:04:45Z</time>
   </trkpt>
   <trkpt lat="51.4815090" lon="-0.2996410">
    <ele>4.6</ele>
    <time>2026-05-16T11:04:46Z</time>
   </trkpt>
   <trkpt lat="51.4815160" lon="-0.2996320">
    <ele>4.6</ele>
    <time>2026-05-16T11:04:47Z</time>
   </trkpt>
   <trkpt lat="51.4815220" lon="-0.2996230">
    <ele>4.6</ele>
    <time>2026-05-16T11:04:48Z</time>
   </trkpt>
   <trkpt lat="51.4815350" lon="-0.2996140">
    <ele>4.6</ele>
    <time>2026-05-16T11:04:49Z</time>
   </trkpt>
   <trkpt lat="51.4815460" lon="-0.2996000">
    <ele>4.6</ele>
    <time>2026-05-16T11:04:50Z</time>
   </trkpt>
   <trkpt lat="51.4815600" lon="-0.2995730">
    <ele>4.6</ele>
    <time>2026-05-16T11:04:51Z</time>
   </trkpt>
   <trkpt lat="51.4815680" lon="-0.2995650">
    <ele>4.6</ele>
    <time>2026-05-16T11:04:52Z</time>
   </trkpt>
   <trkpt lat="51.4815750" lon="-0.2995560">
    <ele>4.6</ele>
    <time>2026-05-16T11:04:53Z</time>
   </trkpt>
   <trkpt lat="51.4815900" lon="-0.2995330">
    <ele>4.6</ele>
    <time>2026-05-16T11:04:54Z</time>
   </trkpt>
   <trkpt lat="51.4815970" lon="-0.2995250">
    <ele>4.6</ele>
    <time>2026-05-16T11:04:55Z</time>
   </trkpt>
   <trkpt lat="51.4816040" lon="-0.2995160">
    <ele>4.6</ele>
    <time>2026-05-16T11:04:56Z</time>
   </trkpt>
   <trkpt lat="51.4816220" lon="-0.2994940">
    <ele>4.6</ele>
    <time>2026-05-16T11:04:57Z</time>
   </trkpt>
   <trkpt lat="51.4816290" lon="-0.2994860">
    <ele>4.6</ele>
    <time>2026-05-16T11:04:58Z</time>
   </trkpt>
   <trkpt lat="51.4816370" lon="-0.2994770">
    <ele>4.6</ele>
    <time>2026-05-16T11:04:59Z</time>
   </trkpt>
   <trkpt lat="51.4816490" lon="-0.2994660">
    <ele>4.7</ele>
    <time>2026-05-16T11:05:00Z</time>
   </trkpt>
   <trkpt lat="51.4816600" lon="-0.2994530">
    <ele>4.7</ele>
    <time>2026-05-16T11:05:01Z</time>
   </trkpt>
   <trkpt lat="51.4816720" lon="-0.2994410">
    <ele>4.7</ele>
    <time>2026-05-16T11:05:02Z</time>
   </trkpt>
   <trkpt lat="51.4816820" lon="-0.2994260">
    <ele>4.7</ele>
    <time>2026-05-16T11:05:03Z</time>
   </trkpt>
   <trkpt lat="51.4816940" lon="-0.2994160">
    <ele>4.7</ele>
    <time>2026-05-16T11:05:04Z</time>
   </trkpt>
   <trkpt lat="51.4817060" lon="-0.2994040">
    <ele>4.7</ele>
    <time>2026-05-16T11:05:05Z</time>
   </trkpt>
   <trkpt lat="51.4817230" lon="-0.2993800">
    <ele>4.7</ele>
    <time>2026-05-16T11:05:06Z</time>
   </trkpt>
   <trkpt lat="51.4817300" lon="-0.2993700">
    <ele>4.7</ele>
    <time>2026-05-16T11:05:07Z</time>
   </trkpt>
   <trkpt lat="51.4817370" lon="-0.2993610">
    <ele>4.7</ele>
    <time>2026-05-16T11:05:08Z</time>
   </trkpt>
   <trkpt lat="51.4817530" lon="-0.2993390">
    <ele>4.7</ele>
    <time>2026-05-16T11:05:09Z</time>
   </trkpt>
   <trkpt lat="51.4817600" lon="-0.2993310">
    <ele>4.7</ele>
    <time>2026-05-16T11:05:10Z</time>
   </trkpt>
   <trkpt lat="51.4817660" lon="-0.2993220">
    <ele>4.7</ele>
    <time>2026-05-16T11:05:11Z</time>
   </trkpt>
   <trkpt lat="51.4817760" lon="-0.2993070">
    <ele>4.7</ele>
    <time>2026-05-16T11:05:12Z</time>
   </trkpt>
   <trkpt lat="51.4817850" lon="-0.2992920">
    <ele>4.7</ele>
    <time>2026-05-16T11:05:13Z</time>
   </trkpt>
   <trkpt lat="51.4817960" lon="-0.2992790">
    <ele>4.7</ele>
    <time>2026-05-16T11:05:14Z</time>
   </trkpt>
   <trkpt lat="51.4818080" lon="-0.2992690">
    <ele>4.7</ele>
    <time>2026-05-16T11:05:15Z</time>
   </trkpt>
   <trkpt lat="51.4818290" lon="-0.2992410">
    <ele>4.7</ele>
    <time>2026-05-16T11:05:16Z</time>
   </trkpt>
   <trkpt lat="51.4818390" lon="-0.2992250">
    <ele>4.7</ele>
    <time>2026-05-16T11:05:17Z</time>
   </trkpt>
   <trkpt lat="51.4818480" lon="-0.2992090">
    <ele>4.7</ele>
    <time>2026-05-16T11:05:18Z</time>
   </trkpt>
   <trkpt lat="51.4818660" lon="-0.2991910">
    <ele>4.7</ele>
    <time>2026-05-16T11:05:19Z</time>
   </trkpt>
   <trkpt lat="51.4818720" lon="-0.2991820">
    <ele>4.7</ele>
    <time>2026-05-16T11:05:20Z</time>
   </trkpt>
   <trkpt lat="51.4818790" lon="-0.2991730">
    <ele>4.7</ele>
    <time>2026-05-16T11:05:21Z</time>
   </trkpt>
   <trkpt lat="51.4818930" lon="-0.2991470">
    <ele>4.7</ele>
    <time>2026-05-16T11:05:22Z</time>
   </trkpt>
   <trkpt lat="51.4818990" lon="-0.2991390">
    <ele>4.7</ele>
    <time>2026-05-16T11:05:23Z</time>
   </trkpt>
   <trkpt lat="51.4819060" lon="-0.2991300">
    <ele>4.7</ele>
    <time>2026-05-16T11:05:24Z</time>
   </trkpt>
   <trkpt lat="51.4819220" lon="-0.2991100">
    <ele>4.7</ele>
    <time>2026-05-16T11:05:25Z</time>
   </trkpt>
   <trkpt lat="51.4819270" lon="-0.2991000">
    <ele>4.7</ele>
    <time>2026-05-16T11:05:26Z</time>
   </trkpt>
   <trkpt lat="51.4819330" lon="-0.2990900">
    <ele>4.7</ele>
    <time>2026-05-16T11:05:27Z</time>
   </trkpt>
   <trkpt lat="51.4819430" lon="-0.2990740">
    <ele>4.7</ele>
    <time>2026-05-16T11:05:28Z</time>
   </trkpt>
   <trkpt lat="51.4819540" lon="-0.2990620">
    <ele>4.7</ele>
    <time>2026-05-16T11:05:29Z</time>
   </trkpt>
   <trkpt lat="51.4819670" lon="-0.2990510">
    <ele>4.7</ele>
    <time>2026-05-16T11:05:30Z</time>
   </trkpt>
   <trkpt lat="51.4819810" lon="-0.2990440">
    <ele>4.7</ele>
    <time>2026-05-16T11:05:31Z</time>
   </trkpt>
   <trkpt lat="51.4819920" lon="-0.2990290">
    <ele>4.7</ele>
    <time>2026-05-16T11:05:32Z</time>
   </trkpt>
   <trkpt lat="51.4820030" lon="-0.2990140">
    <ele>4.7</ele>
    <time>2026-05-16T11:05:33Z</time>
   </trkpt>
   <trkpt lat="51.4820150" lon="-0.2990020">
    <ele>4.7</ele>
    <time>2026-05-16T11:05:34Z</time>
   </trkpt>
   <trkpt lat="51.4820270" lon="-0.2989900">
    <ele>4.7</ele>
    <time>2026-05-16T11:05:35Z</time>
   </trkpt>
   <trkpt lat="51.4820390" lon="-0.2989760">
    <ele>4.7</ele>
    <time>2026-05-16T11:05:36Z</time>
   </trkpt>
   <trkpt lat="51.4820490" lon="-0.2989620">
    <ele>4.7</ele>
    <time>2026-05-16T11:05:37Z</time>
   </trkpt>
   <trkpt lat="51.4820610" lon="-0.2989480">
    <ele>4.7</ele>
    <time>2026-05-16T11:05:38Z</time>
   </trkpt>
   <trkpt lat="51.4820720" lon="-0.2989320">
    <ele>4.7</ele>
    <time>2026-05-16T11:05:39Z</time>
   </trkpt>
   <trkpt lat="51.4820870" lon="-0.2989070">
    <ele>4.7</ele>
    <time>2026-05-16T11:05:40Z</time>
   </trkpt>
   <trkpt lat="51.4820920" lon="-0.2988970">
    <ele>4.7</ele>
    <time>2026-05-16T11:05:41Z</time>
   </trkpt>
   <trkpt lat="51.4820980" lon="-0.2988860">
    <ele>4.7</ele>
    <time>2026-05-16T11:05:42Z</time>
   </trkpt>
   <trkpt lat="51.4821150" lon="-0.2988640">
    <ele>4.7</ele>
    <time>2026-05-16T11:05:43Z</time>
   </trkpt>
   <trkpt lat="51.4821210" lon="-0.2988540">
    <ele>4.7</ele>
    <time>2026-05-16T11:05:44Z</time>
   </trkpt>
   <trkpt lat="51.4821280" lon="-0.2988450">
    <ele>4.7</ele>
    <time>2026-05-16T11:05:45Z</time>
   </trkpt>
   <trkpt lat="51.4821410" lon="-0.2988360">
    <ele>4.8</ele>
    <time>2026-05-16T11:05:46Z</time>
   </trkpt>
   <trkpt lat="51.4821520" lon="-0.2988210">
    <ele>4.8</ele>
    <time>2026-05-16T11:05:47Z</time>
   </trkpt>
   <trkpt lat="51.4821610" lon="-0.2988040">
    <ele>4.8</ele>
    <time>2026-05-16T11:05:48Z</time>
   </trkpt>
   <trkpt lat="51.4821700" lon="-0.2987890">
    <ele>4.8</ele>
    <time>2026-05-16T11:05:49Z</time>
   </trkpt>
   <trkpt lat="51.4821890" lon="-0.2987700">
    <ele>4.8</ele>
    <time>2026-05-16T11:05:50Z</time>
   </trkpt>
   <trkpt lat="51.4821970" lon="-0.2987630">
    <ele>4.8</ele>
    <time>2026-05-16T11:05:51Z</time>
   </trkpt>
   <trkpt lat="51.4822050" lon="-0.2987560">
    <ele>4.8</ele>
    <time>2026-05-16T11:05:52Z</time>
   </trkpt>
   <trkpt lat="51.4822150" lon="-0.2987390">
    <ele>4.8</ele>
    <time>2026-05-16T11:05:53Z</time>
   </trkpt>
   <trkpt lat="51.4822230" lon="-0.2987180">
    <ele>4.8</ele>
    <time>2026-05-16T11:05:54Z</time>
   </trkpt>
   <trkpt lat="51.4822320" lon="-0.2987030">
    <ele>4.9</ele>
    <time>2026-05-16T11:05:55Z</time>
   </trkpt>
   <trkpt lat="51.4822390" lon="-0.2986890">
    <ele>4.9</ele>
    <time>2026-05-16T11:05:56Z</time>
   </trkpt>
   <trkpt lat="51.4822450" lon="-0.2986720">
    <ele>4.8</ele>
    <time>2026-05-16T11:05:57Z</time>
   </trkpt>
   <trkpt lat="51.4822580" lon="-0.2986480">
    <ele>4.8</ele>
    <time>2026-05-16T11:05:58Z</time>
   </trkpt>
   <trkpt lat="51.4822630" lon="-0.2986370">
    <ele>4.8</ele>
    <time>2026-05-16T11:05:59Z</time>
   </trkpt>
   <trkpt lat="51.4822680" lon="-0.2986260">
    <ele>4.8</ele>
    <time>2026-05-16T11:06:00Z</time>
   </trkpt>
   <trkpt lat="51.4822720" lon="-0.2985910">
    <ele>4.8</ele>
    <time>2026-05-16T11:06:01Z</time>
   </trkpt>
   <trkpt lat="51.4822760" lon="-0.2985790">
    <ele>4.8</ele>
    <time>2026-05-16T11:06:02Z</time>
   </trkpt>
   <trkpt lat="51.4822790" lon="-0.2985670">
    <ele>4.8</ele>
    <time>2026-05-16T11:06:03Z</time>
   </trkpt>
   <trkpt lat="51.4822920" lon="-0.2985390">
    <ele>4.8</ele>
    <time>2026-05-16T11:06:04Z</time>
   </trkpt>
   <trkpt lat="51.4822970" lon="-0.2985270">
    <ele>4.7</ele>
    <time>2026-05-16T11:06:05Z</time>
   </trkpt>
   <trkpt lat="51.4823020" lon="-0.2985160">
    <ele>4.7</ele>
    <time>2026-05-16T11:06:06Z</time>
   </trkpt>
   <trkpt lat="51.4823160" lon="-0.2984920">
    <ele>4.7</ele>
    <time>2026-05-16T11:06:07Z</time>
   </trkpt>
   <trkpt lat="51.4823200" lon="-0.2984810">
    <ele>4.7</ele>
    <time>2026-05-16T11:06:08Z</time>
   </trkpt>
   <trkpt lat="51.4823250" lon="-0.2984710">
    <ele>4.7</ele>
    <time>2026-05-16T11:06:09Z</time>
   </trkpt>
   <trkpt lat="51.4823360" lon="-0.2984600">
    <ele>4.7</ele>
    <time>2026-05-16T11:06:10Z</time>
   </trkpt>
   <trkpt lat="51.4823520" lon="-0.2984540">
    <ele>4.7</ele>
    <time>2026-05-16T11:06:11Z</time>
   </trkpt>
   <trkpt lat="51.4823720" lon="-0.2984390">
    <ele>4.6</ele>
    <time>2026-05-16T11:06:12Z</time>
   </trkpt>
   <trkpt lat="51.4823800" lon="-0.2984340">
    <ele>4.6</ele>
    <time>2026-05-16T11:06:13Z</time>
   </trkpt>
   <trkpt lat="51.4823870" lon="-0.2984280">
    <ele>4.6</ele>
    <time>2026-05-16T11:06:14Z</time>
   </trkpt>
   <trkpt lat="51.4824080" lon="-0.2984220">
    <ele>4.6</ele>
    <time>2026-05-16T11:06:15Z</time>
   </trkpt>
   <trkpt lat="51.4824160" lon="-0.2984200">
    <ele>4.6</ele>
    <time>2026-05-16T11:06:16Z</time>
   </trkpt>
   <trkpt lat="51.4824250" lon="-0.2984180">
    <ele>4.6</ele>
    <time>2026-05-16T11:06:17Z</time>
   </trkpt>
   <trkpt lat="51.4824380" lon="-0.2984090">
    <ele>4.5</ele>
    <time>2026-05-16T11:06:18Z</time>
   </trkpt>
   <trkpt lat="51.4824490" lon="-0.2983970">
    <ele>4.5</ele>
    <time>2026-05-16T11:06:19Z</time>
   </trkpt>
   <trkpt lat="51.4824580" lon="-0.2983860">
    <ele>4.5</ele>
    <time>2026-05-16T11:06:20Z</time>
   </trkpt>
   <trkpt lat="51.4824650" lon="-0.2983760">
    <ele>4.5</ele>
    <time>2026-05-16T11:06:21Z</time>
   </trkpt>
   <trkpt lat="51.4824730" lon="-0.2983600">
    <ele>4.5</ele>
    <time>2026-05-16T11:06:22Z</time>
   </trkpt>
   <trkpt lat="51.4824720" lon="-0.2983350">
    <ele>4.5</ele>
    <time>2026-05-16T11:06:23Z</time>
   </trkpt>
   <trkpt lat="51.4824710" lon="-0.2983170">
    <ele>4.5</ele>
    <time>2026-05-16T11:06:24Z</time>
   </trkpt>
   <trkpt lat="51.4824780" lon="-0.2983080">
    <ele>4.5</ele>
    <time>2026-05-16T11:06:25Z</time>
   </trkpt>
   <trkpt lat="51.4824770" lon="-0.2983050">
    <ele>4.5</ele>
    <time>2026-05-16T11:06:26Z</time>
   </trkpt>
   <trkpt lat="51.4824740" lon="-0.2982960">
    <ele>4.5</ele>
    <time>2026-05-16T11:06:27Z</time>
   </trkpt>
   <trkpt lat="51.4824710" lon="-0.2982800">
    <ele>4.5</ele>
    <time>2026-05-16T11:06:28Z</time>
   </trkpt>
   <trkpt lat="51.4824700" lon="-0.2982660">
    <ele>4.5</ele>
    <time>2026-05-16T11:06:29Z</time>
   </trkpt>
   <trkpt lat="51.4824630" lon="-0.2982670">
    <ele>4.5</ele>
    <time>2026-05-16T11:06:30Z</time>
   </trkpt>
   <trkpt lat="51.4824600" lon="-0.2982750">
    <ele>4.5</ele>
    <time>2026-05-16T11:06:31Z</time>
   </trkpt>
   <trkpt lat="51.4824550" lon="-0.2982740">
    <ele>4.5</ele>
    <time>2026-05-16T11:06:32Z</time>
   </trkpt>
   <trkpt lat="51.4824490" lon="-0.2982740">
    <ele>4.5</ele>
    <time>2026-05-16T11:06:33Z</time>
   </trkpt>
   <trkpt lat="51.4824460" lon="-0.2982720">
    <ele>4.5</ele>
    <time>2026-05-16T11:06:35Z</time>
   </trkpt>
   <trkpt lat="51.4824430" lon="-0.2982730">
    <ele>4.5</ele>
    <time>2026-05-16T11:06:36Z</time>
   </trkpt>
   <trkpt lat="51.4824440" lon="-0.2982750">
    <ele>4.5</ele>
    <time>2026-05-16T11:06:37Z</time>
   </trkpt>
   <trkpt lat="51.4824440" lon="-0.2982750">
    <ele>4.5</ele>
    <time>2026-05-16T11:06:38Z</time>
   </trkpt>
   <trkpt lat="51.4824380" lon="-0.2982670">
    <ele>4.5</ele>
    <time>2026-05-16T11:06:39Z</time>
   </trkpt>
   <trkpt lat="51.4824380" lon="-0.2982680">
    <ele>4.5</ele>
    <time>2026-05-16T11:06:40Z</time>
   </trkpt>
   <trkpt lat="51.4824380" lon="-0.2982680">
    <ele>4.5</ele>
    <time>2026-05-16T11:06:41Z</time>
   </trkpt>
   <trkpt lat="51.4824360" lon="-0.2982750">
    <ele>4.5</ele>
    <time>2026-05-16T11:06:42Z</time>
   </trkpt>
   <trkpt lat="51.4824370" lon="-0.2982670">
    <ele>4.5</ele>
    <time>2026-05-16T11:06:43Z</time>
   </trkpt>
   <trkpt lat="51.4824380" lon="-0.2982690">
    <ele>4.5</ele>
    <time>2026-05-16T11:06:44Z</time>
   </trkpt>
   <trkpt lat="51.4824350" lon="-0.2982690">
    <ele>4.5</ele>
    <time>2026-05-16T11:06:45Z</time>
   </trkpt>
   <trkpt lat="51.4824350" lon="-0.2982680">
    <ele>4.5</ele>
    <time>2026-05-16T11:06:46Z</time>
   </trkpt>
   <trkpt lat="51.4824360" lon="-0.2982690">
    <ele>4.5</ele>
    <time>2026-05-16T11:06:47Z</time>
   </trkpt>
   <trkpt lat="51.4824360" lon="-0.2982690">
    <ele>4.5</ele>
    <time>2026-05-16T11:06:48Z</time>
   </trkpt>
   <trkpt lat="51.4824360" lon="-0.2982690">
    <ele>4.5</ele>
    <time>2026-05-16T11:06:49Z</time>
   </trkpt>
   <trkpt lat="51.4824360" lon="-0.2982690">
    <ele>4.5</ele>
    <time>2026-05-16T11:06:50Z</time>
   </trkpt>
   <trkpt lat="51.4824360" lon="-0.2982690">
    <ele>4.5</ele>
    <time>2026-05-16T11:06:51Z</time>
   </trkpt>
   <trkpt lat="51.4824360" lon="-0.2982690">
    <ele>4.5</ele>
    <time>2026-05-16T11:06:52Z</time>
   </trkpt>
   <trkpt lat="51.4824340" lon="-0.2982620">
    <ele>4.5</ele>
    <time>2026-05-16T11:06:53Z</time>
   </trkpt>
   <trkpt lat="51.4824330" lon="-0.2982560">
    <ele>4.5</ele>
    <time>2026-05-16T11:06:54Z</time>
   </trkpt>
   <trkpt lat="51.4824340" lon="-0.2982570">
    <ele>4.5</ele>
    <time>2026-05-16T11:06:55Z</time>
   </trkpt>
   <trkpt lat="51.4824330" lon="-0.2982600">
    <ele>4.5</ele>
    <time>2026-05-16T11:06:56Z</time>
   </trkpt>
   <trkpt lat="51.4824340" lon="-0.2982610">
    <ele>4.5</ele>
    <time>2026-05-16T11:06:57Z</time>
   </trkpt>
   <trkpt lat="51.4824340" lon="-0.2982590">
    <ele>4.5</ele>
    <time>2026-05-16T11:06:58Z</time>
   </trkpt>
   <trkpt lat="51.4824330" lon="-0.2982610">
    <ele>4.5</ele>
    <time>2026-05-16T11:06:59Z</time>
   </trkpt>
   <trkpt lat="51.4824330" lon="-0.2982610">
    <ele>4.5</ele>
    <time>2026-05-16T11:07:00Z</time>
   </trkpt>
   <trkpt lat="51.4824340" lon="-0.2982610">
    <ele>4.5</ele>
    <time>2026-05-16T11:07:01Z</time>
   </trkpt>
   <trkpt lat="51.4824340" lon="-0.2982620">
    <ele>4.5</ele>
    <time>2026-05-16T11:07:02Z</time>
   </trkpt>
   <trkpt lat="51.4824320" lon="-0.2982620">
    <ele>4.5</ele>
    <time>2026-05-16T11:07:03Z</time>
   </trkpt>
   <trkpt lat="51.4824330" lon="-0.2982610">
    <ele>4.5</ele>
    <time>2026-05-16T11:07:04Z</time>
   </trkpt>
   <trkpt lat="51.4824340" lon="-0.2982630">
    <ele>4.5</ele>
    <time>2026-05-16T11:07:05Z</time>
   </trkpt>
   <trkpt lat="51.4824330" lon="-0.2982630">
    <ele>4.5</ele>
    <time>2026-05-16T11:07:06Z</time>
   </trkpt>
   <trkpt lat="51.4824330" lon="-0.2982620">
    <ele>4.5</ele>
    <time>2026-05-16T11:07:07Z</time>
   </trkpt>
   <trkpt lat="51.4824310" lon="-0.2982600">
    <ele>4.5</ele>
    <time>2026-05-16T11:07:08Z</time>
   </trkpt>
   <trkpt lat="51.4824340" lon="-0.2982650">
    <ele>4.5</ele>
    <time>2026-05-16T11:07:09Z</time>
   </trkpt>
   <trkpt lat="51.4824330" lon="-0.2982680">
    <ele>4.5</ele>
    <time>2026-05-16T11:07:10Z</time>
   </trkpt>
   <trkpt lat="51.4824330" lon="-0.2982690">
    <ele>4.5</ele>
    <time>2026-05-16T11:07:11Z</time>
   </trkpt>
   <trkpt lat="51.4824300" lon="-0.2982640">
    <ele>4.5</ele>
    <time>2026-05-16T11:07:12Z</time>
   </trkpt>
   <trkpt lat="51.4824280" lon="-0.2982600">
    <ele>4.5</ele>
    <time>2026-05-16T11:07:13Z</time>
   </trkpt>
   <trkpt lat="51.4824290" lon="-0.2982610">
    <ele>4.5</ele>
    <time>2026-05-16T11:07:14Z</time>
   </trkpt>
   <trkpt lat="51.4824310" lon="-0.2982630">
    <ele>4.5</ele>
    <time>2026-05-16T11:07:15Z</time>
   </trkpt>
   <trkpt lat="51.4824290" lon="-0.2982570">
    <ele>4.5</ele>
    <time>2026-05-16T11:07:16Z</time>
   </trkpt>
   <trkpt lat="51.4824300" lon="-0.2982590">
    <ele>4.5</ele>
    <time>2026-05-16T11:07:17Z</time>
   </trkpt>
   <trkpt lat="51.4824320" lon="-0.2982590">
    <ele>4.5</ele>
    <time>2026-05-16T11:07:18Z</time>
   </trkpt>
   <trkpt lat="51.4824310" lon="-0.2982570">
    <ele>4.5</ele>
    <time>2026-05-16T11:07:19Z</time>
   </trkpt>
   <trkpt lat="51.4824340" lon="-0.2982590">
    <ele>4.5</ele>
    <time>2026-05-16T11:07:20Z</time>
   </trkpt>
   <trkpt lat="51.4824330" lon="-0.2982600">
    <ele>4.5</ele>
    <time>2026-05-16T11:07:21Z</time>
   </trkpt>
   <trkpt lat="51.4824330" lon="-0.2982600">
    <ele>4.5</ele>
    <time>2026-05-16T11:07:22Z</time>
   </trkpt>
   <trkpt lat="51.4824330" lon="-0.2982600">
    <ele>4.5</ele>
    <time>2026-05-16T11:07:23Z</time>
   </trkpt>
   <trkpt lat="51.4824310" lon="-0.2982680">
    <ele>4.4</ele>
    <time>2026-05-16T11:07:24Z</time>
   </trkpt>
   <trkpt lat="51.4824310" lon="-0.2982730">
    <ele>4.4</ele>
    <time>2026-05-16T11:07:25Z</time>
   </trkpt>
   <trkpt lat="51.4824310" lon="-0.2982740">
    <ele>4.4</ele>
    <time>2026-05-16T11:07:26Z</time>
   </trkpt>
   <trkpt lat="51.4824300" lon="-0.2982770">
    <ele>4.4</ele>
    <time>2026-05-16T11:07:27Z</time>
   </trkpt>
   <trkpt lat="51.4824300" lon="-0.2982770">
    <ele>4.4</ele>
    <time>2026-05-16T11:07:28Z</time>
   </trkpt>
   <trkpt lat="51.4824300" lon="-0.2982770">
    <ele>4.4</ele>
    <time>2026-05-16T11:07:29Z</time>
   </trkpt>
   <trkpt lat="51.4824300" lon="-0.2982770">
    <ele>4.4</ele>
    <time>2026-05-16T11:07:30Z</time>
   </trkpt>
   <trkpt lat="51.4824270" lon="-0.2982760">
    <ele>4.4</ele>
    <time>2026-05-16T11:07:31Z</time>
   </trkpt>
   <trkpt lat="51.4824270" lon="-0.2982760">
    <ele>4.4</ele>
    <time>2026-05-16T11:07:32Z</time>
   </trkpt>
   <trkpt lat="51.4824270" lon="-0.2982750">
    <ele>4.4</ele>
    <time>2026-05-16T11:07:33Z</time>
   </trkpt>
   <trkpt lat="51.4824270" lon="-0.2982750">
    <ele>4.4</ele>
    <time>2026-05-16T11:07:34Z</time>
   </trkpt>
   <trkpt lat="51.4824270" lon="-0.2982750">
    <ele>4.4</ele>
    <time>2026-05-16T11:07:35Z</time>
   </trkpt>
   <trkpt lat="51.4824270" lon="-0.2982750">
    <ele>4.4</ele>
    <time>2026-05-16T11:07:36Z</time>
   </trkpt>
   <trkpt lat="51.4824290" lon="-0.2982750">
    <ele>4.4</ele>
    <time>2026-05-16T11:07:37Z</time>
   </trkpt>
   <trkpt lat="51.4824270" lon="-0.2982720">
    <ele>4.4</ele>
    <time>2026-05-16T11:07:38Z</time>
   </trkpt>
   <trkpt lat="51.4824300" lon="-0.2982740">
    <ele>4.4</ele>
    <time>2026-05-16T11:07:39Z</time>
   </trkpt>
   <trkpt lat="51.4824280" lon="-0.2982720">
    <ele>4.4</ele>
    <time>2026-05-16T11:07:40Z</time>
   </trkpt>
   <trkpt lat="51.4824280" lon="-0.2982760">
    <ele>4.4</ele>
    <time>2026-05-16T11:07:41Z</time>
   </trkpt>
   <trkpt lat="51.4824300" lon="-0.2982770">
    <ele>4.4</ele>
    <time>2026-05-16T11:07:42Z</time>
   </trkpt>
   <trkpt lat="51.4824290" lon="-0.2982750">
    <ele>4.4</ele>
    <time>2026-05-16T11:07:43Z</time>
   </trkpt>
   <trkpt lat="51.4824290" lon="-0.2982750">
    <ele>4.4</ele>
    <time>2026-05-16T11:07:44Z</time>
   </trkpt>
   <trkpt lat="51.4824290" lon="-0.2982760">
    <ele>4.4</ele>
    <time>2026-05-16T11:07:45Z</time>
   </trkpt>
   <trkpt lat="51.4824290" lon="-0.2982760">
    <ele>4.4</ele>
    <time>2026-05-16T11:07:46Z</time>
   </trkpt>
   <trkpt lat="51.4824290" lon="-0.2982760">
    <ele>4.4</ele>
    <time>2026-05-16T11:07:47Z</time>
   </trkpt>
   <trkpt lat="51.4824280" lon="-0.2982770">
    <ele>4.4</ele>
    <time>2026-05-16T11:07:48Z</time>
   </trkpt>
   <trkpt lat="51.4824280" lon="-0.2982730">
    <ele>4.4</ele>
    <time>2026-05-16T11:07:49Z</time>
   </trkpt>
   <trkpt lat="51.4824290" lon="-0.2982770">
    <ele>4.4</ele>
    <time>2026-05-16T11:07:50Z</time>
   </trkpt>
   <trkpt lat="51.4824280" lon="-0.2982770">
    <ele>4.4</ele>
    <time>2026-05-16T11:07:51Z</time>
   </trkpt>
   <trkpt lat="51.4824290" lon="-0.2982770">
    <ele>4.4</ele>
    <time>2026-05-16T11:07:52Z</time>
   </trkpt>
   <trkpt lat="51.4824300" lon="-0.2982770">
    <ele>4.4</ele>
    <time>2026-05-16T11:07:53Z</time>
   </trkpt>
   <trkpt lat="51.4824310" lon="-0.2982760">
    <ele>4.4</ele>
    <time>2026-05-16T11:07:54Z</time>
   </trkpt>
   <trkpt lat="51.4824280" lon="-0.2982780">
    <ele>4.4</ele>
    <time>2026-05-16T11:07:55Z</time>
   </trkpt>
   <trkpt lat="51.4824260" lon="-0.2982760">
    <ele>4.4</ele>
    <time>2026-05-16T11:07:56Z</time>
   </trkpt>
   <trkpt lat="51.4824280" lon="-0.2982770">
    <ele>4.4</ele>
    <time>2026-05-16T11:07:57Z</time>
   </trkpt>
   <trkpt lat="51.4824290" lon="-0.2982780">
    <ele>4.4</ele>
    <time>2026-05-16T11:07:58Z</time>
   </trkpt>
   <trkpt lat="51.4824290" lon="-0.2982820">
    <ele>4.4</ele>
    <time>2026-05-16T11:07:59Z</time>
   </trkpt>
   <trkpt lat="51.4824310" lon="-0.2982850">
    <ele>4.4</ele>
    <time>2026-05-16T11:08:00Z</time>
   </trkpt>
   <trkpt lat="51.4824310" lon="-0.2982890">
    <ele>4.4</ele>
    <time>2026-05-16T11:08:01Z</time>
   </trkpt>
   <trkpt lat="51.4824300" lon="-0.2982810">
    <ele>4.4</ele>
    <time>2026-05-16T11:08:02Z</time>
   </trkpt>
   <trkpt lat="51.4824290" lon="-0.2982820">
    <ele>4.4</ele>
    <time>2026-05-16T11:08:03Z</time>
   </trkpt>
   <trkpt lat="51.4824290" lon="-0.2982830">
    <ele>4.4</ele>
    <time>2026-05-16T11:08:04Z</time>
   </trkpt>
   <trkpt lat="51.4824300" lon="-0.2982840">
    <ele>4.4</ele>
    <time>2026-05-16T11:08:05Z</time>
   </trkpt>
   <trkpt lat="51.4824300" lon="-0.2982840">
    <ele>4.4</ele>
    <time>2026-05-16T11:08:06Z</time>
   </trkpt>
   <trkpt lat="51.4824290" lon="-0.2982760">
    <ele>4.4</ele>
    <time>2026-05-16T11:08:07Z</time>
   </trkpt>
   <trkpt lat="51.4824290" lon="-0.2982760">
    <ele>4.4</ele>
    <time>2026-05-16T11:08:08Z</time>
   </trkpt>
   <trkpt lat="51.4824300" lon="-0.2982780">
    <ele>4.4</ele>
    <time>2026-05-16T11:08:09Z</time>
   </trkpt>
   <trkpt lat="51.4824270" lon="-0.2982750">
    <ele>4.4</ele>
    <time>2026-05-16T11:08:10Z</time>
   </trkpt>
   <trkpt lat="51.4824270" lon="-0.2982800">
    <ele>4.4</ele>
    <time>2026-05-16T11:08:11Z</time>
   </trkpt>
   <trkpt lat="51.4824280" lon="-0.2982820">
    <ele>4.4</ele>
    <time>2026-05-16T11:08:12Z</time>
   </trkpt>
   <trkpt lat="51.4824280" lon="-0.2982830">
    <ele>4.4</ele>
    <time>2026-05-16T11:08:13Z</time>
   </trkpt>
   <trkpt lat="51.4824280" lon="-0.2982830">
    <ele>4.4</ele>
    <time>2026-05-16T11:08:14Z</time>
   </trkpt>
   <trkpt lat="51.4824280" lon="-0.2982830">
    <ele>4.4</ele>
    <time>2026-05-16T11:08:15Z</time>
   </trkpt>
   <trkpt lat="51.4824280" lon="-0.2982830">
    <ele>4.4</ele>
    <time>2026-05-16T11:08:16Z</time>
   </trkpt>
   <trkpt lat="51.4824280" lon="-0.2982830">
    <ele>4.4</ele>
    <time>2026-05-16T11:08:17Z</time>
   </trkpt>
   <trkpt lat="51.4824280" lon="-0.2982830">
    <ele>4.4</ele>
    <time>2026-05-16T11:08:18Z</time>
   </trkpt>
   <trkpt lat="51.4824280" lon="-0.2982830">
    <ele>4.4</ele>
    <time>2026-05-16T11:08:19Z</time>
   </trkpt>
   <trkpt lat="51.4824280" lon="-0.2982830">
    <ele>4.4</ele>
    <time>2026-05-16T11:08:20Z</time>
   </trkpt>
   <trkpt lat="51.4824280" lon="-0.2982830">
    <ele>4.4</ele>
    <time>2026-05-16T11:08:21Z</time>
   </trkpt>
   <trkpt lat="51.4824280" lon="-0.2982830">
    <ele>4.4</ele>
    <time>2026-05-16T11:08:22Z</time>
   </trkpt>
   <trkpt lat="51.4824270" lon="-0.2982820">
    <ele>4.4</ele>
    <time>2026-05-16T11:08:23Z</time>
   </trkpt>
   <trkpt lat="51.4824280" lon="-0.2982830">
    <ele>4.4</ele>
    <time>2026-05-16T11:08:24Z</time>
   </trkpt>
   <trkpt lat="51.4824280" lon="-0.2982820">
    <ele>4.4</ele>
    <time>2026-05-16T11:08:25Z</time>
   </trkpt>
   <trkpt lat="51.4824260" lon="-0.2982820">
    <ele>4.4</ele>
    <time>2026-05-16T11:08:26Z</time>
   </trkpt>
   <trkpt lat="51.4824270" lon="-0.2982860">
    <ele>4.4</ele>
    <time>2026-05-16T11:08:27Z</time>
   </trkpt>
   <trkpt lat="51.4824270" lon="-0.2982890">
    <ele>4.4</ele>
    <time>2026-05-16T11:08:28Z</time>
   </trkpt>
   <trkpt lat="51.4824280" lon="-0.2982860">
    <ele>4.4</ele>
    <time>2026-05-16T11:08:29Z</time>
   </trkpt>
   <trkpt lat="51.4824280" lon="-0.2982860">
    <ele>4.4</ele>
    <time>2026-05-16T11:08:30Z</time>
   </trkpt>
   <trkpt lat="51.4824280" lon="-0.2982860">
    <ele>4.4</ele>
    <time>2026-05-16T11:08:31Z</time>
   </trkpt>
   <trkpt lat="51.4824270" lon="-0.2982830">
    <ele>4.4</ele>
    <time>2026-05-16T11:08:32Z</time>
   </trkpt>
   <trkpt lat="51.4824260" lon="-0.2982830">
    <ele>4.4</ele>
    <time>2026-05-16T11:08:33Z</time>
   </trkpt>
   <trkpt lat="51.4824260" lon="-0.2982840">
    <ele>4.4</ele>
    <time>2026-05-16T11:08:34Z</time>
   </trkpt>
   <trkpt lat="51.4824260" lon="-0.2982840">
    <ele>4.4</ele>
    <time>2026-05-16T11:08:35Z</time>
   </trkpt>
   <trkpt lat="51.4824260" lon="-0.2982840">
    <ele>4.4</ele>
    <time>2026-05-16T11:08:36Z</time>
   </trkpt>
   <trkpt lat="51.4824260" lon="-0.2982840">
    <ele>4.4</ele>
    <time>2026-05-16T11:08:37Z</time>
   </trkpt>
   <trkpt lat="51.4824260" lon="-0.2982840">
    <ele>4.4</ele>
    <time>2026-05-16T11:08:38Z</time>
   </trkpt>
   <trkpt lat="51.4824260" lon="-0.2982840">
    <ele>4.4</ele>
    <time>2026-05-16T11:08:39Z</time>
   </trkpt>
   <trkpt lat="51.4824270" lon="-0.2982870">
    <ele>4.4</ele>
    <time>2026-05-16T11:08:40Z</time>
   </trkpt>
   <trkpt lat="51.4824280" lon="-0.2982870">
    <ele>4.4</ele>
    <time>2026-05-16T11:08:41Z</time>
   </trkpt>
   <trkpt lat="51.4824280" lon="-0.2982870">
    <ele>4.4</ele>
    <time>2026-05-16T11:08:42Z</time>
   </trkpt>
   <trkpt lat="51.4824280" lon="-0.2982870">
    <ele>4.4</ele>
    <time>2026-05-16T11:08:43Z</time>
   </trkpt>
   <trkpt lat="51.4824280" lon="-0.2982870">
    <ele>4.4</ele>
    <time>2026-05-16T11:08:44Z</time>
   </trkpt>
   <trkpt lat="51.4824280" lon="-0.2982870">
    <ele>4.4</ele>
    <time>2026-05-16T11:08:45Z</time>
   </trkpt>
   <trkpt lat="51.4824280" lon="-0.2982870">
    <ele>4.4</ele>
    <time>2026-05-16T11:08:46Z</time>
   </trkpt>
   <trkpt lat="51.4824280" lon="-0.2982910">
    <ele>4.4</ele>
    <time>2026-05-16T11:08:47Z</time>
   </trkpt>
   <trkpt lat="51.4824350" lon="-0.2982900">
    <ele>4.4</ele>
    <time>2026-05-16T11:08:48Z</time>
   </trkpt>
   <trkpt lat="51.4824430" lon="-0.2982860">
    <ele>4.4</ele>
    <time>2026-05-16T11:08:49Z</time>
   </trkpt>
   <trkpt lat="51.4824530" lon="-0.2982790">
    <ele>4.4</ele>
    <time>2026-05-16T11:08:50Z</time>
   </trkpt>
   <trkpt lat="51.4824620" lon="-0.2982590">
    <ele>4.4</ele>
    <time>2026-05-16T11:08:51Z</time>
   </trkpt>
   <trkpt lat="51.4824700" lon="-0.2982530">
    <ele>4.4</ele>
    <time>2026-05-16T11:08:52Z</time>
   </trkpt>
   <trkpt lat="51.4824770" lon="-0.2982510">
    <ele>4.4</ele>
    <time>2026-05-16T11:08:53Z</time>
   </trkpt>
   <trkpt lat="51.4824930" lon="-0.2982390">
    <ele>4.4</ele>
    <time>2026-05-16T11:08:54Z</time>
   </trkpt>
   <trkpt lat="51.4825020" lon="-0.2982280">
    <ele>4.4</ele>
    <time>2026-05-16T11:08:55Z</time>
   </trkpt>
   <trkpt lat="51.4825090" lon="-0.2982170">
    <ele>4.4</ele>
    <time>2026-05-16T11:08:56Z</time>
   </trkpt>
   <trkpt lat="51.4825190" lon="-0.2982030">
    <ele>4.4</ele>
    <time>2026-05-16T11:08:57Z</time>
   </trkpt>
   <trkpt lat="51.4825270" lon="-0.2981900">
    <ele>4.4</ele>
    <time>2026-05-16T11:08:58Z</time>
   </trkpt>
   <trkpt lat="51.4825330" lon="-0.2981810">
    <ele>4.4</ele>
    <time>2026-05-16T11:08:59Z</time>
   </trkpt>
   <trkpt lat="51.4825440" lon="-0.2981720">
    <ele>4.4</ele>
    <time>2026-05-16T11:09:00Z</time>
   </trkpt>
   <trkpt lat="51.4825520" lon="-0.2981600">
    <ele>4.4</ele>
    <time>2026-05-16T11:09:01Z</time>
   </trkpt>
   <trkpt lat="51.4825630" lon="-0.2981440">
    <ele>4.4</ele>
    <time>2026-05-16T11:09:02Z</time>
   </trkpt>
   <trkpt lat="51.4825710" lon="-0.2981400">
    <ele>4.4</ele>
    <time>2026-05-16T11:09:03Z</time>
   </trkpt>
   <trkpt lat="51.4825780" lon="-0.2981310">
    <ele>4.3</ele>
    <time>2026-05-16T11:09:04Z</time>
   </trkpt>
   <trkpt lat="51.4825860" lon="-0.2981250">
    <ele>4.3</ele>
    <time>2026-05-16T11:09:05Z</time>
   </trkpt>
   <trkpt lat="51.4825930" lon="-0.2981150">
    <ele>4.3</ele>
    <time>2026-05-16T11:09:06Z</time>
   </trkpt>
   <trkpt lat="51.4826000" lon="-0.2981050">
    <ele>4.3</ele>
    <time>2026-05-16T11:09:07Z</time>
   </trkpt>
   <trkpt lat="51.4826160" lon="-0.2980820">
    <ele>4.3</ele>
    <time>2026-05-16T11:09:08Z</time>
   </trkpt>
   <trkpt lat="51.4826230" lon="-0.2980740">
    <ele>4.3</ele>
    <time>2026-05-16T11:09:09Z</time>
   </trkpt>
   <trkpt lat="51.4826290" lon="-0.2980660">
    <ele>4.3</ele>
    <time>2026-05-16T11:09:10Z</time>
   </trkpt>
   <trkpt lat="51.4826370" lon="-0.2980560">
    <ele>4.3</ele>
    <time>2026-05-16T11:09:11Z</time>
   </trkpt>
   <trkpt lat="51.4826490" lon="-0.2980450">
    <ele>4.3</ele>
    <time>2026-05-16T11:09:12Z</time>
   </trkpt>
   <trkpt lat="51.4826600" lon="-0.2980360">
    <ele>4.3</ele>
    <time>2026-05-16T11:09:13Z</time>
   </trkpt>
   <trkpt lat="51.4826670" lon="-0.2980270">
    <ele>4.3</ele>
    <time>2026-05-16T11:09:14Z</time>
   </trkpt>
   <trkpt lat="51.4826750" lon="-0.2980160">
    <ele>4.3</ele>
    <time>2026-05-16T11:09:15Z</time>
   </trkpt>
   <trkpt lat="51.4826870" lon="-0.2980000">
    <ele>4.3</ele>
    <time>2026-05-16T11:09:16Z</time>
   </trkpt>
   <trkpt lat="51.4826930" lon="-0.2979900">
    <ele>4.3</ele>
    <time>2026-05-16T11:09:17Z</time>
   </trkpt>
   <trkpt lat="51.4827040" lon="-0.2979810">
    <ele>4.3</ele>
    <time>2026-05-16T11:09:18Z</time>
   </trkpt>
   <trkpt lat="51.4827130" lon="-0.2979680">
    <ele>4.3</ele>
    <time>2026-05-16T11:09:19Z</time>
   </trkpt>
   <trkpt lat="51.4827200" lon="-0.2979600">
    <ele>4.3</ele>
    <time>2026-05-16T11:09:20Z</time>
   </trkpt>
   <trkpt lat="51.4827280" lon="-0.2979540">
    <ele>4.3</ele>
    <time>2026-05-16T11:09:21Z</time>
   </trkpt>
   <trkpt lat="51.4827390" lon="-0.2979470">
    <ele>4.3</ele>
    <time>2026-05-16T11:09:22Z</time>
   </trkpt>
   <trkpt lat="51.4827500" lon="-0.2979410">
    <ele>4.3</ele>
    <time>2026-05-16T11:09:23Z</time>
   </trkpt>
   <trkpt lat="51.4827610" lon="-0.2979340">
    <ele>4.3</ele>
    <time>2026-05-16T11:09:24Z</time>
   </trkpt>
   <trkpt lat="51.4827690" lon="-0.2979280">
    <ele>4.2</ele>
    <time>2026-05-16T11:09:25Z</time>
   </trkpt>
   <trkpt lat="51.4827720" lon="-0.2979180">
    <ele>4.2</ele>
    <time>2026-05-16T11:09:26Z</time>
   </trkpt>
   <trkpt lat="51.4827760" lon="-0.2979090">
    <ele>4.2</ele>
    <time>2026-05-16T11:09:27Z</time>
   </trkpt>
   <trkpt lat="51.4827840" lon="-0.2978990">
    <ele>4.2</ele>
    <time>2026-05-16T11:09:28Z</time>
   </trkpt>
   <trkpt lat="51.4827910" lon="-0.2978910">
    <ele>4.2</ele>
    <time>2026-05-16T11:09:29Z</time>
   </trkpt>
   <trkpt lat="51.4828020" lon="-0.2978810">
    <ele>4.2</ele>
    <time>2026-05-16T11:09:30Z</time>
   </trkpt>
   <trkpt lat="51.4828130" lon="-0.2978700">
    <ele>4.2</ele>
    <time>2026-05-16T11:09:31Z</time>
   </trkpt>
   <trkpt lat="51.4828210" lon="-0.2978600">
    <ele>4.2</ele>
    <time>2026-05-16T11:09:32Z</time>
   </trkpt>
   <trkpt lat="51.4828270" lon="-0.2978500">
    <ele>4.2</ele>
    <time>2026-05-16T11:09:33Z</time>
   </trkpt>
   <trkpt lat="51.4828340" lon="-0.2978400">
    <ele>4.2</ele>
    <time>2026-05-16T11:09:34Z</time>
   </trkpt>
   <trkpt lat="51.4828450" lon="-0.2978240">
    <ele>4.2</ele>
    <time>2026-05-16T11:09:35Z</time>
   </trkpt>
   <trkpt lat="51.4828640" lon="-0.2978070">
    <ele>4.2</ele>
    <time>2026-05-16T11:09:36Z</time>
   </trkpt>
   <trkpt lat="51.4828700" lon="-0.2977990">
    <ele>4.2</ele>
    <time>2026-05-16T11:09:37Z</time>
   </trkpt>
   <trkpt lat="51.4828760" lon="-0.2977920">
    <ele>4.2</ele>
    <time>2026-05-16T11:09:38Z</time>
   </trkpt>
   <trkpt lat="51.4828880" lon="-0.2977820">
    <ele>4.2</ele>
    <time>2026-05-16T11:09:39Z</time>
   </trkpt>
   <trkpt lat="51.4828950" lon="-0.2977750">
    <ele>4.2</ele>
    <time>2026-05-16T11:09:40Z</time>
   </trkpt>
   <trkpt lat="51.4829070" lon="-0.2977640">
    <ele>4.2</ele>
    <time>2026-05-16T11:09:41Z</time>
   </trkpt>
   <trkpt lat="51.4829210" lon="-0.2977560">
    <ele>4.2</ele>
    <time>2026-05-16T11:09:42Z</time>
   </trkpt>
   <trkpt lat="51.4829350" lon="-0.2977460">
    <ele>4.2</ele>
    <time>2026-05-16T11:09:43Z</time>
   </trkpt>
   <trkpt lat="51.4829530" lon="-0.2977280">
    <ele>4.2</ele>
    <time>2026-05-16T11:09:44Z</time>
   </trkpt>
   <trkpt lat="51.4829570" lon="-0.2977210">
    <ele>4.2</ele>
    <time>2026-05-16T11:09:45Z</time>
   </trkpt>
   <trkpt lat="51.4829610" lon="-0.2977130">
    <ele>4.2</ele>
    <time>2026-05-16T11:09:46Z</time>
   </trkpt>
   <trkpt lat="51.4829650" lon="-0.2977060">
    <ele>4.2</ele>
    <time>2026-05-16T11:09:47Z</time>
   </trkpt>
   <trkpt lat="51.4829800" lon="-0.2976870">
    <ele>4.2</ele>
    <time>2026-05-16T11:09:48Z</time>
   </trkpt>
   <trkpt lat="51.4829850" lon="-0.2976790">
    <ele>4.2</ele>
    <time>2026-05-16T11:09:49Z</time>
   </trkpt>
   <trkpt lat="51.4829890" lon="-0.2976700">
    <ele>4.2</ele>
    <time>2026-05-16T11:09:50Z</time>
   </trkpt>
   <trkpt lat="51.4829930" lon="-0.2976620">
    <ele>4.2</ele>
    <time>2026-05-16T11:09:51Z</time>
   </trkpt>
   <trkpt lat="51.4830090" lon="-0.2976520">
    <ele>4.2</ele>
    <time>2026-05-16T11:09:52Z</time>
   </trkpt>
   <trkpt lat="51.4830190" lon="-0.2976420">
    <ele>4.2</ele>
    <time>2026-05-16T11:09:53Z</time>
   </trkpt>
   <trkpt lat="51.4830280" lon="-0.2976280">
    <ele>4.2</ele>
    <time>2026-05-16T11:09:54Z</time>
   </trkpt>
   <trkpt lat="51.4830380" lon="-0.2976150">
    <ele>4.2</ele>
    <time>2026-05-16T11:09:55Z</time>
   </trkpt>
   <trkpt lat="51.4830440" lon="-0.2976060">
    <ele>4.2</ele>
    <time>2026-05-16T11:09:56Z</time>
   </trkpt>
   <trkpt lat="51.4830610" lon="-0.2975830">
    <ele>4.2</ele>
    <time>2026-05-16T11:09:57Z</time>
   </trkpt>
   <trkpt lat="51.4830680" lon="-0.2975730">
    <ele>4.2</ele>
    <time>2026-05-16T11:09:58Z</time>
   </trkpt>
   <trkpt lat="51.4830760" lon="-0.2975620">
    <ele>4.2</ele>
    <time>2026-05-16T11:09:59Z</time>
   </trkpt>
   <trkpt lat="51.4830860" lon="-0.2975530">
    <ele>4.2</ele>
    <time>2026-05-16T11:10:00Z</time>
   </trkpt>
   <trkpt lat="51.4830920" lon="-0.2975410">
    <ele>4.2</ele>
    <time>2026-05-16T11:10:01Z</time>
   </trkpt>
   <trkpt lat="51.4831020" lon="-0.2975230">
    <ele>4.2</ele>
    <time>2026-05-16T11:10:02Z</time>
   </trkpt>
   <trkpt lat="51.4831090" lon="-0.2975140">
    <ele>4.2</ele>
    <time>2026-05-16T11:10:03Z</time>
   </trkpt>
   <trkpt lat="51.4831190" lon="-0.2975040">
    <ele>4.2</ele>
    <time>2026-05-16T11:10:04Z</time>
   </trkpt>
   <trkpt lat="51.4831290" lon="-0.2974960">
    <ele>4.2</ele>
    <time>2026-05-16T11:10:05Z</time>
   </trkpt>
   <trkpt lat="51.4831400" lon="-0.2974910">
    <ele>4.2</ele>
    <time>2026-05-16T11:10:06Z</time>
   </trkpt>
   <trkpt lat="51.4831470" lon="-0.2974820">
    <ele>4.2</ele>
    <time>2026-05-16T11:10:07Z</time>
   </trkpt>
   <trkpt lat="51.4831590" lon="-0.2974670">
    <ele>4.2</ele>
    <time>2026-05-16T11:10:08Z</time>
   </trkpt>
   <trkpt lat="51.4831670" lon="-0.2974540">
    <ele>4.2</ele>
    <time>2026-05-16T11:10:09Z</time>
   </trkpt>
   <trkpt lat="51.4831720" lon="-0.2974440">
    <ele>4.2</ele>
    <time>2026-05-16T11:10:10Z</time>
   </trkpt>
   <trkpt lat="51.4831830" lon="-0.2974370">
    <ele>4.2</ele>
    <time>2026-05-16T11:10:11Z</time>
   </trkpt>
   <trkpt lat="51.4831920" lon="-0.2974290">
    <ele>4.2</ele>
    <time>2026-05-16T11:10:12Z</time>
   </trkpt>
   <trkpt lat="51.4832000" lon="-0.2974150">
    <ele>4.1</ele>
    <time>2026-05-16T11:10:13Z</time>
   </trkpt>
   <trkpt lat="51.4832060" lon="-0.2974000">
    <ele>4.1</ele>
    <time>2026-05-16T11:10:14Z</time>
   </trkpt>
   <trkpt lat="51.4832140" lon="-0.2973870">
    <ele>4.1</ele>
    <time>2026-05-16T11:10:15Z</time>
   </trkpt>
   <trkpt lat="51.4832220" lon="-0.2973740">
    <ele>4.1</ele>
    <time>2026-05-16T11:10:16Z</time>
   </trkpt>
   <trkpt lat="51.4832310" lon="-0.2973580">
    <ele>4.1</ele>
    <time>2026-05-16T11:10:17Z</time>
   </trkpt>
   <trkpt lat="51.4832400" lon="-0.2973460">
    <ele>4.1</ele>
    <time>2026-05-16T11:10:18Z</time>
   </trkpt>
   <trkpt lat="51.4832450" lon="-0.2973350">
    <ele>4.1</ele>
    <time>2026-05-16T11:10:19Z</time>
   </trkpt>
   <trkpt lat="51.4832570" lon="-0.2973180">
    <ele>4.1</ele>
    <time>2026-05-16T11:10:20Z</time>
   </trkpt>
   <trkpt lat="51.4832670" lon="-0.2973030">
    <ele>4.1</ele>
    <time>2026-05-16T11:10:21Z</time>
   </trkpt>
   <trkpt lat="51.4832800" lon="-0.2972880">
    <ele>4.1</ele>
    <time>2026-05-16T11:10:22Z</time>
   </trkpt>
   <trkpt lat="51.4832940" lon="-0.2972630">
    <ele>4.1</ele>
    <time>2026-05-16T11:10:23Z</time>
   </trkpt>
   <trkpt lat="51.4832990" lon="-0.2972520">
    <ele>4.1</ele>
    <time>2026-05-16T11:10:24Z</time>
   </trkpt>
   <trkpt lat="51.4833050" lon="-0.2972400">
    <ele>4.1</ele>
    <time>2026-05-16T11:10:25Z</time>
   </trkpt>
   <trkpt lat="51.4833190" lon="-0.2972180">
    <ele>4.1</ele>
    <time>2026-05-16T11:10:26Z</time>
   </trkpt>
   <trkpt lat="51.4833250" lon="-0.2972080">
    <ele>4.1</ele>
    <time>2026-05-16T11:10:27Z</time>
   </trkpt>
   <trkpt lat="51.4833320" lon="-0.2971970">
    <ele>4.1</ele>
    <time>2026-05-16T11:10:28Z</time>
   </trkpt>
   <trkpt lat="51.4833390" lon="-0.2971830">
    <ele>4.1</ele>
    <time>2026-05-16T11:10:29Z</time>
   </trkpt>
   <trkpt lat="51.4833490" lon="-0.2971700">
    <ele>4.1</ele>
    <time>2026-05-16T11:10:30Z</time>
   </trkpt>
   <trkpt lat="51.4833560" lon="-0.2971580">
    <ele>4.1</ele>
    <time>2026-05-16T11:10:31Z</time>
   </trkpt>
   <trkpt lat="51.4833630" lon="-0.2971470">
    <ele>4.1</ele>
    <time>2026-05-16T11:10:32Z</time>
   </trkpt>
   <trkpt lat="51.4833710" lon="-0.2971340">
    <ele>4.1</ele>
    <time>2026-05-16T11:10:33Z</time>
   </trkpt>
   <trkpt lat="51.4833790" lon="-0.2971220">
    <ele>4.1</ele>
    <time>2026-05-16T11:10:34Z</time>
   </trkpt>
   <trkpt lat="51.4833890" lon="-0.2971110">
    <ele>4.1</ele>
    <time>2026-05-16T11:10:35Z</time>
   </trkpt>
   <trkpt lat="51.4834020" lon="-0.2970930">
    <ele>4.1</ele>
    <time>2026-05-16T11:10:36Z</time>
   </trkpt>
   <trkpt lat="51.4834110" lon="-0.2970770">
    <ele>4.2</ele>
    <time>2026-05-16T11:10:37Z</time>
   </trkpt>
   <trkpt lat="51.4834210" lon="-0.2970570">
    <ele>4.2</ele>
    <time>2026-05-16T11:10:38Z</time>
   </trkpt>
   <trkpt lat="51.4834360" lon="-0.2970350">
    <ele>4.2</ele>
    <time>2026-05-16T11:10:39Z</time>
   </trkpt>
   <trkpt lat="51.4834410" lon="-0.2970240">
    <ele>4.2</ele>
    <time>2026-05-16T11:10:40Z</time>
   </trkpt>
   <trkpt lat="51.4834460" lon="-0.2970130">
    <ele>4.2</ele>
    <time>2026-05-16T11:10:41Z</time>
   </trkpt>
   <trkpt lat="51.4834530" lon="-0.2969980">
    <ele>4.2</ele>
    <time>2026-05-16T11:10:42Z</time>
   </trkpt>
   <trkpt lat="51.4834610" lon="-0.2969820">
    <ele>4.2</ele>
    <time>2026-05-16T11:10:43Z</time>
   </trkpt>
   <trkpt lat="51.4834670" lon="-0.2969670">
    <ele>4.2</ele>
    <time>2026-05-16T11:10:44Z</time>
   </trkpt>
   <trkpt lat="51.4834740" lon="-0.2969500">
    <ele>4.2</ele>
    <time>2026-05-16T11:10:45Z</time>
   </trkpt>
   <trkpt lat="51.4834750" lon="-0.2969340">
    <ele>4.2</ele>
    <time>2026-05-16T11:10:46Z</time>
   </trkpt>
   <trkpt lat="51.4834810" lon="-0.2969210">
    <ele>4.2</ele>
    <time>2026-05-16T11:10:47Z</time>
   </trkpt>
   <trkpt lat="51.4834960" lon="-0.2968960">
    <ele>4.2</ele>
    <time>2026-05-16T11:10:48Z</time>
   </trkpt>
   <trkpt lat="51.4835030" lon="-0.2968820">
    <ele>4.2</ele>
    <time>2026-05-16T11:10:49Z</time>
   </trkpt>
   <trkpt lat="51.4835110" lon="-0.2968690">
    <ele>4.2</ele>
    <time>2026-05-16T11:10:50Z</time>
   </trkpt>
   <trkpt lat="51.4835170" lon="-0.2968550">
    <ele>4.2</ele>
    <time>2026-05-16T11:10:51Z</time>
   </trkpt>
   <trkpt lat="51.4835230" lon="-0.2968430">
    <ele>4.2</ele>
    <time>2026-05-16T11:10:52Z</time>
   </trkpt>
   <trkpt lat="51.4835300" lon="-0.2968230">
    <ele>4.2</ele>
    <time>2026-05-16T11:10:53Z</time>
   </trkpt>
   <trkpt lat="51.4835310" lon="-0.2968120">
    <ele>4.2</ele>
    <time>2026-05-16T11:10:54Z</time>
   </trkpt>
   <trkpt lat="51.4835380" lon="-0.2967910">
    <ele>4.2</ele>
    <time>2026-05-16T11:10:55Z</time>
   </trkpt>
   <trkpt lat="51.4835430" lon="-0.2967740">
    <ele>4.2</ele>
    <time>2026-05-16T11:10:56Z</time>
   </trkpt>
   <trkpt lat="51.4835490" lon="-0.2967570">
    <ele>4.2</ele>
    <time>2026-05-16T11:10:57Z</time>
   </trkpt>
   <trkpt lat="51.4835580" lon="-0.2967410">
    <ele>4.3</ele>
    <time>2026-05-16T11:10:58Z</time>
   </trkpt>
   <trkpt lat="51.4835620" lon="-0.2967360">
    <ele>4.3</ele>
    <time>2026-05-16T11:10:59Z</time>
   </trkpt>
   <trkpt lat="51.4835730" lon="-0.2967200">
    <ele>4.3</ele>
    <time>2026-05-16T11:11:00Z</time>
   </trkpt>
   <trkpt lat="51.4835820" lon="-0.2967110">
    <ele>4.3</ele>
    <time>2026-05-16T11:11:01Z</time>
   </trkpt>
   <trkpt lat="51.4835890" lon="-0.2967010">
    <ele>4.3</ele>
    <time>2026-05-16T11:11:02Z</time>
   </trkpt>
   <trkpt lat="51.4835960" lon="-0.2966900">
    <ele>4.3</ele>
    <time>2026-05-16T11:11:03Z</time>
   </trkpt>
   <trkpt lat="51.4836020" lon="-0.2966700">
    <ele>4.3</ele>
    <time>2026-05-16T11:11:04Z</time>
   </trkpt>
   <trkpt lat="51.4836080" lon="-0.2966590">
    <ele>4.3</ele>
    <time>2026-05-16T11:11:05Z</time>
   </trkpt>
   <trkpt lat="51.4836210" lon="-0.2966470">
    <ele>4.3</ele>
    <time>2026-05-16T11:11:06Z</time>
   </trkpt>
   <trkpt lat="51.4836290" lon="-0.2966300">
    <ele>4.3</ele>
    <time>2026-05-16T11:11:07Z</time>
   </trkpt>
   <trkpt lat="51.4836450" lon="-0.2966130">
    <ele>4.3</ele>
    <time>2026-05-16T11:11:08Z</time>
   </trkpt>
   <trkpt lat="51.4836530" lon="-0.2966030">
    <ele>4.3</ele>
    <time>2026-05-16T11:11:09Z</time>
   </trkpt>
   <trkpt lat="51.4836610" lon="-0.2965940">
    <ele>4.3</ele>
    <time>2026-05-16T11:11:10Z</time>
   </trkpt>
   <trkpt lat="51.4836680" lon="-0.2965870">
    <ele>4.3</ele>
    <time>2026-05-16T11:11:11Z</time>
   </trkpt>
   <trkpt lat="51.4836760" lon="-0.2965780">
    <ele>4.3</ele>
    <time>2026-05-16T11:11:12Z</time>
   </trkpt>
   <trkpt lat="51.4836830" lon="-0.2965640">
    <ele>4.3</ele>
    <time>2026-05-16T11:11:13Z</time>
   </trkpt>
   <trkpt lat="51.4836950" lon="-0.2965490">
    <ele>4.3</ele>
    <time>2026-05-16T11:11:14Z</time>
   </trkpt>
   <trkpt lat="51.4837050" lon="-0.2965370">
    <ele>4.3</ele>
    <time>2026-05-16T11:11:15Z</time>
   </trkpt>
   <trkpt lat="51.4837190" lon="-0.2965320">
    <ele>4.3</ele>
    <time>2026-05-16T11:11:16Z</time>
   </trkpt>
   <trkpt lat="51.4837340" lon="-0.2965220">
    <ele>4.3</ele>
    <time>2026-05-16T11:11:17Z</time>
   </trkpt>
   <trkpt lat="51.4837520" lon="-0.2965070">
    <ele>4.3</ele>
    <time>2026-05-16T11:11:18Z</time>
   </trkpt>
   <trkpt lat="51.4837590" lon="-0.2965000">
    <ele>4.3</ele>
    <time>2026-05-16T11:11:19Z</time>
   </trkpt>
   <trkpt lat="51.4837650" lon="-0.2964930">
    <ele>4.3</ele>
    <time>2026-05-16T11:11:20Z</time>
   </trkpt>
   <trkpt lat="51.4837700" lon="-0.2964770">
    <ele>4.3</ele>
    <time>2026-05-16T11:11:21Z</time>
   </trkpt>
   <trkpt lat="51.4837750" lon="-0.2964560">
    <ele>4.3</ele>
    <time>2026-05-16T11:11:22Z</time>
   </trkpt>
   <trkpt lat="51.4837780" lon="-0.2964390">
    <ele>4.3</ele>
    <time>2026-05-16T11:11:23Z</time>
   </trkpt>
   <trkpt lat="51.4837820" lon="-0.2964240">
    <ele>4.3</ele>
    <time>2026-05-16T11:11:24Z</time>
   </trkpt>
   <trkpt lat="51.4837890" lon="-0.2964120">
    <ele>4.3</ele>
    <time>2026-05-16T11:11:25Z</time>
   </trkpt>
   <trkpt lat="51.4837970" lon="-0.2963980">
    <ele>4.3</ele>
    <time>2026-05-16T11:11:26Z</time>
   </trkpt>
   <trkpt lat="51.4838060" lon="-0.2963880">
    <ele>4.3</ele>
    <time>2026-05-16T11:11:27Z</time>
   </trkpt>
   <trkpt lat="51.4838200" lon="-0.2963720">
    <ele>4.3</ele>
    <time>2026-05-16T11:11:28Z</time>
   </trkpt>
   <trkpt lat="51.4838310" lon="-0.2963600">
    <ele>4.3</ele>
    <time>2026-05-16T11:11:29Z</time>
   </trkpt>
   <trkpt lat="51.4838380" lon="-0.2963500">
    <ele>4.3</ele>
    <time>2026-05-16T11:11:30Z</time>
   </trkpt>
   <trkpt lat="51.4838460" lon="-0.2963360">
    <ele>4.3</ele>
    <time>2026-05-16T11:11:31Z</time>
   </trkpt>
   <trkpt lat="51.4838600" lon="-0.2963220">
    <ele>4.2</ele>
    <time>2026-05-16T11:11:32Z</time>
   </trkpt>
   <trkpt lat="51.4838720" lon="-0.2963100">
    <ele>4.2</ele>
    <time>2026-05-16T11:11:33Z</time>
   </trkpt>
   <trkpt lat="51.4838810" lon="-0.2963000">
    <ele>4.2</ele>
    <time>2026-05-16T11:11:34Z</time>
   </trkpt>
   <trkpt lat="51.4838910" lon="-0.2962920">
    <ele>4.2</ele>
    <time>2026-05-16T11:11:35Z</time>
   </trkpt>
   <trkpt lat="51.4839020" lon="-0.2962810">
    <ele>4.2</ele>
    <time>2026-05-16T11:11:36Z</time>
   </trkpt>
   <trkpt lat="51.4839110" lon="-0.2962660">
    <ele>4.2</ele>
    <time>2026-05-16T11:11:37Z</time>
   </trkpt>
   <trkpt lat="51.4839180" lon="-0.2962510">
    <ele>4.2</ele>
    <time>2026-05-16T11:11:38Z</time>
   </trkpt>
   <trkpt lat="51.4839280" lon="-0.2962400">
    <ele>4.2</ele>
    <time>2026-05-16T11:11:39Z</time>
   </trkpt>
   <trkpt lat="51.4839320" lon="-0.2962280">
    <ele>4.2</ele>
    <time>2026-05-16T11:11:40Z</time>
   </trkpt>
   <trkpt lat="51.4839470" lon="-0.2962150">
    <ele>4.2</ele>
    <time>2026-05-16T11:11:41Z</time>
   </trkpt>
   <trkpt lat="51.4839540" lon="-0.2961980">
    <ele>4.2</ele>
    <time>2026-05-16T11:11:42Z</time>
   </trkpt>
   <trkpt lat="51.4839620" lon="-0.2961890">
    <ele>4.2</ele>
    <time>2026-05-16T11:11:43Z</time>
   </trkpt>
   <trkpt lat="51.4839740" lon="-0.2961740">
    <ele>4.2</ele>
    <time>2026-05-16T11:11:44Z</time>
   </trkpt>
   <trkpt lat="51.4839820" lon="-0.2961640">
    <ele>4.2</ele>
    <time>2026-05-16T11:11:45Z</time>
   </trkpt>
   <trkpt lat="51.4839880" lon="-0.2961530">
    <ele>4.2</ele>
    <time>2026-05-16T11:11:46Z</time>
   </trkpt>
   <trkpt lat="51.4839970" lon="-0.2961380">
    <ele>4.2</ele>
    <time>2026-05-16T11:11:47Z</time>
   </trkpt>
   <trkpt lat="51.4840060" lon="-0.2961260">
    <ele>4.2</ele>
    <time>2026-05-16T11:11:48Z</time>
   </trkpt>
   <trkpt lat="51.4840160" lon="-0.2961120">
    <ele>4.2</ele>
    <time>2026-05-16T11:11:49Z</time>
   </trkpt>
   <trkpt lat="51.4840240" lon="-0.2961000">
    <ele>4.2</ele>
    <time>2026-05-16T11:11:50Z</time>
   </trkpt>
   <trkpt lat="51.4840280" lon="-0.2960840">
    <ele>4.2</ele>
    <time>2026-05-16T11:11:51Z</time>
   </trkpt>
   <trkpt lat="51.4840380" lon="-0.2960630">
    <ele>4.1</ele>
    <time>2026-05-16T11:11:52Z</time>
   </trkpt>
   <trkpt lat="51.4840430" lon="-0.2960580">
    <ele>4.1</ele>
    <time>2026-05-16T11:11:53Z</time>
   </trkpt>
   <trkpt lat="51.4840510" lon="-0.2960440">
    <ele>4.1</ele>
    <time>2026-05-16T11:11:54Z</time>
   </trkpt>
   <trkpt lat="51.4840660" lon="-0.2960180">
    <ele>4.1</ele>
    <time>2026-05-16T11:11:55Z</time>
   </trkpt>
   <trkpt lat="51.4840720" lon="-0.2960080">
    <ele>4.1</ele>
    <time>2026-05-16T11:11:56Z</time>
   </trkpt>
   <trkpt lat="51.4840790" lon="-0.2959980">
    <ele>4.1</ele>
    <time>2026-05-16T11:11:57Z</time>
   </trkpt>
   <trkpt lat="51.4840900" lon="-0.2959860">
    <ele>4.1</ele>
    <time>2026-05-16T11:11:58Z</time>
   </trkpt>
   <trkpt lat="51.4840960" lon="-0.2959770">
    <ele>4.1</ele>
    <time>2026-05-16T11:11:59Z</time>
   </trkpt>
   <trkpt lat="51.4841040" lon="-0.2959560">
    <ele>4.1</ele>
    <time>2026-05-16T11:12:00Z</time>
   </trkpt>
   <trkpt lat="51.4841110" lon="-0.2959520">
    <ele>4.1</ele>
    <time>2026-05-16T11:12:01Z</time>
   </trkpt>
   <trkpt lat="51.4841250" lon="-0.2959380">
    <ele>4.1</ele>
    <time>2026-05-16T11:12:02Z</time>
   </trkpt>
   <trkpt lat="51.4841350" lon="-0.2959310">
    <ele>4.1</ele>
    <time>2026-05-16T11:12:03Z</time>
   </trkpt>
   <trkpt lat="51.4841520" lon="-0.2959130">
    <ele>4.1</ele>
    <time>2026-05-16T11:12:04Z</time>
   </trkpt>
   <trkpt lat="51.4841590" lon="-0.2959040">
    <ele>4.1</ele>
    <time>2026-05-16T11:12:05Z</time>
   </trkpt>
   <trkpt lat="51.4841650" lon="-0.2958960">
    <ele>4.1</ele>
    <time>2026-05-16T11:12:06Z</time>
   </trkpt>
   <trkpt lat="51.4841810" lon="-0.2958710">
    <ele>4.1</ele>
    <time>2026-05-16T11:12:07Z</time>
   </trkpt>
   <trkpt lat="51.4841880" lon="-0.2958600">
    <ele>4.1</ele>
    <time>2026-05-16T11:12:08Z</time>
   </trkpt>
   <trkpt lat="51.4841940" lon="-0.2958490">
    <ele>4.1</ele>
    <time>2026-05-16T11:12:09Z</time>
   </trkpt>
   <trkpt lat="51.4842030" lon="-0.2958300">
    <ele>4.1</ele>
    <time>2026-05-16T11:12:10Z</time>
   </trkpt>
   <trkpt lat="51.4842080" lon="-0.2958230">
    <ele>4.1</ele>
    <time>2026-05-16T11:12:11Z</time>
   </trkpt>
   <trkpt lat="51.4842140" lon="-0.2958120">
    <ele>4.1</ele>
    <time>2026-05-16T11:12:12Z</time>
   </trkpt>
   <trkpt lat="51.4842280" lon="-0.2957910">
    <ele>4.1</ele>
    <time>2026-05-16T11:12:13Z</time>
   </trkpt>
   <trkpt lat="51.4842350" lon="-0.2957800">
    <ele>4.1</ele>
    <time>2026-05-16T11:12:14Z</time>
   </trkpt>
   <trkpt lat="51.4842430" lon="-0.2957700">
    <ele>4.1</ele>
    <time>2026-05-16T11:12:15Z</time>
   </trkpt>
   <trkpt lat="51.4842510" lon="-0.2957600">
    <ele>4.1</ele>
    <time>2026-05-16T11:12:16Z</time>
   </trkpt>
   <trkpt lat="51.4842580" lon="-0.2957480">
    <ele>4.1</ele>
    <time>2026-05-16T11:12:17Z</time>
   </trkpt>
   <trkpt lat="51.4842680" lon="-0.2957330">
    <ele>4.1</ele>
    <time>2026-05-16T11:12:18Z</time>
   </trkpt>
   <trkpt lat="51.4842760" lon="-0.2957250">
    <ele>4.1</ele>
    <time>2026-05-16T11:12:19Z</time>
   </trkpt>
   <trkpt lat="51.4842820" lon="-0.2957100">
    <ele>4.1</ele>
    <time>2026-05-16T11:12:20Z</time>
   </trkpt>
   <trkpt lat="51.4842870" lon="-0.2956970">
    <ele>4.1</ele>
    <time>2026-05-16T11:12:21Z</time>
   </trkpt>
   <trkpt lat="51.4842960" lon="-0.2956820">
    <ele>4.1</ele>
    <time>2026-05-16T11:12:22Z</time>
   </trkpt>
   <trkpt lat="51.4843120" lon="-0.2956680">
    <ele>4.1</ele>
    <time>2026-05-16T11:12:23Z</time>
   </trkpt>
   <trkpt lat="51.4843180" lon="-0.2956540">
    <ele>4.1</ele>
    <time>2026-05-16T11:12:24Z</time>
   </trkpt>
   <trkpt lat="51.4843230" lon="-0.2956410">
    <ele>4.0</ele>
    <time>2026-05-16T11:12:25Z</time>
   </trkpt>
   <trkpt lat="51.4843320" lon="-0.2956240">
    <ele>4.0</ele>
    <time>2026-05-16T11:12:26Z</time>
   </trkpt>
   <trkpt lat="51.4843390" lon="-0.2955950">
    <ele>4.0</ele>
    <time>2026-05-16T11:12:27Z</time>
   </trkpt>
   <trkpt lat="51.4843440" lon="-0.2955820">
    <ele>4.0</ele>
    <time>2026-05-16T11:12:28Z</time>
   </trkpt>
   <trkpt lat="51.4843500" lon="-0.2955680">
    <ele>4.0</ele>
    <time>2026-05-16T11:12:29Z</time>
   </trkpt>
   <trkpt lat="51.4843600" lon="-0.2955530">
    <ele>4.0</ele>
    <time>2026-05-16T11:12:30Z</time>
   </trkpt>
   <trkpt lat="51.4843690" lon="-0.2955360">
    <ele>4.0</ele>
    <time>2026-05-16T11:12:31Z</time>
   </trkpt>
   <trkpt lat="51.4843780" lon="-0.2955240">
    <ele>4.0</ele>
    <time>2026-05-16T11:12:32Z</time>
   </trkpt>
   <trkpt lat="51.4843850" lon="-0.2955120">
    <ele>4.0</ele>
    <time>2026-05-16T11:12:33Z</time>
   </trkpt>
   <trkpt lat="51.4843940" lon="-0.2954950">
    <ele>4.0</ele>
    <time>2026-05-16T11:12:34Z</time>
   </trkpt>
   <trkpt lat="51.4844020" lon="-0.2954820">
    <ele>4.0</ele>
    <time>2026-05-16T11:12:35Z</time>
   </trkpt>
   <trkpt lat="51.4844110" lon="-0.2954680">
    <ele>4.0</ele>
    <time>2026-05-16T11:12:36Z</time>
   </trkpt>
   <trkpt lat="51.4844160" lon="-0.2954610">
    <ele>4.0</ele>
    <time>2026-05-16T11:12:37Z</time>
   </trkpt>
   <trkpt lat="51.4844280" lon="-0.2954460">
    <ele>4.0</ele>
    <time>2026-05-16T11:12:38Z</time>
   </trkpt>
   <trkpt lat="51.4844350" lon="-0.2954330">
    <ele>4.0</ele>
    <time>2026-05-16T11:12:39Z</time>
   </trkpt>
   <trkpt lat="51.4844400" lon="-0.2954250">
    <ele>4.0</ele>
    <time>2026-05-16T11:12:40Z</time>
   </trkpt>
   <trkpt lat="51.4844530" lon="-0.2954070">
    <ele>4.0</ele>
    <time>2026-05-16T11:12:41Z</time>
   </trkpt>
   <trkpt lat="51.4844630" lon="-0.2953910">
    <ele>4.0</ele>
    <time>2026-05-16T11:12:42Z</time>
   </trkpt>
   <trkpt lat="51.4844700" lon="-0.2953750">
    <ele>4.0</ele>
    <time>2026-05-16T11:12:43Z</time>
   </trkpt>
   <trkpt lat="51.4844710" lon="-0.2953680">
    <ele>4.0</ele>
    <time>2026-05-16T11:12:44Z</time>
   </trkpt>
   <trkpt lat="51.4844770" lon="-0.2953570">
    <ele>4.0</ele>
    <time>2026-05-16T11:12:45Z</time>
   </trkpt>
   <trkpt lat="51.4844840" lon="-0.2953450">
    <ele>4.0</ele>
    <time>2026-05-16T11:12:46Z</time>
   </trkpt>
   <trkpt lat="51.4844980" lon="-0.2953210">
    <ele>4.0</ele>
    <time>2026-05-16T11:12:47Z</time>
   </trkpt>
   <trkpt lat="51.4845050" lon="-0.2953130">
    <ele>4.0</ele>
    <time>2026-05-16T11:12:48Z</time>
   </trkpt>
   <trkpt lat="51.4845110" lon="-0.2953040">
    <ele>4.0</ele>
    <time>2026-05-16T11:12:49Z</time>
   </trkpt>
   <trkpt lat="51.4845130" lon="-0.2952960">
    <ele>4.0</ele>
    <time>2026-05-16T11:12:50Z</time>
   </trkpt>
   <trkpt lat="51.4845190" lon="-0.2952840">
    <ele>4.0</ele>
    <time>2026-05-16T11:12:51Z</time>
   </trkpt>
   <trkpt lat="51.4845290" lon="-0.2952670">
    <ele>4.0</ele>
    <time>2026-05-16T11:12:52Z</time>
   </trkpt>
   <trkpt lat="51.4845390" lon="-0.2952550">
    <ele>4.0</ele>
    <time>2026-05-16T11:12:53Z</time>
   </trkpt>
   <trkpt lat="51.4845500" lon="-0.2952390">
    <ele>4.0</ele>
    <time>2026-05-16T11:12:54Z</time>
   </trkpt>
   <trkpt lat="51.4845620" lon="-0.2952110">
    <ele>4.0</ele>
    <time>2026-05-16T11:12:55Z</time>
   </trkpt>
   <trkpt lat="51.4845680" lon="-0.2952020">
    <ele>4.0</ele>
    <time>2026-05-16T11:12:56Z</time>
   </trkpt>
   <trkpt lat="51.4845730" lon="-0.2951920">
    <ele>4.0</ele>
    <time>2026-05-16T11:12:57Z</time>
   </trkpt>
   <trkpt lat="51.4845820" lon="-0.2951730">
    <ele>4.0</ele>
    <time>2026-05-16T11:12:58Z</time>
   </trkpt>
   <trkpt lat="51.4845880" lon="-0.2951620">
    <ele>4.0</ele>
    <time>2026-05-16T11:12:59Z</time>
   </trkpt>
   <trkpt lat="51.4845890" lon="-0.2951530">
    <ele>3.9</ele>
    <time>2026-05-16T11:13:00Z</time>
   </trkpt>
   <trkpt lat="51.4845950" lon="-0.2951400">
    <ele>3.9</ele>
    <time>2026-05-16T11:13:01Z</time>
   </trkpt>
   <trkpt lat="51.4846020" lon="-0.2951290">
    <ele>3.9</ele>
    <time>2026-05-16T11:13:02Z</time>
   </trkpt>
   <trkpt lat="51.4846080" lon="-0.2951160">
    <ele>3.9</ele>
    <time>2026-05-16T11:13:03Z</time>
   </trkpt>
   <trkpt lat="51.4846070" lon="-0.2951090">
    <ele>3.9</ele>
    <time>2026-05-16T11:13:04Z</time>
   </trkpt>
   <trkpt lat="51.4846080" lon="-0.2950970">
    <ele>3.9</ele>
    <time>2026-05-16T11:13:05Z</time>
   </trkpt>
   <trkpt lat="51.4846160" lon="-0.2950850">
    <ele>3.9</ele>
    <time>2026-05-16T11:13:06Z</time>
   </trkpt>
   <trkpt lat="51.4846260" lon="-0.2950650">
    <ele>3.9</ele>
    <time>2026-05-16T11:13:07Z</time>
   </trkpt>
   <trkpt lat="51.4846360" lon="-0.2950500">
    <ele>3.9</ele>
    <time>2026-05-16T11:13:08Z</time>
   </trkpt>
   <trkpt lat="51.4846430" lon="-0.2950370">
    <ele>3.9</ele>
    <time>2026-05-16T11:13:09Z</time>
   </trkpt>
   <trkpt lat="51.4846520" lon="-0.2950240">
    <ele>3.9</ele>
    <time>2026-05-16T11:13:10Z</time>
   </trkpt>
   <trkpt lat="51.4846660" lon="-0.2950080">
    <ele>3.9</ele>
    <time>2026-05-16T11:13:11Z</time>
   </trkpt>
   <trkpt lat="51.4846780" lon="-0.2949960">
    <ele>3.9</ele>
    <time>2026-05-16T11:13:12Z</time>
   </trkpt>
   <trkpt lat="51.4846930" lon="-0.2949780">
    <ele>3.9</ele>
    <time>2026-05-16T11:13:13Z</time>
   </trkpt>
   <trkpt lat="51.4847010" lon="-0.2949610">
    <ele>3.9</ele>
    <time>2026-05-16T11:13:14Z</time>
   </trkpt>
   <trkpt lat="51.4847190" lon="-0.2949460">
    <ele>3.9</ele>
    <time>2026-05-16T11:13:15Z</time>
   </trkpt>
   <trkpt lat="51.4847260" lon="-0.2949380">
    <ele>3.9</ele>
    <time>2026-05-16T11:13:16Z</time>
   </trkpt>
   <trkpt lat="51.4847330" lon="-0.2949300">
    <ele>3.9</ele>
    <time>2026-05-16T11:13:17Z</time>
   </trkpt>
   <trkpt lat="51.4847430" lon="-0.2949000">
    <ele>4.0</ele>
    <time>2026-05-16T11:13:18Z</time>
   </trkpt>
   <trkpt lat="51.4847480" lon="-0.2948890">
    <ele>4.0</ele>
    <time>2026-05-16T11:13:19Z</time>
   </trkpt>
   <trkpt lat="51.4847530" lon="-0.2948770">
    <ele>4.0</ele>
    <time>2026-05-16T11:13:20Z</time>
   </trkpt>
   <trkpt lat="51.4847570" lon="-0.2948570">
    <ele>4.0</ele>
    <time>2026-05-16T11:13:21Z</time>
   </trkpt>
   <trkpt lat="51.4847640" lon="-0.2948340">
    <ele>4.0</ele>
    <time>2026-05-16T11:13:22Z</time>
   </trkpt>
   <trkpt lat="51.4847670" lon="-0.2948220">
    <ele>4.0</ele>
    <time>2026-05-16T11:13:23Z</time>
   </trkpt>
   <trkpt lat="51.4847770" lon="-0.2948040">
    <ele>4.0</ele>
    <time>2026-05-16T11:13:24Z</time>
   </trkpt>
   <trkpt lat="51.4847820" lon="-0.2947890">
    <ele>4.0</ele>
    <time>2026-05-16T11:13:25Z</time>
   </trkpt>
   <trkpt lat="51.4847900" lon="-0.2947680">
    <ele>4.0</ele>
    <time>2026-05-16T11:13:26Z</time>
   </trkpt>
   <trkpt lat="51.4848000" lon="-0.2947480">
    <ele>4.0</ele>
    <time>2026-05-16T11:13:27Z</time>
   </trkpt>
   <trkpt lat="51.4848110" lon="-0.2947320">
    <ele>4.0</ele>
    <time>2026-05-16T11:13:28Z</time>
   </trkpt>
   <trkpt lat="51.4848220" lon="-0.2947180">
    <ele>4.0</ele>
    <time>2026-05-16T11:13:29Z</time>
   </trkpt>
   <trkpt lat="51.4848340" lon="-0.2946900">
    <ele>4.0</ele>
    <time>2026-05-16T11:13:30Z</time>
   </trkpt>
   <trkpt lat="51.4848390" lon="-0.2946790">
    <ele>4.0</ele>
    <time>2026-05-16T11:13:31Z</time>
   </trkpt>
   <trkpt lat="51.4848430" lon="-0.2946690">
    <ele>4.0</ele>
    <time>2026-05-16T11:13:32Z</time>
   </trkpt>
   <trkpt lat="51.4848530" lon="-0.2946560">
    <ele>4.0</ele>
    <time>2026-05-16T11:13:33Z</time>
   </trkpt>
   <trkpt lat="51.4848570" lon="-0.2946390">
    <ele>4.0</ele>
    <time>2026-05-16T11:13:34Z</time>
   </trkpt>
   <trkpt lat="51.4848630" lon="-0.2946230">
    <ele>4.0</ele>
    <time>2026-05-16T11:13:35Z</time>
   </trkpt>
   <trkpt lat="51.4848770" lon="-0.2945990">
    <ele>4.0</ele>
    <time>2026-05-16T11:13:36Z</time>
   </trkpt>
   <trkpt lat="51.4848840" lon="-0.2945880">
    <ele>4.0</ele>
    <time>2026-05-16T11:13:37Z</time>
   </trkpt>
   <trkpt lat="51.4848910" lon="-0.2945770">
    <ele>4.0</ele>
    <time>2026-05-16T11:13:38Z</time>
   </trkpt>
   <trkpt lat="51.4849070" lon="-0.2945540">
    <ele>4.0</ele>
    <time>2026-05-16T11:13:39Z</time>
   </trkpt>
   <trkpt lat="51.4849140" lon="-0.2945460">
    <ele>4.0</ele>
    <time>2026-05-16T11:13:40Z</time>
   </trkpt>
   <trkpt lat="51.4849210" lon="-0.2945370">
    <ele>4.0</ele>
    <time>2026-05-16T11:13:41Z</time>
   </trkpt>
   <trkpt lat="51.4849310" lon="-0.2945240">
    <ele>4.0</ele>
    <time>2026-05-16T11:13:42Z</time>
   </trkpt>
   <trkpt lat="51.4849380" lon="-0.2945090">
    <ele>4.0</ele>
    <time>2026-05-16T11:13:43Z</time>
   </trkpt>
   <trkpt lat="51.4849430" lon="-0.2944980">
    <ele>4.0</ele>
    <time>2026-05-16T11:13:44Z</time>
   </trkpt>
   <trkpt lat="51.4849490" lon="-0.2944850">
    <ele>4.0</ele>
    <time>2026-05-16T11:13:45Z</time>
   </trkpt>
   <trkpt lat="51.4849540" lon="-0.2944760">
    <ele>4.0</ele>
    <time>2026-05-16T11:13:46Z</time>
   </trkpt>
   <trkpt lat="51.4849680" lon="-0.2944600">
    <ele>4.0</ele>
    <time>2026-05-16T11:13:47Z</time>
   </trkpt>
   <trkpt lat="51.4849730" lon="-0.2944480">
    <ele>4.0</ele>
    <time>2026-05-16T11:13:48Z</time>
   </trkpt>
   <trkpt lat="51.4849840" lon="-0.2944320">
    <ele>4.0</ele>
    <time>2026-05-16T11:13:49Z</time>
   </trkpt>
   <trkpt lat="51.4849840" lon="-0.2944210">
    <ele>4.0</ele>
    <time>2026-05-16T11:13:50Z</time>
   </trkpt>
   <trkpt lat="51.4850010" lon="-0.2943960">
    <ele>4.0</ele>
    <time>2026-05-16T11:13:51Z</time>
   </trkpt>
   <trkpt lat="51.4850080" lon="-0.2943860">
    <ele>4.0</ele>
    <time>2026-05-16T11:13:52Z</time>
   </trkpt>
   <trkpt lat="51.4850150" lon="-0.2943750">
    <ele>4.0</ele>
    <time>2026-05-16T11:13:53Z</time>
   </trkpt>
   <trkpt lat="51.4850290" lon="-0.2943490">
    <ele>4.0</ele>
    <time>2026-05-16T11:13:54Z</time>
   </trkpt>
   <trkpt lat="51.4850340" lon="-0.2943390">
    <ele>4.0</ele>
    <time>2026-05-16T11:13:55Z</time>
   </trkpt>
   <trkpt lat="51.4850380" lon="-0.2943300">
    <ele>4.0</ele>
    <time>2026-05-16T11:13:56Z</time>
   </trkpt>
   <trkpt lat="51.4850450" lon="-0.2943200">
    <ele>4.0</ele>
    <time>2026-05-16T11:13:57Z</time>
   </trkpt>
   <trkpt lat="51.4850510" lon="-0.2943060">
    <ele>4.0</ele>
    <time>2026-05-16T11:13:58Z</time>
   </trkpt>
   <trkpt lat="51.4850550" lon="-0.2942920">
    <ele>4.0</ele>
    <time>2026-05-16T11:13:59Z</time>
   </trkpt>
   <trkpt lat="51.4850640" lon="-0.2942760">
    <ele>4.0</ele>
    <time>2026-05-16T11:14:00Z</time>
   </trkpt>
   <trkpt lat="51.4850730" lon="-0.2942620">
    <ele>4.0</ele>
    <time>2026-05-16T11:14:01Z</time>
   </trkpt>
   <trkpt lat="51.4850770" lon="-0.2942500">
    <ele>4.0</ele>
    <time>2026-05-16T11:14:02Z</time>
   </trkpt>
   <trkpt lat="51.4850860" lon="-0.2942340">
    <ele>4.0</ele>
    <time>2026-05-16T11:14:03Z</time>
   </trkpt>
   <trkpt lat="51.4850930" lon="-0.2942210">
    <ele>4.0</ele>
    <time>2026-05-16T11:14:04Z</time>
   </trkpt>
   <trkpt lat="51.4851000" lon="-0.2942080">
    <ele>4.0</ele>
    <time>2026-05-16T11:14:05Z</time>
   </trkpt>
   <trkpt lat="51.4851040" lon="-0.2941990">
    <ele>4.0</ele>
    <time>2026-05-16T11:14:06Z</time>
   </trkpt>
   <trkpt lat="51.4851100" lon="-0.2941870">
    <ele>4.0</ele>
    <time>2026-05-16T11:14:07Z</time>
   </trkpt>
   <trkpt lat="51.4851190" lon="-0.2941680">
    <ele>3.9</ele>
    <time>2026-05-16T11:14:08Z</time>
   </trkpt>
   <trkpt lat="51.4851350" lon="-0.2941500">
    <ele>3.9</ele>
    <time>2026-05-16T11:14:09Z</time>
   </trkpt>
   <trkpt lat="51.4851420" lon="-0.2941400">
    <ele>3.9</ele>
    <time>2026-05-16T11:14:10Z</time>
   </trkpt>
   <trkpt lat="51.4851500" lon="-0.2941300">
    <ele>3.9</ele>
    <time>2026-05-16T11:14:11Z</time>
   </trkpt>
   <trkpt lat="51.4851580" lon="-0.2941150">
    <ele>3.9</ele>
    <time>2026-05-16T11:14:12Z</time>
   </trkpt>
   <trkpt lat="51.4851660" lon="-0.2941010">
    <ele>3.9</ele>
    <time>2026-05-16T11:14:13Z</time>
   </trkpt>
   <trkpt lat="51.4851760" lon="-0.2940900">
    <ele>3.9</ele>
    <time>2026-05-16T11:14:14Z</time>
   </trkpt>
   <trkpt lat="51.4851870" lon="-0.2940710">
    <ele>3.9</ele>
    <time>2026-05-16T11:14:15Z</time>
   </trkpt>
   <trkpt lat="51.4851950" lon="-0.2940540">
    <ele>3.9</ele>
    <time>2026-05-16T11:14:16Z</time>
   </trkpt>
   <trkpt lat="51.4852140" lon="-0.2940340">
    <ele>3.9</ele>
    <time>2026-05-16T11:14:17Z</time>
   </trkpt>
   <trkpt lat="51.4852190" lon="-0.2940260">
    <ele>3.9</ele>
    <time>2026-05-16T11:14:18Z</time>
   </trkpt>
   <trkpt lat="51.4852240" lon="-0.2940190">
    <ele>3.9</ele>
    <time>2026-05-16T11:14:19Z</time>
   </trkpt>
   <trkpt lat="51.4852330" lon="-0.2940030">
    <ele>3.8</ele>
    <time>2026-05-16T11:14:20Z</time>
   </trkpt>
   <trkpt lat="51.4852440" lon="-0.2939900">
    <ele>3.8</ele>
    <time>2026-05-16T11:14:21Z</time>
   </trkpt>
   <trkpt lat="51.4852600" lon="-0.2939660">
    <ele>3.8</ele>
    <time>2026-05-16T11:14:22Z</time>
   </trkpt>
   <trkpt lat="51.4852670" lon="-0.2939560">
    <ele>3.8</ele>
    <time>2026-05-16T11:14:23Z</time>
   </trkpt>
   <trkpt lat="51.4852730" lon="-0.2939470">
    <ele>3.8</ele>
    <time>2026-05-16T11:14:24Z</time>
   </trkpt>
   <trkpt lat="51.4852800" lon="-0.2939230">
    <ele>3.8</ele>
    <time>2026-05-16T11:14:25Z</time>
   </trkpt>
   <trkpt lat="51.4852810" lon="-0.2939110">
    <ele>3.8</ele>
    <time>2026-05-16T11:14:26Z</time>
   </trkpt>
   <trkpt lat="51.4852830" lon="-0.2939000">
    <ele>3.8</ele>
    <time>2026-05-16T11:14:27Z</time>
   </trkpt>
   <trkpt lat="51.4852840" lon="-0.2938880">
    <ele>3.8</ele>
    <time>2026-05-16T11:14:28Z</time>
   </trkpt>
   <trkpt lat="51.4852870" lon="-0.2938760">
    <ele>3.8</ele>
    <time>2026-05-16T11:14:29Z</time>
   </trkpt>
   <trkpt lat="51.4852890" lon="-0.2938610">
    <ele>3.8</ele>
    <time>2026-05-16T11:14:30Z</time>
   </trkpt>
   <trkpt lat="51.4852920" lon="-0.2938430">
    <ele>3.7</ele>
    <time>2026-05-16T11:14:31Z</time>
   </trkpt>
   <trkpt lat="51.4852980" lon="-0.2938200">
    <ele>3.7</ele>
    <time>2026-05-16T11:14:32Z</time>
   </trkpt>
   <trkpt lat="51.4852990" lon="-0.2938010">
    <ele>3.7</ele>
    <time>2026-05-16T11:14:33Z</time>
   </trkpt>
   <trkpt lat="51.4852980" lon="-0.2937820">
    <ele>3.7</ele>
    <time>2026-05-16T11:14:34Z</time>
   </trkpt>
   <trkpt lat="51.4853010" lon="-0.2937730">
    <ele>3.7</ele>
    <time>2026-05-16T11:14:35Z</time>
   </trkpt>
   <trkpt lat="51.4853070" lon="-0.2937500">
    <ele>3.7</ele>
    <time>2026-05-16T11:14:36Z</time>
   </trkpt>
   <trkpt lat="51.4853130" lon="-0.2937330">
    <ele>3.7</ele>
    <time>2026-05-16T11:14:37Z</time>
   </trkpt>
   <trkpt lat="51.4853230" lon="-0.2937100">
    <ele>3.7</ele>
    <time>2026-05-16T11:14:38Z</time>
   </trkpt>
   <trkpt lat="51.4853290" lon="-0.2936790">
    <ele>3.7</ele>
    <time>2026-05-16T11:14:39Z</time>
   </trkpt>
   <trkpt lat="51.4853300" lon="-0.2936650">
    <ele>3.7</ele>
    <time>2026-05-16T11:14:40Z</time>
   </trkpt>
   <trkpt lat="51.4853320" lon="-0.2936500">
    <ele>3.7</ele>
    <time>2026-05-16T11:14:41Z</time>
   </trkpt>
   <trkpt lat="51.4853390" lon="-0.2936290">
    <ele>3.7</ele>
    <time>2026-05-16T11:14:42Z</time>
   </trkpt>
   <trkpt lat="51.4853450" lon="-0.2936080">
    <ele>3.6</ele>
    <time>2026-05-16T11:14:43Z</time>
   </trkpt>
   <trkpt lat="51.4853530" lon="-0.2935890">
    <ele>3.6</ele>
    <time>2026-05-16T11:14:44Z</time>
   </trkpt>
   <trkpt lat="51.4853560" lon="-0.2935690">
    <ele>3.6</ele>
    <time>2026-05-16T11:14:45Z</time>
   </trkpt>
   <trkpt lat="51.4853560" lon="-0.2935530">
    <ele>3.6</ele>
    <time>2026-05-16T11:14:46Z</time>
   </trkpt>
   <trkpt lat="51.4853650" lon="-0.2935310">
    <ele>3.6</ele>
    <time>2026-05-16T11:14:47Z</time>
   </trkpt>
   <trkpt lat="51.4853690" lon="-0.2935200">
    <ele>3.6</ele>
    <time>2026-05-16T11:14:48Z</time>
   </trkpt>
   <trkpt lat="51.4853700" lon="-0.2935060">
    <ele>3.6</ele>
    <time>2026-05-16T11:14:49Z</time>
   </trkpt>
   <trkpt lat="51.4853730" lon="-0.2934960">
    <ele>3.6</ele>
    <time>2026-05-16T11:14:50Z</time>
   </trkpt>
   <trkpt lat="51.4853750" lon="-0.2934810">
    <ele>3.6</ele>
    <time>2026-05-16T11:14:51Z</time>
   </trkpt>
   <trkpt lat="51.4853770" lon="-0.2934640">
    <ele>3.6</ele>
    <time>2026-05-16T11:14:52Z</time>
   </trkpt>
   <trkpt lat="51.4853810" lon="-0.2934450">
    <ele>3.6</ele>
    <time>2026-05-16T11:14:53Z</time>
   </trkpt>
   <trkpt lat="51.4853820" lon="-0.2934290">
    <ele>3.6</ele>
    <time>2026-05-16T11:14:54Z</time>
   </trkpt>
   <trkpt lat="51.4853870" lon="-0.2934120">
    <ele>3.6</ele>
    <time>2026-05-16T11:14:55Z</time>
   </trkpt>
   <trkpt lat="51.4853940" lon="-0.2933910">
    <ele>3.6</ele>
    <time>2026-05-16T11:14:56Z</time>
   </trkpt>
   <trkpt lat="51.4853990" lon="-0.2933690">
    <ele>3.6</ele>
    <time>2026-05-16T11:14:57Z</time>
   </trkpt>
   <trkpt lat="51.4854040" lon="-0.2933320">
    <ele>3.6</ele>
    <time>2026-05-16T11:14:58Z</time>
   </trkpt>
   <trkpt lat="51.4854050" lon="-0.2933180">
    <ele>3.6</ele>
    <time>2026-05-16T11:14:59Z</time>
   </trkpt>
   <trkpt lat="51.4854060" lon="-0.2933050">
    <ele>3.6</ele>
    <time>2026-05-16T11:15:00Z</time>
   </trkpt>
   <trkpt lat="51.4854140" lon="-0.2932750">
    <ele>3.6</ele>
    <time>2026-05-16T11:15:01Z</time>
   </trkpt>
   <trkpt lat="51.4854170" lon="-0.2932620">
    <ele>3.6</ele>
    <time>2026-05-16T11:15:02Z</time>
   </trkpt>
   <trkpt lat="51.4854210" lon="-0.2932480">
    <ele>3.6</ele>
    <time>2026-05-16T11:15:03Z</time>
   </trkpt>
   <trkpt lat="51.4854270" lon="-0.2932330">
    <ele>3.6</ele>
    <time>2026-05-16T11:15:04Z</time>
   </trkpt>
   <trkpt lat="51.4854290" lon="-0.2932160">
    <ele>3.6</ele>
    <time>2026-05-16T11:15:05Z</time>
   </trkpt>
   <trkpt lat="51.4854380" lon="-0.2931990">
    <ele>3.6</ele>
    <time>2026-05-16T11:15:06Z</time>
   </trkpt>
   <trkpt lat="51.4854430" lon="-0.2931840">
    <ele>3.6</ele>
    <time>2026-05-16T11:15:07Z</time>
   </trkpt>
   <trkpt lat="51.4854480" lon="-0.2931540">
    <ele>3.6</ele>
    <time>2026-05-16T11:15:08Z</time>
   </trkpt>
   <trkpt lat="51.4854580" lon="-0.2931330">
    <ele>3.5</ele>
    <time>2026-05-16T11:15:09Z</time>
   </trkpt>
   <trkpt lat="51.4854630" lon="-0.2931120">
    <ele>3.5</ele>
    <time>2026-05-16T11:15:10Z</time>
   </trkpt>
   <trkpt lat="51.4854660" lon="-0.2930810">
    <ele>3.5</ele>
    <time>2026-05-16T11:15:11Z</time>
   </trkpt>
   <trkpt lat="51.4854680" lon="-0.2930670">
    <ele>3.5</ele>
    <time>2026-05-16T11:15:12Z</time>
   </trkpt>
   <trkpt lat="51.4854710" lon="-0.2930540">
    <ele>3.5</ele>
    <time>2026-05-16T11:15:13Z</time>
   </trkpt>
   <trkpt lat="51.4854750" lon="-0.2930370">
    <ele>3.5</ele>
    <time>2026-05-16T11:15:14Z</time>
   </trkpt>
   <trkpt lat="51.4854780" lon="-0.2930220">
    <ele>3.5</ele>
    <time>2026-05-16T11:15:15Z</time>
   </trkpt>
   <trkpt lat="51.4854820" lon="-0.2930070">
    <ele>3.5</ele>
    <time>2026-05-16T11:15:16Z</time>
   </trkpt>
   <trkpt lat="51.4854890" lon="-0.2929740">
    <ele>3.5</ele>
    <time>2026-05-16T11:15:17Z</time>
   </trkpt>
   <trkpt lat="51.4854920" lon="-0.2929620">
    <ele>3.5</ele>
    <time>2026-05-16T11:15:18Z</time>
   </trkpt>
   <trkpt lat="51.4854940" lon="-0.2929490">
    <ele>3.5</ele>
    <time>2026-05-16T11:15:19Z</time>
   </trkpt>
   <trkpt lat="51.4855000" lon="-0.2929260">
    <ele>3.5</ele>
    <time>2026-05-16T11:15:20Z</time>
   </trkpt>
   <trkpt lat="51.4855090" lon="-0.2929170">
    <ele>3.5</ele>
    <time>2026-05-16T11:15:21Z</time>
   </trkpt>
   <trkpt lat="51.4855150" lon="-0.2929090">
    <ele>3.5</ele>
    <time>2026-05-16T11:15:22Z</time>
   </trkpt>
   <trkpt lat="51.4855210" lon="-0.2928780">
    <ele>3.5</ele>
    <time>2026-05-16T11:15:23Z</time>
   </trkpt>
   <trkpt lat="51.4855230" lon="-0.2928650">
    <ele>3.5</ele>
    <time>2026-05-16T11:15:24Z</time>
   </trkpt>
   <trkpt lat="51.4855260" lon="-0.2928510">
    <ele>3.5</ele>
    <time>2026-05-16T11:15:25Z</time>
   </trkpt>
   <trkpt lat="51.4855330" lon="-0.2928300">
    <ele>3.5</ele>
    <time>2026-05-16T11:15:26Z</time>
   </trkpt>
   <trkpt lat="51.4855400" lon="-0.2928160">
    <ele>3.5</ele>
    <time>2026-05-16T11:15:27Z</time>
   </trkpt>
   <trkpt lat="51.4855450" lon="-0.2928000">
    <ele>3.5</ele>
    <time>2026-05-16T11:15:28Z</time>
   </trkpt>
   <trkpt lat="51.4855530" lon="-0.2927890">
    <ele>3.5</ele>
    <time>2026-05-16T11:15:29Z</time>
   </trkpt>
   <trkpt lat="51.4855550" lon="-0.2927760">
    <ele>3.5</ele>
    <time>2026-05-16T11:15:30Z</time>
   </trkpt>
   <trkpt lat="51.4855570" lon="-0.2927570">
    <ele>3.5</ele>
    <time>2026-05-16T11:15:31Z</time>
   </trkpt>
   <trkpt lat="51.4855590" lon="-0.2927250">
    <ele>3.5</ele>
    <time>2026-05-16T11:15:32Z</time>
   </trkpt>
   <trkpt lat="51.4855610" lon="-0.2927130">
    <ele>3.5</ele>
    <time>2026-05-16T11:15:33Z</time>
   </trkpt>
   <trkpt lat="51.4855640" lon="-0.2927000">
    <ele>3.5</ele>
    <time>2026-05-16T11:15:34Z</time>
   </trkpt>
   <trkpt lat="51.4855690" lon="-0.2926660">
    <ele>3.5</ele>
    <time>2026-05-16T11:15:35Z</time>
   </trkpt>
   <trkpt lat="51.4855710" lon="-0.2926530">
    <ele>3.5</ele>
    <time>2026-05-16T11:15:36Z</time>
   </trkpt>
   <trkpt lat="51.4855740" lon="-0.2926390">
    <ele>3.5</ele>
    <time>2026-05-16T11:15:37Z</time>
   </trkpt>
   <trkpt lat="51.4855780" lon="-0.2926230">
    <ele>3.5</ele>
    <time>2026-05-16T11:15:38Z</time>
   </trkpt>
   <trkpt lat="51.4855840" lon="-0.2926050">
    <ele>3.5</ele>
    <time>2026-05-16T11:15:39Z</time>
   </trkpt>
   <trkpt lat="51.4855880" lon="-0.2925870">
    <ele>3.5</ele>
    <time>2026-05-16T11:15:40Z</time>
   </trkpt>
   <trkpt lat="51.4855970" lon="-0.2925570">
    <ele>3.5</ele>
    <time>2026-05-16T11:15:41Z</time>
   </trkpt>
   <trkpt lat="51.4856020" lon="-0.2925420">
    <ele>3.5</ele>
    <time>2026-05-16T11:15:42Z</time>
   </trkpt>
   <trkpt lat="51.4856060" lon="-0.2925280">
    <ele>3.5</ele>
    <time>2026-05-16T11:15:43Z</time>
   </trkpt>
   <trkpt lat="51.4856150" lon="-0.2924980">
    <ele>3.5</ele>
    <time>2026-05-16T11:15:44Z</time>
   </trkpt>
   <trkpt lat="51.4856170" lon="-0.2924840">
    <ele>3.5</ele>
    <time>2026-05-16T11:15:45Z</time>
   </trkpt>
   <trkpt lat="51.4856200" lon="-0.2924700">
    <ele>3.5</ele>
    <time>2026-05-16T11:15:46Z</time>
   </trkpt>
   <trkpt lat="51.4856250" lon="-0.2924530">
    <ele>3.5</ele>
    <time>2026-05-16T11:15:47Z</time>
   </trkpt>
   <trkpt lat="51.4856290" lon="-0.2924350">
    <ele>3.5</ele>
    <time>2026-05-16T11:15:48Z</time>
   </trkpt>
   <trkpt lat="51.4856290" lon="-0.2924200">
    <ele>3.5</ele>
    <time>2026-05-16T11:15:49Z</time>
   </trkpt>
   <trkpt lat="51.4856370" lon="-0.2924060">
    <ele>3.5</ele>
    <time>2026-05-16T11:15:50Z</time>
   </trkpt>
   <trkpt lat="51.4856420" lon="-0.2923900">
    <ele>3.5</ele>
    <time>2026-05-16T11:15:51Z</time>
   </trkpt>
   <trkpt lat="51.4856450" lon="-0.2923690">
    <ele>3.5</ele>
    <time>2026-05-16T11:15:52Z</time>
   </trkpt>
   <trkpt lat="51.4856480" lon="-0.2923380">
    <ele>3.5</ele>
    <time>2026-05-16T11:15:53Z</time>
   </trkpt>
   <trkpt lat="51.4856500" lon="-0.2923250">
    <ele>3.5</ele>
    <time>2026-05-16T11:15:54Z</time>
   </trkpt>
   <trkpt lat="51.4856530" lon="-0.2923120">
    <ele>3.5</ele>
    <time>2026-05-16T11:15:55Z</time>
   </trkpt>
   <trkpt lat="51.4856520" lon="-0.2922840">
    <ele>3.4</ele>
    <time>2026-05-16T11:15:56Z</time>
   </trkpt>
   <trkpt lat="51.4856520" lon="-0.2922690">
    <ele>3.4</ele>
    <time>2026-05-16T11:15:57Z</time>
   </trkpt>
   <trkpt lat="51.4856520" lon="-0.2922540">
    <ele>3.4</ele>
    <time>2026-05-16T11:15:58Z</time>
   </trkpt>
   <trkpt lat="51.4856510" lon="-0.2922300">
    <ele>3.4</ele>
    <time>2026-05-16T11:15:59Z</time>
   </trkpt>
   <trkpt lat="51.4856570" lon="-0.2922100">
    <ele>3.4</ele>
    <time>2026-05-16T11:16:00Z</time>
   </trkpt>
   <trkpt lat="51.4856630" lon="-0.2921790">
    <ele>3.4</ele>
    <time>2026-05-16T11:16:01Z</time>
   </trkpt>
   <trkpt lat="51.4856680" lon="-0.2921660">
    <ele>3.4</ele>
    <time>2026-05-16T11:16:02Z</time>
   </trkpt>
   <trkpt lat="51.4856720" lon="-0.2921530">
    <ele>3.4</ele>
    <time>2026-05-16T11:16:03Z</time>
   </trkpt>
   <trkpt lat="51.4856810" lon="-0.2921320">
    <ele>3.4</ele>
    <time>2026-05-16T11:16:04Z</time>
   </trkpt>
   <trkpt lat="51.4856920" lon="-0.2921080">
    <ele>3.4</ele>
    <time>2026-05-16T11:16:05Z</time>
   </trkpt>
   <trkpt lat="51.4857010" lon="-0.2920900">
    <ele>3.4</ele>
    <time>2026-05-16T11:16:06Z</time>
   </trkpt>
   <trkpt lat="51.4857100" lon="-0.2920750">
    <ele>3.4</ele>
    <time>2026-05-16T11:16:07Z</time>
   </trkpt>
   <trkpt lat="51.4857130" lon="-0.2920650">
    <ele>3.4</ele>
    <time>2026-05-16T11:16:08Z</time>
   </trkpt>
   <trkpt lat="51.4857170" lon="-0.2920450">
    <ele>3.4</ele>
    <time>2026-05-16T11:16:09Z</time>
   </trkpt>
   <trkpt lat="51.4857240" lon="-0.2920240">
    <ele>3.4</ele>
    <time>2026-05-16T11:16:10Z</time>
   </trkpt>
   <trkpt lat="51.4857280" lon="-0.2920070">
    <ele>3.4</ele>
    <time>2026-05-16T11:16:11Z</time>
   </trkpt>
   <trkpt lat="51.4857330" lon="-0.2919950">
    <ele>3.4</ele>
    <time>2026-05-16T11:16:12Z</time>
   </trkpt>
   <trkpt lat="51.4857350" lon="-0.2919790">
    <ele>3.4</ele>
    <time>2026-05-16T11:16:13Z</time>
   </trkpt>
   <trkpt lat="51.4857420" lon="-0.2919570">
    <ele>3.4</ele>
    <time>2026-05-16T11:16:14Z</time>
   </trkpt>
   <trkpt lat="51.4857450" lon="-0.2919320">
    <ele>3.4</ele>
    <time>2026-05-16T11:16:15Z</time>
   </trkpt>
   <trkpt lat="51.4857540" lon="-0.2919100">
    <ele>3.4</ele>
    <time>2026-05-16T11:16:16Z</time>
   </trkpt>
   <trkpt lat="51.4857590" lon="-0.2918930">
    <ele>3.4</ele>
    <time>2026-05-16T11:16:17Z</time>
   </trkpt>
   <trkpt lat="51.4857640" lon="-0.2918780">
    <ele>3.4</ele>
    <time>2026-05-16T11:16:18Z</time>
   </trkpt>
   <trkpt lat="51.4857660" lon="-0.2918650">
    <ele>3.4</ele>
    <time>2026-05-16T11:16:19Z</time>
   </trkpt>
   <trkpt lat="51.4857680" lon="-0.2918470">
    <ele>3.4</ele>
    <time>2026-05-16T11:16:20Z</time>
   </trkpt>
   <trkpt lat="51.4857650" lon="-0.2918430">
    <ele>3.4</ele>
    <time>2026-05-16T11:16:21Z</time>
   </trkpt>
   <trkpt lat="51.4857650" lon="-0.2918230">
    <ele>3.4</ele>
    <time>2026-05-16T11:16:22Z</time>
   </trkpt>
   <trkpt lat="51.4857670" lon="-0.2918140">
    <ele>3.4</ele>
    <time>2026-05-16T11:16:23Z</time>
   </trkpt>
   <trkpt lat="51.4857660" lon="-0.2918070">
    <ele>3.4</ele>
    <time>2026-05-16T11:16:24Z</time>
   </trkpt>
   <trkpt lat="51.4857720" lon="-0.2917930">
    <ele>3.4</ele>
    <time>2026-05-16T11:16:25Z</time>
   </trkpt>
   <trkpt lat="51.4857820" lon="-0.2917640">
    <ele>3.4</ele>
    <time>2026-05-16T11:16:26Z</time>
   </trkpt>
   <trkpt lat="51.4857880" lon="-0.2917520">
    <ele>3.4</ele>
    <time>2026-05-16T11:16:27Z</time>
   </trkpt>
   <trkpt lat="51.4857940" lon="-0.2917390">
    <ele>3.4</ele>
    <time>2026-05-16T11:16:28Z</time>
   </trkpt>
   <trkpt lat="51.4857990" lon="-0.2917160">
    <ele>3.4</ele>
    <time>2026-05-16T11:16:29Z</time>
   </trkpt>
   <trkpt lat="51.4858010" lon="-0.2917060">
    <ele>3.4</ele>
    <time>2026-05-16T11:16:30Z</time>
   </trkpt>
   <trkpt lat="51.4858040" lon="-0.2916950">
    <ele>3.4</ele>
    <time>2026-05-16T11:16:31Z</time>
   </trkpt>
   <trkpt lat="51.4858060" lon="-0.2916840">
    <ele>3.4</ele>
    <time>2026-05-16T11:16:32Z</time>
   </trkpt>
   <trkpt lat="51.4858120" lon="-0.2916690">
    <ele>3.4</ele>
    <time>2026-05-16T11:16:33Z</time>
   </trkpt>
   <trkpt lat="51.4858170" lon="-0.2916440">
    <ele>3.4</ele>
    <time>2026-05-16T11:16:34Z</time>
   </trkpt>
   <trkpt lat="51.4858200" lon="-0.2916250">
    <ele>3.4</ele>
    <time>2026-05-16T11:16:35Z</time>
   </trkpt>
   <trkpt lat="51.4858210" lon="-0.2916110">
    <ele>3.4</ele>
    <time>2026-05-16T11:16:36Z</time>
   </trkpt>
   <trkpt lat="51.4858220" lon="-0.2915880">
    <ele>3.4</ele>
    <time>2026-05-16T11:16:37Z</time>
   </trkpt>
   <trkpt lat="51.4858230" lon="-0.2915700">
    <ele>3.4</ele>
    <time>2026-05-16T11:16:38Z</time>
   </trkpt>
   <trkpt lat="51.4858270" lon="-0.2915530">
    <ele>3.4</ele>
    <time>2026-05-16T11:16:39Z</time>
   </trkpt>
   <trkpt lat="51.4858300" lon="-0.2915330">
    <ele>3.4</ele>
    <time>2026-05-16T11:16:40Z</time>
   </trkpt>
   <trkpt lat="51.4858380" lon="-0.2915080">
    <ele>3.5</ele>
    <time>2026-05-16T11:16:41Z</time>
   </trkpt>
   <trkpt lat="51.4858430" lon="-0.2914880">
    <ele>3.5</ele>
    <time>2026-05-16T11:16:42Z</time>
   </trkpt>
   <trkpt lat="51.4858460" lon="-0.2914720">
    <ele>3.5</ele>
    <time>2026-05-16T11:16:43Z</time>
   </trkpt>
   <trkpt lat="51.4858500" lon="-0.2914580">
    <ele>3.5</ele>
    <time>2026-05-16T11:16:44Z</time>
   </trkpt>
   <trkpt lat="51.4858560" lon="-0.2914400">
    <ele>3.5</ele>
    <time>2026-05-16T11:16:45Z</time>
   </trkpt>
   <trkpt lat="51.4858620" lon="-0.2914250">
    <ele>3.5</ele>
    <time>2026-05-16T11:16:46Z</time>
   </trkpt>
   <trkpt lat="51.4858660" lon="-0.2914080">
    <ele>3.5</ele>
    <time>2026-05-16T11:16:47Z</time>
   </trkpt>
   <trkpt lat="51.4858690" lon="-0.2913900">
    <ele>3.5</ele>
    <time>2026-05-16T11:16:48Z</time>
   </trkpt>
   <trkpt lat="51.4858740" lon="-0.2913530">
    <ele>3.5</ele>
    <time>2026-05-16T11:16:49Z</time>
   </trkpt>
   <trkpt lat="51.4858740" lon="-0.2913430">
    <ele>3.5</ele>
    <time>2026-05-16T11:16:50Z</time>
   </trkpt>
   <trkpt lat="51.4858740" lon="-0.2913320">
    <ele>3.5</ele>
    <time>2026-05-16T11:16:51Z</time>
   </trkpt>
   <trkpt lat="51.4858720" lon="-0.2913210">
    <ele>3.5</ele>
    <time>2026-05-16T11:16:52Z</time>
   </trkpt>
   <trkpt lat="51.4858760" lon="-0.2913010">
    <ele>3.5</ele>
    <time>2026-05-16T11:16:53Z</time>
   </trkpt>
   <trkpt lat="51.4858780" lon="-0.2912850">
    <ele>3.6</ele>
    <time>2026-05-16T11:16:54Z</time>
   </trkpt>
   <trkpt lat="51.4858850" lon="-0.2912690">
    <ele>3.6</ele>
    <time>2026-05-16T11:16:55Z</time>
   </trkpt>
   <trkpt lat="51.4858920" lon="-0.2912480">
    <ele>3.6</ele>
    <time>2026-05-16T11:16:56Z</time>
   </trkpt>
   <trkpt lat="51.4858980" lon="-0.2912270">
    <ele>3.6</ele>
    <time>2026-05-16T11:16:57Z</time>
   </trkpt>
   <trkpt lat="51.4859070" lon="-0.2912100">
    <ele>3.6</ele>
    <time>2026-05-16T11:16:58Z</time>
   </trkpt>
   <trkpt lat="51.4859090" lon="-0.2911950">
    <ele>3.7</ele>
    <time>2026-05-16T11:16:59Z</time>
   </trkpt>
   <trkpt lat="51.4859150" lon="-0.2911750">
    <ele>3.7</ele>
    <time>2026-05-16T11:17:00Z</time>
   </trkpt>
   <trkpt lat="51.4859170" lon="-0.2911590">
    <ele>3.7</ele>
    <time>2026-05-16T11:17:01Z</time>
   </trkpt>
   <trkpt lat="51.4859240" lon="-0.2911270">
    <ele>3.7</ele>
    <time>2026-05-16T11:17:02Z</time>
   </trkpt>
   <trkpt lat="51.4859270" lon="-0.2911150">
    <ele>3.8</ele>
    <time>2026-05-16T11:17:03Z</time>
   </trkpt>
   <trkpt lat="51.4859310" lon="-0.2911030">
    <ele>3.8</ele>
    <time>2026-05-16T11:17:04Z</time>
   </trkpt>
   <trkpt lat="51.4859370" lon="-0.2910870">
    <ele>3.8</ele>
    <time>2026-05-16T11:17:05Z</time>
   </trkpt>
   <trkpt lat="51.4859440" lon="-0.2910650">
    <ele>3.8</ele>
    <time>2026-05-16T11:17:06Z</time>
   </trkpt>
   <trkpt lat="51.4859530" lon="-0.2910490">
    <ele>3.9</ele>
    <time>2026-05-16T11:17:07Z</time>
   </trkpt>
   <trkpt lat="51.4859610" lon="-0.2910310">
    <ele>3.9</ele>
    <time>2026-05-16T11:17:08Z</time>
   </trkpt>
   <trkpt lat="51.4859640" lon="-0.2910140">
    <ele>3.9</ele>
    <time>2026-05-16T11:17:09Z</time>
   </trkpt>
   <trkpt lat="51.4859690" lon="-0.2909990">
    <ele>4.0</ele>
    <time>2026-05-16T11:17:10Z</time>
   </trkpt>
   <trkpt lat="51.4859750" lon="-0.2909810">
    <ele>4.0</ele>
    <time>2026-05-16T11:17:11Z</time>
   </trkpt>
   <trkpt lat="51.4859820" lon="-0.2909600">
    <ele>4.1</ele>
    <time>2026-05-16T11:17:12Z</time>
   </trkpt>
   <trkpt lat="51.4859920" lon="-0.2909360">
    <ele>4.1</ele>
    <time>2026-05-16T11:17:13Z</time>
   </trkpt>
   <trkpt lat="51.4859940" lon="-0.2909170">
    <ele>4.1</ele>
    <time>2026-05-16T11:17:14Z</time>
   </trkpt>
   <trkpt lat="51.4859970" lon="-0.2909030">
    <ele>4.2</ele>
    <time>2026-05-16T11:17:15Z</time>
   </trkpt>
   <trkpt lat="51.4859990" lon="-0.2908920">
    <ele>4.2</ele>
    <time>2026-05-16T11:17:16Z</time>
   </trkpt>
   <trkpt lat="51.4860040" lon="-0.2908710">
    <ele>4.2</ele>
    <time>2026-05-16T11:17:17Z</time>
   </trkpt>
   <trkpt lat="51.4860120" lon="-0.2908470">
    <ele>4.3</ele>
    <time>2026-05-16T11:17:18Z</time>
   </trkpt>
   <trkpt lat="51.4860230" lon="-0.2908270">
    <ele>4.3</ele>
    <time>2026-05-16T11:17:19Z</time>
   </trkpt>
   <trkpt lat="51.4860320" lon="-0.2908060">
    <ele>4.4</ele>
    <time>2026-05-16T11:17:20Z</time>
   </trkpt>
   <trkpt lat="51.4860310" lon="-0.2907860">
    <ele>4.4</ele>
    <time>2026-05-16T11:17:21Z</time>
   </trkpt>
   <trkpt lat="51.4860380" lon="-0.2907690">
    <ele>4.5</ele>
    <time>2026-05-16T11:17:22Z</time>
   </trkpt>
   <trkpt lat="51.4860400" lon="-0.2907530">
    <ele>4.5</ele>
    <time>2026-05-16T11:17:23Z</time>
   </trkpt>
   <trkpt lat="51.4860400" lon="-0.2907400">
    <ele>4.5</ele>
    <time>2026-05-16T11:17:24Z</time>
   </trkpt>
   <trkpt lat="51.4860380" lon="-0.2907240">
    <ele>4.6</ele>
    <time>2026-05-16T11:17:25Z</time>
   </trkpt>
   <trkpt lat="51.4860400" lon="-0.2907040">
    <ele>4.6</ele>
    <time>2026-05-16T11:17:26Z</time>
   </trkpt>
   <trkpt lat="51.4860470" lon="-0.2906810">
    <ele>4.6</ele>
    <time>2026-05-16T11:17:27Z</time>
   </trkpt>
   <trkpt lat="51.4860520" lon="-0.2906640">
    <ele>4.7</ele>
    <time>2026-05-16T11:17:28Z</time>
   </trkpt>
   <trkpt lat="51.4860620" lon="-0.2906420">
    <ele>4.7</ele>
    <time>2026-05-16T11:17:29Z</time>
   </trkpt>
   <trkpt lat="51.4860690" lon="-0.2906200">
    <ele>4.7</ele>
    <time>2026-05-16T11:17:30Z</time>
   </trkpt>
   <trkpt lat="51.4860770" lon="-0.2906020">
    <ele>4.7</ele>
    <time>2026-05-16T11:17:31Z</time>
   </trkpt>
   <trkpt lat="51.4860860" lon="-0.2905910">
    <ele>4.7</ele>
    <time>2026-05-16T11:17:32Z</time>
   </trkpt>
   <trkpt lat="51.4860930" lon="-0.2905820">
    <ele>4.7</ele>
    <time>2026-05-16T11:17:33Z</time>
   </trkpt>
   <trkpt lat="51.4861140" lon="-0.2905660">
    <ele>4.7</ele>
    <time>2026-05-16T11:17:34Z</time>
   </trkpt>
   <trkpt lat="51.4861220" lon="-0.2905620">
    <ele>4.8</ele>
    <time>2026-05-16T11:17:35Z</time>
   </trkpt>
   <trkpt lat="51.4861310" lon="-0.2905590">
    <ele>4.8</ele>
    <time>2026-05-16T11:17:36Z</time>
   </trkpt>
   <trkpt lat="51.4861400" lon="-0.2905530">
    <ele>4.8</ele>
    <time>2026-05-16T11:17:37Z</time>
   </trkpt>
   <trkpt lat="51.4861430" lon="-0.2905430">
    <ele>4.8</ele>
    <time>2026-05-16T11:17:38Z</time>
   </trkpt>
   <trkpt lat="51.4861560" lon="-0.2905270">
    <ele>4.8</ele>
    <time>2026-05-16T11:17:39Z</time>
   </trkpt>
   <trkpt lat="51.4861650" lon="-0.2905080">
    <ele>4.8</ele>
    <time>2026-05-16T11:17:40Z</time>
   </trkpt>
   <trkpt lat="51.4861700" lon="-0.2904910">
    <ele>4.8</ele>
    <time>2026-05-16T11:17:41Z</time>
   </trkpt>
   <trkpt lat="51.4861810" lon="-0.2904660">
    <ele>4.8</ele>
    <time>2026-05-16T11:17:42Z</time>
   </trkpt>
   <trkpt lat="51.4861860" lon="-0.2904520">
    <ele>4.8</ele>
    <time>2026-05-16T11:17:43Z</time>
   </trkpt>
   <trkpt lat="51.4861910" lon="-0.2904390">
    <ele>4.8</ele>
    <time>2026-05-16T11:17:44Z</time>
   </trkpt>
   <trkpt lat="51.4861920" lon="-0.2904260">
    <ele>4.8</ele>
    <time>2026-05-16T11:17:45Z</time>
   </trkpt>
   <trkpt lat="51.4861970" lon="-0.2904140">
    <ele>4.8</ele>
    <time>2026-05-16T11:17:46Z</time>
   </trkpt>
   <trkpt lat="51.4862010" lon="-0.2903890">
    <ele>4.8</ele>
    <time>2026-05-16T11:17:47Z</time>
   </trkpt>
   <trkpt lat="51.4862020" lon="-0.2903740">
    <ele>4.8</ele>
    <time>2026-05-16T11:17:48Z</time>
   </trkpt>
   <trkpt lat="51.4862040" lon="-0.2903620">
    <ele>4.8</ele>
    <time>2026-05-16T11:17:49Z</time>
   </trkpt>
   <trkpt lat="51.4862080" lon="-0.2903470">
    <ele>4.8</ele>
    <time>2026-05-16T11:17:50Z</time>
   </trkpt>
   <trkpt lat="51.4862140" lon="-0.2903270">
    <ele>4.8</ele>
    <time>2026-05-16T11:17:51Z</time>
   </trkpt>
   <trkpt lat="51.4862180" lon="-0.2903120">
    <ele>4.8</ele>
    <time>2026-05-16T11:17:52Z</time>
   </trkpt>
   <trkpt lat="51.4862220" lon="-0.2902970">
    <ele>4.8</ele>
    <time>2026-05-16T11:17:53Z</time>
   </trkpt>
   <trkpt lat="51.4862270" lon="-0.2902800">
    <ele>4.8</ele>
    <time>2026-05-16T11:17:54Z</time>
   </trkpt>
   <trkpt lat="51.4862280" lon="-0.2902610">
    <ele>4.8</ele>
    <time>2026-05-16T11:17:55Z</time>
   </trkpt>
   <trkpt lat="51.4862270" lon="-0.2902430">
    <ele>4.8</ele>
    <time>2026-05-16T11:17:56Z</time>
   </trkpt>
   <trkpt lat="51.4862330" lon="-0.2902100">
    <ele>4.8</ele>
    <time>2026-05-16T11:17:57Z</time>
   </trkpt>
   <trkpt lat="51.4862360" lon="-0.2901980">
    <ele>4.8</ele>
    <time>2026-05-16T11:17:58Z</time>
   </trkpt>
   <trkpt lat="51.4862390" lon="-0.2901850">
    <ele>4.8</ele>
    <time>2026-05-16T11:17:59Z</time>
   </trkpt>
   <trkpt lat="51.4862450" lon="-0.2901690">
    <ele>4.8</ele>
    <time>2026-05-16T11:18:00Z</time>
   </trkpt>
   <trkpt lat="51.4862510" lon="-0.2901440">
    <ele>4.8</ele>
    <time>2026-05-16T11:18:01Z</time>
   </trkpt>
   <trkpt lat="51.4862530" lon="-0.2901190">
    <ele>4.8</ele>
    <time>2026-05-16T11:18:02Z</time>
   </trkpt>
   <trkpt lat="51.4862530" lon="-0.2901030">
    <ele>4.8</ele>
    <time>2026-05-16T11:18:03Z</time>
   </trkpt>
   <trkpt lat="51.4862540" lon="-0.2900890">
    <ele>4.8</ele>
    <time>2026-05-16T11:18:04Z</time>
   </trkpt>
   <trkpt lat="51.4862580" lon="-0.2900710">
    <ele>4.8</ele>
    <time>2026-05-16T11:18:05Z</time>
   </trkpt>
   <trkpt lat="51.4862620" lon="-0.2900470">
    <ele>4.8</ele>
    <time>2026-05-16T11:18:06Z</time>
   </trkpt>
   <trkpt lat="51.4862710" lon="-0.2900170">
    <ele>4.8</ele>
    <time>2026-05-16T11:18:07Z</time>
   </trkpt>
   <trkpt lat="51.4862720" lon="-0.2900030">
    <ele>4.8</ele>
    <time>2026-05-16T11:18:08Z</time>
   </trkpt>
   <trkpt lat="51.4862740" lon="-0.2899880">
    <ele>4.8</ele>
    <time>2026-05-16T11:18:09Z</time>
   </trkpt>
   <trkpt lat="51.4862730" lon="-0.2899690">
    <ele>4.8</ele>
    <time>2026-05-16T11:18:10Z</time>
   </trkpt>
   <trkpt lat="51.4862750" lon="-0.2899590">
    <ele>4.8</ele>
    <time>2026-05-16T11:18:11Z</time>
   </trkpt>
   <trkpt lat="51.4862780" lon="-0.2899350">
    <ele>4.8</ele>
    <time>2026-05-16T11:18:12Z</time>
   </trkpt>
   <trkpt lat="51.4862820" lon="-0.2899130">
    <ele>4.8</ele>
    <time>2026-05-16T11:18:13Z</time>
   </trkpt>
   <trkpt lat="51.4862870" lon="-0.2898930">
    <ele>4.8</ele>
    <time>2026-05-16T11:18:14Z</time>
   </trkpt>
   <trkpt lat="51.4862900" lon="-0.2898820">
    <ele>4.8</ele>
    <time>2026-05-16T11:18:15Z</time>
   </trkpt>
   <trkpt lat="51.4862950" lon="-0.2898600">
    <ele>4.8</ele>
    <time>2026-05-16T11:18:16Z</time>
   </trkpt>
   <trkpt lat="51.4862980" lon="-0.2898420">
    <ele>4.8</ele>
    <time>2026-05-16T11:18:17Z</time>
   </trkpt>
   <trkpt lat="51.4863000" lon="-0.2898160">
    <ele>4.8</ele>
    <time>2026-05-16T11:18:18Z</time>
   </trkpt>
   <trkpt lat="51.4863010" lon="-0.2898060">
    <ele>4.8</ele>
    <time>2026-05-16T11:18:19Z</time>
   </trkpt>
   <trkpt lat="51.4863020" lon="-0.2897960">
    <ele>4.8</ele>
    <time>2026-05-16T11:18:20Z</time>
   </trkpt>
   <trkpt lat="51.4863070" lon="-0.2897780">
    <ele>4.8</ele>
    <time>2026-05-16T11:18:21Z</time>
   </trkpt>
   <trkpt lat="51.4863100" lon="-0.2897660">
    <ele>4.8</ele>
    <time>2026-05-16T11:18:22Z</time>
   </trkpt>
   <trkpt lat="51.4863140" lon="-0.2897560">
    <ele>4.8</ele>
    <time>2026-05-16T11:18:23Z</time>
   </trkpt>
   <trkpt lat="51.4863170" lon="-0.2897330">
    <ele>4.8</ele>
    <time>2026-05-16T11:18:24Z</time>
   </trkpt>
   <trkpt lat="51.4863210" lon="-0.2897110">
    <ele>4.8</ele>
    <time>2026-05-16T11:18:25Z</time>
   </trkpt>
   <trkpt lat="51.4863220" lon="-0.2896950">
    <ele>4.8</ele>
    <time>2026-05-16T11:18:26Z</time>
   </trkpt>
   <trkpt lat="51.4863230" lon="-0.2896840">
    <ele>4.8</ele>
    <time>2026-05-16T11:18:27Z</time>
   </trkpt>
   <trkpt lat="51.4863240" lon="-0.2896610">
    <ele>4.8</ele>
    <time>2026-05-16T11:18:28Z</time>
   </trkpt>
   <trkpt lat="51.4863250" lon="-0.2896420">
    <ele>4.8</ele>
    <time>2026-05-16T11:18:29Z</time>
   </trkpt>
   <trkpt lat="51.4863240" lon="-0.2896080">
    <ele>4.8</ele>
    <time>2026-05-16T11:18:30Z</time>
   </trkpt>
   <trkpt lat="51.4863270" lon="-0.2895910">
    <ele>4.8</ele>
    <time>2026-05-16T11:18:31Z</time>
   </trkpt>
   <trkpt lat="51.4863270" lon="-0.2895800">
    <ele>4.8</ele>
    <time>2026-05-16T11:18:32Z</time>
   </trkpt>
   <trkpt lat="51.4863290" lon="-0.2895570">
    <ele>4.8</ele>
    <time>2026-05-16T11:18:33Z</time>
   </trkpt>
   <trkpt lat="51.4863300" lon="-0.2895310">
    <ele>4.8</ele>
    <time>2026-05-16T11:18:34Z</time>
   </trkpt>
   <trkpt lat="51.4863300" lon="-0.2895210">
    <ele>4.8</ele>
    <time>2026-05-16T11:18:35Z</time>
   </trkpt>
   <trkpt lat="51.4863300" lon="-0.2895100">
    <ele>4.8</ele>
    <time>2026-05-16T11:18:36Z</time>
   </trkpt>
   <trkpt lat="51.4863300" lon="-0.2894990">
    <ele>4.8</ele>
    <time>2026-05-16T11:18:37Z</time>
   </trkpt>
   <trkpt lat="51.4863300" lon="-0.2894820">
    <ele>4.8</ele>
    <time>2026-05-16T11:18:38Z</time>
   </trkpt>
   <trkpt lat="51.4863350" lon="-0.2894590">
    <ele>4.8</ele>
    <time>2026-05-16T11:18:39Z</time>
   </trkpt>
   <trkpt lat="51.4863400" lon="-0.2894430">
    <ele>4.8</ele>
    <time>2026-05-16T11:18:40Z</time>
   </trkpt>
   <trkpt lat="51.4863430" lon="-0.2894280">
    <ele>4.8</ele>
    <time>2026-05-16T11:18:41Z</time>
   </trkpt>
   <trkpt lat="51.4863470" lon="-0.2894090">
    <ele>4.8</ele>
    <time>2026-05-16T11:18:42Z</time>
   </trkpt>
   <trkpt lat="51.4863520" lon="-0.2893950">
    <ele>4.8</ele>
    <time>2026-05-16T11:18:43Z</time>
   </trkpt>
   <trkpt lat="51.4863540" lon="-0.2893740">
    <ele>4.8</ele>
    <time>2026-05-16T11:18:44Z</time>
   </trkpt>
   <trkpt lat="51.4863550" lon="-0.2893630">
    <ele>4.8</ele>
    <time>2026-05-16T11:18:45Z</time>
   </trkpt>
   <trkpt lat="51.4863570" lon="-0.2893510">
    <ele>4.9</ele>
    <time>2026-05-16T11:18:46Z</time>
   </trkpt>
   <trkpt lat="51.4863580" lon="-0.2893400">
    <ele>4.9</ele>
    <time>2026-05-16T11:18:47Z</time>
   </trkpt>
   <trkpt lat="51.4863590" lon="-0.2893290">
    <ele>4.9</ele>
    <time>2026-05-16T11:18:48Z</time>
   </trkpt>
   <trkpt lat="51.4863610" lon="-0.2893090">
    <ele>4.9</ele>
    <time>2026-05-16T11:18:49Z</time>
   </trkpt>
   <trkpt lat="51.4863630" lon="-0.2892950">
    <ele>4.9</ele>
    <time>2026-05-16T11:18:50Z</time>
   </trkpt>
   <trkpt lat="51.4863640" lon="-0.2892800">
    <ele>4.9</ele>
    <time>2026-05-16T11:18:51Z</time>
   </trkpt>
   <trkpt lat="51.4863650" lon="-0.2892660">
    <ele>4.9</ele>
    <time>2026-05-16T11:18:52Z</time>
   </trkpt>
   <trkpt lat="51.4863660" lon="-0.2892510">
    <ele>4.9</ele>
    <time>2026-05-16T11:18:53Z</time>
   </trkpt>
   <trkpt lat="51.4863650" lon="-0.2892300">
    <ele>4.9</ele>
    <time>2026-05-16T11:18:54Z</time>
   </trkpt>
   <trkpt lat="51.4863660" lon="-0.2892210">
    <ele>4.9</ele>
    <time>2026-05-16T11:18:55Z</time>
   </trkpt>
   <trkpt lat="51.4863660" lon="-0.2892010">
    <ele>4.9</ele>
    <time>2026-05-16T11:18:56Z</time>
   </trkpt>
   <trkpt lat="51.4863670" lon="-0.2891880">
    <ele>4.9</ele>
    <time>2026-05-16T11:18:57Z</time>
   </trkpt>
   <trkpt lat="51.4863700" lon="-0.2891690">
    <ele>4.9</ele>
    <time>2026-05-16T11:18:58Z</time>
   </trkpt>
   <trkpt lat="51.4863720" lon="-0.2891530">
    <ele>4.9</ele>
    <time>2026-05-16T11:18:59Z</time>
   </trkpt>
   <trkpt lat="51.4863690" lon="-0.2891340">
    <ele>4.9</ele>
    <time>2026-05-16T11:19:00Z</time>
   </trkpt>
   <trkpt lat="51.4863710" lon="-0.2891150">
    <ele>4.9</ele>
    <time>2026-05-16T11:19:01Z</time>
   </trkpt>
   <trkpt lat="51.4863680" lon="-0.2891070">
    <ele>4.9</ele>
    <time>2026-05-16T11:19:02Z</time>
   </trkpt>
   <trkpt lat="51.4863690" lon="-0.2890820">
    <ele>4.9</ele>
    <time>2026-05-16T11:19:03Z</time>
   </trkpt>
   <trkpt lat="51.4863690" lon="-0.2890620">
    <ele>4.9</ele>
    <time>2026-05-16T11:19:04Z</time>
   </trkpt>
   <trkpt lat="51.4863720" lon="-0.2890460">
    <ele>4.9</ele>
    <time>2026-05-16T11:19:05Z</time>
   </trkpt>
   <trkpt lat="51.4863720" lon="-0.2890310">
    <ele>4.9</ele>
    <time>2026-05-16T11:19:06Z</time>
   </trkpt>
   <trkpt lat="51.4863700" lon="-0.2890050">
    <ele>4.9</ele>
    <time>2026-05-16T11:19:07Z</time>
   </trkpt>
   <trkpt lat="51.4863710" lon="-0.2889850">
    <ele>4.9</ele>
    <time>2026-05-16T11:19:08Z</time>
   </trkpt>
   <trkpt lat="51.4863710" lon="-0.2889690">
    <ele>5.0</ele>
    <time>2026-05-16T11:19:09Z</time>
   </trkpt>
   <trkpt lat="51.4863690" lon="-0.2889560">
    <ele>5.0</ele>
    <time>2026-05-16T11:19:10Z</time>
   </trkpt>
   <trkpt lat="51.4863680" lon="-0.2889320">
    <ele>5.0</ele>
    <time>2026-05-16T11:19:11Z</time>
   </trkpt>
   <trkpt lat="51.4863700" lon="-0.2889110">
    <ele>5.0</ele>
    <time>2026-05-16T11:19:12Z</time>
   </trkpt>
   <trkpt lat="51.4863720" lon="-0.2888790">
    <ele>5.0</ele>
    <time>2026-05-16T11:19:13Z</time>
   </trkpt>
   <trkpt lat="51.4863720" lon="-0.2888650">
    <ele>5.0</ele>
    <time>2026-05-16T11:19:14Z</time>
   </trkpt>
   <trkpt lat="51.4863720" lon="-0.2888500">
    <ele>5.0</ele>
    <time>2026-05-16T11:19:15Z</time>
   </trkpt>
   <trkpt lat="51.4863790" lon="-0.2888170">
    <ele>5.0</ele>
    <time>2026-05-16T11:19:16Z</time>
   </trkpt>
   <trkpt lat="51.4863810" lon="-0.2888010">
    <ele>5.0</ele>
    <time>2026-05-16T11:19:17Z</time>
   </trkpt>
   <trkpt lat="51.4863830" lon="-0.2887830">
    <ele>5.0</ele>
    <time>2026-05-16T11:19:18Z</time>
   </trkpt>
   <trkpt lat="51.4863840" lon="-0.2887620">
    <ele>5.0</ele>
    <time>2026-05-16T11:19:19Z</time>
   </trkpt>
   <trkpt lat="51.4863840" lon="-0.2887460">
    <ele>5.0</ele>
    <time>2026-05-16T11:19:20Z</time>
   </trkpt>
   <trkpt lat="51.4863850" lon="-0.2887220">
    <ele>5.0</ele>
    <time>2026-05-16T11:19:21Z</time>
   </trkpt>
   <trkpt lat="51.4863860" lon="-0.2887080">
    <ele>5.0</ele>
    <time>2026-05-16T11:19:22Z</time>
   </trkpt>
   <trkpt lat="51.4863870" lon="-0.2886930">
    <ele>4.9</ele>
    <time>2026-05-16T11:19:23Z</time>
   </trkpt>
   <trkpt lat="51.4863850" lon="-0.2886850">
    <ele>4.9</ele>
    <time>2026-05-16T11:19:24Z</time>
   </trkpt>
   <trkpt lat="51.4863840" lon="-0.2886660">
    <ele>4.9</ele>
    <time>2026-05-16T11:19:25Z</time>
   </trkpt>
   <trkpt lat="51.4863870" lon="-0.2886440">
    <ele>4.9</ele>
    <time>2026-05-16T11:19:26Z</time>
   </trkpt>
   <trkpt lat="51.4863910" lon="-0.2886140">
    <ele>4.9</ele>
    <time>2026-05-16T11:19:27Z</time>
   </trkpt>
   <trkpt lat="51.4863920" lon="-0.2885940">
    <ele>4.9</ele>
    <time>2026-05-16T11:19:28Z</time>
   </trkpt>
   <trkpt lat="51.4863880" lon="-0.2885770">
    <ele>4.9</ele>
    <time>2026-05-16T11:19:29Z</time>
   </trkpt>
   <trkpt lat="51.4863860" lon="-0.2885510">
    <ele>4.8</ele>
    <time>2026-05-16T11:19:30Z</time>
   </trkpt>
   <trkpt lat="51.4863890" lon="-0.2885220">
    <ele>4.8</ele>
    <time>2026-05-16T11:19:31Z</time>
   </trkpt>
   <trkpt lat="51.4863900" lon="-0.2885060">
    <ele>4.8</ele>
    <time>2026-05-16T11:19:32Z</time>
   </trkpt>
   <trkpt lat="51.4863920" lon="-0.2884920">
    <ele>4.8</ele>
    <time>2026-05-16T11:19:33Z</time>
   </trkpt>
   <trkpt lat="51.4863950" lon="-0.2884630">
    <ele>4.7</ele>
    <time>2026-05-16T11:19:34Z</time>
   </trkpt>
   <trkpt lat="51.4863960" lon="-0.2884520">
    <ele>4.7</ele>
    <time>2026-05-16T11:19:35Z</time>
   </trkpt>
   <trkpt lat="51.4863960" lon="-0.2884260">
    <ele>4.7</ele>
    <time>2026-05-16T11:19:36Z</time>
   </trkpt>
   <trkpt lat="51.4863970" lon="-0.2884080">
    <ele>4.7</ele>
    <time>2026-05-16T11:19:37Z</time>
   </trkpt>
   <trkpt lat="51.4864030" lon="-0.2883890">
    <ele>4.7</ele>
    <time>2026-05-16T11:19:38Z</time>
   </trkpt>
   <trkpt lat="51.4864090" lon="-0.2883680">
    <ele>4.6</ele>
    <time>2026-05-16T11:19:39Z</time>
   </trkpt>
   <trkpt lat="51.4864100" lon="-0.2883460">
    <ele>4.6</ele>
    <time>2026-05-16T11:19:40Z</time>
   </trkpt>
   <trkpt lat="51.4864110" lon="-0.2883180">
    <ele>4.6</ele>
    <time>2026-05-16T11:19:41Z</time>
   </trkpt>
   <trkpt lat="51.4864110" lon="-0.2882830">
    <ele>4.6</ele>
    <time>2026-05-16T11:19:42Z</time>
   </trkpt>
   <trkpt lat="51.4864110" lon="-0.2882690">
    <ele>4.6</ele>
    <time>2026-05-16T11:19:43Z</time>
   </trkpt>
   <trkpt lat="51.4864100" lon="-0.2882550">
    <ele>4.6</ele>
    <time>2026-05-16T11:19:44Z</time>
   </trkpt>
   <trkpt lat="51.4864100" lon="-0.2882310">
    <ele>4.6</ele>
    <time>2026-05-16T11:19:45Z</time>
   </trkpt>
   <trkpt lat="51.4864130" lon="-0.2882090">
    <ele>4.6</ele>
    <time>2026-05-16T11:19:46Z</time>
   </trkpt>
   <trkpt lat="51.4864140" lon="-0.2881950">
    <ele>4.6</ele>
    <time>2026-05-16T11:19:47Z</time>
   </trkpt>
   <trkpt lat="51.4864120" lon="-0.2881790">
    <ele>4.5</ele>
    <time>2026-05-16T11:19:48Z</time>
   </trkpt>
   <trkpt lat="51.4864130" lon="-0.2881560">
    <ele>4.5</ele>
    <time>2026-05-16T11:19:49Z</time>
   </trkpt>
   <trkpt lat="51.4864130" lon="-0.2881190">
    <ele>4.5</ele>
    <time>2026-05-16T11:19:50Z</time>
   </trkpt>
   <trkpt lat="51.4864120" lon="-0.2881050">
    <ele>4.5</ele>
    <time>2026-05-16T11:19:51Z</time>
   </trkpt>
   <trkpt lat="51.4864120" lon="-0.2880920">
    <ele>4.5</ele>
    <time>2026-05-16T11:19:52Z</time>
   </trkpt>
   <trkpt lat="51.4864120" lon="-0.2880740">
    <ele>4.5</ele>
    <time>2026-05-16T11:19:53Z</time>
   </trkpt>
   <trkpt lat="51.4864120" lon="-0.2880570">
    <ele>4.5</ele>
    <time>2026-05-16T11:19:54Z</time>
   </trkpt>
   <trkpt lat="51.4864140" lon="-0.2880370">
    <ele>4.5</ele>
    <time>2026-05-16T11:19:55Z</time>
   </trkpt>
   <trkpt lat="51.4864160" lon="-0.2880060">
    <ele>4.5</ele>
    <time>2026-05-16T11:19:56Z</time>
   </trkpt>
   <trkpt lat="51.4864150" lon="-0.2879820">
    <ele>4.5</ele>
    <time>2026-05-16T11:19:57Z</time>
   </trkpt>
   <trkpt lat="51.4864190" lon="-0.2879580">
    <ele>4.5</ele>
    <time>2026-05-16T11:19:58Z</time>
   </trkpt>
   <trkpt lat="51.4864210" lon="-0.2879360">
    <ele>4.5</ele>
    <time>2026-05-16T11:19:59Z</time>
   </trkpt>
   <trkpt lat="51.4864220" lon="-0.2879150">
    <ele>4.5</ele>
    <time>2026-05-16T11:20:00Z</time>
   </trkpt>
   <trkpt lat="51.4864240" lon="-0.2878980">
    <ele>4.5</ele>
    <time>2026-05-16T11:20:01Z</time>
   </trkpt>
   <trkpt lat="51.4864230" lon="-0.2878810">
    <ele>4.5</ele>
    <time>2026-05-16T11:20:02Z</time>
   </trkpt>
   <trkpt lat="51.4864250" lon="-0.2878500">
    <ele>4.5</ele>
    <time>2026-05-16T11:20:03Z</time>
   </trkpt>
   <trkpt lat="51.4864270" lon="-0.2878370">
    <ele>4.6</ele>
    <time>2026-05-16T11:20:04Z</time>
   </trkpt>
   <trkpt lat="51.4864280" lon="-0.2878230">
    <ele>4.6</ele>
    <time>2026-05-16T11:20:05Z</time>
   </trkpt>
   <trkpt lat="51.4864280" lon="-0.2878070">
    <ele>4.6</ele>
    <time>2026-05-16T11:20:06Z</time>
   </trkpt>
   <trkpt lat="51.4864310" lon="-0.2877840">
    <ele>4.6</ele>
    <time>2026-05-16T11:20:07Z</time>
   </trkpt>
   <trkpt lat="51.4864280" lon="-0.2877670">
    <ele>4.6</ele>
    <time>2026-05-16T11:20:08Z</time>
   </trkpt>
   <trkpt lat="51.4864270" lon="-0.2877480">
    <ele>4.6</ele>
    <time>2026-05-16T11:20:09Z</time>
   </trkpt>
   <trkpt lat="51.4864270" lon="-0.2877360">
    <ele>4.6</ele>
    <time>2026-05-16T11:20:10Z</time>
   </trkpt>
   <trkpt lat="51.4864250" lon="-0.2877140">
    <ele>4.6</ele>
    <time>2026-05-16T11:20:11Z</time>
   </trkpt>
   <trkpt lat="51.4864250" lon="-0.2876920">
    <ele>4.6</ele>
    <time>2026-05-16T11:20:12Z</time>
   </trkpt>
   <trkpt lat="51.4864240" lon="-0.2876680">
    <ele>4.6</ele>
    <time>2026-05-16T11:20:13Z</time>
   </trkpt>
   <trkpt lat="51.4864260" lon="-0.2876440">
    <ele>4.6</ele>
    <time>2026-05-16T11:20:14Z</time>
   </trkpt>
   <trkpt lat="51.4864260" lon="-0.2876310">
    <ele>4.6</ele>
    <time>2026-05-16T11:20:15Z</time>
   </trkpt>
   <trkpt lat="51.4864250" lon="-0.2876190">
    <ele>4.6</ele>
    <time>2026-05-16T11:20:16Z</time>
   </trkpt>
   <trkpt lat="51.4864250" lon="-0.2876070">
    <ele>4.6</ele>
    <time>2026-05-16T11:20:17Z</time>
   </trkpt>
   <trkpt lat="51.4864180" lon="-0.2875720">
    <ele>4.6</ele>
    <time>2026-05-16T11:20:18Z</time>
   </trkpt>
   <trkpt lat="51.4864160" lon="-0.2875600">
    <ele>4.7</ele>
    <time>2026-05-16T11:20:19Z</time>
   </trkpt>
   <trkpt lat="51.4864130" lon="-0.2875470">
    <ele>4.7</ele>
    <time>2026-05-16T11:20:20Z</time>
   </trkpt>
   <trkpt lat="51.4864050" lon="-0.2874930">
    <ele>4.7</ele>
    <time>2026-05-16T11:20:21Z</time>
   </trkpt>
   <trkpt lat="51.4864010" lon="-0.2874820">
    <ele>4.7</ele>
    <time>2026-05-16T11:20:22Z</time>
   </trkpt>
   <trkpt lat="51.4863960" lon="-0.2874610">
    <ele>4.7</ele>
    <time>2026-05-16T11:20:23Z</time>
   </trkpt>
   <trkpt lat="51.4863920" lon="-0.2874470">
    <ele>4.7</ele>
    <time>2026-05-16T11:20:24Z</time>
   </trkpt>
   <trkpt lat="51.4863940" lon="-0.2874340">
    <ele>4.7</ele>
    <time>2026-05-16T11:20:25Z</time>
   </trkpt>
   <trkpt lat="51.4863920" lon="-0.2874130">
    <ele>4.7</ele>
    <time>2026-05-16T11:20:26Z</time>
   </trkpt>
   <trkpt lat="51.4863970" lon="-0.2873980">
    <ele>4.7</ele>
    <time>2026-05-16T11:20:27Z</time>
   </trkpt>
   <trkpt lat="51.4864170" lon="-0.2873900">
    <ele>4.7</ele>
    <time>2026-05-16T11:20:28Z</time>
   </trkpt>
   <trkpt lat="51.4864190" lon="-0.2873800">
    <ele>4.8</ele>
    <time>2026-05-16T11:20:29Z</time>
   </trkpt>
   <trkpt lat="51.4864420" lon="-0.2873850">
    <ele>4.8</ele>
    <time>2026-05-16T11:20:30Z</time>
   </trkpt>
   <trkpt lat="51.4864410" lon="-0.2873660">
    <ele>4.8</ele>
    <time>2026-05-16T11:20:31Z</time>
   </trkpt>
   <trkpt lat="51.4864460" lon="-0.2873420">
    <ele>4.8</ele>
    <time>2026-05-16T11:20:32Z</time>
   </trkpt>
   <trkpt lat="51.4864450" lon="-0.2873110">
    <ele>4.8</ele>
    <time>2026-05-16T11:20:33Z</time>
   </trkpt>
   <trkpt lat="51.4864380" lon="-0.2872690">
    <ele>4.8</ele>
    <time>2026-05-16T11:20:34Z</time>
   </trkpt>
   <trkpt lat="51.4864350" lon="-0.2872500">
    <ele>4.8</ele>
    <time>2026-05-16T11:20:35Z</time>
   </trkpt>
   <trkpt lat="51.4864350" lon="-0.2872160">
    <ele>4.8</ele>
    <time>2026-05-16T11:20:36Z</time>
   </trkpt>
   <trkpt lat="51.4864340" lon="-0.2871920">
    <ele>4.9</ele>
    <time>2026-05-16T11:20:37Z</time>
   </trkpt>
   <trkpt lat="51.4864300" lon="-0.2871480">
    <ele>4.9</ele>
    <time>2026-05-16T11:20:38Z</time>
   </trkpt>
   <trkpt lat="51.4864290" lon="-0.2871300">
    <ele>4.9</ele>
    <time>2026-05-16T11:20:39Z</time>
   </trkpt>
   <trkpt lat="51.4864290" lon="-0.2871110">
    <ele>4.9</ele>
    <time>2026-05-16T11:20:40Z</time>
   </trkpt>
   <trkpt lat="51.4864240" lon="-0.2870810">
    <ele>4.9</ele>
    <time>2026-05-16T11:20:41Z</time>
   </trkpt>
   <trkpt lat="51.4864210" lon="-0.2870640">
    <ele>5.0</ele>
    <time>2026-05-16T11:20:42Z</time>
   </trkpt>
   <trkpt lat="51.4864190" lon="-0.2870380">
    <ele>5.0</ele>
    <time>2026-05-16T11:20:43Z</time>
   </trkpt>
   <trkpt lat="51.4864130" lon="-0.2870160">
    <ele>5.0</ele>
    <time>2026-05-16T11:20:44Z</time>
   </trkpt>
   <trkpt lat="51.4864130" lon="-0.2869950">
    <ele>5.0</ele>
    <time>2026-05-16T11:20:45Z</time>
   </trkpt>
   <trkpt lat="51.4864110" lon="-0.2869720">
    <ele>5.0</ele>
    <time>2026-05-16T11:20:46Z</time>
   </trkpt>
   <trkpt lat="51.4864090" lon="-0.2869490">
    <ele>5.0</ele>
    <time>2026-05-16T11:20:47Z</time>
   </trkpt>
   <trkpt lat="51.4864050" lon="-0.2869260">
    <ele>5.0</ele>
    <time>2026-05-16T11:20:48Z</time>
   </trkpt>
   <trkpt lat="51.4864020" lon="-0.2869020">
    <ele>5.0</ele>
    <time>2026-05-16T11:20:49Z</time>
   </trkpt>
   <trkpt lat="51.4864020" lon="-0.2868770">
    <ele>5.0</ele>
    <time>2026-05-16T11:20:50Z</time>
   </trkpt>
   <trkpt lat="51.4864030" lon="-0.2868520">
    <ele>5.0</ele>
    <time>2026-05-16T11:20:51Z</time>
   </trkpt>
   <trkpt lat="51.4864020" lon="-0.2868290">
    <ele>5.0</ele>
    <time>2026-05-16T11:20:52Z</time>
   </trkpt>
   <trkpt lat="51.4863990" lon="-0.2867950">
    <ele>5.1</ele>
    <time>2026-05-16T11:20:53Z</time>
   </trkpt>
   <trkpt lat="51.4863980" lon="-0.2867800">
    <ele>5.1</ele>
    <time>2026-05-16T11:20:54Z</time>
   </trkpt>
   <trkpt lat="51.4863970" lon="-0.2867660">
    <ele>5.1</ele>
    <time>2026-05-16T11:20:55Z</time>
   </trkpt>
   <trkpt lat="51.4863950" lon="-0.2867440">
    <ele>5.1</ele>
    <time>2026-05-16T11:20:56Z</time>
   </trkpt>
   <trkpt lat="51.4863920" lon="-0.2867310">
    <ele>5.1</ele>
    <time>2026-05-16T11:20:57Z</time>
   </trkpt>
   <trkpt lat="51.4863860" lon="-0.2867250">
    <ele>5.1</ele>
    <time>2026-05-16T11:20:58Z</time>
   </trkpt>
   <trkpt lat="51.4863830" lon="-0.2867110">
    <ele>5.1</ele>
    <time>2026-05-16T11:20:59Z</time>
   </trkpt>
   <trkpt lat="51.4863820" lon="-0.2867000">
    <ele>5.1</ele>
    <time>2026-05-16T11:21:00Z</time>
   </trkpt>
   <trkpt lat="51.4863780" lon="-0.2866830">
    <ele>5.1</ele>
    <time>2026-05-16T11:21:01Z</time>
   </trkpt>
   <trkpt lat="51.4863780" lon="-0.2866530">
    <ele>5.1</ele>
    <time>2026-05-16T11:21:02Z</time>
   </trkpt>
   <trkpt lat="51.4863790" lon="-0.2866380">
    <ele>5.1</ele>
    <time>2026-05-16T11:21:03Z</time>
   </trkpt>
   <trkpt lat="51.4863790" lon="-0.2866220">
    <ele>5.1</ele>
    <time>2026-05-16T11:21:04Z</time>
   </trkpt>
   <trkpt lat="51.4863760" lon="-0.2865940">
    <ele>5.1</ele>
    <time>2026-05-16T11:21:05Z</time>
   </trkpt>
   <trkpt lat="51.4863750" lon="-0.2865810">
    <ele>5.1</ele>
    <time>2026-05-16T11:21:06Z</time>
   </trkpt>
   <trkpt lat="51.4863730" lon="-0.2865670">
    <ele>5.1</ele>
    <time>2026-05-16T11:21:07Z</time>
   </trkpt>
   <trkpt lat="51.4863720" lon="-0.2865540">
    <ele>5.1</ele>
    <time>2026-05-16T11:21:08Z</time>
   </trkpt>
   <trkpt lat="51.4863710" lon="-0.2865360">
    <ele>5.1</ele>
    <time>2026-05-16T11:21:09Z</time>
   </trkpt>
   <trkpt lat="51.4863680" lon="-0.2865240">
    <ele>5.1</ele>
    <time>2026-05-16T11:21:10Z</time>
   </trkpt>
   <trkpt lat="51.4863680" lon="-0.2865040">
    <ele>5.1</ele>
    <time>2026-05-16T11:21:11Z</time>
   </trkpt>
   <trkpt lat="51.4863640" lon="-0.2864760">
    <ele>5.1</ele>
    <time>2026-05-16T11:21:12Z</time>
   </trkpt>
   <trkpt lat="51.4863620" lon="-0.2864600">
    <ele>5.1</ele>
    <time>2026-05-16T11:21:13Z</time>
   </trkpt>
   <trkpt lat="51.4863600" lon="-0.2864450">
    <ele>5.1</ele>
    <time>2026-05-16T11:21:14Z</time>
   </trkpt>
   <trkpt lat="51.4863580" lon="-0.2864190">
    <ele>5.1</ele>
    <time>2026-05-16T11:21:15Z</time>
   </trkpt>
   <trkpt lat="51.4863580" lon="-0.2864010">
    <ele>5.0</ele>
    <time>2026-05-16T11:21:16Z</time>
   </trkpt>
   <trkpt lat="51.4863600" lon="-0.2863820">
    <ele>5.0</ele>
    <time>2026-05-16T11:21:17Z</time>
   </trkpt>
   <trkpt lat="51.4863590" lon="-0.2863600">
    <ele>5.0</ele>
    <time>2026-05-16T11:21:18Z</time>
   </trkpt>
   <trkpt lat="51.4863550" lon="-0.2863470">
    <ele>5.0</ele>
    <time>2026-05-16T11:21:19Z</time>
   </trkpt>
   <trkpt lat="51.4863530" lon="-0.2863240">
    <ele>5.0</ele>
    <time>2026-05-16T11:21:20Z</time>
   </trkpt>
   <trkpt lat="51.4863460" lon="-0.2862990">
    <ele>5.0</ele>
    <time>2026-05-16T11:21:21Z</time>
   </trkpt>
   <trkpt lat="51.4863390" lon="-0.2862670">
    <ele>5.0</ele>
    <time>2026-05-16T11:21:22Z</time>
   </trkpt>
   <trkpt lat="51.4863380" lon="-0.2862540">
    <ele>5.0</ele>
    <time>2026-05-16T11:21:23Z</time>
   </trkpt>
   <trkpt lat="51.4863360" lon="-0.2862410">
    <ele>5.0</ele>
    <time>2026-05-16T11:21:24Z</time>
   </trkpt>
   <trkpt lat="51.4863270" lon="-0.2862190">
    <ele>5.0</ele>
    <time>2026-05-16T11:21:25Z</time>
   </trkpt>
   <trkpt lat="51.4863180" lon="-0.2862130">
    <ele>5.0</ele>
    <time>2026-05-16T11:21:26Z</time>
   </trkpt>
   <trkpt lat="51.4863200" lon="-0.2861990">
    <ele>5.0</ele>
    <time>2026-05-16T11:21:27Z</time>
   </trkpt>
   <trkpt lat="51.4863150" lon="-0.2861750">
    <ele>4.9</ele>
    <time>2026-05-16T11:21:28Z</time>
   </trkpt>
   <trkpt lat="51.4863080" lon="-0.2861530">
    <ele>4.9</ele>
    <time>2026-05-16T11:21:29Z</time>
   </trkpt>
   <trkpt lat="51.4863020" lon="-0.2861400">
    <ele>4.9</ele>
    <time>2026-05-16T11:21:30Z</time>
   </trkpt>
   <trkpt lat="51.4862960" lon="-0.2861210">
    <ele>4.9</ele>
    <time>2026-05-16T11:21:31Z</time>
   </trkpt>
   <trkpt lat="51.4862910" lon="-0.2861050">
    <ele>4.9</ele>
    <time>2026-05-16T11:21:32Z</time>
   </trkpt>
   <trkpt lat="51.4862870" lon="-0.2860820">
    <ele>4.9</ele>
    <time>2026-05-16T11:21:33Z</time>
   </trkpt>
   <trkpt lat="51.4862850" lon="-0.2860600">
    <ele>4.9</ele>
    <time>2026-05-16T11:21:34Z</time>
   </trkpt>
   <trkpt lat="51.4862820" lon="-0.2860270">
    <ele>4.9</ele>
    <time>2026-05-16T11:21:35Z</time>
   </trkpt>
   <trkpt lat="51.4862800" lon="-0.2860140">
    <ele>4.9</ele>
    <time>2026-05-16T11:21:36Z</time>
   </trkpt>
   <trkpt lat="51.4862770" lon="-0.2860010">
    <ele>4.9</ele>
    <time>2026-05-16T11:21:37Z</time>
   </trkpt>
   <trkpt lat="51.4862740" lon="-0.2859650">
    <ele>4.9</ele>
    <time>2026-05-16T11:21:38Z</time>
   </trkpt>
   <trkpt lat="51.4862730" lon="-0.2859520">
    <ele>4.9</ele>
    <time>2026-05-16T11:21:39Z</time>
   </trkpt>
   <trkpt lat="51.4862710" lon="-0.2859380">
    <ele>4.9</ele>
    <time>2026-05-16T11:21:40Z</time>
   </trkpt>
   <trkpt lat="51.4862670" lon="-0.2859080">
    <ele>4.9</ele>
    <time>2026-05-16T11:21:41Z</time>
   </trkpt>
   <trkpt lat="51.4862630" lon="-0.2858860">
    <ele>4.9</ele>
    <time>2026-05-16T11:21:42Z</time>
   </trkpt>
   <trkpt lat="51.4862570" lon="-0.2858500">
    <ele>4.9</ele>
    <time>2026-05-16T11:21:43Z</time>
   </trkpt>
   <trkpt lat="51.4862540" lon="-0.2858390">
    <ele>4.9</ele>
    <time>2026-05-16T11:21:44Z</time>
   </trkpt>
   <trkpt lat="51.4862510" lon="-0.2858280">
    <ele>4.9</ele>
    <time>2026-05-16T11:21:45Z</time>
   </trkpt>
   <trkpt lat="51.4862460" lon="-0.2858000">
    <ele>4.9</ele>
    <time>2026-05-16T11:21:46Z</time>
   </trkpt>
   <trkpt lat="51.4862450" lon="-0.2857770">
    <ele>4.9</ele>
    <time>2026-05-16T11:21:47Z</time>
   </trkpt>
   <trkpt lat="51.4862470" lon="-0.2857550">
    <ele>4.9</ele>
    <time>2026-05-16T11:21:48Z</time>
   </trkpt>
   <trkpt lat="51.4862420" lon="-0.2857280">
    <ele>4.9</ele>
    <time>2026-05-16T11:21:49Z</time>
   </trkpt>
   <trkpt lat="51.4862390" lon="-0.2856990">
    <ele>4.9</ele>
    <time>2026-05-16T11:21:50Z</time>
   </trkpt>
   <trkpt lat="51.4862350" lon="-0.2856780">
    <ele>4.9</ele>
    <time>2026-05-16T11:21:51Z</time>
   </trkpt>
   <trkpt lat="51.4862280" lon="-0.2856460">
    <ele>4.9</ele>
    <time>2026-05-16T11:21:52Z</time>
   </trkpt>
   <trkpt lat="51.4862250" lon="-0.2856330">
    <ele>4.9</ele>
    <time>2026-05-16T11:21:53Z</time>
   </trkpt>
   <trkpt lat="51.4862230" lon="-0.2856190">
    <ele>4.9</ele>
    <time>2026-05-16T11:21:54Z</time>
   </trkpt>
   <trkpt lat="51.4862180" lon="-0.2856040">
    <ele>4.9</ele>
    <time>2026-05-16T11:21:55Z</time>
   </trkpt>
   <trkpt lat="51.4862190" lon="-0.2855840">
    <ele>4.9</ele>
    <time>2026-05-16T11:21:56Z</time>
   </trkpt>
   <trkpt lat="51.4862140" lon="-0.2855690">
    <ele>4.9</ele>
    <time>2026-05-16T11:21:57Z</time>
   </trkpt>
   <trkpt lat="51.4862060" lon="-0.2855370">
    <ele>4.9</ele>
    <time>2026-05-16T11:21:58Z</time>
   </trkpt>
   <trkpt lat="51.4862020" lon="-0.2855220">
    <ele>4.9</ele>
    <time>2026-05-16T11:21:59Z</time>
   </trkpt>
   <trkpt lat="51.4861980" lon="-0.2855080">
    <ele>4.9</ele>
    <time>2026-05-16T11:22:00Z</time>
   </trkpt>
   <trkpt lat="51.4861950" lon="-0.2854730">
    <ele>4.9</ele>
    <time>2026-05-16T11:22:01Z</time>
   </trkpt>
   <trkpt lat="51.4861930" lon="-0.2854580">
    <ele>4.9</ele>
    <time>2026-05-16T11:22:02Z</time>
   </trkpt>
   <trkpt lat="51.4861920" lon="-0.2854440">
    <ele>4.9</ele>
    <time>2026-05-16T11:22:03Z</time>
   </trkpt>
   <trkpt lat="51.4861830" lon="-0.2854120">
    <ele>4.9</ele>
    <time>2026-05-16T11:22:04Z</time>
   </trkpt>
   <trkpt lat="51.4861780" lon="-0.2853970">
    <ele>4.9</ele>
    <time>2026-05-16T11:22:05Z</time>
   </trkpt>
   <trkpt lat="51.4861740" lon="-0.2853830">
    <ele>4.9</ele>
    <time>2026-05-16T11:22:06Z</time>
   </trkpt>
   <trkpt lat="51.4861660" lon="-0.2853590">
    <ele>4.8</ele>
    <time>2026-05-16T11:22:07Z</time>
   </trkpt>
   <trkpt lat="51.4861610" lon="-0.2853330">
    <ele>4.8</ele>
    <time>2026-05-16T11:22:08Z</time>
   </trkpt>
   <trkpt lat="51.4861540" lon="-0.2853130">
    <ele>4.8</ele>
    <time>2026-05-16T11:22:09Z</time>
   </trkpt>
   <trkpt lat="51.4861470" lon="-0.2852910">
    <ele>4.8</ele>
    <time>2026-05-16T11:22:10Z</time>
   </trkpt>
   <trkpt lat="51.4861410" lon="-0.2852670">
    <ele>4.8</ele>
    <time>2026-05-16T11:22:11Z</time>
   </trkpt>
   <trkpt lat="51.4861360" lon="-0.2852430">
    <ele>4.8</ele>
    <time>2026-05-16T11:22:12Z</time>
   </trkpt>
   <trkpt lat="51.4861300" lon="-0.2852240">
    <ele>4.8</ele>
    <time>2026-05-16T11:22:13Z</time>
   </trkpt>
   <trkpt lat="51.4861230" lon="-0.2852050">
    <ele>4.8</ele>
    <time>2026-05-16T11:22:14Z</time>
   </trkpt>
   <trkpt lat="51.4861150" lon="-0.2851890">
    <ele>4.8</ele>
    <time>2026-05-16T11:22:15Z</time>
   </trkpt>
   <trkpt lat="51.4861110" lon="-0.2851690">
    <ele>4.8</ele>
    <time>2026-05-16T11:22:16Z</time>
   </trkpt>
   <trkpt lat="51.4861090" lon="-0.2851570">
    <ele>4.8</ele>
    <time>2026-05-16T11:22:17Z</time>
   </trkpt>
   <trkpt lat="51.4861070" lon="-0.2851360">
    <ele>4.8</ele>
    <time>2026-05-16T11:22:18Z</time>
   </trkpt>
   <trkpt lat="51.4861000" lon="-0.2851110">
    <ele>4.8</ele>
    <time>2026-05-16T11:22:19Z</time>
   </trkpt>
   <trkpt lat="51.4860950" lon="-0.2850910">
    <ele>4.7</ele>
    <time>2026-05-16T11:22:20Z</time>
   </trkpt>
   <trkpt lat="51.4860880" lon="-0.2850710">
    <ele>4.7</ele>
    <time>2026-05-16T11:22:21Z</time>
   </trkpt>
   <trkpt lat="51.4860730" lon="-0.2850460">
    <ele>4.7</ele>
    <time>2026-05-16T11:22:22Z</time>
   </trkpt>
   <trkpt lat="51.4860680" lon="-0.2850370">
    <ele>4.7</ele>
    <time>2026-05-16T11:22:23Z</time>
   </trkpt>
   <trkpt lat="51.4860630" lon="-0.2850280">
    <ele>4.7</ele>
    <time>2026-05-16T11:22:24Z</time>
   </trkpt>
   <trkpt lat="51.4860560" lon="-0.2850040">
    <ele>4.7</ele>
    <time>2026-05-16T11:22:25Z</time>
   </trkpt>
   <trkpt lat="51.4860460" lon="-0.2849860">
    <ele>4.7</ele>
    <time>2026-05-16T11:22:26Z</time>
   </trkpt>
   <trkpt lat="51.4860390" lon="-0.2849660">
    <ele>4.6</ele>
    <time>2026-05-16T11:22:27Z</time>
   </trkpt>
   <trkpt lat="51.4860330" lon="-0.2849470">
    <ele>4.6</ele>
    <time>2026-05-16T11:22:28Z</time>
   </trkpt>
   <trkpt lat="51.4860290" lon="-0.2849240">
    <ele>4.6</ele>
    <time>2026-05-16T11:22:29Z</time>
   </trkpt>
   <trkpt lat="51.4860280" lon="-0.2849010">
    <ele>4.6</ele>
    <time>2026-05-16T11:22:30Z</time>
   </trkpt>
   <trkpt lat="51.4860230" lon="-0.2848670">
    <ele>4.6</ele>
    <time>2026-05-16T11:22:31Z</time>
   </trkpt>
   <trkpt lat="51.4860190" lon="-0.2848540">
    <ele>4.5</ele>
    <time>2026-05-16T11:22:32Z</time>
   </trkpt>
   <trkpt lat="51.4860160" lon="-0.2848420">
    <ele>4.5</ele>
    <time>2026-05-16T11:22:33Z</time>
   </trkpt>
   <trkpt lat="51.4860100" lon="-0.2848210">
    <ele>4.5</ele>
    <time>2026-05-16T11:22:34Z</time>
   </trkpt>
   <trkpt lat="51.4860060" lon="-0.2847990">
    <ele>4.5</ele>
    <time>2026-05-16T11:22:35Z</time>
   </trkpt>
   <trkpt lat="51.4859960" lon="-0.2847660">
    <ele>4.5</ele>
    <time>2026-05-16T11:22:36Z</time>
   </trkpt>
   <trkpt lat="51.4859920" lon="-0.2847530">
    <ele>4.5</ele>
    <time>2026-05-16T11:22:37Z</time>
   </trkpt>
   <trkpt lat="51.4859870" lon="-0.2847390">
    <ele>4.4</ele>
    <time>2026-05-16T11:22:38Z</time>
   </trkpt>
   <trkpt lat="51.4859770" lon="-0.2847220">
    <ele>4.4</ele>
    <time>2026-05-16T11:22:39Z</time>
   </trkpt>
   <trkpt lat="51.4859680" lon="-0.2847020">
    <ele>4.4</ele>
    <time>2026-05-16T11:22:40Z</time>
   </trkpt>
   <trkpt lat="51.4859590" lon="-0.2846880">
    <ele>4.4</ele>
    <time>2026-05-16T11:22:41Z</time>
   </trkpt>
   <trkpt lat="51.4859510" lon="-0.2846780">
    <ele>4.4</ele>
    <time>2026-05-16T11:22:42Z</time>
   </trkpt>
   <trkpt lat="51.4859430" lon="-0.2846710">
    <ele>4.4</ele>
    <time>2026-05-16T11:22:43Z</time>
   </trkpt>
   <trkpt lat="51.4859370" lon="-0.2846540">
    <ele>4.4</ele>
    <time>2026-05-16T11:22:44Z</time>
   </trkpt>
   <trkpt lat="51.4859300" lon="-0.2846390">
    <ele>4.4</ele>
    <time>2026-05-16T11:22:45Z</time>
   </trkpt>
   <trkpt lat="51.4859230" lon="-0.2846240">
    <ele>4.4</ele>
    <time>2026-05-16T11:22:46Z</time>
   </trkpt>
   <trkpt lat="51.4859140" lon="-0.2845990">
    <ele>4.4</ele>
    <time>2026-05-16T11:22:47Z</time>
   </trkpt>
   <trkpt lat="51.4859040" lon="-0.2845790">
    <ele>4.4</ele>
    <time>2026-05-16T11:22:48Z</time>
   </trkpt>
   <trkpt lat="51.4858890" lon="-0.2845550">
    <ele>4.4</ele>
    <time>2026-05-16T11:22:49Z</time>
   </trkpt>
   <trkpt lat="51.4858810" lon="-0.2845490">
    <ele>4.4</ele>
    <time>2026-05-16T11:22:50Z</time>
   </trkpt>
   <trkpt lat="51.4858730" lon="-0.2845430">
    <ele>4.4</ele>
    <time>2026-05-16T11:22:51Z</time>
   </trkpt>
   <trkpt lat="51.4858560" lon="-0.2845240">
    <ele>4.4</ele>
    <time>2026-05-16T11:22:52Z</time>
   </trkpt>
   <trkpt lat="51.4858490" lon="-0.2845150">
    <ele>4.5</ele>
    <time>2026-05-16T11:22:53Z</time>
   </trkpt>
   <trkpt lat="51.4858420" lon="-0.2845050">
    <ele>4.5</ele>
    <time>2026-05-16T11:22:54Z</time>
   </trkpt>
   <trkpt lat="51.4858350" lon="-0.2844600">
    <ele>4.5</ele>
    <time>2026-05-16T11:22:55Z</time>
   </trkpt>
   <trkpt lat="51.4858340" lon="-0.2844430">
    <ele>4.5</ele>
    <time>2026-05-16T11:22:56Z</time>
   </trkpt>
   <trkpt lat="51.4858260" lon="-0.2843990">
    <ele>4.5</ele>
    <time>2026-05-16T11:22:57Z</time>
   </trkpt>
   <trkpt lat="51.4858210" lon="-0.2843870">
    <ele>4.6</ele>
    <time>2026-05-16T11:22:58Z</time>
   </trkpt>
   <trkpt lat="51.4858160" lon="-0.2843650">
    <ele>4.6</ele>
    <time>2026-05-16T11:22:59Z</time>
   </trkpt>
   <trkpt lat="51.4858120" lon="-0.2843400">
    <ele>4.6</ele>
    <time>2026-05-16T11:23:00Z</time>
   </trkpt>
   <trkpt lat="51.4858040" lon="-0.2843210">
    <ele>4.6</ele>
    <time>2026-05-16T11:23:01Z</time>
   </trkpt>
   <trkpt lat="51.4857960" lon="-0.2843030">
    <ele>4.6</ele>
    <time>2026-05-16T11:23:02Z</time>
   </trkpt>
   <trkpt lat="51.4857800" lon="-0.2842800">
    <ele>4.6</ele>
    <time>2026-05-16T11:23:03Z</time>
   </trkpt>
   <trkpt lat="51.4857760" lon="-0.2842700">
    <ele>4.7</ele>
    <time>2026-05-16T11:23:04Z</time>
   </trkpt>
   <trkpt lat="51.4857710" lon="-0.2842590">
    <ele>4.7</ele>
    <time>2026-05-16T11:23:05Z</time>
   </trkpt>
   <trkpt lat="51.4857550" lon="-0.2842380">
    <ele>4.7</ele>
    <time>2026-05-16T11:23:06Z</time>
   </trkpt>
   <trkpt lat="51.4857490" lon="-0.2842300">
    <ele>4.7</ele>
    <time>2026-05-16T11:23:07Z</time>
   </trkpt>
   <trkpt lat="51.4857420" lon="-0.2842220">
    <ele>4.7</ele>
    <time>2026-05-16T11:23:08Z</time>
   </trkpt>
   <trkpt lat="51.4857330" lon="-0.2842130">
    <ele>4.7</ele>
    <time>2026-05-16T11:23:09Z</time>
   </trkpt>
   <trkpt lat="51.4857220" lon="-0.2842010">
    <ele>4.7</ele>
    <time>2026-05-16T11:23:10Z</time>
   </trkpt>
   <trkpt lat="51.4857150" lon="-0.2841830">
    <ele>4.7</ele>
    <time>2026-05-16T11:23:11Z</time>
   </trkpt>
   <trkpt lat="51.4857010" lon="-0.2841570">
    <ele>4.8</ele>
    <time>2026-05-16T11:23:12Z</time>
   </trkpt>
   <trkpt lat="51.4856960" lon="-0.2841480">
    <ele>4.8</ele>
    <time>2026-05-16T11:23:13Z</time>
   </trkpt>
   <trkpt lat="51.4856900" lon="-0.2841380">
    <ele>4.8</ele>
    <time>2026-05-16T11:23:14Z</time>
   </trkpt>
   <trkpt lat="51.4856770" lon="-0.2841120">
    <ele>4.8</ele>
    <time>2026-05-16T11:23:15Z</time>
   </trkpt>
   <trkpt lat="51.4856710" lon="-0.2841010">
    <ele>4.8</ele>
    <time>2026-05-16T11:23:16Z</time>
   </trkpt>
   <trkpt lat="51.4856660" lon="-0.2840910">
    <ele>4.8</ele>
    <time>2026-05-16T11:23:17Z</time>
   </trkpt>
   <trkpt lat="51.4856580" lon="-0.2840790">
    <ele>4.8</ele>
    <time>2026-05-16T11:23:18Z</time>
   </trkpt>
   <trkpt lat="51.4856520" lon="-0.2840670">
    <ele>4.8</ele>
    <time>2026-05-16T11:23:19Z</time>
   </trkpt>
   <trkpt lat="51.4856420" lon="-0.2840620">
    <ele>4.8</ele>
    <time>2026-05-16T11:23:20Z</time>
   </trkpt>
   <trkpt lat="51.4856330" lon="-0.2840480">
    <ele>4.8</ele>
    <time>2026-05-16T11:23:21Z</time>
   </trkpt>
   <trkpt lat="51.4856250" lon="-0.2840400">
    <ele>4.8</ele>
    <time>2026-05-16T11:23:22Z</time>
   </trkpt>
   <trkpt lat="51.4856210" lon="-0.2840340">
    <ele>4.8</ele>
    <time>2026-05-16T11:23:23Z</time>
   </trkpt>
   <trkpt lat="51.4856180" lon="-0.2840260">
    <ele>4.8</ele>
    <time>2026-05-16T11:23:24Z</time>
   </trkpt>
   <trkpt lat="51.4856140" lon="-0.2840170">
    <ele>4.8</ele>
    <time>2026-05-16T11:23:25Z</time>
   </trkpt>
   <trkpt lat="51.4856060" lon="-0.2840040">
    <ele>4.8</ele>
    <time>2026-05-16T11:23:26Z</time>
   </trkpt>
   <trkpt lat="51.4855990" lon="-0.2839920">
    <ele>4.8</ele>
    <time>2026-05-16T11:23:27Z</time>
   </trkpt>
   <trkpt lat="51.4855870" lon="-0.2839740">
    <ele>4.8</ele>
    <time>2026-05-16T11:23:28Z</time>
   </trkpt>
   <trkpt lat="51.4855760" lon="-0.2839530">
    <ele>4.8</ele>
    <time>2026-05-16T11:23:29Z</time>
   </trkpt>
   <trkpt lat="51.4855660" lon="-0.2839360">
    <ele>4.8</ele>
    <time>2026-05-16T11:23:30Z</time>
   </trkpt>
   <trkpt lat="51.4855520" lon="-0.2839280">
    <ele>4.8</ele>
    <time>2026-05-16T11:23:31Z</time>
   </trkpt>
   <trkpt lat="51.4855400" lon="-0.2839160">
    <ele>4.8</ele>
    <time>2026-05-16T11:23:32Z</time>
   </trkpt>
   <trkpt lat="51.4855270" lon="-0.2839060">
    <ele>4.8</ele>
    <time>2026-05-16T11:23:33Z</time>
   </trkpt>
   <trkpt lat="51.4855080" lon="-0.2838860">
    <ele>4.8</ele>
    <time>2026-05-16T11:23:34Z</time>
   </trkpt>
   <trkpt lat="51.4855010" lon="-0.2838760">
    <ele>4.8</ele>
    <time>2026-05-16T11:23:35Z</time>
   </trkpt>
   <trkpt lat="51.4854930" lon="-0.2838670">
    <ele>4.8</ele>
    <time>2026-05-16T11:23:36Z</time>
   </trkpt>
   <trkpt lat="51.4854800" lon="-0.2838540">
    <ele>4.8</ele>
    <time>2026-05-16T11:23:37Z</time>
   </trkpt>
   <trkpt lat="51.4854690" lon="-0.2838430">
    <ele>4.8</ele>
    <time>2026-05-16T11:23:38Z</time>
   </trkpt>
   <trkpt lat="51.4854490" lon="-0.2838330">
    <ele>4.8</ele>
    <time>2026-05-16T11:23:39Z</time>
   </trkpt>
   <trkpt lat="51.4854410" lon="-0.2838280">
    <ele>4.8</ele>
    <time>2026-05-16T11:23:40Z</time>
   </trkpt>
   <trkpt lat="51.4854330" lon="-0.2838230">
    <ele>4.8</ele>
    <time>2026-05-16T11:23:41Z</time>
   </trkpt>
   <trkpt lat="51.4854210" lon="-0.2838140">
    <ele>4.8</ele>
    <time>2026-05-16T11:23:42Z</time>
   </trkpt>
   <trkpt lat="51.4854070" lon="-0.2838070">
    <ele>4.8</ele>
    <time>2026-05-16T11:23:43Z</time>
   </trkpt>
   <trkpt lat="51.4853930" lon="-0.2838030">
    <ele>4.8</ele>
    <time>2026-05-16T11:23:44Z</time>
   </trkpt>
   <trkpt lat="51.4853800" lon="-0.2837970">
    <ele>4.8</ele>
    <time>2026-05-16T11:23:45Z</time>
   </trkpt>
   <trkpt lat="51.4853640" lon="-0.2837710">
    <ele>4.8</ele>
    <time>2026-05-16T11:23:46Z</time>
   </trkpt>
   <trkpt lat="51.4853580" lon="-0.2837590">
    <ele>4.8</ele>
    <time>2026-05-16T11:23:47Z</time>
   </trkpt>
   <trkpt lat="51.4853520" lon="-0.2837470">
    <ele>4.8</ele>
    <time>2026-05-16T11:23:48Z</time>
   </trkpt>
   <trkpt lat="51.4853430" lon="-0.2837320">
    <ele>4.8</ele>
    <time>2026-05-16T11:23:49Z</time>
   </trkpt>
   <trkpt lat="51.4853330" lon="-0.2837160">
    <ele>4.8</ele>
    <time>2026-05-16T11:23:50Z</time>
   </trkpt>
   <trkpt lat="51.4853220" lon="-0.2837030">
    <ele>4.8</ele>
    <time>2026-05-16T11:23:51Z</time>
   </trkpt>
   <trkpt lat="51.4853120" lon="-0.2836880">
    <ele>4.8</ele>
    <time>2026-05-16T11:23:52Z</time>
   </trkpt>
   <trkpt lat="51.4852940" lon="-0.2836670">
    <ele>4.8</ele>
    <time>2026-05-16T11:23:53Z</time>
   </trkpt>
   <trkpt lat="51.4852890" lon="-0.2836550">
    <ele>4.8</ele>
    <time>2026-05-16T11:23:54Z</time>
   </trkpt>
   <trkpt lat="51.4852830" lon="-0.2836440">
    <ele>4.8</ele>
    <time>2026-05-16T11:23:55Z</time>
   </trkpt>
   <trkpt lat="51.4852740" lon="-0.2836320">
    <ele>4.8</ele>
    <time>2026-05-16T11:23:56Z</time>
   </trkpt>
   <trkpt lat="51.4852660" lon="-0.2836170">
    <ele>4.8</ele>
    <time>2026-05-16T11:23:57Z</time>
   </trkpt>
   <trkpt lat="51.4852570" lon="-0.2836100">
    <ele>4.8</ele>
    <time>2026-05-16T11:23:58Z</time>
   </trkpt>
   <trkpt lat="51.4852530" lon="-0.2836050">
    <ele>4.8</ele>
    <time>2026-05-16T11:23:59Z</time>
   </trkpt>
   <trkpt lat="51.4852470" lon="-0.2835890">
    <ele>4.8</ele>
    <time>2026-05-16T11:24:00Z</time>
   </trkpt>
   <trkpt lat="51.4852330" lon="-0.2835700">
    <ele>4.8</ele>
    <time>2026-05-16T11:24:01Z</time>
   </trkpt>
   <trkpt lat="51.4852230" lon="-0.2835490">
    <ele>4.8</ele>
    <time>2026-05-16T11:24:02Z</time>
   </trkpt>
   <trkpt lat="51.4852140" lon="-0.2835380">
    <ele>4.8</ele>
    <time>2026-05-16T11:24:03Z</time>
   </trkpt>
   <trkpt lat="51.4852010" lon="-0.2835290">
    <ele>4.8</ele>
    <time>2026-05-16T11:24:04Z</time>
   </trkpt>
   <trkpt lat="51.4851900" lon="-0.2835150">
    <ele>4.8</ele>
    <time>2026-05-16T11:24:05Z</time>
   </trkpt>
   <trkpt lat="51.4851740" lon="-0.2834880">
    <ele>4.8</ele>
    <time>2026-05-16T11:24:06Z</time>
   </trkpt>
   <trkpt lat="51.4851680" lon="-0.2834780">
    <ele>4.8</ele>
    <time>2026-05-16T11:24:07Z</time>
   </trkpt>
   <trkpt lat="51.4851620" lon="-0.2834670">
    <ele>4.8</ele>
    <time>2026-05-16T11:24:08Z</time>
   </trkpt>
   <trkpt lat="51.4851510" lon="-0.2834530">
    <ele>4.8</ele>
    <time>2026-05-16T11:24:09Z</time>
   </trkpt>
   <trkpt lat="51.4851380" lon="-0.2834450">
    <ele>4.8</ele>
    <time>2026-05-16T11:24:10Z</time>
   </trkpt>
   <trkpt lat="51.4851230" lon="-0.2834220">
    <ele>4.8</ele>
    <time>2026-05-16T11:24:11Z</time>
   </trkpt>
   <trkpt lat="51.4851190" lon="-0.2834110">
    <ele>4.8</ele>
    <time>2026-05-16T11:24:12Z</time>
   </trkpt>
   <trkpt lat="51.4851150" lon="-0.2833990">
    <ele>4.8</ele>
    <time>2026-05-16T11:24:13Z</time>
   </trkpt>
   <trkpt lat="51.4851060" lon="-0.2833860">
    <ele>4.8</ele>
    <time>2026-05-16T11:24:14Z</time>
   </trkpt>
   <trkpt lat="51.4850940" lon="-0.2833680">
    <ele>4.8</ele>
    <time>2026-05-16T11:24:15Z</time>
   </trkpt>
   <trkpt lat="51.4850830" lon="-0.2833530">
    <ele>4.8</ele>
    <time>2026-05-16T11:24:16Z</time>
   </trkpt>
   <trkpt lat="51.4850720" lon="-0.2833380">
    <ele>4.8</ele>
    <time>2026-05-16T11:24:17Z</time>
   </trkpt>
   <trkpt lat="51.4850550" lon="-0.2833160">
    <ele>4.8</ele>
    <time>2026-05-16T11:24:18Z</time>
   </trkpt>
   <trkpt lat="51.4850490" lon="-0.2833040">
    <ele>4.8</ele>
    <time>2026-05-16T11:24:19Z</time>
   </trkpt>
   <trkpt lat="51.4850440" lon="-0.2832930">
    <ele>4.8</ele>
    <time>2026-05-16T11:24:20Z</time>
   </trkpt>
   <trkpt lat="51.4850310" lon="-0.2832650">
    <ele>4.8</ele>
    <time>2026-05-16T11:24:21Z</time>
   </trkpt>
   <trkpt lat="51.4850240" lon="-0.2832560">
    <ele>4.8</ele>
    <time>2026-05-16T11:24:22Z</time>
   </trkpt>
   <trkpt lat="51.4850180" lon="-0.2832470">
    <ele>4.8</ele>
    <time>2026-05-16T11:24:23Z</time>
   </trkpt>
   <trkpt lat="51.4850100" lon="-0.2832230">
    <ele>4.8</ele>
    <time>2026-05-16T11:24:24Z</time>
   </trkpt>
   <trkpt lat="51.4850000" lon="-0.2832100">
    <ele>4.8</ele>
    <time>2026-05-16T11:24:25Z</time>
   </trkpt>
   <trkpt lat="51.4849930" lon="-0.2831950">
    <ele>4.8</ele>
    <time>2026-05-16T11:24:26Z</time>
   </trkpt>
   <trkpt lat="51.4849900" lon="-0.2831790">
    <ele>4.8</ele>
    <time>2026-05-16T11:24:27Z</time>
   </trkpt>
   <trkpt lat="51.4849810" lon="-0.2831660">
    <ele>4.8</ele>
    <time>2026-05-16T11:24:28Z</time>
   </trkpt>
   <trkpt lat="51.4849640" lon="-0.2831430">
    <ele>4.8</ele>
    <time>2026-05-16T11:24:29Z</time>
   </trkpt>
   <trkpt lat="51.4849580" lon="-0.2831340">
    <ele>4.8</ele>
    <time>2026-05-16T11:24:30Z</time>
   </trkpt>
   <trkpt lat="51.4849510" lon="-0.2831240">
    <ele>4.9</ele>
    <time>2026-05-16T11:24:31Z</time>
   </trkpt>
   <trkpt lat="51.4849370" lon="-0.2830970">
    <ele>4.9</ele>
    <time>2026-05-16T11:24:32Z</time>
   </trkpt>
   <trkpt lat="51.4849330" lon="-0.2830870">
    <ele>4.9</ele>
    <time>2026-05-16T11:24:33Z</time>
   </trkpt>
   <trkpt lat="51.4849280" lon="-0.2830770">
    <ele>4.9</ele>
    <time>2026-05-16T11:24:34Z</time>
   </trkpt>
   <trkpt lat="51.4849160" lon="-0.2830480">
    <ele>4.9</ele>
    <time>2026-05-16T11:24:35Z</time>
   </trkpt>
   <trkpt lat="51.4849120" lon="-0.2830360">
    <ele>4.9</ele>
    <time>2026-05-16T11:24:36Z</time>
   </trkpt>
   <trkpt lat="51.4849090" lon="-0.2830230">
    <ele>4.9</ele>
    <time>2026-05-16T11:24:37Z</time>
   </trkpt>
   <trkpt lat="51.4848970" lon="-0.2829960">
    <ele>4.9</ele>
    <time>2026-05-16T11:24:38Z</time>
   </trkpt>
   <trkpt lat="51.4848930" lon="-0.2829850">
    <ele>4.9</ele>
    <time>2026-05-16T11:24:39Z</time>
   </trkpt>
   <trkpt lat="51.4848880" lon="-0.2829730">
    <ele>4.9</ele>
    <time>2026-05-16T11:24:40Z</time>
   </trkpt>
   <trkpt lat="51.4848780" lon="-0.2829410">
    <ele>4.9</ele>
    <time>2026-05-16T11:24:41Z</time>
   </trkpt>
   <trkpt lat="51.4848730" lon="-0.2829300">
    <ele>4.9</ele>
    <time>2026-05-16T11:24:42Z</time>
   </trkpt>
   <trkpt lat="51.4848670" lon="-0.2829190">
    <ele>4.9</ele>
    <time>2026-05-16T11:24:43Z</time>
   </trkpt>
   <trkpt lat="51.4848540" lon="-0.2828920">
    <ele>4.9</ele>
    <time>2026-05-16T11:24:44Z</time>
   </trkpt>
   <trkpt lat="51.4848470" lon="-0.2828820">
    <ele>4.9</ele>
    <time>2026-05-16T11:24:45Z</time>
   </trkpt>
   <trkpt lat="51.4848410" lon="-0.2828720">
    <ele>4.9</ele>
    <time>2026-05-16T11:24:46Z</time>
   </trkpt>
   <trkpt lat="51.4848300" lon="-0.2828600">
    <ele>4.9</ele>
    <time>2026-05-16T11:24:47Z</time>
   </trkpt>
   <trkpt lat="51.4848230" lon="-0.2828430">
    <ele>4.9</ele>
    <time>2026-05-16T11:24:48Z</time>
   </trkpt>
   <trkpt lat="51.4848200" lon="-0.2828280">
    <ele>4.9</ele>
    <time>2026-05-16T11:24:49Z</time>
   </trkpt>
   <trkpt lat="51.4848150" lon="-0.2828180">
    <ele>4.9</ele>
    <time>2026-05-16T11:24:50Z</time>
   </trkpt>
   <trkpt lat="51.4848080" lon="-0.2828030">
    <ele>4.9</ele>
    <time>2026-05-16T11:24:51Z</time>
   </trkpt>
   <trkpt lat="51.4848000" lon="-0.2827890">
    <ele>4.9</ele>
    <time>2026-05-16T11:24:52Z</time>
   </trkpt>
   <trkpt lat="51.4847880" lon="-0.2827580">
    <ele>5.0</ele>
    <time>2026-05-16T11:24:53Z</time>
   </trkpt>
   <trkpt lat="51.4847830" lon="-0.2827460">
    <ele>5.0</ele>
    <time>2026-05-16T11:24:54Z</time>
   </trkpt>
   <trkpt lat="51.4847780" lon="-0.2827340">
    <ele>5.0</ele>
    <time>2026-05-16T11:24:55Z</time>
   </trkpt>
   <trkpt lat="51.4847660" lon="-0.2827060">
    <ele>5.0</ele>
    <time>2026-05-16T11:24:56Z</time>
   </trkpt>
   <trkpt lat="51.4847620" lon="-0.2826940">
    <ele>5.0</ele>
    <time>2026-05-16T11:24:57Z</time>
   </trkpt>
   <trkpt lat="51.4847570" lon="-0.2826820">
    <ele>5.0</ele>
    <time>2026-05-16T11:24:58Z</time>
   </trkpt>
   <trkpt lat="51.4847500" lon="-0.2826700">
    <ele>5.0</ele>
    <time>2026-05-16T11:24:59Z</time>
   </trkpt>
   <trkpt lat="51.4847440" lon="-0.2826540">
    <ele>5.0</ele>
    <time>2026-05-16T11:25:00Z</time>
   </trkpt>
   <trkpt lat="51.4847400" lon="-0.2826410">
    <ele>5.0</ele>
    <time>2026-05-16T11:25:01Z</time>
   </trkpt>
   <trkpt lat="51.4847280" lon="-0.2826310">
    <ele>5.0</ele>
    <time>2026-05-16T11:25:02Z</time>
   </trkpt>
   <trkpt lat="51.4847180" lon="-0.2826160">
    <ele>5.0</ele>
    <time>2026-05-16T11:25:03Z</time>
   </trkpt>
   <trkpt lat="51.4847050" lon="-0.2825870">
    <ele>5.0</ele>
    <time>2026-05-16T11:25:04Z</time>
   </trkpt>
   <trkpt lat="51.4847000" lon="-0.2825730">
    <ele>5.0</ele>
    <time>2026-05-16T11:25:05Z</time>
   </trkpt>
   <trkpt lat="51.4846950" lon="-0.2825580">
    <ele>5.0</ele>
    <time>2026-05-16T11:25:06Z</time>
   </trkpt>
   <trkpt lat="51.4846860" lon="-0.2825380">
    <ele>5.0</ele>
    <time>2026-05-16T11:25:07Z</time>
   </trkpt>
   <trkpt lat="51.4846810" lon="-0.2825260">
    <ele>5.0</ele>
    <time>2026-05-16T11:25:08Z</time>
   </trkpt>
   <trkpt lat="51.4846770" lon="-0.2825140">
    <ele>5.0</ele>
    <time>2026-05-16T11:25:09Z</time>
   </trkpt>
   <trkpt lat="51.4846720" lon="-0.2825020">
    <ele>5.0</ele>
    <time>2026-05-16T11:25:10Z</time>
   </trkpt>
   <trkpt lat="51.4846560" lon="-0.2824770">
    <ele>5.0</ele>
    <time>2026-05-16T11:25:11Z</time>
   </trkpt>
   <trkpt lat="51.4846520" lon="-0.2824650">
    <ele>5.0</ele>
    <time>2026-05-16T11:25:12Z</time>
   </trkpt>
   <trkpt lat="51.4846470" lon="-0.2824530">
    <ele>5.0</ele>
    <time>2026-05-16T11:25:13Z</time>
   </trkpt>
   <trkpt lat="51.4846340" lon="-0.2824240">
    <ele>5.0</ele>
    <time>2026-05-16T11:25:14Z</time>
   </trkpt>
   <trkpt lat="51.4846290" lon="-0.2824140">
    <ele>5.0</ele>
    <time>2026-05-16T11:25:15Z</time>
   </trkpt>
   <trkpt lat="51.4846230" lon="-0.2824040">
    <ele>5.0</ele>
    <time>2026-05-16T11:25:16Z</time>
   </trkpt>
   <trkpt lat="51.4846170" lon="-0.2823830">
    <ele>5.0</ele>
    <time>2026-05-16T11:25:17Z</time>
   </trkpt>
   <trkpt lat="51.4846090" lon="-0.2823680">
    <ele>5.0</ele>
    <time>2026-05-16T11:25:18Z</time>
   </trkpt>
   <trkpt lat="51.4846030" lon="-0.2823550">
    <ele>5.0</ele>
    <time>2026-05-16T11:25:19Z</time>
   </trkpt>
   <trkpt lat="51.4845990" lon="-0.2823400">
    <ele>5.0</ele>
    <time>2026-05-16T11:25:20Z</time>
   </trkpt>
   <trkpt lat="51.4845930" lon="-0.2823300">
    <ele>5.0</ele>
    <time>2026-05-16T11:25:21Z</time>
   </trkpt>
   <trkpt lat="51.4845880" lon="-0.2823160">
    <ele>5.0</ele>
    <time>2026-05-16T11:25:22Z</time>
   </trkpt>
   <trkpt lat="51.4845820" lon="-0.2823030">
    <ele>5.0</ele>
    <time>2026-05-16T11:25:23Z</time>
   </trkpt>
   <trkpt lat="51.4845770" lon="-0.2822870">
    <ele>5.0</ele>
    <time>2026-05-16T11:25:24Z</time>
   </trkpt>
   <trkpt lat="51.4845700" lon="-0.2822720">
    <ele>5.0</ele>
    <time>2026-05-16T11:25:25Z</time>
   </trkpt>
   <trkpt lat="51.4845640" lon="-0.2822550">
    <ele>5.0</ele>
    <time>2026-05-16T11:25:26Z</time>
   </trkpt>
   <trkpt lat="51.4845590" lon="-0.2822420">
    <ele>5.0</ele>
    <time>2026-05-16T11:25:27Z</time>
   </trkpt>
   <trkpt lat="51.4845490" lon="-0.2822250">
    <ele>5.0</ele>
    <time>2026-05-16T11:25:28Z</time>
   </trkpt>
   <trkpt lat="51.4845390" lon="-0.2821940">
    <ele>5.0</ele>
    <time>2026-05-16T11:25:29Z</time>
   </trkpt>
   <trkpt lat="51.4845360" lon="-0.2821780">
    <ele>5.0</ele>
    <time>2026-05-16T11:25:30Z</time>
   </trkpt>
   <trkpt lat="51.4845320" lon="-0.2821630">
    <ele>5.0</ele>
    <time>2026-05-16T11:25:31Z</time>
   </trkpt>
   <trkpt lat="51.4845230" lon="-0.2821470">
    <ele>5.0</ele>
    <time>2026-05-16T11:25:32Z</time>
   </trkpt>
   <trkpt lat="51.4845150" lon="-0.2821330">
    <ele>5.0</ele>
    <time>2026-05-16T11:25:33Z</time>
   </trkpt>
   <trkpt lat="51.4845100" lon="-0.2821270">
    <ele>5.0</ele>
    <time>2026-05-16T11:25:34Z</time>
   </trkpt>
   <trkpt lat="51.4845050" lon="-0.2821080">
    <ele>5.0</ele>
    <time>2026-05-16T11:25:35Z</time>
   </trkpt>
   <trkpt lat="51.4845000" lon="-0.2820910">
    <ele>5.0</ele>
    <time>2026-05-16T11:25:36Z</time>
   </trkpt>
   <trkpt lat="51.4844910" lon="-0.2820780">
    <ele>5.0</ele>
    <time>2026-05-16T11:25:37Z</time>
   </trkpt>
   <trkpt lat="51.4844780" lon="-0.2820490">
    <ele>5.0</ele>
    <time>2026-05-16T11:25:38Z</time>
   </trkpt>
   <trkpt lat="51.4844730" lon="-0.2820400">
    <ele>5.0</ele>
    <time>2026-05-16T11:25:39Z</time>
   </trkpt>
   <trkpt lat="51.4844670" lon="-0.2820320">
    <ele>5.0</ele>
    <time>2026-05-16T11:25:40Z</time>
   </trkpt>
   <trkpt lat="51.4844540" lon="-0.2820050">
    <ele>5.0</ele>
    <time>2026-05-16T11:25:41Z</time>
   </trkpt>
   <trkpt lat="51.4844490" lon="-0.2819930">
    <ele>5.0</ele>
    <time>2026-05-16T11:25:42Z</time>
   </trkpt>
   <trkpt lat="51.4844450" lon="-0.2819820">
    <ele>5.0</ele>
    <time>2026-05-16T11:25:43Z</time>
   </trkpt>
   <trkpt lat="51.4844300" lon="-0.2819560">
    <ele>5.0</ele>
    <time>2026-05-16T11:25:44Z</time>
   </trkpt>
   <trkpt lat="51.4844230" lon="-0.2819440">
    <ele>5.0</ele>
    <time>2026-05-16T11:25:45Z</time>
   </trkpt>
   <trkpt lat="51.4844170" lon="-0.2819310">
    <ele>5.0</ele>
    <time>2026-05-16T11:25:46Z</time>
   </trkpt>
   <trkpt lat="51.4844100" lon="-0.2819160">
    <ele>5.0</ele>
    <time>2026-05-16T11:25:47Z</time>
   </trkpt>
   <trkpt lat="51.4844050" lon="-0.2819000">
    <ele>5.0</ele>
    <time>2026-05-16T11:25:48Z</time>
   </trkpt>
   <trkpt lat="51.4844000" lon="-0.2818870">
    <ele>5.0</ele>
    <time>2026-05-16T11:25:49Z</time>
   </trkpt>
   <trkpt lat="51.4843880" lon="-0.2818630">
    <ele>5.0</ele>
    <time>2026-05-16T11:25:50Z</time>
   </trkpt>
   <trkpt lat="51.4843830" lon="-0.2818450">
    <ele>5.0</ele>
    <time>2026-05-16T11:25:51Z</time>
   </trkpt>
   <trkpt lat="51.4843790" lon="-0.2818320">
    <ele>5.0</ele>
    <time>2026-05-16T11:25:52Z</time>
   </trkpt>
   <trkpt lat="51.4843720" lon="-0.2818150">
    <ele>5.0</ele>
    <time>2026-05-16T11:25:53Z</time>
   </trkpt>
   <trkpt lat="51.4843650" lon="-0.2817990">
    <ele>5.0</ele>
    <time>2026-05-16T11:25:54Z</time>
   </trkpt>
   <trkpt lat="51.4843530" lon="-0.2817780">
    <ele>5.0</ele>
    <time>2026-05-16T11:25:55Z</time>
   </trkpt>
   <trkpt lat="51.4843450" lon="-0.2817640">
    <ele>5.0</ele>
    <time>2026-05-16T11:25:56Z</time>
   </trkpt>
   <trkpt lat="51.4843380" lon="-0.2817520">
    <ele>5.0</ele>
    <time>2026-05-16T11:25:57Z</time>
   </trkpt>
   <trkpt lat="51.4843280" lon="-0.2817340">
    <ele>5.0</ele>
    <time>2026-05-16T11:25:58Z</time>
   </trkpt>
   <trkpt lat="51.4843260" lon="-0.2817160">
    <ele>5.0</ele>
    <time>2026-05-16T11:25:59Z</time>
   </trkpt>
   <trkpt lat="51.4843160" lon="-0.2816840">
    <ele>5.0</ele>
    <time>2026-05-16T11:26:00Z</time>
   </trkpt>
   <trkpt lat="51.4843120" lon="-0.2816700">
    <ele>5.0</ele>
    <time>2026-05-16T11:26:01Z</time>
   </trkpt>
   <trkpt lat="51.4843070" lon="-0.2816550">
    <ele>5.0</ele>
    <time>2026-05-16T11:26:02Z</time>
   </trkpt>
   <trkpt lat="51.4843030" lon="-0.2816460">
    <ele>5.0</ele>
    <time>2026-05-16T11:26:03Z</time>
   </trkpt>
   <trkpt lat="51.4842940" lon="-0.2816290">
    <ele>5.0</ele>
    <time>2026-05-16T11:26:04Z</time>
   </trkpt>
   <trkpt lat="51.4842870" lon="-0.2816160">
    <ele>5.0</ele>
    <time>2026-05-16T11:26:05Z</time>
   </trkpt>
   <trkpt lat="51.4842790" lon="-0.2816010">
    <ele>5.0</ele>
    <time>2026-05-16T11:26:06Z</time>
   </trkpt>
   <trkpt lat="51.4842720" lon="-0.2815780">
    <ele>5.0</ele>
    <time>2026-05-16T11:26:07Z</time>
   </trkpt>
   <trkpt lat="51.4842620" lon="-0.2815470">
    <ele>5.0</ele>
    <time>2026-05-16T11:26:08Z</time>
   </trkpt>
   <trkpt lat="51.4842590" lon="-0.2815370">
    <ele>5.0</ele>
    <time>2026-05-16T11:26:09Z</time>
   </trkpt>
   <trkpt lat="51.4842550" lon="-0.2815260">
    <ele>5.0</ele>
    <time>2026-05-16T11:26:10Z</time>
   </trkpt>
   <trkpt lat="51.4842480" lon="-0.2815100">
    <ele>5.0</ele>
    <time>2026-05-16T11:26:11Z</time>
   </trkpt>
   <trkpt lat="51.4842450" lon="-0.2814940">
    <ele>5.0</ele>
    <time>2026-05-16T11:26:12Z</time>
   </trkpt>
   <trkpt lat="51.4842390" lon="-0.2814840">
    <ele>5.0</ele>
    <time>2026-05-16T11:26:13Z</time>
   </trkpt>
   <trkpt lat="51.4842260" lon="-0.2814650">
    <ele>5.0</ele>
    <time>2026-05-16T11:26:14Z</time>
   </trkpt>
   <trkpt lat="51.4842170" lon="-0.2814520">
    <ele>5.0</ele>
    <time>2026-05-16T11:26:15Z</time>
   </trkpt>
   <trkpt lat="51.4842110" lon="-0.2814390">
    <ele>5.0</ele>
    <time>2026-05-16T11:26:16Z</time>
   </trkpt>
   <trkpt lat="51.4842080" lon="-0.2814220">
    <ele>5.0</ele>
    <time>2026-05-16T11:26:17Z</time>
   </trkpt>
   <trkpt lat="51.4842000" lon="-0.2814010">
    <ele>5.0</ele>
    <time>2026-05-16T11:26:18Z</time>
   </trkpt>
   <trkpt lat="51.4841930" lon="-0.2813720">
    <ele>5.0</ele>
    <time>2026-05-16T11:26:19Z</time>
   </trkpt>
   <trkpt lat="51.4841870" lon="-0.2813600">
    <ele>5.0</ele>
    <time>2026-05-16T11:26:20Z</time>
   </trkpt>
   <trkpt lat="51.4841820" lon="-0.2813470">
    <ele>5.0</ele>
    <time>2026-05-16T11:26:21Z</time>
   </trkpt>
   <trkpt lat="51.4841740" lon="-0.2813300">
    <ele>5.0</ele>
    <time>2026-05-16T11:26:22Z</time>
   </trkpt>
   <trkpt lat="51.4841640" lon="-0.2813100">
    <ele>5.0</ele>
    <time>2026-05-16T11:26:23Z</time>
   </trkpt>
   <trkpt lat="51.4841500" lon="-0.2812760">
    <ele>5.0</ele>
    <time>2026-05-16T11:26:24Z</time>
   </trkpt>
   <trkpt lat="51.4841460" lon="-0.2812700">
    <ele>5.0</ele>
    <time>2026-05-16T11:26:25Z</time>
   </trkpt>
   <trkpt lat="51.4841420" lon="-0.2812640">
    <ele>5.0</ele>
    <time>2026-05-16T11:26:26Z</time>
   </trkpt>
   <trkpt lat="51.4841320" lon="-0.2812490">
    <ele>5.0</ele>
    <time>2026-05-16T11:26:27Z</time>
   </trkpt>
   <trkpt lat="51.4841240" lon="-0.2812180">
    <ele>5.0</ele>
    <time>2026-05-16T11:26:28Z</time>
   </trkpt>
   <trkpt lat="51.4841110" lon="-0.2811940">
    <ele>5.0</ele>
    <time>2026-05-16T11:26:29Z</time>
   </trkpt>
   <trkpt lat="51.4841070" lon="-0.2811860">
    <ele>5.0</ele>
    <time>2026-05-16T11:26:30Z</time>
   </trkpt>
   <trkpt lat="51.4841020" lon="-0.2811770">
    <ele>5.0</ele>
    <time>2026-05-16T11:26:31Z</time>
   </trkpt>
   <trkpt lat="51.4840970" lon="-0.2811690">
    <ele>5.0</ele>
    <time>2026-05-16T11:26:32Z</time>
   </trkpt>
   <trkpt lat="51.4840940" lon="-0.2811510">
    <ele>5.0</ele>
    <time>2026-05-16T11:26:33Z</time>
   </trkpt>
   <trkpt lat="51.4840850" lon="-0.2811430">
    <ele>5.0</ele>
    <time>2026-05-16T11:26:34Z</time>
   </trkpt>
   <trkpt lat="51.4840760" lon="-0.2811300">
    <ele>5.0</ele>
    <time>2026-05-16T11:26:35Z</time>
   </trkpt>
   <trkpt lat="51.4840660" lon="-0.2811030">
    <ele>5.0</ele>
    <time>2026-05-16T11:26:36Z</time>
   </trkpt>
   <trkpt lat="51.4840590" lon="-0.2810920">
    <ele>5.1</ele>
    <time>2026-05-16T11:26:37Z</time>
   </trkpt>
   <trkpt lat="51.4840530" lon="-0.2810800">
    <ele>5.1</ele>
    <time>2026-05-16T11:26:38Z</time>
   </trkpt>
   <trkpt lat="51.4840390" lon="-0.2810540">
    <ele>5.1</ele>
    <time>2026-05-16T11:26:39Z</time>
   </trkpt>
   <trkpt lat="51.4840330" lon="-0.2810420">
    <ele>5.1</ele>
    <time>2026-05-16T11:26:40Z</time>
   </trkpt>
   <trkpt lat="51.4840280" lon="-0.2810300">
    <ele>5.1</ele>
    <time>2026-05-16T11:26:41Z</time>
   </trkpt>
   <trkpt lat="51.4840130" lon="-0.2810150">
    <ele>5.1</ele>
    <time>2026-05-16T11:26:42Z</time>
   </trkpt>
   <trkpt lat="51.4840020" lon="-0.2810020">
    <ele>5.1</ele>
    <time>2026-05-16T11:26:43Z</time>
   </trkpt>
   <trkpt lat="51.4840040" lon="-0.2809960">
    <ele>5.1</ele>
    <time>2026-05-16T11:26:44Z</time>
   </trkpt>
   <trkpt lat="51.4840010" lon="-0.2809850">
    <ele>5.1</ele>
    <time>2026-05-16T11:26:45Z</time>
   </trkpt>
   <trkpt lat="51.4839880" lon="-0.2809560">
    <ele>5.1</ele>
    <time>2026-05-16T11:26:46Z</time>
   </trkpt>
   <trkpt lat="51.4839780" lon="-0.2809290">
    <ele>5.1</ele>
    <time>2026-05-16T11:26:47Z</time>
   </trkpt>
   <trkpt lat="51.4839730" lon="-0.2809180">
    <ele>5.1</ele>
    <time>2026-05-16T11:26:48Z</time>
   </trkpt>
   <trkpt lat="51.4839670" lon="-0.2809070">
    <ele>5.1</ele>
    <time>2026-05-16T11:26:49Z</time>
   </trkpt>
   <trkpt lat="51.4839560" lon="-0.2808950">
    <ele>5.1</ele>
    <time>2026-05-16T11:26:50Z</time>
   </trkpt>
   <trkpt lat="51.4839460" lon="-0.2808750">
    <ele>5.2</ele>
    <time>2026-05-16T11:26:51Z</time>
   </trkpt>
   <trkpt lat="51.4839390" lon="-0.2808560">
    <ele>5.2</ele>
    <time>2026-05-16T11:26:52Z</time>
   </trkpt>
   <trkpt lat="51.4839360" lon="-0.2808410">
    <ele>5.2</ele>
    <time>2026-05-16T11:26:53Z</time>
   </trkpt>
   <trkpt lat="51.4839330" lon="-0.2808240">
    <ele>5.2</ele>
    <time>2026-05-16T11:26:54Z</time>
   </trkpt>
   <trkpt lat="51.4839230" lon="-0.2807970">
    <ele>5.2</ele>
    <time>2026-05-16T11:26:55Z</time>
   </trkpt>
   <trkpt lat="51.4839180" lon="-0.2807850">
    <ele>5.2</ele>
    <time>2026-05-16T11:26:56Z</time>
   </trkpt>
   <trkpt lat="51.4839130" lon="-0.2807740">
    <ele>5.2</ele>
    <time>2026-05-16T11:26:57Z</time>
   </trkpt>
   <trkpt lat="51.4838960" lon="-0.2807280">
    <ele>5.2</ele>
    <time>2026-05-16T11:26:58Z</time>
   </trkpt>
   <trkpt lat="51.4838910" lon="-0.2807190">
    <ele>5.2</ele>
    <time>2026-05-16T11:26:59Z</time>
   </trkpt>
   <trkpt lat="51.4838740" lon="-0.2806930">
    <ele>5.2</ele>
    <time>2026-05-16T11:27:00Z</time>
   </trkpt>
   <trkpt lat="51.4838700" lon="-0.2806840">
    <ele>5.2</ele>
    <time>2026-05-16T11:27:01Z</time>
   </trkpt>
   <trkpt lat="51.4838650" lon="-0.2806750">
    <ele>5.2</ele>
    <time>2026-05-16T11:27:02Z</time>
   </trkpt>
   <trkpt lat="51.4838580" lon="-0.2806520">
    <ele>5.2</ele>
    <time>2026-05-16T11:27:03Z</time>
   </trkpt>
   <trkpt lat="51.4838490" lon="-0.2806320">
    <ele>5.2</ele>
    <time>2026-05-16T11:27:04Z</time>
   </trkpt>
   <trkpt lat="51.4838380" lon="-0.2806110">
    <ele>5.2</ele>
    <time>2026-05-16T11:27:05Z</time>
   </trkpt>
   <trkpt lat="51.4838260" lon="-0.2805900">
    <ele>5.3</ele>
    <time>2026-05-16T11:27:06Z</time>
   </trkpt>
   <trkpt lat="51.4838150" lon="-0.2805580">
    <ele>5.3</ele>
    <time>2026-05-16T11:27:07Z</time>
   </trkpt>
   <trkpt lat="51.4838110" lon="-0.2805450">
    <ele>5.3</ele>
    <time>2026-05-16T11:27:08Z</time>
   </trkpt>
   <trkpt lat="51.4838070" lon="-0.2805320">
    <ele>5.3</ele>
    <time>2026-05-16T11:27:09Z</time>
   </trkpt>
   <trkpt lat="51.4837980" lon="-0.2805140">
    <ele>5.3</ele>
    <time>2026-05-16T11:27:10Z</time>
   </trkpt>
   <trkpt lat="51.4837870" lon="-0.2805040">
    <ele>5.3</ele>
    <time>2026-05-16T11:27:11Z</time>
   </trkpt>
   <trkpt lat="51.4837770" lon="-0.2804900">
    <ele>5.3</ele>
    <time>2026-05-16T11:27:12Z</time>
   </trkpt>
   <trkpt lat="51.4837680" lon="-0.2804730">
    <ele>5.3</ele>
    <time>2026-05-16T11:27:13Z</time>
   </trkpt>
   <trkpt lat="51.4837530" lon="-0.2804450">
    <ele>5.3</ele>
    <time>2026-05-16T11:27:14Z</time>
   </trkpt>
   <trkpt lat="51.4837470" lon="-0.2804350">
    <ele>5.3</ele>
    <time>2026-05-16T11:27:15Z</time>
   </trkpt>
   <trkpt lat="51.4837410" lon="-0.2804240">
    <ele>5.3</ele>
    <time>2026-05-16T11:27:16Z</time>
   </trkpt>
   <trkpt lat="51.4837330" lon="-0.2804050">
    <ele>5.3</ele>
    <time>2026-05-16T11:27:17Z</time>
   </trkpt>
   <trkpt lat="51.4837240" lon="-0.2803990">
    <ele>5.3</ele>
    <time>2026-05-16T11:27:18Z</time>
   </trkpt>
   <trkpt lat="51.4837150" lon="-0.2803930">
    <ele>5.3</ele>
    <time>2026-05-16T11:27:19Z</time>
   </trkpt>
   <trkpt lat="51.4837070" lon="-0.2803830">
    <ele>5.4</ele>
    <time>2026-05-16T11:27:20Z</time>
   </trkpt>
   <trkpt lat="51.4837030" lon="-0.2803700">
    <ele>5.4</ele>
    <time>2026-05-16T11:27:21Z</time>
   </trkpt>
   <trkpt lat="51.4836930" lon="-0.2803570">
    <ele>5.4</ele>
    <time>2026-05-16T11:27:22Z</time>
   </trkpt>
   <trkpt lat="51.4836790" lon="-0.2803410">
    <ele>5.4</ele>
    <time>2026-05-16T11:27:23Z</time>
   </trkpt>
   <trkpt lat="51.4836720" lon="-0.2803250">
    <ele>5.4</ele>
    <time>2026-05-16T11:27:24Z</time>
   </trkpt>
   <trkpt lat="51.4836580" lon="-0.2803040">
    <ele>5.4</ele>
    <time>2026-05-16T11:27:25Z</time>
   </trkpt>
   <trkpt lat="51.4836520" lon="-0.2802930">
    <ele>5.4</ele>
    <time>2026-05-16T11:27:26Z</time>
   </trkpt>
   <trkpt lat="51.4836460" lon="-0.2802830">
    <ele>5.4</ele>
    <time>2026-05-16T11:27:27Z</time>
   </trkpt>
   <trkpt lat="51.4836340" lon="-0.2802710">
    <ele>5.5</ele>
    <time>2026-05-16T11:27:28Z</time>
   </trkpt>
   <trkpt lat="51.4836260" lon="-0.2802590">
    <ele>5.5</ele>
    <time>2026-05-16T11:27:29Z</time>
   </trkpt>
   <trkpt lat="51.4836200" lon="-0.2802520">
    <ele>5.5</ele>
    <time>2026-05-16T11:27:30Z</time>
   </trkpt>
   <trkpt lat="51.4836220" lon="-0.2802480">
    <ele>5.5</ele>
    <time>2026-05-16T11:27:31Z</time>
   </trkpt>
   <trkpt lat="51.4836170" lon="-0.2802450">
    <ele>5.5</ele>
    <time>2026-05-16T11:27:32Z</time>
   </trkpt>
   <trkpt lat="51.4836180" lon="-0.2802270">
    <ele>5.5</ele>
    <time>2026-05-16T11:27:33Z</time>
   </trkpt>
   <trkpt lat="51.4836130" lon="-0.2802230">
    <ele>5.5</ele>
    <time>2026-05-16T11:27:34Z</time>
   </trkpt>
   <trkpt lat="51.4835970" lon="-0.2802180">
    <ele>5.5</ele>
    <time>2026-05-16T11:27:35Z</time>
   </trkpt>
   <trkpt lat="51.4835840" lon="-0.2802010">
    <ele>5.6</ele>
    <time>2026-05-16T11:27:36Z</time>
   </trkpt>
   <trkpt lat="51.4835800" lon="-0.2801870">
    <ele>5.6</ele>
    <time>2026-05-16T11:27:37Z</time>
   </trkpt>
   <trkpt lat="51.4835770" lon="-0.2801710">
    <ele>5.6</ele>
    <time>2026-05-16T11:27:38Z</time>
   </trkpt>
   <trkpt lat="51.4835670" lon="-0.2801540">
    <ele>5.6</ele>
    <time>2026-05-16T11:27:39Z</time>
   </trkpt>
   <trkpt lat="51.4835580" lon="-0.2801390">
    <ele>5.6</ele>
    <time>2026-05-16T11:27:40Z</time>
   </trkpt>
   <trkpt lat="51.4835470" lon="-0.2801250">
    <ele>5.6</ele>
    <time>2026-05-16T11:27:41Z</time>
   </trkpt>
   <trkpt lat="51.4835410" lon="-0.2801190">
    <ele>5.7</ele>
    <time>2026-05-16T11:27:42Z</time>
   </trkpt>
   <trkpt lat="51.4835320" lon="-0.2801020">
    <ele>5.7</ele>
    <time>2026-05-16T11:27:43Z</time>
   </trkpt>
   <trkpt lat="51.4835180" lon="-0.2800890">
    <ele>5.7</ele>
    <time>2026-05-16T11:27:44Z</time>
   </trkpt>
   <trkpt lat="51.4835070" lon="-0.2800780">
    <ele>5.7</ele>
    <time>2026-05-16T11:27:45Z</time>
   </trkpt>
   <trkpt lat="51.4834980" lon="-0.2800670">
    <ele>5.7</ele>
    <time>2026-05-16T11:27:46Z</time>
   </trkpt>
   <trkpt lat="51.4834890" lon="-0.2800570">
    <ele>5.7</ele>
    <time>2026-05-16T11:27:47Z</time>
   </trkpt>
   <trkpt lat="51.4834800" lon="-0.2800480">
    <ele>5.7</ele>
    <time>2026-05-16T11:27:48Z</time>
   </trkpt>
   <trkpt lat="51.4834730" lon="-0.2800430">
    <ele>5.7</ele>
    <time>2026-05-16T11:27:49Z</time>
   </trkpt>
   <trkpt lat="51.4834660" lon="-0.2800330">
    <ele>5.7</ele>
    <time>2026-05-16T11:27:50Z</time>
   </trkpt>
   <trkpt lat="51.4834570" lon="-0.2800180">
    <ele>5.7</ele>
    <time>2026-05-16T11:27:51Z</time>
   </trkpt>
   <trkpt lat="51.4834370" lon="-0.2800010">
    <ele>5.8</ele>
    <time>2026-05-16T11:27:52Z</time>
   </trkpt>
   <trkpt lat="51.4834290" lon="-0.2799910">
    <ele>5.8</ele>
    <time>2026-05-16T11:27:53Z</time>
   </trkpt>
   <trkpt lat="51.4834220" lon="-0.2799810">
    <ele>5.8</ele>
    <time>2026-05-16T11:27:54Z</time>
   </trkpt>
   <trkpt lat="51.4834090" lon="-0.2799660">
    <ele>5.8</ele>
    <time>2026-05-16T11:27:55Z</time>
   </trkpt>
   <trkpt lat="51.4834010" lon="-0.2799420">
    <ele>5.8</ele>
    <time>2026-05-16T11:27:56Z</time>
   </trkpt>
   <trkpt lat="51.4833930" lon="-0.2799170">
    <ele>5.8</ele>
    <time>2026-05-16T11:27:57Z</time>
   </trkpt>
   <trkpt lat="51.4833850" lon="-0.2798980">
    <ele>5.8</ele>
    <time>2026-05-16T11:27:58Z</time>
   </trkpt>
   <trkpt lat="51.4833760" lon="-0.2798770">
    <ele>5.8</ele>
    <time>2026-05-16T11:27:59Z</time>
   </trkpt>
   <trkpt lat="51.4833630" lon="-0.2798600">
    <ele>5.8</ele>
    <time>2026-05-16T11:28:00Z</time>
   </trkpt>
   <trkpt lat="51.4833490" lon="-0.2798370">
    <ele>5.8</ele>
    <time>2026-05-16T11:28:01Z</time>
   </trkpt>
   <trkpt lat="51.4833420" lon="-0.2798180">
    <ele>5.8</ele>
    <time>2026-05-16T11:28:02Z</time>
   </trkpt>
   <trkpt lat="51.4833310" lon="-0.2798080">
    <ele>5.8</ele>
    <time>2026-05-16T11:28:03Z</time>
   </trkpt>
   <trkpt lat="51.4833250" lon="-0.2798000">
    <ele>5.8</ele>
    <time>2026-05-16T11:28:04Z</time>
   </trkpt>
   <trkpt lat="51.4833120" lon="-0.2797880">
    <ele>5.8</ele>
    <time>2026-05-16T11:28:05Z</time>
   </trkpt>
   <trkpt lat="51.4833030" lon="-0.2797780">
    <ele>5.8</ele>
    <time>2026-05-16T11:28:06Z</time>
   </trkpt>
   <trkpt lat="51.4832920" lon="-0.2797670">
    <ele>5.8</ele>
    <time>2026-05-16T11:28:07Z</time>
   </trkpt>
   <trkpt lat="51.4832830" lon="-0.2797580">
    <ele>5.8</ele>
    <time>2026-05-16T11:28:08Z</time>
   </trkpt>
   <trkpt lat="51.4832710" lon="-0.2797330">
    <ele>5.8</ele>
    <time>2026-05-16T11:28:09Z</time>
   </trkpt>
   <trkpt lat="51.4832650" lon="-0.2797210">
    <ele>5.8</ele>
    <time>2026-05-16T11:28:10Z</time>
   </trkpt>
   <trkpt lat="51.4832580" lon="-0.2797090">
    <ele>5.8</ele>
    <time>2026-05-16T11:28:11Z</time>
   </trkpt>
   <trkpt lat="51.4832460" lon="-0.2796940">
    <ele>5.8</ele>
    <time>2026-05-16T11:28:12Z</time>
   </trkpt>
   <trkpt lat="51.4832390" lon="-0.2796860">
    <ele>5.8</ele>
    <time>2026-05-16T11:28:13Z</time>
   </trkpt>
   <trkpt lat="51.4832290" lon="-0.2796770">
    <ele>5.8</ele>
    <time>2026-05-16T11:28:14Z</time>
   </trkpt>
   <trkpt lat="51.4832200" lon="-0.2796590">
    <ele>5.8</ele>
    <time>2026-05-16T11:28:15Z</time>
   </trkpt>
   <trkpt lat="51.4832140" lon="-0.2796450">
    <ele>5.8</ele>
    <time>2026-05-16T11:28:16Z</time>
   </trkpt>
   <trkpt lat="51.4832070" lon="-0.2796330">
    <ele>5.8</ele>
    <time>2026-05-16T11:28:17Z</time>
   </trkpt>
   <trkpt lat="51.4831960" lon="-0.2796180">
    <ele>5.8</ele>
    <time>2026-05-16T11:28:18Z</time>
   </trkpt>
   <trkpt lat="51.4831890" lon="-0.2795970">
    <ele>5.8</ele>
    <time>2026-05-16T11:28:19Z</time>
   </trkpt>
   <trkpt lat="51.4831790" lon="-0.2795780">
    <ele>5.8</ele>
    <time>2026-05-16T11:28:20Z</time>
   </trkpt>
   <trkpt lat="51.4831690" lon="-0.2795550">
    <ele>5.9</ele>
    <time>2026-05-16T11:28:21Z</time>
   </trkpt>
   <trkpt lat="51.4831600" lon="-0.2795470">
    <ele>5.9</ele>
    <time>2026-05-16T11:28:22Z</time>
   </trkpt>
   <trkpt lat="51.4831520" lon="-0.2795400">
    <ele>5.9</ele>
    <time>2026-05-16T11:28:23Z</time>
   </trkpt>
   <trkpt lat="51.4831440" lon="-0.2795270">
    <ele>5.9</ele>
    <time>2026-05-16T11:28:24Z</time>
   </trkpt>
   <trkpt lat="51.4831360" lon="-0.2795090">
    <ele>5.9</ele>
    <time>2026-05-16T11:28:25Z</time>
   </trkpt>
   <trkpt lat="51.4831260" lon="-0.2794900">
    <ele>5.9</ele>
    <time>2026-05-16T11:28:26Z</time>
   </trkpt>
   <trkpt lat="51.4831120" lon="-0.2794640">
    <ele>5.9</ele>
    <time>2026-05-16T11:28:27Z</time>
   </trkpt>
   <trkpt lat="51.4831050" lon="-0.2794520">
    <ele>5.9</ele>
    <time>2026-05-16T11:28:28Z</time>
   </trkpt>
   <trkpt lat="51.4830990" lon="-0.2794410">
    <ele>5.9</ele>
    <time>2026-05-16T11:28:29Z</time>
   </trkpt>
   <trkpt lat="51.4830910" lon="-0.2794240">
    <ele>5.9</ele>
    <time>2026-05-16T11:28:30Z</time>
   </trkpt>
   <trkpt lat="51.4830770" lon="-0.2794060">
    <ele>5.9</ele>
    <time>2026-05-16T11:28:31Z</time>
   </trkpt>
   <trkpt lat="51.4830680" lon="-0.2793860">
    <ele>5.9</ele>
    <time>2026-05-16T11:28:32Z</time>
   </trkpt>
   <trkpt lat="51.4830590" lon="-0.2793660">
    <ele>5.9</ele>
    <time>2026-05-16T11:28:33Z</time>
   </trkpt>
   <trkpt lat="51.4830470" lon="-0.2793520">
    <ele>5.9</ele>
    <time>2026-05-16T11:28:34Z</time>
   </trkpt>
   <trkpt lat="51.4830330" lon="-0.2793340">
    <ele>5.9</ele>
    <time>2026-05-16T11:28:35Z</time>
   </trkpt>
   <trkpt lat="51.4830160" lon="-0.2793180">
    <ele>5.9</ele>
    <time>2026-05-16T11:28:36Z</time>
   </trkpt>
   <trkpt lat="51.4830110" lon="-0.2793070">
    <ele>5.9</ele>
    <time>2026-05-16T11:28:37Z</time>
   </trkpt>
   <trkpt lat="51.4830050" lon="-0.2792970">
    <ele>5.9</ele>
    <time>2026-05-16T11:28:38Z</time>
   </trkpt>
   <trkpt lat="51.4829910" lon="-0.2792820">
    <ele>5.9</ele>
    <time>2026-05-16T11:28:39Z</time>
   </trkpt>
   <trkpt lat="51.4829780" lon="-0.2792610">
    <ele>5.8</ele>
    <time>2026-05-16T11:28:40Z</time>
   </trkpt>
   <trkpt lat="51.4829660" lon="-0.2792440">
    <ele>5.8</ele>
    <time>2026-05-16T11:28:41Z</time>
   </trkpt>
   <trkpt lat="51.4829550" lon="-0.2792240">
    <ele>5.8</ele>
    <time>2026-05-16T11:28:42Z</time>
   </trkpt>
   <trkpt lat="51.4829450" lon="-0.2792040">
    <ele>5.8</ele>
    <time>2026-05-16T11:28:43Z</time>
   </trkpt>
   <trkpt lat="51.4829320" lon="-0.2791900">
    <ele>5.8</ele>
    <time>2026-05-16T11:28:44Z</time>
   </trkpt>
   <trkpt lat="51.4829110" lon="-0.2791520">
    <ele>5.8</ele>
    <time>2026-05-16T11:28:45Z</time>
   </trkpt>
   <trkpt lat="51.4829050" lon="-0.2791370">
    <ele>5.8</ele>
    <time>2026-05-16T11:28:46Z</time>
   </trkpt>
   <trkpt lat="51.4828900" lon="-0.2791340">
    <ele>5.8</ele>
    <time>2026-05-16T11:28:47Z</time>
   </trkpt>
   <trkpt lat="51.4828780" lon="-0.2791190">
    <ele>5.8</ele>
    <time>2026-05-16T11:28:48Z</time>
   </trkpt>
   <trkpt lat="51.4828670" lon="-0.2791000">
    <ele>5.8</ele>
    <time>2026-05-16T11:28:49Z</time>
   </trkpt>
   <trkpt lat="51.4828560" lon="-0.2790860">
    <ele>5.8</ele>
    <time>2026-05-16T11:28:50Z</time>
   </trkpt>
   <trkpt lat="51.4828400" lon="-0.2790630">
    <ele>5.8</ele>
    <time>2026-05-16T11:28:51Z</time>
   </trkpt>
   <trkpt lat="51.4828330" lon="-0.2790550">
    <ele>5.7</ele>
    <time>2026-05-16T11:28:52Z</time>
   </trkpt>
   <trkpt lat="51.4828260" lon="-0.2790470">
    <ele>5.7</ele>
    <time>2026-05-16T11:28:53Z</time>
   </trkpt>
   <trkpt lat="51.4828070" lon="-0.2790310">
    <ele>5.7</ele>
    <time>2026-05-16T11:28:54Z</time>
   </trkpt>
   <trkpt lat="51.4827990" lon="-0.2790230">
    <ele>5.7</ele>
    <time>2026-05-16T11:28:55Z</time>
   </trkpt>
   <trkpt lat="51.4827920" lon="-0.2790160">
    <ele>5.7</ele>
    <time>2026-05-16T11:28:56Z</time>
   </trkpt>
   <trkpt lat="51.4827750" lon="-0.2789910">
    <ele>5.7</ele>
    <time>2026-05-16T11:28:57Z</time>
   </trkpt>
   <trkpt lat="51.4827690" lon="-0.2789770">
    <ele>5.7</ele>
    <time>2026-05-16T11:28:58Z</time>
   </trkpt>
   <trkpt lat="51.4827640" lon="-0.2789640">
    <ele>5.7</ele>
    <time>2026-05-16T11:28:59Z</time>
   </trkpt>
   <trkpt lat="51.4827480" lon="-0.2789400">
    <ele>5.7</ele>
    <time>2026-05-16T11:29:00Z</time>
   </trkpt>
   <trkpt lat="51.4827410" lon="-0.2789300">
    <ele>5.7</ele>
    <time>2026-05-16T11:29:01Z</time>
   </trkpt>
   <trkpt lat="51.4827340" lon="-0.2789210">
    <ele>5.7</ele>
    <time>2026-05-16T11:29:02Z</time>
   </trkpt>
   <trkpt lat="51.4827160" lon="-0.2789050">
    <ele>5.7</ele>
    <time>2026-05-16T11:29:03Z</time>
   </trkpt>
   <trkpt lat="51.4827090" lon="-0.2789020">
    <ele>5.7</ele>
    <time>2026-05-16T11:29:04Z</time>
   </trkpt>
   <trkpt lat="51.4827010" lon="-0.2788980">
    <ele>5.7</ele>
    <time>2026-05-16T11:29:05Z</time>
   </trkpt>
   <trkpt lat="51.4826910" lon="-0.2788820">
    <ele>5.7</ele>
    <time>2026-05-16T11:29:06Z</time>
   </trkpt>
   <trkpt lat="51.4826820" lon="-0.2788670">
    <ele>5.6</ele>
    <time>2026-05-16T11:29:07Z</time>
   </trkpt>
   <trkpt lat="51.4826710" lon="-0.2788500">
    <ele>5.6</ele>
    <time>2026-05-16T11:29:08Z</time>
   </trkpt>
   <trkpt lat="51.4826610" lon="-0.2788370">
    <ele>5.6</ele>
    <time>2026-05-16T11:29:09Z</time>
   </trkpt>
   <trkpt lat="51.4826430" lon="-0.2788150">
    <ele>5.6</ele>
    <time>2026-05-16T11:29:10Z</time>
   </trkpt>
   <trkpt lat="51.4826360" lon="-0.2788050">
    <ele>5.6</ele>
    <time>2026-05-16T11:29:11Z</time>
   </trkpt>
   <trkpt lat="51.4826290" lon="-0.2787960">
    <ele>5.6</ele>
    <time>2026-05-16T11:29:12Z</time>
   </trkpt>
   <trkpt lat="51.4826110" lon="-0.2787770">
    <ele>5.6</ele>
    <time>2026-05-16T11:29:13Z</time>
   </trkpt>
   <trkpt lat="51.4826040" lon="-0.2787710">
    <ele>5.6</ele>
    <time>2026-05-16T11:29:14Z</time>
   </trkpt>
   <trkpt lat="51.4825970" lon="-0.2787640">
    <ele>5.6</ele>
    <time>2026-05-16T11:29:15Z</time>
   </trkpt>
   <trkpt lat="51.4825840" lon="-0.2787500">
    <ele>5.5</ele>
    <time>2026-05-16T11:29:16Z</time>
   </trkpt>
   <trkpt lat="51.4825770" lon="-0.2787310">
    <ele>5.5</ele>
    <time>2026-05-16T11:29:17Z</time>
   </trkpt>
   <trkpt lat="51.4825630" lon="-0.2787040">
    <ele>5.5</ele>
    <time>2026-05-16T11:29:18Z</time>
   </trkpt>
   <trkpt lat="51.4825580" lon="-0.2786920">
    <ele>5.5</ele>
    <time>2026-05-16T11:29:19Z</time>
   </trkpt>
   <trkpt lat="51.4825520" lon="-0.2786800">
    <ele>5.5</ele>
    <time>2026-05-16T11:29:20Z</time>
   </trkpt>
   <trkpt lat="51.4825360" lon="-0.2786580">
    <ele>5.5</ele>
    <time>2026-05-16T11:29:21Z</time>
   </trkpt>
   <trkpt lat="51.4825300" lon="-0.2786480">
    <ele>5.5</ele>
    <time>2026-05-16T11:29:22Z</time>
   </trkpt>
   <trkpt lat="51.4825240" lon="-0.2786390">
    <ele>5.5</ele>
    <time>2026-05-16T11:29:23Z</time>
   </trkpt>
   <trkpt lat="51.4825140" lon="-0.2786230">
    <ele>5.4</ele>
    <time>2026-05-16T11:29:24Z</time>
   </trkpt>
   <trkpt lat="51.4825030" lon="-0.2786080">
    <ele>5.4</ele>
    <time>2026-05-16T11:29:25Z</time>
   </trkpt>
   <trkpt lat="51.4824830" lon="-0.2785920">
    <ele>5.4</ele>
    <time>2026-05-16T11:29:26Z</time>
   </trkpt>
   <trkpt lat="51.4824770" lon="-0.2785850">
    <ele>5.4</ele>
    <time>2026-05-16T11:29:27Z</time>
   </trkpt>
   <trkpt lat="51.4824700" lon="-0.2785780">
    <ele>5.4</ele>
    <time>2026-05-16T11:29:28Z</time>
   </trkpt>
   <trkpt lat="51.4824540" lon="-0.2785520">
    <ele>5.4</ele>
    <time>2026-05-16T11:29:29Z</time>
   </trkpt>
   <trkpt lat="51.4824460" lon="-0.2785450">
    <ele>5.4</ele>
    <time>2026-05-16T11:29:30Z</time>
   </trkpt>
   <trkpt lat="51.4824390" lon="-0.2785380">
    <ele>5.4</ele>
    <time>2026-05-16T11:29:31Z</time>
   </trkpt>
   <trkpt lat="51.4824300" lon="-0.2785180">
    <ele>5.4</ele>
    <time>2026-05-16T11:29:32Z</time>
   </trkpt>
   <trkpt lat="51.4824200" lon="-0.2785040">
    <ele>5.4</ele>
    <time>2026-05-16T11:29:33Z</time>
   </trkpt>
   <trkpt lat="51.4824110" lon="-0.2784870">
    <ele>5.4</ele>
    <time>2026-05-16T11:29:34Z</time>
   </trkpt>
   <trkpt lat="51.4824000" lon="-0.2784710">
    <ele>5.4</ele>
    <time>2026-05-16T11:29:35Z</time>
   </trkpt>
   <trkpt lat="51.4823810" lon="-0.2784520">
    <ele>5.4</ele>
    <time>2026-05-16T11:29:36Z</time>
   </trkpt>
   <trkpt lat="51.4823740" lon="-0.2784430">
    <ele>5.4</ele>
    <time>2026-05-16T11:29:37Z</time>
   </trkpt>
   <trkpt lat="51.4823670" lon="-0.2784340">
    <ele>5.4</ele>
    <time>2026-05-16T11:29:38Z</time>
   </trkpt>
   <trkpt lat="51.4823560" lon="-0.2784190">
    <ele>5.4</ele>
    <time>2026-05-16T11:29:39Z</time>
   </trkpt>
   <trkpt lat="51.4823450" lon="-0.2784050">
    <ele>5.4</ele>
    <time>2026-05-16T11:29:40Z</time>
   </trkpt>
   <trkpt lat="51.4823370" lon="-0.2783880">
    <ele>5.4</ele>
    <time>2026-05-16T11:29:41Z</time>
   </trkpt>
   <trkpt lat="51.4823260" lon="-0.2783740">
    <ele>5.4</ele>
    <time>2026-05-16T11:29:42Z</time>
   </trkpt>
   <trkpt lat="51.4823160" lon="-0.2783590">
    <ele>5.4</ele>
    <time>2026-05-16T11:29:43Z</time>
   </trkpt>
   <trkpt lat="51.4823070" lon="-0.2783410">
    <ele>5.4</ele>
    <time>2026-05-16T11:29:44Z</time>
   </trkpt>
   <trkpt lat="51.4822890" lon="-0.2783210">
    <ele>5.4</ele>
    <time>2026-05-16T11:29:45Z</time>
   </trkpt>
   <trkpt lat="51.4822810" lon="-0.2783160">
    <ele>5.4</ele>
    <time>2026-05-16T11:29:46Z</time>
   </trkpt>
   <trkpt lat="51.4822730" lon="-0.2783110">
    <ele>5.5</ele>
    <time>2026-05-16T11:29:47Z</time>
   </trkpt>
   <trkpt lat="51.4822640" lon="-0.2783050">
    <ele>5.5</ele>
    <time>2026-05-16T11:29:48Z</time>
   </trkpt>
   <trkpt lat="51.4822550" lon="-0.2782930">
    <ele>5.5</ele>
    <time>2026-05-16T11:29:49Z</time>
   </trkpt>
   <trkpt lat="51.4822480" lon="-0.2782850">
    <ele>5.5</ele>
    <time>2026-05-16T11:29:50Z</time>
   </trkpt>
   <trkpt lat="51.4822290" lon="-0.2782720">
    <ele>5.5</ele>
    <time>2026-05-16T11:29:51Z</time>
   </trkpt>
   <trkpt lat="51.4822200" lon="-0.2782650">
    <ele>5.5</ele>
    <time>2026-05-16T11:29:52Z</time>
   </trkpt>
   <trkpt lat="51.4822120" lon="-0.2782570">
    <ele>5.5</ele>
    <time>2026-05-16T11:29:53Z</time>
   </trkpt>
   <trkpt lat="51.4822040" lon="-0.2782330">
    <ele>5.5</ele>
    <time>2026-05-16T11:29:54Z</time>
   </trkpt>
   <trkpt lat="51.4821950" lon="-0.2782100">
    <ele>5.6</ele>
    <time>2026-05-16T11:29:55Z</time>
   </trkpt>
   <trkpt lat="51.4821770" lon="-0.2781880">
    <ele>5.6</ele>
    <time>2026-05-16T11:29:56Z</time>
   </trkpt>
   <trkpt lat="51.4821690" lon="-0.2781800">
    <ele>5.6</ele>
    <time>2026-05-16T11:29:57Z</time>
   </trkpt>
   <trkpt lat="51.4821610" lon="-0.2781730">
    <ele>5.6</ele>
    <time>2026-05-16T11:29:58Z</time>
   </trkpt>
   <trkpt lat="51.4821420" lon="-0.2781550">
    <ele>5.6</ele>
    <time>2026-05-16T11:29:59Z</time>
   </trkpt>
   <trkpt lat="51.4821350" lon="-0.2781470">
    <ele>5.6</ele>
    <time>2026-05-16T11:30:00Z</time>
   </trkpt>
   <trkpt lat="51.4821280" lon="-0.2781400">
    <ele>5.6</ele>
    <time>2026-05-16T11:30:01Z</time>
   </trkpt>
   <trkpt lat="51.4821090" lon="-0.2781190">
    <ele>5.7</ele>
    <time>2026-05-16T11:30:02Z</time>
   </trkpt>
   <trkpt lat="51.4821020" lon="-0.2781110">
    <ele>5.7</ele>
    <time>2026-05-16T11:30:03Z</time>
   </trkpt>
   <trkpt lat="51.4820950" lon="-0.2781020">
    <ele>5.7</ele>
    <time>2026-05-16T11:30:04Z</time>
   </trkpt>
   <trkpt lat="51.4820760" lon="-0.2780860">
    <ele>5.7</ele>
    <time>2026-05-16T11:30:05Z</time>
   </trkpt>
   <trkpt lat="51.4820680" lon="-0.2780800">
    <ele>5.7</ele>
    <time>2026-05-16T11:30:06Z</time>
   </trkpt>
   <trkpt lat="51.4820610" lon="-0.2780740">
    <ele>5.7</ele>
    <time>2026-05-16T11:30:07Z</time>
   </trkpt>
   <trkpt lat="51.4820410" lon="-0.2780560">
    <ele>5.7</ele>
    <time>2026-05-16T11:30:08Z</time>
   </trkpt>
   <trkpt lat="51.4820330" lon="-0.2780460">
    <ele>5.7</ele>
    <time>2026-05-16T11:30:09Z</time>
   </trkpt>
   <trkpt lat="51.4820250" lon="-0.2780370">
    <ele>5.7</ele>
    <time>2026-05-16T11:30:10Z</time>
   </trkpt>
   <trkpt lat="51.4820130" lon="-0.2780190">
    <ele>5.7</ele>
    <time>2026-05-16T11:30:11Z</time>
   </trkpt>
   <trkpt lat="51.4820020" lon="-0.2780000">
    <ele>5.7</ele>
    <time>2026-05-16T11:30:12Z</time>
   </trkpt>
   <trkpt lat="51.4819910" lon="-0.2779800">
    <ele>5.7</ele>
    <time>2026-05-16T11:30:13Z</time>
   </trkpt>
   <trkpt lat="51.4819810" lon="-0.2779590">
    <ele>5.7</ele>
    <time>2026-05-16T11:30:14Z</time>
   </trkpt>
   <trkpt lat="51.4819720" lon="-0.2779350">
    <ele>5.7</ele>
    <time>2026-05-16T11:30:15Z</time>
   </trkpt>
   <trkpt lat="51.4819600" lon="-0.2779200">
    <ele>5.7</ele>
    <time>2026-05-16T11:30:16Z</time>
   </trkpt>
   <trkpt lat="51.4819460" lon="-0.2779080">
    <ele>5.7</ele>
    <time>2026-05-16T11:30:17Z</time>
   </trkpt>
   <trkpt lat="51.4819340" lon="-0.2779020">
    <ele>5.7</ele>
    <time>2026-05-16T11:30:18Z</time>
   </trkpt>
   <trkpt lat="51.4819220" lon="-0.2778980">
    <ele>5.7</ele>
    <time>2026-05-16T11:30:19Z</time>
   </trkpt>
   <trkpt lat="51.4819090" lon="-0.2778950">
    <ele>5.7</ele>
    <time>2026-05-16T11:30:20Z</time>
   </trkpt>
   <trkpt lat="51.4819000" lon="-0.2778830">
    <ele>5.7</ele>
    <time>2026-05-16T11:30:21Z</time>
   </trkpt>
   <trkpt lat="51.4818810" lon="-0.2778670">
    <ele>5.7</ele>
    <time>2026-05-16T11:30:22Z</time>
   </trkpt>
   <trkpt lat="51.4818720" lon="-0.2778600">
    <ele>5.7</ele>
    <time>2026-05-16T11:30:23Z</time>
   </trkpt>
   <trkpt lat="51.4818640" lon="-0.2778530">
    <ele>5.7</ele>
    <time>2026-05-16T11:30:24Z</time>
   </trkpt>
   <trkpt lat="51.4818460" lon="-0.2778340">
    <ele>5.7</ele>
    <time>2026-05-16T11:30:25Z</time>
   </trkpt>
   <trkpt lat="51.4818400" lon="-0.2778270">
    <ele>5.7</ele>
    <time>2026-05-16T11:30:26Z</time>
   </trkpt>
   <trkpt lat="51.4818330" lon="-0.2778200">
    <ele>5.7</ele>
    <time>2026-05-16T11:30:27Z</time>
   </trkpt>
   <trkpt lat="51.4818220" lon="-0.2778070">
    <ele>5.7</ele>
    <time>2026-05-16T11:30:28Z</time>
   </trkpt>
   <trkpt lat="51.4818110" lon="-0.2777950">
    <ele>5.7</ele>
    <time>2026-05-16T11:30:29Z</time>
   </trkpt>
   <trkpt lat="51.4817990" lon="-0.2777800">
    <ele>5.7</ele>
    <time>2026-05-16T11:30:30Z</time>
   </trkpt>
   <trkpt lat="51.4817900" lon="-0.2777650">
    <ele>5.7</ele>
    <time>2026-05-16T11:30:31Z</time>
   </trkpt>
   <trkpt lat="51.4817790" lon="-0.2777530">
    <ele>5.7</ele>
    <time>2026-05-16T11:30:32Z</time>
   </trkpt>
   <trkpt lat="51.4817650" lon="-0.2777450">
    <ele>5.7</ele>
    <time>2026-05-16T11:30:33Z</time>
   </trkpt>
   <trkpt lat="51.4817530" lon="-0.2777330">
    <ele>5.7</ele>
    <time>2026-05-16T11:30:34Z</time>
   </trkpt>
   <trkpt lat="51.4817400" lon="-0.2777240">
    <ele>5.7</ele>
    <time>2026-05-16T11:30:35Z</time>
   </trkpt>
   <trkpt lat="51.4817220" lon="-0.2777090">
    <ele>5.7</ele>
    <time>2026-05-16T11:30:36Z</time>
   </trkpt>
   <trkpt lat="51.4817150" lon="-0.2777010">
    <ele>5.7</ele>
    <time>2026-05-16T11:30:37Z</time>
   </trkpt>
   <trkpt lat="51.4817080" lon="-0.2776930">
    <ele>5.7</ele>
    <time>2026-05-16T11:30:38Z</time>
   </trkpt>
   <trkpt lat="51.4816960" lon="-0.2776810">
    <ele>5.7</ele>
    <time>2026-05-16T11:30:39Z</time>
   </trkpt>
   <trkpt lat="51.4816860" lon="-0.2776670">
    <ele>5.7</ele>
    <time>2026-05-16T11:30:40Z</time>
   </trkpt>
   <trkpt lat="51.4816760" lon="-0.2776530">
    <ele>5.7</ele>
    <time>2026-05-16T11:30:41Z</time>
   </trkpt>
   <trkpt lat="51.4816660" lon="-0.2776340">
    <ele>5.7</ele>
    <time>2026-05-16T11:30:42Z</time>
   </trkpt>
   <trkpt lat="51.4816560" lon="-0.2776170">
    <ele>5.7</ele>
    <time>2026-05-16T11:30:43Z</time>
   </trkpt>
   <trkpt lat="51.4816420" lon="-0.2776040">
    <ele>5.7</ele>
    <time>2026-05-16T11:30:44Z</time>
   </trkpt>
   <trkpt lat="51.4816290" lon="-0.2775890">
    <ele>5.7</ele>
    <time>2026-05-16T11:30:45Z</time>
   </trkpt>
   <trkpt lat="51.4816190" lon="-0.2775720">
    <ele>5.7</ele>
    <time>2026-05-16T11:30:46Z</time>
   </trkpt>
   <trkpt lat="51.4815970" lon="-0.2775620">
    <ele>5.7</ele>
    <time>2026-05-16T11:30:47Z</time>
   </trkpt>
   <trkpt lat="51.4815890" lon="-0.2775570">
    <ele>5.7</ele>
    <time>2026-05-16T11:30:48Z</time>
   </trkpt>
   <trkpt lat="51.4815800" lon="-0.2775510">
    <ele>5.7</ele>
    <time>2026-05-16T11:30:49Z</time>
   </trkpt>
   <trkpt lat="51.4815600" lon="-0.2775330">
    <ele>5.7</ele>
    <time>2026-05-16T11:30:50Z</time>
   </trkpt>
   <trkpt lat="51.4815530" lon="-0.2775280">
    <ele>5.7</ele>
    <time>2026-05-16T11:30:51Z</time>
   </trkpt>
   <trkpt lat="51.4815450" lon="-0.2775220">
    <ele>5.7</ele>
    <time>2026-05-16T11:30:52Z</time>
   </trkpt>
   <trkpt lat="51.4815280" lon="-0.2775000">
    <ele>5.7</ele>
    <time>2026-05-16T11:30:53Z</time>
   </trkpt>
   <trkpt lat="51.4815200" lon="-0.2774940">
    <ele>5.7</ele>
    <time>2026-05-16T11:30:54Z</time>
   </trkpt>
   <trkpt lat="51.4815130" lon="-0.2774880">
    <ele>5.7</ele>
    <time>2026-05-16T11:30:55Z</time>
   </trkpt>
   <trkpt lat="51.4815010" lon="-0.2774810">
    <ele>5.7</ele>
    <time>2026-05-16T11:30:56Z</time>
   </trkpt>
   <trkpt lat="51.4814870" lon="-0.2774710">
    <ele>5.7</ele>
    <time>2026-05-16T11:30:57Z</time>
   </trkpt>
   <trkpt lat="51.4814680" lon="-0.2774570">
    <ele>5.7</ele>
    <time>2026-05-16T11:30:58Z</time>
   </trkpt>
   <trkpt lat="51.4814600" lon="-0.2774530">
    <ele>5.6</ele>
    <time>2026-05-16T11:30:59Z</time>
   </trkpt>
   <trkpt lat="51.4814530" lon="-0.2774480">
    <ele>5.6</ele>
    <time>2026-05-16T11:31:00Z</time>
   </trkpt>
   <trkpt lat="51.4814390" lon="-0.2774390">
    <ele>5.6</ele>
    <time>2026-05-16T11:31:01Z</time>
   </trkpt>
   <trkpt lat="51.4814260" lon="-0.2774310">
    <ele>5.6</ele>
    <time>2026-05-16T11:31:02Z</time>
   </trkpt>
   <trkpt lat="51.4814100" lon="-0.2774110">
    <ele>5.6</ele>
    <time>2026-05-16T11:31:03Z</time>
   </trkpt>
   <trkpt lat="51.4814030" lon="-0.2774020">
    <ele>5.6</ele>
    <time>2026-05-16T11:31:04Z</time>
   </trkpt>
   <trkpt lat="51.4813960" lon="-0.2773930">
    <ele>5.6</ele>
    <time>2026-05-16T11:31:05Z</time>
   </trkpt>
   <trkpt lat="51.4813830" lon="-0.2773820">
    <ele>5.6</ele>
    <time>2026-05-16T11:31:06Z</time>
   </trkpt>
   <trkpt lat="51.4813710" lon="-0.2773690">
    <ele>5.6</ele>
    <time>2026-05-16T11:31:07Z</time>
   </trkpt>
   <trkpt lat="51.4813600" lon="-0.2773520">
    <ele>5.6</ele>
    <time>2026-05-16T11:31:08Z</time>
   </trkpt>
   <trkpt lat="51.4813460" lon="-0.2773380">
    <ele>5.6</ele>
    <time>2026-05-16T11:31:09Z</time>
   </trkpt>
   <trkpt lat="51.4813330" lon="-0.2773240">
    <ele>5.5</ele>
    <time>2026-05-16T11:31:10Z</time>
   </trkpt>
   <trkpt lat="51.4813230" lon="-0.2773110">
    <ele>5.5</ele>
    <time>2026-05-16T11:31:11Z</time>
   </trkpt>
   <trkpt lat="51.4813050" lon="-0.2772970">
    <ele>5.5</ele>
    <time>2026-05-16T11:31:12Z</time>
   </trkpt>
   <trkpt lat="51.4812970" lon="-0.2772920">
    <ele>5.5</ele>
    <time>2026-05-16T11:31:13Z</time>
   </trkpt>
   <trkpt lat="51.4812900" lon="-0.2772860">
    <ele>5.5</ele>
    <time>2026-05-16T11:31:14Z</time>
   </trkpt>
   <trkpt lat="51.4812800" lon="-0.2772740">
    <ele>5.5</ele>
    <time>2026-05-16T11:31:15Z</time>
   </trkpt>
   <trkpt lat="51.4812700" lon="-0.2772640">
    <ele>5.4</ele>
    <time>2026-05-16T11:31:16Z</time>
   </trkpt>
   <trkpt lat="51.4812600" lon="-0.2772560">
    <ele>5.4</ele>
    <time>2026-05-16T11:31:17Z</time>
   </trkpt>
   <trkpt lat="51.4812380" lon="-0.2772530">
    <ele>5.4</ele>
    <time>2026-05-16T11:31:18Z</time>
   </trkpt>
   <trkpt lat="51.4812300" lon="-0.2772480">
    <ele>5.4</ele>
    <time>2026-05-16T11:31:19Z</time>
   </trkpt>
   <trkpt lat="51.4812220" lon="-0.2772430">
    <ele>5.4</ele>
    <time>2026-05-16T11:31:20Z</time>
   </trkpt>
   <trkpt lat="51.4812080" lon="-0.2772400">
    <ele>5.3</ele>
    <time>2026-05-16T11:31:21Z</time>
   </trkpt>
   <trkpt lat="51.4811960" lon="-0.2772270">
    <ele>5.3</ele>
    <time>2026-05-16T11:31:22Z</time>
   </trkpt>
   <trkpt lat="51.4811830" lon="-0.2772170">
    <ele>5.3</ele>
    <time>2026-05-16T11:31:23Z</time>
   </trkpt>
   <trkpt lat="51.4811710" lon="-0.2772130">
    <ele>5.3</ele>
    <time>2026-05-16T11:31:24Z</time>
   </trkpt>
   <trkpt lat="51.4811520" lon="-0.2771980">
    <ele>5.3</ele>
    <time>2026-05-16T11:31:25Z</time>
   </trkpt>
   <trkpt lat="51.4811450" lon="-0.2771920">
    <ele>5.3</ele>
    <time>2026-05-16T11:31:26Z</time>
   </trkpt>
   <trkpt lat="51.4811370" lon="-0.2771870">
    <ele>5.3</ele>
    <time>2026-05-16T11:31:27Z</time>
   </trkpt>
   <trkpt lat="51.4811190" lon="-0.2771740">
    <ele>5.3</ele>
    <time>2026-05-16T11:31:28Z</time>
   </trkpt>
   <trkpt lat="51.4811110" lon="-0.2771690">
    <ele>5.3</ele>
    <time>2026-05-16T11:31:29Z</time>
   </trkpt>
   <trkpt lat="51.4811030" lon="-0.2771640">
    <ele>5.2</ele>
    <time>2026-05-16T11:31:30Z</time>
   </trkpt>
   <trkpt lat="51.4810830" lon="-0.2771510">
    <ele>5.2</ele>
    <time>2026-05-16T11:31:31Z</time>
   </trkpt>
   <trkpt lat="51.4810740" lon="-0.2771450">
    <ele>5.2</ele>
    <time>2026-05-16T11:31:32Z</time>
   </trkpt>
   <trkpt lat="51.4810660" lon="-0.2771390">
    <ele>5.2</ele>
    <time>2026-05-16T11:31:33Z</time>
   </trkpt>
   <trkpt lat="51.4810540" lon="-0.2771300">
    <ele>5.2</ele>
    <time>2026-05-16T11:31:34Z</time>
   </trkpt>
   <trkpt lat="51.4810420" lon="-0.2771190">
    <ele>5.3</ele>
    <time>2026-05-16T11:31:35Z</time>
   </trkpt>
   <trkpt lat="51.4810310" lon="-0.2771060">
    <ele>5.3</ele>
    <time>2026-05-16T11:31:36Z</time>
   </trkpt>
   <trkpt lat="51.4810180" lon="-0.2770980">
    <ele>5.3</ele>
    <time>2026-05-16T11:31:37Z</time>
   </trkpt>
   <trkpt lat="51.4810050" lon="-0.2770910">
    <ele>5.3</ele>
    <time>2026-05-16T11:31:38Z</time>
   </trkpt>
   <trkpt lat="51.4809950" lon="-0.2770870">
    <ele>5.3</ele>
    <time>2026-05-16T11:31:39Z</time>
   </trkpt>
   <trkpt lat="51.4809840" lon="-0.2770790">
    <ele>5.3</ele>
    <time>2026-05-16T11:31:40Z</time>
   </trkpt>
   <trkpt lat="51.4809730" lon="-0.2770760">
    <ele>5.3</ele>
    <time>2026-05-16T11:31:41Z</time>
   </trkpt>
   <trkpt lat="51.4809630" lon="-0.2770710">
    <ele>5.3</ele>
    <time>2026-05-16T11:31:42Z</time>
   </trkpt>
   <trkpt lat="51.4809510" lon="-0.2770660">
    <ele>5.3</ele>
    <time>2026-05-16T11:31:43Z</time>
   </trkpt>
   <trkpt lat="51.4809320" lon="-0.2770510">
    <ele>5.4</ele>
    <time>2026-05-16T11:31:44Z</time>
   </trkpt>
   <trkpt lat="51.4809240" lon="-0.2770430">
    <ele>5.4</ele>
    <time>2026-05-16T11:31:45Z</time>
   </trkpt>
   <trkpt lat="51.4809160" lon="-0.2770360">
    <ele>5.4</ele>
    <time>2026-05-16T11:31:46Z</time>
   </trkpt>
   <trkpt lat="51.4808960" lon="-0.2770220">
    <ele>5.4</ele>
    <time>2026-05-16T11:31:47Z</time>
   </trkpt>
   <trkpt lat="51.4808880" lon="-0.2770180">
    <ele>5.4</ele>
    <time>2026-05-16T11:31:48Z</time>
   </trkpt>
   <trkpt lat="51.4808800" lon="-0.2770130">
    <ele>5.4</ele>
    <time>2026-05-16T11:31:49Z</time>
   </trkpt>
   <trkpt lat="51.4808690" lon="-0.2770000">
    <ele>5.4</ele>
    <time>2026-05-16T11:31:50Z</time>
   </trkpt>
   <trkpt lat="51.4808540" lon="-0.2769950">
    <ele>5.5</ele>
    <time>2026-05-16T11:31:51Z</time>
   </trkpt>
   <trkpt lat="51.4808340" lon="-0.2769800">
    <ele>5.5</ele>
    <time>2026-05-16T11:31:52Z</time>
   </trkpt>
   <trkpt lat="51.4808260" lon="-0.2769750">
    <ele>5.5</ele>
    <time>2026-05-16T11:31:53Z</time>
   </trkpt>
   <trkpt lat="51.4808180" lon="-0.2769690">
    <ele>5.5</ele>
    <time>2026-05-16T11:31:54Z</time>
   </trkpt>
   <trkpt lat="51.4808000" lon="-0.2769500">
    <ele>5.5</ele>
    <time>2026-05-16T11:31:55Z</time>
   </trkpt>
   <trkpt lat="51.4807920" lon="-0.2769430">
    <ele>5.6</ele>
    <time>2026-05-16T11:31:56Z</time>
   </trkpt>
   <trkpt lat="51.4807840" lon="-0.2769360">
    <ele>5.6</ele>
    <time>2026-05-16T11:31:57Z</time>
   </trkpt>
   <trkpt lat="51.4807710" lon="-0.2769300">
    <ele>5.6</ele>
    <time>2026-05-16T11:31:58Z</time>
   </trkpt>
   <trkpt lat="51.4807590" lon="-0.2769200">
    <ele>5.6</ele>
    <time>2026-05-16T11:31:59Z</time>
   </trkpt>
   <trkpt lat="51.4807380" lon="-0.2769070">
    <ele>5.6</ele>
    <time>2026-05-16T11:32:00Z</time>
   </trkpt>
   <trkpt lat="51.4807290" lon="-0.2769010">
    <ele>5.6</ele>
    <time>2026-05-16T11:32:01Z</time>
   </trkpt>
   <trkpt lat="51.4807210" lon="-0.2768960">
    <ele>5.6</ele>
    <time>2026-05-16T11:32:02Z</time>
   </trkpt>
   <trkpt lat="51.4807090" lon="-0.2768940">
    <ele>5.6</ele>
    <time>2026-05-16T11:32:03Z</time>
   </trkpt>
   <trkpt lat="51.4806980" lon="-0.2768860">
    <ele>5.6</ele>
    <time>2026-05-16T11:32:04Z</time>
   </trkpt>
   <trkpt lat="51.4806890" lon="-0.2768760">
    <ele>5.6</ele>
    <time>2026-05-16T11:32:05Z</time>
   </trkpt>
   <trkpt lat="51.4806770" lon="-0.2768650">
    <ele>5.6</ele>
    <time>2026-05-16T11:32:06Z</time>
   </trkpt>
   <trkpt lat="51.4806630" lon="-0.2768600">
    <ele>5.7</ele>
    <time>2026-05-16T11:32:07Z</time>
   </trkpt>
   <trkpt lat="51.4806420" lon="-0.2768560">
    <ele>5.7</ele>
    <time>2026-05-16T11:32:08Z</time>
   </trkpt>
   <trkpt lat="51.4806340" lon="-0.2768510">
    <ele>5.7</ele>
    <time>2026-05-16T11:32:09Z</time>
   </trkpt>
   <trkpt lat="51.4806260" lon="-0.2768470">
    <ele>5.7</ele>
    <time>2026-05-16T11:32:10Z</time>
   </trkpt>
   <trkpt lat="51.4806050" lon="-0.2768380">
    <ele>5.7</ele>
    <time>2026-05-16T11:32:11Z</time>
   </trkpt>
   <trkpt lat="51.4805960" lon="-0.2768350">
    <ele>5.7</ele>
    <time>2026-05-16T11:32:12Z</time>
   </trkpt>
   <trkpt lat="51.4805880" lon="-0.2768310">
    <ele>5.7</ele>
    <time>2026-05-16T11:32:13Z</time>
   </trkpt>
   <trkpt lat="51.4805710" lon="-0.2768090">
    <ele>5.7</ele>
    <time>2026-05-16T11:32:14Z</time>
   </trkpt>
   <trkpt lat="51.4805630" lon="-0.2767990">
    <ele>5.7</ele>
    <time>2026-05-16T11:32:15Z</time>
   </trkpt>
   <trkpt lat="51.4805550" lon="-0.2767890">
    <ele>5.7</ele>
    <time>2026-05-16T11:32:16Z</time>
   </trkpt>
   <trkpt lat="51.4805440" lon="-0.2767790">
    <ele>5.7</ele>
    <time>2026-05-16T11:32:17Z</time>
   </trkpt>
   <trkpt lat="51.4805350" lon="-0.2767720">
    <ele>5.7</ele>
    <time>2026-05-16T11:32:18Z</time>
   </trkpt>
   <trkpt lat="51.4805240" lon="-0.2767690">
    <ele>5.7</ele>
    <time>2026-05-16T11:32:19Z</time>
   </trkpt>
   <trkpt lat="51.4805150" lon="-0.2767620">
    <ele>5.7</ele>
    <time>2026-05-16T11:32:20Z</time>
   </trkpt>
   <trkpt lat="51.4805130" lon="-0.2767520">
    <ele>5.7</ele>
    <time>2026-05-16T11:32:21Z</time>
   </trkpt>
   <trkpt lat="51.4804980" lon="-0.2767520">
    <ele>5.7</ele>
    <time>2026-05-16T11:32:22Z</time>
   </trkpt>
   <trkpt lat="51.4804920" lon="-0.2767390">
    <ele>5.7</ele>
    <time>2026-05-16T11:32:23Z</time>
   </trkpt>
   <trkpt lat="51.4804830" lon="-0.2767350">
    <ele>5.7</ele>
    <time>2026-05-16T11:32:24Z</time>
   </trkpt>
   <trkpt lat="51.4804720" lon="-0.2767320">
    <ele>5.7</ele>
    <time>2026-05-16T11:32:25Z</time>
   </trkpt>
   <trkpt lat="51.4804560" lon="-0.2767210">
    <ele>5.7</ele>
    <time>2026-05-16T11:32:26Z</time>
   </trkpt>
   <trkpt lat="51.4804430" lon="-0.2767120">
    <ele>5.7</ele>
    <time>2026-05-16T11:32:27Z</time>
   </trkpt>
   <trkpt lat="51.4804280" lon="-0.2767030">
    <ele>5.7</ele>
    <time>2026-05-16T11:32:28Z</time>
   </trkpt>
   <trkpt lat="51.4804160" lon="-0.2766980">
    <ele>5.7</ele>
    <time>2026-05-16T11:32:29Z</time>
   </trkpt>
   <trkpt lat="51.4803960" lon="-0.2766860">
    <ele>5.6</ele>
    <time>2026-05-16T11:32:30Z</time>
   </trkpt>
   <trkpt lat="51.4803870" lon="-0.2766830">
    <ele>5.6</ele>
    <time>2026-05-16T11:32:31Z</time>
   </trkpt>
   <trkpt lat="51.4803780" lon="-0.2766800">
    <ele>5.6</ele>
    <time>2026-05-16T11:32:32Z</time>
   </trkpt>
   <trkpt lat="51.4803570" lon="-0.2766660">
    <ele>5.6</ele>
    <time>2026-05-16T11:32:33Z</time>
   </trkpt>
   <trkpt lat="51.4803480" lon="-0.2766630">
    <ele>5.6</ele>
    <time>2026-05-16T11:32:34Z</time>
   </trkpt>
   <trkpt lat="51.4803400" lon="-0.2766590">
    <ele>5.6</ele>
    <time>2026-05-16T11:32:35Z</time>
   </trkpt>
   <trkpt lat="51.4803270" lon="-0.2766530">
    <ele>5.6</ele>
    <time>2026-05-16T11:32:36Z</time>
   </trkpt>
   <trkpt lat="51.4803110" lon="-0.2766440">
    <ele>5.6</ele>
    <time>2026-05-16T11:32:37Z</time>
   </trkpt>
   <trkpt lat="51.4802970" lon="-0.2766400">
    <ele>5.6</ele>
    <time>2026-05-16T11:32:38Z</time>
   </trkpt>
   <trkpt lat="51.4802830" lon="-0.2766360">
    <ele>5.6</ele>
    <time>2026-05-16T11:32:39Z</time>
   </trkpt>
   <trkpt lat="51.4802630" lon="-0.2766260">
    <ele>5.6</ele>
    <time>2026-05-16T11:32:40Z</time>
   </trkpt>
   <trkpt lat="51.4802550" lon="-0.2766200">
    <ele>5.6</ele>
    <time>2026-05-16T11:32:41Z</time>
   </trkpt>
   <trkpt lat="51.4802480" lon="-0.2766150">
    <ele>5.6</ele>
    <time>2026-05-16T11:32:42Z</time>
   </trkpt>
   <trkpt lat="51.4802330" lon="-0.2766060">
    <ele>5.6</ele>
    <time>2026-05-16T11:32:43Z</time>
   </trkpt>
   <trkpt lat="51.4802220" lon="-0.2765950">
    <ele>5.6</ele>
    <time>2026-05-16T11:32:44Z</time>
   </trkpt>
   <trkpt lat="51.4802000" lon="-0.2765820">
    <ele>5.6</ele>
    <time>2026-05-16T11:32:45Z</time>
   </trkpt>
   <trkpt lat="51.4801920" lon="-0.2765770">
    <ele>5.6</ele>
    <time>2026-05-16T11:32:46Z</time>
   </trkpt>
   <trkpt lat="51.4801830" lon="-0.2765720">
    <ele>5.6</ele>
    <time>2026-05-16T11:32:47Z</time>
   </trkpt>
   <trkpt lat="51.4801690" lon="-0.2765700">
    <ele>5.6</ele>
    <time>2026-05-16T11:32:48Z</time>
   </trkpt>
   <trkpt lat="51.4801600" lon="-0.2765630">
    <ele>5.6</ele>
    <time>2026-05-16T11:32:49Z</time>
   </trkpt>
   <trkpt lat="51.4801490" lon="-0.2765550">
    <ele>5.6</ele>
    <time>2026-05-16T11:32:50Z</time>
   </trkpt>
   <trkpt lat="51.4801320" lon="-0.2765470">
    <ele>5.6</ele>
    <time>2026-05-16T11:32:51Z</time>
   </trkpt>
   <trkpt lat="51.4801200" lon="-0.2765390">
    <ele>5.6</ele>
    <time>2026-05-16T11:32:52Z</time>
   </trkpt>
   <trkpt lat="51.4801010" lon="-0.2765300">
    <ele>5.6</ele>
    <time>2026-05-16T11:32:53Z</time>
   </trkpt>
   <trkpt lat="51.4800920" lon="-0.2765270">
    <ele>5.6</ele>
    <time>2026-05-16T11:32:54Z</time>
   </trkpt>
   <trkpt lat="51.4800840" lon="-0.2765230">
    <ele>5.6</ele>
    <time>2026-05-16T11:32:55Z</time>
   </trkpt>
   <trkpt lat="51.4800730" lon="-0.2765150">
    <ele>5.6</ele>
    <time>2026-05-16T11:32:56Z</time>
   </trkpt>
   <trkpt lat="51.4800570" lon="-0.2765030">
    <ele>5.6</ele>
    <time>2026-05-16T11:32:57Z</time>
   </trkpt>
   <trkpt lat="51.4800420" lon="-0.2764980">
    <ele>5.6</ele>
    <time>2026-05-16T11:32:58Z</time>
   </trkpt>
   <trkpt lat="51.4800290" lon="-0.2764920">
    <ele>5.6</ele>
    <time>2026-05-16T11:32:59Z</time>
   </trkpt>
   <trkpt lat="51.4800140" lon="-0.2764820">
    <ele>5.6</ele>
    <time>2026-05-16T11:33:00Z</time>
   </trkpt>
   <trkpt lat="51.4800010" lon="-0.2764750">
    <ele>5.6</ele>
    <time>2026-05-16T11:33:01Z</time>
   </trkpt>
   <trkpt lat="51.4799880" lon="-0.2764690">
    <ele>5.6</ele>
    <time>2026-05-16T11:33:02Z</time>
   </trkpt>
   <trkpt lat="51.4799750" lon="-0.2764610">
    <ele>5.6</ele>
    <time>2026-05-16T11:33:03Z</time>
   </trkpt>
   <trkpt lat="51.4799600" lon="-0.2764600">
    <ele>5.6</ele>
    <time>2026-05-16T11:33:04Z</time>
   </trkpt>
   <trkpt lat="51.4799460" lon="-0.2764460">
    <ele>5.6</ele>
    <time>2026-05-16T11:33:05Z</time>
   </trkpt>
   <trkpt lat="51.4799260" lon="-0.2764370">
    <ele>5.5</ele>
    <time>2026-05-16T11:33:06Z</time>
   </trkpt>
   <trkpt lat="51.4799180" lon="-0.2764330">
    <ele>5.5</ele>
    <time>2026-05-16T11:33:07Z</time>
   </trkpt>
   <trkpt lat="51.4799090" lon="-0.2764300">
    <ele>5.5</ele>
    <time>2026-05-16T11:33:08Z</time>
   </trkpt>
   <trkpt lat="51.4799010" lon="-0.2764260">
    <ele>5.5</ele>
    <time>2026-05-16T11:33:09Z</time>
   </trkpt>
   <trkpt lat="51.4798860" lon="-0.2764130">
    <ele>5.5</ele>
    <time>2026-05-16T11:33:10Z</time>
   </trkpt>
   <trkpt lat="51.4798730" lon="-0.2764090">
    <ele>5.5</ele>
    <time>2026-05-16T11:33:11Z</time>
   </trkpt>
   <trkpt lat="51.4798650" lon="-0.2764090">
    <ele>5.5</ele>
    <time>2026-05-16T11:33:12Z</time>
   </trkpt>
   <trkpt lat="51.4798550" lon="-0.2764000">
    <ele>5.5</ele>
    <time>2026-05-16T11:33:13Z</time>
   </trkpt>
   <trkpt lat="51.4798400" lon="-0.2763940">
    <ele>5.5</ele>
    <time>2026-05-16T11:33:14Z</time>
   </trkpt>
   <trkpt lat="51.4798240" lon="-0.2763930">
    <ele>5.5</ele>
    <time>2026-05-16T11:33:15Z</time>
   </trkpt>
   <trkpt lat="51.4798080" lon="-0.2763860">
    <ele>5.5</ele>
    <time>2026-05-16T11:33:16Z</time>
   </trkpt>
   <trkpt lat="51.4797900" lon="-0.2763810">
    <ele>5.5</ele>
    <time>2026-05-16T11:33:17Z</time>
   </trkpt>
   <trkpt lat="51.4797800" lon="-0.2763770">
    <ele>5.5</ele>
    <time>2026-05-16T11:33:18Z</time>
   </trkpt>
   <trkpt lat="51.4797710" lon="-0.2763740">
    <ele>5.5</ele>
    <time>2026-05-16T11:33:19Z</time>
   </trkpt>
   <trkpt lat="51.4797540" lon="-0.2763740">
    <ele>5.5</ele>
    <time>2026-05-16T11:33:20Z</time>
   </trkpt>
   <trkpt lat="51.4797470" lon="-0.2763790">
    <ele>5.5</ele>
    <time>2026-05-16T11:33:21Z</time>
   </trkpt>
   <trkpt lat="51.4797400" lon="-0.2763850">
    <ele>5.5</ele>
    <time>2026-05-16T11:33:22Z</time>
   </trkpt>
   <trkpt lat="51.4797330" lon="-0.2763900">
    <ele>5.5</ele>
    <time>2026-05-16T11:33:23Z</time>
   </trkpt>
   <trkpt lat="51.4797190" lon="-0.2764070">
    <ele>5.5</ele>
    <time>2026-05-16T11:33:24Z</time>
   </trkpt>
   <trkpt lat="51.4797130" lon="-0.2764230">
    <ele>5.5</ele>
    <time>2026-05-16T11:33:25Z</time>
   </trkpt>
   <trkpt lat="51.4797100" lon="-0.2764310">
    <ele>5.5</ele>
    <time>2026-05-16T11:33:26Z</time>
   </trkpt>
   <trkpt lat="51.4797020" lon="-0.2764300">
    <ele>5.4</ele>
    <time>2026-05-16T11:33:27Z</time>
   </trkpt>
   <trkpt lat="51.4796830" lon="-0.2764320">
    <ele>5.4</ele>
    <time>2026-05-16T11:33:28Z</time>
   </trkpt>
   <trkpt lat="51.4796710" lon="-0.2764290">
    <ele>5.4</ele>
    <time>2026-05-16T11:33:29Z</time>
   </trkpt>
   <trkpt lat="51.4796620" lon="-0.2764270">
    <ele>5.4</ele>
    <time>2026-05-16T11:33:30Z</time>
   </trkpt>
   <trkpt lat="51.4796510" lon="-0.2764320">
    <ele>5.3</ele>
    <time>2026-05-16T11:33:31Z</time>
   </trkpt>
   <trkpt lat="51.4796400" lon="-0.2764310">
    <ele>5.3</ele>
    <time>2026-05-16T11:33:32Z</time>
   </trkpt>
   <trkpt lat="51.4796320" lon="-0.2764310">
    <ele>5.3</ele>
    <time>2026-05-16T11:33:33Z</time>
   </trkpt>
   <trkpt lat="51.4796230" lon="-0.2764350">
    <ele>5.3</ele>
    <time>2026-05-16T11:33:34Z</time>
   </trkpt>
   <trkpt lat="51.4796110" lon="-0.2764430">
    <ele>5.2</ele>
    <time>2026-05-16T11:33:35Z</time>
   </trkpt>
   <trkpt lat="51.4795950" lon="-0.2764570">
    <ele>5.2</ele>
    <time>2026-05-16T11:33:36Z</time>
   </trkpt>
   <trkpt lat="51.4795840" lon="-0.2764730">
    <ele>5.1</ele>
    <time>2026-05-16T11:33:37Z</time>
   </trkpt>
   <trkpt lat="51.4795760" lon="-0.2764840">
    <ele>5.1</ele>
    <time>2026-05-16T11:33:38Z</time>
   </trkpt>
   <trkpt lat="51.4795690" lon="-0.2764870">
    <ele>5.1</ele>
    <time>2026-05-16T11:33:39Z</time>
   </trkpt>
   <trkpt lat="51.4795680" lon="-0.2764920">
    <ele>5.1</ele>
    <time>2026-05-16T11:33:40Z</time>
   </trkpt>
   <trkpt lat="51.4795700" lon="-0.2765070">
    <ele>5.0</ele>
    <time>2026-05-16T11:33:41Z</time>
   </trkpt>
   <trkpt lat="51.4795650" lon="-0.2765380">
    <ele>4.9</ele>
    <time>2026-05-16T11:33:42Z</time>
   </trkpt>
   <trkpt lat="51.4795630" lon="-0.2765550">
    <ele>4.9</ele>
    <time>2026-05-16T11:33:43Z</time>
   </trkpt>
   <trkpt lat="51.4795610" lon="-0.2765650">
    <ele>4.9</ele>
    <time>2026-05-16T11:33:44Z</time>
   </trkpt>
   <trkpt lat="51.4795570" lon="-0.2765880">
    <ele>4.8</ele>
    <time>2026-05-16T11:33:45Z</time>
   </trkpt>
   <trkpt lat="51.4795480" lon="-0.2766160">
    <ele>4.7</ele>
    <time>2026-05-16T11:33:46Z</time>
   </trkpt>
   <trkpt lat="51.4795430" lon="-0.2766280">
    <ele>4.7</ele>
    <time>2026-05-16T11:33:47Z</time>
   </trkpt>
   <trkpt lat="51.4795370" lon="-0.2766400">
    <ele>4.6</ele>
    <time>2026-05-16T11:33:48Z</time>
   </trkpt>
   <trkpt lat="51.4795300" lon="-0.2766570">
    <ele>4.6</ele>
    <time>2026-05-16T11:33:49Z</time>
   </trkpt>
   <trkpt lat="51.4795200" lon="-0.2766740">
    <ele>4.5</ele>
    <time>2026-05-16T11:33:50Z</time>
   </trkpt>
   <trkpt lat="51.4795010" lon="-0.2766980">
    <ele>4.4</ele>
    <time>2026-05-16T11:33:51Z</time>
   </trkpt>
   <trkpt lat="51.4794930" lon="-0.2767040">
    <ele>4.4</ele>
    <time>2026-05-16T11:33:52Z</time>
   </trkpt>
   <trkpt lat="51.4794850" lon="-0.2767110">
    <ele>4.4</ele>
    <time>2026-05-16T11:33:53Z</time>
   </trkpt>
   <trkpt lat="51.4794750" lon="-0.2767210">
    <ele>4.4</ele>
    <time>2026-05-16T11:33:54Z</time>
   </trkpt>
   <trkpt lat="51.4794650" lon="-0.2767350">
    <ele>4.3</ele>
    <time>2026-05-16T11:33:55Z</time>
   </trkpt>
   <trkpt lat="51.4794590" lon="-0.2767470">
    <ele>4.3</ele>
    <time>2026-05-16T11:33:56Z</time>
   </trkpt>
   <trkpt lat="51.4794550" lon="-0.2767610">
    <ele>4.3</ele>
    <time>2026-05-16T11:33:57Z</time>
   </trkpt>
   <trkpt lat="51.4794520" lon="-0.2767740">
    <ele>4.2</ele>
    <time>2026-05-16T11:33:58Z</time>
   </trkpt>
   <trkpt lat="51.4794450" lon="-0.2767920">
    <ele>4.2</ele>
    <time>2026-05-16T11:33:59Z</time>
   </trkpt>
   <trkpt lat="51.4794400" lon="-0.2768040">
    <ele>4.2</ele>
    <time>2026-05-16T11:34:00Z</time>
   </trkpt>
   <trkpt lat="51.4794350" lon="-0.2768220">
    <ele>4.1</ele>
    <time>2026-05-16T11:34:01Z</time>
   </trkpt>
   <trkpt lat="51.4794300" lon="-0.2768410">
    <ele>4.1</ele>
    <time>2026-05-16T11:34:02Z</time>
   </trkpt>
   <trkpt lat="51.4794300" lon="-0.2768610">
    <ele>4.1</ele>
    <time>2026-05-16T11:34:03Z</time>
   </trkpt>
   <trkpt lat="51.4794290" lon="-0.2768810">
    <ele>4.1</ele>
    <time>2026-05-16T11:34:04Z</time>
   </trkpt>
   <trkpt lat="51.4794240" lon="-0.2768980">
    <ele>4.1</ele>
    <time>2026-05-16T11:34:05Z</time>
   </trkpt>
   <trkpt lat="51.4794210" lon="-0.2769170">
    <ele>4.1</ele>
    <time>2026-05-16T11:34:06Z</time>
   </trkpt>
   <trkpt lat="51.4794080" lon="-0.2769400">
    <ele>4.1</ele>
    <time>2026-05-16T11:34:07Z</time>
   </trkpt>
   <trkpt lat="51.4794080" lon="-0.2769620">
    <ele>4.1</ele>
    <time>2026-05-16T11:34:08Z</time>
   </trkpt>
   <trkpt lat="51.4794070" lon="-0.2769850">
    <ele>4.1</ele>
    <time>2026-05-16T11:34:09Z</time>
   </trkpt>
   <trkpt lat="51.4794030" lon="-0.2770200">
    <ele>4.1</ele>
    <time>2026-05-16T11:34:10Z</time>
   </trkpt>
   <trkpt lat="51.4794000" lon="-0.2770340">
    <ele>4.1</ele>
    <time>2026-05-16T11:34:11Z</time>
   </trkpt>
   <trkpt lat="51.4793980" lon="-0.2770490">
    <ele>4.1</ele>
    <time>2026-05-16T11:34:12Z</time>
   </trkpt>
   <trkpt lat="51.4793840" lon="-0.2770750">
    <ele>4.1</ele>
    <time>2026-05-16T11:34:13Z</time>
   </trkpt>
   <trkpt lat="51.4793860" lon="-0.2770980">
    <ele>4.1</ele>
    <time>2026-05-16T11:34:14Z</time>
   </trkpt>
   <trkpt lat="51.4793890" lon="-0.2771190">
    <ele>4.1</ele>
    <time>2026-05-16T11:34:15Z</time>
   </trkpt>
   <trkpt lat="51.4793890" lon="-0.2771440">
    <ele>4.1</ele>
    <time>2026-05-16T11:34:16Z</time>
   </trkpt>
   <trkpt lat="51.4793790" lon="-0.2771670">
    <ele>4.1</ele>
    <time>2026-05-16T11:34:17Z</time>
   </trkpt>
   <trkpt lat="51.4793720" lon="-0.2771910">
    <ele>4.1</ele>
    <time>2026-05-16T11:34:18Z</time>
   </trkpt>
   <trkpt lat="51.4793690" lon="-0.2772080">
    <ele>4.1</ele>
    <time>2026-05-16T11:34:19Z</time>
   </trkpt>
   <trkpt lat="51.4793630" lon="-0.2772230">
    <ele>4.1</ele>
    <time>2026-05-16T11:34:20Z</time>
   </trkpt>
   <trkpt lat="51.4793620" lon="-0.2772460">
    <ele>4.1</ele>
    <time>2026-05-16T11:34:21Z</time>
   </trkpt>
   <trkpt lat="51.4793550" lon="-0.2772830">
    <ele>4.1</ele>
    <time>2026-05-16T11:34:22Z</time>
   </trkpt>
   <trkpt lat="51.4793540" lon="-0.2772940">
    <ele>4.1</ele>
    <time>2026-05-16T11:34:23Z</time>
   </trkpt>
   <trkpt lat="51.4793520" lon="-0.2773050">
    <ele>4.1</ele>
    <time>2026-05-16T11:34:24Z</time>
   </trkpt>
   <trkpt lat="51.4793480" lon="-0.2773370">
    <ele>4.1</ele>
    <time>2026-05-16T11:34:25Z</time>
   </trkpt>
   <trkpt lat="51.4793460" lon="-0.2773520">
    <ele>4.1</ele>
    <time>2026-05-16T11:34:26Z</time>
   </trkpt>
   <trkpt lat="51.4793450" lon="-0.2773660">
    <ele>4.1</ele>
    <time>2026-05-16T11:34:27Z</time>
   </trkpt>
   <trkpt lat="51.4793370" lon="-0.2773880">
    <ele>4.0</ele>
    <time>2026-05-16T11:34:28Z</time>
   </trkpt>
   <trkpt lat="51.4793300" lon="-0.2774070">
    <ele>4.0</ele>
    <time>2026-05-16T11:34:29Z</time>
   </trkpt>
   <trkpt lat="51.4793240" lon="-0.2774190">
    <ele>4.0</ele>
    <time>2026-05-16T11:34:30Z</time>
   </trkpt>
   <trkpt lat="51.4793200" lon="-0.2774270">
    <ele>4.0</ele>
    <time>2026-05-16T11:34:31Z</time>
   </trkpt>
   <trkpt lat="51.4793100" lon="-0.2774460">
    <ele>4.0</ele>
    <time>2026-05-16T11:34:32Z</time>
   </trkpt>
   <trkpt lat="51.4793030" lon="-0.2774600">
    <ele>4.0</ele>
    <time>2026-05-16T11:34:33Z</time>
   </trkpt>
   <trkpt lat="51.4792990" lon="-0.2774790">
    <ele>4.0</ele>
    <time>2026-05-16T11:34:34Z</time>
   </trkpt>
   <trkpt lat="51.4792950" lon="-0.2774950">
    <ele>4.0</ele>
    <time>2026-05-16T11:34:35Z</time>
   </trkpt>
   <trkpt lat="51.4792880" lon="-0.2775180">
    <ele>4.0</ele>
    <time>2026-05-16T11:34:36Z</time>
   </trkpt>
   <trkpt lat="51.4792860" lon="-0.2775410">
    <ele>4.0</ele>
    <time>2026-05-16T11:34:37Z</time>
   </trkpt>
   <trkpt lat="51.4792790" lon="-0.2775600">
    <ele>4.0</ele>
    <time>2026-05-16T11:34:38Z</time>
   </trkpt>
   <trkpt lat="51.4792720" lon="-0.2775740">
    <ele>4.0</ele>
    <time>2026-05-16T11:34:39Z</time>
   </trkpt>
   <trkpt lat="51.4792680" lon="-0.2775770">
    <ele>4.0</ele>
    <time>2026-05-16T11:34:40Z</time>
   </trkpt>
   <trkpt lat="51.4792620" lon="-0.2775810">
    <ele>4.0</ele>
    <time>2026-05-16T11:34:41Z</time>
   </trkpt>
   <trkpt lat="51.4792510" lon="-0.2775890">
    <ele>3.9</ele>
    <time>2026-05-16T11:34:42Z</time>
   </trkpt>
   <trkpt lat="51.4792390" lon="-0.2776050">
    <ele>3.9</ele>
    <time>2026-05-16T11:34:43Z</time>
   </trkpt>
   <trkpt lat="51.4792300" lon="-0.2776080">
    <ele>3.9</ele>
    <time>2026-05-16T11:34:44Z</time>
   </trkpt>
   <trkpt lat="51.4792160" lon="-0.2776070">
    <ele>3.9</ele>
    <time>2026-05-16T11:34:45Z</time>
   </trkpt>
   <trkpt lat="51.4792040" lon="-0.2776010">
    <ele>3.9</ele>
    <time>2026-05-16T11:34:46Z</time>
   </trkpt>
   <trkpt lat="51.4791970" lon="-0.2776000">
    <ele>3.9</ele>
    <time>2026-05-16T11:34:47Z</time>
   </trkpt>
   <trkpt lat="51.4791850" lon="-0.2776000">
    <ele>3.9</ele>
    <time>2026-05-16T11:34:48Z</time>
   </trkpt>
   <trkpt lat="51.4791810" lon="-0.2775890">
    <ele>3.9</ele>
    <time>2026-05-16T11:34:49Z</time>
   </trkpt>
   <trkpt lat="51.4791760" lon="-0.2775910">
    <ele>3.9</ele>
    <time>2026-05-16T11:34:50Z</time>
   </trkpt>
   <trkpt lat="51.4791580" lon="-0.2775880">
    <ele>3.8</ele>
    <time>2026-05-16T11:34:51Z</time>
   </trkpt>
   <trkpt lat="51.4791460" lon="-0.2775840">
    <ele>3.8</ele>
    <time>2026-05-16T11:34:52Z</time>
   </trkpt>
   <trkpt lat="51.4791320" lon="-0.2776000">
    <ele>3.8</ele>
    <time>2026-05-16T11:34:53Z</time>
   </trkpt>
   <trkpt lat="51.4791210" lon="-0.2776150">
    <ele>3.8</ele>
    <time>2026-05-16T11:34:54Z</time>
   </trkpt>
   <trkpt lat="51.4791120" lon="-0.2776460">
    <ele>3.8</ele>
    <time>2026-05-16T11:34:55Z</time>
   </trkpt>
   <trkpt lat="51.4791090" lon="-0.2776620">
    <ele>3.8</ele>
    <time>2026-05-16T11:34:56Z</time>
   </trkpt>
   <trkpt lat="51.4791050" lon="-0.2776770">
    <ele>3.8</ele>
    <time>2026-05-16T11:34:57Z</time>
   </trkpt>
   <trkpt lat="51.4790930" lon="-0.2776880">
    <ele>3.7</ele>
    <time>2026-05-16T11:34:58Z</time>
   </trkpt>
   <trkpt lat="51.4790860" lon="-0.2777060">
    <ele>3.7</ele>
    <time>2026-05-16T11:34:59Z</time>
   </trkpt>
   <trkpt lat="51.4790800" lon="-0.2777190">
    <ele>3.7</ele>
    <time>2026-05-16T11:35:00Z</time>
   </trkpt>
   <trkpt lat="51.4790740" lon="-0.2777490">
    <ele>3.7</ele>
    <time>2026-05-16T11:35:01Z</time>
   </trkpt>
   <trkpt lat="51.4790720" lon="-0.2777630">
    <ele>3.7</ele>
    <time>2026-05-16T11:35:02Z</time>
   </trkpt>
   <trkpt lat="51.4790690" lon="-0.2777770">
    <ele>3.7</ele>
    <time>2026-05-16T11:35:03Z</time>
   </trkpt>
   <trkpt lat="51.4790680" lon="-0.2777940">
    <ele>3.7</ele>
    <time>2026-05-16T11:35:04Z</time>
   </trkpt>
   <trkpt lat="51.4790700" lon="-0.2778130">
    <ele>3.7</ele>
    <time>2026-05-16T11:35:05Z</time>
   </trkpt>
   <trkpt lat="51.4790660" lon="-0.2778250">
    <ele>3.7</ele>
    <time>2026-05-16T11:35:06Z</time>
   </trkpt>
   <trkpt lat="51.4790550" lon="-0.2778510">
    <ele>3.6</ele>
    <time>2026-05-16T11:35:07Z</time>
   </trkpt>
   <trkpt lat="51.4790500" lon="-0.2778630">
    <ele>3.6</ele>
    <time>2026-05-16T11:35:08Z</time>
   </trkpt>
   <trkpt lat="51.4790450" lon="-0.2778750">
    <ele>3.6</ele>
    <time>2026-05-16T11:35:09Z</time>
   </trkpt>
   <trkpt lat="51.4790310" lon="-0.2779000">
    <ele>3.6</ele>
    <time>2026-05-16T11:35:10Z</time>
   </trkpt>
   <trkpt lat="51.4790220" lon="-0.2779160">
    <ele>3.6</ele>
    <time>2026-05-16T11:35:11Z</time>
   </trkpt>
   <trkpt lat="51.4790070" lon="-0.2779420">
    <ele>3.6</ele>
    <time>2026-05-16T11:35:12Z</time>
   </trkpt>
   <trkpt lat="51.4790050" lon="-0.2779560">
    <ele>3.6</ele>
    <time>2026-05-16T11:35:13Z</time>
   </trkpt>
   <trkpt lat="51.4790040" lon="-0.2779690">
    <ele>3.6</ele>
    <time>2026-05-16T11:35:14Z</time>
   </trkpt>
   <trkpt lat="51.4789910" lon="-0.2779830">
    <ele>3.6</ele>
    <time>2026-05-16T11:35:15Z</time>
   </trkpt>
   <trkpt lat="51.4789820" lon="-0.2779930">
    <ele>3.6</ele>
    <time>2026-05-16T11:35:16Z</time>
   </trkpt>
   <trkpt lat="51.4789730" lon="-0.2780040">
    <ele>3.6</ele>
    <time>2026-05-16T11:35:17Z</time>
   </trkpt>
   <trkpt lat="51.4789630" lon="-0.2780070">
    <ele>3.6</ele>
    <time>2026-05-16T11:35:18Z</time>
   </trkpt>
   <trkpt lat="51.4789580" lon="-0.2780060">
    <ele>3.6</ele>
    <time>2026-05-16T11:35:19Z</time>
   </trkpt>
   <trkpt lat="51.4789470" lon="-0.2780020">
    <ele>3.6</ele>
    <time>2026-05-16T11:35:20Z</time>
   </trkpt>
   <trkpt lat="51.4789410" lon="-0.2780000">
    <ele>3.6</ele>
    <time>2026-05-16T11:35:21Z</time>
   </trkpt>
   <trkpt lat="51.4789330" lon="-0.2779990">
    <ele>3.6</ele>
    <time>2026-05-16T11:35:22Z</time>
   </trkpt>
   <trkpt lat="51.4789320" lon="-0.2780040">
    <ele>3.6</ele>
    <time>2026-05-16T11:35:23Z</time>
   </trkpt>
   <trkpt lat="51.4789210" lon="-0.2780030">
    <ele>3.6</ele>
    <time>2026-05-16T11:35:24Z</time>
   </trkpt>
   <trkpt lat="51.4789110" lon="-0.2780210">
    <ele>3.6</ele>
    <time>2026-05-16T11:35:25Z</time>
   </trkpt>
   <trkpt lat="51.4788980" lon="-0.2780430">
    <ele>3.6</ele>
    <time>2026-05-16T11:35:26Z</time>
   </trkpt>
   <trkpt lat="51.4788910" lon="-0.2780600">
    <ele>3.6</ele>
    <time>2026-05-16T11:35:27Z</time>
   </trkpt>
   <trkpt lat="51.4788810" lon="-0.2780770">
    <ele>3.6</ele>
    <time>2026-05-16T11:35:28Z</time>
   </trkpt>
   <trkpt lat="51.4788740" lon="-0.2780900">
    <ele>3.7</ele>
    <time>2026-05-16T11:35:29Z</time>
   </trkpt>
   <trkpt lat="51.4788720" lon="-0.2781000">
    <ele>3.7</ele>
    <time>2026-05-16T11:35:30Z</time>
   </trkpt>
   <trkpt lat="51.4788690" lon="-0.2781070">
    <ele>3.7</ele>
    <time>2026-05-16T11:35:31Z</time>
   </trkpt>
   <trkpt lat="51.4788510" lon="-0.2781010">
    <ele>3.7</ele>
    <time>2026-05-16T11:35:32Z</time>
   </trkpt>
   <trkpt lat="51.4788390" lon="-0.2780920">
    <ele>3.7</ele>
    <time>2026-05-16T11:35:33Z</time>
   </trkpt>
   <trkpt lat="51.4788320" lon="-0.2780830">
    <ele>3.7</ele>
    <time>2026-05-16T11:35:34Z</time>
   </trkpt>
   <trkpt lat="51.4788260" lon="-0.2780810">
    <ele>3.7</ele>
    <time>2026-05-16T11:35:35Z</time>
   </trkpt>
   <trkpt lat="51.4788210" lon="-0.2780770">
    <ele>3.7</ele>
    <time>2026-05-16T11:35:36Z</time>
   </trkpt>
   <trkpt lat="51.4788090" lon="-0.2780720">
    <ele>3.7</ele>
    <time>2026-05-16T11:35:37Z</time>
   </trkpt>
   <trkpt lat="51.4787960" lon="-0.2780650">
    <ele>3.7</ele>
    <time>2026-05-16T11:35:38Z</time>
   </trkpt>
   <trkpt lat="51.4787810" lon="-0.2780580">
    <ele>3.7</ele>
    <time>2026-05-16T11:35:39Z</time>
   </trkpt>
   <trkpt lat="51.4787720" lon="-0.2780550">
    <ele>3.7</ele>
    <time>2026-05-16T11:35:40Z</time>
   </trkpt>
   <trkpt lat="51.4787620" lon="-0.2780490">
    <ele>3.7</ele>
    <time>2026-05-16T11:35:41Z</time>
   </trkpt>
   <trkpt lat="51.4787490" lon="-0.2780470">
    <ele>3.7</ele>
    <time>2026-05-16T11:35:42Z</time>
   </trkpt>
   <trkpt lat="51.4787300" lon="-0.2780470">
    <ele>3.7</ele>
    <time>2026-05-16T11:35:43Z</time>
   </trkpt>
   <trkpt lat="51.4787190" lon="-0.2780470">
    <ele>3.7</ele>
    <time>2026-05-16T11:35:44Z</time>
   </trkpt>
   <trkpt lat="51.4787070" lon="-0.2780470">
    <ele>3.8</ele>
    <time>2026-05-16T11:35:45Z</time>
   </trkpt>
   <trkpt lat="51.4786940" lon="-0.2780430">
    <ele>3.8</ele>
    <time>2026-05-16T11:35:46Z</time>
   </trkpt>
   <trkpt lat="51.4786770" lon="-0.2780360">
    <ele>3.8</ele>
    <time>2026-05-16T11:35:47Z</time>
   </trkpt>
   <trkpt lat="51.4786620" lon="-0.2780310">
    <ele>3.8</ele>
    <time>2026-05-16T11:35:48Z</time>
   </trkpt>
   <trkpt lat="51.4786560" lon="-0.2780250">
    <ele>3.8</ele>
    <time>2026-05-16T11:35:49Z</time>
   </trkpt>
   <trkpt lat="51.4786430" lon="-0.2780260">
    <ele>3.8</ele>
    <time>2026-05-16T11:35:50Z</time>
   </trkpt>
   <trkpt lat="51.4786310" lon="-0.2780250">
    <ele>3.8</ele>
    <time>2026-05-16T11:35:51Z</time>
   </trkpt>
   <trkpt lat="51.4786240" lon="-0.2780220">
    <ele>3.8</ele>
    <time>2026-05-16T11:35:52Z</time>
   </trkpt>
   <trkpt lat="51.4786200" lon="-0.2780160">
    <ele>3.8</ele>
    <time>2026-05-16T11:35:53Z</time>
   </trkpt>
   <trkpt lat="51.4786130" lon="-0.2780150">
    <ele>3.8</ele>
    <time>2026-05-16T11:35:54Z</time>
   </trkpt>
   <trkpt lat="51.4786020" lon="-0.2780250">
    <ele>3.8</ele>
    <time>2026-05-16T11:35:55Z</time>
   </trkpt>
   <trkpt lat="51.4785880" lon="-0.2780190">
    <ele>3.8</ele>
    <time>2026-05-16T11:35:56Z</time>
   </trkpt>
   <trkpt lat="51.4785780" lon="-0.2780100">
    <ele>3.8</ele>
    <time>2026-05-16T11:35:57Z</time>
   </trkpt>
   <trkpt lat="51.4785530" lon="-0.2779840">
    <ele>3.8</ele>
    <time>2026-05-16T11:35:58Z</time>
   </trkpt>
   <trkpt lat="51.4785450" lon="-0.2779770">
    <ele>3.8</ele>
    <time>2026-05-16T11:35:59Z</time>
   </trkpt>
   <trkpt lat="51.4785280" lon="-0.2779530">
    <ele>3.8</ele>
    <time>2026-05-16T11:36:00Z</time>
   </trkpt>
   <trkpt lat="51.4785210" lon="-0.2779460">
    <ele>3.8</ele>
    <time>2026-05-16T11:36:01Z</time>
   </trkpt>
   <trkpt lat="51.4785150" lon="-0.2779380">
    <ele>3.8</ele>
    <time>2026-05-16T11:36:02Z</time>
   </trkpt>
   <trkpt lat="51.4784970" lon="-0.2779350">
    <ele>3.8</ele>
    <time>2026-05-16T11:36:03Z</time>
   </trkpt>
   <trkpt lat="51.4784890" lon="-0.2779280">
    <ele>3.8</ele>
    <time>2026-05-16T11:36:04Z</time>
   </trkpt>
   <trkpt lat="51.4784800" lon="-0.2779180">
    <ele>3.8</ele>
    <time>2026-05-16T11:36:05Z</time>
   </trkpt>
   <trkpt lat="51.4784680" lon="-0.2779090">
    <ele>3.8</ele>
    <time>2026-05-16T11:36:06Z</time>
   </trkpt>
   <trkpt lat="51.4784540" lon="-0.2779010">
    <ele>3.8</ele>
    <time>2026-05-16T11:36:07Z</time>
   </trkpt>
   <trkpt lat="51.4784430" lon="-0.2778910">
    <ele>3.8</ele>
    <time>2026-05-16T11:36:08Z</time>
   </trkpt>
   <trkpt lat="51.4784360" lon="-0.2778850">
    <ele>3.8</ele>
    <time>2026-05-16T11:36:09Z</time>
   </trkpt>
   <trkpt lat="51.4784260" lon="-0.2778760">
    <ele>3.8</ele>
    <time>2026-05-16T11:36:10Z</time>
   </trkpt>
   <trkpt lat="51.4784210" lon="-0.2778660">
    <ele>3.8</ele>
    <time>2026-05-16T11:36:11Z</time>
   </trkpt>
   <trkpt lat="51.4784100" lon="-0.2778520">
    <ele>3.8</ele>
    <time>2026-05-16T11:36:12Z</time>
   </trkpt>
   <trkpt lat="51.4784020" lon="-0.2778490">
    <ele>3.8</ele>
    <time>2026-05-16T11:36:13Z</time>
   </trkpt>
   <trkpt lat="51.4783870" lon="-0.2778370">
    <ele>3.8</ele>
    <time>2026-05-16T11:36:14Z</time>
   </trkpt>
   <trkpt lat="51.4783770" lon="-0.2778350">
    <ele>3.8</ele>
    <time>2026-05-16T11:36:15Z</time>
   </trkpt>
   <trkpt lat="51.4783670" lon="-0.2778320">
    <ele>3.8</ele>
    <time>2026-05-16T11:36:16Z</time>
   </trkpt>
   <trkpt lat="51.4783500" lon="-0.2778250">
    <ele>3.8</ele>
    <time>2026-05-16T11:36:17Z</time>
   </trkpt>
   <trkpt lat="51.4783360" lon="-0.2778140">
    <ele>3.8</ele>
    <time>2026-05-16T11:36:18Z</time>
   </trkpt>
   <trkpt lat="51.4783220" lon="-0.2778070">
    <ele>3.8</ele>
    <time>2026-05-16T11:36:19Z</time>
   </trkpt>
   <trkpt lat="51.4783070" lon="-0.2777970">
    <ele>3.8</ele>
    <time>2026-05-16T11:36:20Z</time>
   </trkpt>
   <trkpt lat="51.4782860" lon="-0.2777920">
    <ele>3.8</ele>
    <time>2026-05-16T11:36:21Z</time>
   </trkpt>
   <trkpt lat="51.4782780" lon="-0.2777860">
    <ele>3.8</ele>
    <time>2026-05-16T11:36:22Z</time>
   </trkpt>
   <trkpt lat="51.4782700" lon="-0.2777810">
    <ele>3.8</ele>
    <time>2026-05-16T11:36:23Z</time>
   </trkpt>
   <trkpt lat="51.4782520" lon="-0.2777650">
    <ele>3.8</ele>
    <time>2026-05-16T11:36:24Z</time>
   </trkpt>
   <trkpt lat="51.4782430" lon="-0.2777600">
    <ele>3.8</ele>
    <time>2026-05-16T11:36:25Z</time>
   </trkpt>
   <trkpt lat="51.4782340" lon="-0.2777540">
    <ele>3.8</ele>
    <time>2026-05-16T11:36:26Z</time>
   </trkpt>
   <trkpt lat="51.4782190" lon="-0.2777480">
    <ele>3.8</ele>
    <time>2026-05-16T11:36:27Z</time>
   </trkpt>
   <trkpt lat="51.4782070" lon="-0.2777440">
    <ele>3.8</ele>
    <time>2026-05-16T11:36:28Z</time>
   </trkpt>
   <trkpt lat="51.4781860" lon="-0.2777360">
    <ele>3.8</ele>
    <time>2026-05-16T11:36:29Z</time>
   </trkpt>
   <trkpt lat="51.4781790" lon="-0.2777310">
    <ele>3.8</ele>
    <time>2026-05-16T11:36:30Z</time>
   </trkpt>
   <trkpt lat="51.4781710" lon="-0.2777260">
    <ele>3.8</ele>
    <time>2026-05-16T11:36:31Z</time>
   </trkpt>
   <trkpt lat="51.4781510" lon="-0.2777120">
    <ele>3.8</ele>
    <time>2026-05-16T11:36:32Z</time>
   </trkpt>
   <trkpt lat="51.4781440" lon="-0.2777080">
    <ele>3.8</ele>
    <time>2026-05-16T11:36:33Z</time>
   </trkpt>
   <trkpt lat="51.4781370" lon="-0.2777040">
    <ele>3.9</ele>
    <time>2026-05-16T11:36:34Z</time>
   </trkpt>
   <trkpt lat="51.4781270" lon="-0.2776970">
    <ele>3.9</ele>
    <time>2026-05-16T11:36:35Z</time>
   </trkpt>
   <trkpt lat="51.4781160" lon="-0.2776880">
    <ele>3.9</ele>
    <time>2026-05-16T11:36:36Z</time>
   </trkpt>
   <trkpt lat="51.4781060" lon="-0.2776810">
    <ele>3.9</ele>
    <time>2026-05-16T11:36:37Z</time>
   </trkpt>
   <trkpt lat="51.4780910" lon="-0.2776710">
    <ele>3.9</ele>
    <time>2026-05-16T11:36:38Z</time>
   </trkpt>
   <trkpt lat="51.4780850" lon="-0.2776640">
    <ele>3.9</ele>
    <time>2026-05-16T11:36:39Z</time>
   </trkpt>
   <trkpt lat="51.4780760" lon="-0.2776580">
    <ele>3.9</ele>
    <time>2026-05-16T11:36:40Z</time>
   </trkpt>
   <trkpt lat="51.4780650" lon="-0.2776550">
    <ele>3.9</ele>
    <time>2026-05-16T11:36:41Z</time>
   </trkpt>
   <trkpt lat="51.4780490" lon="-0.2776450">
    <ele>3.9</ele>
    <time>2026-05-16T11:36:42Z</time>
   </trkpt>
   <trkpt lat="51.4780290" lon="-0.2776310">
    <ele>3.9</ele>
    <time>2026-05-16T11:36:43Z</time>
   </trkpt>
   <trkpt lat="51.4780190" lon="-0.2776260">
    <ele>3.9</ele>
    <time>2026-05-16T11:36:44Z</time>
   </trkpt>
   <trkpt lat="51.4780100" lon="-0.2776220">
    <ele>3.9</ele>
    <time>2026-05-16T11:36:45Z</time>
   </trkpt>
   <trkpt lat="51.4779970" lon="-0.2776120">
    <ele>3.9</ele>
    <time>2026-05-16T11:36:46Z</time>
   </trkpt>
   <trkpt lat="51.4779860" lon="-0.2775980">
    <ele>3.9</ele>
    <time>2026-05-16T11:36:47Z</time>
   </trkpt>
   <trkpt lat="51.4779680" lon="-0.2775900">
    <ele>3.9</ele>
    <time>2026-05-16T11:36:48Z</time>
   </trkpt>
   <trkpt lat="51.4779600" lon="-0.2775850">
    <ele>3.9</ele>
    <time>2026-05-16T11:36:49Z</time>
   </trkpt>
   <trkpt lat="51.4779510" lon="-0.2775800">
    <ele>3.9</ele>
    <time>2026-05-16T11:36:50Z</time>
   </trkpt>
   <trkpt lat="51.4779320" lon="-0.2775680">
    <ele>3.9</ele>
    <time>2026-05-16T11:36:51Z</time>
   </trkpt>
   <trkpt lat="51.4779200" lon="-0.2775570">
    <ele>3.9</ele>
    <time>2026-05-16T11:36:52Z</time>
   </trkpt>
   <trkpt lat="51.4779000" lon="-0.2775410">
    <ele>3.9</ele>
    <time>2026-05-16T11:36:53Z</time>
   </trkpt>
   <trkpt lat="51.4778910" lon="-0.2775370">
    <ele>3.9</ele>
    <time>2026-05-16T11:36:54Z</time>
   </trkpt>
   <trkpt lat="51.4778830" lon="-0.2775330">
    <ele>3.9</ele>
    <time>2026-05-16T11:36:55Z</time>
   </trkpt>
   <trkpt lat="51.4778710" lon="-0.2775260">
    <ele>3.9</ele>
    <time>2026-05-16T11:36:56Z</time>
   </trkpt>
   <trkpt lat="51.4778590" lon="-0.2775130">
    <ele>3.9</ele>
    <time>2026-05-16T11:36:57Z</time>
   </trkpt>
   <trkpt lat="51.4778530" lon="-0.2775040">
    <ele>3.9</ele>
    <time>2026-05-16T11:36:58Z</time>
   </trkpt>
   <trkpt lat="51.4778480" lon="-0.2774950">
    <ele>3.9</ele>
    <time>2026-05-16T11:36:59Z</time>
   </trkpt>
   <trkpt lat="51.4778440" lon="-0.2774910">
    <ele>3.9</ele>
    <time>2026-05-16T11:37:00Z</time>
   </trkpt>
   <trkpt lat="51.4778350" lon="-0.2774950">
    <ele>3.9</ele>
    <time>2026-05-16T11:37:01Z</time>
   </trkpt>
   <trkpt lat="51.4778280" lon="-0.2774940">
    <ele>3.9</ele>
    <time>2026-05-16T11:37:02Z</time>
   </trkpt>
   <trkpt lat="51.4778200" lon="-0.2774870">
    <ele>3.9</ele>
    <time>2026-05-16T11:37:03Z</time>
   </trkpt>
   <trkpt lat="51.4778140" lon="-0.2774810">
    <ele>3.9</ele>
    <time>2026-05-16T11:37:04Z</time>
   </trkpt>
   <trkpt lat="51.4778150" lon="-0.2774810">
    <ele>3.9</ele>
    <time>2026-05-16T11:37:05Z</time>
   </trkpt>
   <trkpt lat="51.4778130" lon="-0.2774760">
    <ele>3.9</ele>
    <time>2026-05-16T11:37:06Z</time>
   </trkpt>
   <trkpt lat="51.4778110" lon="-0.2774700">
    <ele>3.9</ele>
    <time>2026-05-16T11:37:07Z</time>
   </trkpt>
   <trkpt lat="51.4778060" lon="-0.2774660">
    <ele>3.9</ele>
    <time>2026-05-16T11:37:08Z</time>
   </trkpt>
   <trkpt lat="51.4778010" lon="-0.2774700">
    <ele>3.9</ele>
    <time>2026-05-16T11:37:09Z</time>
   </trkpt>
   <trkpt lat="51.4777950" lon="-0.2774700">
    <ele>3.9</ele>
    <time>2026-05-16T11:37:10Z</time>
   </trkpt>
   <trkpt lat="51.4777890" lon="-0.2774680">
    <ele>3.9</ele>
    <time>2026-05-16T11:37:11Z</time>
   </trkpt>
   <trkpt lat="51.4777800" lon="-0.2774610">
    <ele>3.9</ele>
    <time>2026-05-16T11:37:12Z</time>
   </trkpt>
   <trkpt lat="51.4777750" lon="-0.2774590">
    <ele>3.9</ele>
    <time>2026-05-16T11:37:13Z</time>
   </trkpt>
   <trkpt lat="51.4777690" lon="-0.2774590">
    <ele>4.0</ele>
    <time>2026-05-16T11:37:14Z</time>
   </trkpt>
   <trkpt lat="51.4777560" lon="-0.2774580">
    <ele>4.0</ele>
    <time>2026-05-16T11:37:15Z</time>
   </trkpt>
   <trkpt lat="51.4777420" lon="-0.2774560">
    <ele>4.0</ele>
    <time>2026-05-16T11:37:16Z</time>
   </trkpt>
   <trkpt lat="51.4777270" lon="-0.2774500">
    <ele>4.0</ele>
    <time>2026-05-16T11:37:17Z</time>
   </trkpt>
   <trkpt lat="51.4777080" lon="-0.2774510">
    <ele>4.0</ele>
    <time>2026-05-16T11:37:18Z</time>
   </trkpt>
   <trkpt lat="51.4776990" lon="-0.2774520">
    <ele>4.0</ele>
    <time>2026-05-16T11:37:19Z</time>
   </trkpt>
   <trkpt lat="51.4776890" lon="-0.2774530">
    <ele>4.0</ele>
    <time>2026-05-16T11:37:20Z</time>
   </trkpt>
   <trkpt lat="51.4776710" lon="-0.2774470">
    <ele>4.0</ele>
    <time>2026-05-16T11:37:21Z</time>
   </trkpt>
   <trkpt lat="51.4776590" lon="-0.2774450">
    <ele>4.0</ele>
    <time>2026-05-16T11:37:22Z</time>
   </trkpt>
   <trkpt lat="51.4776390" lon="-0.2774410">
    <ele>4.0</ele>
    <time>2026-05-16T11:37:23Z</time>
   </trkpt>
   <trkpt lat="51.4776300" lon="-0.2774360">
    <ele>4.0</ele>
    <time>2026-05-16T11:37:24Z</time>
   </trkpt>
   <trkpt lat="51.4776210" lon="-0.2774320">
    <ele>4.0</ele>
    <time>2026-05-16T11:37:25Z</time>
   </trkpt>
   <trkpt lat="51.4776180" lon="-0.2774350">
    <ele>4.0</ele>
    <time>2026-05-16T11:37:26Z</time>
   </trkpt>
   <trkpt lat="51.4776180" lon="-0.2774340">
    <ele>4.0</ele>
    <time>2026-05-16T11:37:27Z</time>
   </trkpt>
   <trkpt lat="51.4776180" lon="-0.2774210">
    <ele>4.0</ele>
    <time>2026-05-16T11:37:28Z</time>
   </trkpt>
   <trkpt lat="51.4776120" lon="-0.2773980">
    <ele>4.0</ele>
    <time>2026-05-16T11:37:29Z</time>
   </trkpt>
   <trkpt lat="51.4776080" lon="-0.2773810">
    <ele>4.0</ele>
    <time>2026-05-16T11:37:30Z</time>
   </trkpt>
   <trkpt lat="51.4776000" lon="-0.2773540">
    <ele>4.0</ele>
    <time>2026-05-16T11:37:31Z</time>
   </trkpt>
   <trkpt lat="51.4776030" lon="-0.2773410">
    <ele>4.0</ele>
    <time>2026-05-16T11:37:32Z</time>
   </trkpt>
   <trkpt lat="51.4776050" lon="-0.2773290">
    <ele>4.0</ele>
    <time>2026-05-16T11:37:33Z</time>
   </trkpt>
   <trkpt lat="51.4776070" lon="-0.2773160">
    <ele>4.0</ele>
    <time>2026-05-16T11:37:34Z</time>
   </trkpt>
   <trkpt lat="51.4776120" lon="-0.2773100">
    <ele>4.0</ele>
    <time>2026-05-16T11:37:35Z</time>
   </trkpt>
   <trkpt lat="51.4776190" lon="-0.2773050">
    <ele>4.0</ele>
    <time>2026-05-16T11:37:36Z</time>
   </trkpt>
   <trkpt lat="51.4776220" lon="-0.2773030">
    <ele>4.0</ele>
    <time>2026-05-16T11:37:37Z</time>
   </trkpt>
   <trkpt lat="51.4776350" lon="-0.2772960">
    <ele>4.0</ele>
    <time>2026-05-16T11:37:38Z</time>
   </trkpt>
   <trkpt lat="51.4776420" lon="-0.2773070">
    <ele>4.0</ele>
    <time>2026-05-16T11:37:39Z</time>
   </trkpt>
   <trkpt lat="51.4776460" lon="-0.2773110">
    <ele>4.0</ele>
    <time>2026-05-16T11:37:40Z</time>
   </trkpt>
   <trkpt lat="51.4776500" lon="-0.2773140">
    <ele>4.0</ele>
    <time>2026-05-16T11:37:41Z</time>
   </trkpt>
   <trkpt lat="51.4776540" lon="-0.2773170">
    <ele>4.0</ele>
    <time>2026-05-16T11:37:42Z</time>
   </trkpt>
   <trkpt lat="51.4776580" lon="-0.2773200">
    <ele>4.0</ele>
    <time>2026-05-16T11:37:43Z</time>
   </trkpt>
   <trkpt lat="51.4776620" lon="-0.2773240">
    <ele>4.0</ele>
    <time>2026-05-16T11:37:44Z</time>
   </trkpt>
   <trkpt lat="51.4776660" lon="-0.2773270">
    <ele>4.0</ele>
    <time>2026-05-16T11:37:45Z</time>
   </trkpt>
   <trkpt lat="51.4776680" lon="-0.2773370">
    <ele>4.0</ele>
    <time>2026-05-16T11:37:46Z</time>
   </trkpt>
   <trkpt lat="51.4776670" lon="-0.2773390">
    <ele>4.0</ele>
    <time>2026-05-16T11:37:47Z</time>
   </trkpt>
   <trkpt lat="51.4776660" lon="-0.2773410">
    <ele>4.0</ele>
    <time>2026-05-16T11:37:48Z</time>
   </trkpt>
   <trkpt lat="51.4776650" lon="-0.2773430">
    <ele>4.0</ele>
    <time>2026-05-16T11:37:49Z</time>
   </trkpt>
   <trkpt lat="51.4776640" lon="-0.2773450">
    <ele>4.0</ele>
    <time>2026-05-16T11:37:50Z</time>
   </trkpt>
   <trkpt lat="51.4776630" lon="-0.2773470">
    <ele>4.0</ele>
    <time>2026-05-16T11:37:51Z</time>
   </trkpt>
   <trkpt lat="51.4776620" lon="-0.2773490">
    <ele>4.0</ele>
    <time>2026-05-16T11:37:52Z</time>
   </trkpt>
   <trkpt lat="51.4776610" lon="-0.2773500">
    <ele>4.0</ele>
    <time>2026-05-16T11:37:53Z</time>
   </trkpt>
   <trkpt lat="51.4776600" lon="-0.2773520">
    <ele>4.0</ele>
    <time>2026-05-16T11:37:54Z</time>
   </trkpt>
   <trkpt lat="51.4776590" lon="-0.2773540">
    <ele>4.0</ele>
    <time>2026-05-16T11:37:55Z</time>
   </trkpt>
   <trkpt lat="51.4776580" lon="-0.2773560">
    <ele>4.0</ele>
    <time>2026-05-16T11:37:56Z</time>
   </trkpt>
   <trkpt lat="51.4776570" lon="-0.2773580">
    <ele>4.0</ele>
    <time>2026-05-16T11:37:57Z</time>
   </trkpt>
   <trkpt lat="51.4776560" lon="-0.2773600">
    <ele>4.0</ele>
    <time>2026-05-16T11:37:58Z</time>
   </trkpt>
   <trkpt lat="51.4776550" lon="-0.2773620">
    <ele>4.0</ele>
    <time>2026-05-16T11:37:59Z</time>
   </trkpt>
   <trkpt lat="51.4776540" lon="-0.2773640">
    <ele>4.0</ele>
    <time>2026-05-16T11:38:00Z</time>
   </trkpt>
   <trkpt lat="51.4776520" lon="-0.2773660">
    <ele>4.0</ele>
    <time>2026-05-16T11:38:02Z</time>
   </trkpt>
   <trkpt lat="51.4776510" lon="-0.2773680">
    <ele>4.0</ele>
    <time>2026-05-16T11:38:03Z</time>
   </trkpt>
   <trkpt lat="51.4776500" lon="-0.2773700">
    <ele>4.0</ele>
    <time>2026-05-16T11:38:04Z</time>
   </trkpt>
   <trkpt lat="51.4776490" lon="-0.2773720">
    <ele>4.0</ele>
    <time>2026-05-16T11:38:05Z</time>
   </trkpt>
   <trkpt lat="51.4776480" lon="-0.2773740">
    <ele>4.0</ele>
    <time>2026-05-16T11:38:06Z</time>
   </trkpt>
   <trkpt lat="51.4776470" lon="-0.2773760">
    <ele>4.0</ele>
    <time>2026-05-16T11:38:07Z</time>
   </trkpt>
   <trkpt lat="51.4776460" lon="-0.2773780">
    <ele>4.0</ele>
    <time>2026-05-16T11:38:08Z</time>
   </trkpt>
   <trkpt lat="51.4776450" lon="-0.2773800">
    <ele>4.0</ele>
    <time>2026-05-16T11:38:09Z</time>
   </trkpt>
   <trkpt lat="51.4776440" lon="-0.2773810">
    <ele>4.0</ele>
    <time>2026-05-16T11:38:10Z</time>
   </trkpt>
   <trkpt lat="51.4776430" lon="-0.2773830">
    <ele>4.0</ele>
    <time>2026-05-16T11:38:11Z</time>
   </trkpt>
   <trkpt lat="51.4776420" lon="-0.2773850">
    <ele>4.0</ele>
    <time>2026-05-16T11:38:12Z</time>
   </trkpt>
   <trkpt lat="51.4776410" lon="-0.2773870">
    <ele>4.0</ele>
    <time>2026-05-16T11:38:13Z</time>
   </trkpt>
   <trkpt lat="51.4776400" lon="-0.2773890">
    <ele>4.0</ele>
    <time>2026-05-16T11:38:14Z</time>
   </trkpt>
   <trkpt lat="51.4776390" lon="-0.2773910">
    <ele>4.0</ele>
    <time>2026-05-16T11:38:15Z</time>
   </trkpt>
   <trkpt lat="51.4776380" lon="-0.2773930">
    <ele>4.0</ele>
    <time>2026-05-16T11:38:16Z</time>
   </trkpt>
   <trkpt lat="51.4776370" lon="-0.2773950">
    <ele>4.0</ele>
    <time>2026-05-16T11:38:17Z</time>
   </trkpt>
   <trkpt lat="51.4776350" lon="-0.2773790">
    <ele>4.0</ele>
    <time>2026-05-16T11:38:18Z</time>
   </trkpt>
   <trkpt lat="51.4776260" lon="-0.2773980">
    <ele>4.0</ele>
    <time>2026-05-16T11:38:19Z</time>
   </trkpt>
   <trkpt lat="51.4776310" lon="-0.2774110">
    <ele>4.0</ele>
    <time>2026-05-16T11:38:20Z</time>
   </trkpt>
   <trkpt lat="51.4776320" lon="-0.2774130">
    <ele>4.0</ele>
    <time>2026-05-16T11:38:21Z</time>
   </trkpt>
   <trkpt lat="51.4776240" lon="-0.2774160">
    <ele>4.0</ele>
    <time>2026-05-16T11:38:22Z</time>
   </trkpt>
   <trkpt lat="51.4776130" lon="-0.2774140">
    <ele>4.0</ele>
    <time>2026-05-16T11:38:23Z</time>
   </trkpt>
   <trkpt lat="51.4776020" lon="-0.2773950">
    <ele>4.0</ele>
    <time>2026-05-16T11:38:24Z</time>
   </trkpt>
   <trkpt lat="51.4775970" lon="-0.2773820">
    <ele>4.0</ele>
    <time>2026-05-16T11:38:25Z</time>
   </trkpt>
   <trkpt lat="51.4776210" lon="-0.2773740">
    <ele>4.0</ele>
    <time>2026-05-16T11:38:26Z</time>
   </trkpt>
   <trkpt lat="51.4776080" lon="-0.2773550">
    <ele>4.0</ele>
    <time>2026-05-16T11:38:27Z</time>
   </trkpt>
   <trkpt lat="51.4776020" lon="-0.2773470">
    <ele>4.0</ele>
    <time>2026-05-16T11:38:28Z</time>
   </trkpt>
   <trkpt lat="51.4776010" lon="-0.2773530">
    <ele>4.0</ele>
    <time>2026-05-16T11:38:29Z</time>
   </trkpt>
   <trkpt lat="51.4776040" lon="-0.2773540">
    <ele>4.0</ele>
    <time>2026-05-16T11:38:30Z</time>
   </trkpt>
   <trkpt lat="51.4776080" lon="-0.2773540">
    <ele>4.0</ele>
    <time>2026-05-16T11:38:31Z</time>
   </trkpt>
   <trkpt lat="51.4776110" lon="-0.2773540">
    <ele>4.0</ele>
    <time>2026-05-16T11:38:32Z</time>
   </trkpt>
   <trkpt lat="51.4776140" lon="-0.2773540">
    <ele>4.0</ele>
    <time>2026-05-16T11:38:33Z</time>
   </trkpt>
   <trkpt lat="51.4776170" lon="-0.2773550">
    <ele>4.0</ele>
    <time>2026-05-16T11:38:34Z</time>
   </trkpt>
   <trkpt lat="51.4776200" lon="-0.2773550">
    <ele>4.0</ele>
    <time>2026-05-16T11:38:35Z</time>
   </trkpt>
   <trkpt lat="51.4776230" lon="-0.2773550">
    <ele>4.0</ele>
    <time>2026-05-16T11:38:36Z</time>
   </trkpt>
   <trkpt lat="51.4776270" lon="-0.2773550">
    <ele>4.0</ele>
    <time>2026-05-16T11:38:37Z</time>
   </trkpt>
   <trkpt lat="51.4776300" lon="-0.2773560">
    <ele>4.0</ele>
    <time>2026-05-16T11:38:38Z</time>
   </trkpt>
   <trkpt lat="51.4776330" lon="-0.2773560">
    <ele>4.0</ele>
    <time>2026-05-16T11:38:39Z</time>
   </trkpt>
   <trkpt lat="51.4776360" lon="-0.2773560">
    <ele>4.0</ele>
    <time>2026-05-16T11:38:40Z</time>
   </trkpt>
   <trkpt lat="51.4776390" lon="-0.2773570">
    <ele>4.0</ele>
    <time>2026-05-16T11:38:41Z</time>
   </trkpt>
   <trkpt lat="51.4776420" lon="-0.2773570">
    <ele>4.0</ele>
    <time>2026-05-16T11:38:42Z</time>
   </trkpt>
   <trkpt lat="51.4776460" lon="-0.2773570">
    <ele>4.0</ele>
    <time>2026-05-16T11:38:43Z</time>
   </trkpt>
   <trkpt lat="51.4776490" lon="-0.2773570">
    <ele>4.0</ele>
    <time>2026-05-16T11:38:44Z</time>
   </trkpt>
   <trkpt lat="51.4776520" lon="-0.2773580">
    <ele>4.0</ele>
    <time>2026-05-16T11:38:45Z</time>
   </trkpt>
   <trkpt lat="51.4776550" lon="-0.2773580">
    <ele>4.0</ele>
    <time>2026-05-16T11:38:46Z</time>
   </trkpt>
   <trkpt lat="51.4776550" lon="-0.2773580">
    <ele>4.0</ele>
    <time>2026-05-16T11:38:47Z</time>
   </trkpt>
   <trkpt lat="51.4776380" lon="-0.2773490">
    <ele>4.0</ele>
    <time>2026-05-16T11:38:48Z</time>
   </trkpt>
   <trkpt lat="51.4776240" lon="-0.2773400">
    <ele>4.0</ele>
    <time>2026-05-16T11:38:49Z</time>
   </trkpt>
   <trkpt lat="51.4776230" lon="-0.2773330">
    <ele>4.0</ele>
    <time>2026-05-16T11:38:50Z</time>
   </trkpt>
   <trkpt lat="51.4776240" lon="-0.2773340">
    <ele>4.0</ele>
    <time>2026-05-16T11:38:51Z</time>
   </trkpt>
   <trkpt lat="51.4776240" lon="-0.2773340">
    <ele>4.0</ele>
    <time>2026-05-16T11:38:52Z</time>
   </trkpt>
   <trkpt lat="51.4776240" lon="-0.2773340">
    <ele>4.0</ele>
    <time>2026-05-16T11:38:53Z</time>
   </trkpt>
   <trkpt lat="51.4776340" lon="-0.2773880">
    <ele>4.0</ele>
    <time>2026-05-16T11:38:54Z</time>
   </trkpt>
   <trkpt lat="51.4776230" lon="-0.2774360">
    <ele>4.0</ele>
    <time>2026-05-16T11:38:55Z</time>
   </trkpt>
   <trkpt lat="51.4776160" lon="-0.2774460">
    <ele>4.0</ele>
    <time>2026-05-16T11:38:56Z</time>
   </trkpt>
   <trkpt lat="51.4775940" lon="-0.2774480">
    <ele>4.0</ele>
    <time>2026-05-16T11:38:57Z</time>
   </trkpt>
   <trkpt lat="51.4775870" lon="-0.2774450">
    <ele>4.0</ele>
    <time>2026-05-16T11:38:58Z</time>
   </trkpt>
   <trkpt lat="51.4775810" lon="-0.2774410">
    <ele>4.0</ele>
    <time>2026-05-16T11:38:59Z</time>
   </trkpt>
   <trkpt lat="51.4775740" lon="-0.2774380">
    <ele>4.0</ele>
    <time>2026-05-16T11:39:00Z</time>
   </trkpt>
   <trkpt lat="51.4775670" lon="-0.2774350">
    <ele>4.0</ele>
    <time>2026-05-16T11:39:01Z</time>
   </trkpt>
   <trkpt lat="51.4775790" lon="-0.2774450">
    <ele>4.0</ele>
    <time>2026-05-16T11:39:02Z</time>
   </trkpt>
   <trkpt lat="51.4775880" lon="-0.2774500">
    <ele>4.0</ele>
    <time>2026-05-16T11:39:03Z</time>
   </trkpt>
   <trkpt lat="51.4775960" lon="-0.2774560">
    <ele>4.0</ele>
    <time>2026-05-16T11:39:04Z</time>
   </trkpt>
   <trkpt lat="51.4776050" lon="-0.2774620">
    <ele>4.0</ele>
    <time>2026-05-16T11:39:05Z</time>
   </trkpt>
   <trkpt lat="51.4776030" lon="-0.2774420">
    <ele>4.0</ele>
    <time>2026-05-16T11:39:06Z</time>
   </trkpt>
   <trkpt lat="51.4776020" lon="-0.2774210">
    <ele>4.0</ele>
    <time>2026-05-16T11:39:07Z</time>
   </trkpt>
   <trkpt lat="51.4776000" lon="-0.2774010">
    <ele>4.0</ele>
    <time>2026-05-16T11:39:08Z</time>
   </trkpt>
   <trkpt lat="51.4775980" lon="-0.2773970">
    <ele>4.0</ele>
    <time>2026-05-16T11:39:09Z</time>
   </trkpt>
   <trkpt lat="51.4776060" lon="-0.2773720">
    <ele>4.0</ele>
    <time>2026-05-16T11:39:10Z</time>
   </trkpt>
   <trkpt lat="51.4776290" lon="-0.2773750">
    <ele>4.0</ele>
    <time>2026-05-16T11:39:16Z</time>
   </trkpt>
   <trkpt lat="51.4776450" lon="-0.2773700">
    <ele>4.0</ele>
    <time>2026-05-16T11:39:17Z</time>
   </trkpt>
   <trkpt lat="51.4776450" lon="-0.2773650">
    <ele>4.0</ele>
    <time>2026-05-16T11:39:18Z</time>
   </trkpt>
   <trkpt lat="51.4776620" lon="-0.2773650">
    <ele>4.0</ele>
    <time>2026-05-16T11:39:24Z</time>
   </trkpt>
   <trkpt lat="51.4776900" lon="-0.2773590">
    <ele>4.0</ele>
    <time>2026-05-16T11:39:30Z</time>
   </trkpt>
   <trkpt lat="51.4777120" lon="-0.2773500">
    <ele>4.0</ele>
    <time>2026-05-16T11:39:36Z</time>
   </trkpt>
   <trkpt lat="51.4777120" lon="-0.2773500">
    <ele>4.0</ele>
    <time>2026-05-16T11:39:41Z</time>
   </trkpt>
  </trkseg>
 </trk>
</gpx>
