<?xml version="1.0" encoding="UTF-8"?>
<gpx creator="StravaGPX" version="1.1" xmlns="http://www.topografix.com/GPX/1/1" xmlns:xsi="http://www.w3.org/2001/XMLSchema-instance" xsi:schemaLocation="http://www.topografix.com/GPX/1/1 http://www.topografix.com/GPX/1/1/gpx.xsd">
 <metadata>
  <time>2026-01-03T10:33:31Z</time>
 </metadata>
 <trk>
  <name>Morning Walk</name>
  <type>walking</type>
  <trkseg>
   <trkpt lat="51.4776280" lon="-0.2772370">
    <ele>4.0</ele>
    <time>2026-01-03T10:33:31Z</time>
   </trkpt>
   <trkpt lat="51.4776300" lon="-0.2772260">
    <ele>4.0</ele>
    <time>2026-01-03T10:33:32Z</time>
   </trkpt>
   <trkpt lat="51.4775990" lon="-0.2771700">
    <ele>4.0</ele>
    <time>2026-01-03T10:33:34Z</time>
   </trkpt>
   <trkpt lat="51.4776030" lon="-0.2771710">
    <ele>4.0</ele>
    <time>2026-01-03T10:33:35Z</time>
   </trkpt>
   <trkpt lat="51.4776000" lon="-0.2771880">
    <ele>4.0</ele>
    <time>2026-01-03T10:33:36Z</time>
   </trkpt>
   <trkpt lat="51.4776140" lon="-0.2772120">
    <ele>4.0</ele>
    <time>2026-01-03T10:33:37Z</time>
   </trkpt>
   <trkpt lat="51.4776090" lon="-0.2772060">
    <ele>4.0</ele>
    <time>2026-01-03T10:33:38Z</time>
   </trkpt>
   <trkpt lat="51.4776090" lon="-0.2771990">
    <ele>4.0</ele>
    <time>2026-01-03T10:33:39Z</time>
   </trkpt>
   <trkpt lat="51.4776090" lon="-0.2771920">
    <ele>4.0</ele>
    <time>2026-01-03T10:33:40Z</time>
   </trkpt>
   <trkpt lat="51.4776090" lon="-0.2771850">
    <ele>4.0</ele>
    <time>2026-01-03T10:33:41Z</time>
   </trkpt>
   <trkpt lat="51.4776080" lon="-0.2771790">
    <ele>4.0</ele>
    <time>2026-01-03T10:33:42Z</time>
   </trkpt>
   <trkpt lat="51.4776080" lon="-0.2771720">
    <ele>4.0</ele>
    <time>2026-01-03T10:33:43Z</time>
   </trkpt>
   <trkpt lat="51.4776080" lon="-0.2771650">
    <ele>4.0</ele>
    <time>2026-01-03T10:33:44Z</time>
   </trkpt>
   <trkpt lat="51.4776080" lon="-0.2771580">
    <ele>4.0</ele>
    <time>2026-01-03T10:33:45Z</time>
   </trkpt>
   <trkpt lat="51.4776080" lon="-0.2771510">
    <ele>4.0</ele>
    <time>2026-01-03T10:33:46Z</time>
   </trkpt>
   <trkpt lat="51.4776030" lon="-0.2771160">
    <ele>4.0</ele>
    <time>2026-01-03T10:33:47Z</time>
   </trkpt>
   <trkpt lat="51.4776020" lon="-0.2771000">
    <ele>4.0</ele>
    <time>2026-01-03T10:33:48Z</time>
   </trkpt>
   <trkpt lat="51.4776010" lon="-0.2770840">
    <ele>4.0</ele>
    <time>2026-01-03T10:33:49Z</time>
   </trkpt>
   <trkpt lat="51.4776040" lon="-0.2770530">
    <ele>4.0</ele>
    <time>2026-01-03T10:33:50Z</time>
   </trkpt>
   <trkpt lat="51.4776110" lon="-0.2770360">
    <ele>4.0</ele>
    <time>2026-01-03T10:33:51Z</time>
   </trkpt>
   <trkpt lat="51.4776130" lon="-0.2770160">
    <ele>4.0</ele>
    <time>2026-01-03T10:33:52Z</time>
   </trkpt>
   <trkpt lat="51.4776170" lon="-0.2769970">
    <ele>4.0</ele>
    <time>2026-01-03T10:33:53Z</time>
   </trkpt>
   <trkpt lat="51.4776200" lon="-0.2769820">
    <ele>4.1</ele>
    <time>2026-01-03T10:33:54Z</time>
   </trkpt>
   <trkpt lat="51.4776190" lon="-0.2769630">
    <ele>4.1</ele>
    <time>2026-01-03T10:33:55Z</time>
   </trkpt>
   <trkpt lat="51.4776240" lon="-0.2769360">
    <ele>4.1</ele>
    <time>2026-01-03T10:33:56Z</time>
   </trkpt>
   <trkpt lat="51.4776100" lon="-0.2768980">
    <ele>4.1</ele>
    <time>2026-01-03T10:33:57Z</time>
   </trkpt>
   <trkpt lat="51.4775930" lon="-0.2768810">
    <ele>4.1</ele>
    <time>2026-01-03T10:33:58Z</time>
   </trkpt>
   <trkpt lat="51.4775960" lon="-0.2768730">
    <ele>4.1</ele>
    <time>2026-01-03T10:33:59Z</time>
   </trkpt>
   <trkpt lat="51.4775850" lon="-0.2768590">
    <ele>4.1</ele>
    <time>2026-01-03T10:34:00Z</time>
   </trkpt>
   <trkpt lat="51.4775860" lon="-0.2768270">
    <ele>4.1</ele>
    <time>2026-01-03T10:34:01Z</time>
   </trkpt>
   <trkpt lat="51.4775840" lon="-0.2767980">
    <ele>4.1</ele>
    <time>2026-01-03T10:34:02Z</time>
   </trkpt>
   <trkpt lat="51.4775880" lon="-0.2767880">
    <ele>4.1</ele>
    <time>2026-01-03T10:34:03Z</time>
   </trkpt>
   <trkpt lat="51.4775910" lon="-0.2767770">
    <ele>4.1</ele>
    <time>2026-01-03T10:34:04Z</time>
   </trkpt>
   <trkpt lat="51.4775940" lon="-0.2767660">
    <ele>4.1</ele>
    <time>2026-01-03T10:34:05Z</time>
   </trkpt>
   <trkpt lat="51.4775950" lon="-0.2767460">
    <ele>4.1</ele>
    <time>2026-01-03T10:34:06Z</time>
   </trkpt>
   <trkpt lat="51.4776070" lon="-0.2767280">
    <ele>4.1</ele>
    <time>2026-01-03T10:34:07Z</time>
   </trkpt>
   <trkpt lat="51.4776060" lon="-0.2767040">
    <ele>4.1</ele>
    <time>2026-01-03T10:34:08Z</time>
   </trkpt>
   <trkpt lat="51.4776040" lon="-0.2766830">
    <ele>4.1</ele>
    <time>2026-01-03T10:34:09Z</time>
   </trkpt>
   <trkpt lat="51.4776110" lon="-0.2766480">
    <ele>4.1</ele>
    <time>2026-01-03T10:34:10Z</time>
   </trkpt>
   <trkpt lat="51.4776140" lon="-0.2766360">
    <ele>4.1</ele>
    <time>2026-01-03T10:34:11Z</time>
   </trkpt>
   <trkpt lat="51.4776160" lon="-0.2766240">
    <ele>4.1</ele>
    <time>2026-01-03T10:34:12Z</time>
   </trkpt>
   <trkpt lat="51.4776260" lon="-0.2766040">
    <ele>4.1</ele>
    <time>2026-01-03T10:34:13Z</time>
   </trkpt>
   <trkpt lat="51.4776370" lon="-0.2765880">
    <ele>4.1</ele>
    <time>2026-01-03T10:34:14Z</time>
   </trkpt>
   <trkpt lat="51.4776480" lon="-0.2765480">
    <ele>4.1</ele>
    <time>2026-01-03T10:34:15Z</time>
   </trkpt>
   <trkpt lat="51.4776530" lon="-0.2765380">
    <ele>4.1</ele>
    <time>2026-01-03T10:34:16Z</time>
   </trkpt>
   <trkpt lat="51.4776620" lon="-0.2765250">
    <ele>4.1</ele>
    <time>2026-01-03T10:34:17Z</time>
   </trkpt>
   <trkpt lat="51.4776670" lon="-0.2765120">
    <ele>4.1</ele>
    <time>2026-01-03T10:34:18Z</time>
   </trkpt>
   <trkpt lat="51.4776730" lon="-0.2764930">
    <ele>4.1</ele>
    <time>2026-01-03T10:34:19Z</time>
   </trkpt>
   <trkpt lat="51.4776810" lon="-0.2764750">
    <ele>4.1</ele>
    <time>2026-01-03T10:34:20Z</time>
   </trkpt>
   <trkpt lat="51.4776860" lon="-0.2764580">
    <ele>4.1</ele>
    <time>2026-01-03T10:34:21Z</time>
   </trkpt>
   <trkpt lat="51.4776970" lon="-0.2764390">
    <ele>4.1</ele>
    <time>2026-01-03T10:34:22Z</time>
   </trkpt>
   <trkpt lat="51.4777020" lon="-0.2764360">
    <ele>4.1</ele>
    <time>2026-01-03T10:34:23Z</time>
   </trkpt>
   <trkpt lat="51.4777100" lon="-0.2764170">
    <ele>4.1</ele>
    <time>2026-01-03T10:34:24Z</time>
   </trkpt>
   <trkpt lat="51.4777180" lon="-0.2763950">
    <ele>4.1</ele>
    <time>2026-01-03T10:34:25Z</time>
   </trkpt>
   <trkpt lat="51.4777320" lon="-0.2763730">
    <ele>4.1</ele>
    <time>2026-01-03T10:34:26Z</time>
   </trkpt>
   <trkpt lat="51.4777370" lon="-0.2763620">
    <ele>4.2</ele>
    <time>2026-01-03T10:34:27Z</time>
   </trkpt>
   <trkpt lat="51.4777430" lon="-0.2763510">
    <ele>4.2</ele>
    <time>2026-01-03T10:34:28Z</time>
   </trkpt>
   <trkpt lat="51.4777520" lon="-0.2763290">
    <ele>4.2</ele>
    <time>2026-01-03T10:34:29Z</time>
   </trkpt>
   <trkpt lat="51.4777630" lon="-0.2763060">
    <ele>4.2</ele>
    <time>2026-01-03T10:34:30Z</time>
   </trkpt>
   <trkpt lat="51.4777650" lon="-0.2762960">
    <ele>4.2</ele>
    <time>2026-01-03T10:34:31Z</time>
   </trkpt>
   <trkpt lat="51.4777700" lon="-0.2762730">
    <ele>4.2</ele>
    <time>2026-01-03T10:34:32Z</time>
   </trkpt>
   <trkpt lat="51.4777750" lon="-0.2762520">
    <ele>4.2</ele>
    <time>2026-01-03T10:34:33Z</time>
   </trkpt>
   <trkpt lat="51.4777870" lon="-0.2762380">
    <ele>4.2</ele>
    <time>2026-01-03T10:34:34Z</time>
   </trkpt>
   <trkpt lat="51.4777920" lon="-0.2762220">
    <ele>4.2</ele>
    <time>2026-01-03T10:34:35Z</time>
   </trkpt>
   <trkpt lat="51.4777980" lon="-0.2762070">
    <ele>4.3</ele>
    <time>2026-01-03T10:34:36Z</time>
   </trkpt>
   <trkpt lat="51.4778060" lon="-0.2761900">
    <ele>4.3</ele>
    <time>2026-01-03T10:34:37Z</time>
   </trkpt>
   <trkpt lat="51.4778110" lon="-0.2761770">
    <ele>4.3</ele>
    <time>2026-01-03T10:34:38Z</time>
   </trkpt>
   <trkpt lat="51.4778190" lon="-0.2761610">
    <ele>4.3</ele>
    <time>2026-01-03T10:34:39Z</time>
   </trkpt>
   <trkpt lat="51.4778250" lon="-0.2761490">
    <ele>4.3</ele>
    <time>2026-01-03T10:34:40Z</time>
   </trkpt>
   <trkpt lat="51.4778280" lon="-0.2761320">
    <ele>4.4</ele>
    <time>2026-01-03T10:34:41Z</time>
   </trkpt>
   <trkpt lat="51.4778290" lon="-0.2761260">
    <ele>4.4</ele>
    <time>2026-01-03T10:34:42Z</time>
   </trkpt>
   <trkpt lat="51.4778310" lon="-0.2761180">
    <ele>4.4</ele>
    <time>2026-01-03T10:34:43Z</time>
   </trkpt>
   <trkpt lat="51.4778340" lon="-0.2760930">
    <ele>4.5</ele>
    <time>2026-01-03T10:34:44Z</time>
   </trkpt>
   <trkpt lat="51.4778400" lon="-0.2760640">
    <ele>4.5</ele>
    <time>2026-01-03T10:34:45Z</time>
   </trkpt>
   <trkpt lat="51.4778450" lon="-0.2760480">
    <ele>4.6</ele>
    <time>2026-01-03T10:34:46Z</time>
   </trkpt>
   <trkpt lat="51.4778470" lon="-0.2760340">
    <ele>4.7</ele>
    <time>2026-01-03T10:34:47Z</time>
   </trkpt>
   <trkpt lat="51.4778450" lon="-0.2760300">
    <ele>4.7</ele>
    <time>2026-01-03T10:34:48Z</time>
   </trkpt>
   <trkpt lat="51.4778470" lon="-0.2760310">
    <ele>4.7</ele>
    <time>2026-01-03T10:34:49Z</time>
   </trkpt>
   <trkpt lat="51.4778500" lon="-0.2760230">
    <ele>4.8</ele>
    <time>2026-01-03T10:34:50Z</time>
   </trkpt>
   <trkpt lat="51.4778550" lon="-0.2760140">
    <ele>4.8</ele>
    <time>2026-01-03T10:34:51Z</time>
   </trkpt>
   <trkpt lat="51.4778540" lon="-0.2760020">
    <ele>4.8</ele>
    <time>2026-01-03T10:34:52Z</time>
   </trkpt>
   <trkpt lat="51.4778580" lon="-0.2759890">
    <ele>4.9</ele>
    <time>2026-01-03T10:34:53Z</time>
   </trkpt>
   <trkpt lat="51.4778620" lon="-0.2759750">
    <ele>4.9</ele>
    <time>2026-01-03T10:34:54Z</time>
   </trkpt>
   <trkpt lat="51.4778700" lon="-0.2759550">
    <ele>5.0</ele>
    <time>2026-01-03T10:34:55Z</time>
   </trkpt>
   <trkpt lat="51.4778740" lon="-0.2759450">
    <ele>5.0</ele>
    <time>2026-01-03T10:34:56Z</time>
   </trkpt>
   <trkpt lat="51.4778780" lon="-0.2759340">
    <ele>5.0</ele>
    <time>2026-01-03T10:34:57Z</time>
   </trkpt>
   <trkpt lat="51.4778820" lon="-0.2759230">
    <ele>5.0</ele>
    <time>2026-01-03T10:34:58Z</time>
   </trkpt>
   <trkpt lat="51.4778870" lon="-0.2759070">
    <ele>5.1</ele>
    <time>2026-01-03T10:34:59Z</time>
   </trkpt>
   <trkpt lat="51.4778910" lon="-0.2758890">
    <ele>5.1</ele>
    <time>2026-01-03T10:35:00Z</time>
   </trkpt>
   <trkpt lat="51.4778950" lon="-0.2758720">
    <ele>5.2</ele>
    <time>2026-01-03T10:35:01Z</time>
   </trkpt>
   <trkpt lat="51.4779020" lon="-0.2758560">
    <ele>5.2</ele>
    <time>2026-01-03T10:35:02Z</time>
   </trkpt>
   <trkpt lat="51.4779060" lon="-0.2758450">
    <ele>5.2</ele>
    <time>2026-01-03T10:35:03Z</time>
   </trkpt>
   <trkpt lat="51.4779110" lon="-0.2758310">
    <ele>5.3</ele>
    <time>2026-01-03T10:35:04Z</time>
   </trkpt>
   <trkpt lat="51.4779280" lon="-0.2757870">
    <ele>5.4</ele>
    <time>2026-01-03T10:35:05Z</time>
   </trkpt>
   <trkpt lat="51.4779310" lon="-0.2757750">
    <ele>5.4</ele>
    <time>2026-01-03T10:35:06Z</time>
   </trkpt>
   <trkpt lat="51.4779370" lon="-0.2757390">
    <ele>5.4</ele>
    <time>2026-01-03T10:35:07Z</time>
   </trkpt>
   <trkpt lat="51.4779410" lon="-0.2757290">
    <ele>5.4</ele>
    <time>2026-01-03T10:35:08Z</time>
   </trkpt>
   <trkpt lat="51.4779440" lon="-0.2757180">
    <ele>5.4</ele>
    <time>2026-01-03T10:35:09Z</time>
   </trkpt>
   <trkpt lat="51.4779510" lon="-0.2756960">
    <ele>5.4</ele>
    <time>2026-01-03T10:35:10Z</time>
   </trkpt>
   <trkpt lat="51.4779570" lon="-0.2756780">
    <ele>5.4</ele>
    <time>2026-01-03T10:35:11Z</time>
   </trkpt>
   <trkpt lat="51.4779610" lon="-0.2756620">
    <ele>5.4</ele>
    <time>2026-01-03T10:35:12Z</time>
   </trkpt>
   <trkpt lat="51.4779570" lon="-0.2756490">
    <ele>5.4</ele>
    <time>2026-01-03T10:35:13Z</time>
   </trkpt>
   <trkpt lat="51.4779540" lon="-0.2756410">
    <ele>5.4</ele>
    <time>2026-01-03T10:35:14Z</time>
   </trkpt>
   <trkpt lat="51.4779510" lon="-0.2756230">
    <ele>5.4</ele>
    <time>2026-01-03T10:35:15Z</time>
   </trkpt>
   <trkpt lat="51.4779420" lon="-0.2756140">
    <ele>5.4</ele>
    <time>2026-01-03T10:35:16Z</time>
   </trkpt>
   <trkpt lat="51.4779310" lon="-0.2756090">
    <ele>5.4</ele>
    <time>2026-01-03T10:35:17Z</time>
   </trkpt>
   <trkpt lat="51.4779240" lon="-0.2756080">
    <ele>5.4</ele>
    <time>2026-01-03T10:35:18Z</time>
   </trkpt>
   <trkpt lat="51.4779050" lon="-0.2755990">
    <ele>5.4</ele>
    <time>2026-01-03T10:35:19Z</time>
   </trkpt>
   <trkpt lat="51.4778970" lon="-0.2755950">
    <ele>5.4</ele>
    <time>2026-01-03T10:35:20Z</time>
   </trkpt>
   <trkpt lat="51.4778880" lon="-0.2755900">
    <ele>5.4</ele>
    <time>2026-01-03T10:35:21Z</time>
   </trkpt>
   <trkpt lat="51.4778730" lon="-0.2755760">
    <ele>5.4</ele>
    <time>2026-01-03T10:35:22Z</time>
   </trkpt>
   <trkpt lat="51.4778670" lon="-0.2755690">
    <ele>5.4</ele>
    <time>2026-01-03T10:35:23Z</time>
   </trkpt>
   <trkpt lat="51.4778610" lon="-0.2755610">
    <ele>5.4</ele>
    <time>2026-01-03T10:35:24Z</time>
   </trkpt>
   <trkpt lat="51.4778550" lon="-0.2755540">
    <ele>5.4</ele>
    <time>2026-01-03T10:35:25Z</time>
   </trkpt>
   <trkpt lat="51.4778470" lon="-0.2755490">
    <ele>5.4</ele>
    <time>2026-01-03T10:35:26Z</time>
   </trkpt>
   <trkpt lat="51.4778360" lon="-0.2755360">
    <ele>5.4</ele>
    <time>2026-01-03T10:35:27Z</time>
   </trkpt>
   <trkpt lat="51.4778280" lon="-0.2755300">
    <ele>5.4</ele>
    <time>2026-01-03T10:35:28Z</time>
   </trkpt>
   <trkpt lat="51.4778190" lon="-0.2755230">
    <ele>5.4</ele>
    <time>2026-01-03T10:35:29Z</time>
   </trkpt>
   <trkpt lat="51.4778030" lon="-0.2755150">
    <ele>5.4</ele>
    <time>2026-01-03T10:35:30Z</time>
   </trkpt>
   <trkpt lat="51.4777820" lon="-0.2755070">
    <ele>5.4</ele>
    <time>2026-01-03T10:35:31Z</time>
   </trkpt>
   <trkpt lat="51.4777740" lon="-0.2755030">
    <ele>5.4</ele>
    <time>2026-01-03T10:35:32Z</time>
   </trkpt>
   <trkpt lat="51.4777660" lon="-0.2754990">
    <ele>5.4</ele>
    <time>2026-01-03T10:35:33Z</time>
   </trkpt>
   <trkpt lat="51.4777470" lon="-0.2754870">
    <ele>5.4</ele>
    <time>2026-01-03T10:35:34Z</time>
   </trkpt>
   <trkpt lat="51.4777380" lon="-0.2754850">
    <ele>5.4</ele>
    <time>2026-01-03T10:35:35Z</time>
   </trkpt>
   <trkpt lat="51.4777300" lon="-0.2754820">
    <ele>5.4</ele>
    <time>2026-01-03T10:35:36Z</time>
   </trkpt>
   <trkpt lat="51.4777070" lon="-0.2754660">
    <ele>5.4</ele>
    <time>2026-01-03T10:35:37Z</time>
   </trkpt>
   <trkpt lat="51.4777010" lon="-0.2754650">
    <ele>5.4</ele>
    <time>2026-01-03T10:35:38Z</time>
   </trkpt>
   <trkpt lat="51.4776950" lon="-0.2754640">
    <ele>5.4</ele>
    <time>2026-01-03T10:35:39Z</time>
   </trkpt>
   <trkpt lat="51.4776870" lon="-0.2754570">
    <ele>5.4</ele>
    <time>2026-01-03T10:35:40Z</time>
   </trkpt>
   <trkpt lat="51.4776780" lon="-0.2754480">
    <ele>5.4</ele>
    <time>2026-01-03T10:35:41Z</time>
   </trkpt>
   <trkpt lat="51.4776680" lon="-0.2754430">
    <ele>5.4</ele>
    <time>2026-01-03T10:35:42Z</time>
   </trkpt>
   <trkpt lat="51.4776650" lon="-0.2754420">
    <ele>5.4</ele>
    <time>2026-01-03T10:35:43Z</time>
   </trkpt>
   <trkpt lat="51.4776520" lon="-0.2754360">
    <ele>5.4</ele>
    <time>2026-01-03T10:35:44Z</time>
   </trkpt>
   <trkpt lat="51.4776400" lon="-0.2754250">
    <ele>5.4</ele>
    <time>2026-01-03T10:35:45Z</time>
   </trkpt>
   <trkpt lat="51.4776270" lon="-0.2754200">
    <ele>5.4</ele>
    <time>2026-01-03T10:35:46Z</time>
   </trkpt>
   <trkpt lat="51.4776100" lon="-0.2754170">
    <ele>5.4</ele>
    <time>2026-01-03T10:35:47Z</time>
   </trkpt>
   <trkpt lat="51.4775890" lon="-0.2754170">
    <ele>5.4</ele>
    <time>2026-01-03T10:35:48Z</time>
   </trkpt>
   <trkpt lat="51.4775800" lon="-0.2754140">
    <ele>5.4</ele>
    <time>2026-01-03T10:35:49Z</time>
   </trkpt>
   <trkpt lat="51.4775720" lon="-0.2754120">
    <ele>5.4</ele>
    <time>2026-01-03T10:35:50Z</time>
   </trkpt>
   <trkpt lat="51.4775610" lon="-0.2754060">
    <ele>5.4</ele>
    <time>2026-01-03T10:35:51Z</time>
   </trkpt>
   <trkpt lat="51.4775410" lon="-0.2753950">
    <ele>5.4</ele>
    <time>2026-01-03T10:35:52Z</time>
   </trkpt>
   <trkpt lat="51.4775290" lon="-0.2753950">
    <ele>5.4</ele>
    <time>2026-01-03T10:35:53Z</time>
   </trkpt>
   <trkpt lat="51.4775160" lon="-0.2753930">
    <ele>5.4</ele>
    <time>2026-01-03T10:35:54Z</time>
   </trkpt>
   <trkpt lat="51.4775090" lon="-0.2753850">
    <ele>5.4</ele>
    <time>2026-01-03T10:35:55Z</time>
   </trkpt>
   <trkpt lat="51.4775010" lon="-0.2753800">
    <ele>5.4</ele>
    <time>2026-01-03T10:35:56Z</time>
   </trkpt>
   <trkpt lat="51.4774920" lon="-0.2753660">
    <ele>5.4</ele>
    <time>2026-01-03T10:35:57Z</time>
   </trkpt>
   <trkpt lat="51.4774790" lon="-0.2753560">
    <ele>5.4</ele>
    <time>2026-01-03T10:35:58Z</time>
   </trkpt>
   <trkpt lat="51.4774680" lon="-0.2753440">
    <ele>5.4</ele>
    <time>2026-01-03T10:35:59Z</time>
   </trkpt>
   <trkpt lat="51.4774590" lon="-0.2753420">
    <ele>5.4</ele>
    <time>2026-01-03T10:36:00Z</time>
   </trkpt>
   <trkpt lat="51.4774500" lon="-0.2753400">
    <ele>5.4</ele>
    <time>2026-01-03T10:36:01Z</time>
   </trkpt>
   <trkpt lat="51.4774380" lon="-0.2753270">
    <ele>5.4</ele>
    <time>2026-01-03T10:36:02Z</time>
   </trkpt>
   <trkpt lat="51.4774270" lon="-0.2753140">
    <ele>5.4</ele>
    <time>2026-01-03T10:36:03Z</time>
   </trkpt>
   <trkpt lat="51.4774180" lon="-0.2753050">
    <ele>5.4</ele>
    <time>2026-01-03T10:36:04Z</time>
   </trkpt>
   <trkpt lat="51.4774080" lon="-0.2753040">
    <ele>5.4</ele>
    <time>2026-01-03T10:36:05Z</time>
   </trkpt>
   <trkpt lat="51.4773930" lon="-0.2752990">
    <ele>5.4</ele>
    <time>2026-01-03T10:36:06Z</time>
   </trkpt>
   <trkpt lat="51.4773790" lon="-0.2752890">
    <ele>5.4</ele>
    <time>2026-01-03T10:36:07Z</time>
   </trkpt>
   <trkpt lat="51.4773720" lon="-0.2752800">
    <ele>5.4</ele>
    <time>2026-01-03T10:36:08Z</time>
   </trkpt>
   <trkpt lat="51.4773590" lon="-0.2752770">
    <ele>5.4</ele>
    <time>2026-01-03T10:36:09Z</time>
   </trkpt>
   <trkpt lat="51.4773470" lon="-0.2752750">
    <ele>5.4</ele>
    <time>2026-01-03T10:36:10Z</time>
   </trkpt>
   <trkpt lat="51.4773330" lon="-0.2752640">
    <ele>5.4</ele>
    <time>2026-01-03T10:36:11Z</time>
   </trkpt>
   <trkpt lat="51.4773180" lon="-0.2752540">
    <ele>5.4</ele>
    <time>2026-01-03T10:36:12Z</time>
   </trkpt>
   <trkpt lat="51.4773050" lon="-0.2752460">
    <ele>5.4</ele>
    <time>2026-01-03T10:36:13Z</time>
   </trkpt>
   <trkpt lat="51.4772980" lon="-0.2752370">
    <ele>5.4</ele>
    <time>2026-01-03T10:36:14Z</time>
   </trkpt>
   <trkpt lat="51.4772870" lon="-0.2752300">
    <ele>5.4</ele>
    <time>2026-01-03T10:36:15Z</time>
   </trkpt>
   <trkpt lat="51.4772750" lon="-0.2752210">
    <ele>5.4</ele>
    <time>2026-01-03T10:36:16Z</time>
   </trkpt>
   <trkpt lat="51.4772660" lon="-0.2752120">
    <ele>5.4</ele>
    <time>2026-01-03T10:36:17Z</time>
   </trkpt>
   <trkpt lat="51.4772560" lon="-0.2752060">
    <ele>5.4</ele>
    <time>2026-01-03T10:36:18Z</time>
   </trkpt>
   <trkpt lat="51.4772430" lon="-0.2752030">
    <ele>5.4</ele>
    <time>2026-01-03T10:36:19Z</time>
   </trkpt>
   <trkpt lat="51.4772300" lon="-0.2751970">
    <ele>5.4</ele>
    <time>2026-01-03T10:36:20Z</time>
   </trkpt>
   <trkpt lat="51.4772200" lon="-0.2751920">
    <ele>5.4</ele>
    <time>2026-01-03T10:36:21Z</time>
   </trkpt>
   <trkpt lat="51.4772150" lon="-0.2751880">
    <ele>5.4</ele>
    <time>2026-01-03T10:36:22Z</time>
   </trkpt>
   <trkpt lat="51.4772000" lon="-0.2751820">
    <ele>5.4</ele>
    <time>2026-01-03T10:36:23Z</time>
   </trkpt>
   <trkpt lat="51.4771850" lon="-0.2751690">
    <ele>5.4</ele>
    <time>2026-01-03T10:36:24Z</time>
   </trkpt>
   <trkpt lat="51.4771730" lon="-0.2751650">
    <ele>5.4</ele>
    <time>2026-01-03T10:36:25Z</time>
   </trkpt>
   <trkpt lat="51.4771610" lon="-0.2751630">
    <ele>5.4</ele>
    <time>2026-01-03T10:36:26Z</time>
   </trkpt>
   <trkpt lat="51.4771500" lon="-0.2751640">
    <ele>5.4</ele>
    <time>2026-01-03T10:36:27Z</time>
   </trkpt>
   <trkpt lat="51.4771380" lon="-0.2751580">
    <ele>5.4</ele>
    <time>2026-01-03T10:36:28Z</time>
   </trkpt>
   <trkpt lat="51.4771240" lon="-0.2751480">
    <ele>5.4</ele>
    <time>2026-01-03T10:36:29Z</time>
   </trkpt>
   <trkpt lat="51.4771130" lon="-0.2751440">
    <ele>5.4</ele>
    <time>2026-01-03T10:36:30Z</time>
   </trkpt>
   <trkpt lat="51.4771010" lon="-0.2751410">
    <ele>5.4</ele>
    <time>2026-01-03T10:36:31Z</time>
   </trkpt>
   <trkpt lat="51.4770900" lon="-0.2751330">
    <ele>5.4</ele>
    <time>2026-01-03T10:36:32Z</time>
   </trkpt>
   <trkpt lat="51.4770800" lon="-0.2751300">
    <ele>5.4</ele>
    <time>2026-01-03T10:36:33Z</time>
   </trkpt>
   <trkpt lat="51.4770700" lon="-0.2751200">
    <ele>5.4</ele>
    <time>2026-01-03T10:36:34Z</time>
   </trkpt>
   <trkpt lat="51.4770610" lon="-0.2751120">
    <ele>5.4</ele>
    <time>2026-01-03T10:36:35Z</time>
   </trkpt>
   <trkpt lat="51.4770460" lon="-0.2751070">
    <ele>5.4</ele>
    <time>2026-01-03T10:36:36Z</time>
   </trkpt>
   <trkpt lat="51.4770420" lon="-0.2750960">
    <ele>5.4</ele>
    <time>2026-01-03T10:36:37Z</time>
   </trkpt>
   <trkpt lat="51.4770320" lon="-0.2750910">
    <ele>5.4</ele>
    <time>2026-01-03T10:36:38Z</time>
   </trkpt>
   <trkpt lat="51.4770110" lon="-0.2750810">
    <ele>5.4</ele>
    <time>2026-01-03T10:36:39Z</time>
   </trkpt>
   <trkpt lat="51.4770000" lon="-0.2750770">
    <ele>5.4</ele>
    <time>2026-01-03T10:36:40Z</time>
   </trkpt>
   <trkpt lat="51.4769890" lon="-0.2750720">
    <ele>5.4</ele>
    <time>2026-01-03T10:36:41Z</time>
   </trkpt>
   <trkpt lat="51.4769760" lon="-0.2750700">
    <ele>5.4</ele>
    <time>2026-01-03T10:36:42Z</time>
   </trkpt>
   <trkpt lat="51.4769610" lon="-0.2750560">
    <ele>5.4</ele>
    <time>2026-01-03T10:36:43Z</time>
   </trkpt>
   <trkpt lat="51.4769510" lon="-0.2750470">
    <ele>5.4</ele>
    <time>2026-01-03T10:36:44Z</time>
   </trkpt>
   <trkpt lat="51.4769410" lon="-0.2750360">
    <ele>5.4</ele>
    <time>2026-01-03T10:36:45Z</time>
   </trkpt>
   <trkpt lat="51.4769310" lon="-0.2750360">
    <ele>5.4</ele>
    <time>2026-01-03T10:36:46Z</time>
   </trkpt>
   <trkpt lat="51.4769160" lon="-0.2750340">
    <ele>5.4</ele>
    <time>2026-01-03T10:36:47Z</time>
   </trkpt>
   <trkpt lat="51.4769000" lon="-0.2750200">
    <ele>5.4</ele>
    <time>2026-01-03T10:36:48Z</time>
   </trkpt>
   <trkpt lat="51.4768870" lon="-0.2750150">
    <ele>5.4</ele>
    <time>2026-01-03T10:36:49Z</time>
   </trkpt>
   <trkpt lat="51.4768790" lon="-0.2750050">
    <ele>5.4</ele>
    <time>2026-01-03T10:36:50Z</time>
   </trkpt>
   <trkpt lat="51.4768680" lon="-0.2750060">
    <ele>5.4</ele>
    <time>2026-01-03T10:36:51Z</time>
   </trkpt>
   <trkpt lat="51.4768570" lon="-0.2749930">
    <ele>5.4</ele>
    <time>2026-01-03T10:36:52Z</time>
   </trkpt>
   <trkpt lat="51.4768450" lon="-0.2749840">
    <ele>5.4</ele>
    <time>2026-01-03T10:36:53Z</time>
   </trkpt>
   <trkpt lat="51.4768280" lon="-0.2749690">
    <ele>5.4</ele>
    <time>2026-01-03T10:36:54Z</time>
   </trkpt>
   <trkpt lat="51.4768190" lon="-0.2749630">
    <ele>5.4</ele>
    <time>2026-01-03T10:36:55Z</time>
   </trkpt>
   <trkpt lat="51.4768110" lon="-0.2749580">
    <ele>5.4</ele>
    <time>2026-01-03T10:36:56Z</time>
   </trkpt>
   <trkpt lat="51.4768010" lon="-0.2749470">
    <ele>5.4</ele>
    <time>2026-01-03T10:36:57Z</time>
   </trkpt>
   <trkpt lat="51.4767880" lon="-0.2749340">
    <ele>5.4</ele>
    <time>2026-01-03T10:36:58Z</time>
   </trkpt>
   <trkpt lat="51.4767690" lon="-0.2749260">
    <ele>5.4</ele>
    <time>2026-01-03T10:36:59Z</time>
   </trkpt>
   <trkpt lat="51.4767600" lon="-0.2749240">
    <ele>5.4</ele>
    <time>2026-01-03T10:37:00Z</time>
   </trkpt>
   <trkpt lat="51.4767500" lon="-0.2749220">
    <ele>5.4</ele>
    <time>2026-01-03T10:37:01Z</time>
   </trkpt>
   <trkpt lat="51.4767340" lon="-0.2749140">
    <ele>5.4</ele>
    <time>2026-01-03T10:37:02Z</time>
   </trkpt>
   <trkpt lat="51.4767250" lon="-0.2749050">
    <ele>5.4</ele>
    <time>2026-01-03T10:37:03Z</time>
   </trkpt>
   <trkpt lat="51.4767030" lon="-0.2748970">
    <ele>5.4</ele>
    <time>2026-01-03T10:37:04Z</time>
   </trkpt>
   <trkpt lat="51.4766950" lon="-0.2748920">
    <ele>5.4</ele>
    <time>2026-01-03T10:37:05Z</time>
   </trkpt>
   <trkpt lat="51.4766860" lon="-0.2748880">
    <ele>5.4</ele>
    <time>2026-01-03T10:37:06Z</time>
   </trkpt>
   <trkpt lat="51.4766810" lon="-0.2748830">
    <ele>5.3</ele>
    <time>2026-01-03T10:37:07Z</time>
   </trkpt>
   <trkpt lat="51.4766710" lon="-0.2748740">
    <ele>5.3</ele>
    <time>2026-01-03T10:37:08Z</time>
   </trkpt>
   <trkpt lat="51.4766580" lon="-0.2748640">
    <ele>5.3</ele>
    <time>2026-01-03T10:37:09Z</time>
   </trkpt>
   <trkpt lat="51.4766400" lon="-0.2748440">
    <ele>5.3</ele>
    <time>2026-01-03T10:37:10Z</time>
   </trkpt>
   <trkpt lat="51.4766310" lon="-0.2748360">
    <ele>5.3</ele>
    <time>2026-01-03T10:37:11Z</time>
   </trkpt>
   <trkpt lat="51.4766230" lon="-0.2748280">
    <ele>5.3</ele>
    <time>2026-01-03T10:37:12Z</time>
   </trkpt>
   <trkpt lat="51.4766130" lon="-0.2748170">
    <ele>5.3</ele>
    <time>2026-01-03T10:37:13Z</time>
   </trkpt>
   <trkpt lat="51.4766040" lon="-0.2748100">
    <ele>5.3</ele>
    <time>2026-01-03T10:37:14Z</time>
   </trkpt>
   <trkpt lat="51.4765940" lon="-0.2748010">
    <ele>5.3</ele>
    <time>2026-01-03T10:37:15Z</time>
   </trkpt>
   <trkpt lat="51.4765810" lon="-0.2747880">
    <ele>5.3</ele>
    <time>2026-01-03T10:37:16Z</time>
   </trkpt>
   <trkpt lat="51.4765670" lon="-0.2747810">
    <ele>5.3</ele>
    <time>2026-01-03T10:37:17Z</time>
   </trkpt>
   <trkpt lat="51.4765490" lon="-0.2747730">
    <ele>5.3</ele>
    <time>2026-01-03T10:37:18Z</time>
   </trkpt>
   <trkpt lat="51.4765400" lon="-0.2747670">
    <ele>5.3</ele>
    <time>2026-01-03T10:37:19Z</time>
   </trkpt>
   <trkpt lat="51.4765310" lon="-0.2747620">
    <ele>5.3</ele>
    <time>2026-01-03T10:37:20Z</time>
   </trkpt>
   <trkpt lat="51.4765240" lon="-0.2747560">
    <ele>5.3</ele>
    <time>2026-01-03T10:37:21Z</time>
   </trkpt>
   <trkpt lat="51.4765090" lon="-0.2747470">
    <ele>5.3</ele>
    <time>2026-01-03T10:37:22Z</time>
   </trkpt>
   <trkpt lat="51.4764960" lon="-0.2747430">
    <ele>5.3</ele>
    <time>2026-01-03T10:37:23Z</time>
   </trkpt>
   <trkpt lat="51.4764850" lon="-0.2747420">
    <ele>5.3</ele>
    <time>2026-01-03T10:37:24Z</time>
   </trkpt>
   <trkpt lat="51.4764750" lon="-0.2747350">
    <ele>5.3</ele>
    <time>2026-01-03T10:37:25Z</time>
   </trkpt>
   <trkpt lat="51.4764630" lon="-0.2747250">
    <ele>5.3</ele>
    <time>2026-01-03T10:37:26Z</time>
   </trkpt>
   <trkpt lat="51.4764500" lon="-0.2747230">
    <ele>5.3</ele>
    <time>2026-01-03T10:37:27Z</time>
   </trkpt>
   <trkpt lat="51.4764410" lon="-0.2747170">
    <ele>5.3</ele>
    <time>2026-01-03T10:37:28Z</time>
   </trkpt>
   <trkpt lat="51.4764280" lon="-0.2747180">
    <ele>5.3</ele>
    <time>2026-01-03T10:37:29Z</time>
   </trkpt>
   <trkpt lat="51.4764140" lon="-0.2747110">
    <ele>5.3</ele>
    <time>2026-01-03T10:37:30Z</time>
   </trkpt>
   <trkpt lat="51.4763970" lon="-0.2746970">
    <ele>5.3</ele>
    <time>2026-01-03T10:37:31Z</time>
   </trkpt>
   <trkpt lat="51.4763800" lon="-0.2746920">
    <ele>5.3</ele>
    <time>2026-01-03T10:37:32Z</time>
   </trkpt>
   <trkpt lat="51.4763730" lon="-0.2746900">
    <ele>5.3</ele>
    <time>2026-01-03T10:37:33Z</time>
   </trkpt>
   <trkpt lat="51.4763660" lon="-0.2746890">
    <ele>5.3</ele>
    <time>2026-01-03T10:37:34Z</time>
   </trkpt>
   <trkpt lat="51.4763590" lon="-0.2746870">
    <ele>5.3</ele>
    <time>2026-01-03T10:37:35Z</time>
   </trkpt>
   <trkpt lat="51.4763410" lon="-0.2746710">
    <ele>5.3</ele>
    <time>2026-01-03T10:37:36Z</time>
   </trkpt>
   <trkpt lat="51.4763320" lon="-0.2746640">
    <ele>5.3</ele>
    <time>2026-01-03T10:37:37Z</time>
   </trkpt>
   <trkpt lat="51.4763230" lon="-0.2746570">
    <ele>5.3</ele>
    <time>2026-01-03T10:37:38Z</time>
   </trkpt>
   <trkpt lat="51.4763110" lon="-0.2746490">
    <ele>5.2</ele>
    <time>2026-01-03T10:37:39Z</time>
   </trkpt>
   <trkpt lat="51.4762970" lon="-0.2746360">
    <ele>5.2</ele>
    <time>2026-01-03T10:37:40Z</time>
   </trkpt>
   <trkpt lat="51.4762840" lon="-0.2746200">
    <ele>5.2</ele>
    <time>2026-01-03T10:37:41Z</time>
   </trkpt>
   <trkpt lat="51.4762730" lon="-0.2746070">
    <ele>5.2</ele>
    <time>2026-01-03T10:37:43Z</time>
   </trkpt>
   <trkpt lat="51.4762590" lon="-0.2745970">
    <ele>5.2</ele>
    <time>2026-01-03T10:37:44Z</time>
   </trkpt>
   <trkpt lat="51.4762440" lon="-0.2745780">
    <ele>5.2</ele>
    <time>2026-01-03T10:37:45Z</time>
   </trkpt>
   <trkpt lat="51.4762270" lon="-0.2745600">
    <ele>5.2</ele>
    <time>2026-01-03T10:37:46Z</time>
   </trkpt>
   <trkpt lat="51.4762200" lon="-0.2745530">
    <ele>5.2</ele>
    <time>2026-01-03T10:37:47Z</time>
   </trkpt>
   <trkpt lat="51.4762130" lon="-0.2745450">
    <ele>5.2</ele>
    <time>2026-01-03T10:37:48Z</time>
   </trkpt>
   <trkpt lat="51.4762070" lon="-0.2745380">
    <ele>5.2</ele>
    <time>2026-01-03T10:37:49Z</time>
   </trkpt>
   <trkpt lat="51.4761980" lon="-0.2745290">
    <ele>5.2</ele>
    <time>2026-01-03T10:37:50Z</time>
   </trkpt>
   <trkpt lat="51.4761880" lon="-0.2745150">
    <ele>5.2</ele>
    <time>2026-01-03T10:37:51Z</time>
   </trkpt>
   <trkpt lat="51.4761750" lon="-0.2745040">
    <ele>5.2</ele>
    <time>2026-01-03T10:37:52Z</time>
   </trkpt>
   <trkpt lat="51.4761650" lon="-0.2745020">
    <ele>5.2</ele>
    <time>2026-01-03T10:37:53Z</time>
   </trkpt>
   <trkpt lat="51.4761540" lon="-0.2744990">
    <ele>5.2</ele>
    <time>2026-01-03T10:37:54Z</time>
   </trkpt>
   <trkpt lat="51.4761440" lon="-0.2744930">
    <ele>5.2</ele>
    <time>2026-01-03T10:37:55Z</time>
   </trkpt>
   <trkpt lat="51.4761340" lon="-0.2744840">
    <ele>5.2</ele>
    <time>2026-01-03T10:37:56Z</time>
   </trkpt>
   <trkpt lat="51.4761200" lon="-0.2744790">
    <ele>5.2</ele>
    <time>2026-01-03T10:37:57Z</time>
   </trkpt>
   <trkpt lat="51.4761050" lon="-0.2744710">
    <ele>5.2</ele>
    <time>2026-01-03T10:37:58Z</time>
   </trkpt>
   <trkpt lat="51.4760910" lon="-0.2744630">
    <ele>5.2</ele>
    <time>2026-01-03T10:37:59Z</time>
   </trkpt>
   <trkpt lat="51.4760870" lon="-0.2744620">
    <ele>5.2</ele>
    <time>2026-01-03T10:38:00Z</time>
   </trkpt>
   <trkpt lat="51.4760700" lon="-0.2744480">
    <ele>5.2</ele>
    <time>2026-01-03T10:38:01Z</time>
   </trkpt>
   <trkpt lat="51.4760580" lon="-0.2744450">
    <ele>5.2</ele>
    <time>2026-01-03T10:38:02Z</time>
   </trkpt>
   <trkpt lat="51.4760450" lon="-0.2744300">
    <ele>5.2</ele>
    <time>2026-01-03T10:38:03Z</time>
   </trkpt>
   <trkpt lat="51.4760300" lon="-0.2744170">
    <ele>5.2</ele>
    <time>2026-01-03T10:38:04Z</time>
   </trkpt>
   <trkpt lat="51.4760200" lon="-0.2744040">
    <ele>5.2</ele>
    <time>2026-01-03T10:38:05Z</time>
   </trkpt>
   <trkpt lat="51.4760070" lon="-0.2743910">
    <ele>5.2</ele>
    <time>2026-01-03T10:38:06Z</time>
   </trkpt>
   <trkpt lat="51.4759990" lon="-0.2743870">
    <ele>5.2</ele>
    <time>2026-01-03T10:38:07Z</time>
   </trkpt>
   <trkpt lat="51.4759890" lon="-0.2743820">
    <ele>5.2</ele>
    <time>2026-01-03T10:38:08Z</time>
   </trkpt>
   <trkpt lat="51.4759810" lon="-0.2743740">
    <ele>5.2</ele>
    <time>2026-01-03T10:38:09Z</time>
   </trkpt>
   <trkpt lat="51.4759740" lon="-0.2743700">
    <ele>5.2</ele>
    <time>2026-01-03T10:38:10Z</time>
   </trkpt>
   <trkpt lat="51.4759490" lon="-0.2743590">
    <ele>5.2</ele>
    <time>2026-01-03T10:38:11Z</time>
   </trkpt>
   <trkpt lat="51.4759300" lon="-0.2743450">
    <ele>5.2</ele>
    <time>2026-01-03T10:38:12Z</time>
   </trkpt>
   <trkpt lat="51.4759220" lon="-0.2743400">
    <ele>5.2</ele>
    <time>2026-01-03T10:38:13Z</time>
   </trkpt>
   <trkpt lat="51.4759140" lon="-0.2743340">
    <ele>5.2</ele>
    <time>2026-01-03T10:38:14Z</time>
   </trkpt>
   <trkpt lat="51.4759030" lon="-0.2743220">
    <ele>5.2</ele>
    <time>2026-01-03T10:38:15Z</time>
   </trkpt>
   <trkpt lat="51.4758890" lon="-0.2743170">
    <ele>5.2</ele>
    <time>2026-01-03T10:38:16Z</time>
   </trkpt>
   <trkpt lat="51.4758840" lon="-0.2743100">
    <ele>5.2</ele>
    <time>2026-01-03T10:38:17Z</time>
   </trkpt>
   <trkpt lat="51.4758760" lon="-0.2742960">
    <ele>5.2</ele>
    <time>2026-01-03T10:38:18Z</time>
   </trkpt>
   <trkpt lat="51.4758630" lon="-0.2742830">
    <ele>5.2</ele>
    <time>2026-01-03T10:38:19Z</time>
   </trkpt>
   <trkpt lat="51.4758470" lon="-0.2742790">
    <ele>5.2</ele>
    <time>2026-01-03T10:38:20Z</time>
   </trkpt>
   <trkpt lat="51.4758310" lon="-0.2742670">
    <ele>5.2</ele>
    <time>2026-01-03T10:38:21Z</time>
   </trkpt>
   <trkpt lat="51.4758150" lon="-0.2742470">
    <ele>5.2</ele>
    <time>2026-01-03T10:38:22Z</time>
   </trkpt>
   <trkpt lat="51.4758060" lon="-0.2742390">
    <ele>5.2</ele>
    <time>2026-01-03T10:38:23Z</time>
   </trkpt>
   <trkpt lat="51.4757980" lon="-0.2742300">
    <ele>5.2</ele>
    <time>2026-01-03T10:38:24Z</time>
   </trkpt>
   <trkpt lat="51.4757880" lon="-0.2742250">
    <ele>5.2</ele>
    <time>2026-01-03T10:38:25Z</time>
   </trkpt>
   <trkpt lat="51.4757730" lon="-0.2742050">
    <ele>5.2</ele>
    <time>2026-01-03T10:38:26Z</time>
   </trkpt>
   <trkpt lat="51.4757530" lon="-0.2742000">
    <ele>5.2</ele>
    <time>2026-01-03T10:38:27Z</time>
   </trkpt>
   <trkpt lat="51.4757450" lon="-0.2741920">
    <ele>5.2</ele>
    <time>2026-01-03T10:38:28Z</time>
   </trkpt>
   <trkpt lat="51.4757360" lon="-0.2741850">
    <ele>5.2</ele>
    <time>2026-01-03T10:38:29Z</time>
   </trkpt>
   <trkpt lat="51.4757280" lon="-0.2741850">
    <ele>5.2</ele>
    <time>2026-01-03T10:38:30Z</time>
   </trkpt>
   <trkpt lat="51.4757170" lon="-0.2741790">
    <ele>5.2</ele>
    <time>2026-01-03T10:38:31Z</time>
   </trkpt>
   <trkpt lat="51.4757060" lon="-0.2741770">
    <ele>5.2</ele>
    <time>2026-01-03T10:38:32Z</time>
   </trkpt>
   <trkpt lat="51.4756970" lon="-0.2741720">
    <ele>5.2</ele>
    <time>2026-01-03T10:38:33Z</time>
   </trkpt>
   <trkpt lat="51.4756880" lon="-0.2741630">
    <ele>5.2</ele>
    <time>2026-01-03T10:38:34Z</time>
   </trkpt>
   <trkpt lat="51.4756780" lon="-0.2741570">
    <ele>5.2</ele>
    <time>2026-01-03T10:38:35Z</time>
   </trkpt>
   <trkpt lat="51.4756670" lon="-0.2741410">
    <ele>5.2</ele>
    <time>2026-01-03T10:38:36Z</time>
   </trkpt>
   <trkpt lat="51.4756570" lon="-0.2741340">
    <ele>5.2</ele>
    <time>2026-01-03T10:38:37Z</time>
   </trkpt>
   <trkpt lat="51.4756490" lon="-0.2741220">
    <ele>5.2</ele>
    <time>2026-01-03T10:38:38Z</time>
   </trkpt>
   <trkpt lat="51.4756370" lon="-0.2741100">
    <ele>5.2</ele>
    <time>2026-01-03T10:38:39Z</time>
   </trkpt>
   <trkpt lat="51.4756260" lon="-0.2740920">
    <ele>5.2</ele>
    <time>2026-01-03T10:38:40Z</time>
   </trkpt>
   <trkpt lat="51.4756140" lon="-0.2740860">
    <ele>5.2</ele>
    <time>2026-01-03T10:38:41Z</time>
   </trkpt>
   <trkpt lat="51.4756000" lon="-0.2740750">
    <ele>5.2</ele>
    <time>2026-01-03T10:38:42Z</time>
   </trkpt>
   <trkpt lat="51.4755820" lon="-0.2740610">
    <ele>5.2</ele>
    <time>2026-01-03T10:38:43Z</time>
   </trkpt>
   <trkpt lat="51.4755740" lon="-0.2740560">
    <ele>5.2</ele>
    <time>2026-01-03T10:38:44Z</time>
   </trkpt>
   <trkpt lat="51.4755660" lon="-0.2740500">
    <ele>5.2</ele>
    <time>2026-01-03T10:38:45Z</time>
   </trkpt>
   <trkpt lat="51.4755540" lon="-0.2740440">
    <ele>5.2</ele>
    <time>2026-01-03T10:38:46Z</time>
   </trkpt>
   <trkpt lat="51.4755440" lon="-0.2740280">
    <ele>5.2</ele>
    <time>2026-01-03T10:38:47Z</time>
   </trkpt>
   <trkpt lat="51.4755350" lon="-0.2740180">
    <ele>5.2</ele>
    <time>2026-01-03T10:38:48Z</time>
   </trkpt>
   <trkpt lat="51.4755150" lon="-0.2739990">
    <ele>5.2</ele>
    <time>2026-01-03T10:38:49Z</time>
   </trkpt>
   <trkpt lat="51.4755070" lon="-0.2739910">
    <ele>5.2</ele>
    <time>2026-01-03T10:38:50Z</time>
   </trkpt>
   <trkpt lat="51.4754980" lon="-0.2739830">
    <ele>5.2</ele>
    <time>2026-01-03T10:38:51Z</time>
   </trkpt>
   <trkpt lat="51.4754840" lon="-0.2739740">
    <ele>5.2</ele>
    <time>2026-01-03T10:38:52Z</time>
   </trkpt>
   <trkpt lat="51.4754740" lon="-0.2739700">
    <ele>5.2</ele>
    <time>2026-01-03T10:38:53Z</time>
   </trkpt>
   <trkpt lat="51.4754660" lon="-0.2739630">
    <ele>5.2</ele>
    <time>2026-01-03T10:38:54Z</time>
   </trkpt>
   <trkpt lat="51.4754520" lon="-0.2739540">
    <ele>5.2</ele>
    <time>2026-01-03T10:38:55Z</time>
   </trkpt>
   <trkpt lat="51.4754410" lon="-0.2739400">
    <ele>5.2</ele>
    <time>2026-01-03T10:38:56Z</time>
   </trkpt>
   <trkpt lat="51.4754300" lon="-0.2739340">
    <ele>5.2</ele>
    <time>2026-01-03T10:38:57Z</time>
   </trkpt>
   <trkpt lat="51.4754210" lon="-0.2739240">
    <ele>5.2</ele>
    <time>2026-01-03T10:38:58Z</time>
   </trkpt>
   <trkpt lat="51.4754060" lon="-0.2739210">
    <ele>5.2</ele>
    <time>2026-01-03T10:38:59Z</time>
   </trkpt>
   <trkpt lat="51.4753920" lon="-0.2739210">
    <ele>5.2</ele>
    <time>2026-01-03T10:39:00Z</time>
   </trkpt>
   <trkpt lat="51.4753810" lon="-0.2739130">
    <ele>5.2</ele>
    <time>2026-01-03T10:39:01Z</time>
   </trkpt>
   <trkpt lat="51.4753730" lon="-0.2739030">
    <ele>5.2</ele>
    <time>2026-01-03T10:39:02Z</time>
   </trkpt>
   <trkpt lat="51.4753580" lon="-0.2738890">
    <ele>5.2</ele>
    <time>2026-01-03T10:39:03Z</time>
   </trkpt>
   <trkpt lat="51.4753440" lon="-0.2738820">
    <ele>5.2</ele>
    <time>2026-01-03T10:39:04Z</time>
   </trkpt>
   <trkpt lat="51.4753350" lon="-0.2738680">
    <ele>5.2</ele>
    <time>2026-01-03T10:39:05Z</time>
   </trkpt>
   <trkpt lat="51.4753230" lon="-0.2738530">
    <ele>5.2</ele>
    <time>2026-01-03T10:39:06Z</time>
   </trkpt>
   <trkpt lat="51.4753040" lon="-0.2738390">
    <ele>5.2</ele>
    <time>2026-01-03T10:39:07Z</time>
   </trkpt>
   <trkpt lat="51.4752970" lon="-0.2738320">
    <ele>5.2</ele>
    <time>2026-01-03T10:39:08Z</time>
   </trkpt>
   <trkpt lat="51.4752900" lon="-0.2738250">
    <ele>5.2</ele>
    <time>2026-01-03T10:39:09Z</time>
   </trkpt>
   <trkpt lat="51.4752760" lon="-0.2738100">
    <ele>5.2</ele>
    <time>2026-01-03T10:39:10Z</time>
   </trkpt>
   <trkpt lat="51.4752640" lon="-0.2737990">
    <ele>5.2</ele>
    <time>2026-01-03T10:39:11Z</time>
   </trkpt>
   <trkpt lat="51.4752480" lon="-0.2737900">
    <ele>5.2</ele>
    <time>2026-01-03T10:39:12Z</time>
   </trkpt>
   <trkpt lat="51.4752320" lon="-0.2737870">
    <ele>5.2</ele>
    <time>2026-01-03T10:39:13Z</time>
   </trkpt>
   <trkpt lat="51.4752110" lon="-0.2737680">
    <ele>5.2</ele>
    <time>2026-01-03T10:39:14Z</time>
   </trkpt>
   <trkpt lat="51.4752040" lon="-0.2737650">
    <ele>5.2</ele>
    <time>2026-01-03T10:39:15Z</time>
   </trkpt>
   <trkpt lat="51.4751970" lon="-0.2737610">
    <ele>5.2</ele>
    <time>2026-01-03T10:39:16Z</time>
   </trkpt>
   <trkpt lat="51.4751860" lon="-0.2737560">
    <ele>5.2</ele>
    <time>2026-01-03T10:39:17Z</time>
   </trkpt>
   <trkpt lat="51.4751760" lon="-0.2737460">
    <ele>5.2</ele>
    <time>2026-01-03T10:39:18Z</time>
   </trkpt>
   <trkpt lat="51.4751650" lon="-0.2737370">
    <ele>5.2</ele>
    <time>2026-01-03T10:39:19Z</time>
   </trkpt>
   <trkpt lat="51.4751430" lon="-0.2737210">
    <ele>5.2</ele>
    <time>2026-01-03T10:39:20Z</time>
   </trkpt>
   <trkpt lat="51.4751360" lon="-0.2737110">
    <ele>5.2</ele>
    <time>2026-01-03T10:39:21Z</time>
   </trkpt>
   <trkpt lat="51.4751280" lon="-0.2737020">
    <ele>5.2</ele>
    <time>2026-01-03T10:39:22Z</time>
   </trkpt>
   <trkpt lat="51.4751170" lon="-0.2736880">
    <ele>5.2</ele>
    <time>2026-01-03T10:39:23Z</time>
   </trkpt>
   <trkpt lat="51.4751090" lon="-0.2736730">
    <ele>5.2</ele>
    <time>2026-01-03T10:39:24Z</time>
   </trkpt>
   <trkpt lat="51.4751030" lon="-0.2736620">
    <ele>5.2</ele>
    <time>2026-01-03T10:39:25Z</time>
   </trkpt>
   <trkpt lat="51.4750830" lon="-0.2736480">
    <ele>5.2</ele>
    <time>2026-01-03T10:39:26Z</time>
   </trkpt>
   <trkpt lat="51.4750760" lon="-0.2736430">
    <ele>5.2</ele>
    <time>2026-01-03T10:39:27Z</time>
   </trkpt>
   <trkpt lat="51.4750690" lon="-0.2736380">
    <ele>5.2</ele>
    <time>2026-01-03T10:39:28Z</time>
   </trkpt>
   <trkpt lat="51.4750580" lon="-0.2736390">
    <ele>5.2</ele>
    <time>2026-01-03T10:39:29Z</time>
   </trkpt>
   <trkpt lat="51.4750480" lon="-0.2736320">
    <ele>5.2</ele>
    <time>2026-01-03T10:39:30Z</time>
   </trkpt>
   <trkpt lat="51.4750340" lon="-0.2736200">
    <ele>5.3</ele>
    <time>2026-01-03T10:39:31Z</time>
   </trkpt>
   <trkpt lat="51.4750260" lon="-0.2736140">
    <ele>5.3</ele>
    <time>2026-01-03T10:39:32Z</time>
   </trkpt>
   <trkpt lat="51.4750140" lon="-0.2736020">
    <ele>5.3</ele>
    <time>2026-01-03T10:39:33Z</time>
   </trkpt>
   <trkpt lat="51.4750020" lon="-0.2735960">
    <ele>5.3</ele>
    <time>2026-01-03T10:39:34Z</time>
   </trkpt>
   <trkpt lat="51.4749850" lon="-0.2735820">
    <ele>5.3</ele>
    <time>2026-01-03T10:39:35Z</time>
   </trkpt>
   <trkpt lat="51.4749810" lon="-0.2735780">
    <ele>5.3</ele>
    <time>2026-01-03T10:39:36Z</time>
   </trkpt>
   <trkpt lat="51.4749720" lon="-0.2735700">
    <ele>5.3</ele>
    <time>2026-01-03T10:39:37Z</time>
   </trkpt>
   <trkpt lat="51.4749610" lon="-0.2735580">
    <ele>5.3</ele>
    <time>2026-01-03T10:39:38Z</time>
   </trkpt>
   <trkpt lat="51.4749470" lon="-0.2735480">
    <ele>5.3</ele>
    <time>2026-01-03T10:39:39Z</time>
   </trkpt>
   <trkpt lat="51.4749380" lon="-0.2735370">
    <ele>5.3</ele>
    <time>2026-01-03T10:39:40Z</time>
   </trkpt>
   <trkpt lat="51.4749320" lon="-0.2735280">
    <ele>5.3</ele>
    <time>2026-01-03T10:39:41Z</time>
   </trkpt>
   <trkpt lat="51.4749180" lon="-0.2735150">
    <ele>5.3</ele>
    <time>2026-01-03T10:39:42Z</time>
   </trkpt>
   <trkpt lat="51.4749020" lon="-0.2735030">
    <ele>5.3</ele>
    <time>2026-01-03T10:39:43Z</time>
   </trkpt>
   <trkpt lat="51.4748890" lon="-0.2734970">
    <ele>5.3</ele>
    <time>2026-01-03T10:39:44Z</time>
   </trkpt>
   <trkpt lat="51.4748750" lon="-0.2734860">
    <ele>5.3</ele>
    <time>2026-01-03T10:39:45Z</time>
   </trkpt>
   <trkpt lat="51.4748680" lon="-0.2734720">
    <ele>5.3</ele>
    <time>2026-01-03T10:39:46Z</time>
   </trkpt>
   <trkpt lat="51.4748580" lon="-0.2734650">
    <ele>5.3</ele>
    <time>2026-01-03T10:39:47Z</time>
   </trkpt>
   <trkpt lat="51.4748450" lon="-0.2734640">
    <ele>5.3</ele>
    <time>2026-01-03T10:39:49Z</time>
   </trkpt>
   <trkpt lat="51.4748350" lon="-0.2734520">
    <ele>5.3</ele>
    <time>2026-01-03T10:39:50Z</time>
   </trkpt>
   <trkpt lat="51.4748280" lon="-0.2734390">
    <ele>5.3</ele>
    <time>2026-01-03T10:39:51Z</time>
   </trkpt>
   <trkpt lat="51.4748120" lon="-0.2734370">
    <ele>5.3</ele>
    <time>2026-01-03T10:39:52Z</time>
   </trkpt>
   <trkpt lat="51.4747950" lon="-0.2734260">
    <ele>5.3</ele>
    <time>2026-01-03T10:39:53Z</time>
   </trkpt>
   <trkpt lat="51.4747880" lon="-0.2734120">
    <ele>5.2</ele>
    <time>2026-01-03T10:39:54Z</time>
   </trkpt>
   <trkpt lat="51.4747750" lon="-0.2733960">
    <ele>5.2</ele>
    <time>2026-01-03T10:39:55Z</time>
   </trkpt>
   <trkpt lat="51.4747590" lon="-0.2733860">
    <ele>5.2</ele>
    <time>2026-01-03T10:39:56Z</time>
   </trkpt>
   <trkpt lat="51.4747490" lon="-0.2733810">
    <ele>5.2</ele>
    <time>2026-01-03T10:39:57Z</time>
   </trkpt>
   <trkpt lat="51.4747400" lon="-0.2733750">
    <ele>5.2</ele>
    <time>2026-01-03T10:39:58Z</time>
   </trkpt>
   <trkpt lat="51.4747310" lon="-0.2733600">
    <ele>5.2</ele>
    <time>2026-01-03T10:39:59Z</time>
   </trkpt>
   <trkpt lat="51.4747200" lon="-0.2733410">
    <ele>5.2</ele>
    <time>2026-01-03T10:40:00Z</time>
   </trkpt>
   <trkpt lat="51.4747030" lon="-0.2733210">
    <ele>5.2</ele>
    <time>2026-01-03T10:40:01Z</time>
   </trkpt>
   <trkpt lat="51.4746940" lon="-0.2733130">
    <ele>5.2</ele>
    <time>2026-01-03T10:40:02Z</time>
   </trkpt>
   <trkpt lat="51.4746840" lon="-0.2733060">
    <ele>5.2</ele>
    <time>2026-01-03T10:40:03Z</time>
   </trkpt>
   <trkpt lat="51.4746660" lon="-0.2732990">
    <ele>5.2</ele>
    <time>2026-01-03T10:40:04Z</time>
   </trkpt>
   <trkpt lat="51.4746570" lon="-0.2732910">
    <ele>5.2</ele>
    <time>2026-01-03T10:40:05Z</time>
   </trkpt>
   <trkpt lat="51.4746480" lon="-0.2732840">
    <ele>5.2</ele>
    <time>2026-01-03T10:40:06Z</time>
   </trkpt>
   <trkpt lat="51.4746320" lon="-0.2732690">
    <ele>5.2</ele>
    <time>2026-01-03T10:40:07Z</time>
   </trkpt>
   <trkpt lat="51.4746250" lon="-0.2732580">
    <ele>5.2</ele>
    <time>2026-01-03T10:40:08Z</time>
   </trkpt>
   <trkpt lat="51.4746180" lon="-0.2732480">
    <ele>5.1</ele>
    <time>2026-01-03T10:40:09Z</time>
   </trkpt>
   <trkpt lat="51.4745980" lon="-0.2732270">
    <ele>5.1</ele>
    <time>2026-01-03T10:40:10Z</time>
   </trkpt>
   <trkpt lat="51.4745900" lon="-0.2732170">
    <ele>5.1</ele>
    <time>2026-01-03T10:40:11Z</time>
   </trkpt>
   <trkpt lat="51.4745810" lon="-0.2732080">
    <ele>5.1</ele>
    <time>2026-01-03T10:40:12Z</time>
   </trkpt>
   <trkpt lat="51.4745750" lon="-0.2732050">
    <ele>5.1</ele>
    <time>2026-01-03T10:40:13Z</time>
   </trkpt>
   <trkpt lat="51.4745590" lon="-0.2731870">
    <ele>5.1</ele>
    <time>2026-01-03T10:40:14Z</time>
   </trkpt>
   <trkpt lat="51.4745510" lon="-0.2731750">
    <ele>5.1</ele>
    <time>2026-01-03T10:40:15Z</time>
   </trkpt>
   <trkpt lat="51.4745350" lon="-0.2731540">
    <ele>5.0</ele>
    <time>2026-01-03T10:40:16Z</time>
   </trkpt>
   <trkpt lat="51.4745280" lon="-0.2731460">
    <ele>5.0</ele>
    <time>2026-01-03T10:40:17Z</time>
   </trkpt>
   <trkpt lat="51.4745220" lon="-0.2731370">
    <ele>5.0</ele>
    <time>2026-01-03T10:40:18Z</time>
   </trkpt>
   <trkpt lat="51.4745120" lon="-0.2731280">
    <ele>5.0</ele>
    <time>2026-01-03T10:40:19Z</time>
   </trkpt>
   <trkpt lat="51.4745030" lon="-0.2731240">
    <ele>5.0</ele>
    <time>2026-01-03T10:40:20Z</time>
   </trkpt>
   <trkpt lat="51.4744920" lon="-0.2731180">
    <ele>5.0</ele>
    <time>2026-01-03T10:40:21Z</time>
   </trkpt>
   <trkpt lat="51.4744810" lon="-0.2731110">
    <ele>5.0</ele>
    <time>2026-01-03T10:40:22Z</time>
   </trkpt>
   <trkpt lat="51.4744670" lon="-0.2731010">
    <ele>4.9</ele>
    <time>2026-01-03T10:40:23Z</time>
   </trkpt>
   <trkpt lat="51.4744410" lon="-0.2730800">
    <ele>4.9</ele>
    <time>2026-01-03T10:40:24Z</time>
   </trkpt>
   <trkpt lat="51.4744330" lon="-0.2730720">
    <ele>4.9</ele>
    <time>2026-01-03T10:40:25Z</time>
   </trkpt>
   <trkpt lat="51.4744260" lon="-0.2730630">
    <ele>4.9</ele>
    <time>2026-01-03T10:40:26Z</time>
   </trkpt>
   <trkpt lat="51.4744210" lon="-0.2730480">
    <ele>4.8</ele>
    <time>2026-01-03T10:40:27Z</time>
   </trkpt>
   <trkpt lat="51.4744120" lon="-0.2730320">
    <ele>4.8</ele>
    <time>2026-01-03T10:40:28Z</time>
   </trkpt>
   <trkpt lat="51.4744020" lon="-0.2730220">
    <ele>4.8</ele>
    <time>2026-01-03T10:40:29Z</time>
   </trkpt>
   <trkpt lat="51.4743890" lon="-0.2730070">
    <ele>4.8</ele>
    <time>2026-01-03T10:40:30Z</time>
   </trkpt>
   <trkpt lat="51.4743800" lon="-0.2729970">
    <ele>4.8</ele>
    <time>2026-01-03T10:40:31Z</time>
   </trkpt>
   <trkpt lat="51.4743710" lon="-0.2729810">
    <ele>4.7</ele>
    <time>2026-01-03T10:40:32Z</time>
   </trkpt>
   <trkpt lat="51.4743640" lon="-0.2729720">
    <ele>4.7</ele>
    <time>2026-01-03T10:40:33Z</time>
   </trkpt>
   <trkpt lat="51.4743510" lon="-0.2729610">
    <ele>4.7</ele>
    <time>2026-01-03T10:40:34Z</time>
   </trkpt>
   <trkpt lat="51.4743380" lon="-0.2729500">
    <ele>4.7</ele>
    <time>2026-01-03T10:40:35Z</time>
   </trkpt>
   <trkpt lat="51.4743220" lon="-0.2729410">
    <ele>4.7</ele>
    <time>2026-01-03T10:40:36Z</time>
   </trkpt>
   <trkpt lat="51.4743110" lon="-0.2729330">
    <ele>4.7</ele>
    <time>2026-01-03T10:40:37Z</time>
   </trkpt>
   <trkpt lat="51.4742980" lon="-0.2729240">
    <ele>4.6</ele>
    <time>2026-01-03T10:40:38Z</time>
   </trkpt>
   <trkpt lat="51.4742870" lon="-0.2729120">
    <ele>4.6</ele>
    <time>2026-01-03T10:40:39Z</time>
   </trkpt>
   <trkpt lat="51.4742740" lon="-0.2729100">
    <ele>4.6</ele>
    <time>2026-01-03T10:40:40Z</time>
   </trkpt>
   <trkpt lat="51.4742640" lon="-0.2728980">
    <ele>4.6</ele>
    <time>2026-01-03T10:40:41Z</time>
   </trkpt>
   <trkpt lat="51.4742580" lon="-0.2728850">
    <ele>4.6</ele>
    <time>2026-01-03T10:40:42Z</time>
   </trkpt>
   <trkpt lat="51.4742460" lon="-0.2728800">
    <ele>4.6</ele>
    <time>2026-01-03T10:40:43Z</time>
   </trkpt>
   <trkpt lat="51.4742410" lon="-0.2728640">
    <ele>4.6</ele>
    <time>2026-01-03T10:40:44Z</time>
   </trkpt>
   <trkpt lat="51.4742350" lon="-0.2728590">
    <ele>4.6</ele>
    <time>2026-01-03T10:40:45Z</time>
   </trkpt>
   <trkpt lat="51.4742290" lon="-0.2728490">
    <ele>4.6</ele>
    <time>2026-01-03T10:40:46Z</time>
   </trkpt>
   <trkpt lat="51.4742180" lon="-0.2728410">
    <ele>4.6</ele>
    <time>2026-01-03T10:40:47Z</time>
   </trkpt>
   <trkpt lat="51.4742050" lon="-0.2728290">
    <ele>4.6</ele>
    <time>2026-01-03T10:40:48Z</time>
   </trkpt>
   <trkpt lat="51.4741960" lon="-0.2728170">
    <ele>4.6</ele>
    <time>2026-01-03T10:40:49Z</time>
   </trkpt>
   <trkpt lat="51.4741880" lon="-0.2728050">
    <ele>4.6</ele>
    <time>2026-01-03T10:40:50Z</time>
   </trkpt>
   <trkpt lat="51.4741760" lon="-0.2727970">
    <ele>4.6</ele>
    <time>2026-01-03T10:40:51Z</time>
   </trkpt>
   <trkpt lat="51.4741570" lon="-0.2727790">
    <ele>4.6</ele>
    <time>2026-01-03T10:40:52Z</time>
   </trkpt>
   <trkpt lat="51.4741500" lon="-0.2727690">
    <ele>4.6</ele>
    <time>2026-01-03T10:40:53Z</time>
   </trkpt>
   <trkpt lat="51.4741420" lon="-0.2727590">
    <ele>4.6</ele>
    <time>2026-01-03T10:40:54Z</time>
   </trkpt>
   <trkpt lat="51.4741280" lon="-0.2727400">
    <ele>4.6</ele>
    <time>2026-01-03T10:40:55Z</time>
   </trkpt>
   <trkpt lat="51.4741190" lon="-0.2727320">
    <ele>4.6</ele>
    <time>2026-01-03T10:40:56Z</time>
   </trkpt>
   <trkpt lat="51.4741110" lon="-0.2727250">
    <ele>4.6</ele>
    <time>2026-01-03T10:40:57Z</time>
   </trkpt>
   <trkpt lat="51.4740890" lon="-0.2727090">
    <ele>4.6</ele>
    <time>2026-01-03T10:40:58Z</time>
   </trkpt>
   <trkpt lat="51.4740810" lon="-0.2727010">
    <ele>4.6</ele>
    <time>2026-01-03T10:40:59Z</time>
   </trkpt>
   <trkpt lat="51.4740740" lon="-0.2726940">
    <ele>4.6</ele>
    <time>2026-01-03T10:41:00Z</time>
   </trkpt>
   <trkpt lat="51.4740660" lon="-0.2726850">
    <ele>4.6</ele>
    <time>2026-01-03T10:41:01Z</time>
   </trkpt>
   <trkpt lat="51.4740540" lon="-0.2726720">
    <ele>4.7</ele>
    <time>2026-01-03T10:41:02Z</time>
   </trkpt>
   <trkpt lat="51.4740460" lon="-0.2726680">
    <ele>4.7</ele>
    <time>2026-01-03T10:41:03Z</time>
   </trkpt>
   <trkpt lat="51.4740350" lon="-0.2726600">
    <ele>4.7</ele>
    <time>2026-01-03T10:41:04Z</time>
   </trkpt>
   <trkpt lat="51.4740250" lon="-0.2726500">
    <ele>4.7</ele>
    <time>2026-01-03T10:41:05Z</time>
   </trkpt>
   <trkpt lat="51.4740150" lon="-0.2726410">
    <ele>4.7</ele>
    <time>2026-01-03T10:41:06Z</time>
   </trkpt>
   <trkpt lat="51.4740050" lon="-0.2726220">
    <ele>4.7</ele>
    <time>2026-01-03T10:41:07Z</time>
   </trkpt>
   <trkpt lat="51.4740000" lon="-0.2726140">
    <ele>4.7</ele>
    <time>2026-01-03T10:41:08Z</time>
   </trkpt>
   <trkpt lat="51.4739900" lon="-0.2726070">
    <ele>4.7</ele>
    <time>2026-01-03T10:41:09Z</time>
   </trkpt>
   <trkpt lat="51.4739790" lon="-0.2725900">
    <ele>4.7</ele>
    <time>2026-01-03T10:41:10Z</time>
   </trkpt>
   <trkpt lat="51.4739690" lon="-0.2725780">
    <ele>4.7</ele>
    <time>2026-01-03T10:41:11Z</time>
   </trkpt>
   <trkpt lat="51.4739590" lon="-0.2725610">
    <ele>4.7</ele>
    <time>2026-01-03T10:41:12Z</time>
   </trkpt>
   <trkpt lat="51.4739490" lon="-0.2725470">
    <ele>4.7</ele>
    <time>2026-01-03T10:41:13Z</time>
   </trkpt>
   <trkpt lat="51.4739340" lon="-0.2725210">
    <ele>4.7</ele>
    <time>2026-01-03T10:41:14Z</time>
   </trkpt>
   <trkpt lat="51.4739280" lon="-0.2725130">
    <ele>4.6</ele>
    <time>2026-01-03T10:41:15Z</time>
   </trkpt>
   <trkpt lat="51.4739210" lon="-0.2725040">
    <ele>4.6</ele>
    <time>2026-01-03T10:41:16Z</time>
   </trkpt>
   <trkpt lat="51.4739030" lon="-0.2724850">
    <ele>4.6</ele>
    <time>2026-01-03T10:41:17Z</time>
   </trkpt>
   <trkpt lat="51.4738950" lon="-0.2724790">
    <ele>4.6</ele>
    <time>2026-01-03T10:41:18Z</time>
   </trkpt>
   <trkpt lat="51.4738870" lon="-0.2724730">
    <ele>4.6</ele>
    <time>2026-01-03T10:41:19Z</time>
   </trkpt>
   <trkpt lat="51.4738770" lon="-0.2724690">
    <ele>4.6</ele>
    <time>2026-01-03T10:41:20Z</time>
   </trkpt>
   <trkpt lat="51.4738670" lon="-0.2724530">
    <ele>4.6</ele>
    <time>2026-01-03T10:41:21Z</time>
   </trkpt>
   <trkpt lat="51.4738570" lon="-0.2724470">
    <ele>4.6</ele>
    <time>2026-01-03T10:41:22Z</time>
   </trkpt>
   <trkpt lat="51.4738380" lon="-0.2724270">
    <ele>4.6</ele>
    <time>2026-01-03T10:41:23Z</time>
   </trkpt>
   <trkpt lat="51.4738320" lon="-0.2724210">
    <ele>4.6</ele>
    <time>2026-01-03T10:41:24Z</time>
   </trkpt>
   <trkpt lat="51.4738250" lon="-0.2724140">
    <ele>4.6</ele>
    <time>2026-01-03T10:41:25Z</time>
   </trkpt>
   <trkpt lat="51.4738130" lon="-0.2724020">
    <ele>4.6</ele>
    <time>2026-01-03T10:41:26Z</time>
   </trkpt>
   <trkpt lat="51.4738010" lon="-0.2723830">
    <ele>4.6</ele>
    <time>2026-01-03T10:41:27Z</time>
   </trkpt>
   <trkpt lat="51.4737910" lon="-0.2723560">
    <ele>4.5</ele>
    <time>2026-01-03T10:41:28Z</time>
   </trkpt>
   <trkpt lat="51.4737840" lon="-0.2723430">
    <ele>4.5</ele>
    <time>2026-01-03T10:41:29Z</time>
   </trkpt>
   <trkpt lat="51.4737760" lon="-0.2723290">
    <ele>4.5</ele>
    <time>2026-01-03T10:41:30Z</time>
   </trkpt>
   <trkpt lat="51.4737720" lon="-0.2723200">
    <ele>4.5</ele>
    <time>2026-01-03T10:41:31Z</time>
   </trkpt>
   <trkpt lat="51.4737610" lon="-0.2723100">
    <ele>4.5</ele>
    <time>2026-01-03T10:41:32Z</time>
   </trkpt>
   <trkpt lat="51.4737510" lon="-0.2722980">
    <ele>4.5</ele>
    <time>2026-01-03T10:41:33Z</time>
   </trkpt>
   <trkpt lat="51.4737370" lon="-0.2722820">
    <ele>4.5</ele>
    <time>2026-01-03T10:41:34Z</time>
   </trkpt>
   <trkpt lat="51.4737290" lon="-0.2722690">
    <ele>4.5</ele>
    <time>2026-01-03T10:41:35Z</time>
   </trkpt>
   <trkpt lat="51.4737160" lon="-0.2722580">
    <ele>4.5</ele>
    <time>2026-01-03T10:41:36Z</time>
   </trkpt>
   <trkpt lat="51.4737040" lon="-0.2722410">
    <ele>4.5</ele>
    <time>2026-01-03T10:41:37Z</time>
   </trkpt>
   <trkpt lat="51.4736870" lon="-0.2722220">
    <ele>4.5</ele>
    <time>2026-01-03T10:41:38Z</time>
   </trkpt>
   <trkpt lat="51.4736810" lon="-0.2722130">
    <ele>4.5</ele>
    <time>2026-01-03T10:41:39Z</time>
   </trkpt>
   <trkpt lat="51.4736740" lon="-0.2722040">
    <ele>4.5</ele>
    <time>2026-01-03T10:41:40Z</time>
   </trkpt>
   <trkpt lat="51.4736670" lon="-0.2721890">
    <ele>4.4</ele>
    <time>2026-01-03T10:41:41Z</time>
   </trkpt>
   <trkpt lat="51.4736520" lon="-0.2721770">
    <ele>4.4</ele>
    <time>2026-01-03T10:41:42Z</time>
   </trkpt>
   <trkpt lat="51.4736460" lon="-0.2721700">
    <ele>4.4</ele>
    <time>2026-01-03T10:41:43Z</time>
   </trkpt>
   <trkpt lat="51.4736310" lon="-0.2721510">
    <ele>4.4</ele>
    <time>2026-01-03T10:41:44Z</time>
   </trkpt>
   <trkpt lat="51.4736240" lon="-0.2721490">
    <ele>4.4</ele>
    <time>2026-01-03T10:41:45Z</time>
   </trkpt>
   <trkpt lat="51.4736070" lon="-0.2721180">
    <ele>4.4</ele>
    <time>2026-01-03T10:41:46Z</time>
   </trkpt>
   <trkpt lat="51.4736010" lon="-0.2721080">
    <ele>4.4</ele>
    <time>2026-01-03T10:41:47Z</time>
   </trkpt>
   <trkpt lat="51.4735950" lon="-0.2720970">
    <ele>4.4</ele>
    <time>2026-01-03T10:41:48Z</time>
   </trkpt>
   <trkpt lat="51.4735910" lon="-0.2720910">
    <ele>4.4</ele>
    <time>2026-01-03T10:41:49Z</time>
   </trkpt>
   <trkpt lat="51.4735810" lon="-0.2720680">
    <ele>4.4</ele>
    <time>2026-01-03T10:41:50Z</time>
   </trkpt>
   <trkpt lat="51.4735740" lon="-0.2720510">
    <ele>4.4</ele>
    <time>2026-01-03T10:41:51Z</time>
   </trkpt>
   <trkpt lat="51.4735660" lon="-0.2720360">
    <ele>4.4</ele>
    <time>2026-01-03T10:41:52Z</time>
   </trkpt>
   <trkpt lat="51.4735580" lon="-0.2720190">
    <ele>4.4</ele>
    <time>2026-01-03T10:41:53Z</time>
   </trkpt>
   <trkpt lat="51.4735510" lon="-0.2720120">
    <ele>4.4</ele>
    <time>2026-01-03T10:41:55Z</time>
   </trkpt>
   <trkpt lat="51.4735390" lon="-0.2720050">
    <ele>4.4</ele>
    <time>2026-01-03T10:41:56Z</time>
   </trkpt>
   <trkpt lat="51.4735290" lon="-0.2719960">
    <ele>4.4</ele>
    <time>2026-01-03T10:41:57Z</time>
   </trkpt>
   <trkpt lat="51.4735190" lon="-0.2719900">
    <ele>4.4</ele>
    <time>2026-01-03T10:41:58Z</time>
   </trkpt>
   <trkpt lat="51.4735090" lon="-0.2719840">
    <ele>4.4</ele>
    <time>2026-01-03T10:41:59Z</time>
   </trkpt>
   <trkpt lat="51.4735020" lon="-0.2719770">
    <ele>4.4</ele>
    <time>2026-01-03T10:42:00Z</time>
   </trkpt>
   <trkpt lat="51.4734930" lon="-0.2719650">
    <ele>4.4</ele>
    <time>2026-01-03T10:42:01Z</time>
   </trkpt>
   <trkpt lat="51.4734870" lon="-0.2719580">
    <ele>4.4</ele>
    <time>2026-01-03T10:42:02Z</time>
   </trkpt>
   <trkpt lat="51.4734760" lon="-0.2719450">
    <ele>4.4</ele>
    <time>2026-01-03T10:42:03Z</time>
   </trkpt>
   <trkpt lat="51.4734640" lon="-0.2719320">
    <ele>4.4</ele>
    <time>2026-01-03T10:42:04Z</time>
   </trkpt>
   <trkpt lat="51.4734530" lon="-0.2719230">
    <ele>4.4</ele>
    <time>2026-01-03T10:42:05Z</time>
   </trkpt>
   <trkpt lat="51.4734400" lon="-0.2719070">
    <ele>4.4</ele>
    <time>2026-01-03T10:42:06Z</time>
   </trkpt>
   <trkpt lat="51.4734290" lon="-0.2718980">
    <ele>4.4</ele>
    <time>2026-01-03T10:42:07Z</time>
   </trkpt>
   <trkpt lat="51.4734180" lon="-0.2718720">
    <ele>4.4</ele>
    <time>2026-01-03T10:42:08Z</time>
   </trkpt>
   <trkpt lat="51.4734060" lon="-0.2718470">
    <ele>4.4</ele>
    <time>2026-01-03T10:42:09Z</time>
   </trkpt>
   <trkpt lat="51.4733990" lon="-0.2718350">
    <ele>4.4</ele>
    <time>2026-01-03T10:42:10Z</time>
   </trkpt>
   <trkpt lat="51.4733910" lon="-0.2718220">
    <ele>4.4</ele>
    <time>2026-01-03T10:42:11Z</time>
   </trkpt>
   <trkpt lat="51.4733860" lon="-0.2718150">
    <ele>4.4</ele>
    <time>2026-01-03T10:42:12Z</time>
   </trkpt>
   <trkpt lat="51.4733740" lon="-0.2718000">
    <ele>4.4</ele>
    <time>2026-01-03T10:42:13Z</time>
   </trkpt>
   <trkpt lat="51.4733660" lon="-0.2717860">
    <ele>4.4</ele>
    <time>2026-01-03T10:42:14Z</time>
   </trkpt>
   <trkpt lat="51.4733490" lon="-0.2717590">
    <ele>4.4</ele>
    <time>2026-01-03T10:42:15Z</time>
   </trkpt>
   <trkpt lat="51.4733410" lon="-0.2717500">
    <ele>4.4</ele>
    <time>2026-01-03T10:42:16Z</time>
   </trkpt>
   <trkpt lat="51.4733330" lon="-0.2717420">
    <ele>4.4</ele>
    <time>2026-01-03T10:42:17Z</time>
   </trkpt>
   <trkpt lat="51.4733260" lon="-0.2717350">
    <ele>4.4</ele>
    <time>2026-01-03T10:42:18Z</time>
   </trkpt>
   <trkpt lat="51.4733220" lon="-0.2717130">
    <ele>4.4</ele>
    <time>2026-01-03T10:42:19Z</time>
   </trkpt>
   <trkpt lat="51.4733060" lon="-0.2717040">
    <ele>4.4</ele>
    <time>2026-01-03T10:42:20Z</time>
   </trkpt>
   <trkpt lat="51.4732950" lon="-0.2716860">
    <ele>4.5</ele>
    <time>2026-01-03T10:42:21Z</time>
   </trkpt>
   <trkpt lat="51.4732870" lon="-0.2716730">
    <ele>4.5</ele>
    <time>2026-01-03T10:42:22Z</time>
   </trkpt>
   <trkpt lat="51.4732710" lon="-0.2716500">
    <ele>4.5</ele>
    <time>2026-01-03T10:42:23Z</time>
   </trkpt>
   <trkpt lat="51.4732630" lon="-0.2716410">
    <ele>4.5</ele>
    <time>2026-01-03T10:42:24Z</time>
   </trkpt>
   <trkpt lat="51.4732560" lon="-0.2716320">
    <ele>4.5</ele>
    <time>2026-01-03T10:42:25Z</time>
   </trkpt>
   <trkpt lat="51.4732430" lon="-0.2716290">
    <ele>4.5</ele>
    <time>2026-01-03T10:42:26Z</time>
   </trkpt>
   <trkpt lat="51.4732310" lon="-0.2716110">
    <ele>4.5</ele>
    <time>2026-01-03T10:42:27Z</time>
   </trkpt>
   <trkpt lat="51.4732290" lon="-0.2716010">
    <ele>4.5</ele>
    <time>2026-01-03T10:42:28Z</time>
   </trkpt>
   <trkpt lat="51.4732210" lon="-0.2715890">
    <ele>4.5</ele>
    <time>2026-01-03T10:42:29Z</time>
   </trkpt>
   <trkpt lat="51.4732080" lon="-0.2715730">
    <ele>4.5</ele>
    <time>2026-01-03T10:42:30Z</time>
   </trkpt>
   <trkpt lat="51.4732030" lon="-0.2715700">
    <ele>4.5</ele>
    <time>2026-01-03T10:42:31Z</time>
   </trkpt>
   <trkpt lat="51.4731850" lon="-0.2715470">
    <ele>4.5</ele>
    <time>2026-01-03T10:42:32Z</time>
   </trkpt>
   <trkpt lat="51.4731650" lon="-0.2715290">
    <ele>4.5</ele>
    <time>2026-01-03T10:42:33Z</time>
   </trkpt>
   <trkpt lat="51.4731570" lon="-0.2715220">
    <ele>4.5</ele>
    <time>2026-01-03T10:42:34Z</time>
   </trkpt>
   <trkpt lat="51.4731500" lon="-0.2715160">
    <ele>4.5</ele>
    <time>2026-01-03T10:42:35Z</time>
   </trkpt>
   <trkpt lat="51.4731360" lon="-0.2714830">
    <ele>4.5</ele>
    <time>2026-01-03T10:42:36Z</time>
   </trkpt>
   <trkpt lat="51.4731300" lon="-0.2714680">
    <ele>4.5</ele>
    <time>2026-01-03T10:42:37Z</time>
   </trkpt>
   <trkpt lat="51.4731240" lon="-0.2714540">
    <ele>4.5</ele>
    <time>2026-01-03T10:42:38Z</time>
   </trkpt>
   <trkpt lat="51.4731180" lon="-0.2714440">
    <ele>4.5</ele>
    <time>2026-01-03T10:42:39Z</time>
   </trkpt>
   <trkpt lat="51.4731050" lon="-0.2714340">
    <ele>4.5</ele>
    <time>2026-01-03T10:42:40Z</time>
   </trkpt>
   <trkpt lat="51.4730960" lon="-0.2714190">
    <ele>4.5</ele>
    <time>2026-01-03T10:42:41Z</time>
   </trkpt>
   <trkpt lat="51.4730870" lon="-0.2713900">
    <ele>4.5</ele>
    <time>2026-01-03T10:42:42Z</time>
   </trkpt>
   <trkpt lat="51.4730810" lon="-0.2713730">
    <ele>4.5</ele>
    <time>2026-01-03T10:42:43Z</time>
   </trkpt>
   <trkpt lat="51.4730730" lon="-0.2713560">
    <ele>4.5</ele>
    <time>2026-01-03T10:42:44Z</time>
   </trkpt>
   <trkpt lat="51.4730600" lon="-0.2713370">
    <ele>4.5</ele>
    <time>2026-01-03T10:42:45Z</time>
   </trkpt>
   <trkpt lat="51.4730430" lon="-0.2713230">
    <ele>4.5</ele>
    <time>2026-01-03T10:42:46Z</time>
   </trkpt>
   <trkpt lat="51.4730350" lon="-0.2713140">
    <ele>4.5</ele>
    <time>2026-01-03T10:42:47Z</time>
   </trkpt>
   <trkpt lat="51.4730270" lon="-0.2713060">
    <ele>4.5</ele>
    <time>2026-01-03T10:42:48Z</time>
   </trkpt>
   <trkpt lat="51.4730200" lon="-0.2712950">
    <ele>4.5</ele>
    <time>2026-01-03T10:42:49Z</time>
   </trkpt>
   <trkpt lat="51.4730070" lon="-0.2712790">
    <ele>4.5</ele>
    <time>2026-01-03T10:42:50Z</time>
   </trkpt>
   <trkpt lat="51.4730010" lon="-0.2712680">
    <ele>4.5</ele>
    <time>2026-01-03T10:42:51Z</time>
   </trkpt>
   <trkpt lat="51.4729850" lon="-0.2712410">
    <ele>4.5</ele>
    <time>2026-01-03T10:42:52Z</time>
   </trkpt>
   <trkpt lat="51.4729790" lon="-0.2712290">
    <ele>4.5</ele>
    <time>2026-01-03T10:42:53Z</time>
   </trkpt>
   <trkpt lat="51.4729720" lon="-0.2712170">
    <ele>4.5</ele>
    <time>2026-01-03T10:42:54Z</time>
   </trkpt>
   <trkpt lat="51.4729660" lon="-0.2712050">
    <ele>4.5</ele>
    <time>2026-01-03T10:42:55Z</time>
   </trkpt>
   <trkpt lat="51.4729480" lon="-0.2711870">
    <ele>4.5</ele>
    <time>2026-01-03T10:42:56Z</time>
   </trkpt>
   <trkpt lat="51.4729410" lon="-0.2711620">
    <ele>4.5</ele>
    <time>2026-01-03T10:42:57Z</time>
   </trkpt>
   <trkpt lat="51.4729370" lon="-0.2711480">
    <ele>4.5</ele>
    <time>2026-01-03T10:42:58Z</time>
   </trkpt>
   <trkpt lat="51.4729320" lon="-0.2711340">
    <ele>4.5</ele>
    <time>2026-01-03T10:42:59Z</time>
   </trkpt>
   <trkpt lat="51.4729240" lon="-0.2711080">
    <ele>4.5</ele>
    <time>2026-01-03T10:43:00Z</time>
   </trkpt>
   <trkpt lat="51.4729190" lon="-0.2711030">
    <ele>4.6</ele>
    <time>2026-01-03T10:43:01Z</time>
   </trkpt>
   <trkpt lat="51.4729100" lon="-0.2710950">
    <ele>4.6</ele>
    <time>2026-01-03T10:43:02Z</time>
   </trkpt>
   <trkpt lat="51.4728920" lon="-0.2710740">
    <ele>4.6</ele>
    <time>2026-01-03T10:43:03Z</time>
   </trkpt>
   <trkpt lat="51.4728850" lon="-0.2710670">
    <ele>4.6</ele>
    <time>2026-01-03T10:43:04Z</time>
   </trkpt>
   <trkpt lat="51.4728780" lon="-0.2710610">
    <ele>4.6</ele>
    <time>2026-01-03T10:43:05Z</time>
   </trkpt>
   <trkpt lat="51.4728640" lon="-0.2710400">
    <ele>4.6</ele>
    <time>2026-01-03T10:43:06Z</time>
   </trkpt>
   <trkpt lat="51.4728640" lon="-0.2710200">
    <ele>4.6</ele>
    <time>2026-01-03T10:43:07Z</time>
   </trkpt>
   <trkpt lat="51.4728490" lon="-0.2709900">
    <ele>4.6</ele>
    <time>2026-01-03T10:43:08Z</time>
   </trkpt>
   <trkpt lat="51.4728430" lon="-0.2709840">
    <ele>4.6</ele>
    <time>2026-01-03T10:43:09Z</time>
   </trkpt>
   <trkpt lat="51.4728370" lon="-0.2709780">
    <ele>4.6</ele>
    <time>2026-01-03T10:43:10Z</time>
   </trkpt>
   <trkpt lat="51.4728220" lon="-0.2709620">
    <ele>4.6</ele>
    <time>2026-01-03T10:43:11Z</time>
   </trkpt>
   <trkpt lat="51.4728160" lon="-0.2709490">
    <ele>4.6</ele>
    <time>2026-01-03T10:43:12Z</time>
   </trkpt>
   <trkpt lat="51.4728100" lon="-0.2709370">
    <ele>4.6</ele>
    <time>2026-01-03T10:43:13Z</time>
   </trkpt>
   <trkpt lat="51.4728020" lon="-0.2709250">
    <ele>4.6</ele>
    <time>2026-01-03T10:43:14Z</time>
   </trkpt>
   <trkpt lat="51.4727930" lon="-0.2709020">
    <ele>4.6</ele>
    <time>2026-01-03T10:43:15Z</time>
   </trkpt>
   <trkpt lat="51.4727750" lon="-0.2708770">
    <ele>4.6</ele>
    <time>2026-01-03T10:43:16Z</time>
   </trkpt>
   <trkpt lat="51.4727690" lon="-0.2708690">
    <ele>4.6</ele>
    <time>2026-01-03T10:43:17Z</time>
   </trkpt>
   <trkpt lat="51.4727640" lon="-0.2708610">
    <ele>4.6</ele>
    <time>2026-01-03T10:43:18Z</time>
   </trkpt>
   <trkpt lat="51.4727490" lon="-0.2708380">
    <ele>4.6</ele>
    <time>2026-01-03T10:43:19Z</time>
   </trkpt>
   <trkpt lat="51.4727420" lon="-0.2708290">
    <ele>4.6</ele>
    <time>2026-01-03T10:43:20Z</time>
   </trkpt>
   <trkpt lat="51.4727350" lon="-0.2708190">
    <ele>4.7</ele>
    <time>2026-01-03T10:43:21Z</time>
   </trkpt>
   <trkpt lat="51.4727250" lon="-0.2707880">
    <ele>4.7</ele>
    <time>2026-01-03T10:43:22Z</time>
   </trkpt>
   <trkpt lat="51.4727200" lon="-0.2707810">
    <ele>4.7</ele>
    <time>2026-01-03T10:43:23Z</time>
   </trkpt>
   <trkpt lat="51.4727160" lon="-0.2707730">
    <ele>4.7</ele>
    <time>2026-01-03T10:43:24Z</time>
   </trkpt>
   <trkpt lat="51.4727110" lon="-0.2707660">
    <ele>4.7</ele>
    <time>2026-01-03T10:43:25Z</time>
   </trkpt>
   <trkpt lat="51.4727050" lon="-0.2707260">
    <ele>4.7</ele>
    <time>2026-01-03T10:43:26Z</time>
   </trkpt>
   <trkpt lat="51.4727030" lon="-0.2707160">
    <ele>4.7</ele>
    <time>2026-01-03T10:43:27Z</time>
   </trkpt>
   <trkpt lat="51.4727010" lon="-0.2707070">
    <ele>4.7</ele>
    <time>2026-01-03T10:43:28Z</time>
   </trkpt>
   <trkpt lat="51.4726870" lon="-0.2706790">
    <ele>4.7</ele>
    <time>2026-01-03T10:43:29Z</time>
   </trkpt>
   <trkpt lat="51.4726820" lon="-0.2706680">
    <ele>4.7</ele>
    <time>2026-01-03T10:43:30Z</time>
   </trkpt>
   <trkpt lat="51.4726760" lon="-0.2706580">
    <ele>4.7</ele>
    <time>2026-01-03T10:43:31Z</time>
   </trkpt>
   <trkpt lat="51.4726640" lon="-0.2706430">
    <ele>4.7</ele>
    <time>2026-01-03T10:43:32Z</time>
   </trkpt>
   <trkpt lat="51.4726590" lon="-0.2706210">
    <ele>4.7</ele>
    <time>2026-01-03T10:43:33Z</time>
   </trkpt>
   <trkpt lat="51.4726490" lon="-0.2706140">
    <ele>4.7</ele>
    <time>2026-01-03T10:43:34Z</time>
   </trkpt>
   <trkpt lat="51.4726310" lon="-0.2706010">
    <ele>4.7</ele>
    <time>2026-01-03T10:43:35Z</time>
   </trkpt>
   <trkpt lat="51.4726180" lon="-0.2706020">
    <ele>4.7</ele>
    <time>2026-01-03T10:43:36Z</time>
   </trkpt>
   <trkpt lat="51.4726110" lon="-0.2706030">
    <ele>4.7</ele>
    <time>2026-01-03T10:43:37Z</time>
   </trkpt>
   <trkpt lat="51.4725990" lon="-0.2705870">
    <ele>4.7</ele>
    <time>2026-01-03T10:43:38Z</time>
   </trkpt>
   <trkpt lat="51.4725710" lon="-0.2705650">
    <ele>4.7</ele>
    <time>2026-01-03T10:43:39Z</time>
   </trkpt>
   <trkpt lat="51.4725660" lon="-0.2705590">
    <ele>4.7</ele>
    <time>2026-01-03T10:43:40Z</time>
   </trkpt>
   <trkpt lat="51.4725530" lon="-0.2705330">
    <ele>4.7</ele>
    <time>2026-01-03T10:43:41Z</time>
   </trkpt>
   <trkpt lat="51.4725480" lon="-0.2705200">
    <ele>4.7</ele>
    <time>2026-01-03T10:43:42Z</time>
   </trkpt>
   <trkpt lat="51.4725430" lon="-0.2705060">
    <ele>4.7</ele>
    <time>2026-01-03T10:43:43Z</time>
   </trkpt>
   <trkpt lat="51.4725380" lon="-0.2704930">
    <ele>4.7</ele>
    <time>2026-01-03T10:43:44Z</time>
   </trkpt>
   <trkpt lat="51.4725320" lon="-0.2704590">
    <ele>4.7</ele>
    <time>2026-01-03T10:43:45Z</time>
   </trkpt>
   <trkpt lat="51.4725390" lon="-0.2704490">
    <ele>4.7</ele>
    <time>2026-01-03T10:43:46Z</time>
   </trkpt>
   <trkpt lat="51.4725410" lon="-0.2704340">
    <ele>4.7</ele>
    <time>2026-01-03T10:43:47Z</time>
   </trkpt>
   <trkpt lat="51.4725500" lon="-0.2704260">
    <ele>4.7</ele>
    <time>2026-01-03T10:43:48Z</time>
   </trkpt>
   <trkpt lat="51.4725390" lon="-0.2704030">
    <ele>4.7</ele>
    <time>2026-01-03T10:43:49Z</time>
   </trkpt>
   <trkpt lat="51.4725180" lon="-0.2703830">
    <ele>4.7</ele>
    <time>2026-01-03T10:43:50Z</time>
   </trkpt>
   <trkpt lat="51.4725100" lon="-0.2703680">
    <ele>4.7</ele>
    <time>2026-01-03T10:43:51Z</time>
   </trkpt>
   <trkpt lat="51.4725030" lon="-0.2703540">
    <ele>4.7</ele>
    <time>2026-01-03T10:43:52Z</time>
   </trkpt>
   <trkpt lat="51.4724880" lon="-0.2703400">
    <ele>4.6</ele>
    <time>2026-01-03T10:43:53Z</time>
   </trkpt>
   <trkpt lat="51.4724780" lon="-0.2703260">
    <ele>4.6</ele>
    <time>2026-01-03T10:43:54Z</time>
   </trkpt>
   <trkpt lat="51.4724650" lon="-0.2703080">
    <ele>4.6</ele>
    <time>2026-01-03T10:43:55Z</time>
   </trkpt>
   <trkpt lat="51.4724590" lon="-0.2702930">
    <ele>4.6</ele>
    <time>2026-01-03T10:43:56Z</time>
   </trkpt>
   <trkpt lat="51.4724450" lon="-0.2702670">
    <ele>4.6</ele>
    <time>2026-01-03T10:43:57Z</time>
   </trkpt>
   <trkpt lat="51.4724390" lon="-0.2702560">
    <ele>4.6</ele>
    <time>2026-01-03T10:43:58Z</time>
   </trkpt>
   <trkpt lat="51.4724330" lon="-0.2702460">
    <ele>4.6</ele>
    <time>2026-01-03T10:43:59Z</time>
   </trkpt>
   <trkpt lat="51.4724120" lon="-0.2702160">
    <ele>4.6</ele>
    <time>2026-01-03T10:44:01Z</time>
   </trkpt>
   <trkpt lat="51.4724050" lon="-0.2702030">
    <ele>4.6</ele>
    <time>2026-01-03T10:44:02Z</time>
   </trkpt>
   <trkpt lat="51.4723990" lon="-0.2701960">
    <ele>4.6</ele>
    <time>2026-01-03T10:44:03Z</time>
   </trkpt>
   <trkpt lat="51.4723900" lon="-0.2701800">
    <ele>4.6</ele>
    <time>2026-01-03T10:44:04Z</time>
   </trkpt>
   <trkpt lat="51.4723760" lon="-0.2701680">
    <ele>4.6</ele>
    <time>2026-01-03T10:44:05Z</time>
   </trkpt>
   <trkpt lat="51.4723590" lon="-0.2701430">
    <ele>4.6</ele>
    <time>2026-01-03T10:44:06Z</time>
   </trkpt>
   <trkpt lat="51.4723530" lon="-0.2701340">
    <ele>4.6</ele>
    <time>2026-01-03T10:44:07Z</time>
   </trkpt>
   <trkpt lat="51.4723460" lon="-0.2701240">
    <ele>4.6</ele>
    <time>2026-01-03T10:44:08Z</time>
   </trkpt>
   <trkpt lat="51.4723300" lon="-0.2701010">
    <ele>4.5</ele>
    <time>2026-01-03T10:44:09Z</time>
   </trkpt>
   <trkpt lat="51.4723240" lon="-0.2700880">
    <ele>4.5</ele>
    <time>2026-01-03T10:44:10Z</time>
   </trkpt>
   <trkpt lat="51.4723170" lon="-0.2700740">
    <ele>4.5</ele>
    <time>2026-01-03T10:44:11Z</time>
   </trkpt>
   <trkpt lat="51.4723040" lon="-0.2700690">
    <ele>4.5</ele>
    <time>2026-01-03T10:44:12Z</time>
   </trkpt>
   <trkpt lat="51.4722910" lon="-0.2700550">
    <ele>4.5</ele>
    <time>2026-01-03T10:44:13Z</time>
   </trkpt>
   <trkpt lat="51.4722800" lon="-0.2700240">
    <ele>4.5</ele>
    <time>2026-01-03T10:44:14Z</time>
   </trkpt>
   <trkpt lat="51.4722730" lon="-0.2700180">
    <ele>4.4</ele>
    <time>2026-01-03T10:44:15Z</time>
   </trkpt>
   <trkpt lat="51.4722670" lon="-0.2700110">
    <ele>4.4</ele>
    <time>2026-01-03T10:44:16Z</time>
   </trkpt>
   <trkpt lat="51.4722530" lon="-0.2699780">
    <ele>4.4</ele>
    <time>2026-01-03T10:44:17Z</time>
   </trkpt>
   <trkpt lat="51.4722470" lon="-0.2699660">
    <ele>4.4</ele>
    <time>2026-01-03T10:44:18Z</time>
   </trkpt>
   <trkpt lat="51.4722420" lon="-0.2699530">
    <ele>4.4</ele>
    <time>2026-01-03T10:44:19Z</time>
   </trkpt>
   <trkpt lat="51.4722390" lon="-0.2699430">
    <ele>4.4</ele>
    <time>2026-01-03T10:44:20Z</time>
   </trkpt>
   <trkpt lat="51.4722300" lon="-0.2699230">
    <ele>4.3</ele>
    <time>2026-01-03T10:44:21Z</time>
   </trkpt>
   <trkpt lat="51.4722250" lon="-0.2699050">
    <ele>4.3</ele>
    <time>2026-01-03T10:44:22Z</time>
   </trkpt>
   <trkpt lat="51.4722120" lon="-0.2698960">
    <ele>4.3</ele>
    <time>2026-01-03T10:44:23Z</time>
   </trkpt>
   <trkpt lat="51.4722010" lon="-0.2698850">
    <ele>4.3</ele>
    <time>2026-01-03T10:44:24Z</time>
   </trkpt>
   <trkpt lat="51.4721930" lon="-0.2698620">
    <ele>4.3</ele>
    <time>2026-01-03T10:44:25Z</time>
   </trkpt>
   <trkpt lat="51.4721850" lon="-0.2698490">
    <ele>4.2</ele>
    <time>2026-01-03T10:44:26Z</time>
   </trkpt>
   <trkpt lat="51.4721730" lon="-0.2698310">
    <ele>4.2</ele>
    <time>2026-01-03T10:44:27Z</time>
   </trkpt>
   <trkpt lat="51.4721670" lon="-0.2698100">
    <ele>4.2</ele>
    <time>2026-01-03T10:44:28Z</time>
   </trkpt>
   <trkpt lat="51.4721590" lon="-0.2697920">
    <ele>4.2</ele>
    <time>2026-01-03T10:44:29Z</time>
   </trkpt>
   <trkpt lat="51.4721460" lon="-0.2697720">
    <ele>4.2</ele>
    <time>2026-01-03T10:44:30Z</time>
   </trkpt>
   <trkpt lat="51.4721430" lon="-0.2697590">
    <ele>4.1</ele>
    <time>2026-01-03T10:44:31Z</time>
   </trkpt>
   <trkpt lat="51.4721310" lon="-0.2697410">
    <ele>4.1</ele>
    <time>2026-01-03T10:44:32Z</time>
   </trkpt>
   <trkpt lat="51.4721230" lon="-0.2697360">
    <ele>4.1</ele>
    <time>2026-01-03T10:44:33Z</time>
   </trkpt>
   <trkpt lat="51.4721100" lon="-0.2697230">
    <ele>4.1</ele>
    <time>2026-01-03T10:44:34Z</time>
   </trkpt>
   <trkpt lat="51.4721060" lon="-0.2697080">
    <ele>4.1</ele>
    <time>2026-01-03T10:44:35Z</time>
   </trkpt>
   <trkpt lat="51.4720940" lon="-0.2697020">
    <ele>4.1</ele>
    <time>2026-01-03T10:44:36Z</time>
   </trkpt>
   <trkpt lat="51.4720840" lon="-0.2696940">
    <ele>4.1</ele>
    <time>2026-01-03T10:44:37Z</time>
   </trkpt>
   <trkpt lat="51.4720800" lon="-0.2696820">
    <ele>4.1</ele>
    <time>2026-01-03T10:44:38Z</time>
   </trkpt>
   <trkpt lat="51.4720770" lon="-0.2696800">
    <ele>4.1</ele>
    <time>2026-01-03T10:44:39Z</time>
   </trkpt>
   <trkpt lat="51.4720560" lon="-0.2696540">
    <ele>4.0</ele>
    <time>2026-01-03T10:44:40Z</time>
   </trkpt>
   <trkpt lat="51.4720390" lon="-0.2696380">
    <ele>4.0</ele>
    <time>2026-01-03T10:44:41Z</time>
   </trkpt>
   <trkpt lat="51.4720300" lon="-0.2696240">
    <ele>4.0</ele>
    <time>2026-01-03T10:44:42Z</time>
   </trkpt>
   <trkpt lat="51.4720190" lon="-0.2696020">
    <ele>4.0</ele>
    <time>2026-01-03T10:44:43Z</time>
   </trkpt>
   <trkpt lat="51.4720030" lon="-0.2695740">
    <ele>4.0</ele>
    <time>2026-01-03T10:44:44Z</time>
   </trkpt>
   <trkpt lat="51.4719980" lon="-0.2695610">
    <ele>4.0</ele>
    <time>2026-01-03T10:44:45Z</time>
   </trkpt>
   <trkpt lat="51.4719940" lon="-0.2695480">
    <ele>4.0</ele>
    <time>2026-01-03T10:44:46Z</time>
   </trkpt>
   <trkpt lat="51.4719830" lon="-0.2695140">
    <ele>4.0</ele>
    <time>2026-01-03T10:44:47Z</time>
   </trkpt>
   <trkpt lat="51.4719790" lon="-0.2695040">
    <ele>4.0</ele>
    <time>2026-01-03T10:44:48Z</time>
   </trkpt>
   <trkpt lat="51.4719740" lon="-0.2694940">
    <ele>4.0</ele>
    <time>2026-01-03T10:44:49Z</time>
   </trkpt>
   <trkpt lat="51.4719580" lon="-0.2694630">
    <ele>4.0</ele>
    <time>2026-01-03T10:44:50Z</time>
   </trkpt>
   <trkpt lat="51.4719520" lon="-0.2694530">
    <ele>4.0</ele>
    <time>2026-01-03T10:44:51Z</time>
   </trkpt>
   <trkpt lat="51.4719470" lon="-0.2694440">
    <ele>4.0</ele>
    <time>2026-01-03T10:44:52Z</time>
   </trkpt>
   <trkpt lat="51.4719420" lon="-0.2694320">
    <ele>4.0</ele>
    <time>2026-01-03T10:44:53Z</time>
   </trkpt>
   <trkpt lat="51.4719390" lon="-0.2694150">
    <ele>4.0</ele>
    <time>2026-01-03T10:44:54Z</time>
   </trkpt>
   <trkpt lat="51.4719340" lon="-0.2694000">
    <ele>4.0</ele>
    <time>2026-01-03T10:44:55Z</time>
   </trkpt>
   <trkpt lat="51.4719140" lon="-0.2693740">
    <ele>4.0</ele>
    <time>2026-01-03T10:44:56Z</time>
   </trkpt>
   <trkpt lat="51.4719090" lon="-0.2693680">
    <ele>4.0</ele>
    <time>2026-01-03T10:44:57Z</time>
   </trkpt>
   <trkpt lat="51.4719040" lon="-0.2693630">
    <ele>4.0</ele>
    <time>2026-01-03T10:44:58Z</time>
   </trkpt>
   <trkpt lat="51.4718940" lon="-0.2693430">
    <ele>4.0</ele>
    <time>2026-01-03T10:44:59Z</time>
   </trkpt>
   <trkpt lat="51.4718890" lon="-0.2693330">
    <ele>4.0</ele>
    <time>2026-01-03T10:45:00Z</time>
   </trkpt>
   <trkpt lat="51.4718780" lon="-0.2693230">
    <ele>4.0</ele>
    <time>2026-01-03T10:45:01Z</time>
   </trkpt>
   <trkpt lat="51.4718630" lon="-0.2692930">
    <ele>4.0</ele>
    <time>2026-01-03T10:45:02Z</time>
   </trkpt>
   <trkpt lat="51.4718570" lon="-0.2692850">
    <ele>4.0</ele>
    <time>2026-01-03T10:45:03Z</time>
   </trkpt>
   <trkpt lat="51.4718520" lon="-0.2692780">
    <ele>4.0</ele>
    <time>2026-01-03T10:45:04Z</time>
   </trkpt>
   <trkpt lat="51.4718400" lon="-0.2692510">
    <ele>4.0</ele>
    <time>2026-01-03T10:45:05Z</time>
   </trkpt>
   <trkpt lat="51.4718380" lon="-0.2692380">
    <ele>4.0</ele>
    <time>2026-01-03T10:45:06Z</time>
   </trkpt>
   <trkpt lat="51.4718270" lon="-0.2692170">
    <ele>4.0</ele>
    <time>2026-01-03T10:45:07Z</time>
   </trkpt>
   <trkpt lat="51.4718180" lon="-0.2691940">
    <ele>4.0</ele>
    <time>2026-01-03T10:45:08Z</time>
   </trkpt>
   <trkpt lat="51.4718070" lon="-0.2691650">
    <ele>4.0</ele>
    <time>2026-01-03T10:45:09Z</time>
   </trkpt>
   <trkpt lat="51.4718030" lon="-0.2691530">
    <ele>4.0</ele>
    <time>2026-01-03T10:45:10Z</time>
   </trkpt>
   <trkpt lat="51.4717980" lon="-0.2691410">
    <ele>4.0</ele>
    <time>2026-01-03T10:45:11Z</time>
   </trkpt>
   <trkpt lat="51.4717920" lon="-0.2691230">
    <ele>4.0</ele>
    <time>2026-01-03T10:45:12Z</time>
   </trkpt>
   <trkpt lat="51.4717830" lon="-0.2691010">
    <ele>4.0</ele>
    <time>2026-01-03T10:45:13Z</time>
   </trkpt>
   <trkpt lat="51.4717720" lon="-0.2690720">
    <ele>4.0</ele>
    <time>2026-01-03T10:45:14Z</time>
   </trkpt>
   <trkpt lat="51.4717660" lon="-0.2690610">
    <ele>4.0</ele>
    <time>2026-01-03T10:45:15Z</time>
   </trkpt>
   <trkpt lat="51.4717610" lon="-0.2690510">
    <ele>4.0</ele>
    <time>2026-01-03T10:45:16Z</time>
   </trkpt>
   <trkpt lat="51.4717500" lon="-0.2690260">
    <ele>4.0</ele>
    <time>2026-01-03T10:45:17Z</time>
   </trkpt>
   <trkpt lat="51.4717430" lon="-0.2690140">
    <ele>4.0</ele>
    <time>2026-01-03T10:45:18Z</time>
   </trkpt>
   <trkpt lat="51.4717370" lon="-0.2690030">
    <ele>4.0</ele>
    <time>2026-01-03T10:45:19Z</time>
   </trkpt>
   <trkpt lat="51.4717260" lon="-0.2689750">
    <ele>4.0</ele>
    <time>2026-01-03T10:45:20Z</time>
   </trkpt>
   <trkpt lat="51.4717220" lon="-0.2689630">
    <ele>4.0</ele>
    <time>2026-01-03T10:45:21Z</time>
   </trkpt>
   <trkpt lat="51.4717180" lon="-0.2689510">
    <ele>4.0</ele>
    <time>2026-01-03T10:45:22Z</time>
   </trkpt>
   <trkpt lat="51.4717090" lon="-0.2689240">
    <ele>4.0</ele>
    <time>2026-01-03T10:45:23Z</time>
   </trkpt>
   <trkpt lat="51.4717070" lon="-0.2689190">
    <ele>4.0</ele>
    <time>2026-01-03T10:45:24Z</time>
   </trkpt>
   <trkpt lat="51.4717000" lon="-0.2689060">
    <ele>4.0</ele>
    <time>2026-01-03T10:45:25Z</time>
   </trkpt>
   <trkpt lat="51.4716870" lon="-0.2688820">
    <ele>4.0</ele>
    <time>2026-01-03T10:45:26Z</time>
   </trkpt>
   <trkpt lat="51.4716800" lon="-0.2688730">
    <ele>4.0</ele>
    <time>2026-01-03T10:45:27Z</time>
   </trkpt>
   <trkpt lat="51.4716720" lon="-0.2688650">
    <ele>4.0</ele>
    <time>2026-01-03T10:45:28Z</time>
   </trkpt>
   <trkpt lat="51.4716690" lon="-0.2688500">
    <ele>4.0</ele>
    <time>2026-01-03T10:45:29Z</time>
   </trkpt>
   <trkpt lat="51.4716600" lon="-0.2688290">
    <ele>4.0</ele>
    <time>2026-01-03T10:45:30Z</time>
   </trkpt>
   <trkpt lat="51.4716550" lon="-0.2688190">
    <ele>4.0</ele>
    <time>2026-01-03T10:45:31Z</time>
   </trkpt>
   <trkpt lat="51.4716470" lon="-0.2688000">
    <ele>4.0</ele>
    <time>2026-01-03T10:45:32Z</time>
   </trkpt>
   <trkpt lat="51.4716440" lon="-0.2687850">
    <ele>4.0</ele>
    <time>2026-01-03T10:45:33Z</time>
   </trkpt>
   <trkpt lat="51.4716400" lon="-0.2687720">
    <ele>4.0</ele>
    <time>2026-01-03T10:45:34Z</time>
   </trkpt>
   <trkpt lat="51.4716300" lon="-0.2687540">
    <ele>3.9</ele>
    <time>2026-01-03T10:45:35Z</time>
   </trkpt>
   <trkpt lat="51.4716210" lon="-0.2687370">
    <ele>3.9</ele>
    <time>2026-01-03T10:45:36Z</time>
   </trkpt>
   <trkpt lat="51.4716070" lon="-0.2687080">
    <ele>3.9</ele>
    <time>2026-01-03T10:45:37Z</time>
   </trkpt>
   <trkpt lat="51.4716030" lon="-0.2686980">
    <ele>3.9</ele>
    <time>2026-01-03T10:45:38Z</time>
   </trkpt>
   <trkpt lat="51.4715990" lon="-0.2686870">
    <ele>3.9</ele>
    <time>2026-01-03T10:45:39Z</time>
   </trkpt>
   <trkpt lat="51.4715890" lon="-0.2686720">
    <ele>3.9</ele>
    <time>2026-01-03T10:45:40Z</time>
   </trkpt>
   <trkpt lat="51.4715820" lon="-0.2686380">
    <ele>3.9</ele>
    <time>2026-01-03T10:45:41Z</time>
   </trkpt>
   <trkpt lat="51.4715780" lon="-0.2686310">
    <ele>3.9</ele>
    <time>2026-01-03T10:45:42Z</time>
   </trkpt>
   <trkpt lat="51.4715720" lon="-0.2686150">
    <ele>3.9</ele>
    <time>2026-01-03T10:45:43Z</time>
   </trkpt>
   <trkpt lat="51.4715640" lon="-0.2685890">
    <ele>3.9</ele>
    <time>2026-01-03T10:45:44Z</time>
   </trkpt>
   <trkpt lat="51.4715600" lon="-0.2685740">
    <ele>3.9</ele>
    <time>2026-01-03T10:45:45Z</time>
   </trkpt>
   <trkpt lat="51.4715560" lon="-0.2685610">
    <ele>3.9</ele>
    <time>2026-01-03T10:45:46Z</time>
   </trkpt>
   <trkpt lat="51.4715520" lon="-0.2685490">
    <ele>3.9</ele>
    <time>2026-01-03T10:45:47Z</time>
   </trkpt>
   <trkpt lat="51.4715480" lon="-0.2685360">
    <ele>3.9</ele>
    <time>2026-01-03T10:45:48Z</time>
   </trkpt>
   <trkpt lat="51.4715390" lon="-0.2685020">
    <ele>3.9</ele>
    <time>2026-01-03T10:45:49Z</time>
   </trkpt>
   <trkpt lat="51.4715330" lon="-0.2684920">
    <ele>3.9</ele>
    <time>2026-01-03T10:45:50Z</time>
   </trkpt>
   <trkpt lat="51.4715280" lon="-0.2684810">
    <ele>3.9</ele>
    <time>2026-01-03T10:45:51Z</time>
   </trkpt>
   <trkpt lat="51.4715210" lon="-0.2684660">
    <ele>3.9</ele>
    <time>2026-01-03T10:45:52Z</time>
   </trkpt>
   <trkpt lat="51.4715160" lon="-0.2684400">
    <ele>3.9</ele>
    <time>2026-01-03T10:45:53Z</time>
   </trkpt>
   <trkpt lat="51.4715080" lon="-0.2684230">
    <ele>3.9</ele>
    <time>2026-01-03T10:45:54Z</time>
   </trkpt>
   <trkpt lat="51.4714970" lon="-0.2684040">
    <ele>3.9</ele>
    <time>2026-01-03T10:45:55Z</time>
   </trkpt>
   <trkpt lat="51.4714930" lon="-0.2683810">
    <ele>3.9</ele>
    <time>2026-01-03T10:45:56Z</time>
   </trkpt>
   <trkpt lat="51.4714840" lon="-0.2683610">
    <ele>3.9</ele>
    <time>2026-01-03T10:45:57Z</time>
   </trkpt>
   <trkpt lat="51.4714790" lon="-0.2683470">
    <ele>3.9</ele>
    <time>2026-01-03T10:45:58Z</time>
   </trkpt>
   <trkpt lat="51.4714710" lon="-0.2683210">
    <ele>3.9</ele>
    <time>2026-01-03T10:45:59Z</time>
   </trkpt>
   <trkpt lat="51.4714680" lon="-0.2683020">
    <ele>3.9</ele>
    <time>2026-01-03T10:46:00Z</time>
   </trkpt>
   <trkpt lat="51.4714570" lon="-0.2682920">
    <ele>3.9</ele>
    <time>2026-01-03T10:46:01Z</time>
   </trkpt>
   <trkpt lat="51.4714480" lon="-0.2682770">
    <ele>3.9</ele>
    <time>2026-01-03T10:46:02Z</time>
   </trkpt>
   <trkpt lat="51.4714370" lon="-0.2682590">
    <ele>3.9</ele>
    <time>2026-01-03T10:46:03Z</time>
   </trkpt>
   <trkpt lat="51.4714310" lon="-0.2682470">
    <ele>3.9</ele>
    <time>2026-01-03T10:46:04Z</time>
   </trkpt>
   <trkpt lat="51.4714240" lon="-0.2682330">
    <ele>3.9</ele>
    <time>2026-01-03T10:46:06Z</time>
   </trkpt>
   <trkpt lat="51.4714070" lon="-0.2682060">
    <ele>3.9</ele>
    <time>2026-01-03T10:46:07Z</time>
   </trkpt>
   <trkpt lat="51.4714000" lon="-0.2682010">
    <ele>3.9</ele>
    <time>2026-01-03T10:46:08Z</time>
   </trkpt>
   <trkpt lat="51.4713930" lon="-0.2681950">
    <ele>3.9</ele>
    <time>2026-01-03T10:46:09Z</time>
   </trkpt>
   <trkpt lat="51.4713830" lon="-0.2681840">
    <ele>3.9</ele>
    <time>2026-01-03T10:46:10Z</time>
   </trkpt>
   <trkpt lat="51.4713750" lon="-0.2681730">
    <ele>3.9</ele>
    <time>2026-01-03T10:46:11Z</time>
   </trkpt>
   <trkpt lat="51.4713690" lon="-0.2681590">
    <ele>3.9</ele>
    <time>2026-01-03T10:46:12Z</time>
   </trkpt>
   <trkpt lat="51.4713590" lon="-0.2681430">
    <ele>3.9</ele>
    <time>2026-01-03T10:46:13Z</time>
   </trkpt>
   <trkpt lat="51.4713570" lon="-0.2681330">
    <ele>3.9</ele>
    <time>2026-01-03T10:46:14Z</time>
   </trkpt>
   <trkpt lat="51.4713500" lon="-0.2681200">
    <ele>3.9</ele>
    <time>2026-01-03T10:46:15Z</time>
   </trkpt>
   <trkpt lat="51.4713420" lon="-0.2680990">
    <ele>3.9</ele>
    <time>2026-01-03T10:46:16Z</time>
   </trkpt>
   <trkpt lat="51.4713380" lon="-0.2680760">
    <ele>3.9</ele>
    <time>2026-01-03T10:46:17Z</time>
   </trkpt>
   <trkpt lat="51.4713230" lon="-0.2680610">
    <ele>3.9</ele>
    <time>2026-01-03T10:46:18Z</time>
   </trkpt>
   <trkpt lat="51.4713120" lon="-0.2680430">
    <ele>3.9</ele>
    <time>2026-01-03T10:46:19Z</time>
   </trkpt>
   <trkpt lat="51.4713040" lon="-0.2680280">
    <ele>3.9</ele>
    <time>2026-01-03T10:46:20Z</time>
   </trkpt>
   <trkpt lat="51.4712980" lon="-0.2680030">
    <ele>3.9</ele>
    <time>2026-01-03T10:46:21Z</time>
   </trkpt>
   <trkpt lat="51.4712880" lon="-0.2679830">
    <ele>3.9</ele>
    <time>2026-01-03T10:46:22Z</time>
   </trkpt>
   <trkpt lat="51.4712810" lon="-0.2679670">
    <ele>3.9</ele>
    <time>2026-01-03T10:46:23Z</time>
   </trkpt>
   <trkpt lat="51.4712750" lon="-0.2679520">
    <ele>3.9</ele>
    <time>2026-01-03T10:46:24Z</time>
   </trkpt>
   <trkpt lat="51.4712710" lon="-0.2679410">
    <ele>3.9</ele>
    <time>2026-01-03T10:46:25Z</time>
   </trkpt>
   <trkpt lat="51.4712610" lon="-0.2679140">
    <ele>3.9</ele>
    <time>2026-01-03T10:46:26Z</time>
   </trkpt>
   <trkpt lat="51.4712540" lon="-0.2679100">
    <ele>3.9</ele>
    <time>2026-01-03T10:46:27Z</time>
   </trkpt>
   <trkpt lat="51.4712460" lon="-0.2679100">
    <ele>3.9</ele>
    <time>2026-01-03T10:46:28Z</time>
   </trkpt>
   <trkpt lat="51.4712300" lon="-0.2679040">
    <ele>3.9</ele>
    <time>2026-01-03T10:46:29Z</time>
   </trkpt>
   <trkpt lat="51.4712160" lon="-0.2679010">
    <ele>3.9</ele>
    <time>2026-01-03T10:46:30Z</time>
   </trkpt>
   <trkpt lat="51.4712030" lon="-0.2678920">
    <ele>3.9</ele>
    <time>2026-01-03T10:46:31Z</time>
   </trkpt>
   <trkpt lat="51.4711920" lon="-0.2678650">
    <ele>3.9</ele>
    <time>2026-01-03T10:46:32Z</time>
   </trkpt>
   <trkpt lat="51.4711850" lon="-0.2678540">
    <ele>3.9</ele>
    <time>2026-01-03T10:46:33Z</time>
   </trkpt>
   <trkpt lat="51.4711790" lon="-0.2678440">
    <ele>3.9</ele>
    <time>2026-01-03T10:46:34Z</time>
   </trkpt>
   <trkpt lat="51.4711700" lon="-0.2678160">
    <ele>3.9</ele>
    <time>2026-01-03T10:46:35Z</time>
   </trkpt>
   <trkpt lat="51.4711670" lon="-0.2678010">
    <ele>3.9</ele>
    <time>2026-01-03T10:46:36Z</time>
   </trkpt>
   <trkpt lat="51.4711590" lon="-0.2677770">
    <ele>3.9</ele>
    <time>2026-01-03T10:46:37Z</time>
   </trkpt>
   <trkpt lat="51.4711560" lon="-0.2677530">
    <ele>3.9</ele>
    <time>2026-01-03T10:46:38Z</time>
   </trkpt>
   <trkpt lat="51.4711520" lon="-0.2677370">
    <ele>3.9</ele>
    <time>2026-01-03T10:46:39Z</time>
   </trkpt>
   <trkpt lat="51.4711460" lon="-0.2677240">
    <ele>3.9</ele>
    <time>2026-01-03T10:46:40Z</time>
   </trkpt>
   <trkpt lat="51.4711370" lon="-0.2677040">
    <ele>3.9</ele>
    <time>2026-01-03T10:46:41Z</time>
   </trkpt>
   <trkpt lat="51.4711270" lon="-0.2676730">
    <ele>3.9</ele>
    <time>2026-01-03T10:46:42Z</time>
   </trkpt>
   <trkpt lat="51.4711240" lon="-0.2676620">
    <ele>3.9</ele>
    <time>2026-01-03T10:46:43Z</time>
   </trkpt>
   <trkpt lat="51.4711200" lon="-0.2676500">
    <ele>3.9</ele>
    <time>2026-01-03T10:46:44Z</time>
   </trkpt>
   <trkpt lat="51.4711060" lon="-0.2676090">
    <ele>3.9</ele>
    <time>2026-01-03T10:46:45Z</time>
   </trkpt>
   <trkpt lat="51.4710990" lon="-0.2675970">
    <ele>3.9</ele>
    <time>2026-01-03T10:46:46Z</time>
   </trkpt>
   <trkpt lat="51.4710890" lon="-0.2675680">
    <ele>3.9</ele>
    <time>2026-01-03T10:46:47Z</time>
   </trkpt>
   <trkpt lat="51.4710920" lon="-0.2675540">
    <ele>3.9</ele>
    <time>2026-01-03T10:46:48Z</time>
   </trkpt>
   <trkpt lat="51.4710880" lon="-0.2675320">
    <ele>3.9</ele>
    <time>2026-01-03T10:46:49Z</time>
   </trkpt>
   <trkpt lat="51.4710830" lon="-0.2675170">
    <ele>3.9</ele>
    <time>2026-01-03T10:46:50Z</time>
   </trkpt>
   <trkpt lat="51.4710800" lon="-0.2674860">
    <ele>3.9</ele>
    <time>2026-01-03T10:46:51Z</time>
   </trkpt>
   <trkpt lat="51.4710760" lon="-0.2674750">
    <ele>3.9</ele>
    <time>2026-01-03T10:46:52Z</time>
   </trkpt>
   <trkpt lat="51.4710720" lon="-0.2674640">
    <ele>3.9</ele>
    <time>2026-01-03T10:46:53Z</time>
   </trkpt>
   <trkpt lat="51.4710680" lon="-0.2674530">
    <ele>3.9</ele>
    <time>2026-01-03T10:46:54Z</time>
   </trkpt>
   <trkpt lat="51.4710640" lon="-0.2674300">
    <ele>3.9</ele>
    <time>2026-01-03T10:46:55Z</time>
   </trkpt>
   <trkpt lat="51.4710620" lon="-0.2674210">
    <ele>3.9</ele>
    <time>2026-01-03T10:46:56Z</time>
   </trkpt>
   <trkpt lat="51.4710630" lon="-0.2674050">
    <ele>3.9</ele>
    <time>2026-01-03T10:46:57Z</time>
   </trkpt>
   <trkpt lat="51.4710540" lon="-0.2673920">
    <ele>3.9</ele>
    <time>2026-01-03T10:46:58Z</time>
   </trkpt>
   <trkpt lat="51.4710370" lon="-0.2673780">
    <ele>3.9</ele>
    <time>2026-01-03T10:46:59Z</time>
   </trkpt>
   <trkpt lat="51.4710240" lon="-0.2673530">
    <ele>3.9</ele>
    <time>2026-01-03T10:47:00Z</time>
   </trkpt>
   <trkpt lat="51.4710230" lon="-0.2673390">
    <ele>3.9</ele>
    <time>2026-01-03T10:47:01Z</time>
   </trkpt>
   <trkpt lat="51.4710210" lon="-0.2673260">
    <ele>3.9</ele>
    <time>2026-01-03T10:47:02Z</time>
   </trkpt>
   <trkpt lat="51.4710180" lon="-0.2673100">
    <ele>3.9</ele>
    <time>2026-01-03T10:47:03Z</time>
   </trkpt>
   <trkpt lat="51.4710120" lon="-0.2672960">
    <ele>3.9</ele>
    <time>2026-01-03T10:47:04Z</time>
   </trkpt>
   <trkpt lat="51.4710140" lon="-0.2672690">
    <ele>3.9</ele>
    <time>2026-01-03T10:47:05Z</time>
   </trkpt>
   <trkpt lat="51.4710160" lon="-0.2672430">
    <ele>3.9</ele>
    <time>2026-01-03T10:47:06Z</time>
   </trkpt>
   <trkpt lat="51.4710170" lon="-0.2672190">
    <ele>3.9</ele>
    <time>2026-01-03T10:47:07Z</time>
   </trkpt>
   <trkpt lat="51.4710120" lon="-0.2671830">
    <ele>3.9</ele>
    <time>2026-01-03T10:47:08Z</time>
   </trkpt>
   <trkpt lat="51.4710090" lon="-0.2671680">
    <ele>3.9</ele>
    <time>2026-01-03T10:47:09Z</time>
   </trkpt>
   <trkpt lat="51.4710060" lon="-0.2671540">
    <ele>3.9</ele>
    <time>2026-01-03T10:47:10Z</time>
   </trkpt>
   <trkpt lat="51.4710010" lon="-0.2671430">
    <ele>3.9</ele>
    <time>2026-01-03T10:47:11Z</time>
   </trkpt>
   <trkpt lat="51.4709960" lon="-0.2671220">
    <ele>3.9</ele>
    <time>2026-01-03T10:47:12Z</time>
   </trkpt>
   <trkpt lat="51.4709940" lon="-0.2671070">
    <ele>3.9</ele>
    <time>2026-01-03T10:47:13Z</time>
   </trkpt>
   <trkpt lat="51.4709820" lon="-0.2670790">
    <ele>3.9</ele>
    <time>2026-01-03T10:47:14Z</time>
   </trkpt>
   <trkpt lat="51.4709810" lon="-0.2670640">
    <ele>3.9</ele>
    <time>2026-01-03T10:47:15Z</time>
   </trkpt>
   <trkpt lat="51.4709810" lon="-0.2670440">
    <ele>3.9</ele>
    <time>2026-01-03T10:47:16Z</time>
   </trkpt>
   <trkpt lat="51.4709810" lon="-0.2670280">
    <ele>3.9</ele>
    <time>2026-01-03T10:47:17Z</time>
   </trkpt>
   <trkpt lat="51.4709750" lon="-0.2670120">
    <ele>3.9</ele>
    <time>2026-01-03T10:47:18Z</time>
   </trkpt>
   <trkpt lat="51.4709750" lon="-0.2669830">
    <ele>3.9</ele>
    <time>2026-01-03T10:47:19Z</time>
   </trkpt>
   <trkpt lat="51.4709740" lon="-0.2669660">
    <ele>3.9</ele>
    <time>2026-01-03T10:47:20Z</time>
   </trkpt>
   <trkpt lat="51.4709690" lon="-0.2669520">
    <ele>3.9</ele>
    <time>2026-01-03T10:47:21Z</time>
   </trkpt>
   <trkpt lat="51.4709640" lon="-0.2669350">
    <ele>3.9</ele>
    <time>2026-01-03T10:47:22Z</time>
   </trkpt>
   <trkpt lat="51.4709580" lon="-0.2669160">
    <ele>3.9</ele>
    <time>2026-01-03T10:47:23Z</time>
   </trkpt>
   <trkpt lat="51.4709540" lon="-0.2669030">
    <ele>3.9</ele>
    <time>2026-01-03T10:47:24Z</time>
   </trkpt>
   <trkpt lat="51.4709400" lon="-0.2668810">
    <ele>3.9</ele>
    <time>2026-01-03T10:47:25Z</time>
   </trkpt>
   <trkpt lat="51.4709350" lon="-0.2668680">
    <ele>3.9</ele>
    <time>2026-01-03T10:47:26Z</time>
   </trkpt>
   <trkpt lat="51.4709280" lon="-0.2668510">
    <ele>3.9</ele>
    <time>2026-01-03T10:47:27Z</time>
   </trkpt>
   <trkpt lat="51.4709230" lon="-0.2668330">
    <ele>3.9</ele>
    <time>2026-01-03T10:47:28Z</time>
   </trkpt>
   <trkpt lat="51.4709190" lon="-0.2668020">
    <ele>3.9</ele>
    <time>2026-01-03T10:47:29Z</time>
   </trkpt>
   <trkpt lat="51.4709150" lon="-0.2667860">
    <ele>3.9</ele>
    <time>2026-01-03T10:47:30Z</time>
   </trkpt>
   <trkpt lat="51.4709120" lon="-0.2667710">
    <ele>3.9</ele>
    <time>2026-01-03T10:47:31Z</time>
   </trkpt>
   <trkpt lat="51.4709060" lon="-0.2667610">
    <ele>3.9</ele>
    <time>2026-01-03T10:47:32Z</time>
   </trkpt>
   <trkpt lat="51.4708970" lon="-0.2667410">
    <ele>3.9</ele>
    <time>2026-01-03T10:47:33Z</time>
   </trkpt>
   <trkpt lat="51.4708960" lon="-0.2667270">
    <ele>3.9</ele>
    <time>2026-01-03T10:47:34Z</time>
   </trkpt>
   <trkpt lat="51.4708910" lon="-0.2667120">
    <ele>3.9</ele>
    <time>2026-01-03T10:47:35Z</time>
   </trkpt>
   <trkpt lat="51.4708860" lon="-0.2666910">
    <ele>3.9</ele>
    <time>2026-01-03T10:47:36Z</time>
   </trkpt>
   <trkpt lat="51.4708810" lon="-0.2666750">
    <ele>3.9</ele>
    <time>2026-01-03T10:47:37Z</time>
   </trkpt>
   <trkpt lat="51.4708760" lon="-0.2666490">
    <ele>3.9</ele>
    <time>2026-01-03T10:47:38Z</time>
   </trkpt>
   <trkpt lat="51.4708750" lon="-0.2666360">
    <ele>3.9</ele>
    <time>2026-01-03T10:47:39Z</time>
   </trkpt>
   <trkpt lat="51.4708700" lon="-0.2666200">
    <ele>3.9</ele>
    <time>2026-01-03T10:47:40Z</time>
   </trkpt>
   <trkpt lat="51.4708610" lon="-0.2666010">
    <ele>4.0</ele>
    <time>2026-01-03T10:47:41Z</time>
   </trkpt>
   <trkpt lat="51.4708530" lon="-0.2665860">
    <ele>4.0</ele>
    <time>2026-01-03T10:47:42Z</time>
   </trkpt>
   <trkpt lat="51.4708440" lon="-0.2665730">
    <ele>4.0</ele>
    <time>2026-01-03T10:47:43Z</time>
   </trkpt>
   <trkpt lat="51.4708390" lon="-0.2665550">
    <ele>4.0</ele>
    <time>2026-01-03T10:47:44Z</time>
   </trkpt>
   <trkpt lat="51.4708340" lon="-0.2665370">
    <ele>4.0</ele>
    <time>2026-01-03T10:47:45Z</time>
   </trkpt>
   <trkpt lat="51.4708250" lon="-0.2665130">
    <ele>4.0</ele>
    <time>2026-01-03T10:47:46Z</time>
   </trkpt>
   <trkpt lat="51.4708180" lon="-0.2664870">
    <ele>4.0</ele>
    <time>2026-01-03T10:47:47Z</time>
   </trkpt>
   <trkpt lat="51.4708190" lon="-0.2664680">
    <ele>4.0</ele>
    <time>2026-01-03T10:47:48Z</time>
   </trkpt>
   <trkpt lat="51.4708160" lon="-0.2664450">
    <ele>4.0</ele>
    <time>2026-01-03T10:47:49Z</time>
   </trkpt>
   <trkpt lat="51.4708150" lon="-0.2664310">
    <ele>4.0</ele>
    <time>2026-01-03T10:47:50Z</time>
   </trkpt>
   <trkpt lat="51.4708120" lon="-0.2664080">
    <ele>4.0</ele>
    <time>2026-01-03T10:47:51Z</time>
   </trkpt>
   <trkpt lat="51.4708060" lon="-0.2663880">
    <ele>4.0</ele>
    <time>2026-01-03T10:47:52Z</time>
   </trkpt>
   <trkpt lat="51.4708050" lon="-0.2663770">
    <ele>4.0</ele>
    <time>2026-01-03T10:47:53Z</time>
   </trkpt>
   <trkpt lat="51.4708020" lon="-0.2663580">
    <ele>4.0</ele>
    <time>2026-01-03T10:47:54Z</time>
   </trkpt>
   <trkpt lat="51.4708010" lon="-0.2663320">
    <ele>4.0</ele>
    <time>2026-01-03T10:47:55Z</time>
   </trkpt>
   <trkpt lat="51.4707840" lon="-0.2663120">
    <ele>4.1</ele>
    <time>2026-01-03T10:47:56Z</time>
   </trkpt>
   <trkpt lat="51.4707790" lon="-0.2663020">
    <ele>4.1</ele>
    <time>2026-01-03T10:47:57Z</time>
   </trkpt>
   <trkpt lat="51.4707740" lon="-0.2662910">
    <ele>4.1</ele>
    <time>2026-01-03T10:47:58Z</time>
   </trkpt>
   <trkpt lat="51.4707660" lon="-0.2662740">
    <ele>4.1</ele>
    <time>2026-01-03T10:47:59Z</time>
   </trkpt>
   <trkpt lat="51.4707570" lon="-0.2662640">
    <ele>4.1</ele>
    <time>2026-01-03T10:48:00Z</time>
   </trkpt>
   <trkpt lat="51.4707550" lon="-0.2662500">
    <ele>4.1</ele>
    <time>2026-01-03T10:48:01Z</time>
   </trkpt>
   <trkpt lat="51.4707480" lon="-0.2662330">
    <ele>4.1</ele>
    <time>2026-01-03T10:48:02Z</time>
   </trkpt>
   <trkpt lat="51.4707440" lon="-0.2662200">
    <ele>4.1</ele>
    <time>2026-01-03T10:48:03Z</time>
   </trkpt>
   <trkpt lat="51.4707350" lon="-0.2662060">
    <ele>4.1</ele>
    <time>2026-01-03T10:48:04Z</time>
   </trkpt>
   <trkpt lat="51.4707280" lon="-0.2661880">
    <ele>4.1</ele>
    <time>2026-01-03T10:48:05Z</time>
   </trkpt>
   <trkpt lat="51.4707220" lon="-0.2661720">
    <ele>4.1</ele>
    <time>2026-01-03T10:48:06Z</time>
   </trkpt>
   <trkpt lat="51.4707260" lon="-0.2661610">
    <ele>4.2</ele>
    <time>2026-01-03T10:48:07Z</time>
   </trkpt>
   <trkpt lat="51.4707250" lon="-0.2661450">
    <ele>4.2</ele>
    <time>2026-01-03T10:48:08Z</time>
   </trkpt>
   <trkpt lat="51.4707220" lon="-0.2661220">
    <ele>4.2</ele>
    <time>2026-01-03T10:48:09Z</time>
   </trkpt>
   <trkpt lat="51.4707180" lon="-0.2661050">
    <ele>4.2</ele>
    <time>2026-01-03T10:48:10Z</time>
   </trkpt>
   <trkpt lat="51.4707150" lon="-0.2660690">
    <ele>4.2</ele>
    <time>2026-01-03T10:48:12Z</time>
   </trkpt>
   <trkpt lat="51.4707140" lon="-0.2660520">
    <ele>4.2</ele>
    <time>2026-01-03T10:48:13Z</time>
   </trkpt>
   <trkpt lat="51.4707120" lon="-0.2660360">
    <ele>4.2</ele>
    <time>2026-01-03T10:48:14Z</time>
   </trkpt>
   <trkpt lat="51.4707130" lon="-0.2660160">
    <ele>4.2</ele>
    <time>2026-01-03T10:48:15Z</time>
   </trkpt>
   <trkpt lat="51.4707080" lon="-0.2660000">
    <ele>4.2</ele>
    <time>2026-01-03T10:48:16Z</time>
   </trkpt>
   <trkpt lat="51.4707070" lon="-0.2659810">
    <ele>4.2</ele>
    <time>2026-01-03T10:48:17Z</time>
   </trkpt>
   <trkpt lat="51.4707010" lon="-0.2659600">
    <ele>4.2</ele>
    <time>2026-01-03T10:48:18Z</time>
   </trkpt>
   <trkpt lat="51.4706960" lon="-0.2659390">
    <ele>4.2</ele>
    <time>2026-01-03T10:48:19Z</time>
   </trkpt>
   <trkpt lat="51.4706900" lon="-0.2659130">
    <ele>4.2</ele>
    <time>2026-01-03T10:48:20Z</time>
   </trkpt>
   <trkpt lat="51.4706830" lon="-0.2658880">
    <ele>4.2</ele>
    <time>2026-01-03T10:48:21Z</time>
   </trkpt>
   <trkpt lat="51.4706760" lon="-0.2658680">
    <ele>4.2</ele>
    <time>2026-01-03T10:48:22Z</time>
   </trkpt>
   <trkpt lat="51.4706720" lon="-0.2658380">
    <ele>4.2</ele>
    <time>2026-01-03T10:48:23Z</time>
   </trkpt>
   <trkpt lat="51.4706710" lon="-0.2658150">
    <ele>4.2</ele>
    <time>2026-01-03T10:48:24Z</time>
   </trkpt>
   <trkpt lat="51.4706700" lon="-0.2657930">
    <ele>4.2</ele>
    <time>2026-01-03T10:48:25Z</time>
   </trkpt>
   <trkpt lat="51.4706600" lon="-0.2657780">
    <ele>4.2</ele>
    <time>2026-01-03T10:48:26Z</time>
   </trkpt>
   <trkpt lat="51.4706520" lon="-0.2657520">
    <ele>4.2</ele>
    <time>2026-01-03T10:48:27Z</time>
   </trkpt>
   <trkpt lat="51.4706520" lon="-0.2657400">
    <ele>4.2</ele>
    <time>2026-01-03T10:48:28Z</time>
   </trkpt>
   <trkpt lat="51.4706470" lon="-0.2657250">
    <ele>4.2</ele>
    <time>2026-01-03T10:48:29Z</time>
   </trkpt>
   <trkpt lat="51.4706470" lon="-0.2657020">
    <ele>4.2</ele>
    <time>2026-01-03T10:48:30Z</time>
   </trkpt>
   <trkpt lat="51.4706450" lon="-0.2656920">
    <ele>4.2</ele>
    <time>2026-01-03T10:48:31Z</time>
   </trkpt>
   <trkpt lat="51.4706430" lon="-0.2656690">
    <ele>4.2</ele>
    <time>2026-01-03T10:48:32Z</time>
   </trkpt>
   <trkpt lat="51.4706410" lon="-0.2656540">
    <ele>4.2</ele>
    <time>2026-01-03T10:48:33Z</time>
   </trkpt>
   <trkpt lat="51.4706400" lon="-0.2656380">
    <ele>4.2</ele>
    <time>2026-01-03T10:48:34Z</time>
   </trkpt>
   <trkpt lat="51.4706380" lon="-0.2656200">
    <ele>4.2</ele>
    <time>2026-01-03T10:48:35Z</time>
   </trkpt>
   <trkpt lat="51.4706390" lon="-0.2655990">
    <ele>4.2</ele>
    <time>2026-01-03T10:48:36Z</time>
   </trkpt>
   <trkpt lat="51.4706350" lon="-0.2655800">
    <ele>4.1</ele>
    <time>2026-01-03T10:48:37Z</time>
   </trkpt>
   <trkpt lat="51.4706300" lon="-0.2655550">
    <ele>4.1</ele>
    <time>2026-01-03T10:48:38Z</time>
   </trkpt>
   <trkpt lat="51.4706260" lon="-0.2655330">
    <ele>4.1</ele>
    <time>2026-01-03T10:48:39Z</time>
   </trkpt>
   <trkpt lat="51.4706200" lon="-0.2655100">
    <ele>4.1</ele>
    <time>2026-01-03T10:48:40Z</time>
   </trkpt>
   <trkpt lat="51.4706160" lon="-0.2654930">
    <ele>4.1</ele>
    <time>2026-01-03T10:48:41Z</time>
   </trkpt>
   <trkpt lat="51.4706160" lon="-0.2654640">
    <ele>4.1</ele>
    <time>2026-01-03T10:48:42Z</time>
   </trkpt>
   <trkpt lat="51.4706100" lon="-0.2654350">
    <ele>4.1</ele>
    <time>2026-01-03T10:48:43Z</time>
   </trkpt>
   <trkpt lat="51.4706080" lon="-0.2654200">
    <ele>4.1</ele>
    <time>2026-01-03T10:48:44Z</time>
   </trkpt>
   <trkpt lat="51.4706060" lon="-0.2654060">
    <ele>4.1</ele>
    <time>2026-01-03T10:48:45Z</time>
   </trkpt>
   <trkpt lat="51.4706030" lon="-0.2653860">
    <ele>4.1</ele>
    <time>2026-01-03T10:48:46Z</time>
   </trkpt>
   <trkpt lat="51.4705960" lon="-0.2653650">
    <ele>4.1</ele>
    <time>2026-01-03T10:48:47Z</time>
   </trkpt>
   <trkpt lat="51.4705910" lon="-0.2653330">
    <ele>4.0</ele>
    <time>2026-01-03T10:48:48Z</time>
   </trkpt>
   <trkpt lat="51.4705900" lon="-0.2653160">
    <ele>4.0</ele>
    <time>2026-01-03T10:48:49Z</time>
   </trkpt>
   <trkpt lat="51.4705880" lon="-0.2652990">
    <ele>4.0</ele>
    <time>2026-01-03T10:48:50Z</time>
   </trkpt>
   <trkpt lat="51.4705920" lon="-0.2652840">
    <ele>4.0</ele>
    <time>2026-01-03T10:48:51Z</time>
   </trkpt>
   <trkpt lat="51.4705890" lon="-0.2652610">
    <ele>4.0</ele>
    <time>2026-01-03T10:48:52Z</time>
   </trkpt>
   <trkpt lat="51.4705850" lon="-0.2652460">
    <ele>4.0</ele>
    <time>2026-01-03T10:48:53Z</time>
   </trkpt>
   <trkpt lat="51.4705760" lon="-0.2652080">
    <ele>4.0</ele>
    <time>2026-01-03T10:48:54Z</time>
   </trkpt>
   <trkpt lat="51.4705740" lon="-0.2651950">
    <ele>3.9</ele>
    <time>2026-01-03T10:48:55Z</time>
   </trkpt>
   <trkpt lat="51.4705730" lon="-0.2651820">
    <ele>3.9</ele>
    <time>2026-01-03T10:48:56Z</time>
   </trkpt>
   <trkpt lat="51.4705710" lon="-0.2651680">
    <ele>3.9</ele>
    <time>2026-01-03T10:48:57Z</time>
   </trkpt>
   <trkpt lat="51.4705680" lon="-0.2651480">
    <ele>3.9</ele>
    <time>2026-01-03T10:48:58Z</time>
   </trkpt>
   <trkpt lat="51.4705640" lon="-0.2651370">
    <ele>3.9</ele>
    <time>2026-01-03T10:48:59Z</time>
   </trkpt>
   <trkpt lat="51.4705560" lon="-0.2651110">
    <ele>3.9</ele>
    <time>2026-01-03T10:49:00Z</time>
   </trkpt>
   <trkpt lat="51.4705510" lon="-0.2650980">
    <ele>3.9</ele>
    <time>2026-01-03T10:49:01Z</time>
   </trkpt>
   <trkpt lat="51.4705470" lon="-0.2650840">
    <ele>3.8</ele>
    <time>2026-01-03T10:49:02Z</time>
   </trkpt>
   <trkpt lat="51.4705380" lon="-0.2650550">
    <ele>3.8</ele>
    <time>2026-01-03T10:49:03Z</time>
   </trkpt>
   <trkpt lat="51.4705360" lon="-0.2650420">
    <ele>3.8</ele>
    <time>2026-01-03T10:49:04Z</time>
   </trkpt>
   <trkpt lat="51.4705340" lon="-0.2650280">
    <ele>3.8</ele>
    <time>2026-01-03T10:49:05Z</time>
   </trkpt>
   <trkpt lat="51.4705320" lon="-0.2650050">
    <ele>3.8</ele>
    <time>2026-01-03T10:49:06Z</time>
   </trkpt>
   <trkpt lat="51.4705270" lon="-0.2649840">
    <ele>3.8</ele>
    <time>2026-01-03T10:49:07Z</time>
   </trkpt>
   <trkpt lat="51.4705170" lon="-0.2649480">
    <ele>3.7</ele>
    <time>2026-01-03T10:49:08Z</time>
   </trkpt>
   <trkpt lat="51.4705150" lon="-0.2649350">
    <ele>3.7</ele>
    <time>2026-01-03T10:49:09Z</time>
   </trkpt>
   <trkpt lat="51.4705130" lon="-0.2649210">
    <ele>3.7</ele>
    <time>2026-01-03T10:49:10Z</time>
   </trkpt>
   <trkpt lat="51.4705050" lon="-0.2649000">
    <ele>3.7</ele>
    <time>2026-01-03T10:49:11Z</time>
   </trkpt>
   <trkpt lat="51.4704980" lon="-0.2648810">
    <ele>3.7</ele>
    <time>2026-01-03T10:49:12Z</time>
   </trkpt>
   <trkpt lat="51.4704860" lon="-0.2648660">
    <ele>3.7</ele>
    <time>2026-01-03T10:49:13Z</time>
   </trkpt>
   <trkpt lat="51.4704780" lon="-0.2648480">
    <ele>3.7</ele>
    <time>2026-01-03T10:49:14Z</time>
   </trkpt>
   <trkpt lat="51.4704650" lon="-0.2648280">
    <ele>3.7</ele>
    <time>2026-01-03T10:49:15Z</time>
   </trkpt>
   <trkpt lat="51.4704570" lon="-0.2648200">
    <ele>3.7</ele>
    <time>2026-01-03T10:49:16Z</time>
   </trkpt>
   <trkpt lat="51.4704470" lon="-0.2647860">
    <ele>3.7</ele>
    <time>2026-01-03T10:49:17Z</time>
   </trkpt>
   <trkpt lat="51.4704420" lon="-0.2647730">
    <ele>3.7</ele>
    <time>2026-01-03T10:49:18Z</time>
   </trkpt>
   <trkpt lat="51.4704370" lon="-0.2647600">
    <ele>3.7</ele>
    <time>2026-01-03T10:49:19Z</time>
   </trkpt>
   <trkpt lat="51.4704260" lon="-0.2647300">
    <ele>3.7</ele>
    <time>2026-01-03T10:49:20Z</time>
   </trkpt>
   <trkpt lat="51.4704210" lon="-0.2647180">
    <ele>3.7</ele>
    <time>2026-01-03T10:49:21Z</time>
   </trkpt>
   <trkpt lat="51.4704170" lon="-0.2647050">
    <ele>3.7</ele>
    <time>2026-01-03T10:49:22Z</time>
   </trkpt>
   <trkpt lat="51.4704090" lon="-0.2646860">
    <ele>3.7</ele>
    <time>2026-01-03T10:49:23Z</time>
   </trkpt>
   <trkpt lat="51.4704030" lon="-0.2646740">
    <ele>3.7</ele>
    <time>2026-01-03T10:49:24Z</time>
   </trkpt>
   <trkpt lat="51.4703980" lon="-0.2646580">
    <ele>3.7</ele>
    <time>2026-01-03T10:49:25Z</time>
   </trkpt>
   <trkpt lat="51.4703820" lon="-0.2646230">
    <ele>3.7</ele>
    <time>2026-01-03T10:49:26Z</time>
   </trkpt>
   <trkpt lat="51.4703780" lon="-0.2646110">
    <ele>3.7</ele>
    <time>2026-01-03T10:49:27Z</time>
   </trkpt>
   <trkpt lat="51.4703740" lon="-0.2646000">
    <ele>3.7</ele>
    <time>2026-01-03T10:49:28Z</time>
   </trkpt>
   <trkpt lat="51.4703670" lon="-0.2645880">
    <ele>3.8</ele>
    <time>2026-01-03T10:49:29Z</time>
   </trkpt>
   <trkpt lat="51.4703610" lon="-0.2645610">
    <ele>3.8</ele>
    <time>2026-01-03T10:49:30Z</time>
   </trkpt>
   <trkpt lat="51.4703530" lon="-0.2645520">
    <ele>3.8</ele>
    <time>2026-01-03T10:49:31Z</time>
   </trkpt>
   <trkpt lat="51.4703490" lon="-0.2645270">
    <ele>3.8</ele>
    <time>2026-01-03T10:49:32Z</time>
   </trkpt>
   <trkpt lat="51.4703440" lon="-0.2645150">
    <ele>3.8</ele>
    <time>2026-01-03T10:49:33Z</time>
   </trkpt>
   <trkpt lat="51.4703360" lon="-0.2644980">
    <ele>3.8</ele>
    <time>2026-01-03T10:49:34Z</time>
   </trkpt>
   <trkpt lat="51.4703280" lon="-0.2644750">
    <ele>3.8</ele>
    <time>2026-01-03T10:49:35Z</time>
   </trkpt>
   <trkpt lat="51.4703220" lon="-0.2644650">
    <ele>3.8</ele>
    <time>2026-01-03T10:49:36Z</time>
   </trkpt>
   <trkpt lat="51.4703140" lon="-0.2644460">
    <ele>3.8</ele>
    <time>2026-01-03T10:49:37Z</time>
   </trkpt>
   <trkpt lat="51.4703070" lon="-0.2644360">
    <ele>3.8</ele>
    <time>2026-01-03T10:49:38Z</time>
   </trkpt>
   <trkpt lat="51.4703000" lon="-0.2644030">
    <ele>3.8</ele>
    <time>2026-01-03T10:49:39Z</time>
   </trkpt>
   <trkpt lat="51.4702980" lon="-0.2643890">
    <ele>3.8</ele>
    <time>2026-01-03T10:49:40Z</time>
   </trkpt>
   <trkpt lat="51.4702970" lon="-0.2643750">
    <ele>3.7</ele>
    <time>2026-01-03T10:49:41Z</time>
   </trkpt>
   <trkpt lat="51.4702870" lon="-0.2643470">
    <ele>3.7</ele>
    <time>2026-01-03T10:49:42Z</time>
   </trkpt>
   <trkpt lat="51.4702820" lon="-0.2643360">
    <ele>3.7</ele>
    <time>2026-01-03T10:49:43Z</time>
   </trkpt>
   <trkpt lat="51.4702780" lon="-0.2643260">
    <ele>3.7</ele>
    <time>2026-01-03T10:49:44Z</time>
   </trkpt>
   <trkpt lat="51.4702730" lon="-0.2643100">
    <ele>3.7</ele>
    <time>2026-01-03T10:49:45Z</time>
   </trkpt>
   <trkpt lat="51.4702680" lon="-0.2642930">
    <ele>3.7</ele>
    <time>2026-01-03T10:49:46Z</time>
   </trkpt>
   <trkpt lat="51.4702670" lon="-0.2642730">
    <ele>3.7</ele>
    <time>2026-01-03T10:49:47Z</time>
   </trkpt>
   <trkpt lat="51.4702590" lon="-0.2642500">
    <ele>3.7</ele>
    <time>2026-01-03T10:49:48Z</time>
   </trkpt>
   <trkpt lat="51.4702570" lon="-0.2642400">
    <ele>3.7</ele>
    <time>2026-01-03T10:49:49Z</time>
   </trkpt>
   <trkpt lat="51.4702540" lon="-0.2642290">
    <ele>3.7</ele>
    <time>2026-01-03T10:49:50Z</time>
   </trkpt>
   <trkpt lat="51.4702510" lon="-0.2642190">
    <ele>3.7</ele>
    <time>2026-01-03T10:49:51Z</time>
   </trkpt>
   <trkpt lat="51.4702460" lon="-0.2642030">
    <ele>3.7</ele>
    <time>2026-01-03T10:49:52Z</time>
   </trkpt>
   <trkpt lat="51.4702410" lon="-0.2641820">
    <ele>3.7</ele>
    <time>2026-01-03T10:49:53Z</time>
   </trkpt>
   <trkpt lat="51.4702410" lon="-0.2641770">
    <ele>3.7</ele>
    <time>2026-01-03T10:49:54Z</time>
   </trkpt>
   <trkpt lat="51.4702360" lon="-0.2641690">
    <ele>3.7</ele>
    <time>2026-01-03T10:49:55Z</time>
   </trkpt>
   <trkpt lat="51.4702310" lon="-0.2641430">
    <ele>3.7</ele>
    <time>2026-01-03T10:49:56Z</time>
   </trkpt>
   <trkpt lat="51.4702280" lon="-0.2641320">
    <ele>3.7</ele>
    <time>2026-01-03T10:49:57Z</time>
   </trkpt>
   <trkpt lat="51.4702260" lon="-0.2641110">
    <ele>3.7</ele>
    <time>2026-01-03T10:49:58Z</time>
   </trkpt>
   <trkpt lat="51.4702200" lon="-0.2640850">
    <ele>3.7</ele>
    <time>2026-01-03T10:49:59Z</time>
   </trkpt>
   <trkpt lat="51.4702230" lon="-0.2640690">
    <ele>3.7</ele>
    <time>2026-01-03T10:50:00Z</time>
   </trkpt>
   <trkpt lat="51.4702190" lon="-0.2640500">
    <ele>3.7</ele>
    <time>2026-01-03T10:50:01Z</time>
   </trkpt>
   <trkpt lat="51.4702120" lon="-0.2640300">
    <ele>3.7</ele>
    <time>2026-01-03T10:50:02Z</time>
   </trkpt>
   <trkpt lat="51.4702080" lon="-0.2640090">
    <ele>3.7</ele>
    <time>2026-01-03T10:50:03Z</time>
   </trkpt>
   <trkpt lat="51.4702130" lon="-0.2639950">
    <ele>3.7</ele>
    <time>2026-01-03T10:50:04Z</time>
   </trkpt>
   <trkpt lat="51.4702170" lon="-0.2639820">
    <ele>3.8</ele>
    <time>2026-01-03T10:50:05Z</time>
   </trkpt>
   <trkpt lat="51.4702210" lon="-0.2639680">
    <ele>3.8</ele>
    <time>2026-01-03T10:50:06Z</time>
   </trkpt>
   <trkpt lat="51.4702200" lon="-0.2639590">
    <ele>3.8</ele>
    <time>2026-01-03T10:50:07Z</time>
   </trkpt>
   <trkpt lat="51.4702250" lon="-0.2639360">
    <ele>3.8</ele>
    <time>2026-01-03T10:50:08Z</time>
   </trkpt>
   <trkpt lat="51.4702260" lon="-0.2639230">
    <ele>3.8</ele>
    <time>2026-01-03T10:50:09Z</time>
   </trkpt>
   <trkpt lat="51.4702240" lon="-0.2639040">
    <ele>3.8</ele>
    <time>2026-01-03T10:50:10Z</time>
   </trkpt>
   <trkpt lat="51.4702220" lon="-0.2638790">
    <ele>3.9</ele>
    <time>2026-01-03T10:50:11Z</time>
   </trkpt>
   <trkpt lat="51.4702220" lon="-0.2638430">
    <ele>3.9</ele>
    <time>2026-01-03T10:50:12Z</time>
   </trkpt>
   <trkpt lat="51.4702210" lon="-0.2638310">
    <ele>3.9</ele>
    <time>2026-01-03T10:50:13Z</time>
   </trkpt>
   <trkpt lat="51.4702200" lon="-0.2638180">
    <ele>3.9</ele>
    <time>2026-01-03T10:50:14Z</time>
   </trkpt>
   <trkpt lat="51.4702150" lon="-0.2637880">
    <ele>3.9</ele>
    <time>2026-01-03T10:50:15Z</time>
   </trkpt>
   <trkpt lat="51.4702140" lon="-0.2637770">
    <ele>4.0</ele>
    <time>2026-01-03T10:50:16Z</time>
   </trkpt>
   <trkpt lat="51.4702160" lon="-0.2637560">
    <ele>4.0</ele>
    <time>2026-01-03T10:50:18Z</time>
   </trkpt>
   <trkpt lat="51.4702160" lon="-0.2637310">
    <ele>4.0</ele>
    <time>2026-01-03T10:50:19Z</time>
   </trkpt>
   <trkpt lat="51.4702160" lon="-0.2637180">
    <ele>4.0</ele>
    <time>2026-01-03T10:50:20Z</time>
   </trkpt>
   <trkpt lat="51.4702160" lon="-0.2637010">
    <ele>4.0</ele>
    <time>2026-01-03T10:50:21Z</time>
   </trkpt>
   <trkpt lat="51.4702110" lon="-0.2636680">
    <ele>4.1</ele>
    <time>2026-01-03T10:50:22Z</time>
   </trkpt>
   <trkpt lat="51.4702080" lon="-0.2636530">
    <ele>4.1</ele>
    <time>2026-01-03T10:50:23Z</time>
   </trkpt>
   <trkpt lat="51.4702040" lon="-0.2636370">
    <ele>4.1</ele>
    <time>2026-01-03T10:50:24Z</time>
   </trkpt>
   <trkpt lat="51.4702030" lon="-0.2636310">
    <ele>4.1</ele>
    <time>2026-01-03T10:50:25Z</time>
   </trkpt>
   <trkpt lat="51.4702030" lon="-0.2636080">
    <ele>4.1</ele>
    <time>2026-01-03T10:50:26Z</time>
   </trkpt>
   <trkpt lat="51.4702040" lon="-0.2635860">
    <ele>4.1</ele>
    <time>2026-01-03T10:50:27Z</time>
   </trkpt>
   <trkpt lat="51.4702050" lon="-0.2635690">
    <ele>4.1</ele>
    <time>2026-01-03T10:50:28Z</time>
   </trkpt>
   <trkpt lat="51.4702200" lon="-0.2635480">
    <ele>4.2</ele>
    <time>2026-01-03T10:50:29Z</time>
   </trkpt>
   <trkpt lat="51.4702240" lon="-0.2635410">
    <ele>4.2</ele>
    <time>2026-01-03T10:50:30Z</time>
   </trkpt>
   <trkpt lat="51.4702290" lon="-0.2635210">
    <ele>4.2</ele>
    <time>2026-01-03T10:50:31Z</time>
   </trkpt>
   <trkpt lat="51.4702300" lon="-0.2635000">
    <ele>4.2</ele>
    <time>2026-01-03T10:50:32Z</time>
   </trkpt>
   <trkpt lat="51.4702310" lon="-0.2634720">
    <ele>4.2</ele>
    <time>2026-01-03T10:50:33Z</time>
   </trkpt>
   <trkpt lat="51.4702310" lon="-0.2634560">
    <ele>4.2</ele>
    <time>2026-01-03T10:50:34Z</time>
   </trkpt>
   <trkpt lat="51.4702320" lon="-0.2634400">
    <ele>4.2</ele>
    <time>2026-01-03T10:50:35Z</time>
   </trkpt>
   <trkpt lat="51.4702300" lon="-0.2634090">
    <ele>4.2</ele>
    <time>2026-01-03T10:50:36Z</time>
   </trkpt>
   <trkpt lat="51.4702280" lon="-0.2633920">
    <ele>4.2</ele>
    <time>2026-01-03T10:50:37Z</time>
   </trkpt>
   <trkpt lat="51.4702270" lon="-0.2633740">
    <ele>4.2</ele>
    <time>2026-01-03T10:50:38Z</time>
   </trkpt>
   <trkpt lat="51.4702280" lon="-0.2633650">
    <ele>4.2</ele>
    <time>2026-01-03T10:50:39Z</time>
   </trkpt>
   <trkpt lat="51.4702300" lon="-0.2633450">
    <ele>4.2</ele>
    <time>2026-01-03T10:50:40Z</time>
   </trkpt>
   <trkpt lat="51.4702270" lon="-0.2633300">
    <ele>4.2</ele>
    <time>2026-01-03T10:50:41Z</time>
   </trkpt>
   <trkpt lat="51.4702240" lon="-0.2633080">
    <ele>4.3</ele>
    <time>2026-01-03T10:50:42Z</time>
   </trkpt>
   <trkpt lat="51.4702260" lon="-0.2632850">
    <ele>4.3</ele>
    <time>2026-01-03T10:50:43Z</time>
   </trkpt>
   <trkpt lat="51.4702330" lon="-0.2632640">
    <ele>4.3</ele>
    <time>2026-01-03T10:50:44Z</time>
   </trkpt>
   <trkpt lat="51.4702380" lon="-0.2632580">
    <ele>4.3</ele>
    <time>2026-01-03T10:50:45Z</time>
   </trkpt>
   <trkpt lat="51.4702370" lon="-0.2632410">
    <ele>4.3</ele>
    <time>2026-01-03T10:50:46Z</time>
   </trkpt>
   <trkpt lat="51.4702420" lon="-0.2632120">
    <ele>4.3</ele>
    <time>2026-01-03T10:50:47Z</time>
   </trkpt>
   <trkpt lat="51.4702400" lon="-0.2631950">
    <ele>4.3</ele>
    <time>2026-01-03T10:50:48Z</time>
   </trkpt>
   <trkpt lat="51.4702350" lon="-0.2631760">
    <ele>4.3</ele>
    <time>2026-01-03T10:50:49Z</time>
   </trkpt>
   <trkpt lat="51.4702340" lon="-0.2631610">
    <ele>4.3</ele>
    <time>2026-01-03T10:50:50Z</time>
   </trkpt>
   <trkpt lat="51.4702300" lon="-0.2631430">
    <ele>4.3</ele>
    <time>2026-01-03T10:50:51Z</time>
   </trkpt>
   <trkpt lat="51.4702280" lon="-0.2631310">
    <ele>4.3</ele>
    <time>2026-01-03T10:50:52Z</time>
   </trkpt>
   <trkpt lat="51.4702270" lon="-0.2631220">
    <ele>4.3</ele>
    <time>2026-01-03T10:50:53Z</time>
   </trkpt>
   <trkpt lat="51.4702230" lon="-0.2630970">
    <ele>4.3</ele>
    <time>2026-01-03T10:50:54Z</time>
   </trkpt>
   <trkpt lat="51.4702190" lon="-0.2630760">
    <ele>4.3</ele>
    <time>2026-01-03T10:50:55Z</time>
   </trkpt>
   <trkpt lat="51.4702130" lon="-0.2630640">
    <ele>4.2</ele>
    <time>2026-01-03T10:50:56Z</time>
   </trkpt>
   <trkpt lat="51.4702100" lon="-0.2630540">
    <ele>4.2</ele>
    <time>2026-01-03T10:50:57Z</time>
   </trkpt>
   <trkpt lat="51.4702070" lon="-0.2630080">
    <ele>4.2</ele>
    <time>2026-01-03T10:50:58Z</time>
   </trkpt>
   <trkpt lat="51.4702020" lon="-0.2629830">
    <ele>4.2</ele>
    <time>2026-01-03T10:50:59Z</time>
   </trkpt>
   <trkpt lat="51.4701970" lon="-0.2629500">
    <ele>4.2</ele>
    <time>2026-01-03T10:51:00Z</time>
   </trkpt>
   <trkpt lat="51.4701940" lon="-0.2629370">
    <ele>4.2</ele>
    <time>2026-01-03T10:51:01Z</time>
   </trkpt>
   <trkpt lat="51.4701910" lon="-0.2629230">
    <ele>4.2</ele>
    <time>2026-01-03T10:51:02Z</time>
   </trkpt>
   <trkpt lat="51.4701990" lon="-0.2628940">
    <ele>4.2</ele>
    <time>2026-01-03T10:51:03Z</time>
   </trkpt>
   <trkpt lat="51.4702000" lon="-0.2628820">
    <ele>4.2</ele>
    <time>2026-01-03T10:51:04Z</time>
   </trkpt>
   <trkpt lat="51.4702030" lon="-0.2628600">
    <ele>4.2</ele>
    <time>2026-01-03T10:51:05Z</time>
   </trkpt>
   <trkpt lat="51.4702050" lon="-0.2628330">
    <ele>4.2</ele>
    <time>2026-01-03T10:51:06Z</time>
   </trkpt>
   <trkpt lat="51.4702040" lon="-0.2628290">
    <ele>4.1</ele>
    <time>2026-01-03T10:51:07Z</time>
   </trkpt>
   <trkpt lat="51.4702100" lon="-0.2628120">
    <ele>4.1</ele>
    <time>2026-01-03T10:51:08Z</time>
   </trkpt>
   <trkpt lat="51.4702070" lon="-0.2627970">
    <ele>4.1</ele>
    <time>2026-01-03T10:51:09Z</time>
   </trkpt>
   <trkpt lat="51.4702020" lon="-0.2627760">
    <ele>4.1</ele>
    <time>2026-01-03T10:51:10Z</time>
   </trkpt>
   <trkpt lat="51.4702000" lon="-0.2627560">
    <ele>4.1</ele>
    <time>2026-01-03T10:51:11Z</time>
   </trkpt>
   <trkpt lat="51.4701990" lon="-0.2627430">
    <ele>4.1</ele>
    <time>2026-01-03T10:51:12Z</time>
   </trkpt>
   <trkpt lat="51.4701960" lon="-0.2627230">
    <ele>4.1</ele>
    <time>2026-01-03T10:51:13Z</time>
   </trkpt>
   <trkpt lat="51.4701960" lon="-0.2627030">
    <ele>4.1</ele>
    <time>2026-01-03T10:51:14Z</time>
   </trkpt>
   <trkpt lat="51.4701970" lon="-0.2626750">
    <ele>4.1</ele>
    <time>2026-01-03T10:51:15Z</time>
   </trkpt>
   <trkpt lat="51.4701920" lon="-0.2626570">
    <ele>4.1</ele>
    <time>2026-01-03T10:51:16Z</time>
   </trkpt>
   <trkpt lat="51.4701840" lon="-0.2626360">
    <ele>4.0</ele>
    <time>2026-01-03T10:51:17Z</time>
   </trkpt>
   <trkpt lat="51.4701770" lon="-0.2626130">
    <ele>4.0</ele>
    <time>2026-01-03T10:51:18Z</time>
   </trkpt>
   <trkpt lat="51.4701780" lon="-0.2625920">
    <ele>4.0</ele>
    <time>2026-01-03T10:51:19Z</time>
   </trkpt>
   <trkpt lat="51.4701770" lon="-0.2625610">
    <ele>4.0</ele>
    <time>2026-01-03T10:51:20Z</time>
   </trkpt>
   <trkpt lat="51.4701760" lon="-0.2625460">
    <ele>4.0</ele>
    <time>2026-01-03T10:51:21Z</time>
   </trkpt>
   <trkpt lat="51.4701750" lon="-0.2625310">
    <ele>4.0</ele>
    <time>2026-01-03T10:51:22Z</time>
   </trkpt>
   <trkpt lat="51.4701740" lon="-0.2625060">
    <ele>4.0</ele>
    <time>2026-01-03T10:51:23Z</time>
   </trkpt>
   <trkpt lat="51.4701760" lon="-0.2624890">
    <ele>3.9</ele>
    <time>2026-01-03T10:51:24Z</time>
   </trkpt>
   <trkpt lat="51.4701770" lon="-0.2624730">
    <ele>3.9</ele>
    <time>2026-01-03T10:51:25Z</time>
   </trkpt>
   <trkpt lat="51.4701810" lon="-0.2624490">
    <ele>3.9</ele>
    <time>2026-01-03T10:51:26Z</time>
   </trkpt>
   <trkpt lat="51.4701740" lon="-0.2624210">
    <ele>3.9</ele>
    <time>2026-01-03T10:51:27Z</time>
   </trkpt>
   <trkpt lat="51.4701760" lon="-0.2624120">
    <ele>3.9</ele>
    <time>2026-01-03T10:51:28Z</time>
   </trkpt>
   <trkpt lat="51.4701910" lon="-0.2623960">
    <ele>3.9</ele>
    <time>2026-01-03T10:51:29Z</time>
   </trkpt>
   <trkpt lat="51.4701940" lon="-0.2623720">
    <ele>3.9</ele>
    <time>2026-01-03T10:51:30Z</time>
   </trkpt>
   <trkpt lat="51.4701920" lon="-0.2623330">
    <ele>3.8</ele>
    <time>2026-01-03T10:51:31Z</time>
   </trkpt>
   <trkpt lat="51.4701950" lon="-0.2623230">
    <ele>3.8</ele>
    <time>2026-01-03T10:51:32Z</time>
   </trkpt>
   <trkpt lat="51.4701970" lon="-0.2623120">
    <ele>3.8</ele>
    <time>2026-01-03T10:51:33Z</time>
   </trkpt>
   <trkpt lat="51.4701980" lon="-0.2622730">
    <ele>3.8</ele>
    <time>2026-01-03T10:51:34Z</time>
   </trkpt>
   <trkpt lat="51.4702000" lon="-0.2622610">
    <ele>3.8</ele>
    <time>2026-01-03T10:51:35Z</time>
   </trkpt>
   <trkpt lat="51.4702010" lon="-0.2622480">
    <ele>3.8</ele>
    <time>2026-01-03T10:51:36Z</time>
   </trkpt>
   <trkpt lat="51.4701980" lon="-0.2622110">
    <ele>3.8</ele>
    <time>2026-01-03T10:51:37Z</time>
   </trkpt>
   <trkpt lat="51.4701960" lon="-0.2621970">
    <ele>3.8</ele>
    <time>2026-01-03T10:51:38Z</time>
   </trkpt>
   <trkpt lat="51.4701950" lon="-0.2621840">
    <ele>3.8</ele>
    <time>2026-01-03T10:51:39Z</time>
   </trkpt>
   <trkpt lat="51.4701960" lon="-0.2621510">
    <ele>3.8</ele>
    <time>2026-01-03T10:51:40Z</time>
   </trkpt>
   <trkpt lat="51.4701980" lon="-0.2621370">
    <ele>3.8</ele>
    <time>2026-01-03T10:51:41Z</time>
   </trkpt>
   <trkpt lat="51.4701990" lon="-0.2621230">
    <ele>3.8</ele>
    <time>2026-01-03T10:51:42Z</time>
   </trkpt>
   <trkpt lat="51.4702010" lon="-0.2620900">
    <ele>3.8</ele>
    <time>2026-01-03T10:51:43Z</time>
   </trkpt>
   <trkpt lat="51.4701980" lon="-0.2620760">
    <ele>3.8</ele>
    <time>2026-01-03T10:51:44Z</time>
   </trkpt>
   <trkpt lat="51.4701950" lon="-0.2620630">
    <ele>3.8</ele>
    <time>2026-01-03T10:51:45Z</time>
   </trkpt>
   <trkpt lat="51.4701940" lon="-0.2620410">
    <ele>3.8</ele>
    <time>2026-01-03T10:51:46Z</time>
   </trkpt>
   <trkpt lat="51.4701980" lon="-0.2620090">
    <ele>3.8</ele>
    <time>2026-01-03T10:51:47Z</time>
   </trkpt>
   <trkpt lat="51.4701970" lon="-0.2619800">
    <ele>3.8</ele>
    <time>2026-01-03T10:51:48Z</time>
   </trkpt>
   <trkpt lat="51.4701950" lon="-0.2619610">
    <ele>3.7</ele>
    <time>2026-01-03T10:51:49Z</time>
   </trkpt>
   <trkpt lat="51.4701940" lon="-0.2619410">
    <ele>3.7</ele>
    <time>2026-01-03T10:51:50Z</time>
   </trkpt>
   <trkpt lat="51.4701970" lon="-0.2619200">
    <ele>3.7</ele>
    <time>2026-01-03T10:51:51Z</time>
   </trkpt>
   <trkpt lat="51.4701990" lon="-0.2619070">
    <ele>3.7</ele>
    <time>2026-01-03T10:51:52Z</time>
   </trkpt>
   <trkpt lat="51.4702000" lon="-0.2618940">
    <ele>3.7</ele>
    <time>2026-01-03T10:51:53Z</time>
   </trkpt>
   <trkpt lat="51.4702010" lon="-0.2618810">
    <ele>3.7</ele>
    <time>2026-01-03T10:51:54Z</time>
   </trkpt>
   <trkpt lat="51.4702060" lon="-0.2618580">
    <ele>3.7</ele>
    <time>2026-01-03T10:51:55Z</time>
   </trkpt>
   <trkpt lat="51.4702110" lon="-0.2618390">
    <ele>3.7</ele>
    <time>2026-01-03T10:51:56Z</time>
   </trkpt>
   <trkpt lat="51.4702100" lon="-0.2618200">
    <ele>3.7</ele>
    <time>2026-01-03T10:51:57Z</time>
   </trkpt>
   <trkpt lat="51.4702080" lon="-0.2618040">
    <ele>3.7</ele>
    <time>2026-01-03T10:51:58Z</time>
   </trkpt>
   <trkpt lat="51.4702110" lon="-0.2617820">
    <ele>3.6</ele>
    <time>2026-01-03T10:51:59Z</time>
   </trkpt>
   <trkpt lat="51.4702190" lon="-0.2617450">
    <ele>3.6</ele>
    <time>2026-01-03T10:52:00Z</time>
   </trkpt>
   <trkpt lat="51.4702210" lon="-0.2617320">
    <ele>3.6</ele>
    <time>2026-01-03T10:52:01Z</time>
   </trkpt>
   <trkpt lat="51.4702230" lon="-0.2617190">
    <ele>3.6</ele>
    <time>2026-01-03T10:52:02Z</time>
   </trkpt>
   <trkpt lat="51.4702220" lon="-0.2617030">
    <ele>3.6</ele>
    <time>2026-01-03T10:52:03Z</time>
   </trkpt>
   <trkpt lat="51.4702250" lon="-0.2616790">
    <ele>3.6</ele>
    <time>2026-01-03T10:52:04Z</time>
   </trkpt>
   <trkpt lat="51.4702240" lon="-0.2616630">
    <ele>3.6</ele>
    <time>2026-01-03T10:52:05Z</time>
   </trkpt>
   <trkpt lat="51.4702240" lon="-0.2616280">
    <ele>3.6</ele>
    <time>2026-01-03T10:52:06Z</time>
   </trkpt>
   <trkpt lat="51.4702260" lon="-0.2616120">
    <ele>3.5</ele>
    <time>2026-01-03T10:52:07Z</time>
   </trkpt>
   <trkpt lat="51.4702270" lon="-0.2615970">
    <ele>3.5</ele>
    <time>2026-01-03T10:52:08Z</time>
   </trkpt>
   <trkpt lat="51.4702270" lon="-0.2615600">
    <ele>3.5</ele>
    <time>2026-01-03T10:52:09Z</time>
   </trkpt>
   <trkpt lat="51.4702280" lon="-0.2615490">
    <ele>3.5</ele>
    <time>2026-01-03T10:52:10Z</time>
   </trkpt>
   <trkpt lat="51.4702280" lon="-0.2615390">
    <ele>3.5</ele>
    <time>2026-01-03T10:52:11Z</time>
   </trkpt>
   <trkpt lat="51.4702300" lon="-0.2615050">
    <ele>3.5</ele>
    <time>2026-01-03T10:52:12Z</time>
   </trkpt>
   <trkpt lat="51.4702280" lon="-0.2614910">
    <ele>3.5</ele>
    <time>2026-01-03T10:52:13Z</time>
   </trkpt>
   <trkpt lat="51.4702260" lon="-0.2614780">
    <ele>3.5</ele>
    <time>2026-01-03T10:52:14Z</time>
   </trkpt>
   <trkpt lat="51.4702260" lon="-0.2614450">
    <ele>3.5</ele>
    <time>2026-01-03T10:52:15Z</time>
   </trkpt>
   <trkpt lat="51.4702260" lon="-0.2614300">
    <ele>3.5</ele>
    <time>2026-01-03T10:52:16Z</time>
   </trkpt>
   <trkpt lat="51.4702250" lon="-0.2614140">
    <ele>3.5</ele>
    <time>2026-01-03T10:52:17Z</time>
   </trkpt>
   <trkpt lat="51.4702230" lon="-0.2613840">
    <ele>3.5</ele>
    <time>2026-01-03T10:52:18Z</time>
   </trkpt>
   <trkpt lat="51.4702220" lon="-0.2613700">
    <ele>3.5</ele>
    <time>2026-01-03T10:52:19Z</time>
   </trkpt>
   <trkpt lat="51.4702220" lon="-0.2613550">
    <ele>3.5</ele>
    <time>2026-01-03T10:52:20Z</time>
   </trkpt>
   <trkpt lat="51.4702210" lon="-0.2613380">
    <ele>3.5</ele>
    <time>2026-01-03T10:52:21Z</time>
   </trkpt>
   <trkpt lat="51.4702200" lon="-0.2613220">
    <ele>3.5</ele>
    <time>2026-01-03T10:52:22Z</time>
   </trkpt>
   <trkpt lat="51.4702200" lon="-0.2613050">
    <ele>3.5</ele>
    <time>2026-01-03T10:52:24Z</time>
   </trkpt>
   <trkpt lat="51.4702230" lon="-0.2612840">
    <ele>3.5</ele>
    <time>2026-01-03T10:52:25Z</time>
   </trkpt>
   <trkpt lat="51.4702300" lon="-0.2612550">
    <ele>3.6</ele>
    <time>2026-01-03T10:52:26Z</time>
   </trkpt>
   <trkpt lat="51.4702290" lon="-0.2612490">
    <ele>3.6</ele>
    <time>2026-01-03T10:52:27Z</time>
   </trkpt>
   <trkpt lat="51.4702270" lon="-0.2612360">
    <ele>3.6</ele>
    <time>2026-01-03T10:52:28Z</time>
   </trkpt>
   <trkpt lat="51.4702260" lon="-0.2612110">
    <ele>3.6</ele>
    <time>2026-01-03T10:52:29Z</time>
   </trkpt>
   <trkpt lat="51.4702310" lon="-0.2611730">
    <ele>3.6</ele>
    <time>2026-01-03T10:52:30Z</time>
   </trkpt>
   <trkpt lat="51.4702320" lon="-0.2611600">
    <ele>3.6</ele>
    <time>2026-01-03T10:52:31Z</time>
   </trkpt>
   <trkpt lat="51.4702340" lon="-0.2611470">
    <ele>3.6</ele>
    <time>2026-01-03T10:52:32Z</time>
   </trkpt>
   <trkpt lat="51.4702340" lon="-0.2611170">
    <ele>3.7</ele>
    <time>2026-01-03T10:52:33Z</time>
   </trkpt>
   <trkpt lat="51.4702390" lon="-0.2611030">
    <ele>3.7</ele>
    <time>2026-01-03T10:52:34Z</time>
   </trkpt>
   <trkpt lat="51.4702440" lon="-0.2610890">
    <ele>3.7</ele>
    <time>2026-01-03T10:52:35Z</time>
   </trkpt>
   <trkpt lat="51.4702580" lon="-0.2610650">
    <ele>3.7</ele>
    <time>2026-01-03T10:52:36Z</time>
   </trkpt>
   <trkpt lat="51.4702600" lon="-0.2610510">
    <ele>3.7</ele>
    <time>2026-01-03T10:52:37Z</time>
   </trkpt>
   <trkpt lat="51.4702630" lon="-0.2610370">
    <ele>3.8</ele>
    <time>2026-01-03T10:52:38Z</time>
   </trkpt>
   <trkpt lat="51.4702670" lon="-0.2610180">
    <ele>3.8</ele>
    <time>2026-01-03T10:52:39Z</time>
   </trkpt>
   <trkpt lat="51.4702720" lon="-0.2609960">
    <ele>3.8</ele>
    <time>2026-01-03T10:52:40Z</time>
   </trkpt>
   <trkpt lat="51.4702770" lon="-0.2609620">
    <ele>3.8</ele>
    <time>2026-01-03T10:52:41Z</time>
   </trkpt>
   <trkpt lat="51.4702800" lon="-0.2609500">
    <ele>3.8</ele>
    <time>2026-01-03T10:52:42Z</time>
   </trkpt>
   <trkpt lat="51.4702830" lon="-0.2609390">
    <ele>3.8</ele>
    <time>2026-01-03T10:52:43Z</time>
   </trkpt>
   <trkpt lat="51.4702860" lon="-0.2609250">
    <ele>3.9</ele>
    <time>2026-01-03T10:52:44Z</time>
   </trkpt>
   <trkpt lat="51.4702900" lon="-0.2608950">
    <ele>3.9</ele>
    <time>2026-01-03T10:52:45Z</time>
   </trkpt>
   <trkpt lat="51.4702900" lon="-0.2608830">
    <ele>3.9</ele>
    <time>2026-01-03T10:52:46Z</time>
   </trkpt>
   <trkpt lat="51.4702830" lon="-0.2608590">
    <ele>3.9</ele>
    <time>2026-01-03T10:52:47Z</time>
   </trkpt>
   <trkpt lat="51.4702870" lon="-0.2608420">
    <ele>3.9</ele>
    <time>2026-01-03T10:52:48Z</time>
   </trkpt>
   <trkpt lat="51.4702870" lon="-0.2608070">
    <ele>3.9</ele>
    <time>2026-01-03T10:52:49Z</time>
   </trkpt>
   <trkpt lat="51.4702880" lon="-0.2607940">
    <ele>3.9</ele>
    <time>2026-01-03T10:52:50Z</time>
   </trkpt>
   <trkpt lat="51.4702900" lon="-0.2607810">
    <ele>3.9</ele>
    <time>2026-01-03T10:52:51Z</time>
   </trkpt>
   <trkpt lat="51.4702890" lon="-0.2607480">
    <ele>3.9</ele>
    <time>2026-01-03T10:52:52Z</time>
   </trkpt>
   <trkpt lat="51.4702910" lon="-0.2607330">
    <ele>4.0</ele>
    <time>2026-01-03T10:52:53Z</time>
   </trkpt>
   <trkpt lat="51.4702920" lon="-0.2607180">
    <ele>4.0</ele>
    <time>2026-01-03T10:52:54Z</time>
   </trkpt>
   <trkpt lat="51.4702920" lon="-0.2606940">
    <ele>4.0</ele>
    <time>2026-01-03T10:52:55Z</time>
   </trkpt>
   <trkpt lat="51.4702910" lon="-0.2606840">
    <ele>4.0</ele>
    <time>2026-01-03T10:52:56Z</time>
   </trkpt>
   <trkpt lat="51.4702850" lon="-0.2606670">
    <ele>4.0</ele>
    <time>2026-01-03T10:52:57Z</time>
   </trkpt>
   <trkpt lat="51.4702830" lon="-0.2606480">
    <ele>4.0</ele>
    <time>2026-01-03T10:52:58Z</time>
   </trkpt>
   <trkpt lat="51.4702790" lon="-0.2606300">
    <ele>4.0</ele>
    <time>2026-01-03T10:52:59Z</time>
   </trkpt>
   <trkpt lat="51.4702720" lon="-0.2605890">
    <ele>4.0</ele>
    <time>2026-01-03T10:53:00Z</time>
   </trkpt>
   <trkpt lat="51.4702720" lon="-0.2605790">
    <ele>4.0</ele>
    <time>2026-01-03T10:53:01Z</time>
   </trkpt>
   <trkpt lat="51.4702710" lon="-0.2605590">
    <ele>4.0</ele>
    <time>2026-01-03T10:53:02Z</time>
   </trkpt>
   <trkpt lat="51.4702680" lon="-0.2605220">
    <ele>4.0</ele>
    <time>2026-01-03T10:53:03Z</time>
   </trkpt>
   <trkpt lat="51.4702720" lon="-0.2605140">
    <ele>4.0</ele>
    <time>2026-01-03T10:53:04Z</time>
   </trkpt>
   <trkpt lat="51.4702770" lon="-0.2604950">
    <ele>4.0</ele>
    <time>2026-01-03T10:53:05Z</time>
   </trkpt>
   <trkpt lat="51.4702760" lon="-0.2604680">
    <ele>4.0</ele>
    <time>2026-01-03T10:53:06Z</time>
   </trkpt>
   <trkpt lat="51.4702830" lon="-0.2604350">
    <ele>4.0</ele>
    <time>2026-01-03T10:53:07Z</time>
   </trkpt>
   <trkpt lat="51.4702830" lon="-0.2604230">
    <ele>4.0</ele>
    <time>2026-01-03T10:53:08Z</time>
   </trkpt>
   <trkpt lat="51.4702840" lon="-0.2604100">
    <ele>4.0</ele>
    <time>2026-01-03T10:53:09Z</time>
   </trkpt>
   <trkpt lat="51.4702820" lon="-0.2603980">
    <ele>4.0</ele>
    <time>2026-01-03T10:53:10Z</time>
   </trkpt>
   <trkpt lat="51.4702820" lon="-0.2603840">
    <ele>4.0</ele>
    <time>2026-01-03T10:53:11Z</time>
   </trkpt>
   <trkpt lat="51.4702780" lon="-0.2603580">
    <ele>4.0</ele>
    <time>2026-01-03T10:53:12Z</time>
   </trkpt>
   <trkpt lat="51.4702810" lon="-0.2603460">
    <ele>4.0</ele>
    <time>2026-01-03T10:53:13Z</time>
   </trkpt>
   <trkpt lat="51.4702790" lon="-0.2603260">
    <ele>4.0</ele>
    <time>2026-01-03T10:53:14Z</time>
   </trkpt>
   <trkpt lat="51.4702760" lon="-0.2603010">
    <ele>4.0</ele>
    <time>2026-01-03T10:53:15Z</time>
   </trkpt>
   <trkpt lat="51.4702750" lon="-0.2602620">
    <ele>4.0</ele>
    <time>2026-01-03T10:53:16Z</time>
   </trkpt>
   <trkpt lat="51.4702760" lon="-0.2602490">
    <ele>4.0</ele>
    <time>2026-01-03T10:53:17Z</time>
   </trkpt>
   <trkpt lat="51.4702770" lon="-0.2602370">
    <ele>4.0</ele>
    <time>2026-01-03T10:53:18Z</time>
   </trkpt>
   <trkpt lat="51.4702810" lon="-0.2602290">
    <ele>4.0</ele>
    <time>2026-01-03T10:53:19Z</time>
   </trkpt>
   <trkpt lat="51.4702910" lon="-0.2602110">
    <ele>4.0</ele>
    <time>2026-01-03T10:53:20Z</time>
   </trkpt>
   <trkpt lat="51.4702890" lon="-0.2601900">
    <ele>4.0</ele>
    <time>2026-01-03T10:53:21Z</time>
   </trkpt>
   <trkpt lat="51.4702920" lon="-0.2601490">
    <ele>4.0</ele>
    <time>2026-01-03T10:53:22Z</time>
   </trkpt>
   <trkpt lat="51.4702920" lon="-0.2601360">
    <ele>4.0</ele>
    <time>2026-01-03T10:53:23Z</time>
   </trkpt>
   <trkpt lat="51.4702910" lon="-0.2601230">
    <ele>4.0</ele>
    <time>2026-01-03T10:53:24Z</time>
   </trkpt>
   <trkpt lat="51.4702900" lon="-0.2600920">
    <ele>4.1</ele>
    <time>2026-01-03T10:53:25Z</time>
   </trkpt>
   <trkpt lat="51.4702900" lon="-0.2600750">
    <ele>4.1</ele>
    <time>2026-01-03T10:53:26Z</time>
   </trkpt>
   <trkpt lat="51.4702910" lon="-0.2600580">
    <ele>4.1</ele>
    <time>2026-01-03T10:53:27Z</time>
   </trkpt>
   <trkpt lat="51.4702910" lon="-0.2600460">
    <ele>4.1</ele>
    <time>2026-01-03T10:53:28Z</time>
   </trkpt>
   <trkpt lat="51.4702940" lon="-0.2600260">
    <ele>4.1</ele>
    <time>2026-01-03T10:53:29Z</time>
   </trkpt>
   <trkpt lat="51.4702910" lon="-0.2600070">
    <ele>4.1</ele>
    <time>2026-01-03T10:53:30Z</time>
   </trkpt>
   <trkpt lat="51.4702930" lon="-0.2599780">
    <ele>4.1</ele>
    <time>2026-01-03T10:53:31Z</time>
   </trkpt>
   <trkpt lat="51.4702960" lon="-0.2599550">
    <ele>4.1</ele>
    <time>2026-01-03T10:53:32Z</time>
   </trkpt>
   <trkpt lat="51.4702970" lon="-0.2599230">
    <ele>4.1</ele>
    <time>2026-01-03T10:53:33Z</time>
   </trkpt>
   <trkpt lat="51.4702970" lon="-0.2599100">
    <ele>4.1</ele>
    <time>2026-01-03T10:53:34Z</time>
   </trkpt>
   <trkpt lat="51.4702980" lon="-0.2598960">
    <ele>4.1</ele>
    <time>2026-01-03T10:53:35Z</time>
   </trkpt>
   <trkpt lat="51.4702980" lon="-0.2598790">
    <ele>4.1</ele>
    <time>2026-01-03T10:53:36Z</time>
   </trkpt>
   <trkpt lat="51.4703030" lon="-0.2598560">
    <ele>4.1</ele>
    <time>2026-01-03T10:53:37Z</time>
   </trkpt>
   <trkpt lat="51.4702960" lon="-0.2598390">
    <ele>4.1</ele>
    <time>2026-01-03T10:53:38Z</time>
   </trkpt>
   <trkpt lat="51.4702980" lon="-0.2598030">
    <ele>4.1</ele>
    <time>2026-01-03T10:53:39Z</time>
   </trkpt>
   <trkpt lat="51.4703000" lon="-0.2597920">
    <ele>4.1</ele>
    <time>2026-01-03T10:53:40Z</time>
   </trkpt>
   <trkpt lat="51.4703010" lon="-0.2597800">
    <ele>4.1</ele>
    <time>2026-01-03T10:53:41Z</time>
   </trkpt>
   <trkpt lat="51.4703030" lon="-0.2597580">
    <ele>4.1</ele>
    <time>2026-01-03T10:53:42Z</time>
   </trkpt>
   <trkpt lat="51.4703120" lon="-0.2597360">
    <ele>4.1</ele>
    <time>2026-01-03T10:53:43Z</time>
   </trkpt>
   <trkpt lat="51.4703120" lon="-0.2597170">
    <ele>4.1</ele>
    <time>2026-01-03T10:53:44Z</time>
   </trkpt>
   <trkpt lat="51.4703130" lon="-0.2597060">
    <ele>4.1</ele>
    <time>2026-01-03T10:53:45Z</time>
   </trkpt>
   <trkpt lat="51.4703150" lon="-0.2596820">
    <ele>4.1</ele>
    <time>2026-01-03T10:53:46Z</time>
   </trkpt>
   <trkpt lat="51.4703150" lon="-0.2596650">
    <ele>4.1</ele>
    <time>2026-01-03T10:53:47Z</time>
   </trkpt>
   <trkpt lat="51.4703190" lon="-0.2596380">
    <ele>4.0</ele>
    <time>2026-01-03T10:53:48Z</time>
   </trkpt>
   <trkpt lat="51.4703230" lon="-0.2596230">
    <ele>4.0</ele>
    <time>2026-01-03T10:53:49Z</time>
   </trkpt>
   <trkpt lat="51.4703270" lon="-0.2595960">
    <ele>4.0</ele>
    <time>2026-01-03T10:53:50Z</time>
   </trkpt>
   <trkpt lat="51.4703260" lon="-0.2595870">
    <ele>4.0</ele>
    <time>2026-01-03T10:53:51Z</time>
   </trkpt>
   <trkpt lat="51.4703280" lon="-0.2595670">
    <ele>4.0</ele>
    <time>2026-01-03T10:53:52Z</time>
   </trkpt>
   <trkpt lat="51.4703300" lon="-0.2595390">
    <ele>4.0</ele>
    <time>2026-01-03T10:53:53Z</time>
   </trkpt>
   <trkpt lat="51.4703320" lon="-0.2595290">
    <ele>4.0</ele>
    <time>2026-01-03T10:53:54Z</time>
   </trkpt>
   <trkpt lat="51.4703320" lon="-0.2595070">
    <ele>4.0</ele>
    <time>2026-01-03T10:53:55Z</time>
   </trkpt>
   <trkpt lat="51.4703320" lon="-0.2594900">
    <ele>4.0</ele>
    <time>2026-01-03T10:53:56Z</time>
   </trkpt>
   <trkpt lat="51.4703330" lon="-0.2594680">
    <ele>4.0</ele>
    <time>2026-01-03T10:53:57Z</time>
   </trkpt>
   <trkpt lat="51.4703410" lon="-0.2594620">
    <ele>4.0</ele>
    <time>2026-01-03T10:53:58Z</time>
   </trkpt>
   <trkpt lat="51.4703420" lon="-0.2594480">
    <ele>4.0</ele>
    <time>2026-01-03T10:53:59Z</time>
   </trkpt>
   <trkpt lat="51.4703460" lon="-0.2594240">
    <ele>4.0</ele>
    <time>2026-01-03T10:54:00Z</time>
   </trkpt>
   <trkpt lat="51.4703520" lon="-0.2593960">
    <ele>4.0</ele>
    <time>2026-01-03T10:54:01Z</time>
   </trkpt>
   <trkpt lat="51.4703500" lon="-0.2593880">
    <ele>4.0</ele>
    <time>2026-01-03T10:54:02Z</time>
   </trkpt>
   <trkpt lat="51.4703490" lon="-0.2593690">
    <ele>4.0</ele>
    <time>2026-01-03T10:54:03Z</time>
   </trkpt>
   <trkpt lat="51.4703530" lon="-0.2593440">
    <ele>4.0</ele>
    <time>2026-01-03T10:54:04Z</time>
   </trkpt>
   <trkpt lat="51.4703570" lon="-0.2593280">
    <ele>4.0</ele>
    <time>2026-01-03T10:54:05Z</time>
   </trkpt>
   <trkpt lat="51.4703580" lon="-0.2593080">
    <ele>4.0</ele>
    <time>2026-01-03T10:54:06Z</time>
   </trkpt>
   <trkpt lat="51.4703560" lon="-0.2592930">
    <ele>4.0</ele>
    <time>2026-01-03T10:54:07Z</time>
   </trkpt>
   <trkpt lat="51.4703570" lon="-0.2592740">
    <ele>4.0</ele>
    <time>2026-01-03T10:54:08Z</time>
   </trkpt>
   <trkpt lat="51.4703590" lon="-0.2592600">
    <ele>4.0</ele>
    <time>2026-01-03T10:54:09Z</time>
   </trkpt>
   <trkpt lat="51.4703590" lon="-0.2592370">
    <ele>4.0</ele>
    <time>2026-01-03T10:54:10Z</time>
   </trkpt>
   <trkpt lat="51.4703600" lon="-0.2592230">
    <ele>4.0</ele>
    <time>2026-01-03T10:54:11Z</time>
   </trkpt>
   <trkpt lat="51.4703610" lon="-0.2592060">
    <ele>4.0</ele>
    <time>2026-01-03T10:54:12Z</time>
   </trkpt>
   <trkpt lat="51.4703620" lon="-0.2591910">
    <ele>4.0</ele>
    <time>2026-01-03T10:54:13Z</time>
   </trkpt>
   <trkpt lat="51.4703620" lon="-0.2591530">
    <ele>4.0</ele>
    <time>2026-01-03T10:54:14Z</time>
   </trkpt>
   <trkpt lat="51.4703630" lon="-0.2591390">
    <ele>4.0</ele>
    <time>2026-01-03T10:54:15Z</time>
   </trkpt>
   <trkpt lat="51.4703640" lon="-0.2591260">
    <ele>3.9</ele>
    <time>2026-01-03T10:54:16Z</time>
   </trkpt>
   <trkpt lat="51.4703650" lon="-0.2591060">
    <ele>3.9</ele>
    <time>2026-01-03T10:54:17Z</time>
   </trkpt>
   <trkpt lat="51.4703560" lon="-0.2590990">
    <ele>3.9</ele>
    <time>2026-01-03T10:54:18Z</time>
   </trkpt>
   <trkpt lat="51.4703570" lon="-0.2590770">
    <ele>3.9</ele>
    <time>2026-01-03T10:54:19Z</time>
   </trkpt>
   <trkpt lat="51.4703630" lon="-0.2590600">
    <ele>3.9</ele>
    <time>2026-01-03T10:54:20Z</time>
   </trkpt>
   <trkpt lat="51.4703640" lon="-0.2590400">
    <ele>3.9</ele>
    <time>2026-01-03T10:54:21Z</time>
   </trkpt>
   <trkpt lat="51.4703690" lon="-0.2590230">
    <ele>3.9</ele>
    <time>2026-01-03T10:54:22Z</time>
   </trkpt>
   <trkpt lat="51.4703700" lon="-0.2590070">
    <ele>3.9</ele>
    <time>2026-01-03T10:54:23Z</time>
   </trkpt>
   <trkpt lat="51.4703720" lon="-0.2589910">
    <ele>3.9</ele>
    <time>2026-01-03T10:54:24Z</time>
   </trkpt>
   <trkpt lat="51.4703770" lon="-0.2589700">
    <ele>3.9</ele>
    <time>2026-01-03T10:54:25Z</time>
   </trkpt>
   <trkpt lat="51.4703830" lon="-0.2589520">
    <ele>3.9</ele>
    <time>2026-01-03T10:54:26Z</time>
   </trkpt>
   <trkpt lat="51.4703830" lon="-0.2589370">
    <ele>3.9</ele>
    <time>2026-01-03T10:54:27Z</time>
   </trkpt>
   <trkpt lat="51.4703860" lon="-0.2589230">
    <ele>3.8</ele>
    <time>2026-01-03T10:54:28Z</time>
   </trkpt>
   <trkpt lat="51.4703870" lon="-0.2588980">
    <ele>3.8</ele>
    <time>2026-01-03T10:54:30Z</time>
   </trkpt>
   <trkpt lat="51.4703850" lon="-0.2588840">
    <ele>3.8</ele>
    <time>2026-01-03T10:54:31Z</time>
   </trkpt>
   <trkpt lat="51.4703880" lon="-0.2588650">
    <ele>3.8</ele>
    <time>2026-01-03T10:54:32Z</time>
   </trkpt>
   <trkpt lat="51.4703920" lon="-0.2588280">
    <ele>3.8</ele>
    <time>2026-01-03T10:54:33Z</time>
   </trkpt>
   <trkpt lat="51.4703930" lon="-0.2588180">
    <ele>3.8</ele>
    <time>2026-01-03T10:54:34Z</time>
   </trkpt>
   <trkpt lat="51.4703930" lon="-0.2588070">
    <ele>3.8</ele>
    <time>2026-01-03T10:54:35Z</time>
   </trkpt>
   <trkpt lat="51.4704010" lon="-0.2587710">
    <ele>3.8</ele>
    <time>2026-01-03T10:54:36Z</time>
   </trkpt>
   <trkpt lat="51.4704020" lon="-0.2587580">
    <ele>3.8</ele>
    <time>2026-01-03T10:54:37Z</time>
   </trkpt>
   <trkpt lat="51.4704030" lon="-0.2587460">
    <ele>3.8</ele>
    <time>2026-01-03T10:54:38Z</time>
   </trkpt>
   <trkpt lat="51.4704120" lon="-0.2587180">
    <ele>3.8</ele>
    <time>2026-01-03T10:54:39Z</time>
   </trkpt>
   <trkpt lat="51.4704130" lon="-0.2587030">
    <ele>3.8</ele>
    <time>2026-01-03T10:54:40Z</time>
   </trkpt>
   <trkpt lat="51.4704140" lon="-0.2586870">
    <ele>3.8</ele>
    <time>2026-01-03T10:54:41Z</time>
   </trkpt>
   <trkpt lat="51.4704100" lon="-0.2586510">
    <ele>3.8</ele>
    <time>2026-01-03T10:54:42Z</time>
   </trkpt>
   <trkpt lat="51.4704110" lon="-0.2586380">
    <ele>3.8</ele>
    <time>2026-01-03T10:54:43Z</time>
   </trkpt>
   <trkpt lat="51.4704110" lon="-0.2586240">
    <ele>3.8</ele>
    <time>2026-01-03T10:54:44Z</time>
   </trkpt>
   <trkpt lat="51.4704100" lon="-0.2585910">
    <ele>3.8</ele>
    <time>2026-01-03T10:54:45Z</time>
   </trkpt>
   <trkpt lat="51.4704100" lon="-0.2585750">
    <ele>3.8</ele>
    <time>2026-01-03T10:54:46Z</time>
   </trkpt>
   <trkpt lat="51.4704100" lon="-0.2585590">
    <ele>3.8</ele>
    <time>2026-01-03T10:54:47Z</time>
   </trkpt>
   <trkpt lat="51.4704180" lon="-0.2585400">
    <ele>3.8</ele>
    <time>2026-01-03T10:54:48Z</time>
   </trkpt>
   <trkpt lat="51.4704250" lon="-0.2585230">
    <ele>3.8</ele>
    <time>2026-01-03T10:54:49Z</time>
   </trkpt>
   <trkpt lat="51.4704220" lon="-0.2585040">
    <ele>3.8</ele>
    <time>2026-01-03T10:54:50Z</time>
   </trkpt>
   <trkpt lat="51.4704230" lon="-0.2584840">
    <ele>3.8</ele>
    <time>2026-01-03T10:54:51Z</time>
   </trkpt>
   <trkpt lat="51.4704210" lon="-0.2584600">
    <ele>3.8</ele>
    <time>2026-01-03T10:54:52Z</time>
   </trkpt>
   <trkpt lat="51.4704300" lon="-0.2584320">
    <ele>3.8</ele>
    <time>2026-01-03T10:54:53Z</time>
   </trkpt>
   <trkpt lat="51.4704320" lon="-0.2584140">
    <ele>3.8</ele>
    <time>2026-01-03T10:54:54Z</time>
   </trkpt>
   <trkpt lat="51.4704330" lon="-0.2583970">
    <ele>3.8</ele>
    <time>2026-01-03T10:54:55Z</time>
   </trkpt>
   <trkpt lat="51.4704410" lon="-0.2583730">
    <ele>3.8</ele>
    <time>2026-01-03T10:54:56Z</time>
   </trkpt>
   <trkpt lat="51.4704460" lon="-0.2583570">
    <ele>3.8</ele>
    <time>2026-01-03T10:54:57Z</time>
   </trkpt>
   <trkpt lat="51.4704510" lon="-0.2583400">
    <ele>3.8</ele>
    <time>2026-01-03T10:54:58Z</time>
   </trkpt>
   <trkpt lat="51.4704540" lon="-0.2583260">
    <ele>3.8</ele>
    <time>2026-01-03T10:54:59Z</time>
   </trkpt>
   <trkpt lat="51.4704600" lon="-0.2583020">
    <ele>3.8</ele>
    <time>2026-01-03T10:55:00Z</time>
   </trkpt>
   <trkpt lat="51.4704590" lon="-0.2582930">
    <ele>3.8</ele>
    <time>2026-01-03T10:55:01Z</time>
   </trkpt>
   <trkpt lat="51.4704650" lon="-0.2582610">
    <ele>3.8</ele>
    <time>2026-01-03T10:55:02Z</time>
   </trkpt>
   <trkpt lat="51.4704670" lon="-0.2582500">
    <ele>3.8</ele>
    <time>2026-01-03T10:55:03Z</time>
   </trkpt>
   <trkpt lat="51.4704690" lon="-0.2582380">
    <ele>3.8</ele>
    <time>2026-01-03T10:55:04Z</time>
   </trkpt>
   <trkpt lat="51.4704760" lon="-0.2582020">
    <ele>3.8</ele>
    <time>2026-01-03T10:55:05Z</time>
   </trkpt>
   <trkpt lat="51.4704830" lon="-0.2581800">
    <ele>3.8</ele>
    <time>2026-01-03T10:55:06Z</time>
   </trkpt>
   <trkpt lat="51.4704880" lon="-0.2581580">
    <ele>3.8</ele>
    <time>2026-01-03T10:55:07Z</time>
   </trkpt>
   <trkpt lat="51.4704900" lon="-0.2581450">
    <ele>3.8</ele>
    <time>2026-01-03T10:55:08Z</time>
   </trkpt>
   <trkpt lat="51.4704920" lon="-0.2581330">
    <ele>3.8</ele>
    <time>2026-01-03T10:55:09Z</time>
   </trkpt>
   <trkpt lat="51.4704940" lon="-0.2581200">
    <ele>3.8</ele>
    <time>2026-01-03T10:55:10Z</time>
   </trkpt>
   <trkpt lat="51.4704970" lon="-0.2580850">
    <ele>3.8</ele>
    <time>2026-01-03T10:55:11Z</time>
   </trkpt>
   <trkpt lat="51.4704980" lon="-0.2580710">
    <ele>3.8</ele>
    <time>2026-01-03T10:55:12Z</time>
   </trkpt>
   <trkpt lat="51.4705000" lon="-0.2580570">
    <ele>3.8</ele>
    <time>2026-01-03T10:55:13Z</time>
   </trkpt>
   <trkpt lat="51.4705090" lon="-0.2580250">
    <ele>3.8</ele>
    <time>2026-01-03T10:55:14Z</time>
   </trkpt>
   <trkpt lat="51.4705130" lon="-0.2580140">
    <ele>3.8</ele>
    <time>2026-01-03T10:55:15Z</time>
   </trkpt>
   <trkpt lat="51.4705160" lon="-0.2580030">
    <ele>3.8</ele>
    <time>2026-01-03T10:55:16Z</time>
   </trkpt>
   <trkpt lat="51.4705190" lon="-0.2579890">
    <ele>3.8</ele>
    <time>2026-01-03T10:55:17Z</time>
   </trkpt>
   <trkpt lat="51.4705240" lon="-0.2579620">
    <ele>3.8</ele>
    <time>2026-01-03T10:55:18Z</time>
   </trkpt>
   <trkpt lat="51.4705250" lon="-0.2579470">
    <ele>3.8</ele>
    <time>2026-01-03T10:55:19Z</time>
   </trkpt>
   <trkpt lat="51.4705250" lon="-0.2579180">
    <ele>3.8</ele>
    <time>2026-01-03T10:55:20Z</time>
   </trkpt>
   <trkpt lat="51.4705270" lon="-0.2578940">
    <ele>3.8</ele>
    <time>2026-01-03T10:55:21Z</time>
   </trkpt>
   <trkpt lat="51.4705320" lon="-0.2578790">
    <ele>3.8</ele>
    <time>2026-01-03T10:55:22Z</time>
   </trkpt>
   <trkpt lat="51.4705320" lon="-0.2578620">
    <ele>3.8</ele>
    <time>2026-01-03T10:55:23Z</time>
   </trkpt>
   <trkpt lat="51.4705360" lon="-0.2578410">
    <ele>3.8</ele>
    <time>2026-01-03T10:55:24Z</time>
   </trkpt>
   <trkpt lat="51.4705450" lon="-0.2578180">
    <ele>3.8</ele>
    <time>2026-01-03T10:55:25Z</time>
   </trkpt>
   <trkpt lat="51.4705480" lon="-0.2577880">
    <ele>3.8</ele>
    <time>2026-01-03T10:55:26Z</time>
   </trkpt>
   <trkpt lat="51.4705510" lon="-0.2577730">
    <ele>3.8</ele>
    <time>2026-01-03T10:55:27Z</time>
   </trkpt>
   <trkpt lat="51.4705530" lon="-0.2577590">
    <ele>3.8</ele>
    <time>2026-01-03T10:55:28Z</time>
   </trkpt>
   <trkpt lat="51.4705570" lon="-0.2577440">
    <ele>3.8</ele>
    <time>2026-01-03T10:55:29Z</time>
   </trkpt>
   <trkpt lat="51.4705600" lon="-0.2577280">
    <ele>3.8</ele>
    <time>2026-01-03T10:55:30Z</time>
   </trkpt>
   <trkpt lat="51.4705670" lon="-0.2577130">
    <ele>3.8</ele>
    <time>2026-01-03T10:55:31Z</time>
   </trkpt>
   <trkpt lat="51.4705680" lon="-0.2576980">
    <ele>3.8</ele>
    <time>2026-01-03T10:55:32Z</time>
   </trkpt>
   <trkpt lat="51.4705690" lon="-0.2576780">
    <ele>3.8</ele>
    <time>2026-01-03T10:55:33Z</time>
   </trkpt>
   <trkpt lat="51.4705740" lon="-0.2576570">
    <ele>3.8</ele>
    <time>2026-01-03T10:55:34Z</time>
   </trkpt>
   <trkpt lat="51.4705800" lon="-0.2576360">
    <ele>3.8</ele>
    <time>2026-01-03T10:55:35Z</time>
   </trkpt>
   <trkpt lat="51.4705850" lon="-0.2576120">
    <ele>3.8</ele>
    <time>2026-01-03T10:55:36Z</time>
   </trkpt>
   <trkpt lat="51.4705880" lon="-0.2575760">
    <ele>3.8</ele>
    <time>2026-01-03T10:55:37Z</time>
   </trkpt>
   <trkpt lat="51.4705910" lon="-0.2575610">
    <ele>3.8</ele>
    <time>2026-01-03T10:55:38Z</time>
   </trkpt>
   <trkpt lat="51.4705930" lon="-0.2575450">
    <ele>3.8</ele>
    <time>2026-01-03T10:55:39Z</time>
   </trkpt>
   <trkpt lat="51.4705940" lon="-0.2575310">
    <ele>3.8</ele>
    <time>2026-01-03T10:55:40Z</time>
   </trkpt>
   <trkpt lat="51.4705860" lon="-0.2575220">
    <ele>3.8</ele>
    <time>2026-01-03T10:55:41Z</time>
   </trkpt>
   <trkpt lat="51.4705830" lon="-0.2574930">
    <ele>3.8</ele>
    <time>2026-01-03T10:55:42Z</time>
   </trkpt>
   <trkpt lat="51.4705930" lon="-0.2574760">
    <ele>3.8</ele>
    <time>2026-01-03T10:55:43Z</time>
   </trkpt>
   <trkpt lat="51.4706040" lon="-0.2574470">
    <ele>3.8</ele>
    <time>2026-01-03T10:55:44Z</time>
   </trkpt>
   <trkpt lat="51.4706020" lon="-0.2574340">
    <ele>3.8</ele>
    <time>2026-01-03T10:55:45Z</time>
   </trkpt>
   <trkpt lat="51.4706030" lon="-0.2574110">
    <ele>3.8</ele>
    <time>2026-01-03T10:55:46Z</time>
   </trkpt>
   <trkpt lat="51.4706110" lon="-0.2573900">
    <ele>3.8</ele>
    <time>2026-01-03T10:55:47Z</time>
   </trkpt>
   <trkpt lat="51.4706250" lon="-0.2573670">
    <ele>3.8</ele>
    <time>2026-01-03T10:55:48Z</time>
   </trkpt>
   <trkpt lat="51.4706290" lon="-0.2573550">
    <ele>3.8</ele>
    <time>2026-01-03T10:55:49Z</time>
   </trkpt>
   <trkpt lat="51.4706340" lon="-0.2573420">
    <ele>3.8</ele>
    <time>2026-01-03T10:55:50Z</time>
   </trkpt>
   <trkpt lat="51.4706350" lon="-0.2573210">
    <ele>3.8</ele>
    <time>2026-01-03T10:55:51Z</time>
   </trkpt>
   <trkpt lat="51.4706400" lon="-0.2573040">
    <ele>3.8</ele>
    <time>2026-01-03T10:55:52Z</time>
   </trkpt>
   <trkpt lat="51.4706430" lon="-0.2572890">
    <ele>3.8</ele>
    <time>2026-01-03T10:55:53Z</time>
   </trkpt>
   <trkpt lat="51.4706460" lon="-0.2572630">
    <ele>3.8</ele>
    <time>2026-01-03T10:55:54Z</time>
   </trkpt>
   <trkpt lat="51.4706450" lon="-0.2572440">
    <ele>3.8</ele>
    <time>2026-01-03T10:55:55Z</time>
   </trkpt>
   <trkpt lat="51.4706450" lon="-0.2572200">
    <ele>3.8</ele>
    <time>2026-01-03T10:55:56Z</time>
   </trkpt>
   <trkpt lat="51.4706470" lon="-0.2572000">
    <ele>3.8</ele>
    <time>2026-01-03T10:55:57Z</time>
   </trkpt>
   <trkpt lat="51.4706450" lon="-0.2571790">
    <ele>3.8</ele>
    <time>2026-01-03T10:55:58Z</time>
   </trkpt>
   <trkpt lat="51.4706610" lon="-0.2571640">
    <ele>3.8</ele>
    <time>2026-01-03T10:55:59Z</time>
   </trkpt>
   <trkpt lat="51.4706610" lon="-0.2571510">
    <ele>3.8</ele>
    <time>2026-01-03T10:56:00Z</time>
   </trkpt>
   <trkpt lat="51.4706610" lon="-0.2571340">
    <ele>3.8</ele>
    <time>2026-01-03T10:56:01Z</time>
   </trkpt>
   <trkpt lat="51.4706640" lon="-0.2571130">
    <ele>3.8</ele>
    <time>2026-01-03T10:56:02Z</time>
   </trkpt>
   <trkpt lat="51.4706670" lon="-0.2570950">
    <ele>3.8</ele>
    <time>2026-01-03T10:56:03Z</time>
   </trkpt>
   <trkpt lat="51.4706760" lon="-0.2570740">
    <ele>3.8</ele>
    <time>2026-01-03T10:56:04Z</time>
   </trkpt>
   <trkpt lat="51.4706770" lon="-0.2570600">
    <ele>3.8</ele>
    <time>2026-01-03T10:56:05Z</time>
   </trkpt>
   <trkpt lat="51.4706800" lon="-0.2570490">
    <ele>3.8</ele>
    <time>2026-01-03T10:56:06Z</time>
   </trkpt>
   <trkpt lat="51.4706810" lon="-0.2570320">
    <ele>3.8</ele>
    <time>2026-01-03T10:56:07Z</time>
   </trkpt>
   <trkpt lat="51.4706850" lon="-0.2570150">
    <ele>3.8</ele>
    <time>2026-01-03T10:56:08Z</time>
   </trkpt>
   <trkpt lat="51.4706910" lon="-0.2570020">
    <ele>3.8</ele>
    <time>2026-01-03T10:56:09Z</time>
   </trkpt>
   <trkpt lat="51.4706960" lon="-0.2569790">
    <ele>3.8</ele>
    <time>2026-01-03T10:56:10Z</time>
   </trkpt>
   <trkpt lat="51.4707030" lon="-0.2569600">
    <ele>3.8</ele>
    <time>2026-01-03T10:56:11Z</time>
   </trkpt>
   <trkpt lat="51.4707150" lon="-0.2569240">
    <ele>3.8</ele>
    <time>2026-01-03T10:56:12Z</time>
   </trkpt>
   <trkpt lat="51.4707200" lon="-0.2569160">
    <ele>3.8</ele>
    <time>2026-01-03T10:56:13Z</time>
   </trkpt>
   <trkpt lat="51.4707250" lon="-0.2569080">
    <ele>3.8</ele>
    <time>2026-01-03T10:56:14Z</time>
   </trkpt>
   <trkpt lat="51.4707280" lon="-0.2568900">
    <ele>3.8</ele>
    <time>2026-01-03T10:56:15Z</time>
   </trkpt>
   <trkpt lat="51.4707350" lon="-0.2568830">
    <ele>3.8</ele>
    <time>2026-01-03T10:56:16Z</time>
   </trkpt>
   <trkpt lat="51.4707390" lon="-0.2568590">
    <ele>3.7</ele>
    <time>2026-01-03T10:56:17Z</time>
   </trkpt>
   <trkpt lat="51.4707430" lon="-0.2568390">
    <ele>3.7</ele>
    <time>2026-01-03T10:56:18Z</time>
   </trkpt>
   <trkpt lat="51.4707470" lon="-0.2568130">
    <ele>3.7</ele>
    <time>2026-01-03T10:56:19Z</time>
   </trkpt>
   <trkpt lat="51.4707550" lon="-0.2567840">
    <ele>3.7</ele>
    <time>2026-01-03T10:56:20Z</time>
   </trkpt>
   <trkpt lat="51.4707590" lon="-0.2567690">
    <ele>3.7</ele>
    <time>2026-01-03T10:56:21Z</time>
   </trkpt>
   <trkpt lat="51.4707630" lon="-0.2567540">
    <ele>3.7</ele>
    <time>2026-01-03T10:56:22Z</time>
   </trkpt>
   <trkpt lat="51.4707680" lon="-0.2567430">
    <ele>3.7</ele>
    <time>2026-01-03T10:56:23Z</time>
   </trkpt>
   <trkpt lat="51.4707750" lon="-0.2567210">
    <ele>3.7</ele>
    <time>2026-01-03T10:56:24Z</time>
   </trkpt>
   <trkpt lat="51.4707760" lon="-0.2567080">
    <ele>3.7</ele>
    <time>2026-01-03T10:56:25Z</time>
   </trkpt>
   <trkpt lat="51.4707870" lon="-0.2566910">
    <ele>3.7</ele>
    <time>2026-01-03T10:56:26Z</time>
   </trkpt>
   <trkpt lat="51.4707920" lon="-0.2566700">
    <ele>3.7</ele>
    <time>2026-01-03T10:56:27Z</time>
   </trkpt>
   <trkpt lat="51.4707970" lon="-0.2566520">
    <ele>3.7</ele>
    <time>2026-01-03T10:56:28Z</time>
   </trkpt>
   <trkpt lat="51.4708060" lon="-0.2566340">
    <ele>3.7</ele>
    <time>2026-01-03T10:56:29Z</time>
   </trkpt>
   <trkpt lat="51.4708080" lon="-0.2566200">
    <ele>3.7</ele>
    <time>2026-01-03T10:56:30Z</time>
   </trkpt>
   <trkpt lat="51.4708120" lon="-0.2566010">
    <ele>3.7</ele>
    <time>2026-01-03T10:56:31Z</time>
   </trkpt>
   <trkpt lat="51.4708190" lon="-0.2565800">
    <ele>3.7</ele>
    <time>2026-01-03T10:56:32Z</time>
   </trkpt>
   <trkpt lat="51.4708270" lon="-0.2565490">
    <ele>3.7</ele>
    <time>2026-01-03T10:56:33Z</time>
   </trkpt>
   <trkpt lat="51.4708310" lon="-0.2565370">
    <ele>3.7</ele>
    <time>2026-01-03T10:56:35Z</time>
   </trkpt>
   <trkpt lat="51.4708350" lon="-0.2565260">
    <ele>3.7</ele>
    <time>2026-01-03T10:56:36Z</time>
   </trkpt>
   <trkpt lat="51.4708440" lon="-0.2564970">
    <ele>3.7</ele>
    <time>2026-01-03T10:56:37Z</time>
   </trkpt>
   <trkpt lat="51.4708470" lon="-0.2564840">
    <ele>3.7</ele>
    <time>2026-01-03T10:56:38Z</time>
   </trkpt>
   <trkpt lat="51.4708490" lon="-0.2564710">
    <ele>3.7</ele>
    <time>2026-01-03T10:56:39Z</time>
   </trkpt>
   <trkpt lat="51.4708550" lon="-0.2564540">
    <ele>3.7</ele>
    <time>2026-01-03T10:56:40Z</time>
   </trkpt>
   <trkpt lat="51.4708630" lon="-0.2564240">
    <ele>3.7</ele>
    <time>2026-01-03T10:56:41Z</time>
   </trkpt>
   <trkpt lat="51.4708610" lon="-0.2564140">
    <ele>3.7</ele>
    <time>2026-01-03T10:56:42Z</time>
   </trkpt>
   <trkpt lat="51.4708640" lon="-0.2563990">
    <ele>3.7</ele>
    <time>2026-01-03T10:56:43Z</time>
   </trkpt>
   <trkpt lat="51.4708730" lon="-0.2563780">
    <ele>3.7</ele>
    <time>2026-01-03T10:56:44Z</time>
   </trkpt>
   <trkpt lat="51.4708820" lon="-0.2563630">
    <ele>3.7</ele>
    <time>2026-01-03T10:56:45Z</time>
   </trkpt>
   <trkpt lat="51.4708880" lon="-0.2563450">
    <ele>3.7</ele>
    <time>2026-01-03T10:56:46Z</time>
   </trkpt>
   <trkpt lat="51.4708920" lon="-0.2563340">
    <ele>3.7</ele>
    <time>2026-01-03T10:56:47Z</time>
   </trkpt>
   <trkpt lat="51.4709030" lon="-0.2563040">
    <ele>3.7</ele>
    <time>2026-01-03T10:56:48Z</time>
   </trkpt>
   <trkpt lat="51.4709070" lon="-0.2562890">
    <ele>3.7</ele>
    <time>2026-01-03T10:56:49Z</time>
   </trkpt>
   <trkpt lat="51.4709110" lon="-0.2562740">
    <ele>3.7</ele>
    <time>2026-01-03T10:56:50Z</time>
   </trkpt>
   <trkpt lat="51.4709120" lon="-0.2562610">
    <ele>3.7</ele>
    <time>2026-01-03T10:56:51Z</time>
   </trkpt>
   <trkpt lat="51.4709190" lon="-0.2562470">
    <ele>3.7</ele>
    <time>2026-01-03T10:56:52Z</time>
   </trkpt>
   <trkpt lat="51.4709220" lon="-0.2562270">
    <ele>3.7</ele>
    <time>2026-01-03T10:56:53Z</time>
   </trkpt>
   <trkpt lat="51.4709270" lon="-0.2562010">
    <ele>3.7</ele>
    <time>2026-01-03T10:56:54Z</time>
   </trkpt>
   <trkpt lat="51.4709290" lon="-0.2561920">
    <ele>3.7</ele>
    <time>2026-01-03T10:56:55Z</time>
   </trkpt>
   <trkpt lat="51.4709330" lon="-0.2561750">
    <ele>3.7</ele>
    <time>2026-01-03T10:56:56Z</time>
   </trkpt>
   <trkpt lat="51.4709380" lon="-0.2561580">
    <ele>3.7</ele>
    <time>2026-01-03T10:56:57Z</time>
   </trkpt>
   <trkpt lat="51.4709420" lon="-0.2561430">
    <ele>3.7</ele>
    <time>2026-01-03T10:56:58Z</time>
   </trkpt>
   <trkpt lat="51.4709470" lon="-0.2561300">
    <ele>3.7</ele>
    <time>2026-01-03T10:56:59Z</time>
   </trkpt>
   <trkpt lat="51.4709520" lon="-0.2561110">
    <ele>3.7</ele>
    <time>2026-01-03T10:57:00Z</time>
   </trkpt>
   <trkpt lat="51.4709570" lon="-0.2560880">
    <ele>3.7</ele>
    <time>2026-01-03T10:57:01Z</time>
   </trkpt>
   <trkpt lat="51.4709610" lon="-0.2560670">
    <ele>3.7</ele>
    <time>2026-01-03T10:57:02Z</time>
   </trkpt>
   <trkpt lat="51.4709650" lon="-0.2560440">
    <ele>3.7</ele>
    <time>2026-01-03T10:57:03Z</time>
   </trkpt>
   <trkpt lat="51.4709720" lon="-0.2560300">
    <ele>3.7</ele>
    <time>2026-01-03T10:57:04Z</time>
   </trkpt>
   <trkpt lat="51.4709740" lon="-0.2560210">
    <ele>3.7</ele>
    <time>2026-01-03T10:57:05Z</time>
   </trkpt>
   <trkpt lat="51.4709810" lon="-0.2559990">
    <ele>3.7</ele>
    <time>2026-01-03T10:57:06Z</time>
   </trkpt>
   <trkpt lat="51.4709910" lon="-0.2559680">
    <ele>3.7</ele>
    <time>2026-01-03T10:57:07Z</time>
   </trkpt>
   <trkpt lat="51.4709970" lon="-0.2559540">
    <ele>3.7</ele>
    <time>2026-01-03T10:57:08Z</time>
   </trkpt>
   <trkpt lat="51.4710020" lon="-0.2559410">
    <ele>3.7</ele>
    <time>2026-01-03T10:57:09Z</time>
   </trkpt>
   <trkpt lat="51.4710110" lon="-0.2559340">
    <ele>3.7</ele>
    <time>2026-01-03T10:57:10Z</time>
   </trkpt>
   <trkpt lat="51.4710130" lon="-0.2559150">
    <ele>3.7</ele>
    <time>2026-01-03T10:57:11Z</time>
   </trkpt>
   <trkpt lat="51.4710220" lon="-0.2558940">
    <ele>3.7</ele>
    <time>2026-01-03T10:57:12Z</time>
   </trkpt>
   <trkpt lat="51.4710370" lon="-0.2558690">
    <ele>3.7</ele>
    <time>2026-01-03T10:57:13Z</time>
   </trkpt>
   <trkpt lat="51.4710430" lon="-0.2558570">
    <ele>3.7</ele>
    <time>2026-01-03T10:57:14Z</time>
   </trkpt>
   <trkpt lat="51.4710500" lon="-0.2558440">
    <ele>3.7</ele>
    <time>2026-01-03T10:57:15Z</time>
   </trkpt>
   <trkpt lat="51.4710610" lon="-0.2558130">
    <ele>3.7</ele>
    <time>2026-01-03T10:57:16Z</time>
   </trkpt>
   <trkpt lat="51.4710690" lon="-0.2557930">
    <ele>3.7</ele>
    <time>2026-01-03T10:57:17Z</time>
   </trkpt>
   <trkpt lat="51.4710720" lon="-0.2557780">
    <ele>3.8</ele>
    <time>2026-01-03T10:57:18Z</time>
   </trkpt>
   <trkpt lat="51.4710740" lon="-0.2557620">
    <ele>3.8</ele>
    <time>2026-01-03T10:57:19Z</time>
   </trkpt>
   <trkpt lat="51.4710800" lon="-0.2557420">
    <ele>3.8</ele>
    <time>2026-01-03T10:57:20Z</time>
   </trkpt>
   <trkpt lat="51.4710930" lon="-0.2557100">
    <ele>3.8</ele>
    <time>2026-01-03T10:57:21Z</time>
   </trkpt>
   <trkpt lat="51.4710990" lon="-0.2556990">
    <ele>3.8</ele>
    <time>2026-01-03T10:57:22Z</time>
   </trkpt>
   <trkpt lat="51.4711040" lon="-0.2556890">
    <ele>3.8</ele>
    <time>2026-01-03T10:57:23Z</time>
   </trkpt>
   <trkpt lat="51.4711100" lon="-0.2556540">
    <ele>3.8</ele>
    <time>2026-01-03T10:57:24Z</time>
   </trkpt>
   <trkpt lat="51.4711130" lon="-0.2556380">
    <ele>3.8</ele>
    <time>2026-01-03T10:57:25Z</time>
   </trkpt>
   <trkpt lat="51.4711170" lon="-0.2556220">
    <ele>3.8</ele>
    <time>2026-01-03T10:57:26Z</time>
   </trkpt>
   <trkpt lat="51.4711200" lon="-0.2556150">
    <ele>3.8</ele>
    <time>2026-01-03T10:57:27Z</time>
   </trkpt>
   <trkpt lat="51.4711280" lon="-0.2555900">
    <ele>3.8</ele>
    <time>2026-01-03T10:57:28Z</time>
   </trkpt>
   <trkpt lat="51.4711330" lon="-0.2555810">
    <ele>3.8</ele>
    <time>2026-01-03T10:57:29Z</time>
   </trkpt>
   <trkpt lat="51.4711380" lon="-0.2555710">
    <ele>3.8</ele>
    <time>2026-01-03T10:57:30Z</time>
   </trkpt>
   <trkpt lat="51.4711440" lon="-0.2555550">
    <ele>3.9</ele>
    <time>2026-01-03T10:57:31Z</time>
   </trkpt>
   <trkpt lat="51.4711560" lon="-0.2555390">
    <ele>3.9</ele>
    <time>2026-01-03T10:57:32Z</time>
   </trkpt>
   <trkpt lat="51.4711580" lon="-0.2555270">
    <ele>3.9</ele>
    <time>2026-01-03T10:57:33Z</time>
   </trkpt>
   <trkpt lat="51.4711660" lon="-0.2555090">
    <ele>3.9</ele>
    <time>2026-01-03T10:57:34Z</time>
   </trkpt>
   <trkpt lat="51.4711660" lon="-0.2554960">
    <ele>3.9</ele>
    <time>2026-01-03T10:57:35Z</time>
   </trkpt>
   <trkpt lat="51.4711750" lon="-0.2554750">
    <ele>3.9</ele>
    <time>2026-01-03T10:57:36Z</time>
   </trkpt>
   <trkpt lat="51.4711820" lon="-0.2554550">
    <ele>3.9</ele>
    <time>2026-01-03T10:57:37Z</time>
   </trkpt>
   <trkpt lat="51.4711910" lon="-0.2554340">
    <ele>3.9</ele>
    <time>2026-01-03T10:57:38Z</time>
   </trkpt>
   <trkpt lat="51.4711990" lon="-0.2554190">
    <ele>3.9</ele>
    <time>2026-01-03T10:57:39Z</time>
   </trkpt>
   <trkpt lat="51.4712070" lon="-0.2554050">
    <ele>3.9</ele>
    <time>2026-01-03T10:57:40Z</time>
   </trkpt>
   <trkpt lat="51.4712100" lon="-0.2553900">
    <ele>3.9</ele>
    <time>2026-01-03T10:57:41Z</time>
   </trkpt>
   <trkpt lat="51.4712140" lon="-0.2553710">
    <ele>4.0</ele>
    <time>2026-01-03T10:57:42Z</time>
   </trkpt>
   <trkpt lat="51.4712230" lon="-0.2553410">
    <ele>4.0</ele>
    <time>2026-01-03T10:57:43Z</time>
   </trkpt>
   <trkpt lat="51.4712320" lon="-0.2553320">
    <ele>4.0</ele>
    <time>2026-01-03T10:57:44Z</time>
   </trkpt>
   <trkpt lat="51.4712420" lon="-0.2553000">
    <ele>4.0</ele>
    <time>2026-01-03T10:57:45Z</time>
   </trkpt>
   <trkpt lat="51.4712460" lon="-0.2552910">
    <ele>4.0</ele>
    <time>2026-01-03T10:57:46Z</time>
   </trkpt>
   <trkpt lat="51.4712500" lon="-0.2552810">
    <ele>4.0</ele>
    <time>2026-01-03T10:57:47Z</time>
   </trkpt>
   <trkpt lat="51.4712660" lon="-0.2552560">
    <ele>4.0</ele>
    <time>2026-01-03T10:57:48Z</time>
   </trkpt>
   <trkpt lat="51.4712740" lon="-0.2552470">
    <ele>4.0</ele>
    <time>2026-01-03T10:57:49Z</time>
   </trkpt>
   <trkpt lat="51.4712820" lon="-0.2552380">
    <ele>4.0</ele>
    <time>2026-01-03T10:57:50Z</time>
   </trkpt>
   <trkpt lat="51.4712850" lon="-0.2552240">
    <ele>4.0</ele>
    <time>2026-01-03T10:57:51Z</time>
   </trkpt>
   <trkpt lat="51.4712880" lon="-0.2552050">
    <ele>4.0</ele>
    <time>2026-01-03T10:57:52Z</time>
   </trkpt>
   <trkpt lat="51.4712950" lon="-0.2551880">
    <ele>4.0</ele>
    <time>2026-01-03T10:57:53Z</time>
   </trkpt>
   <trkpt lat="51.4713080" lon="-0.2551650">
    <ele>4.0</ele>
    <time>2026-01-03T10:57:54Z</time>
   </trkpt>
   <trkpt lat="51.4713120" lon="-0.2551530">
    <ele>4.1</ele>
    <time>2026-01-03T10:57:55Z</time>
   </trkpt>
   <trkpt lat="51.4713170" lon="-0.2551420">
    <ele>4.1</ele>
    <time>2026-01-03T10:57:56Z</time>
   </trkpt>
   <trkpt lat="51.4713210" lon="-0.2551240">
    <ele>4.1</ele>
    <time>2026-01-03T10:57:57Z</time>
   </trkpt>
   <trkpt lat="51.4713280" lon="-0.2551030">
    <ele>4.1</ele>
    <time>2026-01-03T10:57:58Z</time>
   </trkpt>
   <trkpt lat="51.4713350" lon="-0.2550920">
    <ele>4.1</ele>
    <time>2026-01-03T10:57:59Z</time>
   </trkpt>
   <trkpt lat="51.4713430" lon="-0.2550800">
    <ele>4.1</ele>
    <time>2026-01-03T10:58:00Z</time>
   </trkpt>
   <trkpt lat="51.4713500" lon="-0.2550610">
    <ele>4.1</ele>
    <time>2026-01-03T10:58:01Z</time>
   </trkpt>
   <trkpt lat="51.4713550" lon="-0.2550430">
    <ele>4.1</ele>
    <time>2026-01-03T10:58:02Z</time>
   </trkpt>
   <trkpt lat="51.4713590" lon="-0.2550230">
    <ele>4.1</ele>
    <time>2026-01-03T10:58:03Z</time>
   </trkpt>
   <trkpt lat="51.4713630" lon="-0.2550140">
    <ele>4.1</ele>
    <time>2026-01-03T10:58:04Z</time>
   </trkpt>
   <trkpt lat="51.4713750" lon="-0.2549940">
    <ele>4.1</ele>
    <time>2026-01-03T10:58:05Z</time>
   </trkpt>
   <trkpt lat="51.4713820" lon="-0.2549810">
    <ele>4.1</ele>
    <time>2026-01-03T10:58:06Z</time>
   </trkpt>
   <trkpt lat="51.4713880" lon="-0.2549680">
    <ele>4.1</ele>
    <time>2026-01-03T10:58:07Z</time>
   </trkpt>
   <trkpt lat="51.4713970" lon="-0.2549510">
    <ele>4.1</ele>
    <time>2026-01-03T10:58:08Z</time>
   </trkpt>
   <trkpt lat="51.4714000" lon="-0.2549230">
    <ele>4.1</ele>
    <time>2026-01-03T10:58:09Z</time>
   </trkpt>
   <trkpt lat="51.4714120" lon="-0.2549010">
    <ele>4.1</ele>
    <time>2026-01-03T10:58:10Z</time>
   </trkpt>
   <trkpt lat="51.4714180" lon="-0.2548880">
    <ele>4.1</ele>
    <time>2026-01-03T10:58:11Z</time>
   </trkpt>
   <trkpt lat="51.4714230" lon="-0.2548750">
    <ele>4.1</ele>
    <time>2026-01-03T10:58:12Z</time>
   </trkpt>
   <trkpt lat="51.4714290" lon="-0.2548620">
    <ele>4.1</ele>
    <time>2026-01-03T10:58:13Z</time>
   </trkpt>
   <trkpt lat="51.4714380" lon="-0.2548480">
    <ele>4.1</ele>
    <time>2026-01-03T10:58:14Z</time>
   </trkpt>
   <trkpt lat="51.4714460" lon="-0.2548330">
    <ele>4.1</ele>
    <time>2026-01-03T10:58:15Z</time>
   </trkpt>
   <trkpt lat="51.4714500" lon="-0.2548130">
    <ele>4.1</ele>
    <time>2026-01-03T10:58:16Z</time>
   </trkpt>
   <trkpt lat="51.4714570" lon="-0.2547990">
    <ele>4.1</ele>
    <time>2026-01-03T10:58:17Z</time>
   </trkpt>
   <trkpt lat="51.4714630" lon="-0.2547830">
    <ele>4.1</ele>
    <time>2026-01-03T10:58:18Z</time>
   </trkpt>
   <trkpt lat="51.4714740" lon="-0.2547660">
    <ele>4.1</ele>
    <time>2026-01-03T10:58:19Z</time>
   </trkpt>
   <trkpt lat="51.4714820" lon="-0.2547510">
    <ele>4.1</ele>
    <time>2026-01-03T10:58:20Z</time>
   </trkpt>
   <trkpt lat="51.4714820" lon="-0.2547370">
    <ele>4.1</ele>
    <time>2026-01-03T10:58:21Z</time>
   </trkpt>
   <trkpt lat="51.4714910" lon="-0.2547210">
    <ele>4.1</ele>
    <time>2026-01-03T10:58:22Z</time>
   </trkpt>
   <trkpt lat="51.4715010" lon="-0.2546910">
    <ele>4.1</ele>
    <time>2026-01-03T10:58:23Z</time>
   </trkpt>
   <trkpt lat="51.4715110" lon="-0.2546680">
    <ele>4.1</ele>
    <time>2026-01-03T10:58:24Z</time>
   </trkpt>
   <trkpt lat="51.4715170" lon="-0.2546540">
    <ele>4.1</ele>
    <time>2026-01-03T10:58:25Z</time>
   </trkpt>
   <trkpt lat="51.4715230" lon="-0.2546410">
    <ele>4.1</ele>
    <time>2026-01-03T10:58:26Z</time>
   </trkpt>
   <trkpt lat="51.4715290" lon="-0.2546330">
    <ele>4.1</ele>
    <time>2026-01-03T10:58:27Z</time>
   </trkpt>
   <trkpt lat="51.4715360" lon="-0.2546190">
    <ele>4.1</ele>
    <time>2026-01-03T10:58:28Z</time>
   </trkpt>
   <trkpt lat="51.4715430" lon="-0.2546060">
    <ele>4.1</ele>
    <time>2026-01-03T10:58:29Z</time>
   </trkpt>
   <trkpt lat="51.4715590" lon="-0.2545820">
    <ele>4.1</ele>
    <time>2026-01-03T10:58:30Z</time>
   </trkpt>
   <trkpt lat="51.4715650" lon="-0.2545750">
    <ele>4.1</ele>
    <time>2026-01-03T10:58:31Z</time>
   </trkpt>
   <trkpt lat="51.4715720" lon="-0.2545680">
    <ele>4.1</ele>
    <time>2026-01-03T10:58:32Z</time>
   </trkpt>
   <trkpt lat="51.4715800" lon="-0.2545550">
    <ele>4.1</ele>
    <time>2026-01-03T10:58:33Z</time>
   </trkpt>
   <trkpt lat="51.4715870" lon="-0.2545390">
    <ele>4.1</ele>
    <time>2026-01-03T10:58:34Z</time>
   </trkpt>
   <trkpt lat="51.4715900" lon="-0.2545300">
    <ele>4.0</ele>
    <time>2026-01-03T10:58:35Z</time>
   </trkpt>
   <trkpt lat="51.4715970" lon="-0.2545130">
    <ele>4.0</ele>
    <time>2026-01-03T10:58:36Z</time>
   </trkpt>
   <trkpt lat="51.4716010" lon="-0.2544990">
    <ele>4.0</ele>
    <time>2026-01-03T10:58:37Z</time>
   </trkpt>
   <trkpt lat="51.4716090" lon="-0.2544880">
    <ele>4.0</ele>
    <time>2026-01-03T10:58:38Z</time>
   </trkpt>
   <trkpt lat="51.4716170" lon="-0.2544700">
    <ele>4.0</ele>
    <time>2026-01-03T10:58:39Z</time>
   </trkpt>
   <trkpt lat="51.4716230" lon="-0.2544530">
    <ele>4.0</ele>
    <time>2026-01-03T10:58:41Z</time>
   </trkpt>
   <trkpt lat="51.4716280" lon="-0.2544390">
    <ele>4.0</ele>
    <time>2026-01-03T10:58:42Z</time>
   </trkpt>
   <trkpt lat="51.4716320" lon="-0.2544260">
    <ele>4.0</ele>
    <time>2026-01-03T10:58:43Z</time>
   </trkpt>
   <trkpt lat="51.4716350" lon="-0.2544180">
    <ele>4.0</ele>
    <time>2026-01-03T10:58:44Z</time>
   </trkpt>
   <trkpt lat="51.4716420" lon="-0.2544050">
    <ele>4.0</ele>
    <time>2026-01-03T10:58:45Z</time>
   </trkpt>
   <trkpt lat="51.4716470" lon="-0.2543900">
    <ele>4.0</ele>
    <time>2026-01-03T10:58:46Z</time>
   </trkpt>
   <trkpt lat="51.4716510" lon="-0.2543720">
    <ele>4.0</ele>
    <time>2026-01-03T10:58:47Z</time>
   </trkpt>
   <trkpt lat="51.4716570" lon="-0.2543630">
    <ele>4.0</ele>
    <time>2026-01-03T10:58:48Z</time>
   </trkpt>
   <trkpt lat="51.4716660" lon="-0.2543500">
    <ele>4.0</ele>
    <time>2026-01-03T10:58:49Z</time>
   </trkpt>
   <trkpt lat="51.4716800" lon="-0.2543190">
    <ele>4.0</ele>
    <time>2026-01-03T10:58:50Z</time>
   </trkpt>
   <trkpt lat="51.4716830" lon="-0.2543060">
    <ele>4.0</ele>
    <time>2026-01-03T10:58:51Z</time>
   </trkpt>
   <trkpt lat="51.4716870" lon="-0.2542930">
    <ele>4.0</ele>
    <time>2026-01-03T10:58:52Z</time>
   </trkpt>
   <trkpt lat="51.4717010" lon="-0.2542650">
    <ele>4.0</ele>
    <time>2026-01-03T10:58:53Z</time>
   </trkpt>
   <trkpt lat="51.4717110" lon="-0.2542610">
    <ele>4.0</ele>
    <time>2026-01-03T10:58:54Z</time>
   </trkpt>
   <trkpt lat="51.4717180" lon="-0.2542430">
    <ele>4.0</ele>
    <time>2026-01-03T10:58:55Z</time>
   </trkpt>
   <trkpt lat="51.4717310" lon="-0.2542250">
    <ele>4.0</ele>
    <time>2026-01-03T10:58:56Z</time>
   </trkpt>
   <trkpt lat="51.4717390" lon="-0.2542050">
    <ele>4.0</ele>
    <time>2026-01-03T10:58:57Z</time>
   </trkpt>
   <trkpt lat="51.4717470" lon="-0.2541850">
    <ele>4.0</ele>
    <time>2026-01-03T10:58:58Z</time>
   </trkpt>
   <trkpt lat="51.4717530" lon="-0.2541720">
    <ele>4.0</ele>
    <time>2026-01-03T10:58:59Z</time>
   </trkpt>
   <trkpt lat="51.4717680" lon="-0.2541540">
    <ele>4.0</ele>
    <time>2026-01-03T10:59:00Z</time>
   </trkpt>
   <trkpt lat="51.4717760" lon="-0.2541420">
    <ele>4.0</ele>
    <time>2026-01-03T10:59:01Z</time>
   </trkpt>
   <trkpt lat="51.4717810" lon="-0.2541250">
    <ele>4.0</ele>
    <time>2026-01-03T10:59:02Z</time>
   </trkpt>
   <trkpt lat="51.4717880" lon="-0.2541090">
    <ele>4.0</ele>
    <time>2026-01-03T10:59:03Z</time>
   </trkpt>
   <trkpt lat="51.4717930" lon="-0.2540930">
    <ele>4.0</ele>
    <time>2026-01-03T10:59:04Z</time>
   </trkpt>
   <trkpt lat="51.4717980" lon="-0.2540720">
    <ele>4.0</ele>
    <time>2026-01-03T10:59:05Z</time>
   </trkpt>
   <trkpt lat="51.4718010" lon="-0.2540550">
    <ele>4.0</ele>
    <time>2026-01-03T10:59:06Z</time>
   </trkpt>
   <trkpt lat="51.4718200" lon="-0.2540280">
    <ele>4.0</ele>
    <time>2026-01-03T10:59:07Z</time>
   </trkpt>
   <trkpt lat="51.4718270" lon="-0.2540190">
    <ele>4.0</ele>
    <time>2026-01-03T10:59:08Z</time>
   </trkpt>
   <trkpt lat="51.4718340" lon="-0.2540090">
    <ele>4.0</ele>
    <time>2026-01-03T10:59:09Z</time>
   </trkpt>
   <trkpt lat="51.4718410" lon="-0.2539840">
    <ele>3.9</ele>
    <time>2026-01-03T10:59:10Z</time>
   </trkpt>
   <trkpt lat="51.4718490" lon="-0.2539720">
    <ele>3.9</ele>
    <time>2026-01-03T10:59:11Z</time>
   </trkpt>
   <trkpt lat="51.4718560" lon="-0.2539590">
    <ele>3.9</ele>
    <time>2026-01-03T10:59:12Z</time>
   </trkpt>
   <trkpt lat="51.4718620" lon="-0.2539520">
    <ele>3.9</ele>
    <time>2026-01-03T10:59:13Z</time>
   </trkpt>
   <trkpt lat="51.4718740" lon="-0.2539370">
    <ele>3.9</ele>
    <time>2026-01-03T10:59:14Z</time>
   </trkpt>
   <trkpt lat="51.4718760" lon="-0.2539250">
    <ele>3.9</ele>
    <time>2026-01-03T10:59:15Z</time>
   </trkpt>
   <trkpt lat="51.4718840" lon="-0.2539090">
    <ele>3.9</ele>
    <time>2026-01-03T10:59:16Z</time>
   </trkpt>
   <trkpt lat="51.4718920" lon="-0.2538880">
    <ele>3.9</ele>
    <time>2026-01-03T10:59:17Z</time>
   </trkpt>
   <trkpt lat="51.4719010" lon="-0.2538780">
    <ele>3.9</ele>
    <time>2026-01-03T10:59:18Z</time>
   </trkpt>
   <trkpt lat="51.4719120" lon="-0.2538560">
    <ele>3.9</ele>
    <time>2026-01-03T10:59:19Z</time>
   </trkpt>
   <trkpt lat="51.4719240" lon="-0.2538290">
    <ele>3.9</ele>
    <time>2026-01-03T10:59:20Z</time>
   </trkpt>
   <trkpt lat="51.4719290" lon="-0.2538190">
    <ele>3.9</ele>
    <time>2026-01-03T10:59:21Z</time>
   </trkpt>
   <trkpt lat="51.4719330" lon="-0.2538080">
    <ele>3.9</ele>
    <time>2026-01-03T10:59:22Z</time>
   </trkpt>
   <trkpt lat="51.4719530" lon="-0.2537730">
    <ele>3.9</ele>
    <time>2026-01-03T10:59:23Z</time>
   </trkpt>
   <trkpt lat="51.4719540" lon="-0.2537640">
    <ele>3.9</ele>
    <time>2026-01-03T10:59:24Z</time>
   </trkpt>
   <trkpt lat="51.4719640" lon="-0.2537430">
    <ele>3.9</ele>
    <time>2026-01-03T10:59:25Z</time>
   </trkpt>
   <trkpt lat="51.4719710" lon="-0.2537350">
    <ele>3.9</ele>
    <time>2026-01-03T10:59:26Z</time>
   </trkpt>
   <trkpt lat="51.4719800" lon="-0.2537190">
    <ele>3.9</ele>
    <time>2026-01-03T10:59:27Z</time>
   </trkpt>
   <trkpt lat="51.4719880" lon="-0.2537060">
    <ele>3.9</ele>
    <time>2026-01-03T10:59:28Z</time>
   </trkpt>
   <trkpt lat="51.4719920" lon="-0.2536970">
    <ele>3.9</ele>
    <time>2026-01-03T10:59:29Z</time>
   </trkpt>
   <trkpt lat="51.4720070" lon="-0.2536700">
    <ele>3.9</ele>
    <time>2026-01-03T10:59:30Z</time>
   </trkpt>
   <trkpt lat="51.4720130" lon="-0.2536600">
    <ele>3.9</ele>
    <time>2026-01-03T10:59:31Z</time>
   </trkpt>
   <trkpt lat="51.4720180" lon="-0.2536510">
    <ele>3.9</ele>
    <time>2026-01-03T10:59:32Z</time>
   </trkpt>
   <trkpt lat="51.4720270" lon="-0.2536420">
    <ele>3.9</ele>
    <time>2026-01-03T10:59:33Z</time>
   </trkpt>
   <trkpt lat="51.4720360" lon="-0.2536250">
    <ele>3.9</ele>
    <time>2026-01-03T10:59:34Z</time>
   </trkpt>
   <trkpt lat="51.4720430" lon="-0.2536140">
    <ele>3.9</ele>
    <time>2026-01-03T10:59:35Z</time>
   </trkpt>
   <trkpt lat="51.4720540" lon="-0.2535870">
    <ele>3.9</ele>
    <time>2026-01-03T10:59:36Z</time>
   </trkpt>
   <trkpt lat="51.4720590" lon="-0.2535770">
    <ele>3.9</ele>
    <time>2026-01-03T10:59:37Z</time>
   </trkpt>
   <trkpt lat="51.4720650" lon="-0.2535660">
    <ele>3.9</ele>
    <time>2026-01-03T10:59:38Z</time>
   </trkpt>
   <trkpt lat="51.4720800" lon="-0.2535410">
    <ele>3.9</ele>
    <time>2026-01-03T10:59:39Z</time>
   </trkpt>
   <trkpt lat="51.4720840" lon="-0.2535310">
    <ele>3.9</ele>
    <time>2026-01-03T10:59:40Z</time>
   </trkpt>
   <trkpt lat="51.4720890" lon="-0.2535200">
    <ele>3.9</ele>
    <time>2026-01-03T10:59:41Z</time>
   </trkpt>
   <trkpt lat="51.4721030" lon="-0.2534930">
    <ele>3.9</ele>
    <time>2026-01-03T10:59:42Z</time>
   </trkpt>
   <trkpt lat="51.4721070" lon="-0.2534810">
    <ele>3.9</ele>
    <time>2026-01-03T10:59:43Z</time>
   </trkpt>
   <trkpt lat="51.4721110" lon="-0.2534680">
    <ele>3.9</ele>
    <time>2026-01-03T10:59:44Z</time>
   </trkpt>
   <trkpt lat="51.4721210" lon="-0.2534630">
    <ele>3.9</ele>
    <time>2026-01-03T10:59:45Z</time>
   </trkpt>
   <trkpt lat="51.4721340" lon="-0.2534510">
    <ele>3.9</ele>
    <time>2026-01-03T10:59:46Z</time>
   </trkpt>
   <trkpt lat="51.4721380" lon="-0.2534420">
    <ele>3.9</ele>
    <time>2026-01-03T10:59:47Z</time>
   </trkpt>
   <trkpt lat="51.4721530" lon="-0.2534160">
    <ele>3.9</ele>
    <time>2026-01-03T10:59:48Z</time>
   </trkpt>
   <trkpt lat="51.4721600" lon="-0.2534060">
    <ele>3.9</ele>
    <time>2026-01-03T10:59:49Z</time>
   </trkpt>
   <trkpt lat="51.4721670" lon="-0.2533950">
    <ele>3.9</ele>
    <time>2026-01-03T10:59:50Z</time>
   </trkpt>
   <trkpt lat="51.4721700" lon="-0.2533890">
    <ele>3.9</ele>
    <time>2026-01-03T10:59:51Z</time>
   </trkpt>
   <trkpt lat="51.4721760" lon="-0.2533780">
    <ele>3.8</ele>
    <time>2026-01-03T10:59:52Z</time>
   </trkpt>
   <trkpt lat="51.4721860" lon="-0.2533610">
    <ele>3.8</ele>
    <time>2026-01-03T10:59:53Z</time>
   </trkpt>
   <trkpt lat="51.4721920" lon="-0.2533510">
    <ele>3.8</ele>
    <time>2026-01-03T10:59:54Z</time>
   </trkpt>
   <trkpt lat="51.4722030" lon="-0.2533410">
    <ele>3.8</ele>
    <time>2026-01-03T10:59:55Z</time>
   </trkpt>
   <trkpt lat="51.4722140" lon="-0.2533400">
    <ele>3.8</ele>
    <time>2026-01-03T10:59:56Z</time>
   </trkpt>
   <trkpt lat="51.4722250" lon="-0.2533400">
    <ele>3.8</ele>
    <time>2026-01-03T10:59:57Z</time>
   </trkpt>
   <trkpt lat="51.4722370" lon="-0.2533360">
    <ele>3.8</ele>
    <time>2026-01-03T10:59:58Z</time>
   </trkpt>
   <trkpt lat="51.4722410" lon="-0.2533300">
    <ele>3.8</ele>
    <time>2026-01-03T10:59:59Z</time>
   </trkpt>
   <trkpt lat="51.4722490" lon="-0.2533110">
    <ele>3.8</ele>
    <time>2026-01-03T11:00:00Z</time>
   </trkpt>
   <trkpt lat="51.4722600" lon="-0.2532980">
    <ele>3.8</ele>
    <time>2026-01-03T11:00:01Z</time>
   </trkpt>
   <trkpt lat="51.4722670" lon="-0.2532870">
    <ele>3.8</ele>
    <time>2026-01-03T11:00:02Z</time>
   </trkpt>
   <trkpt lat="51.4722760" lon="-0.2532730">
    <ele>3.8</ele>
    <time>2026-01-03T11:00:03Z</time>
   </trkpt>
   <trkpt lat="51.4722870" lon="-0.2532610">
    <ele>3.8</ele>
    <time>2026-01-03T11:00:04Z</time>
   </trkpt>
   <trkpt lat="51.4723020" lon="-0.2532280">
    <ele>3.9</ele>
    <time>2026-01-03T11:00:05Z</time>
   </trkpt>
   <trkpt lat="51.4723060" lon="-0.2532150">
    <ele>3.9</ele>
    <time>2026-01-03T11:00:06Z</time>
   </trkpt>
   <trkpt lat="51.4723100" lon="-0.2532010">
    <ele>3.9</ele>
    <time>2026-01-03T11:00:07Z</time>
   </trkpt>
   <trkpt lat="51.4723170" lon="-0.2531880">
    <ele>3.9</ele>
    <time>2026-01-03T11:00:08Z</time>
   </trkpt>
   <trkpt lat="51.4723250" lon="-0.2531660">
    <ele>3.9</ele>
    <time>2026-01-03T11:00:09Z</time>
   </trkpt>
   <trkpt lat="51.4723280" lon="-0.2531590">
    <ele>3.9</ele>
    <time>2026-01-03T11:00:10Z</time>
   </trkpt>
   <trkpt lat="51.4723330" lon="-0.2531130">
    <ele>4.0</ele>
    <time>2026-01-03T11:00:11Z</time>
   </trkpt>
   <trkpt lat="51.4723340" lon="-0.2530940">
    <ele>4.0</ele>
    <time>2026-01-03T11:00:12Z</time>
   </trkpt>
   <trkpt lat="51.4723400" lon="-0.2530860">
    <ele>4.0</ele>
    <time>2026-01-03T11:00:13Z</time>
   </trkpt>
   <trkpt lat="51.4723420" lon="-0.2530760">
    <ele>4.0</ele>
    <time>2026-01-03T11:00:14Z</time>
   </trkpt>
   <trkpt lat="51.4723510" lon="-0.2530640">
    <ele>4.0</ele>
    <time>2026-01-03T11:00:15Z</time>
   </trkpt>
   <trkpt lat="51.4723550" lon="-0.2530500">
    <ele>4.1</ele>
    <time>2026-01-03T11:00:16Z</time>
   </trkpt>
   <trkpt lat="51.4723570" lon="-0.2530280">
    <ele>4.1</ele>
    <time>2026-01-03T11:00:17Z</time>
   </trkpt>
   <trkpt lat="51.4723620" lon="-0.2530120">
    <ele>4.1</ele>
    <time>2026-01-03T11:00:18Z</time>
   </trkpt>
   <trkpt lat="51.4723630" lon="-0.2530010">
    <ele>4.1</ele>
    <time>2026-01-03T11:00:19Z</time>
   </trkpt>
   <trkpt lat="51.4723830" lon="-0.2530060">
    <ele>4.1</ele>
    <time>2026-01-03T11:00:20Z</time>
   </trkpt>
   <trkpt lat="51.4723950" lon="-0.2529950">
    <ele>4.2</ele>
    <time>2026-01-03T11:00:21Z</time>
   </trkpt>
   <trkpt lat="51.4724130" lon="-0.2529890">
    <ele>4.2</ele>
    <time>2026-01-03T11:00:22Z</time>
   </trkpt>
   <trkpt lat="51.4724230" lon="-0.2529870">
    <ele>4.2</ele>
    <time>2026-01-03T11:00:23Z</time>
   </trkpt>
   <trkpt lat="51.4724350" lon="-0.2529880">
    <ele>4.2</ele>
    <time>2026-01-03T11:00:24Z</time>
   </trkpt>
   <trkpt lat="51.4724440" lon="-0.2529790">
    <ele>4.2</ele>
    <time>2026-01-03T11:00:25Z</time>
   </trkpt>
   <trkpt lat="51.4724480" lon="-0.2529840">
    <ele>4.2</ele>
    <time>2026-01-03T11:00:26Z</time>
   </trkpt>
   <trkpt lat="51.4724560" lon="-0.2529820">
    <ele>4.2</ele>
    <time>2026-01-03T11:00:27Z</time>
   </trkpt>
   <trkpt lat="51.4724710" lon="-0.2529660">
    <ele>4.2</ele>
    <time>2026-01-03T11:00:28Z</time>
   </trkpt>
   <trkpt lat="51.4724790" lon="-0.2529570">
    <ele>4.2</ele>
    <time>2026-01-03T11:00:29Z</time>
   </trkpt>
   <trkpt lat="51.4724860" lon="-0.2529480">
    <ele>4.2</ele>
    <time>2026-01-03T11:00:30Z</time>
   </trkpt>
   <trkpt lat="51.4724990" lon="-0.2529250">
    <ele>4.2</ele>
    <time>2026-01-03T11:00:31Z</time>
   </trkpt>
   <trkpt lat="51.4725060" lon="-0.2529150">
    <ele>4.2</ele>
    <time>2026-01-03T11:00:32Z</time>
   </trkpt>
   <trkpt lat="51.4725130" lon="-0.2529040">
    <ele>4.2</ele>
    <time>2026-01-03T11:00:33Z</time>
   </trkpt>
   <trkpt lat="51.4725200" lon="-0.2528930">
    <ele>4.2</ele>
    <time>2026-01-03T11:00:34Z</time>
   </trkpt>
   <trkpt lat="51.4725280" lon="-0.2528660">
    <ele>4.2</ele>
    <time>2026-01-03T11:00:35Z</time>
   </trkpt>
   <trkpt lat="51.4725400" lon="-0.2528320">
    <ele>4.2</ele>
    <time>2026-01-03T11:00:36Z</time>
   </trkpt>
   <trkpt lat="51.4725460" lon="-0.2528210">
    <ele>4.2</ele>
    <time>2026-01-03T11:00:37Z</time>
   </trkpt>
   <trkpt lat="51.4725510" lon="-0.2528110">
    <ele>4.2</ele>
    <time>2026-01-03T11:00:38Z</time>
   </trkpt>
   <trkpt lat="51.4725530" lon="-0.2528000">
    <ele>4.2</ele>
    <time>2026-01-03T11:00:39Z</time>
   </trkpt>
   <trkpt lat="51.4725600" lon="-0.2527850">
    <ele>4.2</ele>
    <time>2026-01-03T11:00:40Z</time>
   </trkpt>
   <trkpt lat="51.4725680" lon="-0.2527710">
    <ele>4.2</ele>
    <time>2026-01-03T11:00:41Z</time>
   </trkpt>
   <trkpt lat="51.4725920" lon="-0.2527460">
    <ele>4.2</ele>
    <time>2026-01-03T11:00:42Z</time>
   </trkpt>
   <trkpt lat="51.4725990" lon="-0.2527390">
    <ele>4.2</ele>
    <time>2026-01-03T11:00:43Z</time>
   </trkpt>
   <trkpt lat="51.4726060" lon="-0.2527310">
    <ele>4.2</ele>
    <time>2026-01-03T11:00:44Z</time>
   </trkpt>
   <trkpt lat="51.4726170" lon="-0.2527050">
    <ele>4.2</ele>
    <time>2026-01-03T11:00:45Z</time>
   </trkpt>
   <trkpt lat="51.4726240" lon="-0.2526930">
    <ele>4.2</ele>
    <time>2026-01-03T11:00:47Z</time>
   </trkpt>
   <trkpt lat="51.4726310" lon="-0.2526800">
    <ele>4.2</ele>
    <time>2026-01-03T11:00:48Z</time>
   </trkpt>
   <trkpt lat="51.4726370" lon="-0.2526800">
    <ele>4.2</ele>
    <time>2026-01-03T11:00:49Z</time>
   </trkpt>
   <trkpt lat="51.4726490" lon="-0.2526710">
    <ele>4.2</ele>
    <time>2026-01-03T11:00:50Z</time>
   </trkpt>
   <trkpt lat="51.4726630" lon="-0.2526660">
    <ele>4.2</ele>
    <time>2026-01-03T11:00:51Z</time>
   </trkpt>
   <trkpt lat="51.4726770" lon="-0.2526480">
    <ele>4.2</ele>
    <time>2026-01-03T11:00:52Z</time>
   </trkpt>
   <trkpt lat="51.4726820" lon="-0.2526420">
    <ele>4.2</ele>
    <time>2026-01-03T11:00:53Z</time>
   </trkpt>
   <trkpt lat="51.4726860" lon="-0.2526240">
    <ele>4.2</ele>
    <time>2026-01-03T11:00:54Z</time>
   </trkpt>
   <trkpt lat="51.4726940" lon="-0.2526040">
    <ele>4.2</ele>
    <time>2026-01-03T11:00:55Z</time>
   </trkpt>
   <trkpt lat="51.4726970" lon="-0.2525960">
    <ele>4.2</ele>
    <time>2026-01-03T11:00:56Z</time>
   </trkpt>
   <trkpt lat="51.4727040" lon="-0.2525770">
    <ele>4.2</ele>
    <time>2026-01-03T11:00:57Z</time>
   </trkpt>
   <trkpt lat="51.4727090" lon="-0.2525550">
    <ele>4.2</ele>
    <time>2026-01-03T11:00:58Z</time>
   </trkpt>
   <trkpt lat="51.4727170" lon="-0.2525350">
    <ele>4.2</ele>
    <time>2026-01-03T11:00:59Z</time>
   </trkpt>
   <trkpt lat="51.4727230" lon="-0.2525170">
    <ele>4.2</ele>
    <time>2026-01-03T11:01:00Z</time>
   </trkpt>
   <trkpt lat="51.4727330" lon="-0.2524990">
    <ele>4.2</ele>
    <time>2026-01-03T11:01:01Z</time>
   </trkpt>
   <trkpt lat="51.4727430" lon="-0.2524840">
    <ele>4.2</ele>
    <time>2026-01-03T11:01:02Z</time>
   </trkpt>
   <trkpt lat="51.4727600" lon="-0.2524740">
    <ele>4.2</ele>
    <time>2026-01-03T11:01:03Z</time>
   </trkpt>
   <trkpt lat="51.4727680" lon="-0.2524720">
    <ele>4.2</ele>
    <time>2026-01-03T11:01:04Z</time>
   </trkpt>
   <trkpt lat="51.4727810" lon="-0.2524490">
    <ele>4.2</ele>
    <time>2026-01-03T11:01:05Z</time>
   </trkpt>
   <trkpt lat="51.4727850" lon="-0.2524370">
    <ele>4.2</ele>
    <time>2026-01-03T11:01:06Z</time>
   </trkpt>
   <trkpt lat="51.4727980" lon="-0.2524100">
    <ele>4.2</ele>
    <time>2026-01-03T11:01:07Z</time>
   </trkpt>
   <trkpt lat="51.4728060" lon="-0.2524010">
    <ele>4.2</ele>
    <time>2026-01-03T11:01:08Z</time>
   </trkpt>
   <trkpt lat="51.4728140" lon="-0.2523930">
    <ele>4.2</ele>
    <time>2026-01-03T11:01:09Z</time>
   </trkpt>
   <trkpt lat="51.4728210" lon="-0.2523820">
    <ele>4.2</ele>
    <time>2026-01-03T11:01:10Z</time>
   </trkpt>
   <trkpt lat="51.4728280" lon="-0.2523650">
    <ele>4.2</ele>
    <time>2026-01-03T11:01:11Z</time>
   </trkpt>
   <trkpt lat="51.4728380" lon="-0.2523520">
    <ele>4.2</ele>
    <time>2026-01-03T11:01:12Z</time>
   </trkpt>
   <trkpt lat="51.4728490" lon="-0.2523510">
    <ele>4.2</ele>
    <time>2026-01-03T11:01:13Z</time>
   </trkpt>
   <trkpt lat="51.4728600" lon="-0.2523330">
    <ele>4.2</ele>
    <time>2026-01-03T11:01:14Z</time>
   </trkpt>
   <trkpt lat="51.4728690" lon="-0.2523250">
    <ele>4.2</ele>
    <time>2026-01-03T11:01:15Z</time>
   </trkpt>
   <trkpt lat="51.4728860" lon="-0.2523050">
    <ele>4.2</ele>
    <time>2026-01-03T11:01:16Z</time>
   </trkpt>
   <trkpt lat="51.4728940" lon="-0.2522970">
    <ele>4.2</ele>
    <time>2026-01-03T11:01:17Z</time>
   </trkpt>
   <trkpt lat="51.4729020" lon="-0.2522880">
    <ele>4.2</ele>
    <time>2026-01-03T11:01:18Z</time>
   </trkpt>
   <trkpt lat="51.4729180" lon="-0.2522690">
    <ele>4.2</ele>
    <time>2026-01-03T11:01:19Z</time>
   </trkpt>
   <trkpt lat="51.4729240" lon="-0.2522600">
    <ele>4.2</ele>
    <time>2026-01-03T11:01:20Z</time>
   </trkpt>
   <trkpt lat="51.4729300" lon="-0.2522500">
    <ele>4.2</ele>
    <time>2026-01-03T11:01:21Z</time>
   </trkpt>
   <trkpt lat="51.4729410" lon="-0.2522330">
    <ele>4.2</ele>
    <time>2026-01-03T11:01:22Z</time>
   </trkpt>
   <trkpt lat="51.4729500" lon="-0.2522180">
    <ele>4.2</ele>
    <time>2026-01-03T11:01:23Z</time>
   </trkpt>
   <trkpt lat="51.4729660" lon="-0.2521950">
    <ele>4.2</ele>
    <time>2026-01-03T11:01:24Z</time>
   </trkpt>
   <trkpt lat="51.4729710" lon="-0.2521870">
    <ele>4.2</ele>
    <time>2026-01-03T11:01:25Z</time>
   </trkpt>
   <trkpt lat="51.4729770" lon="-0.2521800">
    <ele>4.2</ele>
    <time>2026-01-03T11:01:26Z</time>
   </trkpt>
   <trkpt lat="51.4729920" lon="-0.2521590">
    <ele>4.2</ele>
    <time>2026-01-03T11:01:27Z</time>
   </trkpt>
   <trkpt lat="51.4730000" lon="-0.2521520">
    <ele>4.2</ele>
    <time>2026-01-03T11:01:28Z</time>
   </trkpt>
   <trkpt lat="51.4730070" lon="-0.2521440">
    <ele>4.2</ele>
    <time>2026-01-03T11:01:29Z</time>
   </trkpt>
   <trkpt lat="51.4730130" lon="-0.2521330">
    <ele>4.2</ele>
    <time>2026-01-03T11:01:30Z</time>
   </trkpt>
   <trkpt lat="51.4730370" lon="-0.2521150">
    <ele>4.2</ele>
    <time>2026-01-03T11:01:31Z</time>
   </trkpt>
   <trkpt lat="51.4730470" lon="-0.2521030">
    <ele>4.2</ele>
    <time>2026-01-03T11:01:32Z</time>
   </trkpt>
   <trkpt lat="51.4730560" lon="-0.2520880">
    <ele>4.3</ele>
    <time>2026-01-03T11:01:33Z</time>
   </trkpt>
   <trkpt lat="51.4730640" lon="-0.2520810">
    <ele>4.3</ele>
    <time>2026-01-03T11:01:34Z</time>
   </trkpt>
   <trkpt lat="51.4730830" lon="-0.2520540">
    <ele>4.3</ele>
    <time>2026-01-03T11:01:35Z</time>
   </trkpt>
   <trkpt lat="51.4730900" lon="-0.2520480">
    <ele>4.3</ele>
    <time>2026-01-03T11:01:36Z</time>
   </trkpt>
   <trkpt lat="51.4730960" lon="-0.2520410">
    <ele>4.3</ele>
    <time>2026-01-03T11:01:37Z</time>
   </trkpt>
   <trkpt lat="51.4731040" lon="-0.2520270">
    <ele>4.3</ele>
    <time>2026-01-03T11:01:38Z</time>
   </trkpt>
   <trkpt lat="51.4731150" lon="-0.2520220">
    <ele>4.3</ele>
    <time>2026-01-03T11:01:39Z</time>
   </trkpt>
   <trkpt lat="51.4731250" lon="-0.2520150">
    <ele>4.3</ele>
    <time>2026-01-03T11:01:40Z</time>
   </trkpt>
   <trkpt lat="51.4731330" lon="-0.2520040">
    <ele>4.3</ele>
    <time>2026-01-03T11:01:41Z</time>
   </trkpt>
   <trkpt lat="51.4731420" lon="-0.2519910">
    <ele>4.2</ele>
    <time>2026-01-03T11:01:42Z</time>
   </trkpt>
   <trkpt lat="51.4731510" lon="-0.2519770">
    <ele>4.2</ele>
    <time>2026-01-03T11:01:43Z</time>
   </trkpt>
   <trkpt lat="51.4731660" lon="-0.2519540">
    <ele>4.2</ele>
    <time>2026-01-03T11:01:44Z</time>
   </trkpt>
   <trkpt lat="51.4731720" lon="-0.2519420">
    <ele>4.2</ele>
    <time>2026-01-03T11:01:45Z</time>
   </trkpt>
   <trkpt lat="51.4731790" lon="-0.2519300">
    <ele>4.2</ele>
    <time>2026-01-03T11:01:46Z</time>
   </trkpt>
   <trkpt lat="51.4731850" lon="-0.2519240">
    <ele>4.2</ele>
    <time>2026-01-03T11:01:47Z</time>
   </trkpt>
   <trkpt lat="51.4731970" lon="-0.2519140">
    <ele>4.2</ele>
    <time>2026-01-03T11:01:48Z</time>
   </trkpt>
   <trkpt lat="51.4732060" lon="-0.2518980">
    <ele>4.2</ele>
    <time>2026-01-03T11:01:49Z</time>
   </trkpt>
   <trkpt lat="51.4732200" lon="-0.2518750">
    <ele>4.2</ele>
    <time>2026-01-03T11:01:50Z</time>
   </trkpt>
   <trkpt lat="51.4732270" lon="-0.2518640">
    <ele>4.2</ele>
    <time>2026-01-03T11:01:51Z</time>
   </trkpt>
   <trkpt lat="51.4732330" lon="-0.2518540">
    <ele>4.2</ele>
    <time>2026-01-03T11:01:52Z</time>
   </trkpt>
   <trkpt lat="51.4732450" lon="-0.2518280">
    <ele>4.2</ele>
    <time>2026-01-03T11:01:53Z</time>
   </trkpt>
   <trkpt lat="51.4732520" lon="-0.2518180">
    <ele>4.2</ele>
    <time>2026-01-03T11:01:54Z</time>
   </trkpt>
   <trkpt lat="51.4732590" lon="-0.2518080">
    <ele>4.2</ele>
    <time>2026-01-03T11:01:55Z</time>
   </trkpt>
   <trkpt lat="51.4732700" lon="-0.2517910">
    <ele>4.2</ele>
    <time>2026-01-03T11:01:56Z</time>
   </trkpt>
   <trkpt lat="51.4732750" lon="-0.2517840">
    <ele>4.2</ele>
    <time>2026-01-03T11:01:57Z</time>
   </trkpt>
   <trkpt lat="51.4732860" lon="-0.2517760">
    <ele>4.2</ele>
    <time>2026-01-03T11:01:58Z</time>
   </trkpt>
   <trkpt lat="51.4733020" lon="-0.2517480">
    <ele>4.2</ele>
    <time>2026-01-03T11:01:59Z</time>
   </trkpt>
   <trkpt lat="51.4733070" lon="-0.2517380">
    <ele>4.2</ele>
    <time>2026-01-03T11:02:00Z</time>
   </trkpt>
   <trkpt lat="51.4733120" lon="-0.2517270">
    <ele>4.2</ele>
    <time>2026-01-03T11:02:01Z</time>
   </trkpt>
   <trkpt lat="51.4733160" lon="-0.2517140">
    <ele>4.2</ele>
    <time>2026-01-03T11:02:02Z</time>
   </trkpt>
   <trkpt lat="51.4733250" lon="-0.2517040">
    <ele>4.2</ele>
    <time>2026-01-03T11:02:03Z</time>
   </trkpt>
   <trkpt lat="51.4733370" lon="-0.2516910">
    <ele>4.2</ele>
    <time>2026-01-03T11:02:04Z</time>
   </trkpt>
   <trkpt lat="51.4733440" lon="-0.2516750">
    <ele>4.2</ele>
    <time>2026-01-03T11:02:05Z</time>
   </trkpt>
   <trkpt lat="51.4733530" lon="-0.2516640">
    <ele>4.2</ele>
    <time>2026-01-03T11:02:06Z</time>
   </trkpt>
   <trkpt lat="51.4733620" lon="-0.2516520">
    <ele>4.2</ele>
    <time>2026-01-03T11:02:07Z</time>
   </trkpt>
   <trkpt lat="51.4733820" lon="-0.2516310">
    <ele>4.2</ele>
    <time>2026-01-03T11:02:08Z</time>
   </trkpt>
   <trkpt lat="51.4733880" lon="-0.2516250">
    <ele>4.2</ele>
    <time>2026-01-03T11:02:09Z</time>
   </trkpt>
   <trkpt lat="51.4733930" lon="-0.2516180">
    <ele>4.2</ele>
    <time>2026-01-03T11:02:10Z</time>
   </trkpt>
   <trkpt lat="51.4734020" lon="-0.2516030">
    <ele>4.2</ele>
    <time>2026-01-03T11:02:11Z</time>
   </trkpt>
   <trkpt lat="51.4734140" lon="-0.2515910">
    <ele>4.2</ele>
    <time>2026-01-03T11:02:12Z</time>
   </trkpt>
   <trkpt lat="51.4734230" lon="-0.2515820">
    <ele>4.2</ele>
    <time>2026-01-03T11:02:13Z</time>
   </trkpt>
   <trkpt lat="51.4734320" lon="-0.2515670">
    <ele>4.2</ele>
    <time>2026-01-03T11:02:14Z</time>
   </trkpt>
   <trkpt lat="51.4734410" lon="-0.2515550">
    <ele>4.2</ele>
    <time>2026-01-03T11:02:15Z</time>
   </trkpt>
   <trkpt lat="51.4734560" lon="-0.2515300">
    <ele>4.2</ele>
    <time>2026-01-03T11:02:16Z</time>
   </trkpt>
   <trkpt lat="51.4734620" lon="-0.2515200">
    <ele>4.2</ele>
    <time>2026-01-03T11:02:17Z</time>
   </trkpt>
   <trkpt lat="51.4734680" lon="-0.2515100">
    <ele>4.2</ele>
    <time>2026-01-03T11:02:18Z</time>
   </trkpt>
   <trkpt lat="51.4734800" lon="-0.2515020">
    <ele>4.2</ele>
    <time>2026-01-03T11:02:19Z</time>
   </trkpt>
   <trkpt lat="51.4734890" lon="-0.2514910">
    <ele>4.2</ele>
    <time>2026-01-03T11:02:20Z</time>
   </trkpt>
   <trkpt lat="51.4735000" lon="-0.2514860">
    <ele>4.2</ele>
    <time>2026-01-03T11:02:21Z</time>
   </trkpt>
   <trkpt lat="51.4735100" lon="-0.2514770">
    <ele>4.2</ele>
    <time>2026-01-03T11:02:22Z</time>
   </trkpt>
   <trkpt lat="51.4735170" lon="-0.2514660">
    <ele>4.2</ele>
    <time>2026-01-03T11:02:23Z</time>
   </trkpt>
   <trkpt lat="51.4735220" lon="-0.2514570">
    <ele>4.2</ele>
    <time>2026-01-03T11:02:24Z</time>
   </trkpt>
   <trkpt lat="51.4735310" lon="-0.2514490">
    <ele>4.2</ele>
    <time>2026-01-03T11:02:25Z</time>
   </trkpt>
   <trkpt lat="51.4735400" lon="-0.2514430">
    <ele>4.2</ele>
    <time>2026-01-03T11:02:26Z</time>
   </trkpt>
   <trkpt lat="51.4735520" lon="-0.2514360">
    <ele>4.2</ele>
    <time>2026-01-03T11:02:27Z</time>
   </trkpt>
   <trkpt lat="51.4735700" lon="-0.2514300">
    <ele>4.2</ele>
    <time>2026-01-03T11:02:28Z</time>
   </trkpt>
   <trkpt lat="51.4735810" lon="-0.2514250">
    <ele>4.2</ele>
    <time>2026-01-03T11:02:29Z</time>
   </trkpt>
   <trkpt lat="51.4735990" lon="-0.2514110">
    <ele>4.2</ele>
    <time>2026-01-03T11:02:30Z</time>
   </trkpt>
   <trkpt lat="51.4736070" lon="-0.2514030">
    <ele>4.2</ele>
    <time>2026-01-03T11:02:31Z</time>
   </trkpt>
   <trkpt lat="51.4736140" lon="-0.2513950">
    <ele>4.2</ele>
    <time>2026-01-03T11:02:32Z</time>
   </trkpt>
   <trkpt lat="51.4736370" lon="-0.2513830">
    <ele>4.2</ele>
    <time>2026-01-03T11:02:33Z</time>
   </trkpt>
   <trkpt lat="51.4736430" lon="-0.2513800">
    <ele>4.2</ele>
    <time>2026-01-03T11:02:34Z</time>
   </trkpt>
   <trkpt lat="51.4736500" lon="-0.2513760">
    <ele>4.2</ele>
    <time>2026-01-03T11:02:35Z</time>
   </trkpt>
   <trkpt lat="51.4736640" lon="-0.2513670">
    <ele>4.2</ele>
    <time>2026-01-03T11:02:36Z</time>
   </trkpt>
   <trkpt lat="51.4736710" lon="-0.2513620">
    <ele>4.2</ele>
    <time>2026-01-03T11:02:37Z</time>
   </trkpt>
   <trkpt lat="51.4736840" lon="-0.2513570">
    <ele>4.2</ele>
    <time>2026-01-03T11:02:38Z</time>
   </trkpt>
   <trkpt lat="51.4737070" lon="-0.2513410">
    <ele>4.2</ele>
    <time>2026-01-03T11:02:39Z</time>
   </trkpt>
   <trkpt lat="51.4737140" lon="-0.2513350">
    <ele>4.2</ele>
    <time>2026-01-03T11:02:40Z</time>
   </trkpt>
   <trkpt lat="51.4737220" lon="-0.2513290">
    <ele>4.2</ele>
    <time>2026-01-03T11:02:41Z</time>
   </trkpt>
   <trkpt lat="51.4737290" lon="-0.2513210">
    <ele>4.2</ele>
    <time>2026-01-03T11:02:42Z</time>
   </trkpt>
   <trkpt lat="51.4737420" lon="-0.2513080">
    <ele>4.2</ele>
    <time>2026-01-03T11:02:43Z</time>
   </trkpt>
   <trkpt lat="51.4737510" lon="-0.2512970">
    <ele>4.2</ele>
    <time>2026-01-03T11:02:44Z</time>
   </trkpt>
   <trkpt lat="51.4737630" lon="-0.2512890">
    <ele>4.2</ele>
    <time>2026-01-03T11:02:45Z</time>
   </trkpt>
   <trkpt lat="51.4737750" lon="-0.2512750">
    <ele>4.2</ele>
    <time>2026-01-03T11:02:46Z</time>
   </trkpt>
   <trkpt lat="51.4737840" lon="-0.2512660">
    <ele>4.2</ele>
    <time>2026-01-03T11:02:47Z</time>
   </trkpt>
   <trkpt lat="51.4737990" lon="-0.2512510">
    <ele>4.2</ele>
    <time>2026-01-03T11:02:48Z</time>
   </trkpt>
   <trkpt lat="51.4738060" lon="-0.2512420">
    <ele>4.2</ele>
    <time>2026-01-03T11:02:49Z</time>
   </trkpt>
   <trkpt lat="51.4738210" lon="-0.2512290">
    <ele>4.2</ele>
    <time>2026-01-03T11:02:50Z</time>
   </trkpt>
   <trkpt lat="51.4738290" lon="-0.2512210">
    <ele>4.2</ele>
    <time>2026-01-03T11:02:51Z</time>
   </trkpt>
   <trkpt lat="51.4738420" lon="-0.2512130">
    <ele>4.2</ele>
    <time>2026-01-03T11:02:53Z</time>
   </trkpt>
   <trkpt lat="51.4738580" lon="-0.2512050">
    <ele>4.2</ele>
    <time>2026-01-03T11:02:54Z</time>
   </trkpt>
   <trkpt lat="51.4738630" lon="-0.2512010">
    <ele>4.2</ele>
    <time>2026-01-03T11:02:55Z</time>
   </trkpt>
   <trkpt lat="51.4738770" lon="-0.2511880">
    <ele>4.2</ele>
    <time>2026-01-03T11:02:56Z</time>
   </trkpt>
   <trkpt lat="51.4738860" lon="-0.2511800">
    <ele>4.2</ele>
    <time>2026-01-03T11:02:57Z</time>
   </trkpt>
   <trkpt lat="51.4739070" lon="-0.2511600">
    <ele>4.1</ele>
    <time>2026-01-03T11:02:58Z</time>
   </trkpt>
   <trkpt lat="51.4739130" lon="-0.2511550">
    <ele>4.1</ele>
    <time>2026-01-03T11:02:59Z</time>
   </trkpt>
   <trkpt lat="51.4739200" lon="-0.2511500">
    <ele>4.1</ele>
    <time>2026-01-03T11:03:00Z</time>
   </trkpt>
   <trkpt lat="51.4739270" lon="-0.2511470">
    <ele>4.1</ele>
    <time>2026-01-03T11:03:01Z</time>
   </trkpt>
   <trkpt lat="51.4739400" lon="-0.2511380">
    <ele>4.1</ele>
    <time>2026-01-03T11:03:02Z</time>
   </trkpt>
   <trkpt lat="51.4739480" lon="-0.2511270">
    <ele>4.1</ele>
    <time>2026-01-03T11:03:03Z</time>
   </trkpt>
   <trkpt lat="51.4739700" lon="-0.2511160">
    <ele>4.1</ele>
    <time>2026-01-03T11:03:04Z</time>
   </trkpt>
   <trkpt lat="51.4739770" lon="-0.2511100">
    <ele>4.1</ele>
    <time>2026-01-03T11:03:05Z</time>
   </trkpt>
   <trkpt lat="51.4739850" lon="-0.2511050">
    <ele>4.1</ele>
    <time>2026-01-03T11:03:06Z</time>
   </trkpt>
   <trkpt lat="51.4739910" lon="-0.2510970">
    <ele>4.1</ele>
    <time>2026-01-03T11:03:07Z</time>
   </trkpt>
   <trkpt lat="51.4740040" lon="-0.2510940">
    <ele>4.1</ele>
    <time>2026-01-03T11:03:08Z</time>
   </trkpt>
   <trkpt lat="51.4740200" lon="-0.2510930">
    <ele>4.1</ele>
    <time>2026-01-03T11:03:09Z</time>
   </trkpt>
   <trkpt lat="51.4740290" lon="-0.2510900">
    <ele>4.1</ele>
    <time>2026-01-03T11:03:10Z</time>
   </trkpt>
   <trkpt lat="51.4740350" lon="-0.2510840">
    <ele>4.1</ele>
    <time>2026-01-03T11:03:11Z</time>
   </trkpt>
   <trkpt lat="51.4740460" lon="-0.2510790">
    <ele>4.1</ele>
    <time>2026-01-03T11:03:12Z</time>
   </trkpt>
   <trkpt lat="51.4740560" lon="-0.2510680">
    <ele>4.1</ele>
    <time>2026-01-03T11:03:13Z</time>
   </trkpt>
   <trkpt lat="51.4740620" lon="-0.2510580">
    <ele>4.1</ele>
    <time>2026-01-03T11:03:14Z</time>
   </trkpt>
   <trkpt lat="51.4740750" lon="-0.2510490">
    <ele>4.1</ele>
    <time>2026-01-03T11:03:15Z</time>
   </trkpt>
   <trkpt lat="51.4740930" lon="-0.2510330">
    <ele>4.1</ele>
    <time>2026-01-03T11:03:16Z</time>
   </trkpt>
   <trkpt lat="51.4741010" lon="-0.2510290">
    <ele>4.1</ele>
    <time>2026-01-03T11:03:17Z</time>
   </trkpt>
   <trkpt lat="51.4741080" lon="-0.2510240">
    <ele>4.1</ele>
    <time>2026-01-03T11:03:18Z</time>
   </trkpt>
   <trkpt lat="51.4741190" lon="-0.2510110">
    <ele>4.1</ele>
    <time>2026-01-03T11:03:19Z</time>
   </trkpt>
   <trkpt lat="51.4741350" lon="-0.2510030">
    <ele>4.1</ele>
    <time>2026-01-03T11:03:20Z</time>
   </trkpt>
   <trkpt lat="51.4741440" lon="-0.2509960">
    <ele>4.1</ele>
    <time>2026-01-03T11:03:21Z</time>
   </trkpt>
   <trkpt lat="51.4741570" lon="-0.2509880">
    <ele>4.1</ele>
    <time>2026-01-03T11:03:22Z</time>
   </trkpt>
   <trkpt lat="51.4741670" lon="-0.2509760">
    <ele>4.1</ele>
    <time>2026-01-03T11:03:23Z</time>
   </trkpt>
   <trkpt lat="51.4741770" lon="-0.2509680">
    <ele>4.1</ele>
    <time>2026-01-03T11:03:24Z</time>
   </trkpt>
   <trkpt lat="51.4741840" lon="-0.2509600">
    <ele>4.1</ele>
    <time>2026-01-03T11:03:25Z</time>
   </trkpt>
   <trkpt lat="51.4741970" lon="-0.2509500">
    <ele>4.1</ele>
    <time>2026-01-03T11:03:26Z</time>
   </trkpt>
   <trkpt lat="51.4742090" lon="-0.2509440">
    <ele>4.1</ele>
    <time>2026-01-03T11:03:27Z</time>
   </trkpt>
   <trkpt lat="51.4742220" lon="-0.2509400">
    <ele>4.1</ele>
    <time>2026-01-03T11:03:28Z</time>
   </trkpt>
   <trkpt lat="51.4742300" lon="-0.2509380">
    <ele>4.1</ele>
    <time>2026-01-03T11:03:29Z</time>
   </trkpt>
   <trkpt lat="51.4742490" lon="-0.2509250">
    <ele>4.1</ele>
    <time>2026-01-03T11:03:30Z</time>
   </trkpt>
   <trkpt lat="51.4742580" lon="-0.2509190">
    <ele>4.1</ele>
    <time>2026-01-03T11:03:31Z</time>
   </trkpt>
   <trkpt lat="51.4742660" lon="-0.2509140">
    <ele>4.1</ele>
    <time>2026-01-03T11:03:32Z</time>
   </trkpt>
   <trkpt lat="51.4742800" lon="-0.2509090">
    <ele>4.1</ele>
    <time>2026-01-03T11:03:33Z</time>
   </trkpt>
   <trkpt lat="51.4742850" lon="-0.2509010">
    <ele>4.1</ele>
    <time>2026-01-03T11:03:34Z</time>
   </trkpt>
   <trkpt lat="51.4742970" lon="-0.2508890">
    <ele>4.1</ele>
    <time>2026-01-03T11:03:35Z</time>
   </trkpt>
   <trkpt lat="51.4743100" lon="-0.2508810">
    <ele>4.1</ele>
    <time>2026-01-03T11:03:36Z</time>
   </trkpt>
   <trkpt lat="51.4743190" lon="-0.2508730">
    <ele>4.1</ele>
    <time>2026-01-03T11:03:37Z</time>
   </trkpt>
   <trkpt lat="51.4743280" lon="-0.2508670">
    <ele>4.1</ele>
    <time>2026-01-03T11:03:38Z</time>
   </trkpt>
   <trkpt lat="51.4743460" lon="-0.2508490">
    <ele>4.1</ele>
    <time>2026-01-03T11:03:39Z</time>
   </trkpt>
   <trkpt lat="51.4743540" lon="-0.2508440">
    <ele>4.1</ele>
    <time>2026-01-03T11:03:40Z</time>
   </trkpt>
   <trkpt lat="51.4743620" lon="-0.2508380">
    <ele>4.1</ele>
    <time>2026-01-03T11:03:41Z</time>
   </trkpt>
   <trkpt lat="51.4743700" lon="-0.2508310">
    <ele>4.1</ele>
    <time>2026-01-03T11:03:42Z</time>
   </trkpt>
   <trkpt lat="51.4743820" lon="-0.2508280">
    <ele>4.1</ele>
    <time>2026-01-03T11:03:43Z</time>
   </trkpt>
   <trkpt lat="51.4743930" lon="-0.2508170">
    <ele>4.1</ele>
    <time>2026-01-03T11:03:44Z</time>
   </trkpt>
   <trkpt lat="51.4744130" lon="-0.2507980">
    <ele>4.1</ele>
    <time>2026-01-03T11:03:45Z</time>
   </trkpt>
   <trkpt lat="51.4744250" lon="-0.2507900">
    <ele>4.1</ele>
    <time>2026-01-03T11:03:46Z</time>
   </trkpt>
   <trkpt lat="51.4744320" lon="-0.2507860">
    <ele>4.1</ele>
    <time>2026-01-03T11:03:47Z</time>
   </trkpt>
   <trkpt lat="51.4744460" lon="-0.2507780">
    <ele>4.1</ele>
    <time>2026-01-03T11:03:48Z</time>
   </trkpt>
   <trkpt lat="51.4744580" lon="-0.2507680">
    <ele>4.1</ele>
    <time>2026-01-03T11:03:49Z</time>
   </trkpt>
   <trkpt lat="51.4744650" lon="-0.2507570">
    <ele>4.1</ele>
    <time>2026-01-03T11:03:50Z</time>
   </trkpt>
   <trkpt lat="51.4744730" lon="-0.2507470">
    <ele>4.1</ele>
    <time>2026-01-03T11:03:51Z</time>
   </trkpt>
   <trkpt lat="51.4744860" lon="-0.2507410">
    <ele>4.1</ele>
    <time>2026-01-03T11:03:52Z</time>
   </trkpt>
   <trkpt lat="51.4744970" lon="-0.2507280">
    <ele>4.1</ele>
    <time>2026-01-03T11:03:53Z</time>
   </trkpt>
   <trkpt lat="51.4745090" lon="-0.2507200">
    <ele>4.1</ele>
    <time>2026-01-03T11:03:54Z</time>
   </trkpt>
   <trkpt lat="51.4745170" lon="-0.2507120">
    <ele>4.1</ele>
    <time>2026-01-03T11:03:55Z</time>
   </trkpt>
   <trkpt lat="51.4745380" lon="-0.2506960">
    <ele>4.1</ele>
    <time>2026-01-03T11:03:56Z</time>
   </trkpt>
   <trkpt lat="51.4745440" lon="-0.2506900">
    <ele>4.1</ele>
    <time>2026-01-03T11:03:57Z</time>
   </trkpt>
   <trkpt lat="51.4745510" lon="-0.2506850">
    <ele>4.1</ele>
    <time>2026-01-03T11:03:58Z</time>
   </trkpt>
   <trkpt lat="51.4745580" lon="-0.2506790">
    <ele>4.1</ele>
    <time>2026-01-03T11:03:59Z</time>
   </trkpt>
   <trkpt lat="51.4745660" lon="-0.2506700">
    <ele>4.1</ele>
    <time>2026-01-03T11:04:00Z</time>
   </trkpt>
   <trkpt lat="51.4745750" lon="-0.2506580">
    <ele>4.1</ele>
    <time>2026-01-03T11:04:01Z</time>
   </trkpt>
   <trkpt lat="51.4745970" lon="-0.2506490">
    <ele>4.1</ele>
    <time>2026-01-03T11:04:02Z</time>
   </trkpt>
   <trkpt lat="51.4746040" lon="-0.2506450">
    <ele>4.1</ele>
    <time>2026-01-03T11:04:03Z</time>
   </trkpt>
   <trkpt lat="51.4746100" lon="-0.2506400">
    <ele>4.1</ele>
    <time>2026-01-03T11:04:04Z</time>
   </trkpt>
   <trkpt lat="51.4746190" lon="-0.2506280">
    <ele>4.1</ele>
    <time>2026-01-03T11:04:05Z</time>
   </trkpt>
   <trkpt lat="51.4746290" lon="-0.2506230">
    <ele>4.1</ele>
    <time>2026-01-03T11:04:06Z</time>
   </trkpt>
   <trkpt lat="51.4746400" lon="-0.2506110">
    <ele>4.1</ele>
    <time>2026-01-03T11:04:07Z</time>
   </trkpt>
   <trkpt lat="51.4746490" lon="-0.2506050">
    <ele>4.1</ele>
    <time>2026-01-03T11:04:08Z</time>
   </trkpt>
   <trkpt lat="51.4746610" lon="-0.2505950">
    <ele>4.1</ele>
    <time>2026-01-03T11:04:09Z</time>
   </trkpt>
   <trkpt lat="51.4746720" lon="-0.2505830">
    <ele>4.1</ele>
    <time>2026-01-03T11:04:10Z</time>
   </trkpt>
   <trkpt lat="51.4746790" lon="-0.2505790">
    <ele>4.1</ele>
    <time>2026-01-03T11:04:11Z</time>
   </trkpt>
   <trkpt lat="51.4746910" lon="-0.2505700">
    <ele>4.1</ele>
    <time>2026-01-03T11:04:12Z</time>
   </trkpt>
   <trkpt lat="51.4747010" lon="-0.2505650">
    <ele>4.1</ele>
    <time>2026-01-03T11:04:13Z</time>
   </trkpt>
   <trkpt lat="51.4747130" lon="-0.2505630">
    <ele>4.1</ele>
    <time>2026-01-03T11:04:14Z</time>
   </trkpt>
   <trkpt lat="51.4747290" lon="-0.2505540">
    <ele>4.1</ele>
    <time>2026-01-03T11:04:15Z</time>
   </trkpt>
   <trkpt lat="51.4747360" lon="-0.2505480">
    <ele>4.1</ele>
    <time>2026-01-03T11:04:16Z</time>
   </trkpt>
   <trkpt lat="51.4747470" lon="-0.2505390">
    <ele>4.1</ele>
    <time>2026-01-03T11:04:17Z</time>
   </trkpt>
   <trkpt lat="51.4747600" lon="-0.2505300">
    <ele>4.1</ele>
    <time>2026-01-03T11:04:18Z</time>
   </trkpt>
   <trkpt lat="51.4747710" lon="-0.2505160">
    <ele>4.1</ele>
    <time>2026-01-03T11:04:19Z</time>
   </trkpt>
   <trkpt lat="51.4747830" lon="-0.2505030">
    <ele>4.1</ele>
    <time>2026-01-03T11:04:20Z</time>
   </trkpt>
   <trkpt lat="51.4747930" lon="-0.2504930">
    <ele>4.1</ele>
    <time>2026-01-03T11:04:21Z</time>
   </trkpt>
   <trkpt lat="51.4747990" lon="-0.2504870">
    <ele>4.1</ele>
    <time>2026-01-03T11:04:22Z</time>
   </trkpt>
   <trkpt lat="51.4748140" lon="-0.2504780">
    <ele>4.1</ele>
    <time>2026-01-03T11:04:23Z</time>
   </trkpt>
   <trkpt lat="51.4748220" lon="-0.2504790">
    <ele>4.1</ele>
    <time>2026-01-03T11:04:24Z</time>
   </trkpt>
   <trkpt lat="51.4748340" lon="-0.2504760">
    <ele>4.1</ele>
    <time>2026-01-03T11:04:25Z</time>
   </trkpt>
   <trkpt lat="51.4748450" lon="-0.2504630">
    <ele>4.1</ele>
    <time>2026-01-03T11:04:26Z</time>
   </trkpt>
   <trkpt lat="51.4748540" lon="-0.2504590">
    <ele>4.1</ele>
    <time>2026-01-03T11:04:27Z</time>
   </trkpt>
   <trkpt lat="51.4748680" lon="-0.2504530">
    <ele>4.1</ele>
    <time>2026-01-03T11:04:28Z</time>
   </trkpt>
   <trkpt lat="51.4748730" lon="-0.2504510">
    <ele>4.1</ele>
    <time>2026-01-03T11:04:29Z</time>
   </trkpt>
   <trkpt lat="51.4748950" lon="-0.2504400">
    <ele>4.1</ele>
    <time>2026-01-03T11:04:30Z</time>
   </trkpt>
   <trkpt lat="51.4749030" lon="-0.2504360">
    <ele>4.1</ele>
    <time>2026-01-03T11:04:31Z</time>
   </trkpt>
   <trkpt lat="51.4749110" lon="-0.2504330">
    <ele>4.1</ele>
    <time>2026-01-03T11:04:32Z</time>
   </trkpt>
   <trkpt lat="51.4749250" lon="-0.2504280">
    <ele>4.1</ele>
    <time>2026-01-03T11:04:33Z</time>
   </trkpt>
   <trkpt lat="51.4749320" lon="-0.2504210">
    <ele>4.1</ele>
    <time>2026-01-03T11:04:34Z</time>
   </trkpt>
   <trkpt lat="51.4749450" lon="-0.2504130">
    <ele>4.1</ele>
    <time>2026-01-03T11:04:35Z</time>
   </trkpt>
   <trkpt lat="51.4749570" lon="-0.2504050">
    <ele>4.1</ele>
    <time>2026-01-03T11:04:36Z</time>
   </trkpt>
   <trkpt lat="51.4749690" lon="-0.2503960">
    <ele>4.1</ele>
    <time>2026-01-03T11:04:37Z</time>
   </trkpt>
   <trkpt lat="51.4749780" lon="-0.2503940">
    <ele>4.1</ele>
    <time>2026-01-03T11:04:38Z</time>
   </trkpt>
   <trkpt lat="51.4749850" lon="-0.2503890">
    <ele>4.1</ele>
    <time>2026-01-03T11:04:39Z</time>
   </trkpt>
   <trkpt lat="51.4750010" lon="-0.2503830">
    <ele>4.1</ele>
    <time>2026-01-03T11:04:40Z</time>
   </trkpt>
   <trkpt lat="51.4750070" lon="-0.2503760">
    <ele>4.1</ele>
    <time>2026-01-03T11:04:41Z</time>
   </trkpt>
   <trkpt lat="51.4750180" lon="-0.2503680">
    <ele>4.0</ele>
    <time>2026-01-03T11:04:42Z</time>
   </trkpt>
   <trkpt lat="51.4750300" lon="-0.2503580">
    <ele>4.0</ele>
    <time>2026-01-03T11:04:43Z</time>
   </trkpt>
   <trkpt lat="51.4750390" lon="-0.2503530">
    <ele>4.0</ele>
    <time>2026-01-03T11:04:44Z</time>
   </trkpt>
   <trkpt lat="51.4750510" lon="-0.2503420">
    <ele>4.0</ele>
    <time>2026-01-03T11:04:45Z</time>
   </trkpt>
   <trkpt lat="51.4750640" lon="-0.2503320">
    <ele>4.0</ele>
    <time>2026-01-03T11:04:46Z</time>
   </trkpt>
   <trkpt lat="51.4750790" lon="-0.2503200">
    <ele>4.0</ele>
    <time>2026-01-03T11:04:47Z</time>
   </trkpt>
   <trkpt lat="51.4750890" lon="-0.2503140">
    <ele>4.0</ele>
    <time>2026-01-03T11:04:48Z</time>
   </trkpt>
   <trkpt lat="51.4750980" lon="-0.2503080">
    <ele>4.0</ele>
    <time>2026-01-03T11:04:49Z</time>
   </trkpt>
   <trkpt lat="51.4751050" lon="-0.2503020">
    <ele>4.0</ele>
    <time>2026-01-03T11:04:50Z</time>
   </trkpt>
   <trkpt lat="51.4751160" lon="-0.2502920">
    <ele>4.0</ele>
    <time>2026-01-03T11:04:51Z</time>
   </trkpt>
   <trkpt lat="51.4751280" lon="-0.2502860">
    <ele>4.0</ele>
    <time>2026-01-03T11:04:52Z</time>
   </trkpt>
   <trkpt lat="51.4751410" lon="-0.2502730">
    <ele>4.0</ele>
    <time>2026-01-03T11:04:53Z</time>
   </trkpt>
   <trkpt lat="51.4751460" lon="-0.2502660">
    <ele>4.0</ele>
    <time>2026-01-03T11:04:54Z</time>
   </trkpt>
   <trkpt lat="51.4751580" lon="-0.2502560">
    <ele>4.0</ele>
    <time>2026-01-03T11:04:55Z</time>
   </trkpt>
   <trkpt lat="51.4751690" lon="-0.2502490">
    <ele>4.0</ele>
    <time>2026-01-03T11:04:56Z</time>
   </trkpt>
   <trkpt lat="51.4751840" lon="-0.2502370">
    <ele>4.0</ele>
    <time>2026-01-03T11:04:57Z</time>
   </trkpt>
   <trkpt lat="51.4751920" lon="-0.2502360">
    <ele>4.0</ele>
    <time>2026-01-03T11:04:58Z</time>
   </trkpt>
   <trkpt lat="51.4752050" lon="-0.2502250">
    <ele>4.0</ele>
    <time>2026-01-03T11:04:59Z</time>
   </trkpt>
   <trkpt lat="51.4752170" lon="-0.2502190">
    <ele>4.0</ele>
    <time>2026-01-03T11:05:00Z</time>
   </trkpt>
   <trkpt lat="51.4752290" lon="-0.2502060">
    <ele>4.0</ele>
    <time>2026-01-03T11:05:01Z</time>
   </trkpt>
   <trkpt lat="51.4752370" lon="-0.2502000">
    <ele>4.0</ele>
    <time>2026-01-03T11:05:02Z</time>
   </trkpt>
   <trkpt lat="51.4752470" lon="-0.2501940">
    <ele>4.0</ele>
    <time>2026-01-03T11:05:03Z</time>
   </trkpt>
   <trkpt lat="51.4752670" lon="-0.2501750">
    <ele>4.0</ele>
    <time>2026-01-03T11:05:04Z</time>
   </trkpt>
   <trkpt lat="51.4752720" lon="-0.2501660">
    <ele>4.0</ele>
    <time>2026-01-03T11:05:05Z</time>
   </trkpt>
   <trkpt lat="51.4752780" lon="-0.2501560">
    <ele>4.0</ele>
    <time>2026-01-03T11:05:06Z</time>
   </trkpt>
   <trkpt lat="51.4752870" lon="-0.2501470">
    <ele>4.0</ele>
    <time>2026-01-03T11:05:07Z</time>
   </trkpt>
   <trkpt lat="51.4753010" lon="-0.2501450">
    <ele>4.0</ele>
    <time>2026-01-03T11:05:08Z</time>
   </trkpt>
   <trkpt lat="51.4753090" lon="-0.2501380">
    <ele>4.0</ele>
    <time>2026-01-03T11:05:09Z</time>
   </trkpt>
   <trkpt lat="51.4753220" lon="-0.2501280">
    <ele>4.0</ele>
    <time>2026-01-03T11:05:10Z</time>
   </trkpt>
   <trkpt lat="51.4753280" lon="-0.2501190">
    <ele>4.0</ele>
    <time>2026-01-03T11:05:11Z</time>
   </trkpt>
   <trkpt lat="51.4753390" lon="-0.2501130">
    <ele>4.0</ele>
    <time>2026-01-03T11:05:12Z</time>
   </trkpt>
   <trkpt lat="51.4753600" lon="-0.2500960">
    <ele>4.0</ele>
    <time>2026-01-03T11:05:13Z</time>
   </trkpt>
   <trkpt lat="51.4753670" lon="-0.2500910">
    <ele>4.0</ele>
    <time>2026-01-03T11:05:14Z</time>
   </trkpt>
   <trkpt lat="51.4753730" lon="-0.2500860">
    <ele>4.0</ele>
    <time>2026-01-03T11:05:15Z</time>
   </trkpt>
   <trkpt lat="51.4753850" lon="-0.2500770">
    <ele>4.0</ele>
    <time>2026-01-03T11:05:16Z</time>
   </trkpt>
   <trkpt lat="51.4753930" lon="-0.2500590">
    <ele>4.0</ele>
    <time>2026-01-03T11:05:17Z</time>
   </trkpt>
   <trkpt lat="51.4754010" lon="-0.2500480">
    <ele>4.0</ele>
    <time>2026-01-03T11:05:18Z</time>
   </trkpt>
   <trkpt lat="51.4754100" lon="-0.2500340">
    <ele>4.0</ele>
    <time>2026-01-03T11:05:19Z</time>
   </trkpt>
   <trkpt lat="51.4754220" lon="-0.2500200">
    <ele>4.0</ele>
    <time>2026-01-03T11:05:20Z</time>
   </trkpt>
   <trkpt lat="51.4754420" lon="-0.2500000">
    <ele>4.0</ele>
    <time>2026-01-03T11:05:21Z</time>
   </trkpt>
   <trkpt lat="51.4754480" lon="-0.2499940">
    <ele>4.0</ele>
    <time>2026-01-03T11:05:22Z</time>
   </trkpt>
   <trkpt lat="51.4754550" lon="-0.2499870">
    <ele>4.0</ele>
    <time>2026-01-03T11:05:23Z</time>
   </trkpt>
   <trkpt lat="51.4754620" lon="-0.2499830">
    <ele>4.0</ele>
    <time>2026-01-03T11:05:24Z</time>
   </trkpt>
   <trkpt lat="51.4754780" lon="-0.2499760">
    <ele>4.0</ele>
    <time>2026-01-03T11:05:25Z</time>
   </trkpt>
   <trkpt lat="51.4754840" lon="-0.2499640">
    <ele>4.0</ele>
    <time>2026-01-03T11:05:26Z</time>
   </trkpt>
   <trkpt lat="51.4755040" lon="-0.2499500">
    <ele>4.0</ele>
    <time>2026-01-03T11:05:27Z</time>
   </trkpt>
   <trkpt lat="51.4755110" lon="-0.2499420">
    <ele>4.0</ele>
    <time>2026-01-03T11:05:28Z</time>
   </trkpt>
   <trkpt lat="51.4755180" lon="-0.2499350">
    <ele>4.0</ele>
    <time>2026-01-03T11:05:29Z</time>
   </trkpt>
   <trkpt lat="51.4755280" lon="-0.2499220">
    <ele>4.0</ele>
    <time>2026-01-03T11:05:30Z</time>
   </trkpt>
   <trkpt lat="51.4755360" lon="-0.2499100">
    <ele>4.0</ele>
    <time>2026-01-03T11:05:31Z</time>
   </trkpt>
   <trkpt lat="51.4755430" lon="-0.2498980">
    <ele>4.0</ele>
    <time>2026-01-03T11:05:32Z</time>
   </trkpt>
   <trkpt lat="51.4755610" lon="-0.2498810">
    <ele>4.0</ele>
    <time>2026-01-03T11:05:33Z</time>
   </trkpt>
   <trkpt lat="51.4755690" lon="-0.2498760">
    <ele>4.0</ele>
    <time>2026-01-03T11:05:34Z</time>
   </trkpt>
   <trkpt lat="51.4755760" lon="-0.2498720">
    <ele>4.0</ele>
    <time>2026-01-03T11:05:35Z</time>
   </trkpt>
   <trkpt lat="51.4755970" lon="-0.2498640">
    <ele>4.0</ele>
    <time>2026-01-03T11:05:36Z</time>
   </trkpt>
   <trkpt lat="51.4756040" lon="-0.2498630">
    <ele>4.0</ele>
    <time>2026-01-03T11:05:37Z</time>
   </trkpt>
   <trkpt lat="51.4756120" lon="-0.2498610">
    <ele>4.0</ele>
    <time>2026-01-03T11:05:38Z</time>
   </trkpt>
   <trkpt lat="51.4756260" lon="-0.2498510">
    <ele>4.0</ele>
    <time>2026-01-03T11:05:39Z</time>
   </trkpt>
   <trkpt lat="51.4756330" lon="-0.2498420">
    <ele>4.0</ele>
    <time>2026-01-03T11:05:40Z</time>
   </trkpt>
   <trkpt lat="51.4756430" lon="-0.2498300">
    <ele>4.0</ele>
    <time>2026-01-03T11:05:41Z</time>
   </trkpt>
   <trkpt lat="51.4756570" lon="-0.2498190">
    <ele>4.0</ele>
    <time>2026-01-03T11:05:42Z</time>
   </trkpt>
   <trkpt lat="51.4756660" lon="-0.2498190">
    <ele>4.0</ele>
    <time>2026-01-03T11:05:43Z</time>
   </trkpt>
   <trkpt lat="51.4756780" lon="-0.2498210">
    <ele>4.0</ele>
    <time>2026-01-03T11:05:44Z</time>
   </trkpt>
   <trkpt lat="51.4756900" lon="-0.2498180">
    <ele>4.0</ele>
    <time>2026-01-03T11:05:45Z</time>
   </trkpt>
   <trkpt lat="51.4756980" lon="-0.2498170">
    <ele>4.0</ele>
    <time>2026-01-03T11:05:46Z</time>
   </trkpt>
   <trkpt lat="51.4757090" lon="-0.2498100">
    <ele>4.0</ele>
    <time>2026-01-03T11:05:47Z</time>
   </trkpt>
   <trkpt lat="51.4757290" lon="-0.2497980">
    <ele>4.0</ele>
    <time>2026-01-03T11:05:48Z</time>
   </trkpt>
   <trkpt lat="51.4757360" lon="-0.2497930">
    <ele>4.0</ele>
    <time>2026-01-03T11:05:49Z</time>
   </trkpt>
   <trkpt lat="51.4757440" lon="-0.2497890">
    <ele>4.0</ele>
    <time>2026-01-03T11:05:50Z</time>
   </trkpt>
   <trkpt lat="51.4757560" lon="-0.2497820">
    <ele>4.0</ele>
    <time>2026-01-03T11:05:51Z</time>
   </trkpt>
   <trkpt lat="51.4757650" lon="-0.2497730">
    <ele>4.0</ele>
    <time>2026-01-03T11:05:52Z</time>
   </trkpt>
   <trkpt lat="51.4757770" lon="-0.2497700">
    <ele>4.0</ele>
    <time>2026-01-03T11:05:53Z</time>
   </trkpt>
   <trkpt lat="51.4757900" lon="-0.2497690">
    <ele>4.0</ele>
    <time>2026-01-03T11:05:54Z</time>
   </trkpt>
   <trkpt lat="51.4758010" lon="-0.2497500">
    <ele>4.0</ele>
    <time>2026-01-03T11:05:55Z</time>
   </trkpt>
   <trkpt lat="51.4758110" lon="-0.2497420">
    <ele>4.0</ele>
    <time>2026-01-03T11:05:56Z</time>
   </trkpt>
   <trkpt lat="51.4758220" lon="-0.2497350">
    <ele>4.0</ele>
    <time>2026-01-03T11:05:57Z</time>
   </trkpt>
   <trkpt lat="51.4758340" lon="-0.2497270">
    <ele>4.0</ele>
    <time>2026-01-03T11:05:58Z</time>
   </trkpt>
   <trkpt lat="51.4758440" lon="-0.2497160">
    <ele>4.0</ele>
    <time>2026-01-03T11:05:59Z</time>
   </trkpt>
   <trkpt lat="51.4758580" lon="-0.2497110">
    <ele>4.0</ele>
    <time>2026-01-03T11:06:00Z</time>
   </trkpt>
   <trkpt lat="51.4758650" lon="-0.2497100">
    <ele>4.0</ele>
    <time>2026-01-03T11:06:01Z</time>
   </trkpt>
   <trkpt lat="51.4758750" lon="-0.2497050">
    <ele>4.0</ele>
    <time>2026-01-03T11:06:02Z</time>
   </trkpt>
   <trkpt lat="51.4758900" lon="-0.2497040">
    <ele>4.0</ele>
    <time>2026-01-03T11:06:03Z</time>
   </trkpt>
   <trkpt lat="51.4758990" lon="-0.2496940">
    <ele>4.0</ele>
    <time>2026-01-03T11:06:04Z</time>
   </trkpt>
   <trkpt lat="51.4759120" lon="-0.2496890">
    <ele>4.0</ele>
    <time>2026-01-03T11:06:05Z</time>
   </trkpt>
   <trkpt lat="51.4759270" lon="-0.2496840">
    <ele>4.0</ele>
    <time>2026-01-03T11:06:06Z</time>
   </trkpt>
   <trkpt lat="51.4759320" lon="-0.2496820">
    <ele>4.0</ele>
    <time>2026-01-03T11:06:07Z</time>
   </trkpt>
   <trkpt lat="51.4759450" lon="-0.2496760">
    <ele>4.0</ele>
    <time>2026-01-03T11:06:08Z</time>
   </trkpt>
   <trkpt lat="51.4759600" lon="-0.2496730">
    <ele>4.0</ele>
    <time>2026-01-03T11:06:09Z</time>
   </trkpt>
   <trkpt lat="51.4759680" lon="-0.2496700">
    <ele>4.0</ele>
    <time>2026-01-03T11:06:10Z</time>
   </trkpt>
   <trkpt lat="51.4759790" lon="-0.2496670">
    <ele>4.0</ele>
    <time>2026-01-03T11:06:11Z</time>
   </trkpt>
   <trkpt lat="51.4759890" lon="-0.2496590">
    <ele>4.0</ele>
    <time>2026-01-03T11:06:12Z</time>
   </trkpt>
   <trkpt lat="51.4760100" lon="-0.2496510">
    <ele>4.0</ele>
    <time>2026-01-03T11:06:13Z</time>
   </trkpt>
   <trkpt lat="51.4760190" lon="-0.2496470">
    <ele>4.0</ele>
    <time>2026-01-03T11:06:14Z</time>
   </trkpt>
   <trkpt lat="51.4760270" lon="-0.2496440">
    <ele>4.1</ele>
    <time>2026-01-03T11:06:15Z</time>
   </trkpt>
   <trkpt lat="51.4760430" lon="-0.2496430">
    <ele>4.1</ele>
    <time>2026-01-03T11:06:16Z</time>
   </trkpt>
   <trkpt lat="51.4760470" lon="-0.2496370">
    <ele>4.1</ele>
    <time>2026-01-03T11:06:17Z</time>
   </trkpt>
   <trkpt lat="51.4760610" lon="-0.2496290">
    <ele>4.1</ele>
    <time>2026-01-03T11:06:18Z</time>
   </trkpt>
   <trkpt lat="51.4760720" lon="-0.2496230">
    <ele>4.1</ele>
    <time>2026-01-03T11:06:19Z</time>
   </trkpt>
   <trkpt lat="51.4760850" lon="-0.2496240">
    <ele>4.1</ele>
    <time>2026-01-03T11:06:20Z</time>
   </trkpt>
   <trkpt lat="51.4760940" lon="-0.2496160">
    <ele>4.1</ele>
    <time>2026-01-03T11:06:21Z</time>
   </trkpt>
   <trkpt lat="51.4761080" lon="-0.2496110">
    <ele>4.1</ele>
    <time>2026-01-03T11:06:22Z</time>
   </trkpt>
   <trkpt lat="51.4761170" lon="-0.2496050">
    <ele>4.1</ele>
    <time>2026-01-03T11:06:23Z</time>
   </trkpt>
   <trkpt lat="51.4761280" lon="-0.2495970">
    <ele>4.2</ele>
    <time>2026-01-03T11:06:24Z</time>
   </trkpt>
   <trkpt lat="51.4761400" lon="-0.2495920">
    <ele>4.2</ele>
    <time>2026-01-03T11:06:25Z</time>
   </trkpt>
   <trkpt lat="51.4761520" lon="-0.2495830">
    <ele>4.2</ele>
    <time>2026-01-03T11:06:26Z</time>
   </trkpt>
   <trkpt lat="51.4761590" lon="-0.2495770">
    <ele>4.2</ele>
    <time>2026-01-03T11:06:27Z</time>
   </trkpt>
   <trkpt lat="51.4761680" lon="-0.2495710">
    <ele>4.2</ele>
    <time>2026-01-03T11:06:28Z</time>
   </trkpt>
   <trkpt lat="51.4761840" lon="-0.2495650">
    <ele>4.2</ele>
    <time>2026-01-03T11:06:29Z</time>
   </trkpt>
   <trkpt lat="51.4761920" lon="-0.2495610">
    <ele>4.3</ele>
    <time>2026-01-03T11:06:30Z</time>
   </trkpt>
   <trkpt lat="51.4762180" lon="-0.2495470">
    <ele>4.3</ele>
    <time>2026-01-03T11:06:31Z</time>
   </trkpt>
   <trkpt lat="51.4762250" lon="-0.2495430">
    <ele>4.3</ele>
    <time>2026-01-03T11:06:32Z</time>
   </trkpt>
   <trkpt lat="51.4762330" lon="-0.2495390">
    <ele>4.3</ele>
    <time>2026-01-03T11:06:33Z</time>
   </trkpt>
   <trkpt lat="51.4762410" lon="-0.2495350">
    <ele>4.3</ele>
    <time>2026-01-03T11:06:34Z</time>
   </trkpt>
   <trkpt lat="51.4762520" lon="-0.2495310">
    <ele>4.3</ele>
    <time>2026-01-03T11:06:35Z</time>
   </trkpt>
   <trkpt lat="51.4762620" lon="-0.2495260">
    <ele>4.4</ele>
    <time>2026-01-03T11:06:36Z</time>
   </trkpt>
   <trkpt lat="51.4762760" lon="-0.2495190">
    <ele>4.4</ele>
    <time>2026-01-03T11:06:37Z</time>
   </trkpt>
   <trkpt lat="51.4762880" lon="-0.2495120">
    <ele>4.4</ele>
    <time>2026-01-03T11:06:38Z</time>
   </trkpt>
   <trkpt lat="51.4762990" lon="-0.2495060">
    <ele>4.4</ele>
    <time>2026-01-03T11:06:39Z</time>
   </trkpt>
   <trkpt lat="51.4763090" lon="-0.2495000">
    <ele>4.4</ele>
    <time>2026-01-03T11:06:40Z</time>
   </trkpt>
   <trkpt lat="51.4763210" lon="-0.2494990">
    <ele>4.4</ele>
    <time>2026-01-03T11:06:41Z</time>
   </trkpt>
   <trkpt lat="51.4763300" lon="-0.2494990">
    <ele>4.4</ele>
    <time>2026-01-03T11:06:42Z</time>
   </trkpt>
   <trkpt lat="51.4763430" lon="-0.2494980">
    <ele>4.5</ele>
    <time>2026-01-03T11:06:43Z</time>
   </trkpt>
   <trkpt lat="51.4763530" lon="-0.2494930">
    <ele>4.5</ele>
    <time>2026-01-03T11:06:44Z</time>
   </trkpt>
   <trkpt lat="51.4763620" lon="-0.2494920">
    <ele>4.5</ele>
    <time>2026-01-03T11:06:45Z</time>
   </trkpt>
   <trkpt lat="51.4763750" lon="-0.2494870">
    <ele>4.5</ele>
    <time>2026-01-03T11:06:46Z</time>
   </trkpt>
   <trkpt lat="51.4763820" lon="-0.2494840">
    <ele>4.5</ele>
    <time>2026-01-03T11:06:47Z</time>
   </trkpt>
   <trkpt lat="51.4763930" lon="-0.2494800">
    <ele>4.5</ele>
    <time>2026-01-03T11:06:48Z</time>
   </trkpt>
   <trkpt lat="51.4764030" lon="-0.2494790">
    <ele>4.5</ele>
    <time>2026-01-03T11:06:49Z</time>
   </trkpt>
   <trkpt lat="51.4764140" lon="-0.2494730">
    <ele>4.5</ele>
    <time>2026-01-03T11:06:50Z</time>
   </trkpt>
   <trkpt lat="51.4764350" lon="-0.2494690">
    <ele>4.5</ele>
    <time>2026-01-03T11:06:51Z</time>
   </trkpt>
   <trkpt lat="51.4764420" lon="-0.2494690">
    <ele>4.5</ele>
    <time>2026-01-03T11:06:52Z</time>
   </trkpt>
   <trkpt lat="51.4764500" lon="-0.2494680">
    <ele>4.5</ele>
    <time>2026-01-03T11:06:53Z</time>
   </trkpt>
   <trkpt lat="51.4764620" lon="-0.2494600">
    <ele>4.5</ele>
    <time>2026-01-03T11:06:54Z</time>
   </trkpt>
   <trkpt lat="51.4764700" lon="-0.2494540">
    <ele>4.5</ele>
    <time>2026-01-03T11:06:55Z</time>
   </trkpt>
   <trkpt lat="51.4764850" lon="-0.2494520">
    <ele>4.5</ele>
    <time>2026-01-03T11:06:56Z</time>
   </trkpt>
   <trkpt lat="51.4765040" lon="-0.2494460">
    <ele>4.5</ele>
    <time>2026-01-03T11:06:57Z</time>
   </trkpt>
   <trkpt lat="51.4765120" lon="-0.2494410">
    <ele>4.5</ele>
    <time>2026-01-03T11:06:58Z</time>
   </trkpt>
   <trkpt lat="51.4765200" lon="-0.2494350">
    <ele>4.4</ele>
    <time>2026-01-03T11:06:59Z</time>
   </trkpt>
   <trkpt lat="51.4765260" lon="-0.2494360">
    <ele>4.4</ele>
    <time>2026-01-03T11:07:00Z</time>
   </trkpt>
   <trkpt lat="51.4765360" lon="-0.2494370">
    <ele>4.4</ele>
    <time>2026-01-03T11:07:01Z</time>
   </trkpt>
   <trkpt lat="51.4765490" lon="-0.2494410">
    <ele>4.4</ele>
    <time>2026-01-03T11:07:02Z</time>
   </trkpt>
   <trkpt lat="51.4765710" lon="-0.2494430">
    <ele>4.4</ele>
    <time>2026-01-03T11:07:03Z</time>
   </trkpt>
   <trkpt lat="51.4765800" lon="-0.2494430">
    <ele>4.4</ele>
    <time>2026-01-03T11:07:04Z</time>
   </trkpt>
   <trkpt lat="51.4765890" lon="-0.2494440">
    <ele>4.4</ele>
    <time>2026-01-03T11:07:05Z</time>
   </trkpt>
   <trkpt lat="51.4766030" lon="-0.2494470">
    <ele>4.4</ele>
    <time>2026-01-03T11:07:06Z</time>
   </trkpt>
   <trkpt lat="51.4766110" lon="-0.2494470">
    <ele>4.4</ele>
    <time>2026-01-03T11:07:07Z</time>
   </trkpt>
   <trkpt lat="51.4766190" lon="-0.2494460">
    <ele>4.4</ele>
    <time>2026-01-03T11:07:08Z</time>
   </trkpt>
   <trkpt lat="51.4766270" lon="-0.2494460">
    <ele>4.4</ele>
    <time>2026-01-03T11:07:09Z</time>
   </trkpt>
   <trkpt lat="51.4766400" lon="-0.2494420">
    <ele>4.4</ele>
    <time>2026-01-03T11:07:10Z</time>
   </trkpt>
   <trkpt lat="51.4766500" lon="-0.2494360">
    <ele>4.4</ele>
    <time>2026-01-03T11:07:11Z</time>
   </trkpt>
   <trkpt lat="51.4766620" lon="-0.2494320">
    <ele>4.4</ele>
    <time>2026-01-03T11:07:12Z</time>
   </trkpt>
   <trkpt lat="51.4766740" lon="-0.2494370">
    <ele>4.4</ele>
    <time>2026-01-03T11:07:13Z</time>
   </trkpt>
   <trkpt lat="51.4766850" lon="-0.2494360">
    <ele>4.4</ele>
    <time>2026-01-03T11:07:14Z</time>
   </trkpt>
   <trkpt lat="51.4766950" lon="-0.2494370">
    <ele>4.5</ele>
    <time>2026-01-03T11:07:15Z</time>
   </trkpt>
   <trkpt lat="51.4767080" lon="-0.2494420">
    <ele>4.5</ele>
    <time>2026-01-03T11:07:16Z</time>
   </trkpt>
   <trkpt lat="51.4767190" lon="-0.2494430">
    <ele>4.5</ele>
    <time>2026-01-03T11:07:17Z</time>
   </trkpt>
   <trkpt lat="51.4767270" lon="-0.2494470">
    <ele>4.5</ele>
    <time>2026-01-03T11:07:18Z</time>
   </trkpt>
   <trkpt lat="51.4767380" lon="-0.2494450">
    <ele>4.5</ele>
    <time>2026-01-03T11:07:19Z</time>
   </trkpt>
   <trkpt lat="51.4767480" lon="-0.2494440">
    <ele>4.5</ele>
    <time>2026-01-03T11:07:20Z</time>
   </trkpt>
   <trkpt lat="51.4767590" lon="-0.2494410">
    <ele>4.5</ele>
    <time>2026-01-03T11:07:21Z</time>
   </trkpt>
   <trkpt lat="51.4767680" lon="-0.2494390">
    <ele>4.5</ele>
    <time>2026-01-03T11:07:22Z</time>
   </trkpt>
   <trkpt lat="51.4767790" lon="-0.2494450">
    <ele>4.5</ele>
    <time>2026-01-03T11:07:23Z</time>
   </trkpt>
   <trkpt lat="51.4767890" lon="-0.2494470">
    <ele>4.6</ele>
    <time>2026-01-03T11:07:24Z</time>
   </trkpt>
   <trkpt lat="51.4768010" lon="-0.2494500">
    <ele>4.6</ele>
    <time>2026-01-03T11:07:25Z</time>
   </trkpt>
   <trkpt lat="51.4768110" lon="-0.2494510">
    <ele>4.6</ele>
    <time>2026-01-03T11:07:26Z</time>
   </trkpt>
   <trkpt lat="51.4768240" lon="-0.2494460">
    <ele>4.6</ele>
    <time>2026-01-03T11:07:27Z</time>
   </trkpt>
   <trkpt lat="51.4768350" lon="-0.2494410">
    <ele>4.6</ele>
    <time>2026-01-03T11:07:28Z</time>
   </trkpt>
   <trkpt lat="51.4768500" lon="-0.2494410">
    <ele>4.6</ele>
    <time>2026-01-03T11:07:29Z</time>
   </trkpt>
   <trkpt lat="51.4768580" lon="-0.2494410">
    <ele>4.6</ele>
    <time>2026-01-03T11:07:30Z</time>
   </trkpt>
   <trkpt lat="51.4768800" lon="-0.2494420">
    <ele>4.6</ele>
    <time>2026-01-03T11:07:31Z</time>
   </trkpt>
   <trkpt lat="51.4768880" lon="-0.2494400">
    <ele>4.7</ele>
    <time>2026-01-03T11:07:32Z</time>
   </trkpt>
   <trkpt lat="51.4768960" lon="-0.2494390">
    <ele>4.7</ele>
    <time>2026-01-03T11:07:33Z</time>
   </trkpt>
   <trkpt lat="51.4769080" lon="-0.2494330">
    <ele>4.7</ele>
    <time>2026-01-03T11:07:34Z</time>
   </trkpt>
   <trkpt lat="51.4769210" lon="-0.2494280">
    <ele>4.7</ele>
    <time>2026-01-03T11:07:35Z</time>
   </trkpt>
   <trkpt lat="51.4769250" lon="-0.2494270">
    <ele>4.7</ele>
    <time>2026-01-03T11:07:36Z</time>
   </trkpt>
   <trkpt lat="51.4769320" lon="-0.2494270">
    <ele>4.7</ele>
    <time>2026-01-03T11:07:37Z</time>
   </trkpt>
   <trkpt lat="51.4769480" lon="-0.2494270">
    <ele>4.7</ele>
    <time>2026-01-03T11:07:38Z</time>
   </trkpt>
   <trkpt lat="51.4769590" lon="-0.2494190">
    <ele>4.7</ele>
    <time>2026-01-03T11:07:39Z</time>
   </trkpt>
   <trkpt lat="51.4769650" lon="-0.2494180">
    <ele>4.7</ele>
    <time>2026-01-03T11:07:40Z</time>
   </trkpt>
   <trkpt lat="51.4769740" lon="-0.2494140">
    <ele>4.6</ele>
    <time>2026-01-03T11:07:41Z</time>
   </trkpt>
   <trkpt lat="51.4769820" lon="-0.2494110">
    <ele>4.6</ele>
    <time>2026-01-03T11:07:42Z</time>
   </trkpt>
   <trkpt lat="51.4769920" lon="-0.2494090">
    <ele>4.6</ele>
    <time>2026-01-03T11:07:43Z</time>
   </trkpt>
   <trkpt lat="51.4770040" lon="-0.2494050">
    <ele>4.6</ele>
    <time>2026-01-03T11:07:44Z</time>
   </trkpt>
   <trkpt lat="51.4770200" lon="-0.2494040">
    <ele>4.6</ele>
    <time>2026-01-03T11:07:45Z</time>
   </trkpt>
   <trkpt lat="51.4770330" lon="-0.2494010">
    <ele>4.6</ele>
    <time>2026-01-03T11:07:46Z</time>
   </trkpt>
   <trkpt lat="51.4770420" lon="-0.2494010">
    <ele>4.6</ele>
    <time>2026-01-03T11:07:47Z</time>
   </trkpt>
   <trkpt lat="51.4770470" lon="-0.2494040">
    <ele>4.5</ele>
    <time>2026-01-03T11:07:48Z</time>
   </trkpt>
   <trkpt lat="51.4770670" lon="-0.2494030">
    <ele>4.5</ele>
    <time>2026-01-03T11:07:49Z</time>
   </trkpt>
   <trkpt lat="51.4770760" lon="-0.2494010">
    <ele>4.5</ele>
    <time>2026-01-03T11:07:50Z</time>
   </trkpt>
   <trkpt lat="51.4770840" lon="-0.2493990">
    <ele>4.5</ele>
    <time>2026-01-03T11:07:51Z</time>
   </trkpt>
   <trkpt lat="51.4770960" lon="-0.2493940">
    <ele>4.4</ele>
    <time>2026-01-03T11:07:52Z</time>
   </trkpt>
   <trkpt lat="51.4771120" lon="-0.2493890">
    <ele>4.4</ele>
    <time>2026-01-03T11:07:53Z</time>
   </trkpt>
   <trkpt lat="51.4771330" lon="-0.2493810">
    <ele>4.4</ele>
    <time>2026-01-03T11:07:54Z</time>
   </trkpt>
   <trkpt lat="51.4771410" lon="-0.2493790">
    <ele>4.4</ele>
    <time>2026-01-03T11:07:55Z</time>
   </trkpt>
   <trkpt lat="51.4771480" lon="-0.2493770">
    <ele>4.3</ele>
    <time>2026-01-03T11:07:56Z</time>
   </trkpt>
   <trkpt lat="51.4771700" lon="-0.2493770">
    <ele>4.3</ele>
    <time>2026-01-03T11:07:57Z</time>
   </trkpt>
   <trkpt lat="51.4771800" lon="-0.2493780">
    <ele>4.3</ele>
    <time>2026-01-03T11:07:58Z</time>
   </trkpt>
   <trkpt lat="51.4771900" lon="-0.2493780">
    <ele>4.3</ele>
    <time>2026-01-03T11:07:59Z</time>
   </trkpt>
   <trkpt lat="51.4772100" lon="-0.2493720">
    <ele>4.2</ele>
    <time>2026-01-03T11:08:00Z</time>
   </trkpt>
   <trkpt lat="51.4772190" lon="-0.2493690">
    <ele>4.2</ele>
    <time>2026-01-03T11:08:01Z</time>
   </trkpt>
   <trkpt lat="51.4772270" lon="-0.2493670">
    <ele>4.2</ele>
    <time>2026-01-03T11:08:02Z</time>
   </trkpt>
   <trkpt lat="51.4772470" lon="-0.2493600">
    <ele>4.2</ele>
    <time>2026-01-03T11:08:03Z</time>
   </trkpt>
   <trkpt lat="51.4772560" lon="-0.2493560">
    <ele>4.2</ele>
    <time>2026-01-03T11:08:04Z</time>
   </trkpt>
   <trkpt lat="51.4772640" lon="-0.2493520">
    <ele>4.2</ele>
    <time>2026-01-03T11:08:05Z</time>
   </trkpt>
   <trkpt lat="51.4772790" lon="-0.2493510">
    <ele>4.1</ele>
    <time>2026-01-03T11:08:06Z</time>
   </trkpt>
   <trkpt lat="51.4772950" lon="-0.2493480">
    <ele>4.1</ele>
    <time>2026-01-03T11:08:07Z</time>
   </trkpt>
   <trkpt lat="51.4773000" lon="-0.2493480">
    <ele>4.1</ele>
    <time>2026-01-03T11:08:08Z</time>
   </trkpt>
   <trkpt lat="51.4773110" lon="-0.2493460">
    <ele>4.1</ele>
    <time>2026-01-03T11:08:09Z</time>
   </trkpt>
   <trkpt lat="51.4773290" lon="-0.2493430">
    <ele>4.1</ele>
    <time>2026-01-03T11:08:10Z</time>
   </trkpt>
   <trkpt lat="51.4773360" lon="-0.2493390">
    <ele>4.1</ele>
    <time>2026-01-03T11:08:11Z</time>
   </trkpt>
   <trkpt lat="51.4773450" lon="-0.2493400">
    <ele>4.1</ele>
    <time>2026-01-03T11:08:12Z</time>
   </trkpt>
   <trkpt lat="51.4773510" lon="-0.2493420">
    <ele>4.1</ele>
    <time>2026-01-03T11:08:13Z</time>
   </trkpt>
   <trkpt lat="51.4773580" lon="-0.2493410">
    <ele>4.1</ele>
    <time>2026-01-03T11:08:14Z</time>
   </trkpt>
   <trkpt lat="51.4773660" lon="-0.2493390">
    <ele>4.1</ele>
    <time>2026-01-03T11:08:15Z</time>
   </trkpt>
   <trkpt lat="51.4773780" lon="-0.2493360">
    <ele>4.1</ele>
    <time>2026-01-03T11:08:16Z</time>
   </trkpt>
   <trkpt lat="51.4773850" lon="-0.2493280">
    <ele>4.0</ele>
    <time>2026-01-03T11:08:17Z</time>
   </trkpt>
   <trkpt lat="51.4773950" lon="-0.2493260">
    <ele>4.0</ele>
    <time>2026-01-03T11:08:18Z</time>
   </trkpt>
   <trkpt lat="51.4774060" lon="-0.2493260">
    <ele>4.0</ele>
    <time>2026-01-03T11:08:19Z</time>
   </trkpt>
   <trkpt lat="51.4774170" lon="-0.2493270">
    <ele>4.0</ele>
    <time>2026-01-03T11:08:20Z</time>
   </trkpt>
   <trkpt lat="51.4774390" lon="-0.2493200">
    <ele>4.0</ele>
    <time>2026-01-03T11:08:21Z</time>
   </trkpt>
   <trkpt lat="51.4774510" lon="-0.2493190">
    <ele>4.0</ele>
    <time>2026-01-03T11:08:22Z</time>
   </trkpt>
   <trkpt lat="51.4774630" lon="-0.2493180">
    <ele>4.0</ele>
    <time>2026-01-03T11:08:23Z</time>
   </trkpt>
   <trkpt lat="51.4774750" lon="-0.2493140">
    <ele>4.0</ele>
    <time>2026-01-03T11:08:24Z</time>
   </trkpt>
   <trkpt lat="51.4774840" lon="-0.2493110">
    <ele>4.0</ele>
    <time>2026-01-03T11:08:25Z</time>
   </trkpt>
   <trkpt lat="51.4774950" lon="-0.2493100">
    <ele>4.0</ele>
    <time>2026-01-03T11:08:26Z</time>
   </trkpt>
   <trkpt lat="51.4775150" lon="-0.2493080">
    <ele>3.9</ele>
    <time>2026-01-03T11:08:27Z</time>
   </trkpt>
   <trkpt lat="51.4775260" lon="-0.2493100">
    <ele>3.9</ele>
    <time>2026-01-03T11:08:28Z</time>
   </trkpt>
   <trkpt lat="51.4775380" lon="-0.2493110">
    <ele>3.9</ele>
    <time>2026-01-03T11:08:29Z</time>
   </trkpt>
   <trkpt lat="51.4775540" lon="-0.2493070">
    <ele>3.9</ele>
    <time>2026-01-03T11:08:30Z</time>
   </trkpt>
   <trkpt lat="51.4775680" lon="-0.2493030">
    <ele>3.9</ele>
    <time>2026-01-03T11:08:31Z</time>
   </trkpt>
   <trkpt lat="51.4775800" lon="-0.2493000">
    <ele>3.9</ele>
    <time>2026-01-03T11:08:32Z</time>
   </trkpt>
   <trkpt lat="51.4775890" lon="-0.2492990">
    <ele>3.9</ele>
    <time>2026-01-03T11:08:33Z</time>
   </trkpt>
   <trkpt lat="51.4776020" lon="-0.2492970">
    <ele>3.9</ele>
    <time>2026-01-03T11:08:34Z</time>
   </trkpt>
   <trkpt lat="51.4776180" lon="-0.2492950">
    <ele>3.9</ele>
    <time>2026-01-03T11:08:35Z</time>
   </trkpt>
   <trkpt lat="51.4776260" lon="-0.2492940">
    <ele>3.9</ele>
    <time>2026-01-03T11:08:36Z</time>
   </trkpt>
   <trkpt lat="51.4776350" lon="-0.2492930">
    <ele>3.9</ele>
    <time>2026-01-03T11:08:37Z</time>
   </trkpt>
   <trkpt lat="51.4776480" lon="-0.2492940">
    <ele>3.9</ele>
    <time>2026-01-03T11:08:38Z</time>
   </trkpt>
   <trkpt lat="51.4776590" lon="-0.2492850">
    <ele>3.9</ele>
    <time>2026-01-03T11:08:39Z</time>
   </trkpt>
   <trkpt lat="51.4776710" lon="-0.2492820">
    <ele>3.9</ele>
    <time>2026-01-03T11:08:40Z</time>
   </trkpt>
   <trkpt lat="51.4776740" lon="-0.2492870">
    <ele>3.9</ele>
    <time>2026-01-03T11:08:41Z</time>
   </trkpt>
   <trkpt lat="51.4776880" lon="-0.2492850">
    <ele>3.8</ele>
    <time>2026-01-03T11:08:42Z</time>
   </trkpt>
   <trkpt lat="51.4776950" lon="-0.2492870">
    <ele>3.8</ele>
    <time>2026-01-03T11:08:43Z</time>
   </trkpt>
   <trkpt lat="51.4777030" lon="-0.2492880">
    <ele>3.8</ele>
    <time>2026-01-03T11:08:44Z</time>
   </trkpt>
   <trkpt lat="51.4777110" lon="-0.2492840">
    <ele>3.8</ele>
    <time>2026-01-03T11:08:45Z</time>
   </trkpt>
   <trkpt lat="51.4777210" lon="-0.2492780">
    <ele>3.8</ele>
    <time>2026-01-03T11:08:46Z</time>
   </trkpt>
   <trkpt lat="51.4777370" lon="-0.2492750">
    <ele>3.8</ele>
    <time>2026-01-03T11:08:47Z</time>
   </trkpt>
   <trkpt lat="51.4777500" lon="-0.2492720">
    <ele>3.8</ele>
    <time>2026-01-03T11:08:48Z</time>
   </trkpt>
   <trkpt lat="51.4777640" lon="-0.2492710">
    <ele>3.8</ele>
    <time>2026-01-03T11:08:49Z</time>
   </trkpt>
   <trkpt lat="51.4777800" lon="-0.2492740">
    <ele>3.8</ele>
    <time>2026-01-03T11:08:50Z</time>
   </trkpt>
   <trkpt lat="51.4777930" lon="-0.2492750">
    <ele>3.8</ele>
    <time>2026-01-03T11:08:51Z</time>
   </trkpt>
   <trkpt lat="51.4778060" lon="-0.2492760">
    <ele>3.8</ele>
    <time>2026-01-03T11:08:52Z</time>
   </trkpt>
   <trkpt lat="51.4778180" lon="-0.2492680">
    <ele>3.8</ele>
    <time>2026-01-03T11:08:53Z</time>
   </trkpt>
   <trkpt lat="51.4778270" lon="-0.2492720">
    <ele>3.8</ele>
    <time>2026-01-03T11:08:54Z</time>
   </trkpt>
   <trkpt lat="51.4778360" lon="-0.2492810">
    <ele>3.8</ele>
    <time>2026-01-03T11:08:55Z</time>
   </trkpt>
   <trkpt lat="51.4778530" lon="-0.2492850">
    <ele>3.8</ele>
    <time>2026-01-03T11:08:56Z</time>
   </trkpt>
   <trkpt lat="51.4778660" lon="-0.2492780">
    <ele>3.8</ele>
    <time>2026-01-03T11:08:57Z</time>
   </trkpt>
   <trkpt lat="51.4778840" lon="-0.2492750">
    <ele>3.8</ele>
    <time>2026-01-03T11:08:58Z</time>
   </trkpt>
   <trkpt lat="51.4778940" lon="-0.2492720">
    <ele>3.8</ele>
    <time>2026-01-03T11:08:59Z</time>
   </trkpt>
   <trkpt lat="51.4779020" lon="-0.2492670">
    <ele>3.8</ele>
    <time>2026-01-03T11:09:00Z</time>
   </trkpt>
   <trkpt lat="51.4779090" lon="-0.2492610">
    <ele>3.8</ele>
    <time>2026-01-03T11:09:01Z</time>
   </trkpt>
   <trkpt lat="51.4779270" lon="-0.2492530">
    <ele>3.9</ele>
    <time>2026-01-03T11:09:02Z</time>
   </trkpt>
   <trkpt lat="51.4779340" lon="-0.2492480">
    <ele>3.9</ele>
    <time>2026-01-03T11:09:03Z</time>
   </trkpt>
   <trkpt lat="51.4779400" lon="-0.2492490">
    <ele>3.9</ele>
    <time>2026-01-03T11:09:04Z</time>
   </trkpt>
   <trkpt lat="51.4779500" lon="-0.2492460">
    <ele>3.9</ele>
    <time>2026-01-03T11:09:05Z</time>
   </trkpt>
   <trkpt lat="51.4779620" lon="-0.2492430">
    <ele>3.9</ele>
    <time>2026-01-03T11:09:06Z</time>
   </trkpt>
   <trkpt lat="51.4779740" lon="-0.2492420">
    <ele>3.9</ele>
    <time>2026-01-03T11:09:07Z</time>
   </trkpt>
   <trkpt lat="51.4779870" lon="-0.2492410">
    <ele>3.9</ele>
    <time>2026-01-03T11:09:08Z</time>
   </trkpt>
   <trkpt lat="51.4779920" lon="-0.2492380">
    <ele>3.9</ele>
    <time>2026-01-03T11:09:09Z</time>
   </trkpt>
   <trkpt lat="51.4779950" lon="-0.2492360">
    <ele>3.9</ele>
    <time>2026-01-03T11:09:10Z</time>
   </trkpt>
   <trkpt lat="51.4780080" lon="-0.2492340">
    <ele>3.9</ele>
    <time>2026-01-03T11:09:11Z</time>
   </trkpt>
   <trkpt lat="51.4780210" lon="-0.2492280">
    <ele>3.9</ele>
    <time>2026-01-03T11:09:12Z</time>
   </trkpt>
   <trkpt lat="51.4780450" lon="-0.2492250">
    <ele>3.9</ele>
    <time>2026-01-03T11:09:13Z</time>
   </trkpt>
   <trkpt lat="51.4780540" lon="-0.2492240">
    <ele>3.9</ele>
    <time>2026-01-03T11:09:14Z</time>
   </trkpt>
   <trkpt lat="51.4780620" lon="-0.2492240">
    <ele>3.9</ele>
    <time>2026-01-03T11:09:15Z</time>
   </trkpt>
   <trkpt lat="51.4780820" lon="-0.2492240">
    <ele>3.9</ele>
    <time>2026-01-03T11:09:16Z</time>
   </trkpt>
   <trkpt lat="51.4780880" lon="-0.2492210">
    <ele>3.9</ele>
    <time>2026-01-03T11:09:17Z</time>
   </trkpt>
   <trkpt lat="51.4780950" lon="-0.2492180">
    <ele>3.9</ele>
    <time>2026-01-03T11:09:18Z</time>
   </trkpt>
   <trkpt lat="51.4781010" lon="-0.2492150">
    <ele>3.9</ele>
    <time>2026-01-03T11:09:19Z</time>
   </trkpt>
   <trkpt lat="51.4781120" lon="-0.2492130">
    <ele>3.9</ele>
    <time>2026-01-03T11:09:20Z</time>
   </trkpt>
   <trkpt lat="51.4781310" lon="-0.2492080">
    <ele>3.9</ele>
    <time>2026-01-03T11:09:21Z</time>
   </trkpt>
   <trkpt lat="51.4781430" lon="-0.2492060">
    <ele>3.9</ele>
    <time>2026-01-03T11:09:22Z</time>
   </trkpt>
   <trkpt lat="51.4781490" lon="-0.2492080">
    <ele>3.9</ele>
    <time>2026-01-03T11:09:23Z</time>
   </trkpt>
   <trkpt lat="51.4781620" lon="-0.2492070">
    <ele>3.9</ele>
    <time>2026-01-03T11:09:24Z</time>
   </trkpt>
   <trkpt lat="51.4781770" lon="-0.2492010">
    <ele>3.9</ele>
    <time>2026-01-03T11:09:25Z</time>
   </trkpt>
   <trkpt lat="51.4781920" lon="-0.2491960">
    <ele>3.9</ele>
    <time>2026-01-03T11:09:26Z</time>
   </trkpt>
   <trkpt lat="51.4782130" lon="-0.2491890">
    <ele>3.9</ele>
    <time>2026-01-03T11:09:27Z</time>
   </trkpt>
   <trkpt lat="51.4782220" lon="-0.2491870">
    <ele>3.9</ele>
    <time>2026-01-03T11:09:28Z</time>
   </trkpt>
   <trkpt lat="51.4782300" lon="-0.2491850">
    <ele>3.9</ele>
    <time>2026-01-03T11:09:29Z</time>
   </trkpt>
   <trkpt lat="51.4782450" lon="-0.2491770">
    <ele>3.9</ele>
    <time>2026-01-03T11:09:30Z</time>
   </trkpt>
   <trkpt lat="51.4782580" lon="-0.2491750">
    <ele>3.9</ele>
    <time>2026-01-03T11:09:31Z</time>
   </trkpt>
   <trkpt lat="51.4782710" lon="-0.2491800">
    <ele>3.9</ele>
    <time>2026-01-03T11:09:32Z</time>
   </trkpt>
   <trkpt lat="51.4782820" lon="-0.2491780">
    <ele>3.9</ele>
    <time>2026-01-03T11:09:33Z</time>
   </trkpt>
   <trkpt lat="51.4782930" lon="-0.2491740">
    <ele>4.0</ele>
    <time>2026-01-03T11:09:34Z</time>
   </trkpt>
   <trkpt lat="51.4783060" lon="-0.2491710">
    <ele>4.0</ele>
    <time>2026-01-03T11:09:35Z</time>
   </trkpt>
   <trkpt lat="51.4783220" lon="-0.2491740">
    <ele>4.0</ele>
    <time>2026-01-03T11:09:36Z</time>
   </trkpt>
   <trkpt lat="51.4783330" lon="-0.2491730">
    <ele>4.0</ele>
    <time>2026-01-03T11:09:37Z</time>
   </trkpt>
   <trkpt lat="51.4783470" lon="-0.2491710">
    <ele>4.0</ele>
    <time>2026-01-03T11:09:38Z</time>
   </trkpt>
   <trkpt lat="51.4783540" lon="-0.2491640">
    <ele>4.0</ele>
    <time>2026-01-03T11:09:39Z</time>
   </trkpt>
   <trkpt lat="51.4783810" lon="-0.2491580">
    <ele>4.0</ele>
    <time>2026-01-03T11:09:40Z</time>
   </trkpt>
   <trkpt lat="51.4783910" lon="-0.2491550">
    <ele>4.0</ele>
    <time>2026-01-03T11:09:41Z</time>
   </trkpt>
   <trkpt lat="51.4784090" lon="-0.2491520">
    <ele>4.0</ele>
    <time>2026-01-03T11:09:42Z</time>
   </trkpt>
   <trkpt lat="51.4784150" lon="-0.2491490">
    <ele>4.0</ele>
    <time>2026-01-03T11:09:43Z</time>
   </trkpt>
   <trkpt lat="51.4784220" lon="-0.2491450">
    <ele>4.0</ele>
    <time>2026-01-03T11:09:44Z</time>
   </trkpt>
   <trkpt lat="51.4784280" lon="-0.2491420">
    <ele>4.0</ele>
    <time>2026-01-03T11:09:45Z</time>
   </trkpt>
   <trkpt lat="51.4784480" lon="-0.2491470">
    <ele>4.0</ele>
    <time>2026-01-03T11:09:46Z</time>
   </trkpt>
   <trkpt lat="51.4784560" lon="-0.2491530">
    <ele>4.0</ele>
    <time>2026-01-03T11:09:47Z</time>
   </trkpt>
   <trkpt lat="51.4784650" lon="-0.2491580">
    <ele>4.0</ele>
    <time>2026-01-03T11:09:48Z</time>
   </trkpt>
   <trkpt lat="51.4784860" lon="-0.2491480">
    <ele>4.0</ele>
    <time>2026-01-03T11:09:49Z</time>
   </trkpt>
   <trkpt lat="51.4784930" lon="-0.2491460">
    <ele>4.0</ele>
    <time>2026-01-03T11:09:50Z</time>
   </trkpt>
   <trkpt lat="51.4785010" lon="-0.2491440">
    <ele>4.0</ele>
    <time>2026-01-03T11:09:51Z</time>
   </trkpt>
   <trkpt lat="51.4785240" lon="-0.2491420">
    <ele>4.0</ele>
    <time>2026-01-03T11:09:52Z</time>
   </trkpt>
   <trkpt lat="51.4785320" lon="-0.2491380">
    <ele>4.0</ele>
    <time>2026-01-03T11:09:53Z</time>
   </trkpt>
   <trkpt lat="51.4785400" lon="-0.2491350">
    <ele>4.0</ele>
    <time>2026-01-03T11:09:54Z</time>
   </trkpt>
   <trkpt lat="51.4785540" lon="-0.2491290">
    <ele>4.0</ele>
    <time>2026-01-03T11:09:55Z</time>
   </trkpt>
   <trkpt lat="51.4785640" lon="-0.2491270">
    <ele>4.0</ele>
    <time>2026-01-03T11:09:56Z</time>
   </trkpt>
   <trkpt lat="51.4785730" lon="-0.2491280">
    <ele>4.0</ele>
    <time>2026-01-03T11:09:57Z</time>
   </trkpt>
   <trkpt lat="51.4785820" lon="-0.2491280">
    <ele>4.0</ele>
    <time>2026-01-03T11:09:58Z</time>
   </trkpt>
   <trkpt lat="51.4785910" lon="-0.2491270">
    <ele>4.0</ele>
    <time>2026-01-03T11:09:59Z</time>
   </trkpt>
   <trkpt lat="51.4786000" lon="-0.2491290">
    <ele>4.0</ele>
    <time>2026-01-03T11:10:00Z</time>
   </trkpt>
   <trkpt lat="51.4786220" lon="-0.2491330">
    <ele>4.0</ele>
    <time>2026-01-03T11:10:01Z</time>
   </trkpt>
   <trkpt lat="51.4786290" lon="-0.2491360">
    <ele>4.0</ele>
    <time>2026-01-03T11:10:02Z</time>
   </trkpt>
   <trkpt lat="51.4786360" lon="-0.2491390">
    <ele>4.0</ele>
    <time>2026-01-03T11:10:03Z</time>
   </trkpt>
   <trkpt lat="51.4786510" lon="-0.2491390">
    <ele>4.0</ele>
    <time>2026-01-03T11:10:04Z</time>
   </trkpt>
   <trkpt lat="51.4786650" lon="-0.2491380">
    <ele>4.0</ele>
    <time>2026-01-03T11:10:05Z</time>
   </trkpt>
   <trkpt lat="51.4786890" lon="-0.2491360">
    <ele>4.0</ele>
    <time>2026-01-03T11:10:06Z</time>
   </trkpt>
   <trkpt lat="51.4786980" lon="-0.2491350">
    <ele>4.0</ele>
    <time>2026-01-03T11:10:07Z</time>
   </trkpt>
   <trkpt lat="51.4787080" lon="-0.2491330">
    <ele>4.0</ele>
    <time>2026-01-03T11:10:08Z</time>
   </trkpt>
   <trkpt lat="51.4787250" lon="-0.2491290">
    <ele>4.0</ele>
    <time>2026-01-03T11:10:09Z</time>
   </trkpt>
   <trkpt lat="51.4787320" lon="-0.2491310">
    <ele>4.0</ele>
    <time>2026-01-03T11:10:10Z</time>
   </trkpt>
   <trkpt lat="51.4787430" lon="-0.2491410">
    <ele>4.0</ele>
    <time>2026-01-03T11:10:11Z</time>
   </trkpt>
   <trkpt lat="51.4787520" lon="-0.2491360">
    <ele>4.0</ele>
    <time>2026-01-03T11:10:12Z</time>
   </trkpt>
   <trkpt lat="51.4787660" lon="-0.2491350">
    <ele>3.9</ele>
    <time>2026-01-03T11:10:13Z</time>
   </trkpt>
   <trkpt lat="51.4787770" lon="-0.2491340">
    <ele>3.9</ele>
    <time>2026-01-03T11:10:14Z</time>
   </trkpt>
   <trkpt lat="51.4787940" lon="-0.2491310">
    <ele>3.9</ele>
    <time>2026-01-03T11:10:15Z</time>
   </trkpt>
   <trkpt lat="51.4788040" lon="-0.2491290">
    <ele>3.9</ele>
    <time>2026-01-03T11:10:16Z</time>
   </trkpt>
   <trkpt lat="51.4788130" lon="-0.2491280">
    <ele>3.9</ele>
    <time>2026-01-03T11:10:17Z</time>
   </trkpt>
   <trkpt lat="51.4788190" lon="-0.2491260">
    <ele>3.9</ele>
    <time>2026-01-03T11:10:18Z</time>
   </trkpt>
   <trkpt lat="51.4788260" lon="-0.2491280">
    <ele>3.9</ele>
    <time>2026-01-03T11:10:19Z</time>
   </trkpt>
   <trkpt lat="51.4788380" lon="-0.2491320">
    <ele>3.9</ele>
    <time>2026-01-03T11:10:20Z</time>
   </trkpt>
   <trkpt lat="51.4788450" lon="-0.2491270">
    <ele>3.9</ele>
    <time>2026-01-03T11:10:21Z</time>
   </trkpt>
   <trkpt lat="51.4788630" lon="-0.2491330">
    <ele>3.9</ele>
    <time>2026-01-03T11:10:22Z</time>
   </trkpt>
   <trkpt lat="51.4788720" lon="-0.2491350">
    <ele>3.9</ele>
    <time>2026-01-03T11:10:23Z</time>
   </trkpt>
   <trkpt lat="51.4788820" lon="-0.2491360">
    <ele>3.9</ele>
    <time>2026-01-03T11:10:24Z</time>
   </trkpt>
   <trkpt lat="51.4789010" lon="-0.2491370">
    <ele>3.9</ele>
    <time>2026-01-03T11:10:25Z</time>
   </trkpt>
   <trkpt lat="51.4789150" lon="-0.2491400">
    <ele>3.9</ele>
    <time>2026-01-03T11:10:26Z</time>
   </trkpt>
   <trkpt lat="51.4789400" lon="-0.2491460">
    <ele>3.9</ele>
    <time>2026-01-03T11:10:27Z</time>
   </trkpt>
   <trkpt lat="51.4789460" lon="-0.2491420">
    <ele>3.9</ele>
    <time>2026-01-03T11:10:28Z</time>
   </trkpt>
   <trkpt lat="51.4789520" lon="-0.2491390">
    <ele>3.9</ele>
    <time>2026-01-03T11:10:29Z</time>
   </trkpt>
   <trkpt lat="51.4789650" lon="-0.2491370">
    <ele>3.9</ele>
    <time>2026-01-03T11:10:30Z</time>
   </trkpt>
   <trkpt lat="51.4789730" lon="-0.2491340">
    <ele>3.8</ele>
    <time>2026-01-03T11:10:31Z</time>
   </trkpt>
   <trkpt lat="51.4789790" lon="-0.2491320">
    <ele>3.8</ele>
    <time>2026-01-03T11:10:32Z</time>
   </trkpt>
   <trkpt lat="51.4789890" lon="-0.2491330">
    <ele>3.8</ele>
    <time>2026-01-03T11:10:33Z</time>
   </trkpt>
   <trkpt lat="51.4790020" lon="-0.2491280">
    <ele>3.8</ele>
    <time>2026-01-03T11:10:34Z</time>
   </trkpt>
   <trkpt lat="51.4790130" lon="-0.2491270">
    <ele>3.8</ele>
    <time>2026-01-03T11:10:35Z</time>
   </trkpt>
   <trkpt lat="51.4790340" lon="-0.2491300">
    <ele>3.8</ele>
    <time>2026-01-03T11:10:36Z</time>
   </trkpt>
   <trkpt lat="51.4790420" lon="-0.2491310">
    <ele>3.8</ele>
    <time>2026-01-03T11:10:37Z</time>
   </trkpt>
   <trkpt lat="51.4790510" lon="-0.2491320">
    <ele>3.8</ele>
    <time>2026-01-03T11:10:38Z</time>
   </trkpt>
   <trkpt lat="51.4790790" lon="-0.2491270">
    <ele>3.8</ele>
    <time>2026-01-03T11:10:39Z</time>
   </trkpt>
   <trkpt lat="51.4790870" lon="-0.2491250">
    <ele>3.8</ele>
    <time>2026-01-03T11:10:40Z</time>
   </trkpt>
   <trkpt lat="51.4791020" lon="-0.2491180">
    <ele>3.8</ele>
    <time>2026-01-03T11:10:41Z</time>
   </trkpt>
   <trkpt lat="51.4791100" lon="-0.2491170">
    <ele>3.8</ele>
    <time>2026-01-03T11:10:42Z</time>
   </trkpt>
   <trkpt lat="51.4791190" lon="-0.2491170">
    <ele>3.8</ele>
    <time>2026-01-03T11:10:43Z</time>
   </trkpt>
   <trkpt lat="51.4791270" lon="-0.2491160">
    <ele>3.8</ele>
    <time>2026-01-03T11:10:44Z</time>
   </trkpt>
   <trkpt lat="51.4791480" lon="-0.2491110">
    <ele>3.8</ele>
    <time>2026-01-03T11:10:45Z</time>
   </trkpt>
   <trkpt lat="51.4791570" lon="-0.2491120">
    <ele>3.8</ele>
    <time>2026-01-03T11:10:46Z</time>
   </trkpt>
   <trkpt lat="51.4791670" lon="-0.2491120">
    <ele>3.8</ele>
    <time>2026-01-03T11:10:47Z</time>
   </trkpt>
   <trkpt lat="51.4791890" lon="-0.2491090">
    <ele>3.8</ele>
    <time>2026-01-03T11:10:48Z</time>
   </trkpt>
   <trkpt lat="51.4791970" lon="-0.2491100">
    <ele>3.8</ele>
    <time>2026-01-03T11:10:49Z</time>
   </trkpt>
   <trkpt lat="51.4792040" lon="-0.2491100">
    <ele>3.8</ele>
    <time>2026-01-03T11:10:50Z</time>
   </trkpt>
   <trkpt lat="51.4792150" lon="-0.2491100">
    <ele>3.8</ele>
    <time>2026-01-03T11:10:51Z</time>
   </trkpt>
   <trkpt lat="51.4792260" lon="-0.2491090">
    <ele>3.8</ele>
    <time>2026-01-03T11:10:52Z</time>
   </trkpt>
   <trkpt lat="51.4792390" lon="-0.2491120">
    <ele>3.8</ele>
    <time>2026-01-03T11:10:53Z</time>
   </trkpt>
   <trkpt lat="51.4792550" lon="-0.2491100">
    <ele>3.8</ele>
    <time>2026-01-03T11:10:54Z</time>
   </trkpt>
   <trkpt lat="51.4792680" lon="-0.2491130">
    <ele>3.8</ele>
    <time>2026-01-03T11:10:55Z</time>
   </trkpt>
   <trkpt lat="51.4792890" lon="-0.2491090">
    <ele>3.8</ele>
    <time>2026-01-03T11:10:56Z</time>
   </trkpt>
   <trkpt lat="51.4792970" lon="-0.2491050">
    <ele>3.8</ele>
    <time>2026-01-03T11:10:57Z</time>
   </trkpt>
   <trkpt lat="51.4793060" lon="-0.2491000">
    <ele>3.8</ele>
    <time>2026-01-03T11:10:58Z</time>
   </trkpt>
   <trkpt lat="51.4793290" lon="-0.2490960">
    <ele>3.8</ele>
    <time>2026-01-03T11:10:59Z</time>
   </trkpt>
   <trkpt lat="51.4793370" lon="-0.2490950">
    <ele>3.8</ele>
    <time>2026-01-03T11:11:00Z</time>
   </trkpt>
   <trkpt lat="51.4793450" lon="-0.2490950">
    <ele>3.8</ele>
    <time>2026-01-03T11:11:01Z</time>
   </trkpt>
   <trkpt lat="51.4793570" lon="-0.2490930">
    <ele>3.8</ele>
    <time>2026-01-03T11:11:02Z</time>
   </trkpt>
   <trkpt lat="51.4793600" lon="-0.2490930">
    <ele>3.8</ele>
    <time>2026-01-03T11:11:03Z</time>
   </trkpt>
   <trkpt lat="51.4793770" lon="-0.2490890">
    <ele>3.8</ele>
    <time>2026-01-03T11:11:04Z</time>
   </trkpt>
   <trkpt lat="51.4793840" lon="-0.2490960">
    <ele>3.8</ele>
    <time>2026-01-03T11:11:05Z</time>
   </trkpt>
   <trkpt lat="51.4793990" lon="-0.2490960">
    <ele>3.8</ele>
    <time>2026-01-03T11:11:06Z</time>
   </trkpt>
   <trkpt lat="51.4794100" lon="-0.2490930">
    <ele>3.8</ele>
    <time>2026-01-03T11:11:07Z</time>
   </trkpt>
   <trkpt lat="51.4794210" lon="-0.2490890">
    <ele>3.8</ele>
    <time>2026-01-03T11:11:08Z</time>
   </trkpt>
   <trkpt lat="51.4794310" lon="-0.2490870">
    <ele>3.7</ele>
    <time>2026-01-03T11:11:09Z</time>
   </trkpt>
   <trkpt lat="51.4794400" lon="-0.2490870">
    <ele>3.7</ele>
    <time>2026-01-03T11:11:10Z</time>
   </trkpt>
   <trkpt lat="51.4794580" lon="-0.2490850">
    <ele>3.7</ele>
    <time>2026-01-03T11:11:11Z</time>
   </trkpt>
   <trkpt lat="51.4794710" lon="-0.2490860">
    <ele>3.7</ele>
    <time>2026-01-03T11:11:12Z</time>
   </trkpt>
   <trkpt lat="51.4794810" lon="-0.2490900">
    <ele>3.7</ele>
    <time>2026-01-03T11:11:13Z</time>
   </trkpt>
   <trkpt lat="51.4794950" lon="-0.2490900">
    <ele>3.7</ele>
    <time>2026-01-03T11:11:14Z</time>
   </trkpt>
   <trkpt lat="51.4795060" lon="-0.2490910">
    <ele>3.7</ele>
    <time>2026-01-03T11:11:15Z</time>
   </trkpt>
   <trkpt lat="51.4795140" lon="-0.2490890">
    <ele>3.7</ele>
    <time>2026-01-03T11:11:16Z</time>
   </trkpt>
   <trkpt lat="51.4795240" lon="-0.2490910">
    <ele>3.7</ele>
    <time>2026-01-03T11:11:17Z</time>
   </trkpt>
   <trkpt lat="51.4795380" lon="-0.2490930">
    <ele>3.7</ele>
    <time>2026-01-03T11:11:18Z</time>
   </trkpt>
   <trkpt lat="51.4795580" lon="-0.2490930">
    <ele>3.7</ele>
    <time>2026-01-03T11:11:19Z</time>
   </trkpt>
   <trkpt lat="51.4795660" lon="-0.2490920">
    <ele>3.7</ele>
    <time>2026-01-03T11:11:20Z</time>
   </trkpt>
   <trkpt lat="51.4795750" lon="-0.2490920">
    <ele>3.7</ele>
    <time>2026-01-03T11:11:21Z</time>
   </trkpt>
   <trkpt lat="51.4795910" lon="-0.2490900">
    <ele>3.7</ele>
    <time>2026-01-03T11:11:22Z</time>
   </trkpt>
   <trkpt lat="51.4796050" lon="-0.2490930">
    <ele>3.7</ele>
    <time>2026-01-03T11:11:23Z</time>
   </trkpt>
   <trkpt lat="51.4796260" lon="-0.2490940">
    <ele>3.7</ele>
    <time>2026-01-03T11:11:24Z</time>
   </trkpt>
   <trkpt lat="51.4796340" lon="-0.2490940">
    <ele>3.7</ele>
    <time>2026-01-03T11:11:25Z</time>
   </trkpt>
   <trkpt lat="51.4796420" lon="-0.2490940">
    <ele>3.7</ele>
    <time>2026-01-03T11:11:26Z</time>
   </trkpt>
   <trkpt lat="51.4796540" lon="-0.2490950">
    <ele>3.7</ele>
    <time>2026-01-03T11:11:27Z</time>
   </trkpt>
   <trkpt lat="51.4796660" lon="-0.2490880">
    <ele>3.7</ele>
    <time>2026-01-03T11:11:28Z</time>
   </trkpt>
   <trkpt lat="51.4796760" lon="-0.2490880">
    <ele>3.7</ele>
    <time>2026-01-03T11:11:29Z</time>
   </trkpt>
   <trkpt lat="51.4796960" lon="-0.2490910">
    <ele>3.7</ele>
    <time>2026-01-03T11:11:30Z</time>
   </trkpt>
   <trkpt lat="51.4797040" lon="-0.2490920">
    <ele>3.7</ele>
    <time>2026-01-03T11:11:31Z</time>
   </trkpt>
   <trkpt lat="51.4797120" lon="-0.2490930">
    <ele>3.7</ele>
    <time>2026-01-03T11:11:32Z</time>
   </trkpt>
   <trkpt lat="51.4797220" lon="-0.2490960">
    <ele>3.7</ele>
    <time>2026-01-03T11:11:33Z</time>
   </trkpt>
   <trkpt lat="51.4797350" lon="-0.2491010">
    <ele>3.7</ele>
    <time>2026-01-03T11:11:34Z</time>
   </trkpt>
   <trkpt lat="51.4797460" lon="-0.2491070">
    <ele>3.7</ele>
    <time>2026-01-03T11:11:35Z</time>
   </trkpt>
   <trkpt lat="51.4797630" lon="-0.2491000">
    <ele>3.7</ele>
    <time>2026-01-03T11:11:36Z</time>
   </trkpt>
   <trkpt lat="51.4797730" lon="-0.2490960">
    <ele>3.7</ele>
    <time>2026-01-03T11:11:37Z</time>
   </trkpt>
   <trkpt lat="51.4797820" lon="-0.2490930">
    <ele>3.7</ele>
    <time>2026-01-03T11:11:38Z</time>
   </trkpt>
   <trkpt lat="51.4798030" lon="-0.2490950">
    <ele>3.7</ele>
    <time>2026-01-03T11:11:39Z</time>
   </trkpt>
   <trkpt lat="51.4798130" lon="-0.2490960">
    <ele>3.7</ele>
    <time>2026-01-03T11:11:40Z</time>
   </trkpt>
   <trkpt lat="51.4798220" lon="-0.2490980">
    <ele>3.7</ele>
    <time>2026-01-03T11:11:41Z</time>
   </trkpt>
   <trkpt lat="51.4798440" lon="-0.2491010">
    <ele>3.7</ele>
    <time>2026-01-03T11:11:42Z</time>
   </trkpt>
   <trkpt lat="51.4798520" lon="-0.2491000">
    <ele>3.7</ele>
    <time>2026-01-03T11:11:43Z</time>
   </trkpt>
   <trkpt lat="51.4798590" lon="-0.2490990">
    <ele>3.7</ele>
    <time>2026-01-03T11:11:44Z</time>
   </trkpt>
   <trkpt lat="51.4798770" lon="-0.2491010">
    <ele>3.7</ele>
    <time>2026-01-03T11:11:45Z</time>
   </trkpt>
   <trkpt lat="51.4798870" lon="-0.2491020">
    <ele>3.7</ele>
    <time>2026-01-03T11:11:46Z</time>
   </trkpt>
   <trkpt lat="51.4798940" lon="-0.2491010">
    <ele>3.7</ele>
    <time>2026-01-03T11:11:47Z</time>
   </trkpt>
   <trkpt lat="51.4799020" lon="-0.2491080">
    <ele>3.7</ele>
    <time>2026-01-03T11:11:48Z</time>
   </trkpt>
   <trkpt lat="51.4799120" lon="-0.2491130">
    <ele>3.7</ele>
    <time>2026-01-03T11:11:49Z</time>
   </trkpt>
   <trkpt lat="51.4799200" lon="-0.2491140">
    <ele>3.7</ele>
    <time>2026-01-03T11:11:50Z</time>
   </trkpt>
   <trkpt lat="51.4799290" lon="-0.2491180">
    <ele>3.7</ele>
    <time>2026-01-03T11:11:51Z</time>
   </trkpt>
   <trkpt lat="51.4799350" lon="-0.2491180">
    <ele>3.7</ele>
    <time>2026-01-03T11:11:52Z</time>
   </trkpt>
   <trkpt lat="51.4799500" lon="-0.2491170">
    <ele>3.7</ele>
    <time>2026-01-03T11:11:53Z</time>
   </trkpt>
   <trkpt lat="51.4799730" lon="-0.2491220">
    <ele>3.7</ele>
    <time>2026-01-03T11:11:54Z</time>
   </trkpt>
   <trkpt lat="51.4799820" lon="-0.2491260">
    <ele>3.7</ele>
    <time>2026-01-03T11:11:55Z</time>
   </trkpt>
   <trkpt lat="51.4799900" lon="-0.2491300">
    <ele>3.7</ele>
    <time>2026-01-03T11:11:56Z</time>
   </trkpt>
   <trkpt lat="51.4800050" lon="-0.2491350">
    <ele>3.7</ele>
    <time>2026-01-03T11:11:57Z</time>
   </trkpt>
   <trkpt lat="51.4800180" lon="-0.2491380">
    <ele>3.7</ele>
    <time>2026-01-03T11:11:58Z</time>
   </trkpt>
   <trkpt lat="51.4800420" lon="-0.2491480">
    <ele>3.7</ele>
    <time>2026-01-03T11:11:59Z</time>
   </trkpt>
   <trkpt lat="51.4800490" lon="-0.2491490">
    <ele>3.7</ele>
    <time>2026-01-03T11:12:00Z</time>
   </trkpt>
   <trkpt lat="51.4800570" lon="-0.2491510">
    <ele>3.7</ele>
    <time>2026-01-03T11:12:01Z</time>
   </trkpt>
   <trkpt lat="51.4800750" lon="-0.2491510">
    <ele>3.7</ele>
    <time>2026-01-03T11:12:02Z</time>
   </trkpt>
   <trkpt lat="51.4800830" lon="-0.2491510">
    <ele>3.7</ele>
    <time>2026-01-03T11:12:03Z</time>
   </trkpt>
   <trkpt lat="51.4800920" lon="-0.2491510">
    <ele>3.7</ele>
    <time>2026-01-03T11:12:04Z</time>
   </trkpt>
   <trkpt lat="51.4801000" lon="-0.2491530">
    <ele>3.7</ele>
    <time>2026-01-03T11:12:05Z</time>
   </trkpt>
   <trkpt lat="51.4801120" lon="-0.2491540">
    <ele>3.7</ele>
    <time>2026-01-03T11:12:06Z</time>
   </trkpt>
   <trkpt lat="51.4801240" lon="-0.2491520">
    <ele>3.7</ele>
    <time>2026-01-03T11:12:07Z</time>
   </trkpt>
   <trkpt lat="51.4801450" lon="-0.2491520">
    <ele>3.7</ele>
    <time>2026-01-03T11:12:08Z</time>
   </trkpt>
   <trkpt lat="51.4801550" lon="-0.2491540">
    <ele>3.7</ele>
    <time>2026-01-03T11:12:09Z</time>
   </trkpt>
   <trkpt lat="51.4801650" lon="-0.2491560">
    <ele>3.7</ele>
    <time>2026-01-03T11:12:10Z</time>
   </trkpt>
   <trkpt lat="51.4801770" lon="-0.2491550">
    <ele>3.7</ele>
    <time>2026-01-03T11:12:11Z</time>
   </trkpt>
   <trkpt lat="51.4801830" lon="-0.2491500">
    <ele>3.7</ele>
    <time>2026-01-03T11:12:12Z</time>
   </trkpt>
   <trkpt lat="51.4801990" lon="-0.2491540">
    <ele>3.7</ele>
    <time>2026-01-03T11:12:13Z</time>
   </trkpt>
   <trkpt lat="51.4802130" lon="-0.2491620">
    <ele>3.7</ele>
    <time>2026-01-03T11:12:14Z</time>
   </trkpt>
   <trkpt lat="51.4802260" lon="-0.2491680">
    <ele>3.7</ele>
    <time>2026-01-03T11:12:15Z</time>
   </trkpt>
   <trkpt lat="51.4802380" lon="-0.2491750">
    <ele>3.7</ele>
    <time>2026-01-03T11:12:16Z</time>
   </trkpt>
   <trkpt lat="51.4802480" lon="-0.2491810">
    <ele>3.7</ele>
    <time>2026-01-03T11:12:17Z</time>
   </trkpt>
   <trkpt lat="51.4802590" lon="-0.2491890">
    <ele>3.7</ele>
    <time>2026-01-03T11:12:18Z</time>
   </trkpt>
   <trkpt lat="51.4802680" lon="-0.2491880">
    <ele>3.7</ele>
    <time>2026-01-03T11:12:19Z</time>
   </trkpt>
   <trkpt lat="51.4802780" lon="-0.2491850">
    <ele>3.7</ele>
    <time>2026-01-03T11:12:20Z</time>
   </trkpt>
   <trkpt lat="51.4802910" lon="-0.2491910">
    <ele>3.7</ele>
    <time>2026-01-03T11:12:21Z</time>
   </trkpt>
   <trkpt lat="51.4803030" lon="-0.2491890">
    <ele>3.7</ele>
    <time>2026-01-03T11:12:22Z</time>
   </trkpt>
   <trkpt lat="51.4803130" lon="-0.2491920">
    <ele>3.7</ele>
    <time>2026-01-03T11:12:23Z</time>
   </trkpt>
   <trkpt lat="51.4803230" lon="-0.2491930">
    <ele>3.7</ele>
    <time>2026-01-03T11:12:24Z</time>
   </trkpt>
   <trkpt lat="51.4803330" lon="-0.2491910">
    <ele>3.7</ele>
    <time>2026-01-03T11:12:25Z</time>
   </trkpt>
   <trkpt lat="51.4803480" lon="-0.2491880">
    <ele>3.7</ele>
    <time>2026-01-03T11:12:26Z</time>
   </trkpt>
   <trkpt lat="51.4803580" lon="-0.2491870">
    <ele>3.7</ele>
    <time>2026-01-03T11:12:27Z</time>
   </trkpt>
   <trkpt lat="51.4803730" lon="-0.2491930">
    <ele>3.7</ele>
    <time>2026-01-03T11:12:28Z</time>
   </trkpt>
   <trkpt lat="51.4803860" lon="-0.2491940">
    <ele>3.7</ele>
    <time>2026-01-03T11:12:29Z</time>
   </trkpt>
   <trkpt lat="51.4804030" lon="-0.2491970">
    <ele>3.7</ele>
    <time>2026-01-03T11:12:30Z</time>
   </trkpt>
   <trkpt lat="51.4804170" lon="-0.2491990">
    <ele>3.7</ele>
    <time>2026-01-03T11:12:31Z</time>
   </trkpt>
   <trkpt lat="51.4804400" lon="-0.2492020">
    <ele>3.7</ele>
    <time>2026-01-03T11:12:32Z</time>
   </trkpt>
   <trkpt lat="51.4804500" lon="-0.2492050">
    <ele>3.7</ele>
    <time>2026-01-03T11:12:33Z</time>
   </trkpt>
   <trkpt lat="51.4804600" lon="-0.2492090">
    <ele>3.7</ele>
    <time>2026-01-03T11:12:34Z</time>
   </trkpt>
   <trkpt lat="51.4804710" lon="-0.2492110">
    <ele>3.7</ele>
    <time>2026-01-03T11:12:35Z</time>
   </trkpt>
   <trkpt lat="51.4804830" lon="-0.2492140">
    <ele>3.7</ele>
    <time>2026-01-03T11:12:36Z</time>
   </trkpt>
   <trkpt lat="51.4804900" lon="-0.2492080">
    <ele>3.7</ele>
    <time>2026-01-03T11:12:37Z</time>
   </trkpt>
   <trkpt lat="51.4804950" lon="-0.2492050">
    <ele>3.7</ele>
    <time>2026-01-03T11:12:38Z</time>
   </trkpt>
   <trkpt lat="51.4805070" lon="-0.2492080">
    <ele>3.7</ele>
    <time>2026-01-03T11:12:39Z</time>
   </trkpt>
   <trkpt lat="51.4805180" lon="-0.2492070">
    <ele>3.7</ele>
    <time>2026-01-03T11:12:40Z</time>
   </trkpt>
   <trkpt lat="51.4805320" lon="-0.2492150">
    <ele>3.8</ele>
    <time>2026-01-03T11:12:41Z</time>
   </trkpt>
   <trkpt lat="51.4805420" lon="-0.2492200">
    <ele>3.8</ele>
    <time>2026-01-03T11:12:42Z</time>
   </trkpt>
   <trkpt lat="51.4805530" lon="-0.2492180">
    <ele>3.8</ele>
    <time>2026-01-03T11:12:43Z</time>
   </trkpt>
   <trkpt lat="51.4805590" lon="-0.2492160">
    <ele>3.8</ele>
    <time>2026-01-03T11:12:44Z</time>
   </trkpt>
   <trkpt lat="51.4805750" lon="-0.2492190">
    <ele>3.8</ele>
    <time>2026-01-03T11:12:45Z</time>
   </trkpt>
   <trkpt lat="51.4805860" lon="-0.2492190">
    <ele>3.8</ele>
    <time>2026-01-03T11:12:46Z</time>
   </trkpt>
   <trkpt lat="51.4805990" lon="-0.2492200">
    <ele>3.8</ele>
    <time>2026-01-03T11:12:47Z</time>
   </trkpt>
   <trkpt lat="51.4806110" lon="-0.2492250">
    <ele>3.8</ele>
    <time>2026-01-03T11:12:48Z</time>
   </trkpt>
   <trkpt lat="51.4806180" lon="-0.2492220">
    <ele>3.8</ele>
    <time>2026-01-03T11:12:49Z</time>
   </trkpt>
   <trkpt lat="51.4806310" lon="-0.2492230">
    <ele>3.8</ele>
    <time>2026-01-03T11:12:50Z</time>
   </trkpt>
   <trkpt lat="51.4806460" lon="-0.2492230">
    <ele>3.8</ele>
    <time>2026-01-03T11:12:51Z</time>
   </trkpt>
   <trkpt lat="51.4806600" lon="-0.2492250">
    <ele>3.8</ele>
    <time>2026-01-03T11:12:52Z</time>
   </trkpt>
   <trkpt lat="51.4806720" lon="-0.2492300">
    <ele>3.8</ele>
    <time>2026-01-03T11:12:53Z</time>
   </trkpt>
   <trkpt lat="51.4806810" lon="-0.2492320">
    <ele>3.8</ele>
    <time>2026-01-03T11:12:54Z</time>
   </trkpt>
   <trkpt lat="51.4807040" lon="-0.2492360">
    <ele>3.8</ele>
    <time>2026-01-03T11:12:55Z</time>
   </trkpt>
   <trkpt lat="51.4807120" lon="-0.2492360">
    <ele>3.8</ele>
    <time>2026-01-03T11:12:56Z</time>
   </trkpt>
   <trkpt lat="51.4807200" lon="-0.2492360">
    <ele>3.8</ele>
    <time>2026-01-03T11:12:57Z</time>
   </trkpt>
   <trkpt lat="51.4807290" lon="-0.2492360">
    <ele>3.8</ele>
    <time>2026-01-03T11:12:58Z</time>
   </trkpt>
   <trkpt lat="51.4807380" lon="-0.2492360">
    <ele>3.8</ele>
    <time>2026-01-03T11:12:59Z</time>
   </trkpt>
   <trkpt lat="51.4807490" lon="-0.2492310">
    <ele>3.8</ele>
    <time>2026-01-03T11:13:00Z</time>
   </trkpt>
   <trkpt lat="51.4807680" lon="-0.2492270">
    <ele>3.8</ele>
    <time>2026-01-03T11:13:01Z</time>
   </trkpt>
   <trkpt lat="51.4807780" lon="-0.2492190">
    <ele>3.8</ele>
    <time>2026-01-03T11:13:02Z</time>
   </trkpt>
   <trkpt lat="51.4807850" lon="-0.2492240">
    <ele>3.8</ele>
    <time>2026-01-03T11:13:03Z</time>
   </trkpt>
   <trkpt lat="51.4807900" lon="-0.2492260">
    <ele>3.8</ele>
    <time>2026-01-03T11:13:04Z</time>
   </trkpt>
   <trkpt lat="51.4808080" lon="-0.2492260">
    <ele>3.8</ele>
    <time>2026-01-03T11:13:05Z</time>
   </trkpt>
   <trkpt lat="51.4808230" lon="-0.2492290">
    <ele>3.8</ele>
    <time>2026-01-03T11:13:06Z</time>
   </trkpt>
   <trkpt lat="51.4808340" lon="-0.2492330">
    <ele>3.8</ele>
    <time>2026-01-03T11:13:07Z</time>
   </trkpt>
   <trkpt lat="51.4808410" lon="-0.2492350">
    <ele>3.8</ele>
    <time>2026-01-03T11:13:08Z</time>
   </trkpt>
   <trkpt lat="51.4808620" lon="-0.2492390">
    <ele>3.8</ele>
    <time>2026-01-03T11:13:09Z</time>
   </trkpt>
   <trkpt lat="51.4808700" lon="-0.2492410">
    <ele>3.8</ele>
    <time>2026-01-03T11:13:10Z</time>
   </trkpt>
   <trkpt lat="51.4808780" lon="-0.2492430">
    <ele>3.8</ele>
    <time>2026-01-03T11:13:11Z</time>
   </trkpt>
   <trkpt lat="51.4808890" lon="-0.2492430">
    <ele>3.8</ele>
    <time>2026-01-03T11:13:12Z</time>
   </trkpt>
   <trkpt lat="51.4808960" lon="-0.2492470">
    <ele>3.8</ele>
    <time>2026-01-03T11:13:13Z</time>
   </trkpt>
   <trkpt lat="51.4809060" lon="-0.2492490">
    <ele>3.8</ele>
    <time>2026-01-03T11:13:14Z</time>
   </trkpt>
   <trkpt lat="51.4809260" lon="-0.2492400">
    <ele>3.8</ele>
    <time>2026-01-03T11:13:15Z</time>
   </trkpt>
   <trkpt lat="51.4809360" lon="-0.2492390">
    <ele>3.8</ele>
    <time>2026-01-03T11:13:16Z</time>
   </trkpt>
   <trkpt lat="51.4809470" lon="-0.2492370">
    <ele>3.8</ele>
    <time>2026-01-03T11:13:17Z</time>
   </trkpt>
   <trkpt lat="51.4809640" lon="-0.2492450">
    <ele>3.8</ele>
    <time>2026-01-03T11:13:18Z</time>
   </trkpt>
   <trkpt lat="51.4809760" lon="-0.2492520">
    <ele>3.8</ele>
    <time>2026-01-03T11:13:19Z</time>
   </trkpt>
   <trkpt lat="51.4809910" lon="-0.2492510">
    <ele>3.8</ele>
    <time>2026-01-03T11:13:20Z</time>
   </trkpt>
   <trkpt lat="51.4809990" lon="-0.2492510">
    <ele>3.8</ele>
    <time>2026-01-03T11:13:21Z</time>
   </trkpt>
   <trkpt lat="51.4810060" lon="-0.2492510">
    <ele>3.8</ele>
    <time>2026-01-03T11:13:22Z</time>
   </trkpt>
   <trkpt lat="51.4810130" lon="-0.2492510">
    <ele>3.8</ele>
    <time>2026-01-03T11:13:23Z</time>
   </trkpt>
   <trkpt lat="51.4810340" lon="-0.2492470">
    <ele>3.8</ele>
    <time>2026-01-03T11:13:24Z</time>
   </trkpt>
   <trkpt lat="51.4810420" lon="-0.2492500">
    <ele>3.8</ele>
    <time>2026-01-03T11:13:25Z</time>
   </trkpt>
   <trkpt lat="51.4810510" lon="-0.2492530">
    <ele>3.8</ele>
    <time>2026-01-03T11:13:26Z</time>
   </trkpt>
   <trkpt lat="51.4810730" lon="-0.2492570">
    <ele>3.8</ele>
    <time>2026-01-03T11:13:27Z</time>
   </trkpt>
   <trkpt lat="51.4810800" lon="-0.2492570">
    <ele>3.8</ele>
    <time>2026-01-03T11:13:28Z</time>
   </trkpt>
   <trkpt lat="51.4810880" lon="-0.2492580">
    <ele>3.8</ele>
    <time>2026-01-03T11:13:29Z</time>
   </trkpt>
   <trkpt lat="51.4811030" lon="-0.2492570">
    <ele>3.8</ele>
    <time>2026-01-03T11:13:30Z</time>
   </trkpt>
   <trkpt lat="51.4811230" lon="-0.2492600">
    <ele>3.8</ele>
    <time>2026-01-03T11:13:31Z</time>
   </trkpt>
   <trkpt lat="51.4811360" lon="-0.2492590">
    <ele>3.8</ele>
    <time>2026-01-03T11:13:32Z</time>
   </trkpt>
   <trkpt lat="51.4811520" lon="-0.2492610">
    <ele>3.8</ele>
    <time>2026-01-03T11:13:33Z</time>
   </trkpt>
   <trkpt lat="51.4811640" lon="-0.2492620">
    <ele>3.8</ele>
    <time>2026-01-03T11:13:34Z</time>
   </trkpt>
   <trkpt lat="51.4811740" lon="-0.2492620">
    <ele>3.8</ele>
    <time>2026-01-03T11:13:35Z</time>
   </trkpt>
   <trkpt lat="51.4811840" lon="-0.2492660">
    <ele>3.8</ele>
    <time>2026-01-03T11:13:36Z</time>
   </trkpt>
   <trkpt lat="51.4812000" lon="-0.2492680">
    <ele>3.8</ele>
    <time>2026-01-03T11:13:37Z</time>
   </trkpt>
   <trkpt lat="51.4812110" lon="-0.2492770">
    <ele>3.8</ele>
    <time>2026-01-03T11:13:38Z</time>
   </trkpt>
   <trkpt lat="51.4812190" lon="-0.2492770">
    <ele>3.8</ele>
    <time>2026-01-03T11:13:39Z</time>
   </trkpt>
   <trkpt lat="51.4812250" lon="-0.2492880">
    <ele>3.9</ele>
    <time>2026-01-03T11:13:40Z</time>
   </trkpt>
   <trkpt lat="51.4812380" lon="-0.2492860">
    <ele>3.9</ele>
    <time>2026-01-03T11:13:41Z</time>
   </trkpt>
   <trkpt lat="51.4812600" lon="-0.2492830">
    <ele>3.9</ele>
    <time>2026-01-03T11:13:42Z</time>
   </trkpt>
   <trkpt lat="51.4812680" lon="-0.2492820">
    <ele>3.9</ele>
    <time>2026-01-03T11:13:43Z</time>
   </trkpt>
   <trkpt lat="51.4812760" lon="-0.2492800">
    <ele>3.9</ele>
    <time>2026-01-03T11:13:44Z</time>
   </trkpt>
   <trkpt lat="51.4812850" lon="-0.2492840">
    <ele>3.9</ele>
    <time>2026-01-03T11:13:45Z</time>
   </trkpt>
   <trkpt lat="51.4812950" lon="-0.2492880">
    <ele>3.9</ele>
    <time>2026-01-03T11:13:46Z</time>
   </trkpt>
   <trkpt lat="51.4813060" lon="-0.2492910">
    <ele>3.9</ele>
    <time>2026-01-03T11:13:47Z</time>
   </trkpt>
   <trkpt lat="51.4813260" lon="-0.2492920">
    <ele>3.9</ele>
    <time>2026-01-03T11:13:48Z</time>
   </trkpt>
   <trkpt lat="51.4813350" lon="-0.2492940">
    <ele>3.9</ele>
    <time>2026-01-03T11:13:49Z</time>
   </trkpt>
   <trkpt lat="51.4813440" lon="-0.2492960">
    <ele>3.9</ele>
    <time>2026-01-03T11:13:50Z</time>
   </trkpt>
   <trkpt lat="51.4813660" lon="-0.2493030">
    <ele>3.9</ele>
    <time>2026-01-03T11:13:51Z</time>
   </trkpt>
   <trkpt lat="51.4813750" lon="-0.2493010">
    <ele>3.9</ele>
    <time>2026-01-03T11:13:52Z</time>
   </trkpt>
   <trkpt lat="51.4813840" lon="-0.2492990">
    <ele>3.9</ele>
    <time>2026-01-03T11:13:53Z</time>
   </trkpt>
   <trkpt lat="51.4813900" lon="-0.2493000">
    <ele>3.9</ele>
    <time>2026-01-03T11:13:54Z</time>
   </trkpt>
   <trkpt lat="51.4813970" lon="-0.2493020">
    <ele>3.9</ele>
    <time>2026-01-03T11:13:55Z</time>
   </trkpt>
   <trkpt lat="51.4814080" lon="-0.2493090">
    <ele>3.9</ele>
    <time>2026-01-03T11:13:56Z</time>
   </trkpt>
   <trkpt lat="51.4814180" lon="-0.2493000">
    <ele>3.9</ele>
    <time>2026-01-03T11:13:57Z</time>
   </trkpt>
   <trkpt lat="51.4814370" lon="-0.2493070">
    <ele>3.9</ele>
    <time>2026-01-03T11:13:58Z</time>
   </trkpt>
   <trkpt lat="51.4814450" lon="-0.2493110">
    <ele>3.9</ele>
    <time>2026-01-03T11:13:59Z</time>
   </trkpt>
   <trkpt lat="51.4814540" lon="-0.2493140">
    <ele>3.9</ele>
    <time>2026-01-03T11:14:00Z</time>
   </trkpt>
   <trkpt lat="51.4814600" lon="-0.2493140">
    <ele>3.9</ele>
    <time>2026-01-03T11:14:01Z</time>
   </trkpt>
   <trkpt lat="51.4814780" lon="-0.2493170">
    <ele>3.9</ele>
    <time>2026-01-03T11:14:02Z</time>
   </trkpt>
   <trkpt lat="51.4814890" lon="-0.2493160">
    <ele>3.9</ele>
    <time>2026-01-03T11:14:03Z</time>
   </trkpt>
   <trkpt lat="51.4815020" lon="-0.2493150">
    <ele>3.9</ele>
    <time>2026-01-03T11:14:04Z</time>
   </trkpt>
   <trkpt lat="51.4815170" lon="-0.2493080">
    <ele>3.9</ele>
    <time>2026-01-03T11:14:05Z</time>
   </trkpt>
   <trkpt lat="51.4815280" lon="-0.2493020">
    <ele>3.9</ele>
    <time>2026-01-03T11:14:06Z</time>
   </trkpt>
   <trkpt lat="51.4815430" lon="-0.2493100">
    <ele>3.9</ele>
    <time>2026-01-03T11:14:07Z</time>
   </trkpt>
   <trkpt lat="51.4815510" lon="-0.2493090">
    <ele>3.9</ele>
    <time>2026-01-03T11:14:08Z</time>
   </trkpt>
   <trkpt lat="51.4815630" lon="-0.2493180">
    <ele>3.9</ele>
    <time>2026-01-03T11:14:09Z</time>
   </trkpt>
   <trkpt lat="51.4815750" lon="-0.2493180">
    <ele>4.0</ele>
    <time>2026-01-03T11:14:10Z</time>
   </trkpt>
   <trkpt lat="51.4815860" lon="-0.2493190">
    <ele>4.0</ele>
    <time>2026-01-03T11:14:11Z</time>
   </trkpt>
   <trkpt lat="51.4816020" lon="-0.2493170">
    <ele>4.0</ele>
    <time>2026-01-03T11:14:12Z</time>
   </trkpt>
   <trkpt lat="51.4816190" lon="-0.2493090">
    <ele>4.0</ele>
    <time>2026-01-03T11:14:13Z</time>
   </trkpt>
   <trkpt lat="51.4816290" lon="-0.2493060">
    <ele>4.0</ele>
    <time>2026-01-03T11:14:14Z</time>
   </trkpt>
   <trkpt lat="51.4816410" lon="-0.2493030">
    <ele>4.0</ele>
    <time>2026-01-03T11:14:15Z</time>
   </trkpt>
   <trkpt lat="51.4816520" lon="-0.2492980">
    <ele>4.0</ele>
    <time>2026-01-03T11:14:16Z</time>
   </trkpt>
   <trkpt lat="51.4816740" lon="-0.2492980">
    <ele>4.0</ele>
    <time>2026-01-03T11:14:17Z</time>
   </trkpt>
   <trkpt lat="51.4816830" lon="-0.2492960">
    <ele>4.0</ele>
    <time>2026-01-03T11:14:18Z</time>
   </trkpt>
   <trkpt lat="51.4816930" lon="-0.2492950">
    <ele>4.0</ele>
    <time>2026-01-03T11:14:19Z</time>
   </trkpt>
   <trkpt lat="51.4817110" lon="-0.2492940">
    <ele>4.0</ele>
    <time>2026-01-03T11:14:20Z</time>
   </trkpt>
   <trkpt lat="51.4817200" lon="-0.2492950">
    <ele>4.0</ele>
    <time>2026-01-03T11:14:21Z</time>
   </trkpt>
   <trkpt lat="51.4817300" lon="-0.2492950">
    <ele>4.0</ele>
    <time>2026-01-03T11:14:22Z</time>
   </trkpt>
   <trkpt lat="51.4817480" lon="-0.2492910">
    <ele>4.0</ele>
    <time>2026-01-03T11:14:23Z</time>
   </trkpt>
   <trkpt lat="51.4817640" lon="-0.2492860">
    <ele>4.0</ele>
    <time>2026-01-03T11:14:24Z</time>
   </trkpt>
   <trkpt lat="51.4817720" lon="-0.2492810">
    <ele>4.0</ele>
    <time>2026-01-03T11:14:25Z</time>
   </trkpt>
   <trkpt lat="51.4817880" lon="-0.2492850">
    <ele>4.0</ele>
    <time>2026-01-03T11:14:26Z</time>
   </trkpt>
   <trkpt lat="51.4817950" lon="-0.2492870">
    <ele>4.0</ele>
    <time>2026-01-03T11:14:27Z</time>
   </trkpt>
   <trkpt lat="51.4818010" lon="-0.2492880">
    <ele>4.0</ele>
    <time>2026-01-03T11:14:28Z</time>
   </trkpt>
   <trkpt lat="51.4818120" lon="-0.2492900">
    <ele>4.0</ele>
    <time>2026-01-03T11:14:29Z</time>
   </trkpt>
   <trkpt lat="51.4818230" lon="-0.2492920">
    <ele>4.0</ele>
    <time>2026-01-03T11:14:30Z</time>
   </trkpt>
   <trkpt lat="51.4818340" lon="-0.2492950">
    <ele>4.0</ele>
    <time>2026-01-03T11:14:31Z</time>
   </trkpt>
   <trkpt lat="51.4818490" lon="-0.2492970">
    <ele>4.0</ele>
    <time>2026-01-03T11:14:32Z</time>
   </trkpt>
   <trkpt lat="51.4818590" lon="-0.2492970">
    <ele>4.0</ele>
    <time>2026-01-03T11:14:33Z</time>
   </trkpt>
   <trkpt lat="51.4818780" lon="-0.2493010">
    <ele>4.0</ele>
    <time>2026-01-03T11:14:34Z</time>
   </trkpt>
   <trkpt lat="51.4818870" lon="-0.2493030">
    <ele>4.0</ele>
    <time>2026-01-03T11:14:35Z</time>
   </trkpt>
   <trkpt lat="51.4818980" lon="-0.2493030">
    <ele>4.0</ele>
    <time>2026-01-03T11:14:36Z</time>
   </trkpt>
   <trkpt lat="51.4819100" lon="-0.2493050">
    <ele>4.0</ele>
    <time>2026-01-03T11:14:37Z</time>
   </trkpt>
   <trkpt lat="51.4819200" lon="-0.2493050">
    <ele>4.0</ele>
    <time>2026-01-03T11:14:38Z</time>
   </trkpt>
   <trkpt lat="51.4819400" lon="-0.2493070">
    <ele>4.0</ele>
    <time>2026-01-03T11:14:39Z</time>
   </trkpt>
   <trkpt lat="51.4819500" lon="-0.2493060">
    <ele>4.0</ele>
    <time>2026-01-03T11:14:40Z</time>
   </trkpt>
   <trkpt lat="51.4819600" lon="-0.2493050">
    <ele>4.0</ele>
    <time>2026-01-03T11:14:41Z</time>
   </trkpt>
   <trkpt lat="51.4819710" lon="-0.2493020">
    <ele>4.0</ele>
    <time>2026-01-03T11:14:42Z</time>
   </trkpt>
   <trkpt lat="51.4819910" lon="-0.2492970">
    <ele>4.0</ele>
    <time>2026-01-03T11:14:43Z</time>
   </trkpt>
   <trkpt lat="51.4820030" lon="-0.2492890">
    <ele>4.0</ele>
    <time>2026-01-03T11:14:44Z</time>
   </trkpt>
   <trkpt lat="51.4820170" lon="-0.2492840">
    <ele>4.0</ele>
    <time>2026-01-03T11:14:45Z</time>
   </trkpt>
   <trkpt lat="51.4820280" lon="-0.2492820">
    <ele>4.0</ele>
    <time>2026-01-03T11:14:46Z</time>
   </trkpt>
   <trkpt lat="51.4820410" lon="-0.2492790">
    <ele>4.0</ele>
    <time>2026-01-03T11:14:47Z</time>
   </trkpt>
   <trkpt lat="51.4820520" lon="-0.2492770">
    <ele>4.0</ele>
    <time>2026-01-03T11:14:48Z</time>
   </trkpt>
   <trkpt lat="51.4820650" lon="-0.2492730">
    <ele>4.0</ele>
    <time>2026-01-03T11:14:49Z</time>
   </trkpt>
   <trkpt lat="51.4820810" lon="-0.2492720">
    <ele>4.0</ele>
    <time>2026-01-03T11:14:50Z</time>
   </trkpt>
   <trkpt lat="51.4820910" lon="-0.2492610">
    <ele>4.0</ele>
    <time>2026-01-03T11:14:51Z</time>
   </trkpt>
   <trkpt lat="51.4821070" lon="-0.2492600">
    <ele>4.0</ele>
    <time>2026-01-03T11:14:52Z</time>
   </trkpt>
   <trkpt lat="51.4821140" lon="-0.2492560">
    <ele>4.0</ele>
    <time>2026-01-03T11:14:53Z</time>
   </trkpt>
   <trkpt lat="51.4821220" lon="-0.2492560">
    <ele>4.0</ele>
    <time>2026-01-03T11:14:54Z</time>
   </trkpt>
   <trkpt lat="51.4821290" lon="-0.2492570">
    <ele>4.0</ele>
    <time>2026-01-03T11:14:55Z</time>
   </trkpt>
   <trkpt lat="51.4821370" lon="-0.2492580">
    <ele>4.0</ele>
    <time>2026-01-03T11:14:56Z</time>
   </trkpt>
   <trkpt lat="51.4821490" lon="-0.2492600">
    <ele>4.0</ele>
    <time>2026-01-03T11:14:57Z</time>
   </trkpt>
   <trkpt lat="51.4821570" lon="-0.2492550">
    <ele>4.0</ele>
    <time>2026-01-03T11:14:58Z</time>
   </trkpt>
   <trkpt lat="51.4821700" lon="-0.2492520">
    <ele>4.0</ele>
    <time>2026-01-03T11:14:59Z</time>
   </trkpt>
   <trkpt lat="51.4821810" lon="-0.2492460">
    <ele>4.0</ele>
    <time>2026-01-03T11:15:00Z</time>
   </trkpt>
   <trkpt lat="51.4821900" lon="-0.2492370">
    <ele>4.0</ele>
    <time>2026-01-03T11:15:01Z</time>
   </trkpt>
   <trkpt lat="51.4821970" lon="-0.2492390">
    <ele>4.0</ele>
    <time>2026-01-03T11:15:02Z</time>
   </trkpt>
   <trkpt lat="51.4822070" lon="-0.2492420">
    <ele>4.0</ele>
    <time>2026-01-03T11:15:03Z</time>
   </trkpt>
   <trkpt lat="51.4822180" lon="-0.2492420">
    <ele>4.0</ele>
    <time>2026-01-03T11:15:04Z</time>
   </trkpt>
   <trkpt lat="51.4822270" lon="-0.2492280">
    <ele>4.0</ele>
    <time>2026-01-03T11:15:05Z</time>
   </trkpt>
   <trkpt lat="51.4822370" lon="-0.2492210">
    <ele>4.0</ele>
    <time>2026-01-03T11:15:06Z</time>
   </trkpt>
   <trkpt lat="51.4822480" lon="-0.2492240">
    <ele>4.0</ele>
    <time>2026-01-03T11:15:07Z</time>
   </trkpt>
   <trkpt lat="51.4822620" lon="-0.2492210">
    <ele>4.0</ele>
    <time>2026-01-03T11:15:08Z</time>
   </trkpt>
   <trkpt lat="51.4822820" lon="-0.2492160">
    <ele>4.0</ele>
    <time>2026-01-03T11:15:09Z</time>
   </trkpt>
   <trkpt lat="51.4822920" lon="-0.2492150">
    <ele>4.0</ele>
    <time>2026-01-03T11:15:10Z</time>
   </trkpt>
   <trkpt lat="51.4823010" lon="-0.2492140">
    <ele>4.0</ele>
    <time>2026-01-03T11:15:11Z</time>
   </trkpt>
   <trkpt lat="51.4823080" lon="-0.2492100">
    <ele>4.0</ele>
    <time>2026-01-03T11:15:12Z</time>
   </trkpt>
   <trkpt lat="51.4823180" lon="-0.2492020">
    <ele>4.0</ele>
    <time>2026-01-03T11:15:13Z</time>
   </trkpt>
   <trkpt lat="51.4823340" lon="-0.2492030">
    <ele>4.0</ele>
    <time>2026-01-03T11:15:14Z</time>
   </trkpt>
   <trkpt lat="51.4823440" lon="-0.2492060">
    <ele>4.0</ele>
    <time>2026-01-03T11:15:15Z</time>
   </trkpt>
   <trkpt lat="51.4823530" lon="-0.2492030">
    <ele>4.0</ele>
    <time>2026-01-03T11:15:16Z</time>
   </trkpt>
   <trkpt lat="51.4823630" lon="-0.2491990">
    <ele>4.0</ele>
    <time>2026-01-03T11:15:17Z</time>
   </trkpt>
   <trkpt lat="51.4823790" lon="-0.2491990">
    <ele>4.0</ele>
    <time>2026-01-03T11:15:18Z</time>
   </trkpt>
   <trkpt lat="51.4823930" lon="-0.2491930">
    <ele>4.0</ele>
    <time>2026-01-03T11:15:19Z</time>
   </trkpt>
   <trkpt lat="51.4824120" lon="-0.2491840">
    <ele>4.1</ele>
    <time>2026-01-03T11:15:20Z</time>
   </trkpt>
   <trkpt lat="51.4824210" lon="-0.2491780">
    <ele>4.1</ele>
    <time>2026-01-03T11:15:21Z</time>
   </trkpt>
   <trkpt lat="51.4824300" lon="-0.2491730">
    <ele>4.1</ele>
    <time>2026-01-03T11:15:22Z</time>
   </trkpt>
   <trkpt lat="51.4824460" lon="-0.2491620">
    <ele>4.1</ele>
    <time>2026-01-03T11:15:23Z</time>
   </trkpt>
   <trkpt lat="51.4824560" lon="-0.2491610">
    <ele>4.1</ele>
    <time>2026-01-03T11:15:24Z</time>
   </trkpt>
   <trkpt lat="51.4824660" lon="-0.2491590">
    <ele>4.1</ele>
    <time>2026-01-03T11:15:25Z</time>
   </trkpt>
   <trkpt lat="51.4824780" lon="-0.2491580">
    <ele>4.1</ele>
    <time>2026-01-03T11:15:26Z</time>
   </trkpt>
   <trkpt lat="51.4824930" lon="-0.2491580">
    <ele>4.1</ele>
    <time>2026-01-03T11:15:27Z</time>
   </trkpt>
   <trkpt lat="51.4825000" lon="-0.2491620">
    <ele>4.1</ele>
    <time>2026-01-03T11:15:28Z</time>
   </trkpt>
   <trkpt lat="51.4825070" lon="-0.2491630">
    <ele>4.1</ele>
    <time>2026-01-03T11:15:29Z</time>
   </trkpt>
   <trkpt lat="51.4825180" lon="-0.2491610">
    <ele>4.1</ele>
    <time>2026-01-03T11:15:30Z</time>
   </trkpt>
   <trkpt lat="51.4825320" lon="-0.2491560">
    <ele>4.1</ele>
    <time>2026-01-03T11:15:31Z</time>
   </trkpt>
   <trkpt lat="51.4825520" lon="-0.2491510">
    <ele>4.1</ele>
    <time>2026-01-03T11:15:32Z</time>
   </trkpt>
   <trkpt lat="51.4825600" lon="-0.2491450">
    <ele>4.1</ele>
    <time>2026-01-03T11:15:33Z</time>
   </trkpt>
   <trkpt lat="51.4825670" lon="-0.2491400">
    <ele>4.1</ele>
    <time>2026-01-03T11:15:34Z</time>
   </trkpt>
   <trkpt lat="51.4825900" lon="-0.2491300">
    <ele>4.1</ele>
    <time>2026-01-03T11:15:35Z</time>
   </trkpt>
   <trkpt lat="51.4825990" lon="-0.2491280">
    <ele>4.1</ele>
    <time>2026-01-03T11:15:36Z</time>
   </trkpt>
   <trkpt lat="51.4826070" lon="-0.2491270">
    <ele>4.1</ele>
    <time>2026-01-03T11:15:37Z</time>
   </trkpt>
   <trkpt lat="51.4826250" lon="-0.2491140">
    <ele>4.1</ele>
    <time>2026-01-03T11:15:38Z</time>
   </trkpt>
   <trkpt lat="51.4826340" lon="-0.2491110">
    <ele>4.1</ele>
    <time>2026-01-03T11:15:39Z</time>
   </trkpt>
   <trkpt lat="51.4826440" lon="-0.2491070">
    <ele>4.1</ele>
    <time>2026-01-03T11:15:40Z</time>
   </trkpt>
   <trkpt lat="51.4826640" lon="-0.2491010">
    <ele>4.1</ele>
    <time>2026-01-03T11:15:41Z</time>
   </trkpt>
   <trkpt lat="51.4826730" lon="-0.2491010">
    <ele>4.1</ele>
    <time>2026-01-03T11:15:42Z</time>
   </trkpt>
   <trkpt lat="51.4826810" lon="-0.2491000">
    <ele>4.1</ele>
    <time>2026-01-03T11:15:43Z</time>
   </trkpt>
   <trkpt lat="51.4826910" lon="-0.2491000">
    <ele>4.1</ele>
    <time>2026-01-03T11:15:44Z</time>
   </trkpt>
   <trkpt lat="51.4827000" lon="-0.2490950">
    <ele>4.1</ele>
    <time>2026-01-03T11:15:45Z</time>
   </trkpt>
   <trkpt lat="51.4827140" lon="-0.2490930">
    <ele>4.1</ele>
    <time>2026-01-03T11:15:46Z</time>
   </trkpt>
   <trkpt lat="51.4827280" lon="-0.2490860">
    <ele>4.1</ele>
    <time>2026-01-03T11:15:47Z</time>
   </trkpt>
   <trkpt lat="51.4827390" lon="-0.2490790">
    <ele>4.1</ele>
    <time>2026-01-03T11:15:48Z</time>
   </trkpt>
   <trkpt lat="51.4827610" lon="-0.2490730">
    <ele>4.1</ele>
    <time>2026-01-03T11:15:49Z</time>
   </trkpt>
   <trkpt lat="51.4827710" lon="-0.2490720">
    <ele>4.1</ele>
    <time>2026-01-03T11:15:50Z</time>
   </trkpt>
   <trkpt lat="51.4827820" lon="-0.2490720">
    <ele>4.1</ele>
    <time>2026-01-03T11:15:51Z</time>
   </trkpt>
   <trkpt lat="51.4827880" lon="-0.2490680">
    <ele>4.1</ele>
    <time>2026-01-03T11:15:52Z</time>
   </trkpt>
   <trkpt lat="51.4828020" lon="-0.2490600">
    <ele>4.1</ele>
    <time>2026-01-03T11:15:53Z</time>
   </trkpt>
   <trkpt lat="51.4828140" lon="-0.2490530">
    <ele>4.1</ele>
    <time>2026-01-03T11:15:54Z</time>
   </trkpt>
   <trkpt lat="51.4828300" lon="-0.2490450">
    <ele>4.1</ele>
    <time>2026-01-03T11:15:55Z</time>
   </trkpt>
   <trkpt lat="51.4828420" lon="-0.2490390">
    <ele>4.1</ele>
    <time>2026-01-03T11:15:56Z</time>
   </trkpt>
   <trkpt lat="51.4828640" lon="-0.2490270">
    <ele>4.1</ele>
    <time>2026-01-03T11:15:57Z</time>
   </trkpt>
   <trkpt lat="51.4828720" lon="-0.2490220">
    <ele>4.2</ele>
    <time>2026-01-03T11:15:58Z</time>
   </trkpt>
   <trkpt lat="51.4828810" lon="-0.2490170">
    <ele>4.2</ele>
    <time>2026-01-03T11:15:59Z</time>
   </trkpt>
   <trkpt lat="51.4828900" lon="-0.2490070">
    <ele>4.2</ele>
    <time>2026-01-03T11:16:00Z</time>
   </trkpt>
   <trkpt lat="51.4828950" lon="-0.2490020">
    <ele>4.2</ele>
    <time>2026-01-03T11:16:01Z</time>
   </trkpt>
   <trkpt lat="51.4829060" lon="-0.2489900">
    <ele>4.2</ele>
    <time>2026-01-03T11:16:02Z</time>
   </trkpt>
   <trkpt lat="51.4829180" lon="-0.2489830">
    <ele>4.2</ele>
    <time>2026-01-03T11:16:03Z</time>
   </trkpt>
   <trkpt lat="51.4829290" lon="-0.2489830">
    <ele>4.2</ele>
    <time>2026-01-03T11:16:04Z</time>
   </trkpt>
   <trkpt lat="51.4829400" lon="-0.2489750">
    <ele>4.2</ele>
    <time>2026-01-03T11:16:05Z</time>
   </trkpt>
   <trkpt lat="51.4829580" lon="-0.2489620">
    <ele>4.2</ele>
    <time>2026-01-03T11:16:06Z</time>
   </trkpt>
   <trkpt lat="51.4829660" lon="-0.2489570">
    <ele>4.2</ele>
    <time>2026-01-03T11:16:07Z</time>
   </trkpt>
   <trkpt lat="51.4829740" lon="-0.2489530">
    <ele>4.2</ele>
    <time>2026-01-03T11:16:08Z</time>
   </trkpt>
   <trkpt lat="51.4829850" lon="-0.2489470">
    <ele>4.2</ele>
    <time>2026-01-03T11:16:09Z</time>
   </trkpt>
   <trkpt lat="51.4829960" lon="-0.2489380">
    <ele>4.2</ele>
    <time>2026-01-03T11:16:10Z</time>
   </trkpt>
   <trkpt lat="51.4830040" lon="-0.2489340">
    <ele>4.2</ele>
    <time>2026-01-03T11:16:11Z</time>
   </trkpt>
   <trkpt lat="51.4830140" lon="-0.2489290">
    <ele>4.2</ele>
    <time>2026-01-03T11:16:12Z</time>
   </trkpt>
   <trkpt lat="51.4830260" lon="-0.2489210">
    <ele>4.2</ele>
    <time>2026-01-03T11:16:13Z</time>
   </trkpt>
   <trkpt lat="51.4830350" lon="-0.2489150">
    <ele>4.2</ele>
    <time>2026-01-03T11:16:14Z</time>
   </trkpt>
   <trkpt lat="51.4830450" lon="-0.2489070">
    <ele>4.2</ele>
    <time>2026-01-03T11:16:15Z</time>
   </trkpt>
   <trkpt lat="51.4830580" lon="-0.2488970">
    <ele>4.2</ele>
    <time>2026-01-03T11:16:16Z</time>
   </trkpt>
   <trkpt lat="51.4830660" lon="-0.2488880">
    <ele>4.2</ele>
    <time>2026-01-03T11:16:17Z</time>
   </trkpt>
   <trkpt lat="51.4830760" lon="-0.2488790">
    <ele>4.2</ele>
    <time>2026-01-03T11:16:18Z</time>
   </trkpt>
   <trkpt lat="51.4830910" lon="-0.2488670">
    <ele>4.2</ele>
    <time>2026-01-03T11:16:19Z</time>
   </trkpt>
   <trkpt lat="51.4831020" lon="-0.2488660">
    <ele>4.2</ele>
    <time>2026-01-03T11:16:20Z</time>
   </trkpt>
   <trkpt lat="51.4831120" lon="-0.2488620">
    <ele>4.2</ele>
    <time>2026-01-03T11:16:21Z</time>
   </trkpt>
   <trkpt lat="51.4831240" lon="-0.2488550">
    <ele>4.2</ele>
    <time>2026-01-03T11:16:22Z</time>
   </trkpt>
   <trkpt lat="51.4831300" lon="-0.2488460">
    <ele>4.2</ele>
    <time>2026-01-03T11:16:23Z</time>
   </trkpt>
   <trkpt lat="51.4831420" lon="-0.2488350">
    <ele>4.2</ele>
    <time>2026-01-03T11:16:24Z</time>
   </trkpt>
   <trkpt lat="51.4831510" lon="-0.2488260">
    <ele>4.2</ele>
    <time>2026-01-03T11:16:25Z</time>
   </trkpt>
   <trkpt lat="51.4831670" lon="-0.2488160">
    <ele>4.2</ele>
    <time>2026-01-03T11:16:26Z</time>
   </trkpt>
   <trkpt lat="51.4831780" lon="-0.2488130">
    <ele>4.2</ele>
    <time>2026-01-03T11:16:27Z</time>
   </trkpt>
   <trkpt lat="51.4831880" lon="-0.2488090">
    <ele>4.2</ele>
    <time>2026-01-03T11:16:28Z</time>
   </trkpt>
   <trkpt lat="51.4831970" lon="-0.2488020">
    <ele>4.2</ele>
    <time>2026-01-03T11:16:29Z</time>
   </trkpt>
   <trkpt lat="51.4832060" lon="-0.2487940">
    <ele>4.2</ele>
    <time>2026-01-03T11:16:30Z</time>
   </trkpt>
   <trkpt lat="51.4832110" lon="-0.2487840">
    <ele>4.2</ele>
    <time>2026-01-03T11:16:31Z</time>
   </trkpt>
   <trkpt lat="51.4832300" lon="-0.2487780">
    <ele>4.2</ele>
    <time>2026-01-03T11:16:32Z</time>
   </trkpt>
   <trkpt lat="51.4832390" lon="-0.2487730">
    <ele>4.2</ele>
    <time>2026-01-03T11:16:33Z</time>
   </trkpt>
   <trkpt lat="51.4832470" lon="-0.2487690">
    <ele>4.2</ele>
    <time>2026-01-03T11:16:34Z</time>
   </trkpt>
   <trkpt lat="51.4832630" lon="-0.2487590">
    <ele>4.3</ele>
    <time>2026-01-03T11:16:35Z</time>
   </trkpt>
   <trkpt lat="51.4832730" lon="-0.2487520">
    <ele>4.3</ele>
    <time>2026-01-03T11:16:36Z</time>
   </trkpt>
   <trkpt lat="51.4832770" lon="-0.2487460">
    <ele>4.3</ele>
    <time>2026-01-03T11:16:37Z</time>
   </trkpt>
   <trkpt lat="51.4832900" lon="-0.2487350">
    <ele>4.3</ele>
    <time>2026-01-03T11:16:38Z</time>
   </trkpt>
   <trkpt lat="51.4833030" lon="-0.2487300">
    <ele>4.3</ele>
    <time>2026-01-03T11:16:39Z</time>
   </trkpt>
   <trkpt lat="51.4833230" lon="-0.2487170">
    <ele>4.3</ele>
    <time>2026-01-03T11:16:40Z</time>
   </trkpt>
   <trkpt lat="51.4833320" lon="-0.2487120">
    <ele>4.3</ele>
    <time>2026-01-03T11:16:41Z</time>
   </trkpt>
   <trkpt lat="51.4833410" lon="-0.2487060">
    <ele>4.3</ele>
    <time>2026-01-03T11:16:42Z</time>
   </trkpt>
   <trkpt lat="51.4833540" lon="-0.2486950">
    <ele>4.3</ele>
    <time>2026-01-03T11:16:43Z</time>
   </trkpt>
   <trkpt lat="51.4833620" lon="-0.2486930">
    <ele>4.3</ele>
    <time>2026-01-03T11:16:44Z</time>
   </trkpt>
   <trkpt lat="51.4833690" lon="-0.2486860">
    <ele>4.3</ele>
    <time>2026-01-03T11:16:45Z</time>
   </trkpt>
   <trkpt lat="51.4833870" lon="-0.2486730">
    <ele>4.3</ele>
    <time>2026-01-03T11:16:46Z</time>
   </trkpt>
   <trkpt lat="51.4833940" lon="-0.2486680">
    <ele>4.3</ele>
    <time>2026-01-03T11:16:47Z</time>
   </trkpt>
   <trkpt lat="51.4834020" lon="-0.2486620">
    <ele>4.3</ele>
    <time>2026-01-03T11:16:48Z</time>
   </trkpt>
   <trkpt lat="51.4834150" lon="-0.2486540">
    <ele>4.3</ele>
    <time>2026-01-03T11:16:49Z</time>
   </trkpt>
   <trkpt lat="51.4834310" lon="-0.2486400">
    <ele>4.3</ele>
    <time>2026-01-03T11:16:50Z</time>
   </trkpt>
   <trkpt lat="51.4834340" lon="-0.2486310">
    <ele>4.3</ele>
    <time>2026-01-03T11:16:51Z</time>
   </trkpt>
   <trkpt lat="51.4834430" lon="-0.2486240">
    <ele>4.3</ele>
    <time>2026-01-03T11:16:52Z</time>
   </trkpt>
   <trkpt lat="51.4834610" lon="-0.2486120">
    <ele>4.3</ele>
    <time>2026-01-03T11:16:53Z</time>
   </trkpt>
   <trkpt lat="51.4834710" lon="-0.2486050">
    <ele>4.3</ele>
    <time>2026-01-03T11:16:54Z</time>
   </trkpt>
   <trkpt lat="51.4834760" lon="-0.2486030">
    <ele>4.3</ele>
    <time>2026-01-03T11:16:55Z</time>
   </trkpt>
   <trkpt lat="51.4834830" lon="-0.2485980">
    <ele>4.3</ele>
    <time>2026-01-03T11:16:56Z</time>
   </trkpt>
   <trkpt lat="51.4834940" lon="-0.2485870">
    <ele>4.3</ele>
    <time>2026-01-03T11:16:57Z</time>
   </trkpt>
   <trkpt lat="51.4835040" lon="-0.2485690">
    <ele>4.3</ele>
    <time>2026-01-03T11:16:58Z</time>
   </trkpt>
   <trkpt lat="51.4835150" lon="-0.2485570">
    <ele>4.3</ele>
    <time>2026-01-03T11:16:59Z</time>
   </trkpt>
   <trkpt lat="51.4835270" lon="-0.2485410">
    <ele>4.3</ele>
    <time>2026-01-03T11:17:00Z</time>
   </trkpt>
   <trkpt lat="51.4835380" lon="-0.2485300">
    <ele>4.3</ele>
    <time>2026-01-03T11:17:01Z</time>
   </trkpt>
   <trkpt lat="51.4835540" lon="-0.2485120">
    <ele>4.3</ele>
    <time>2026-01-03T11:17:02Z</time>
   </trkpt>
   <trkpt lat="51.4835630" lon="-0.2485060">
    <ele>4.3</ele>
    <time>2026-01-03T11:17:03Z</time>
   </trkpt>
   <trkpt lat="51.4835730" lon="-0.2484990">
    <ele>4.3</ele>
    <time>2026-01-03T11:17:04Z</time>
   </trkpt>
   <trkpt lat="51.4835940" lon="-0.2484870">
    <ele>4.3</ele>
    <time>2026-01-03T11:17:05Z</time>
   </trkpt>
   <trkpt lat="51.4836030" lon="-0.2484820">
    <ele>4.3</ele>
    <time>2026-01-03T11:17:06Z</time>
   </trkpt>
   <trkpt lat="51.4836120" lon="-0.2484770">
    <ele>4.3</ele>
    <time>2026-01-03T11:17:07Z</time>
   </trkpt>
   <trkpt lat="51.4836200" lon="-0.2484730">
    <ele>4.3</ele>
    <time>2026-01-03T11:17:08Z</time>
   </trkpt>
   <trkpt lat="51.4836310" lon="-0.2484650">
    <ele>4.3</ele>
    <time>2026-01-03T11:17:09Z</time>
   </trkpt>
   <trkpt lat="51.4836440" lon="-0.2484550">
    <ele>4.3</ele>
    <time>2026-01-03T11:17:10Z</time>
   </trkpt>
   <trkpt lat="51.4836600" lon="-0.2484420">
    <ele>4.3</ele>
    <time>2026-01-03T11:17:11Z</time>
   </trkpt>
   <trkpt lat="51.4836690" lon="-0.2484350">
    <ele>4.3</ele>
    <time>2026-01-03T11:17:12Z</time>
   </trkpt>
   <trkpt lat="51.4836780" lon="-0.2484290">
    <ele>4.3</ele>
    <time>2026-01-03T11:17:13Z</time>
   </trkpt>
   <trkpt lat="51.4836840" lon="-0.2484240">
    <ele>4.3</ele>
    <time>2026-01-03T11:17:14Z</time>
   </trkpt>
   <trkpt lat="51.4836930" lon="-0.2484160">
    <ele>4.3</ele>
    <time>2026-01-03T11:17:15Z</time>
   </trkpt>
   <trkpt lat="51.4837010" lon="-0.2484060">
    <ele>4.3</ele>
    <time>2026-01-03T11:17:16Z</time>
   </trkpt>
   <trkpt lat="51.4837110" lon="-0.2483930">
    <ele>4.3</ele>
    <time>2026-01-03T11:17:17Z</time>
   </trkpt>
   <trkpt lat="51.4837260" lon="-0.2483770">
    <ele>4.3</ele>
    <time>2026-01-03T11:17:18Z</time>
   </trkpt>
   <trkpt lat="51.4837430" lon="-0.2483610">
    <ele>4.3</ele>
    <time>2026-01-03T11:17:19Z</time>
   </trkpt>
   <trkpt lat="51.4837520" lon="-0.2483530">
    <ele>4.4</ele>
    <time>2026-01-03T11:17:20Z</time>
   </trkpt>
   <trkpt lat="51.4837610" lon="-0.2483450">
    <ele>4.4</ele>
    <time>2026-01-03T11:17:21Z</time>
   </trkpt>
   <trkpt lat="51.4837660" lon="-0.2483370">
    <ele>4.4</ele>
    <time>2026-01-03T11:17:22Z</time>
   </trkpt>
   <trkpt lat="51.4837780" lon="-0.2483210">
    <ele>4.4</ele>
    <time>2026-01-03T11:17:23Z</time>
   </trkpt>
   <trkpt lat="51.4837880" lon="-0.2483080">
    <ele>4.4</ele>
    <time>2026-01-03T11:17:24Z</time>
   </trkpt>
   <trkpt lat="51.4837950" lon="-0.2483050">
    <ele>4.4</ele>
    <time>2026-01-03T11:17:25Z</time>
   </trkpt>
   <trkpt lat="51.4838020" lon="-0.2483020">
    <ele>4.4</ele>
    <time>2026-01-03T11:17:26Z</time>
   </trkpt>
   <trkpt lat="51.4838110" lon="-0.2482960">
    <ele>4.4</ele>
    <time>2026-01-03T11:17:27Z</time>
   </trkpt>
   <trkpt lat="51.4838210" lon="-0.2482890">
    <ele>4.4</ele>
    <time>2026-01-03T11:17:28Z</time>
   </trkpt>
   <trkpt lat="51.4838350" lon="-0.2482790">
    <ele>4.4</ele>
    <time>2026-01-03T11:17:29Z</time>
   </trkpt>
   <trkpt lat="51.4838450" lon="-0.2482680">
    <ele>4.4</ele>
    <time>2026-01-03T11:17:30Z</time>
   </trkpt>
   <trkpt lat="51.4838460" lon="-0.2482620">
    <ele>4.4</ele>
    <time>2026-01-03T11:17:31Z</time>
   </trkpt>
   <trkpt lat="51.4838510" lon="-0.2482460">
    <ele>4.4</ele>
    <time>2026-01-03T11:17:32Z</time>
   </trkpt>
   <trkpt lat="51.4838630" lon="-0.2482290">
    <ele>4.4</ele>
    <time>2026-01-03T11:17:33Z</time>
   </trkpt>
   <trkpt lat="51.4838730" lon="-0.2482120">
    <ele>4.4</ele>
    <time>2026-01-03T11:17:34Z</time>
   </trkpt>
   <trkpt lat="51.4838860" lon="-0.2481950">
    <ele>4.4</ele>
    <time>2026-01-03T11:17:35Z</time>
   </trkpt>
   <trkpt lat="51.4839070" lon="-0.2481790">
    <ele>4.4</ele>
    <time>2026-01-03T11:17:36Z</time>
   </trkpt>
   <trkpt lat="51.4839130" lon="-0.2481740">
    <ele>4.4</ele>
    <time>2026-01-03T11:17:37Z</time>
   </trkpt>
   <trkpt lat="51.4839190" lon="-0.2481690">
    <ele>4.4</ele>
    <time>2026-01-03T11:17:38Z</time>
   </trkpt>
   <trkpt lat="51.4839360" lon="-0.2481610">
    <ele>4.4</ele>
    <time>2026-01-03T11:17:39Z</time>
   </trkpt>
   <trkpt lat="51.4839420" lon="-0.2481560">
    <ele>4.4</ele>
    <time>2026-01-03T11:17:40Z</time>
   </trkpt>
   <trkpt lat="51.4839510" lon="-0.2481460">
    <ele>4.4</ele>
    <time>2026-01-03T11:17:41Z</time>
   </trkpt>
   <trkpt lat="51.4839640" lon="-0.2481230">
    <ele>4.4</ele>
    <time>2026-01-03T11:17:42Z</time>
   </trkpt>
   <trkpt lat="51.4839710" lon="-0.2481130">
    <ele>4.4</ele>
    <time>2026-01-03T11:17:43Z</time>
   </trkpt>
   <trkpt lat="51.4839770" lon="-0.2481030">
    <ele>4.4</ele>
    <time>2026-01-03T11:17:44Z</time>
   </trkpt>
   <trkpt lat="51.4839870" lon="-0.2480920">
    <ele>4.4</ele>
    <time>2026-01-03T11:17:45Z</time>
   </trkpt>
   <trkpt lat="51.4839950" lon="-0.2480820">
    <ele>4.4</ele>
    <time>2026-01-03T11:17:46Z</time>
   </trkpt>
   <trkpt lat="51.4840040" lon="-0.2480760">
    <ele>4.4</ele>
    <time>2026-01-03T11:17:47Z</time>
   </trkpt>
   <trkpt lat="51.4840130" lon="-0.2480710">
    <ele>4.4</ele>
    <time>2026-01-03T11:17:48Z</time>
   </trkpt>
   <trkpt lat="51.4840270" lon="-0.2480530">
    <ele>4.4</ele>
    <time>2026-01-03T11:17:49Z</time>
   </trkpt>
   <trkpt lat="51.4840380" lon="-0.2480330">
    <ele>4.4</ele>
    <time>2026-01-03T11:17:50Z</time>
   </trkpt>
   <trkpt lat="51.4840470" lon="-0.2480150">
    <ele>4.4</ele>
    <time>2026-01-03T11:17:51Z</time>
   </trkpt>
   <trkpt lat="51.4840560" lon="-0.2479990">
    <ele>4.4</ele>
    <time>2026-01-03T11:17:52Z</time>
   </trkpt>
   <trkpt lat="51.4840650" lon="-0.2479930">
    <ele>4.4</ele>
    <time>2026-01-03T11:17:53Z</time>
   </trkpt>
   <trkpt lat="51.4840690" lon="-0.2479880">
    <ele>4.4</ele>
    <time>2026-01-03T11:17:54Z</time>
   </trkpt>
   <trkpt lat="51.4840820" lon="-0.2479760">
    <ele>4.4</ele>
    <time>2026-01-03T11:17:55Z</time>
   </trkpt>
   <trkpt lat="51.4840920" lon="-0.2479620">
    <ele>4.4</ele>
    <time>2026-01-03T11:17:56Z</time>
   </trkpt>
   <trkpt lat="51.4841030" lon="-0.2479500">
    <ele>4.4</ele>
    <time>2026-01-03T11:17:57Z</time>
   </trkpt>
   <trkpt lat="51.4841160" lon="-0.2479360">
    <ele>4.4</ele>
    <time>2026-01-03T11:17:58Z</time>
   </trkpt>
   <trkpt lat="51.4841220" lon="-0.2479270">
    <ele>4.4</ele>
    <time>2026-01-03T11:17:59Z</time>
   </trkpt>
   <trkpt lat="51.4841290" lon="-0.2479110">
    <ele>4.4</ele>
    <time>2026-01-03T11:18:00Z</time>
   </trkpt>
   <trkpt lat="51.4841340" lon="-0.2479010">
    <ele>4.4</ele>
    <time>2026-01-03T11:18:01Z</time>
   </trkpt>
   <trkpt lat="51.4841440" lon="-0.2478830">
    <ele>4.4</ele>
    <time>2026-01-03T11:18:02Z</time>
   </trkpt>
   <trkpt lat="51.4841550" lon="-0.2478680">
    <ele>4.4</ele>
    <time>2026-01-03T11:18:03Z</time>
   </trkpt>
   <trkpt lat="51.4841680" lon="-0.2478630">
    <ele>4.4</ele>
    <time>2026-01-03T11:18:04Z</time>
   </trkpt>
   <trkpt lat="51.4841780" lon="-0.2478600">
    <ele>4.4</ele>
    <time>2026-01-03T11:18:05Z</time>
   </trkpt>
   <trkpt lat="51.4841890" lon="-0.2478490">
    <ele>4.4</ele>
    <time>2026-01-03T11:18:06Z</time>
   </trkpt>
   <trkpt lat="51.4842090" lon="-0.2478290">
    <ele>4.4</ele>
    <time>2026-01-03T11:18:07Z</time>
   </trkpt>
   <trkpt lat="51.4842170" lon="-0.2478240">
    <ele>4.4</ele>
    <time>2026-01-03T11:18:08Z</time>
   </trkpt>
   <trkpt lat="51.4842260" lon="-0.2478180">
    <ele>4.4</ele>
    <time>2026-01-03T11:18:09Z</time>
   </trkpt>
   <trkpt lat="51.4842360" lon="-0.2478070">
    <ele>4.4</ele>
    <time>2026-01-03T11:18:10Z</time>
   </trkpt>
   <trkpt lat="51.4842460" lon="-0.2477980">
    <ele>4.4</ele>
    <time>2026-01-03T11:18:11Z</time>
   </trkpt>
   <trkpt lat="51.4842540" lon="-0.2477860">
    <ele>4.4</ele>
    <time>2026-01-03T11:18:12Z</time>
   </trkpt>
   <trkpt lat="51.4842650" lon="-0.2477610">
    <ele>4.4</ele>
    <time>2026-01-03T11:18:13Z</time>
   </trkpt>
   <trkpt lat="51.4842710" lon="-0.2477480">
    <ele>4.4</ele>
    <time>2026-01-03T11:18:14Z</time>
   </trkpt>
   <trkpt lat="51.4842780" lon="-0.2477360">
    <ele>4.4</ele>
    <time>2026-01-03T11:18:15Z</time>
   </trkpt>
   <trkpt lat="51.4842840" lon="-0.2477250">
    <ele>4.4</ele>
    <time>2026-01-03T11:18:16Z</time>
   </trkpt>
   <trkpt lat="51.4842930" lon="-0.2477170">
    <ele>4.4</ele>
    <time>2026-01-03T11:18:17Z</time>
   </trkpt>
   <trkpt lat="51.4843030" lon="-0.2477070">
    <ele>4.3</ele>
    <time>2026-01-03T11:18:18Z</time>
   </trkpt>
   <trkpt lat="51.4843160" lon="-0.2476830">
    <ele>4.3</ele>
    <time>2026-01-03T11:18:19Z</time>
   </trkpt>
   <trkpt lat="51.4843210" lon="-0.2476720">
    <ele>4.3</ele>
    <time>2026-01-03T11:18:20Z</time>
   </trkpt>
   <trkpt lat="51.4843260" lon="-0.2476600">
    <ele>4.3</ele>
    <time>2026-01-03T11:18:21Z</time>
   </trkpt>
   <trkpt lat="51.4843360" lon="-0.2476410">
    <ele>4.3</ele>
    <time>2026-01-03T11:18:22Z</time>
   </trkpt>
   <trkpt lat="51.4843460" lon="-0.2476220">
    <ele>4.3</ele>
    <time>2026-01-03T11:18:23Z</time>
   </trkpt>
   <trkpt lat="51.4843550" lon="-0.2476000">
    <ele>4.3</ele>
    <time>2026-01-03T11:18:24Z</time>
   </trkpt>
   <trkpt lat="51.4843690" lon="-0.2475940">
    <ele>4.3</ele>
    <time>2026-01-03T11:18:25Z</time>
   </trkpt>
   <trkpt lat="51.4843800" lon="-0.2475820">
    <ele>4.3</ele>
    <time>2026-01-03T11:18:26Z</time>
   </trkpt>
   <trkpt lat="51.4843880" lon="-0.2475650">
    <ele>4.3</ele>
    <time>2026-01-03T11:18:27Z</time>
   </trkpt>
   <trkpt lat="51.4843940" lon="-0.2475540">
    <ele>4.3</ele>
    <time>2026-01-03T11:18:28Z</time>
   </trkpt>
   <trkpt lat="51.4844040" lon="-0.2475400">
    <ele>4.3</ele>
    <time>2026-01-03T11:18:29Z</time>
   </trkpt>
   <trkpt lat="51.4844080" lon="-0.2475270">
    <ele>4.3</ele>
    <time>2026-01-03T11:18:30Z</time>
   </trkpt>
   <trkpt lat="51.4844100" lon="-0.2475190">
    <ele>4.3</ele>
    <time>2026-01-03T11:18:31Z</time>
   </trkpt>
   <trkpt lat="51.4844170" lon="-0.2475110">
    <ele>4.3</ele>
    <time>2026-01-03T11:18:32Z</time>
   </trkpt>
   <trkpt lat="51.4844270" lon="-0.2475000">
    <ele>4.3</ele>
    <time>2026-01-03T11:18:33Z</time>
   </trkpt>
   <trkpt lat="51.4844370" lon="-0.2474840">
    <ele>4.3</ele>
    <time>2026-01-03T11:18:34Z</time>
   </trkpt>
   <trkpt lat="51.4844450" lon="-0.2474700">
    <ele>4.3</ele>
    <time>2026-01-03T11:18:35Z</time>
   </trkpt>
   <trkpt lat="51.4844510" lon="-0.2474580">
    <ele>4.3</ele>
    <time>2026-01-03T11:18:36Z</time>
   </trkpt>
   <trkpt lat="51.4844580" lon="-0.2474500">
    <ele>4.3</ele>
    <time>2026-01-03T11:18:37Z</time>
   </trkpt>
   <trkpt lat="51.4844660" lon="-0.2474350">
    <ele>4.3</ele>
    <time>2026-01-03T11:18:38Z</time>
   </trkpt>
   <trkpt lat="51.4844740" lon="-0.2474250">
    <ele>4.3</ele>
    <time>2026-01-03T11:18:39Z</time>
   </trkpt>
   <trkpt lat="51.4844830" lon="-0.2474130">
    <ele>4.3</ele>
    <time>2026-01-03T11:18:40Z</time>
   </trkpt>
   <trkpt lat="51.4844910" lon="-0.2473990">
    <ele>4.3</ele>
    <time>2026-01-03T11:18:41Z</time>
   </trkpt>
   <trkpt lat="51.4844970" lon="-0.2473830">
    <ele>4.3</ele>
    <time>2026-01-03T11:18:42Z</time>
   </trkpt>
   <trkpt lat="51.4845010" lon="-0.2473670">
    <ele>4.3</ele>
    <time>2026-01-03T11:18:43Z</time>
   </trkpt>
   <trkpt lat="51.4845090" lon="-0.2473580">
    <ele>4.3</ele>
    <time>2026-01-03T11:18:44Z</time>
   </trkpt>
   <trkpt lat="51.4845210" lon="-0.2473440">
    <ele>4.3</ele>
    <time>2026-01-03T11:18:45Z</time>
   </trkpt>
   <trkpt lat="51.4845290" lon="-0.2473310">
    <ele>4.3</ele>
    <time>2026-01-03T11:18:46Z</time>
   </trkpt>
   <trkpt lat="51.4845360" lon="-0.2473230">
    <ele>4.2</ele>
    <time>2026-01-03T11:18:47Z</time>
   </trkpt>
   <trkpt lat="51.4845430" lon="-0.2473190">
    <ele>4.2</ele>
    <time>2026-01-03T11:18:48Z</time>
   </trkpt>
   <trkpt lat="51.4845500" lon="-0.2473100">
    <ele>4.2</ele>
    <time>2026-01-03T11:18:49Z</time>
   </trkpt>
   <trkpt lat="51.4845580" lon="-0.2472990">
    <ele>4.2</ele>
    <time>2026-01-03T11:18:50Z</time>
   </trkpt>
   <trkpt lat="51.4845710" lon="-0.2472760">
    <ele>4.2</ele>
    <time>2026-01-03T11:18:51Z</time>
   </trkpt>
   <trkpt lat="51.4845770" lon="-0.2472620">
    <ele>4.2</ele>
    <time>2026-01-03T11:18:52Z</time>
   </trkpt>
   <trkpt lat="51.4845830" lon="-0.2472490">
    <ele>4.2</ele>
    <time>2026-01-03T11:18:53Z</time>
   </trkpt>
   <trkpt lat="51.4845940" lon="-0.2472200">
    <ele>4.2</ele>
    <time>2026-01-03T11:18:54Z</time>
   </trkpt>
   <trkpt lat="51.4846020" lon="-0.2472070">
    <ele>4.2</ele>
    <time>2026-01-03T11:18:55Z</time>
   </trkpt>
   <trkpt lat="51.4846100" lon="-0.2471950">
    <ele>4.2</ele>
    <time>2026-01-03T11:18:56Z</time>
   </trkpt>
   <trkpt lat="51.4846250" lon="-0.2471710">
    <ele>4.2</ele>
    <time>2026-01-03T11:18:57Z</time>
   </trkpt>
   <trkpt lat="51.4846320" lon="-0.2471580">
    <ele>4.2</ele>
    <time>2026-01-03T11:18:58Z</time>
   </trkpt>
   <trkpt lat="51.4846400" lon="-0.2471450">
    <ele>4.2</ele>
    <time>2026-01-03T11:18:59Z</time>
   </trkpt>
   <trkpt lat="51.4846560" lon="-0.2471180">
    <ele>4.2</ele>
    <time>2026-01-03T11:19:00Z</time>
   </trkpt>
   <trkpt lat="51.4846620" lon="-0.2471090">
    <ele>4.2</ele>
    <time>2026-01-03T11:19:01Z</time>
   </trkpt>
   <trkpt lat="51.4846690" lon="-0.2470990">
    <ele>4.2</ele>
    <time>2026-01-03T11:19:02Z</time>
   </trkpt>
   <trkpt lat="51.4846810" lon="-0.2470880">
    <ele>4.2</ele>
    <time>2026-01-03T11:19:03Z</time>
   </trkpt>
   <trkpt lat="51.4846870" lon="-0.2470790">
    <ele>4.2</ele>
    <time>2026-01-03T11:19:04Z</time>
   </trkpt>
   <trkpt lat="51.4846920" lon="-0.2470710">
    <ele>4.2</ele>
    <time>2026-01-03T11:19:05Z</time>
   </trkpt>
   <trkpt lat="51.4846980" lon="-0.2470620">
    <ele>4.2</ele>
    <time>2026-01-03T11:19:06Z</time>
   </trkpt>
   <trkpt lat="51.4847130" lon="-0.2470430">
    <ele>4.2</ele>
    <time>2026-01-03T11:19:07Z</time>
   </trkpt>
   <trkpt lat="51.4847180" lon="-0.2470350">
    <ele>4.2</ele>
    <time>2026-01-03T11:19:08Z</time>
   </trkpt>
   <trkpt lat="51.4847220" lon="-0.2470280">
    <ele>4.2</ele>
    <time>2026-01-03T11:19:09Z</time>
   </trkpt>
   <trkpt lat="51.4847260" lon="-0.2470200">
    <ele>4.2</ele>
    <time>2026-01-03T11:19:10Z</time>
   </trkpt>
   <trkpt lat="51.4847450" lon="-0.2469970">
    <ele>4.2</ele>
    <time>2026-01-03T11:19:11Z</time>
   </trkpt>
   <trkpt lat="51.4847510" lon="-0.2469870">
    <ele>4.2</ele>
    <time>2026-01-03T11:19:12Z</time>
   </trkpt>
   <trkpt lat="51.4847580" lon="-0.2469770">
    <ele>4.1</ele>
    <time>2026-01-03T11:19:13Z</time>
   </trkpt>
   <trkpt lat="51.4847700" lon="-0.2469610">
    <ele>4.1</ele>
    <time>2026-01-03T11:19:14Z</time>
   </trkpt>
   <trkpt lat="51.4847760" lon="-0.2469450">
    <ele>4.1</ele>
    <time>2026-01-03T11:19:15Z</time>
   </trkpt>
   <trkpt lat="51.4847840" lon="-0.2469240">
    <ele>4.1</ele>
    <time>2026-01-03T11:19:16Z</time>
   </trkpt>
   <trkpt lat="51.4847930" lon="-0.2469060">
    <ele>4.1</ele>
    <time>2026-01-03T11:19:17Z</time>
   </trkpt>
   <trkpt lat="51.4848020" lon="-0.2468860">
    <ele>4.1</ele>
    <time>2026-01-03T11:19:18Z</time>
   </trkpt>
   <trkpt lat="51.4848080" lon="-0.2468750">
    <ele>4.1</ele>
    <time>2026-01-03T11:19:19Z</time>
   </trkpt>
   <trkpt lat="51.4848150" lon="-0.2468630">
    <ele>4.1</ele>
    <time>2026-01-03T11:19:20Z</time>
   </trkpt>
   <trkpt lat="51.4848270" lon="-0.2468480">
    <ele>4.1</ele>
    <time>2026-01-03T11:19:21Z</time>
   </trkpt>
   <trkpt lat="51.4848340" lon="-0.2468400">
    <ele>4.1</ele>
    <time>2026-01-03T11:19:22Z</time>
   </trkpt>
   <trkpt lat="51.4848380" lon="-0.2468260">
    <ele>4.1</ele>
    <time>2026-01-03T11:19:23Z</time>
   </trkpt>
   <trkpt lat="51.4848540" lon="-0.2468060">
    <ele>4.1</ele>
    <time>2026-01-03T11:19:24Z</time>
   </trkpt>
   <trkpt lat="51.4848610" lon="-0.2467980">
    <ele>4.1</ele>
    <time>2026-01-03T11:19:25Z</time>
   </trkpt>
   <trkpt lat="51.4848680" lon="-0.2467900">
    <ele>4.1</ele>
    <time>2026-01-03T11:19:26Z</time>
   </trkpt>
   <trkpt lat="51.4848840" lon="-0.2467680">
    <ele>4.1</ele>
    <time>2026-01-03T11:19:27Z</time>
   </trkpt>
   <trkpt lat="51.4848930" lon="-0.2467570">
    <ele>4.1</ele>
    <time>2026-01-03T11:19:28Z</time>
   </trkpt>
   <trkpt lat="51.4849010" lon="-0.2467470">
    <ele>4.1</ele>
    <time>2026-01-03T11:19:29Z</time>
   </trkpt>
   <trkpt lat="51.4849100" lon="-0.2467340">
    <ele>4.1</ele>
    <time>2026-01-03T11:19:30Z</time>
   </trkpt>
   <trkpt lat="51.4849200" lon="-0.2467220">
    <ele>4.1</ele>
    <time>2026-01-03T11:19:31Z</time>
   </trkpt>
   <trkpt lat="51.4849230" lon="-0.2467050">
    <ele>4.1</ele>
    <time>2026-01-03T11:19:32Z</time>
   </trkpt>
   <trkpt lat="51.4849300" lon="-0.2466910">
    <ele>4.1</ele>
    <time>2026-01-03T11:19:33Z</time>
   </trkpt>
   <trkpt lat="51.4849330" lon="-0.2466820">
    <ele>4.1</ele>
    <time>2026-01-03T11:19:34Z</time>
   </trkpt>
   <trkpt lat="51.4849440" lon="-0.2466640">
    <ele>4.1</ele>
    <time>2026-01-03T11:19:35Z</time>
   </trkpt>
   <trkpt lat="51.4849580" lon="-0.2466390">
    <ele>4.0</ele>
    <time>2026-01-03T11:19:36Z</time>
   </trkpt>
   <trkpt lat="51.4849630" lon="-0.2466290">
    <ele>4.0</ele>
    <time>2026-01-03T11:19:37Z</time>
   </trkpt>
   <trkpt lat="51.4849690" lon="-0.2466180">
    <ele>4.0</ele>
    <time>2026-01-03T11:19:38Z</time>
   </trkpt>
   <trkpt lat="51.4849880" lon="-0.2466010">
    <ele>4.0</ele>
    <time>2026-01-03T11:19:39Z</time>
   </trkpt>
   <trkpt lat="51.4849960" lon="-0.2465920">
    <ele>4.0</ele>
    <time>2026-01-03T11:19:40Z</time>
   </trkpt>
   <trkpt lat="51.4850030" lon="-0.2465830">
    <ele>4.0</ele>
    <time>2026-01-03T11:19:41Z</time>
   </trkpt>
   <trkpt lat="51.4850210" lon="-0.2465600">
    <ele>4.0</ele>
    <time>2026-01-03T11:19:42Z</time>
   </trkpt>
   <trkpt lat="51.4850270" lon="-0.2465490">
    <ele>4.0</ele>
    <time>2026-01-03T11:19:43Z</time>
   </trkpt>
   <trkpt lat="51.4850340" lon="-0.2465390">
    <ele>4.0</ele>
    <time>2026-01-03T11:19:44Z</time>
   </trkpt>
   <trkpt lat="51.4850450" lon="-0.2465230">
    <ele>4.0</ele>
    <time>2026-01-03T11:19:45Z</time>
   </trkpt>
   <trkpt lat="51.4850550" lon="-0.2465110">
    <ele>4.0</ele>
    <time>2026-01-03T11:19:46Z</time>
   </trkpt>
   <trkpt lat="51.4850630" lon="-0.2465010">
    <ele>4.0</ele>
    <time>2026-01-03T11:19:47Z</time>
   </trkpt>
   <trkpt lat="51.4850720" lon="-0.2464880">
    <ele>4.0</ele>
    <time>2026-01-03T11:19:48Z</time>
   </trkpt>
   <trkpt lat="51.4850800" lon="-0.2464760">
    <ele>4.0</ele>
    <time>2026-01-03T11:19:49Z</time>
   </trkpt>
   <trkpt lat="51.4850820" lon="-0.2464650">
    <ele>4.0</ele>
    <time>2026-01-03T11:19:50Z</time>
   </trkpt>
   <trkpt lat="51.4850900" lon="-0.2464460">
    <ele>4.0</ele>
    <time>2026-01-03T11:19:51Z</time>
   </trkpt>
   <trkpt lat="51.4850970" lon="-0.2464260">
    <ele>4.0</ele>
    <time>2026-01-03T11:19:52Z</time>
   </trkpt>
   <trkpt lat="51.4851120" lon="-0.2463960">
    <ele>4.0</ele>
    <time>2026-01-03T11:19:53Z</time>
   </trkpt>
   <trkpt lat="51.4851180" lon="-0.2463890">
    <ele>3.9</ele>
    <time>2026-01-03T11:19:54Z</time>
   </trkpt>
   <trkpt lat="51.4851250" lon="-0.2463810">
    <ele>3.9</ele>
    <time>2026-01-03T11:19:55Z</time>
   </trkpt>
   <trkpt lat="51.4851410" lon="-0.2463610">
    <ele>3.9</ele>
    <time>2026-01-03T11:19:56Z</time>
   </trkpt>
   <trkpt lat="51.4851500" lon="-0.2463540">
    <ele>3.9</ele>
    <time>2026-01-03T11:19:57Z</time>
   </trkpt>
   <trkpt lat="51.4851590" lon="-0.2463460">
    <ele>3.9</ele>
    <time>2026-01-03T11:19:58Z</time>
   </trkpt>
   <trkpt lat="51.4851660" lon="-0.2463350">
    <ele>3.9</ele>
    <time>2026-01-03T11:19:59Z</time>
   </trkpt>
   <trkpt lat="51.4851780" lon="-0.2463220">
    <ele>3.9</ele>
    <time>2026-01-03T11:20:00Z</time>
   </trkpt>
   <trkpt lat="51.4851880" lon="-0.2463110">
    <ele>3.9</ele>
    <time>2026-01-03T11:20:01Z</time>
   </trkpt>
   <trkpt lat="51.4852010" lon="-0.2462970">
    <ele>3.9</ele>
    <time>2026-01-03T11:20:02Z</time>
   </trkpt>
   <trkpt lat="51.4852100" lon="-0.2462830">
    <ele>3.9</ele>
    <time>2026-01-03T11:20:03Z</time>
   </trkpt>
   <trkpt lat="51.4852200" lon="-0.2462540">
    <ele>3.9</ele>
    <time>2026-01-03T11:20:04Z</time>
   </trkpt>
   <trkpt lat="51.4852230" lon="-0.2462400">
    <ele>3.9</ele>
    <time>2026-01-03T11:20:05Z</time>
   </trkpt>
   <trkpt lat="51.4852270" lon="-0.2462250">
    <ele>3.9</ele>
    <time>2026-01-03T11:20:06Z</time>
   </trkpt>
   <trkpt lat="51.4852330" lon="-0.2462120">
    <ele>3.9</ele>
    <time>2026-01-03T11:20:07Z</time>
   </trkpt>
   <trkpt lat="51.4852370" lon="-0.2461970">
    <ele>3.9</ele>
    <time>2026-01-03T11:20:08Z</time>
   </trkpt>
   <trkpt lat="51.4852470" lon="-0.2461790">
    <ele>3.9</ele>
    <time>2026-01-03T11:20:09Z</time>
   </trkpt>
   <trkpt lat="51.4852560" lon="-0.2461620">
    <ele>3.9</ele>
    <time>2026-01-03T11:20:10Z</time>
   </trkpt>
   <trkpt lat="51.4852690" lon="-0.2461380">
    <ele>3.9</ele>
    <time>2026-01-03T11:20:11Z</time>
   </trkpt>
   <trkpt lat="51.4852780" lon="-0.2461120">
    <ele>3.9</ele>
    <time>2026-01-03T11:20:12Z</time>
   </trkpt>
   <trkpt lat="51.4852840" lon="-0.2461000">
    <ele>3.9</ele>
    <time>2026-01-03T11:20:13Z</time>
   </trkpt>
   <trkpt lat="51.4852890" lon="-0.2460890">
    <ele>3.9</ele>
    <time>2026-01-03T11:20:14Z</time>
   </trkpt>
   <trkpt lat="51.4853030" lon="-0.2460720">
    <ele>3.9</ele>
    <time>2026-01-03T11:20:15Z</time>
   </trkpt>
   <trkpt lat="51.4853150" lon="-0.2460520">
    <ele>3.9</ele>
    <time>2026-01-03T11:20:16Z</time>
   </trkpt>
   <trkpt lat="51.4853240" lon="-0.2460450">
    <ele>3.9</ele>
    <time>2026-01-03T11:20:17Z</time>
   </trkpt>
   <trkpt lat="51.4853320" lon="-0.2460310">
    <ele>3.9</ele>
    <time>2026-01-03T11:20:18Z</time>
   </trkpt>
   <trkpt lat="51.4853390" lon="-0.2460190">
    <ele>3.9</ele>
    <time>2026-01-03T11:20:19Z</time>
   </trkpt>
   <trkpt lat="51.4853440" lon="-0.2460070">
    <ele>3.9</ele>
    <time>2026-01-03T11:20:20Z</time>
   </trkpt>
   <trkpt lat="51.4853510" lon="-0.2459930">
    <ele>3.9</ele>
    <time>2026-01-03T11:20:21Z</time>
   </trkpt>
   <trkpt lat="51.4853570" lon="-0.2459820">
    <ele>3.9</ele>
    <time>2026-01-03T11:20:22Z</time>
   </trkpt>
   <trkpt lat="51.4853720" lon="-0.2459580">
    <ele>3.9</ele>
    <time>2026-01-03T11:20:23Z</time>
   </trkpt>
   <trkpt lat="51.4853830" lon="-0.2459460">
    <ele>3.9</ele>
    <time>2026-01-03T11:20:24Z</time>
   </trkpt>
   <trkpt lat="51.4853940" lon="-0.2459380">
    <ele>3.9</ele>
    <time>2026-01-03T11:20:25Z</time>
   </trkpt>
   <trkpt lat="51.4854000" lon="-0.2459270">
    <ele>3.9</ele>
    <time>2026-01-03T11:20:26Z</time>
   </trkpt>
   <trkpt lat="51.4854060" lon="-0.2459110">
    <ele>3.9</ele>
    <time>2026-01-03T11:20:27Z</time>
   </trkpt>
   <trkpt lat="51.4854210" lon="-0.2458900">
    <ele>3.9</ele>
    <time>2026-01-03T11:20:28Z</time>
   </trkpt>
   <trkpt lat="51.4854260" lon="-0.2458800">
    <ele>3.9</ele>
    <time>2026-01-03T11:20:29Z</time>
   </trkpt>
   <trkpt lat="51.4854320" lon="-0.2458690">
    <ele>3.9</ele>
    <time>2026-01-03T11:20:30Z</time>
   </trkpt>
   <trkpt lat="51.4854420" lon="-0.2458530">
    <ele>3.8</ele>
    <time>2026-01-03T11:20:31Z</time>
   </trkpt>
   <trkpt lat="51.4854530" lon="-0.2458380">
    <ele>3.8</ele>
    <time>2026-01-03T11:20:32Z</time>
   </trkpt>
   <trkpt lat="51.4854600" lon="-0.2458240">
    <ele>3.8</ele>
    <time>2026-01-03T11:20:33Z</time>
   </trkpt>
   <trkpt lat="51.4854750" lon="-0.2458050">
    <ele>3.8</ele>
    <time>2026-01-03T11:20:34Z</time>
   </trkpt>
   <trkpt lat="51.4854870" lon="-0.2457790">
    <ele>3.8</ele>
    <time>2026-01-03T11:20:35Z</time>
   </trkpt>
   <trkpt lat="51.4854910" lon="-0.2457720">
    <ele>3.8</ele>
    <time>2026-01-03T11:20:36Z</time>
   </trkpt>
   <trkpt lat="51.4854940" lon="-0.2457640">
    <ele>3.8</ele>
    <time>2026-01-03T11:20:37Z</time>
   </trkpt>
   <trkpt lat="51.4854980" lon="-0.2457570">
    <ele>3.8</ele>
    <time>2026-01-03T11:20:38Z</time>
   </trkpt>
   <trkpt lat="51.4855060" lon="-0.2457410">
    <ele>3.8</ele>
    <time>2026-01-03T11:20:39Z</time>
   </trkpt>
   <trkpt lat="51.4855140" lon="-0.2457210">
    <ele>3.8</ele>
    <time>2026-01-03T11:20:40Z</time>
   </trkpt>
   <trkpt lat="51.4855280" lon="-0.2457040">
    <ele>3.8</ele>
    <time>2026-01-03T11:20:41Z</time>
   </trkpt>
   <trkpt lat="51.4855330" lon="-0.2456980">
    <ele>3.8</ele>
    <time>2026-01-03T11:20:42Z</time>
   </trkpt>
   <trkpt lat="51.4855380" lon="-0.2456910">
    <ele>3.8</ele>
    <time>2026-01-03T11:20:43Z</time>
   </trkpt>
   <trkpt lat="51.4855430" lon="-0.2456850">
    <ele>3.8</ele>
    <time>2026-01-03T11:20:44Z</time>
   </trkpt>
   <trkpt lat="51.4855600" lon="-0.2456640">
    <ele>3.8</ele>
    <time>2026-01-03T11:20:45Z</time>
   </trkpt>
   <trkpt lat="51.4855670" lon="-0.2456520">
    <ele>3.8</ele>
    <time>2026-01-03T11:20:46Z</time>
   </trkpt>
   <trkpt lat="51.4855730" lon="-0.2456400">
    <ele>3.8</ele>
    <time>2026-01-03T11:20:47Z</time>
   </trkpt>
   <trkpt lat="51.4855810" lon="-0.2456170">
    <ele>3.8</ele>
    <time>2026-01-03T11:20:48Z</time>
   </trkpt>
   <trkpt lat="51.4855870" lon="-0.2456010">
    <ele>3.8</ele>
    <time>2026-01-03T11:20:49Z</time>
   </trkpt>
   <trkpt lat="51.4855960" lon="-0.2455840">
    <ele>3.8</ele>
    <time>2026-01-03T11:20:50Z</time>
   </trkpt>
   <trkpt lat="51.4856030" lon="-0.2455650">
    <ele>3.8</ele>
    <time>2026-01-03T11:20:51Z</time>
   </trkpt>
   <trkpt lat="51.4856110" lon="-0.2455520">
    <ele>3.8</ele>
    <time>2026-01-03T11:20:52Z</time>
   </trkpt>
   <trkpt lat="51.4856230" lon="-0.2455340">
    <ele>3.8</ele>
    <time>2026-01-03T11:20:53Z</time>
   </trkpt>
   <trkpt lat="51.4856300" lon="-0.2455180">
    <ele>3.8</ele>
    <time>2026-01-03T11:20:54Z</time>
   </trkpt>
   <trkpt lat="51.4856370" lon="-0.2455040">
    <ele>3.8</ele>
    <time>2026-01-03T11:20:55Z</time>
   </trkpt>
   <trkpt lat="51.4856430" lon="-0.2454890">
    <ele>3.8</ele>
    <time>2026-01-03T11:20:56Z</time>
   </trkpt>
   <trkpt lat="51.4856560" lon="-0.2454680">
    <ele>3.8</ele>
    <time>2026-01-03T11:20:57Z</time>
   </trkpt>
   <trkpt lat="51.4856640" lon="-0.2454570">
    <ele>3.8</ele>
    <time>2026-01-03T11:20:58Z</time>
   </trkpt>
   <trkpt lat="51.4856710" lon="-0.2454470">
    <ele>3.8</ele>
    <time>2026-01-03T11:20:59Z</time>
   </trkpt>
   <trkpt lat="51.4856770" lon="-0.2454390">
    <ele>3.8</ele>
    <time>2026-01-03T11:21:00Z</time>
   </trkpt>
   <trkpt lat="51.4856870" lon="-0.2454260">
    <ele>3.8</ele>
    <time>2026-01-03T11:21:01Z</time>
   </trkpt>
   <trkpt lat="51.4856980" lon="-0.2454070">
    <ele>3.8</ele>
    <time>2026-01-03T11:21:02Z</time>
   </trkpt>
   <trkpt lat="51.4857030" lon="-0.2453990">
    <ele>3.8</ele>
    <time>2026-01-03T11:21:03Z</time>
   </trkpt>
   <trkpt lat="51.4857110" lon="-0.2453880">
    <ele>3.8</ele>
    <time>2026-01-03T11:21:04Z</time>
   </trkpt>
   <trkpt lat="51.4857190" lon="-0.2453760">
    <ele>3.8</ele>
    <time>2026-01-03T11:21:05Z</time>
   </trkpt>
   <trkpt lat="51.4857250" lon="-0.2453610">
    <ele>3.8</ele>
    <time>2026-01-03T11:21:06Z</time>
   </trkpt>
   <trkpt lat="51.4857360" lon="-0.2453350">
    <ele>3.8</ele>
    <time>2026-01-03T11:21:07Z</time>
   </trkpt>
   <trkpt lat="51.4857430" lon="-0.2453240">
    <ele>3.8</ele>
    <time>2026-01-03T11:21:08Z</time>
   </trkpt>
   <trkpt lat="51.4857520" lon="-0.2453100">
    <ele>3.8</ele>
    <time>2026-01-03T11:21:09Z</time>
   </trkpt>
   <trkpt lat="51.4857630" lon="-0.2452940">
    <ele>3.8</ele>
    <time>2026-01-03T11:21:10Z</time>
   </trkpt>
   <trkpt lat="51.4857750" lon="-0.2452770">
    <ele>3.8</ele>
    <time>2026-01-03T11:21:11Z</time>
   </trkpt>
   <trkpt lat="51.4857830" lon="-0.2452650">
    <ele>3.8</ele>
    <time>2026-01-03T11:21:12Z</time>
   </trkpt>
   <trkpt lat="51.4857990" lon="-0.2452400">
    <ele>3.8</ele>
    <time>2026-01-03T11:21:13Z</time>
   </trkpt>
   <trkpt lat="51.4858060" lon="-0.2452310">
    <ele>3.8</ele>
    <time>2026-01-03T11:21:14Z</time>
   </trkpt>
   <trkpt lat="51.4858120" lon="-0.2452210">
    <ele>3.8</ele>
    <time>2026-01-03T11:21:15Z</time>
   </trkpt>
   <trkpt lat="51.4858210" lon="-0.2452080">
    <ele>3.8</ele>
    <time>2026-01-03T11:21:16Z</time>
   </trkpt>
   <trkpt lat="51.4858300" lon="-0.2451920">
    <ele>3.8</ele>
    <time>2026-01-03T11:21:17Z</time>
   </trkpt>
   <trkpt lat="51.4858340" lon="-0.2451820">
    <ele>3.8</ele>
    <time>2026-01-03T11:21:18Z</time>
   </trkpt>
   <trkpt lat="51.4858430" lon="-0.2451630">
    <ele>3.8</ele>
    <time>2026-01-03T11:21:19Z</time>
   </trkpt>
   <trkpt lat="51.4858510" lon="-0.2451460">
    <ele>3.8</ele>
    <time>2026-01-03T11:21:20Z</time>
   </trkpt>
   <trkpt lat="51.4858560" lon="-0.2451340">
    <ele>3.8</ele>
    <time>2026-01-03T11:21:21Z</time>
   </trkpt>
   <trkpt lat="51.4858680" lon="-0.2451170">
    <ele>3.8</ele>
    <time>2026-01-03T11:21:22Z</time>
   </trkpt>
   <trkpt lat="51.4858750" lon="-0.2451100">
    <ele>3.8</ele>
    <time>2026-01-03T11:21:23Z</time>
   </trkpt>
   <trkpt lat="51.4858850" lon="-0.2450980">
    <ele>3.8</ele>
    <time>2026-01-03T11:21:24Z</time>
   </trkpt>
   <trkpt lat="51.4858940" lon="-0.2450830">
    <ele>3.8</ele>
    <time>2026-01-03T11:21:25Z</time>
   </trkpt>
   <trkpt lat="51.4859000" lon="-0.2450750">
    <ele>3.8</ele>
    <time>2026-01-03T11:21:26Z</time>
   </trkpt>
   <trkpt lat="51.4859150" lon="-0.2450510">
    <ele>3.8</ele>
    <time>2026-01-03T11:21:27Z</time>
   </trkpt>
   <trkpt lat="51.4859210" lon="-0.2450390">
    <ele>3.8</ele>
    <time>2026-01-03T11:21:28Z</time>
   </trkpt>
   <trkpt lat="51.4859260" lon="-0.2450260">
    <ele>3.8</ele>
    <time>2026-01-03T11:21:29Z</time>
   </trkpt>
   <trkpt lat="51.4859350" lon="-0.2450140">
    <ele>3.8</ele>
    <time>2026-01-03T11:21:30Z</time>
   </trkpt>
   <trkpt lat="51.4859430" lon="-0.2449990">
    <ele>3.9</ele>
    <time>2026-01-03T11:21:31Z</time>
   </trkpt>
   <trkpt lat="51.4859470" lon="-0.2449850">
    <ele>3.9</ele>
    <time>2026-01-03T11:21:32Z</time>
   </trkpt>
   <trkpt lat="51.4859610" lon="-0.2449610">
    <ele>3.9</ele>
    <time>2026-01-03T11:21:33Z</time>
   </trkpt>
   <trkpt lat="51.4859660" lon="-0.2449500">
    <ele>3.9</ele>
    <time>2026-01-03T11:21:34Z</time>
   </trkpt>
   <trkpt lat="51.4859720" lon="-0.2449380">
    <ele>3.9</ele>
    <time>2026-01-03T11:21:35Z</time>
   </trkpt>
   <trkpt lat="51.4859870" lon="-0.2449180">
    <ele>3.9</ele>
    <time>2026-01-03T11:21:36Z</time>
   </trkpt>
   <trkpt lat="51.4859930" lon="-0.2449070">
    <ele>3.9</ele>
    <time>2026-01-03T11:21:37Z</time>
   </trkpt>
   <trkpt lat="51.4859990" lon="-0.2448970">
    <ele>3.9</ele>
    <time>2026-01-03T11:21:38Z</time>
   </trkpt>
   <trkpt lat="51.4860070" lon="-0.2448840">
    <ele>3.9</ele>
    <time>2026-01-03T11:21:39Z</time>
   </trkpt>
   <trkpt lat="51.4860200" lon="-0.2448620">
    <ele>3.9</ele>
    <time>2026-01-03T11:21:40Z</time>
   </trkpt>
   <trkpt lat="51.4860290" lon="-0.2448450">
    <ele>3.9</ele>
    <time>2026-01-03T11:21:41Z</time>
   </trkpt>
   <trkpt lat="51.4860390" lon="-0.2448290">
    <ele>3.9</ele>
    <time>2026-01-03T11:21:42Z</time>
   </trkpt>
   <trkpt lat="51.4860490" lon="-0.2448120">
    <ele>3.9</ele>
    <time>2026-01-03T11:21:43Z</time>
   </trkpt>
   <trkpt lat="51.4860580" lon="-0.2447900">
    <ele>3.9</ele>
    <time>2026-01-03T11:21:44Z</time>
   </trkpt>
   <trkpt lat="51.4860690" lon="-0.2447650">
    <ele>3.9</ele>
    <time>2026-01-03T11:21:45Z</time>
   </trkpt>
   <trkpt lat="51.4860740" lon="-0.2447530">
    <ele>3.9</ele>
    <time>2026-01-03T11:21:46Z</time>
   </trkpt>
   <trkpt lat="51.4860800" lon="-0.2447420">
    <ele>3.9</ele>
    <time>2026-01-03T11:21:47Z</time>
   </trkpt>
   <trkpt lat="51.4860930" lon="-0.2447130">
    <ele>3.9</ele>
    <time>2026-01-03T11:21:48Z</time>
   </trkpt>
   <trkpt lat="51.4860980" lon="-0.2447030">
    <ele>3.9</ele>
    <time>2026-01-03T11:21:49Z</time>
   </trkpt>
   <trkpt lat="51.4861040" lon="-0.2446930">
    <ele>3.9</ele>
    <time>2026-01-03T11:21:50Z</time>
   </trkpt>
   <trkpt lat="51.4861160" lon="-0.2446730">
    <ele>3.9</ele>
    <time>2026-01-03T11:21:51Z</time>
   </trkpt>
   <trkpt lat="51.4861230" lon="-0.2446600">
    <ele>3.9</ele>
    <time>2026-01-03T11:21:52Z</time>
   </trkpt>
   <trkpt lat="51.4861300" lon="-0.2446480">
    <ele>3.9</ele>
    <time>2026-01-03T11:21:53Z</time>
   </trkpt>
   <trkpt lat="51.4861350" lon="-0.2446380">
    <ele>3.9</ele>
    <time>2026-01-03T11:21:54Z</time>
   </trkpt>
   <trkpt lat="51.4861470" lon="-0.2446190">
    <ele>3.9</ele>
    <time>2026-01-03T11:21:55Z</time>
   </trkpt>
   <trkpt lat="51.4861540" lon="-0.2446090">
    <ele>3.9</ele>
    <time>2026-01-03T11:21:56Z</time>
   </trkpt>
   <trkpt lat="51.4861640" lon="-0.2445950">
    <ele>3.9</ele>
    <time>2026-01-03T11:21:57Z</time>
   </trkpt>
   <trkpt lat="51.4861720" lon="-0.2445830">
    <ele>3.9</ele>
    <time>2026-01-03T11:21:58Z</time>
   </trkpt>
   <trkpt lat="51.4861790" lon="-0.2445690">
    <ele>3.9</ele>
    <time>2026-01-03T11:21:59Z</time>
   </trkpt>
   <trkpt lat="51.4861980" lon="-0.2445530">
    <ele>3.9</ele>
    <time>2026-01-03T11:22:00Z</time>
   </trkpt>
   <trkpt lat="51.4862050" lon="-0.2445460">
    <ele>3.9</ele>
    <time>2026-01-03T11:22:01Z</time>
   </trkpt>
   <trkpt lat="51.4862120" lon="-0.2445390">
    <ele>3.9</ele>
    <time>2026-01-03T11:22:02Z</time>
   </trkpt>
   <trkpt lat="51.4862240" lon="-0.2445240">
    <ele>3.9</ele>
    <time>2026-01-03T11:22:03Z</time>
   </trkpt>
   <trkpt lat="51.4862350" lon="-0.2445090">
    <ele>3.9</ele>
    <time>2026-01-03T11:22:04Z</time>
   </trkpt>
   <trkpt lat="51.4862510" lon="-0.2444880">
    <ele>3.9</ele>
    <time>2026-01-03T11:22:05Z</time>
   </trkpt>
   <trkpt lat="51.4862570" lon="-0.2444780">
    <ele>3.9</ele>
    <time>2026-01-03T11:22:06Z</time>
   </trkpt>
   <trkpt lat="51.4862630" lon="-0.2444690">
    <ele>3.9</ele>
    <time>2026-01-03T11:22:07Z</time>
   </trkpt>
   <trkpt lat="51.4862700" lon="-0.2444560">
    <ele>3.9</ele>
    <time>2026-01-03T11:22:08Z</time>
   </trkpt>
   <trkpt lat="51.4862760" lon="-0.2444450">
    <ele>3.9</ele>
    <time>2026-01-03T11:22:09Z</time>
   </trkpt>
   <trkpt lat="51.4862860" lon="-0.2444270">
    <ele>3.9</ele>
    <time>2026-01-03T11:22:10Z</time>
   </trkpt>
   <trkpt lat="51.4862960" lon="-0.2444090">
    <ele>3.9</ele>
    <time>2026-01-03T11:22:11Z</time>
   </trkpt>
   <trkpt lat="51.4863020" lon="-0.2444000">
    <ele>3.9</ele>
    <time>2026-01-03T11:22:12Z</time>
   </trkpt>
   <trkpt lat="51.4863100" lon="-0.2443890">
    <ele>3.9</ele>
    <time>2026-01-03T11:22:13Z</time>
   </trkpt>
   <trkpt lat="51.4863210" lon="-0.2443740">
    <ele>3.9</ele>
    <time>2026-01-03T11:22:14Z</time>
   </trkpt>
   <trkpt lat="51.4863330" lon="-0.2443600">
    <ele>3.9</ele>
    <time>2026-01-03T11:22:15Z</time>
   </trkpt>
   <trkpt lat="51.4863380" lon="-0.2443490">
    <ele>3.9</ele>
    <time>2026-01-03T11:22:16Z</time>
   </trkpt>
   <trkpt lat="51.4863440" lon="-0.2443350">
    <ele>3.9</ele>
    <time>2026-01-03T11:22:17Z</time>
   </trkpt>
   <trkpt lat="51.4863530" lon="-0.2443260">
    <ele>3.9</ele>
    <time>2026-01-03T11:22:18Z</time>
   </trkpt>
   <trkpt lat="51.4863690" lon="-0.2443090">
    <ele>3.9</ele>
    <time>2026-01-03T11:22:19Z</time>
   </trkpt>
   <trkpt lat="51.4863770" lon="-0.2443010">
    <ele>3.9</ele>
    <time>2026-01-03T11:22:20Z</time>
   </trkpt>
   <trkpt lat="51.4863840" lon="-0.2442930">
    <ele>3.9</ele>
    <time>2026-01-03T11:22:21Z</time>
   </trkpt>
   <trkpt lat="51.4864000" lon="-0.2442840">
    <ele>3.9</ele>
    <time>2026-01-03T11:22:22Z</time>
   </trkpt>
   <trkpt lat="51.4864130" lon="-0.2442740">
    <ele>3.9</ele>
    <time>2026-01-03T11:22:23Z</time>
   </trkpt>
   <trkpt lat="51.4864170" lon="-0.2442550">
    <ele>3.9</ele>
    <time>2026-01-03T11:22:24Z</time>
   </trkpt>
   <trkpt lat="51.4864240" lon="-0.2442410">
    <ele>3.9</ele>
    <time>2026-01-03T11:22:25Z</time>
   </trkpt>
   <trkpt lat="51.4864350" lon="-0.2442280">
    <ele>3.9</ele>
    <time>2026-01-03T11:22:26Z</time>
   </trkpt>
   <trkpt lat="51.4864510" lon="-0.2442030">
    <ele>3.9</ele>
    <time>2026-01-03T11:22:27Z</time>
   </trkpt>
   <trkpt lat="51.4864560" lon="-0.2441940">
    <ele>3.9</ele>
    <time>2026-01-03T11:22:28Z</time>
   </trkpt>
   <trkpt lat="51.4864620" lon="-0.2441840">
    <ele>3.9</ele>
    <time>2026-01-03T11:22:29Z</time>
   </trkpt>
   <trkpt lat="51.4864720" lon="-0.2441750">
    <ele>3.9</ele>
    <time>2026-01-03T11:22:30Z</time>
   </trkpt>
   <trkpt lat="51.4864820" lon="-0.2441650">
    <ele>3.9</ele>
    <time>2026-01-03T11:22:31Z</time>
   </trkpt>
   <trkpt lat="51.4864910" lon="-0.2441540">
    <ele>3.9</ele>
    <time>2026-01-03T11:22:32Z</time>
   </trkpt>
   <trkpt lat="51.4865010" lon="-0.2441440">
    <ele>3.9</ele>
    <time>2026-01-03T11:22:33Z</time>
   </trkpt>
   <trkpt lat="51.4865070" lon="-0.2441350">
    <ele>3.9</ele>
    <time>2026-01-03T11:22:34Z</time>
   </trkpt>
   <trkpt lat="51.4865150" lon="-0.2441210">
    <ele>3.9</ele>
    <time>2026-01-03T11:22:35Z</time>
   </trkpt>
   <trkpt lat="51.4865210" lon="-0.2441070">
    <ele>3.9</ele>
    <time>2026-01-03T11:22:36Z</time>
   </trkpt>
   <trkpt lat="51.4865370" lon="-0.2440840">
    <ele>3.9</ele>
    <time>2026-01-03T11:22:37Z</time>
   </trkpt>
   <trkpt lat="51.4865430" lon="-0.2440720">
    <ele>3.9</ele>
    <time>2026-01-03T11:22:38Z</time>
   </trkpt>
   <trkpt lat="51.4865410" lon="-0.2440560">
    <ele>3.9</ele>
    <time>2026-01-03T11:22:39Z</time>
   </trkpt>
   <trkpt lat="51.4865530" lon="-0.2440320">
    <ele>3.9</ele>
    <time>2026-01-03T11:22:40Z</time>
   </trkpt>
   <trkpt lat="51.4865600" lon="-0.2440200">
    <ele>3.9</ele>
    <time>2026-01-03T11:22:41Z</time>
   </trkpt>
   <trkpt lat="51.4865670" lon="-0.2440080">
    <ele>3.9</ele>
    <time>2026-01-03T11:22:42Z</time>
   </trkpt>
   <trkpt lat="51.4865750" lon="-0.2439940">
    <ele>3.9</ele>
    <time>2026-01-03T11:22:43Z</time>
   </trkpt>
   <trkpt lat="51.4865840" lon="-0.2439800">
    <ele>3.9</ele>
    <time>2026-01-03T11:22:44Z</time>
   </trkpt>
   <trkpt lat="51.4865910" lon="-0.2439690">
    <ele>3.9</ele>
    <time>2026-01-03T11:22:45Z</time>
   </trkpt>
   <trkpt lat="51.4866000" lon="-0.2439550">
    <ele>3.9</ele>
    <time>2026-01-03T11:22:46Z</time>
   </trkpt>
   <trkpt lat="51.4866040" lon="-0.2439420">
    <ele>3.9</ele>
    <time>2026-01-03T11:22:47Z</time>
   </trkpt>
   <trkpt lat="51.4866130" lon="-0.2439270">
    <ele>3.9</ele>
    <time>2026-01-03T11:22:48Z</time>
   </trkpt>
   <trkpt lat="51.4866250" lon="-0.2439200">
    <ele>3.9</ele>
    <time>2026-01-03T11:22:49Z</time>
   </trkpt>
   <trkpt lat="51.4866420" lon="-0.2438930">
    <ele>3.9</ele>
    <time>2026-01-03T11:22:50Z</time>
   </trkpt>
   <trkpt lat="51.4866460" lon="-0.2438820">
    <ele>3.9</ele>
    <time>2026-01-03T11:22:51Z</time>
   </trkpt>
   <trkpt lat="51.4866510" lon="-0.2438720">
    <ele>3.9</ele>
    <time>2026-01-03T11:22:52Z</time>
   </trkpt>
   <trkpt lat="51.4866580" lon="-0.2438550">
    <ele>3.9</ele>
    <time>2026-01-03T11:22:53Z</time>
   </trkpt>
   <trkpt lat="51.4866690" lon="-0.2438350">
    <ele>3.9</ele>
    <time>2026-01-03T11:22:54Z</time>
   </trkpt>
   <trkpt lat="51.4866800" lon="-0.2438060">
    <ele>3.9</ele>
    <time>2026-01-03T11:22:55Z</time>
   </trkpt>
   <trkpt lat="51.4866840" lon="-0.2437950">
    <ele>3.9</ele>
    <time>2026-01-03T11:22:56Z</time>
   </trkpt>
   <trkpt lat="51.4866870" lon="-0.2437830">
    <ele>3.9</ele>
    <time>2026-01-03T11:22:57Z</time>
   </trkpt>
   <trkpt lat="51.4866930" lon="-0.2437670">
    <ele>3.9</ele>
    <time>2026-01-03T11:22:58Z</time>
   </trkpt>
   <trkpt lat="51.4867080" lon="-0.2437450">
    <ele>3.9</ele>
    <time>2026-01-03T11:22:59Z</time>
   </trkpt>
   <trkpt lat="51.4867130" lon="-0.2437370">
    <ele>3.9</ele>
    <time>2026-01-03T11:23:00Z</time>
   </trkpt>
   <trkpt lat="51.4867200" lon="-0.2437180">
    <ele>3.9</ele>
    <time>2026-01-03T11:23:01Z</time>
   </trkpt>
   <trkpt lat="51.4867260" lon="-0.2437030">
    <ele>3.9</ele>
    <time>2026-01-03T11:23:02Z</time>
   </trkpt>
   <trkpt lat="51.4867340" lon="-0.2436870">
    <ele>3.9</ele>
    <time>2026-01-03T11:23:03Z</time>
   </trkpt>
   <trkpt lat="51.4867400" lon="-0.2436750">
    <ele>3.9</ele>
    <time>2026-01-03T11:23:04Z</time>
   </trkpt>
   <trkpt lat="51.4867490" lon="-0.2436650">
    <ele>3.9</ele>
    <time>2026-01-03T11:23:05Z</time>
   </trkpt>
   <trkpt lat="51.4867620" lon="-0.2436420">
    <ele>3.9</ele>
    <time>2026-01-03T11:23:06Z</time>
   </trkpt>
   <trkpt lat="51.4867680" lon="-0.2436310">
    <ele>3.9</ele>
    <time>2026-01-03T11:23:07Z</time>
   </trkpt>
   <trkpt lat="51.4867740" lon="-0.2436200">
    <ele>3.9</ele>
    <time>2026-01-03T11:23:08Z</time>
   </trkpt>
   <trkpt lat="51.4867830" lon="-0.2436060">
    <ele>3.9</ele>
    <time>2026-01-03T11:23:09Z</time>
   </trkpt>
   <trkpt lat="51.4867900" lon="-0.2435900">
    <ele>3.9</ele>
    <time>2026-01-03T11:23:10Z</time>
   </trkpt>
   <trkpt lat="51.4867980" lon="-0.2435810">
    <ele>3.9</ele>
    <time>2026-01-03T11:23:11Z</time>
   </trkpt>
   <trkpt lat="51.4868120" lon="-0.2435490">
    <ele>3.9</ele>
    <time>2026-01-03T11:23:12Z</time>
   </trkpt>
   <trkpt lat="51.4868170" lon="-0.2435390">
    <ele>3.9</ele>
    <time>2026-01-03T11:23:13Z</time>
   </trkpt>
   <trkpt lat="51.4868220" lon="-0.2435280">
    <ele>3.9</ele>
    <time>2026-01-03T11:23:14Z</time>
   </trkpt>
   <trkpt lat="51.4868340" lon="-0.2435080">
    <ele>3.8</ele>
    <time>2026-01-03T11:23:15Z</time>
   </trkpt>
   <trkpt lat="51.4868410" lon="-0.2434970">
    <ele>3.8</ele>
    <time>2026-01-03T11:23:16Z</time>
   </trkpt>
   <trkpt lat="51.4868470" lon="-0.2434860">
    <ele>3.8</ele>
    <time>2026-01-03T11:23:17Z</time>
   </trkpt>
   <trkpt lat="51.4868560" lon="-0.2434680">
    <ele>3.8</ele>
    <time>2026-01-03T11:23:18Z</time>
   </trkpt>
   <trkpt lat="51.4868660" lon="-0.2434500">
    <ele>3.8</ele>
    <time>2026-01-03T11:23:19Z</time>
   </trkpt>
   <trkpt lat="51.4868740" lon="-0.2434350">
    <ele>3.8</ele>
    <time>2026-01-03T11:23:20Z</time>
   </trkpt>
   <trkpt lat="51.4868800" lon="-0.2434220">
    <ele>3.8</ele>
    <time>2026-01-03T11:23:21Z</time>
   </trkpt>
   <trkpt lat="51.4868870" lon="-0.2434050">
    <ele>3.8</ele>
    <time>2026-01-03T11:23:22Z</time>
   </trkpt>
   <trkpt lat="51.4868940" lon="-0.2433890">
    <ele>3.8</ele>
    <time>2026-01-03T11:23:23Z</time>
   </trkpt>
   <trkpt lat="51.4869000" lon="-0.2433780">
    <ele>3.8</ele>
    <time>2026-01-03T11:23:24Z</time>
   </trkpt>
   <trkpt lat="51.4869090" lon="-0.2433610">
    <ele>3.8</ele>
    <time>2026-01-03T11:23:25Z</time>
   </trkpt>
   <trkpt lat="51.4869180" lon="-0.2433460">
    <ele>3.8</ele>
    <time>2026-01-03T11:23:26Z</time>
   </trkpt>
   <trkpt lat="51.4869280" lon="-0.2433310">
    <ele>3.8</ele>
    <time>2026-01-03T11:23:27Z</time>
   </trkpt>
   <trkpt lat="51.4869340" lon="-0.2433210">
    <ele>3.8</ele>
    <time>2026-01-03T11:23:28Z</time>
   </trkpt>
   <trkpt lat="51.4869500" lon="-0.2433050">
    <ele>3.8</ele>
    <time>2026-01-03T11:23:29Z</time>
   </trkpt>
   <trkpt lat="51.4869580" lon="-0.2432960">
    <ele>3.8</ele>
    <time>2026-01-03T11:23:30Z</time>
   </trkpt>
   <trkpt lat="51.4869720" lon="-0.2432720">
    <ele>3.8</ele>
    <time>2026-01-03T11:23:31Z</time>
   </trkpt>
   <trkpt lat="51.4869760" lon="-0.2432580">
    <ele>3.8</ele>
    <time>2026-01-03T11:23:32Z</time>
   </trkpt>
   <trkpt lat="51.4869830" lon="-0.2432420">
    <ele>3.8</ele>
    <time>2026-01-03T11:23:33Z</time>
   </trkpt>
   <trkpt lat="51.4869970" lon="-0.2432220">
    <ele>3.8</ele>
    <time>2026-01-03T11:23:34Z</time>
   </trkpt>
   <trkpt lat="51.4870060" lon="-0.2432040">
    <ele>3.8</ele>
    <time>2026-01-03T11:23:35Z</time>
   </trkpt>
   <trkpt lat="51.4870120" lon="-0.2431960">
    <ele>3.8</ele>
    <time>2026-01-03T11:23:36Z</time>
   </trkpt>
   <trkpt lat="51.4870170" lon="-0.2431820">
    <ele>3.8</ele>
    <time>2026-01-03T11:23:37Z</time>
   </trkpt>
   <trkpt lat="51.4870240" lon="-0.2431680">
    <ele>3.8</ele>
    <time>2026-01-03T11:23:38Z</time>
   </trkpt>
   <trkpt lat="51.4870330" lon="-0.2431600">
    <ele>3.8</ele>
    <time>2026-01-03T11:23:39Z</time>
   </trkpt>
   <trkpt lat="51.4870400" lon="-0.2431510">
    <ele>3.8</ele>
    <time>2026-01-03T11:23:40Z</time>
   </trkpt>
   <trkpt lat="51.4870530" lon="-0.2431310">
    <ele>3.8</ele>
    <time>2026-01-03T11:23:41Z</time>
   </trkpt>
   <trkpt lat="51.4870590" lon="-0.2431200">
    <ele>3.8</ele>
    <time>2026-01-03T11:23:42Z</time>
   </trkpt>
   <trkpt lat="51.4870650" lon="-0.2431100">
    <ele>3.8</ele>
    <time>2026-01-03T11:23:43Z</time>
   </trkpt>
   <trkpt lat="51.4870770" lon="-0.2430860">
    <ele>3.8</ele>
    <time>2026-01-03T11:23:44Z</time>
   </trkpt>
   <trkpt lat="51.4870820" lon="-0.2430740">
    <ele>3.8</ele>
    <time>2026-01-03T11:23:45Z</time>
   </trkpt>
   <trkpt lat="51.4870880" lon="-0.2430620">
    <ele>3.8</ele>
    <time>2026-01-03T11:23:46Z</time>
   </trkpt>
   <trkpt lat="51.4870990" lon="-0.2430330">
    <ele>3.8</ele>
    <time>2026-01-03T11:23:47Z</time>
   </trkpt>
   <trkpt lat="51.4871050" lon="-0.2430210">
    <ele>3.8</ele>
    <time>2026-01-03T11:23:48Z</time>
   </trkpt>
   <trkpt lat="51.4871100" lon="-0.2430100">
    <ele>3.8</ele>
    <time>2026-01-03T11:23:49Z</time>
   </trkpt>
   <trkpt lat="51.4871150" lon="-0.2429940">
    <ele>3.8</ele>
    <time>2026-01-03T11:23:50Z</time>
   </trkpt>
   <trkpt lat="51.4871250" lon="-0.2429750">
    <ele>3.8</ele>
    <time>2026-01-03T11:23:51Z</time>
   </trkpt>
   <trkpt lat="51.4871360" lon="-0.2429690">
    <ele>3.8</ele>
    <time>2026-01-03T11:23:52Z</time>
   </trkpt>
   <trkpt lat="51.4871450" lon="-0.2429560">
    <ele>3.8</ele>
    <time>2026-01-03T11:23:53Z</time>
   </trkpt>
   <trkpt lat="51.4871580" lon="-0.2429360">
    <ele>3.8</ele>
    <time>2026-01-03T11:23:54Z</time>
   </trkpt>
   <trkpt lat="51.4871700" lon="-0.2429120">
    <ele>3.9</ele>
    <time>2026-01-03T11:23:55Z</time>
   </trkpt>
   <trkpt lat="51.4871770" lon="-0.2429010">
    <ele>3.9</ele>
    <time>2026-01-03T11:23:56Z</time>
   </trkpt>
   <trkpt lat="51.4871830" lon="-0.2428900">
    <ele>3.9</ele>
    <time>2026-01-03T11:23:57Z</time>
   </trkpt>
   <trkpt lat="51.4871880" lon="-0.2428770">
    <ele>3.9</ele>
    <time>2026-01-03T11:23:58Z</time>
   </trkpt>
   <trkpt lat="51.4871940" lon="-0.2428640">
    <ele>3.9</ele>
    <time>2026-01-03T11:23:59Z</time>
   </trkpt>
   <trkpt lat="51.4872000" lon="-0.2428500">
    <ele>3.9</ele>
    <time>2026-01-03T11:24:00Z</time>
   </trkpt>
   <trkpt lat="51.4872130" lon="-0.2428210">
    <ele>3.9</ele>
    <time>2026-01-03T11:24:01Z</time>
   </trkpt>
   <trkpt lat="51.4872180" lon="-0.2428120">
    <ele>3.9</ele>
    <time>2026-01-03T11:24:02Z</time>
   </trkpt>
   <trkpt lat="51.4872220" lon="-0.2428020">
    <ele>3.9</ele>
    <time>2026-01-03T11:24:03Z</time>
   </trkpt>
   <trkpt lat="51.4872310" lon="-0.2427800">
    <ele>3.9</ele>
    <time>2026-01-03T11:24:04Z</time>
   </trkpt>
   <trkpt lat="51.4872360" lon="-0.2427650">
    <ele>3.9</ele>
    <time>2026-01-03T11:24:05Z</time>
   </trkpt>
   <trkpt lat="51.4872450" lon="-0.2427490">
    <ele>3.9</ele>
    <time>2026-01-03T11:24:06Z</time>
   </trkpt>
   <trkpt lat="51.4872540" lon="-0.2427420">
    <ele>3.9</ele>
    <time>2026-01-03T11:24:07Z</time>
   </trkpt>
   <trkpt lat="51.4872610" lon="-0.2427310">
    <ele>3.9</ele>
    <time>2026-01-03T11:24:08Z</time>
   </trkpt>
   <trkpt lat="51.4872680" lon="-0.2427140">
    <ele>3.9</ele>
    <time>2026-01-03T11:24:09Z</time>
   </trkpt>
   <trkpt lat="51.4872740" lon="-0.2427050">
    <ele>3.9</ele>
    <time>2026-01-03T11:24:10Z</time>
   </trkpt>
   <trkpt lat="51.4872840" lon="-0.2426850">
    <ele>3.9</ele>
    <time>2026-01-03T11:24:11Z</time>
   </trkpt>
   <trkpt lat="51.4873000" lon="-0.2426610">
    <ele>3.9</ele>
    <time>2026-01-03T11:24:12Z</time>
   </trkpt>
   <trkpt lat="51.4873070" lon="-0.2426500">
    <ele>3.9</ele>
    <time>2026-01-03T11:24:13Z</time>
   </trkpt>
   <trkpt lat="51.4873150" lon="-0.2426380">
    <ele>3.9</ele>
    <time>2026-01-03T11:24:14Z</time>
   </trkpt>
   <trkpt lat="51.4873260" lon="-0.2426190">
    <ele>3.9</ele>
    <time>2026-01-03T11:24:15Z</time>
   </trkpt>
   <trkpt lat="51.4873330" lon="-0.2426090">
    <ele>3.9</ele>
    <time>2026-01-03T11:24:16Z</time>
   </trkpt>
   <trkpt lat="51.4873390" lon="-0.2425960">
    <ele>3.9</ele>
    <time>2026-01-03T11:24:17Z</time>
   </trkpt>
   <trkpt lat="51.4873520" lon="-0.2425660">
    <ele>3.9</ele>
    <time>2026-01-03T11:24:18Z</time>
   </trkpt>
   <trkpt lat="51.4873570" lon="-0.2425540">
    <ele>3.9</ele>
    <time>2026-01-03T11:24:19Z</time>
   </trkpt>
   <trkpt lat="51.4873630" lon="-0.2425410">
    <ele>3.8</ele>
    <time>2026-01-03T11:24:20Z</time>
   </trkpt>
   <trkpt lat="51.4873740" lon="-0.2425310">
    <ele>3.8</ele>
    <time>2026-01-03T11:24:21Z</time>
   </trkpt>
   <trkpt lat="51.4873880" lon="-0.2425140">
    <ele>3.8</ele>
    <time>2026-01-03T11:24:22Z</time>
   </trkpt>
   <trkpt lat="51.4873960" lon="-0.2425030">
    <ele>3.8</ele>
    <time>2026-01-03T11:24:23Z</time>
   </trkpt>
   <trkpt lat="51.4874110" lon="-0.2424830">
    <ele>3.8</ele>
    <time>2026-01-03T11:24:24Z</time>
   </trkpt>
   <trkpt lat="51.4874200" lon="-0.2424720">
    <ele>3.8</ele>
    <time>2026-01-03T11:24:25Z</time>
   </trkpt>
   <trkpt lat="51.4874300" lon="-0.2424520">
    <ele>3.8</ele>
    <time>2026-01-03T11:24:26Z</time>
   </trkpt>
   <trkpt lat="51.4874440" lon="-0.2424280">
    <ele>3.8</ele>
    <time>2026-01-03T11:24:27Z</time>
   </trkpt>
   <trkpt lat="51.4874510" lon="-0.2424180">
    <ele>3.8</ele>
    <time>2026-01-03T11:24:28Z</time>
   </trkpt>
   <trkpt lat="51.4874570" lon="-0.2424090">
    <ele>3.8</ele>
    <time>2026-01-03T11:24:29Z</time>
   </trkpt>
   <trkpt lat="51.4874660" lon="-0.2424030">
    <ele>3.8</ele>
    <time>2026-01-03T11:24:30Z</time>
   </trkpt>
   <trkpt lat="51.4874740" lon="-0.2423900">
    <ele>3.8</ele>
    <time>2026-01-03T11:24:31Z</time>
   </trkpt>
   <trkpt lat="51.4874820" lon="-0.2423730">
    <ele>3.8</ele>
    <time>2026-01-03T11:24:32Z</time>
   </trkpt>
   <trkpt lat="51.4874890" lon="-0.2423610">
    <ele>3.8</ele>
    <time>2026-01-03T11:24:33Z</time>
   </trkpt>
   <trkpt lat="51.4874960" lon="-0.2423510">
    <ele>3.8</ele>
    <time>2026-01-03T11:24:34Z</time>
   </trkpt>
   <trkpt lat="51.4875050" lon="-0.2423390">
    <ele>3.8</ele>
    <time>2026-01-03T11:24:35Z</time>
   </trkpt>
   <trkpt lat="51.4875130" lon="-0.2423310">
    <ele>3.8</ele>
    <time>2026-01-03T11:24:36Z</time>
   </trkpt>
   <trkpt lat="51.4875170" lon="-0.2423220">
    <ele>3.8</ele>
    <time>2026-01-03T11:24:37Z</time>
   </trkpt>
   <trkpt lat="51.4875310" lon="-0.2423050">
    <ele>3.8</ele>
    <time>2026-01-03T11:24:38Z</time>
   </trkpt>
   <trkpt lat="51.4875380" lon="-0.2422910">
    <ele>3.8</ele>
    <time>2026-01-03T11:24:39Z</time>
   </trkpt>
   <trkpt lat="51.4875440" lon="-0.2422770">
    <ele>3.8</ele>
    <time>2026-01-03T11:24:40Z</time>
   </trkpt>
   <trkpt lat="51.4875530" lon="-0.2422650">
    <ele>3.8</ele>
    <time>2026-01-03T11:24:41Z</time>
   </trkpt>
   <trkpt lat="51.4875570" lon="-0.2422520">
    <ele>3.8</ele>
    <time>2026-01-03T11:24:42Z</time>
   </trkpt>
   <trkpt lat="51.4875700" lon="-0.2422350">
    <ele>3.8</ele>
    <time>2026-01-03T11:24:43Z</time>
   </trkpt>
   <trkpt lat="51.4875740" lon="-0.2422190">
    <ele>3.8</ele>
    <time>2026-01-03T11:24:44Z</time>
   </trkpt>
   <trkpt lat="51.4875900" lon="-0.2421950">
    <ele>3.8</ele>
    <time>2026-01-03T11:24:45Z</time>
   </trkpt>
   <trkpt lat="51.4875950" lon="-0.2421850">
    <ele>3.8</ele>
    <time>2026-01-03T11:24:46Z</time>
   </trkpt>
   <trkpt lat="51.4876010" lon="-0.2421760">
    <ele>3.8</ele>
    <time>2026-01-03T11:24:47Z</time>
   </trkpt>
   <trkpt lat="51.4876070" lon="-0.2421660">
    <ele>3.8</ele>
    <time>2026-01-03T11:24:48Z</time>
   </trkpt>
   <trkpt lat="51.4876210" lon="-0.2421560">
    <ele>3.8</ele>
    <time>2026-01-03T11:24:49Z</time>
   </trkpt>
   <trkpt lat="51.4876300" lon="-0.2421410">
    <ele>3.8</ele>
    <time>2026-01-03T11:24:50Z</time>
   </trkpt>
   <trkpt lat="51.4876470" lon="-0.2421200">
    <ele>3.8</ele>
    <time>2026-01-03T11:24:51Z</time>
   </trkpt>
   <trkpt lat="51.4876520" lon="-0.2421130">
    <ele>3.8</ele>
    <time>2026-01-03T11:24:52Z</time>
   </trkpt>
   <trkpt lat="51.4876580" lon="-0.2421050">
    <ele>3.8</ele>
    <time>2026-01-03T11:24:53Z</time>
   </trkpt>
   <trkpt lat="51.4876650" lon="-0.2420930">
    <ele>3.8</ele>
    <time>2026-01-03T11:24:54Z</time>
   </trkpt>
   <trkpt lat="51.4876740" lon="-0.2420820">
    <ele>3.8</ele>
    <time>2026-01-03T11:24:55Z</time>
   </trkpt>
   <trkpt lat="51.4876830" lon="-0.2420710">
    <ele>3.8</ele>
    <time>2026-01-03T11:24:56Z</time>
   </trkpt>
   <trkpt lat="51.4876890" lon="-0.2420600">
    <ele>3.8</ele>
    <time>2026-01-03T11:24:57Z</time>
   </trkpt>
   <trkpt lat="51.4876980" lon="-0.2420470">
    <ele>3.8</ele>
    <time>2026-01-03T11:24:58Z</time>
   </trkpt>
   <trkpt lat="51.4877100" lon="-0.2420330">
    <ele>3.8</ele>
    <time>2026-01-03T11:24:59Z</time>
   </trkpt>
   <trkpt lat="51.4877170" lon="-0.2420180">
    <ele>3.8</ele>
    <time>2026-01-03T11:25:00Z</time>
   </trkpt>
   <trkpt lat="51.4877240" lon="-0.2420000">
    <ele>3.8</ele>
    <time>2026-01-03T11:25:01Z</time>
   </trkpt>
   <trkpt lat="51.4877330" lon="-0.2419880">
    <ele>3.8</ele>
    <time>2026-01-03T11:25:02Z</time>
   </trkpt>
   <trkpt lat="51.4877400" lon="-0.2419750">
    <ele>3.8</ele>
    <time>2026-01-03T11:25:03Z</time>
   </trkpt>
   <trkpt lat="51.4877440" lon="-0.2419620">
    <ele>3.8</ele>
    <time>2026-01-03T11:25:04Z</time>
   </trkpt>
   <trkpt lat="51.4877500" lon="-0.2419530">
    <ele>3.8</ele>
    <time>2026-01-03T11:25:05Z</time>
   </trkpt>
   <trkpt lat="51.4877520" lon="-0.2419400">
    <ele>3.8</ele>
    <time>2026-01-03T11:25:06Z</time>
   </trkpt>
   <trkpt lat="51.4877590" lon="-0.2419190">
    <ele>3.8</ele>
    <time>2026-01-03T11:25:07Z</time>
   </trkpt>
   <trkpt lat="51.4877650" lon="-0.2419110">
    <ele>3.8</ele>
    <time>2026-01-03T11:25:08Z</time>
   </trkpt>
   <trkpt lat="51.4877800" lon="-0.2418950">
    <ele>3.8</ele>
    <time>2026-01-03T11:25:09Z</time>
   </trkpt>
   <trkpt lat="51.4877910" lon="-0.2418790">
    <ele>3.8</ele>
    <time>2026-01-03T11:25:10Z</time>
   </trkpt>
   <trkpt lat="51.4878020" lon="-0.2418730">
    <ele>3.8</ele>
    <time>2026-01-03T11:25:11Z</time>
   </trkpt>
   <trkpt lat="51.4878090" lon="-0.2418650">
    <ele>3.8</ele>
    <time>2026-01-03T11:25:12Z</time>
   </trkpt>
   <trkpt lat="51.4878160" lon="-0.2418550">
    <ele>3.8</ele>
    <time>2026-01-03T11:25:13Z</time>
   </trkpt>
   <trkpt lat="51.4878240" lon="-0.2418360">
    <ele>3.8</ele>
    <time>2026-01-03T11:25:14Z</time>
   </trkpt>
   <trkpt lat="51.4878360" lon="-0.2418240">
    <ele>3.8</ele>
    <time>2026-01-03T11:25:15Z</time>
   </trkpt>
   <trkpt lat="51.4878400" lon="-0.2418090">
    <ele>3.8</ele>
    <time>2026-01-03T11:25:16Z</time>
   </trkpt>
   <trkpt lat="51.4878500" lon="-0.2417890">
    <ele>3.8</ele>
    <time>2026-01-03T11:25:17Z</time>
   </trkpt>
   <trkpt lat="51.4878550" lon="-0.2417740">
    <ele>3.8</ele>
    <time>2026-01-03T11:25:18Z</time>
   </trkpt>
   <trkpt lat="51.4878680" lon="-0.2417630">
    <ele>3.7</ele>
    <time>2026-01-03T11:25:19Z</time>
   </trkpt>
   <trkpt lat="51.4878730" lon="-0.2417500">
    <ele>3.7</ele>
    <time>2026-01-03T11:25:20Z</time>
   </trkpt>
   <trkpt lat="51.4878780" lon="-0.2417360">
    <ele>3.7</ele>
    <time>2026-01-03T11:25:21Z</time>
   </trkpt>
   <trkpt lat="51.4878920" lon="-0.2417090">
    <ele>3.7</ele>
    <time>2026-01-03T11:25:22Z</time>
   </trkpt>
   <trkpt lat="51.4878970" lon="-0.2416980">
    <ele>3.7</ele>
    <time>2026-01-03T11:25:23Z</time>
   </trkpt>
   <trkpt lat="51.4879030" lon="-0.2416880">
    <ele>3.7</ele>
    <time>2026-01-03T11:25:24Z</time>
   </trkpt>
   <trkpt lat="51.4879140" lon="-0.2416740">
    <ele>3.7</ele>
    <time>2026-01-03T11:25:25Z</time>
   </trkpt>
   <trkpt lat="51.4879260" lon="-0.2416580">
    <ele>3.7</ele>
    <time>2026-01-03T11:25:26Z</time>
   </trkpt>
   <trkpt lat="51.4879410" lon="-0.2416290">
    <ele>3.7</ele>
    <time>2026-01-03T11:25:27Z</time>
   </trkpt>
   <trkpt lat="51.4879470" lon="-0.2416180">
    <ele>3.7</ele>
    <time>2026-01-03T11:25:28Z</time>
   </trkpt>
   <trkpt lat="51.4879540" lon="-0.2416070">
    <ele>3.7</ele>
    <time>2026-01-03T11:25:29Z</time>
   </trkpt>
   <trkpt lat="51.4879610" lon="-0.2415870">
    <ele>3.7</ele>
    <time>2026-01-03T11:25:30Z</time>
   </trkpt>
   <trkpt lat="51.4879690" lon="-0.2415730">
    <ele>3.7</ele>
    <time>2026-01-03T11:25:31Z</time>
   </trkpt>
   <trkpt lat="51.4879740" lon="-0.2415620">
    <ele>3.7</ele>
    <time>2026-01-03T11:25:32Z</time>
   </trkpt>
   <trkpt lat="51.4879890" lon="-0.2415380">
    <ele>3.7</ele>
    <time>2026-01-03T11:25:33Z</time>
   </trkpt>
   <trkpt lat="51.4879960" lon="-0.2415250">
    <ele>3.7</ele>
    <time>2026-01-03T11:25:34Z</time>
   </trkpt>
   <trkpt lat="51.4880040" lon="-0.2415120">
    <ele>3.7</ele>
    <time>2026-01-03T11:25:35Z</time>
   </trkpt>
   <trkpt lat="51.4880110" lon="-0.2415020">
    <ele>3.7</ele>
    <time>2026-01-03T11:25:36Z</time>
   </trkpt>
   <trkpt lat="51.4880160" lon="-0.2414850">
    <ele>3.7</ele>
    <time>2026-01-03T11:25:37Z</time>
   </trkpt>
   <trkpt lat="51.4880240" lon="-0.2414650">
    <ele>3.7</ele>
    <time>2026-01-03T11:25:38Z</time>
   </trkpt>
   <trkpt lat="51.4880370" lon="-0.2414370">
    <ele>3.7</ele>
    <time>2026-01-03T11:25:39Z</time>
   </trkpt>
   <trkpt lat="51.4880420" lon="-0.2414250">
    <ele>3.7</ele>
    <time>2026-01-03T11:25:40Z</time>
   </trkpt>
   <trkpt lat="51.4880480" lon="-0.2414130">
    <ele>3.7</ele>
    <time>2026-01-03T11:25:41Z</time>
   </trkpt>
   <trkpt lat="51.4880590" lon="-0.2413870">
    <ele>3.7</ele>
    <time>2026-01-03T11:25:42Z</time>
   </trkpt>
   <trkpt lat="51.4880640" lon="-0.2413730">
    <ele>3.7</ele>
    <time>2026-01-03T11:25:43Z</time>
   </trkpt>
   <trkpt lat="51.4880700" lon="-0.2413600">
    <ele>3.7</ele>
    <time>2026-01-03T11:25:44Z</time>
   </trkpt>
   <trkpt lat="51.4880770" lon="-0.2413360">
    <ele>3.7</ele>
    <time>2026-01-03T11:25:45Z</time>
   </trkpt>
   <trkpt lat="51.4880840" lon="-0.2413200">
    <ele>3.7</ele>
    <time>2026-01-03T11:25:46Z</time>
   </trkpt>
   <trkpt lat="51.4880900" lon="-0.2413010">
    <ele>3.7</ele>
    <time>2026-01-03T11:25:47Z</time>
   </trkpt>
   <trkpt lat="51.4880980" lon="-0.2412780">
    <ele>3.7</ele>
    <time>2026-01-03T11:25:48Z</time>
   </trkpt>
   <trkpt lat="51.4881040" lon="-0.2412630">
    <ele>3.7</ele>
    <time>2026-01-03T11:25:49Z</time>
   </trkpt>
   <trkpt lat="51.4881130" lon="-0.2412390">
    <ele>3.7</ele>
    <time>2026-01-03T11:25:50Z</time>
   </trkpt>
   <trkpt lat="51.4881190" lon="-0.2412290">
    <ele>3.7</ele>
    <time>2026-01-03T11:25:51Z</time>
   </trkpt>
   <trkpt lat="51.4881260" lon="-0.2412120">
    <ele>3.7</ele>
    <time>2026-01-03T11:25:52Z</time>
   </trkpt>
   <trkpt lat="51.4881340" lon="-0.2412000">
    <ele>3.7</ele>
    <time>2026-01-03T11:25:53Z</time>
   </trkpt>
   <trkpt lat="51.4881500" lon="-0.2411680">
    <ele>3.7</ele>
    <time>2026-01-03T11:25:54Z</time>
   </trkpt>
   <trkpt lat="51.4881540" lon="-0.2411600">
    <ele>3.7</ele>
    <time>2026-01-03T11:25:55Z</time>
   </trkpt>
   <trkpt lat="51.4881580" lon="-0.2411530">
    <ele>3.7</ele>
    <time>2026-01-03T11:25:56Z</time>
   </trkpt>
   <trkpt lat="51.4881670" lon="-0.2411430">
    <ele>3.8</ele>
    <time>2026-01-03T11:25:57Z</time>
   </trkpt>
   <trkpt lat="51.4881690" lon="-0.2411340">
    <ele>3.8</ele>
    <time>2026-01-03T11:25:58Z</time>
   </trkpt>
   <trkpt lat="51.4881760" lon="-0.2411180">
    <ele>3.8</ele>
    <time>2026-01-03T11:25:59Z</time>
   </trkpt>
   <trkpt lat="51.4881880" lon="-0.2410970">
    <ele>3.8</ele>
    <time>2026-01-03T11:26:00Z</time>
   </trkpt>
   <trkpt lat="51.4881940" lon="-0.2410810">
    <ele>3.8</ele>
    <time>2026-01-03T11:26:01Z</time>
   </trkpt>
   <trkpt lat="51.4882040" lon="-0.2410620">
    <ele>3.8</ele>
    <time>2026-01-03T11:26:02Z</time>
   </trkpt>
   <trkpt lat="51.4882140" lon="-0.2410400">
    <ele>3.8</ele>
    <time>2026-01-03T11:26:03Z</time>
   </trkpt>
   <trkpt lat="51.4882260" lon="-0.2410140">
    <ele>3.8</ele>
    <time>2026-01-03T11:26:04Z</time>
   </trkpt>
   <trkpt lat="51.4882330" lon="-0.2410040">
    <ele>3.8</ele>
    <time>2026-01-03T11:26:05Z</time>
   </trkpt>
   <trkpt lat="51.4882390" lon="-0.2409930">
    <ele>3.8</ele>
    <time>2026-01-03T11:26:06Z</time>
   </trkpt>
   <trkpt lat="51.4882460" lon="-0.2409830">
    <ele>3.8</ele>
    <time>2026-01-03T11:26:07Z</time>
   </trkpt>
   <trkpt lat="51.4882480" lon="-0.2409680">
    <ele>3.8</ele>
    <time>2026-01-03T11:26:08Z</time>
   </trkpt>
   <trkpt lat="51.4882550" lon="-0.2409510">
    <ele>3.8</ele>
    <time>2026-01-03T11:26:09Z</time>
   </trkpt>
   <trkpt lat="51.4882670" lon="-0.2409300">
    <ele>3.8</ele>
    <time>2026-01-03T11:26:10Z</time>
   </trkpt>
   <trkpt lat="51.4882740" lon="-0.2409140">
    <ele>3.8</ele>
    <time>2026-01-03T11:26:11Z</time>
   </trkpt>
   <trkpt lat="51.4882780" lon="-0.2408990">
    <ele>3.8</ele>
    <time>2026-01-03T11:26:12Z</time>
   </trkpt>
   <trkpt lat="51.4882840" lon="-0.2408750">
    <ele>3.8</ele>
    <time>2026-01-03T11:26:13Z</time>
   </trkpt>
   <trkpt lat="51.4882890" lon="-0.2408670">
    <ele>3.8</ele>
    <time>2026-01-03T11:26:14Z</time>
   </trkpt>
   <trkpt lat="51.4882940" lon="-0.2408580">
    <ele>3.8</ele>
    <time>2026-01-03T11:26:15Z</time>
   </trkpt>
   <trkpt lat="51.4883020" lon="-0.2408440">
    <ele>3.8</ele>
    <time>2026-01-03T11:26:16Z</time>
   </trkpt>
   <trkpt lat="51.4883100" lon="-0.2408320">
    <ele>3.8</ele>
    <time>2026-01-03T11:26:17Z</time>
   </trkpt>
   <trkpt lat="51.4883160" lon="-0.2408140">
    <ele>3.8</ele>
    <time>2026-01-03T11:26:18Z</time>
   </trkpt>
   <trkpt lat="51.4883180" lon="-0.2407900">
    <ele>3.8</ele>
    <time>2026-01-03T11:26:19Z</time>
   </trkpt>
   <trkpt lat="51.4883280" lon="-0.2407590">
    <ele>3.8</ele>
    <time>2026-01-03T11:26:20Z</time>
   </trkpt>
   <trkpt lat="51.4883320" lon="-0.2407470">
    <ele>3.8</ele>
    <time>2026-01-03T11:26:21Z</time>
   </trkpt>
   <trkpt lat="51.4883370" lon="-0.2407350">
    <ele>3.8</ele>
    <time>2026-01-03T11:26:22Z</time>
   </trkpt>
   <trkpt lat="51.4883460" lon="-0.2407120">
    <ele>3.8</ele>
    <time>2026-01-03T11:26:23Z</time>
   </trkpt>
   <trkpt lat="51.4883490" lon="-0.2407020">
    <ele>3.8</ele>
    <time>2026-01-03T11:26:24Z</time>
   </trkpt>
   <trkpt lat="51.4883520" lon="-0.2406930">
    <ele>3.8</ele>
    <time>2026-01-03T11:26:25Z</time>
   </trkpt>
   <trkpt lat="51.4883550" lon="-0.2406830">
    <ele>3.8</ele>
    <time>2026-01-03T11:26:26Z</time>
   </trkpt>
   <trkpt lat="51.4883610" lon="-0.2406600">
    <ele>3.8</ele>
    <time>2026-01-03T11:26:27Z</time>
   </trkpt>
   <trkpt lat="51.4883670" lon="-0.2406430">
    <ele>3.9</ele>
    <time>2026-01-03T11:26:28Z</time>
   </trkpt>
   <trkpt lat="51.4883830" lon="-0.2406150">
    <ele>3.9</ele>
    <time>2026-01-03T11:26:29Z</time>
   </trkpt>
   <trkpt lat="51.4883870" lon="-0.2406060">
    <ele>3.9</ele>
    <time>2026-01-03T11:26:30Z</time>
   </trkpt>
   <trkpt lat="51.4883910" lon="-0.2405970">
    <ele>3.9</ele>
    <time>2026-01-03T11:26:31Z</time>
   </trkpt>
   <trkpt lat="51.4883990" lon="-0.2405850">
    <ele>3.9</ele>
    <time>2026-01-03T11:26:32Z</time>
   </trkpt>
   <trkpt lat="51.4884050" lon="-0.2405750">
    <ele>3.9</ele>
    <time>2026-01-03T11:26:33Z</time>
   </trkpt>
   <trkpt lat="51.4884090" lon="-0.2405590">
    <ele>3.9</ele>
    <time>2026-01-03T11:26:34Z</time>
   </trkpt>
   <trkpt lat="51.4884060" lon="-0.2405460">
    <ele>3.9</ele>
    <time>2026-01-03T11:26:35Z</time>
   </trkpt>
   <trkpt lat="51.4884130" lon="-0.2405240">
    <ele>3.9</ele>
    <time>2026-01-03T11:26:36Z</time>
   </trkpt>
   <trkpt lat="51.4884180" lon="-0.2405020">
    <ele>3.9</ele>
    <time>2026-01-03T11:26:37Z</time>
   </trkpt>
   <trkpt lat="51.4884300" lon="-0.2404750">
    <ele>3.9</ele>
    <time>2026-01-03T11:26:38Z</time>
   </trkpt>
   <trkpt lat="51.4884360" lon="-0.2404640">
    <ele>3.9</ele>
    <time>2026-01-03T11:26:39Z</time>
   </trkpt>
   <trkpt lat="51.4884410" lon="-0.2404520">
    <ele>3.9</ele>
    <time>2026-01-03T11:26:40Z</time>
   </trkpt>
   <trkpt lat="51.4884500" lon="-0.2404220">
    <ele>3.9</ele>
    <time>2026-01-03T11:26:41Z</time>
   </trkpt>
   <trkpt lat="51.4884530" lon="-0.2404100">
    <ele>3.8</ele>
    <time>2026-01-03T11:26:42Z</time>
   </trkpt>
   <trkpt lat="51.4884560" lon="-0.2403970">
    <ele>3.8</ele>
    <time>2026-01-03T11:26:43Z</time>
   </trkpt>
   <trkpt lat="51.4884660" lon="-0.2403750">
    <ele>3.8</ele>
    <time>2026-01-03T11:26:44Z</time>
   </trkpt>
   <trkpt lat="51.4884690" lon="-0.2403510">
    <ele>3.8</ele>
    <time>2026-01-03T11:26:45Z</time>
   </trkpt>
   <trkpt lat="51.4884690" lon="-0.2403320">
    <ele>3.8</ele>
    <time>2026-01-03T11:26:46Z</time>
   </trkpt>
   <trkpt lat="51.4884740" lon="-0.2403110">
    <ele>3.8</ele>
    <time>2026-01-03T11:26:47Z</time>
   </trkpt>
   <trkpt lat="51.4884770" lon="-0.2402980">
    <ele>3.8</ele>
    <time>2026-01-03T11:26:48Z</time>
   </trkpt>
   <trkpt lat="51.4884800" lon="-0.2402900">
    <ele>3.8</ele>
    <time>2026-01-03T11:26:49Z</time>
   </trkpt>
   <trkpt lat="51.4884880" lon="-0.2402740">
    <ele>3.8</ele>
    <time>2026-01-03T11:26:50Z</time>
   </trkpt>
   <trkpt lat="51.4884980" lon="-0.2402530">
    <ele>3.8</ele>
    <time>2026-01-03T11:26:51Z</time>
   </trkpt>
   <trkpt lat="51.4885060" lon="-0.2402270">
    <ele>3.8</ele>
    <time>2026-01-03T11:26:52Z</time>
   </trkpt>
   <trkpt lat="51.4885120" lon="-0.2402150">
    <ele>3.8</ele>
    <time>2026-01-03T11:26:53Z</time>
   </trkpt>
   <trkpt lat="51.4885200" lon="-0.2402000">
    <ele>3.8</ele>
    <time>2026-01-03T11:26:54Z</time>
   </trkpt>
   <trkpt lat="51.4885250" lon="-0.2401850">
    <ele>3.8</ele>
    <time>2026-01-03T11:26:55Z</time>
   </trkpt>
   <trkpt lat="51.4885300" lon="-0.2401680">
    <ele>3.8</ele>
    <time>2026-01-03T11:26:56Z</time>
   </trkpt>
   <trkpt lat="51.4885370" lon="-0.2401470">
    <ele>3.8</ele>
    <time>2026-01-03T11:26:57Z</time>
   </trkpt>
   <trkpt lat="51.4885480" lon="-0.2401210">
    <ele>3.8</ele>
    <time>2026-01-03T11:26:58Z</time>
   </trkpt>
   <trkpt lat="51.4885510" lon="-0.2401020">
    <ele>3.8</ele>
    <time>2026-01-03T11:26:59Z</time>
   </trkpt>
   <trkpt lat="51.4885560" lon="-0.2400880">
    <ele>3.8</ele>
    <time>2026-01-03T11:27:00Z</time>
   </trkpt>
   <trkpt lat="51.4885590" lon="-0.2400720">
    <ele>3.8</ele>
    <time>2026-01-03T11:27:01Z</time>
   </trkpt>
   <trkpt lat="51.4885670" lon="-0.2400410">
    <ele>3.8</ele>
    <time>2026-01-03T11:27:02Z</time>
   </trkpt>
   <trkpt lat="51.4885700" lon="-0.2400290">
    <ele>3.8</ele>
    <time>2026-01-03T11:27:03Z</time>
   </trkpt>
   <trkpt lat="51.4885720" lon="-0.2400180">
    <ele>3.8</ele>
    <time>2026-01-03T11:27:04Z</time>
   </trkpt>
   <trkpt lat="51.4885830" lon="-0.2399960">
    <ele>3.8</ele>
    <time>2026-01-03T11:27:05Z</time>
   </trkpt>
   <trkpt lat="51.4885880" lon="-0.2399780">
    <ele>3.8</ele>
    <time>2026-01-03T11:27:06Z</time>
   </trkpt>
   <trkpt lat="51.4885910" lon="-0.2399610">
    <ele>3.8</ele>
    <time>2026-01-03T11:27:07Z</time>
   </trkpt>
   <trkpt lat="51.4885940" lon="-0.2399490">
    <ele>3.8</ele>
    <time>2026-01-03T11:27:08Z</time>
   </trkpt>
   <trkpt lat="51.4886020" lon="-0.2399270">
    <ele>3.8</ele>
    <time>2026-01-03T11:27:09Z</time>
   </trkpt>
   <trkpt lat="51.4886050" lon="-0.2399090">
    <ele>3.8</ele>
    <time>2026-01-03T11:27:10Z</time>
   </trkpt>
   <trkpt lat="51.4886110" lon="-0.2398950">
    <ele>3.8</ele>
    <time>2026-01-03T11:27:11Z</time>
   </trkpt>
   <trkpt lat="51.4886190" lon="-0.2398770">
    <ele>3.8</ele>
    <time>2026-01-03T11:27:12Z</time>
   </trkpt>
   <trkpt lat="51.4886240" lon="-0.2398580">
    <ele>3.8</ele>
    <time>2026-01-03T11:27:13Z</time>
   </trkpt>
   <trkpt lat="51.4886280" lon="-0.2398310">
    <ele>3.8</ele>
    <time>2026-01-03T11:27:14Z</time>
   </trkpt>
   <trkpt lat="51.4886300" lon="-0.2398130">
    <ele>3.8</ele>
    <time>2026-01-03T11:27:15Z</time>
   </trkpt>
   <trkpt lat="51.4886330" lon="-0.2397940">
    <ele>3.8</ele>
    <time>2026-01-03T11:27:16Z</time>
   </trkpt>
   <trkpt lat="51.4886350" lon="-0.2397760">
    <ele>3.8</ele>
    <time>2026-01-03T11:27:17Z</time>
   </trkpt>
   <trkpt lat="51.4886410" lon="-0.2397390">
    <ele>3.8</ele>
    <time>2026-01-03T11:27:18Z</time>
   </trkpt>
   <trkpt lat="51.4886440" lon="-0.2397240">
    <ele>3.8</ele>
    <time>2026-01-03T11:27:19Z</time>
   </trkpt>
   <trkpt lat="51.4886460" lon="-0.2397080">
    <ele>3.8</ele>
    <time>2026-01-03T11:27:20Z</time>
   </trkpt>
   <trkpt lat="51.4886470" lon="-0.2396950">
    <ele>3.8</ele>
    <time>2026-01-03T11:27:21Z</time>
   </trkpt>
   <trkpt lat="51.4886510" lon="-0.2396740">
    <ele>3.8</ele>
    <time>2026-01-03T11:27:22Z</time>
   </trkpt>
   <trkpt lat="51.4886520" lon="-0.2396590">
    <ele>3.8</ele>
    <time>2026-01-03T11:27:23Z</time>
   </trkpt>
   <trkpt lat="51.4886530" lon="-0.2396440">
    <ele>3.8</ele>
    <time>2026-01-03T11:27:24Z</time>
   </trkpt>
   <trkpt lat="51.4886570" lon="-0.2396250">
    <ele>3.8</ele>
    <time>2026-01-03T11:27:25Z</time>
   </trkpt>
   <trkpt lat="51.4886620" lon="-0.2396120">
    <ele>3.8</ele>
    <time>2026-01-03T11:27:26Z</time>
   </trkpt>
   <trkpt lat="51.4886660" lon="-0.2395780">
    <ele>3.8</ele>
    <time>2026-01-03T11:27:27Z</time>
   </trkpt>
   <trkpt lat="51.4886680" lon="-0.2395650">
    <ele>3.8</ele>
    <time>2026-01-03T11:27:28Z</time>
   </trkpt>
   <trkpt lat="51.4886710" lon="-0.2395530">
    <ele>3.8</ele>
    <time>2026-01-03T11:27:29Z</time>
   </trkpt>
   <trkpt lat="51.4886760" lon="-0.2395290">
    <ele>3.8</ele>
    <time>2026-01-03T11:27:30Z</time>
   </trkpt>
   <trkpt lat="51.4886820" lon="-0.2395060">
    <ele>3.8</ele>
    <time>2026-01-03T11:27:31Z</time>
   </trkpt>
   <trkpt lat="51.4886900" lon="-0.2394750">
    <ele>3.8</ele>
    <time>2026-01-03T11:27:32Z</time>
   </trkpt>
   <trkpt lat="51.4886920" lon="-0.2394630">
    <ele>3.8</ele>
    <time>2026-01-03T11:27:33Z</time>
   </trkpt>
   <trkpt lat="51.4886950" lon="-0.2394500">
    <ele>3.8</ele>
    <time>2026-01-03T11:27:34Z</time>
   </trkpt>
   <trkpt lat="51.4886960" lon="-0.2394250">
    <ele>3.8</ele>
    <time>2026-01-03T11:27:35Z</time>
   </trkpt>
   <trkpt lat="51.4886990" lon="-0.2394160">
    <ele>3.8</ele>
    <time>2026-01-03T11:27:36Z</time>
   </trkpt>
   <trkpt lat="51.4887030" lon="-0.2393980">
    <ele>3.8</ele>
    <time>2026-01-03T11:27:37Z</time>
   </trkpt>
   <trkpt lat="51.4887100" lon="-0.2393710">
    <ele>3.8</ele>
    <time>2026-01-03T11:27:38Z</time>
   </trkpt>
   <trkpt lat="51.4887140" lon="-0.2393510">
    <ele>3.8</ele>
    <time>2026-01-03T11:27:39Z</time>
   </trkpt>
   <trkpt lat="51.4887200" lon="-0.2393430">
    <ele>3.8</ele>
    <time>2026-01-03T11:27:40Z</time>
   </trkpt>
   <trkpt lat="51.4887210" lon="-0.2393280">
    <ele>3.8</ele>
    <time>2026-01-03T11:27:41Z</time>
   </trkpt>
   <trkpt lat="51.4887280" lon="-0.2393110">
    <ele>3.8</ele>
    <time>2026-01-03T11:27:42Z</time>
   </trkpt>
   <trkpt lat="51.4887340" lon="-0.2392740">
    <ele>3.8</ele>
    <time>2026-01-03T11:27:43Z</time>
   </trkpt>
   <trkpt lat="51.4887360" lon="-0.2392610">
    <ele>3.8</ele>
    <time>2026-01-03T11:27:44Z</time>
   </trkpt>
   <trkpt lat="51.4887390" lon="-0.2392470">
    <ele>3.8</ele>
    <time>2026-01-03T11:27:45Z</time>
   </trkpt>
   <trkpt lat="51.4887410" lon="-0.2392240">
    <ele>3.8</ele>
    <time>2026-01-03T11:27:46Z</time>
   </trkpt>
   <trkpt lat="51.4887460" lon="-0.2392130">
    <ele>3.8</ele>
    <time>2026-01-03T11:27:47Z</time>
   </trkpt>
   <trkpt lat="51.4887500" lon="-0.2391930">
    <ele>3.8</ele>
    <time>2026-01-03T11:27:48Z</time>
   </trkpt>
   <trkpt lat="51.4887560" lon="-0.2391590">
    <ele>3.8</ele>
    <time>2026-01-03T11:27:49Z</time>
   </trkpt>
   <trkpt lat="51.4887590" lon="-0.2391480">
    <ele>3.8</ele>
    <time>2026-01-03T11:27:50Z</time>
   </trkpt>
   <trkpt lat="51.4887610" lon="-0.2391360">
    <ele>3.8</ele>
    <time>2026-01-03T11:27:51Z</time>
   </trkpt>
   <trkpt lat="51.4887680" lon="-0.2391190">
    <ele>3.8</ele>
    <time>2026-01-03T11:27:52Z</time>
   </trkpt>
   <trkpt lat="51.4887720" lon="-0.2390930">
    <ele>3.8</ele>
    <time>2026-01-03T11:27:53Z</time>
   </trkpt>
   <trkpt lat="51.4887740" lon="-0.2390690">
    <ele>3.8</ele>
    <time>2026-01-03T11:27:54Z</time>
   </trkpt>
   <trkpt lat="51.4887740" lon="-0.2390520">
    <ele>3.8</ele>
    <time>2026-01-03T11:27:55Z</time>
   </trkpt>
   <trkpt lat="51.4887740" lon="-0.2390400">
    <ele>3.8</ele>
    <time>2026-01-03T11:27:56Z</time>
   </trkpt>
   <trkpt lat="51.4887770" lon="-0.2390120">
    <ele>3.8</ele>
    <time>2026-01-03T11:27:57Z</time>
   </trkpt>
   <trkpt lat="51.4887780" lon="-0.2389900">
    <ele>3.8</ele>
    <time>2026-01-03T11:27:58Z</time>
   </trkpt>
   <trkpt lat="51.4887790" lon="-0.2389690">
    <ele>3.8</ele>
    <time>2026-01-03T11:27:59Z</time>
   </trkpt>
   <trkpt lat="51.4887860" lon="-0.2389470">
    <ele>3.8</ele>
    <time>2026-01-03T11:28:00Z</time>
   </trkpt>
   <trkpt lat="51.4887860" lon="-0.2389250">
    <ele>3.8</ele>
    <time>2026-01-03T11:28:01Z</time>
   </trkpt>
   <trkpt lat="51.4887850" lon="-0.2389050">
    <ele>3.8</ele>
    <time>2026-01-03T11:28:02Z</time>
   </trkpt>
   <trkpt lat="51.4887840" lon="-0.2388920">
    <ele>3.8</ele>
    <time>2026-01-03T11:28:03Z</time>
   </trkpt>
   <trkpt lat="51.4887880" lon="-0.2388740">
    <ele>3.8</ele>
    <time>2026-01-03T11:28:04Z</time>
   </trkpt>
   <trkpt lat="51.4887890" lon="-0.2388630">
    <ele>3.8</ele>
    <time>2026-01-03T11:28:05Z</time>
   </trkpt>
   <trkpt lat="51.4887910" lon="-0.2388470">
    <ele>3.8</ele>
    <time>2026-01-03T11:28:06Z</time>
   </trkpt>
   <trkpt lat="51.4887930" lon="-0.2388240">
    <ele>3.8</ele>
    <time>2026-01-03T11:28:07Z</time>
   </trkpt>
   <trkpt lat="51.4887940" lon="-0.2388060">
    <ele>3.8</ele>
    <time>2026-01-03T11:28:08Z</time>
   </trkpt>
   <trkpt lat="51.4887950" lon="-0.2387900">
    <ele>3.8</ele>
    <time>2026-01-03T11:28:09Z</time>
   </trkpt>
   <trkpt lat="51.4888000" lon="-0.2387560">
    <ele>3.8</ele>
    <time>2026-01-03T11:28:10Z</time>
   </trkpt>
   <trkpt lat="51.4888010" lon="-0.2387410">
    <ele>3.8</ele>
    <time>2026-01-03T11:28:11Z</time>
   </trkpt>
   <trkpt lat="51.4888030" lon="-0.2387270">
    <ele>3.8</ele>
    <time>2026-01-03T11:28:12Z</time>
   </trkpt>
   <trkpt lat="51.4888080" lon="-0.2386990">
    <ele>3.8</ele>
    <time>2026-01-03T11:28:13Z</time>
   </trkpt>
   <trkpt lat="51.4888090" lon="-0.2386840">
    <ele>3.8</ele>
    <time>2026-01-03T11:28:14Z</time>
   </trkpt>
   <trkpt lat="51.4888100" lon="-0.2386690">
    <ele>3.8</ele>
    <time>2026-01-03T11:28:15Z</time>
   </trkpt>
   <trkpt lat="51.4888110" lon="-0.2386420">
    <ele>3.9</ele>
    <time>2026-01-03T11:28:16Z</time>
   </trkpt>
   <trkpt lat="51.4888130" lon="-0.2386220">
    <ele>3.9</ele>
    <time>2026-01-03T11:28:17Z</time>
   </trkpt>
   <trkpt lat="51.4888150" lon="-0.2386020">
    <ele>3.9</ele>
    <time>2026-01-03T11:28:18Z</time>
   </trkpt>
   <trkpt lat="51.4888190" lon="-0.2385760">
    <ele>3.9</ele>
    <time>2026-01-03T11:28:19Z</time>
   </trkpt>
   <trkpt lat="51.4888260" lon="-0.2385510">
    <ele>3.9</ele>
    <time>2026-01-03T11:28:20Z</time>
   </trkpt>
   <trkpt lat="51.4888310" lon="-0.2385330">
    <ele>3.9</ele>
    <time>2026-01-03T11:28:21Z</time>
   </trkpt>
   <trkpt lat="51.4888330" lon="-0.2385200">
    <ele>3.9</ele>
    <time>2026-01-03T11:28:22Z</time>
   </trkpt>
   <trkpt lat="51.4888350" lon="-0.2385000">
    <ele>3.9</ele>
    <time>2026-01-03T11:28:23Z</time>
   </trkpt>
   <trkpt lat="51.4888380" lon="-0.2384770">
    <ele>3.9</ele>
    <time>2026-01-03T11:28:24Z</time>
   </trkpt>
   <trkpt lat="51.4888390" lon="-0.2384680">
    <ele>3.9</ele>
    <time>2026-01-03T11:28:25Z</time>
   </trkpt>
   <trkpt lat="51.4888400" lon="-0.2384490">
    <ele>3.9</ele>
    <time>2026-01-03T11:28:26Z</time>
   </trkpt>
   <trkpt lat="51.4888460" lon="-0.2384280">
    <ele>3.9</ele>
    <time>2026-01-03T11:28:27Z</time>
   </trkpt>
   <trkpt lat="51.4888460" lon="-0.2384070">
    <ele>4.0</ele>
    <time>2026-01-03T11:28:28Z</time>
   </trkpt>
   <trkpt lat="51.4888510" lon="-0.2383790">
    <ele>4.0</ele>
    <time>2026-01-03T11:28:29Z</time>
   </trkpt>
   <trkpt lat="51.4888540" lon="-0.2383570">
    <ele>4.0</ele>
    <time>2026-01-03T11:28:30Z</time>
   </trkpt>
   <trkpt lat="51.4888580" lon="-0.2383260">
    <ele>4.0</ele>
    <time>2026-01-03T11:28:31Z</time>
   </trkpt>
   <trkpt lat="51.4888610" lon="-0.2383000">
    <ele>4.0</ele>
    <time>2026-01-03T11:28:32Z</time>
   </trkpt>
   <trkpt lat="51.4888640" lon="-0.2382870">
    <ele>4.0</ele>
    <time>2026-01-03T11:28:33Z</time>
   </trkpt>
   <trkpt lat="51.4888660" lon="-0.2382720">
    <ele>4.0</ele>
    <time>2026-01-03T11:28:34Z</time>
   </trkpt>
   <trkpt lat="51.4888670" lon="-0.2382410">
    <ele>4.0</ele>
    <time>2026-01-03T11:28:35Z</time>
   </trkpt>
   <trkpt lat="51.4888690" lon="-0.2382270">
    <ele>4.0</ele>
    <time>2026-01-03T11:28:36Z</time>
   </trkpt>
   <trkpt lat="51.4888700" lon="-0.2382120">
    <ele>4.0</ele>
    <time>2026-01-03T11:28:37Z</time>
   </trkpt>
   <trkpt lat="51.4888730" lon="-0.2381950">
    <ele>4.0</ele>
    <time>2026-01-03T11:28:38Z</time>
   </trkpt>
   <trkpt lat="51.4888770" lon="-0.2381740">
    <ele>4.0</ele>
    <time>2026-01-03T11:28:39Z</time>
   </trkpt>
   <trkpt lat="51.4888790" lon="-0.2381600">
    <ele>4.0</ele>
    <time>2026-01-03T11:28:40Z</time>
   </trkpt>
   <trkpt lat="51.4888850" lon="-0.2381270">
    <ele>4.0</ele>
    <time>2026-01-03T11:28:41Z</time>
   </trkpt>
   <trkpt lat="51.4888870" lon="-0.2381140">
    <ele>4.0</ele>
    <time>2026-01-03T11:28:42Z</time>
   </trkpt>
   <trkpt lat="51.4888880" lon="-0.2381000">
    <ele>4.0</ele>
    <time>2026-01-03T11:28:43Z</time>
   </trkpt>
   <trkpt lat="51.4888960" lon="-0.2380780">
    <ele>4.0</ele>
    <time>2026-01-03T11:28:44Z</time>
   </trkpt>
   <trkpt lat="51.4889000" lon="-0.2380590">
    <ele>4.0</ele>
    <time>2026-01-03T11:28:45Z</time>
   </trkpt>
   <trkpt lat="51.4889010" lon="-0.2380410">
    <ele>4.0</ele>
    <time>2026-01-03T11:28:46Z</time>
   </trkpt>
   <trkpt lat="51.4889020" lon="-0.2380150">
    <ele>4.0</ele>
    <time>2026-01-03T11:28:47Z</time>
   </trkpt>
   <trkpt lat="51.4889000" lon="-0.2379770">
    <ele>4.0</ele>
    <time>2026-01-03T11:28:48Z</time>
   </trkpt>
   <trkpt lat="51.4889000" lon="-0.2379620">
    <ele>4.0</ele>
    <time>2026-01-03T11:28:49Z</time>
   </trkpt>
   <trkpt lat="51.4889000" lon="-0.2379460">
    <ele>4.0</ele>
    <time>2026-01-03T11:28:50Z</time>
   </trkpt>
   <trkpt lat="51.4889030" lon="-0.2379120">
    <ele>4.0</ele>
    <time>2026-01-03T11:28:51Z</time>
   </trkpt>
   <trkpt lat="51.4889050" lon="-0.2379000">
    <ele>4.0</ele>
    <time>2026-01-03T11:28:52Z</time>
   </trkpt>
   <trkpt lat="51.4889060" lon="-0.2378870">
    <ele>4.0</ele>
    <time>2026-01-03T11:28:53Z</time>
   </trkpt>
   <trkpt lat="51.4889030" lon="-0.2378680">
    <ele>4.0</ele>
    <time>2026-01-03T11:28:54Z</time>
   </trkpt>
   <trkpt lat="51.4889000" lon="-0.2378390">
    <ele>4.0</ele>
    <time>2026-01-03T11:28:55Z</time>
   </trkpt>
   <trkpt lat="51.4889020" lon="-0.2378230">
    <ele>4.0</ele>
    <time>2026-01-03T11:28:56Z</time>
   </trkpt>
   <trkpt lat="51.4889050" lon="-0.2378050">
    <ele>4.0</ele>
    <time>2026-01-03T11:28:57Z</time>
   </trkpt>
   <trkpt lat="51.4889040" lon="-0.2377830">
    <ele>4.0</ele>
    <time>2026-01-03T11:28:58Z</time>
   </trkpt>
   <trkpt lat="51.4889030" lon="-0.2377740">
    <ele>4.0</ele>
    <time>2026-01-03T11:28:59Z</time>
   </trkpt>
   <trkpt lat="51.4889010" lon="-0.2377530">
    <ele>4.0</ele>
    <time>2026-01-03T11:29:00Z</time>
   </trkpt>
   <trkpt lat="51.4889010" lon="-0.2377260">
    <ele>4.0</ele>
    <time>2026-01-03T11:29:01Z</time>
   </trkpt>
   <trkpt lat="51.4889020" lon="-0.2376950">
    <ele>4.0</ele>
    <time>2026-01-03T11:29:02Z</time>
   </trkpt>
   <trkpt lat="51.4889040" lon="-0.2376810">
    <ele>4.0</ele>
    <time>2026-01-03T11:29:03Z</time>
   </trkpt>
   <trkpt lat="51.4889040" lon="-0.2376630">
    <ele>4.1</ele>
    <time>2026-01-03T11:29:04Z</time>
   </trkpt>
   <trkpt lat="51.4889030" lon="-0.2376550">
    <ele>4.1</ele>
    <time>2026-01-03T11:29:05Z</time>
   </trkpt>
   <trkpt lat="51.4889050" lon="-0.2376350">
    <ele>4.1</ele>
    <time>2026-01-03T11:29:06Z</time>
   </trkpt>
   <trkpt lat="51.4889070" lon="-0.2376000">
    <ele>4.1</ele>
    <time>2026-01-03T11:29:07Z</time>
   </trkpt>
   <trkpt lat="51.4889070" lon="-0.2375860">
    <ele>4.1</ele>
    <time>2026-01-03T11:29:08Z</time>
   </trkpt>
   <trkpt lat="51.4889060" lon="-0.2375710">
    <ele>4.1</ele>
    <time>2026-01-03T11:29:09Z</time>
   </trkpt>
   <trkpt lat="51.4889090" lon="-0.2375430">
    <ele>4.1</ele>
    <time>2026-01-03T11:29:10Z</time>
   </trkpt>
   <trkpt lat="51.4889130" lon="-0.2375280">
    <ele>4.1</ele>
    <time>2026-01-03T11:29:11Z</time>
   </trkpt>
   <trkpt lat="51.4889160" lon="-0.2375140">
    <ele>4.1</ele>
    <time>2026-01-03T11:29:12Z</time>
   </trkpt>
   <trkpt lat="51.4889200" lon="-0.2374950">
    <ele>4.1</ele>
    <time>2026-01-03T11:29:13Z</time>
   </trkpt>
   <trkpt lat="51.4889180" lon="-0.2374870">
    <ele>4.1</ele>
    <time>2026-01-03T11:29:14Z</time>
   </trkpt>
   <trkpt lat="51.4889190" lon="-0.2374660">
    <ele>4.1</ele>
    <time>2026-01-03T11:29:15Z</time>
   </trkpt>
   <trkpt lat="51.4889260" lon="-0.2374560">
    <ele>4.1</ele>
    <time>2026-01-03T11:29:16Z</time>
   </trkpt>
   <trkpt lat="51.4889260" lon="-0.2374390">
    <ele>4.1</ele>
    <time>2026-01-03T11:29:17Z</time>
   </trkpt>
   <trkpt lat="51.4889240" lon="-0.2374220">
    <ele>4.1</ele>
    <time>2026-01-03T11:29:18Z</time>
   </trkpt>
   <trkpt lat="51.4889240" lon="-0.2373990">
    <ele>4.1</ele>
    <time>2026-01-03T11:29:19Z</time>
   </trkpt>
   <trkpt lat="51.4889290" lon="-0.2373720">
    <ele>4.1</ele>
    <time>2026-01-03T11:29:20Z</time>
   </trkpt>
   <trkpt lat="51.4889310" lon="-0.2373520">
    <ele>4.1</ele>
    <time>2026-01-03T11:29:21Z</time>
   </trkpt>
   <trkpt lat="51.4889290" lon="-0.2373330">
    <ele>4.1</ele>
    <time>2026-01-03T11:29:22Z</time>
   </trkpt>
   <trkpt lat="51.4889240" lon="-0.2373160">
    <ele>4.1</ele>
    <time>2026-01-03T11:29:23Z</time>
   </trkpt>
   <trkpt lat="51.4889220" lon="-0.2372900">
    <ele>4.1</ele>
    <time>2026-01-03T11:29:24Z</time>
   </trkpt>
   <trkpt lat="51.4889230" lon="-0.2372650">
    <ele>4.0</ele>
    <time>2026-01-03T11:29:25Z</time>
   </trkpt>
   <trkpt lat="51.4889200" lon="-0.2372430">
    <ele>4.0</ele>
    <time>2026-01-03T11:29:26Z</time>
   </trkpt>
   <trkpt lat="51.4889200" lon="-0.2372340">
    <ele>4.0</ele>
    <time>2026-01-03T11:29:27Z</time>
   </trkpt>
   <trkpt lat="51.4889230" lon="-0.2372110">
    <ele>4.0</ele>
    <time>2026-01-03T11:29:28Z</time>
   </trkpt>
   <trkpt lat="51.4889280" lon="-0.2371750">
    <ele>4.0</ele>
    <time>2026-01-03T11:29:29Z</time>
   </trkpt>
   <trkpt lat="51.4889300" lon="-0.2371610">
    <ele>4.0</ele>
    <time>2026-01-03T11:29:30Z</time>
   </trkpt>
   <trkpt lat="51.4889320" lon="-0.2371480">
    <ele>4.0</ele>
    <time>2026-01-03T11:29:31Z</time>
   </trkpt>
   <trkpt lat="51.4889300" lon="-0.2371220">
    <ele>4.0</ele>
    <time>2026-01-03T11:29:32Z</time>
   </trkpt>
   <trkpt lat="51.4889290" lon="-0.2371020">
    <ele>4.0</ele>
    <time>2026-01-03T11:29:33Z</time>
   </trkpt>
   <trkpt lat="51.4889280" lon="-0.2370860">
    <ele>4.0</ele>
    <time>2026-01-03T11:29:34Z</time>
   </trkpt>
   <trkpt lat="51.4889260" lon="-0.2370680">
    <ele>4.0</ele>
    <time>2026-01-03T11:29:35Z</time>
   </trkpt>
   <trkpt lat="51.4889220" lon="-0.2370490">
    <ele>4.0</ele>
    <time>2026-01-03T11:29:36Z</time>
   </trkpt>
   <trkpt lat="51.4889260" lon="-0.2370250">
    <ele>4.0</ele>
    <time>2026-01-03T11:29:37Z</time>
   </trkpt>
   <trkpt lat="51.4889300" lon="-0.2370110">
    <ele>4.0</ele>
    <time>2026-01-03T11:29:38Z</time>
   </trkpt>
   <trkpt lat="51.4889270" lon="-0.2369910">
    <ele>4.0</ele>
    <time>2026-01-03T11:29:39Z</time>
   </trkpt>
   <trkpt lat="51.4889280" lon="-0.2369730">
    <ele>4.0</ele>
    <time>2026-01-03T11:29:40Z</time>
   </trkpt>
   <trkpt lat="51.4889300" lon="-0.2369560">
    <ele>4.0</ele>
    <time>2026-01-03T11:29:41Z</time>
   </trkpt>
   <trkpt lat="51.4889310" lon="-0.2369350">
    <ele>4.0</ele>
    <time>2026-01-03T11:29:42Z</time>
   </trkpt>
   <trkpt lat="51.4889280" lon="-0.2368970">
    <ele>4.0</ele>
    <time>2026-01-03T11:29:43Z</time>
   </trkpt>
   <trkpt lat="51.4889270" lon="-0.2368830">
    <ele>4.0</ele>
    <time>2026-01-03T11:29:44Z</time>
   </trkpt>
   <trkpt lat="51.4889260" lon="-0.2368680">
    <ele>4.0</ele>
    <time>2026-01-03T11:29:45Z</time>
   </trkpt>
   <trkpt lat="51.4889240" lon="-0.2368450">
    <ele>4.0</ele>
    <time>2026-01-03T11:29:46Z</time>
   </trkpt>
   <trkpt lat="51.4889260" lon="-0.2368220">
    <ele>4.0</ele>
    <time>2026-01-03T11:29:47Z</time>
   </trkpt>
   <trkpt lat="51.4889250" lon="-0.2367840">
    <ele>4.0</ele>
    <time>2026-01-03T11:29:48Z</time>
   </trkpt>
   <trkpt lat="51.4889230" lon="-0.2367690">
    <ele>4.0</ele>
    <time>2026-01-03T11:29:49Z</time>
   </trkpt>
   <trkpt lat="51.4889210" lon="-0.2367530">
    <ele>4.0</ele>
    <time>2026-01-03T11:29:50Z</time>
   </trkpt>
   <trkpt lat="51.4889150" lon="-0.2367200">
    <ele>4.0</ele>
    <time>2026-01-03T11:29:51Z</time>
   </trkpt>
   <trkpt lat="51.4889130" lon="-0.2367050">
    <ele>4.0</ele>
    <time>2026-01-03T11:29:52Z</time>
   </trkpt>
   <trkpt lat="51.4889110" lon="-0.2366910">
    <ele>4.0</ele>
    <time>2026-01-03T11:29:53Z</time>
   </trkpt>
   <trkpt lat="51.4889120" lon="-0.2366760">
    <ele>4.0</ele>
    <time>2026-01-03T11:29:54Z</time>
   </trkpt>
   <trkpt lat="51.4889120" lon="-0.2366590">
    <ele>4.0</ele>
    <time>2026-01-03T11:29:55Z</time>
   </trkpt>
   <trkpt lat="51.4889120" lon="-0.2366410">
    <ele>4.0</ele>
    <time>2026-01-03T11:29:56Z</time>
   </trkpt>
   <trkpt lat="51.4889110" lon="-0.2366150">
    <ele>4.0</ele>
    <time>2026-01-03T11:29:57Z</time>
   </trkpt>
   <trkpt lat="51.4889110" lon="-0.2365940">
    <ele>4.0</ele>
    <time>2026-01-03T11:29:58Z</time>
   </trkpt>
   <trkpt lat="51.4889120" lon="-0.2365830">
    <ele>4.0</ele>
    <time>2026-01-03T11:29:59Z</time>
   </trkpt>
   <trkpt lat="51.4889140" lon="-0.2365630">
    <ele>4.0</ele>
    <time>2026-01-03T11:30:00Z</time>
   </trkpt>
   <trkpt lat="51.4889150" lon="-0.2365380">
    <ele>4.0</ele>
    <time>2026-01-03T11:30:01Z</time>
   </trkpt>
   <trkpt lat="51.4889120" lon="-0.2365000">
    <ele>3.9</ele>
    <time>2026-01-03T11:30:02Z</time>
   </trkpt>
   <trkpt lat="51.4889110" lon="-0.2364860">
    <ele>3.9</ele>
    <time>2026-01-03T11:30:03Z</time>
   </trkpt>
   <trkpt lat="51.4889110" lon="-0.2364720">
    <ele>3.9</ele>
    <time>2026-01-03T11:30:04Z</time>
   </trkpt>
   <trkpt lat="51.4889130" lon="-0.2364530">
    <ele>3.9</ele>
    <time>2026-01-03T11:30:05Z</time>
   </trkpt>
   <trkpt lat="51.4889150" lon="-0.2364250">
    <ele>3.9</ele>
    <time>2026-01-03T11:30:06Z</time>
   </trkpt>
   <trkpt lat="51.4889150" lon="-0.2364030">
    <ele>3.9</ele>
    <time>2026-01-03T11:30:07Z</time>
   </trkpt>
   <trkpt lat="51.4889130" lon="-0.2363780">
    <ele>3.9</ele>
    <time>2026-01-03T11:30:08Z</time>
   </trkpt>
   <trkpt lat="51.4889140" lon="-0.2363570">
    <ele>3.9</ele>
    <time>2026-01-03T11:30:09Z</time>
   </trkpt>
   <trkpt lat="51.4889140" lon="-0.2363300">
    <ele>4.0</ele>
    <time>2026-01-03T11:30:10Z</time>
   </trkpt>
   <trkpt lat="51.4889130" lon="-0.2363120">
    <ele>4.0</ele>
    <time>2026-01-03T11:30:11Z</time>
   </trkpt>
   <trkpt lat="51.4889110" lon="-0.2362850">
    <ele>4.0</ele>
    <time>2026-01-03T11:30:12Z</time>
   </trkpt>
   <trkpt lat="51.4889070" lon="-0.2362630">
    <ele>4.0</ele>
    <time>2026-01-03T11:30:13Z</time>
   </trkpt>
   <trkpt lat="51.4889060" lon="-0.2362500">
    <ele>4.0</ele>
    <time>2026-01-03T11:30:14Z</time>
   </trkpt>
   <trkpt lat="51.4889090" lon="-0.2362300">
    <ele>4.0</ele>
    <time>2026-01-03T11:30:15Z</time>
   </trkpt>
   <trkpt lat="51.4889090" lon="-0.2362250">
    <ele>4.0</ele>
    <time>2026-01-03T11:30:16Z</time>
   </trkpt>
   <trkpt lat="51.4889070" lon="-0.2362060">
    <ele>4.0</ele>
    <time>2026-01-03T11:30:17Z</time>
   </trkpt>
   <trkpt lat="51.4889070" lon="-0.2361820">
    <ele>4.0</ele>
    <time>2026-01-03T11:30:18Z</time>
   </trkpt>
   <trkpt lat="51.4889040" lon="-0.2361580">
    <ele>4.0</ele>
    <time>2026-01-03T11:30:19Z</time>
   </trkpt>
   <trkpt lat="51.4889020" lon="-0.2361380">
    <ele>4.0</ele>
    <time>2026-01-03T11:30:20Z</time>
   </trkpt>
   <trkpt lat="51.4889030" lon="-0.2361160">
    <ele>4.0</ele>
    <time>2026-01-03T11:30:21Z</time>
   </trkpt>
   <trkpt lat="51.4889020" lon="-0.2360920">
    <ele>4.0</ele>
    <time>2026-01-03T11:30:22Z</time>
   </trkpt>
   <trkpt lat="51.4889010" lon="-0.2360610">
    <ele>4.0</ele>
    <time>2026-01-03T11:30:23Z</time>
   </trkpt>
   <trkpt lat="51.4889040" lon="-0.2360490">
    <ele>4.0</ele>
    <time>2026-01-03T11:30:24Z</time>
   </trkpt>
   <trkpt lat="51.4889040" lon="-0.2360310">
    <ele>4.0</ele>
    <time>2026-01-03T11:30:25Z</time>
   </trkpt>
   <trkpt lat="51.4889000" lon="-0.2360120">
    <ele>4.0</ele>
    <time>2026-01-03T11:30:26Z</time>
   </trkpt>
   <trkpt lat="51.4888980" lon="-0.2360030">
    <ele>4.0</ele>
    <time>2026-01-03T11:30:27Z</time>
   </trkpt>
   <trkpt lat="51.4888960" lon="-0.2359700">
    <ele>4.0</ele>
    <time>2026-01-03T11:30:28Z</time>
   </trkpt>
   <trkpt lat="51.4888950" lon="-0.2359560">
    <ele>4.0</ele>
    <time>2026-01-03T11:30:29Z</time>
   </trkpt>
   <trkpt lat="51.4888940" lon="-0.2359430">
    <ele>4.0</ele>
    <time>2026-01-03T11:30:30Z</time>
   </trkpt>
   <trkpt lat="51.4888900" lon="-0.2359210">
    <ele>4.0</ele>
    <time>2026-01-03T11:30:31Z</time>
   </trkpt>
   <trkpt lat="51.4888850" lon="-0.2359010">
    <ele>4.0</ele>
    <time>2026-01-03T11:30:32Z</time>
   </trkpt>
   <trkpt lat="51.4888830" lon="-0.2358840">
    <ele>4.0</ele>
    <time>2026-01-03T11:30:33Z</time>
   </trkpt>
   <trkpt lat="51.4888820" lon="-0.2358740">
    <ele>4.0</ele>
    <time>2026-01-03T11:30:34Z</time>
   </trkpt>
   <trkpt lat="51.4888810" lon="-0.2358560">
    <ele>4.0</ele>
    <time>2026-01-03T11:30:35Z</time>
   </trkpt>
   <trkpt lat="51.4888780" lon="-0.2358280">
    <ele>4.0</ele>
    <time>2026-01-03T11:30:36Z</time>
   </trkpt>
   <trkpt lat="51.4888770" lon="-0.2358100">
    <ele>4.0</ele>
    <time>2026-01-03T11:30:37Z</time>
   </trkpt>
   <trkpt lat="51.4888730" lon="-0.2357840">
    <ele>4.0</ele>
    <time>2026-01-03T11:30:38Z</time>
   </trkpt>
   <trkpt lat="51.4888690" lon="-0.2357570">
    <ele>4.0</ele>
    <time>2026-01-03T11:30:39Z</time>
   </trkpt>
   <trkpt lat="51.4888690" lon="-0.2357410">
    <ele>4.0</ele>
    <time>2026-01-03T11:30:40Z</time>
   </trkpt>
   <trkpt lat="51.4888680" lon="-0.2357170">
    <ele>3.9</ele>
    <time>2026-01-03T11:30:41Z</time>
   </trkpt>
   <trkpt lat="51.4888680" lon="-0.2356990">
    <ele>3.9</ele>
    <time>2026-01-03T11:30:42Z</time>
   </trkpt>
   <trkpt lat="51.4888680" lon="-0.2356690">
    <ele>3.9</ele>
    <time>2026-01-03T11:30:43Z</time>
   </trkpt>
   <trkpt lat="51.4888670" lon="-0.2356540">
    <ele>3.9</ele>
    <time>2026-01-03T11:30:44Z</time>
   </trkpt>
   <trkpt lat="51.4888670" lon="-0.2356400">
    <ele>3.9</ele>
    <time>2026-01-03T11:30:45Z</time>
   </trkpt>
   <trkpt lat="51.4888640" lon="-0.2356090">
    <ele>3.9</ele>
    <time>2026-01-03T11:30:46Z</time>
   </trkpt>
   <trkpt lat="51.4888630" lon="-0.2355950">
    <ele>3.9</ele>
    <time>2026-01-03T11:30:47Z</time>
   </trkpt>
   <trkpt lat="51.4888620" lon="-0.2355810">
    <ele>3.9</ele>
    <time>2026-01-03T11:30:48Z</time>
   </trkpt>
   <trkpt lat="51.4888610" lon="-0.2355630">
    <ele>3.9</ele>
    <time>2026-01-03T11:30:49Z</time>
   </trkpt>
   <trkpt lat="51.4888600" lon="-0.2355400">
    <ele>3.9</ele>
    <time>2026-01-03T11:30:50Z</time>
   </trkpt>
   <trkpt lat="51.4888590" lon="-0.2355230">
    <ele>3.9</ele>
    <time>2026-01-03T11:30:51Z</time>
   </trkpt>
   <trkpt lat="51.4888580" lon="-0.2355140">
    <ele>3.9</ele>
    <time>2026-01-03T11:30:52Z</time>
   </trkpt>
   <trkpt lat="51.4888560" lon="-0.2354970">
    <ele>3.9</ele>
    <time>2026-01-03T11:30:53Z</time>
   </trkpt>
   <trkpt lat="51.4888530" lon="-0.2354680">
    <ele>3.9</ele>
    <time>2026-01-03T11:30:54Z</time>
   </trkpt>
   <trkpt lat="51.4888550" lon="-0.2354530">
    <ele>3.9</ele>
    <time>2026-01-03T11:30:55Z</time>
   </trkpt>
   <trkpt lat="51.4888540" lon="-0.2354290">
    <ele>3.9</ele>
    <time>2026-01-03T11:30:56Z</time>
   </trkpt>
   <trkpt lat="51.4888530" lon="-0.2354100">
    <ele>3.9</ele>
    <time>2026-01-03T11:30:57Z</time>
   </trkpt>
   <trkpt lat="51.4888520" lon="-0.2353870">
    <ele>3.9</ele>
    <time>2026-01-03T11:30:58Z</time>
   </trkpt>
   <trkpt lat="51.4888520" lon="-0.2353640">
    <ele>3.9</ele>
    <time>2026-01-03T11:30:59Z</time>
   </trkpt>
   <trkpt lat="51.4888510" lon="-0.2353280">
    <ele>3.9</ele>
    <time>2026-01-03T11:31:00Z</time>
   </trkpt>
   <trkpt lat="51.4888490" lon="-0.2353130">
    <ele>3.9</ele>
    <time>2026-01-03T11:31:01Z</time>
   </trkpt>
   <trkpt lat="51.4888480" lon="-0.2352980">
    <ele>3.9</ele>
    <time>2026-01-03T11:31:02Z</time>
   </trkpt>
   <trkpt lat="51.4888460" lon="-0.2352800">
    <ele>3.9</ele>
    <time>2026-01-03T11:31:03Z</time>
   </trkpt>
   <trkpt lat="51.4888460" lon="-0.2352650">
    <ele>3.9</ele>
    <time>2026-01-03T11:31:04Z</time>
   </trkpt>
   <trkpt lat="51.4888490" lon="-0.2352460">
    <ele>3.9</ele>
    <time>2026-01-03T11:31:05Z</time>
   </trkpt>
   <trkpt lat="51.4888410" lon="-0.2352060">
    <ele>3.9</ele>
    <time>2026-01-03T11:31:06Z</time>
   </trkpt>
   <trkpt lat="51.4888380" lon="-0.2351880">
    <ele>3.9</ele>
    <time>2026-01-03T11:31:07Z</time>
   </trkpt>
   <trkpt lat="51.4888330" lon="-0.2351690">
    <ele>3.9</ele>
    <time>2026-01-03T11:31:08Z</time>
   </trkpt>
   <trkpt lat="51.4888310" lon="-0.2351540">
    <ele>3.9</ele>
    <time>2026-01-03T11:31:09Z</time>
   </trkpt>
   <trkpt lat="51.4888310" lon="-0.2351390">
    <ele>3.9</ele>
    <time>2026-01-03T11:31:10Z</time>
   </trkpt>
   <trkpt lat="51.4888300" lon="-0.2351220">
    <ele>3.9</ele>
    <time>2026-01-03T11:31:11Z</time>
   </trkpt>
   <trkpt lat="51.4888310" lon="-0.2351010">
    <ele>3.9</ele>
    <time>2026-01-03T11:31:12Z</time>
   </trkpt>
   <trkpt lat="51.4888300" lon="-0.2350840">
    <ele>3.9</ele>
    <time>2026-01-03T11:31:13Z</time>
   </trkpt>
   <trkpt lat="51.4888280" lon="-0.2350610">
    <ele>3.9</ele>
    <time>2026-01-03T11:31:14Z</time>
   </trkpt>
   <trkpt lat="51.4888320" lon="-0.2350350">
    <ele>3.9</ele>
    <time>2026-01-03T11:31:15Z</time>
   </trkpt>
   <trkpt lat="51.4888340" lon="-0.2350210">
    <ele>3.9</ele>
    <time>2026-01-03T11:31:16Z</time>
   </trkpt>
   <trkpt lat="51.4888340" lon="-0.2350100">
    <ele>3.9</ele>
    <time>2026-01-03T11:31:17Z</time>
   </trkpt>
   <trkpt lat="51.4888320" lon="-0.2349950">
    <ele>3.9</ele>
    <time>2026-01-03T11:31:18Z</time>
   </trkpt>
   <trkpt lat="51.4888320" lon="-0.2349770">
    <ele>3.9</ele>
    <time>2026-01-03T11:31:19Z</time>
   </trkpt>
   <trkpt lat="51.4888300" lon="-0.2349500">
    <ele>3.9</ele>
    <time>2026-01-03T11:31:20Z</time>
   </trkpt>
   <trkpt lat="51.4888260" lon="-0.2349250">
    <ele>3.9</ele>
    <time>2026-01-03T11:31:21Z</time>
   </trkpt>
   <trkpt lat="51.4888230" lon="-0.2349090">
    <ele>3.9</ele>
    <time>2026-01-03T11:31:22Z</time>
   </trkpt>
   <trkpt lat="51.4888220" lon="-0.2348890">
    <ele>3.9</ele>
    <time>2026-01-03T11:31:23Z</time>
   </trkpt>
   <trkpt lat="51.4888200" lon="-0.2348740">
    <ele>3.9</ele>
    <time>2026-01-03T11:31:24Z</time>
   </trkpt>
   <trkpt lat="51.4888190" lon="-0.2348560">
    <ele>3.9</ele>
    <time>2026-01-03T11:31:25Z</time>
   </trkpt>
   <trkpt lat="51.4888180" lon="-0.2348280">
    <ele>3.9</ele>
    <time>2026-01-03T11:31:26Z</time>
   </trkpt>
   <trkpt lat="51.4888120" lon="-0.2347970">
    <ele>3.9</ele>
    <time>2026-01-03T11:31:27Z</time>
   </trkpt>
   <trkpt lat="51.4888100" lon="-0.2347810">
    <ele>3.9</ele>
    <time>2026-01-03T11:31:28Z</time>
   </trkpt>
   <trkpt lat="51.4888090" lon="-0.2347650">
    <ele>3.9</ele>
    <time>2026-01-03T11:31:29Z</time>
   </trkpt>
   <trkpt lat="51.4888060" lon="-0.2347490">
    <ele>3.9</ele>
    <time>2026-01-03T11:31:30Z</time>
   </trkpt>
   <trkpt lat="51.4888020" lon="-0.2347300">
    <ele>3.9</ele>
    <time>2026-01-03T11:31:31Z</time>
   </trkpt>
   <trkpt lat="51.4887980" lon="-0.2347150">
    <ele>3.9</ele>
    <time>2026-01-03T11:31:32Z</time>
   </trkpt>
   <trkpt lat="51.4887950" lon="-0.2346930">
    <ele>3.9</ele>
    <time>2026-01-03T11:31:33Z</time>
   </trkpt>
   <trkpt lat="51.4887890" lon="-0.2346700">
    <ele>3.9</ele>
    <time>2026-01-03T11:31:34Z</time>
   </trkpt>
   <trkpt lat="51.4887870" lon="-0.2346490">
    <ele>3.9</ele>
    <time>2026-01-03T11:31:35Z</time>
   </trkpt>
   <trkpt lat="51.4887850" lon="-0.2346320">
    <ele>3.9</ele>
    <time>2026-01-03T11:31:36Z</time>
   </trkpt>
   <trkpt lat="51.4887810" lon="-0.2346130">
    <ele>4.0</ele>
    <time>2026-01-03T11:31:37Z</time>
   </trkpt>
   <trkpt lat="51.4887790" lon="-0.2345830">
    <ele>4.0</ele>
    <time>2026-01-03T11:31:38Z</time>
   </trkpt>
   <trkpt lat="51.4887760" lon="-0.2345640">
    <ele>4.0</ele>
    <time>2026-01-03T11:31:39Z</time>
   </trkpt>
   <trkpt lat="51.4887760" lon="-0.2345420">
    <ele>4.0</ele>
    <time>2026-01-03T11:31:40Z</time>
   </trkpt>
   <trkpt lat="51.4887740" lon="-0.2345150">
    <ele>4.0</ele>
    <time>2026-01-03T11:31:41Z</time>
   </trkpt>
   <trkpt lat="51.4887720" lon="-0.2345020">
    <ele>4.0</ele>
    <time>2026-01-03T11:31:42Z</time>
   </trkpt>
   <trkpt lat="51.4887710" lon="-0.2344810">
    <ele>4.0</ele>
    <time>2026-01-03T11:31:43Z</time>
   </trkpt>
   <trkpt lat="51.4887700" lon="-0.2344580">
    <ele>4.0</ele>
    <time>2026-01-03T11:31:44Z</time>
   </trkpt>
   <trkpt lat="51.4887660" lon="-0.2344360">
    <ele>4.0</ele>
    <time>2026-01-03T11:31:45Z</time>
   </trkpt>
   <trkpt lat="51.4887620" lon="-0.2344200">
    <ele>4.0</ele>
    <time>2026-01-03T11:31:46Z</time>
   </trkpt>
   <trkpt lat="51.4887610" lon="-0.2344050">
    <ele>4.0</ele>
    <time>2026-01-03T11:31:47Z</time>
   </trkpt>
   <trkpt lat="51.4887580" lon="-0.2343690">
    <ele>4.0</ele>
    <time>2026-01-03T11:31:48Z</time>
   </trkpt>
   <trkpt lat="51.4887570" lon="-0.2343550">
    <ele>4.0</ele>
    <time>2026-01-03T11:31:49Z</time>
   </trkpt>
   <trkpt lat="51.4887550" lon="-0.2343410">
    <ele>4.0</ele>
    <time>2026-01-03T11:31:50Z</time>
   </trkpt>
   <trkpt lat="51.4887540" lon="-0.2343220">
    <ele>4.0</ele>
    <time>2026-01-03T11:31:51Z</time>
   </trkpt>
   <trkpt lat="51.4887480" lon="-0.2342960">
    <ele>4.0</ele>
    <time>2026-01-03T11:31:52Z</time>
   </trkpt>
   <trkpt lat="51.4887440" lon="-0.2342660">
    <ele>4.0</ele>
    <time>2026-01-03T11:31:53Z</time>
   </trkpt>
   <trkpt lat="51.4887430" lon="-0.2342510">
    <ele>4.0</ele>
    <time>2026-01-03T11:31:54Z</time>
   </trkpt>
   <trkpt lat="51.4887410" lon="-0.2342350">
    <ele>4.0</ele>
    <time>2026-01-03T11:31:55Z</time>
   </trkpt>
   <trkpt lat="51.4887380" lon="-0.2342050">
    <ele>4.0</ele>
    <time>2026-01-03T11:31:56Z</time>
   </trkpt>
   <trkpt lat="51.4887370" lon="-0.2341900">
    <ele>4.0</ele>
    <time>2026-01-03T11:31:57Z</time>
   </trkpt>
   <trkpt lat="51.4887350" lon="-0.2341760">
    <ele>4.0</ele>
    <time>2026-01-03T11:31:58Z</time>
   </trkpt>
   <trkpt lat="51.4887310" lon="-0.2341550">
    <ele>4.0</ele>
    <time>2026-01-03T11:31:59Z</time>
   </trkpt>
   <trkpt lat="51.4887290" lon="-0.2341390">
    <ele>4.0</ele>
    <time>2026-01-03T11:32:00Z</time>
   </trkpt>
   <trkpt lat="51.4887220" lon="-0.2341220">
    <ele>4.0</ele>
    <time>2026-01-03T11:32:01Z</time>
   </trkpt>
   <trkpt lat="51.4887170" lon="-0.2341030">
    <ele>4.0</ele>
    <time>2026-01-03T11:32:02Z</time>
   </trkpt>
   <trkpt lat="51.4887120" lon="-0.2340840">
    <ele>4.0</ele>
    <time>2026-01-03T11:32:03Z</time>
   </trkpt>
   <trkpt lat="51.4887090" lon="-0.2340750">
    <ele>4.0</ele>
    <time>2026-01-03T11:32:04Z</time>
   </trkpt>
   <trkpt lat="51.4887050" lon="-0.2340630">
    <ele>4.0</ele>
    <time>2026-01-03T11:32:05Z</time>
   </trkpt>
   <trkpt lat="51.4886990" lon="-0.2340340">
    <ele>4.1</ele>
    <time>2026-01-03T11:32:06Z</time>
   </trkpt>
   <trkpt lat="51.4886950" lon="-0.2340200">
    <ele>4.1</ele>
    <time>2026-01-03T11:32:07Z</time>
   </trkpt>
   <trkpt lat="51.4886920" lon="-0.2339930">
    <ele>4.1</ele>
    <time>2026-01-03T11:32:08Z</time>
   </trkpt>
   <trkpt lat="51.4886890" lon="-0.2339820">
    <ele>4.1</ele>
    <time>2026-01-03T11:32:09Z</time>
   </trkpt>
   <trkpt lat="51.4886850" lon="-0.2339590">
    <ele>4.1</ele>
    <time>2026-01-03T11:32:10Z</time>
   </trkpt>
   <trkpt lat="51.4886840" lon="-0.2339470">
    <ele>4.1</ele>
    <time>2026-01-03T11:32:11Z</time>
   </trkpt>
   <trkpt lat="51.4886820" lon="-0.2339410">
    <ele>4.1</ele>
    <time>2026-01-03T11:32:12Z</time>
   </trkpt>
   <trkpt lat="51.4886770" lon="-0.2339270">
    <ele>4.1</ele>
    <time>2026-01-03T11:32:13Z</time>
   </trkpt>
   <trkpt lat="51.4886700" lon="-0.2339060">
    <ele>4.1</ele>
    <time>2026-01-03T11:32:14Z</time>
   </trkpt>
   <trkpt lat="51.4886640" lon="-0.2338880">
    <ele>4.1</ele>
    <time>2026-01-03T11:32:15Z</time>
   </trkpt>
   <trkpt lat="51.4886580" lon="-0.2338590">
    <ele>4.1</ele>
    <time>2026-01-03T11:32:16Z</time>
   </trkpt>
   <trkpt lat="51.4886520" lon="-0.2338360">
    <ele>4.1</ele>
    <time>2026-01-03T11:32:17Z</time>
   </trkpt>
   <trkpt lat="51.4886460" lon="-0.2338130">
    <ele>4.1</ele>
    <time>2026-01-03T11:32:18Z</time>
   </trkpt>
   <trkpt lat="51.4886410" lon="-0.2338020">
    <ele>4.1</ele>
    <time>2026-01-03T11:32:19Z</time>
   </trkpt>
   <trkpt lat="51.4886380" lon="-0.2337840">
    <ele>4.1</ele>
    <time>2026-01-03T11:32:20Z</time>
   </trkpt>
   <trkpt lat="51.4886330" lon="-0.2337560">
    <ele>4.1</ele>
    <time>2026-01-03T11:32:21Z</time>
   </trkpt>
   <trkpt lat="51.4886290" lon="-0.2337380">
    <ele>4.1</ele>
    <time>2026-01-03T11:32:22Z</time>
   </trkpt>
   <trkpt lat="51.4886240" lon="-0.2337190">
    <ele>4.1</ele>
    <time>2026-01-03T11:32:24Z</time>
   </trkpt>
   <trkpt lat="51.4886200" lon="-0.2337010">
    <ele>4.1</ele>
    <time>2026-01-03T11:32:25Z</time>
   </trkpt>
   <trkpt lat="51.4886160" lon="-0.2336820">
    <ele>4.1</ele>
    <time>2026-01-03T11:32:26Z</time>
   </trkpt>
   <trkpt lat="51.4886130" lon="-0.2336620">
    <ele>4.1</ele>
    <time>2026-01-03T11:32:27Z</time>
   </trkpt>
   <trkpt lat="51.4886090" lon="-0.2336460">
    <ele>4.1</ele>
    <time>2026-01-03T11:32:28Z</time>
   </trkpt>
   <trkpt lat="51.4886060" lon="-0.2336310">
    <ele>4.1</ele>
    <time>2026-01-03T11:32:29Z</time>
   </trkpt>
   <trkpt lat="51.4885960" lon="-0.2335970">
    <ele>4.1</ele>
    <time>2026-01-03T11:32:30Z</time>
   </trkpt>
   <trkpt lat="51.4885930" lon="-0.2335860">
    <ele>4.1</ele>
    <time>2026-01-03T11:32:31Z</time>
   </trkpt>
   <trkpt lat="51.4885890" lon="-0.2335750">
    <ele>4.1</ele>
    <time>2026-01-03T11:32:32Z</time>
   </trkpt>
   <trkpt lat="51.4885860" lon="-0.2335530">
    <ele>4.1</ele>
    <time>2026-01-03T11:32:33Z</time>
   </trkpt>
   <trkpt lat="51.4885820" lon="-0.2335320">
    <ele>4.1</ele>
    <time>2026-01-03T11:32:34Z</time>
   </trkpt>
   <trkpt lat="51.4885820" lon="-0.2335160">
    <ele>4.1</ele>
    <time>2026-01-03T11:32:35Z</time>
   </trkpt>
   <trkpt lat="51.4885800" lon="-0.2334980">
    <ele>4.1</ele>
    <time>2026-01-03T11:32:36Z</time>
   </trkpt>
   <trkpt lat="51.4885780" lon="-0.2334810">
    <ele>4.1</ele>
    <time>2026-01-03T11:32:37Z</time>
   </trkpt>
   <trkpt lat="51.4885720" lon="-0.2334480">
    <ele>4.1</ele>
    <time>2026-01-03T11:32:38Z</time>
   </trkpt>
   <trkpt lat="51.4885690" lon="-0.2334370">
    <ele>4.1</ele>
    <time>2026-01-03T11:32:39Z</time>
   </trkpt>
   <trkpt lat="51.4885670" lon="-0.2334250">
    <ele>4.1</ele>
    <time>2026-01-03T11:32:40Z</time>
   </trkpt>
   <trkpt lat="51.4885610" lon="-0.2333990">
    <ele>4.1</ele>
    <time>2026-01-03T11:32:41Z</time>
   </trkpt>
   <trkpt lat="51.4885550" lon="-0.2333830">
    <ele>4.1</ele>
    <time>2026-01-03T11:32:42Z</time>
   </trkpt>
   <trkpt lat="51.4885490" lon="-0.2333630">
    <ele>4.1</ele>
    <time>2026-01-03T11:32:43Z</time>
   </trkpt>
   <trkpt lat="51.4885430" lon="-0.2333380">
    <ele>4.1</ele>
    <time>2026-01-03T11:32:44Z</time>
   </trkpt>
   <trkpt lat="51.4885410" lon="-0.2333220">
    <ele>4.1</ele>
    <time>2026-01-03T11:32:45Z</time>
   </trkpt>
   <trkpt lat="51.4885390" lon="-0.2333090">
    <ele>4.1</ele>
    <time>2026-01-03T11:32:46Z</time>
   </trkpt>
   <trkpt lat="51.4885330" lon="-0.2332920">
    <ele>4.1</ele>
    <time>2026-01-03T11:32:47Z</time>
   </trkpt>
   <trkpt lat="51.4885240" lon="-0.2332590">
    <ele>4.1</ele>
    <time>2026-01-03T11:32:48Z</time>
   </trkpt>
   <trkpt lat="51.4885210" lon="-0.2332450">
    <ele>4.1</ele>
    <time>2026-01-03T11:32:49Z</time>
   </trkpt>
   <trkpt lat="51.4885180" lon="-0.2332310">
    <ele>4.1</ele>
    <time>2026-01-03T11:32:50Z</time>
   </trkpt>
   <trkpt lat="51.4885120" lon="-0.2332130">
    <ele>4.1</ele>
    <time>2026-01-03T11:32:51Z</time>
   </trkpt>
   <trkpt lat="51.4885100" lon="-0.2331990">
    <ele>4.1</ele>
    <time>2026-01-03T11:32:52Z</time>
   </trkpt>
   <trkpt lat="51.4885070" lon="-0.2331800">
    <ele>4.1</ele>
    <time>2026-01-03T11:32:53Z</time>
   </trkpt>
   <trkpt lat="51.4885040" lon="-0.2331630">
    <ele>4.1</ele>
    <time>2026-01-03T11:32:54Z</time>
   </trkpt>
   <trkpt lat="51.4885010" lon="-0.2331500">
    <ele>4.1</ele>
    <time>2026-01-03T11:32:55Z</time>
   </trkpt>
   <trkpt lat="51.4884940" lon="-0.2331360">
    <ele>4.1</ele>
    <time>2026-01-03T11:32:56Z</time>
   </trkpt>
   <trkpt lat="51.4884890" lon="-0.2331050">
    <ele>4.1</ele>
    <time>2026-01-03T11:32:57Z</time>
   </trkpt>
   <trkpt lat="51.4884860" lon="-0.2330920">
    <ele>4.1</ele>
    <time>2026-01-03T11:32:58Z</time>
   </trkpt>
   <trkpt lat="51.4884840" lon="-0.2330790">
    <ele>4.1</ele>
    <time>2026-01-03T11:32:59Z</time>
   </trkpt>
   <trkpt lat="51.4884700" lon="-0.2330480">
    <ele>4.1</ele>
    <time>2026-01-03T11:33:00Z</time>
   </trkpt>
   <trkpt lat="51.4884630" lon="-0.2330310">
    <ele>4.1</ele>
    <time>2026-01-03T11:33:01Z</time>
   </trkpt>
   <trkpt lat="51.4884570" lon="-0.2330160">
    <ele>4.1</ele>
    <time>2026-01-03T11:33:02Z</time>
   </trkpt>
   <trkpt lat="51.4884550" lon="-0.2329920">
    <ele>4.1</ele>
    <time>2026-01-03T11:33:03Z</time>
   </trkpt>
   <trkpt lat="51.4884480" lon="-0.2329790">
    <ele>4.0</ele>
    <time>2026-01-03T11:33:04Z</time>
   </trkpt>
   <trkpt lat="51.4884410" lon="-0.2329620">
    <ele>4.0</ele>
    <time>2026-01-03T11:33:05Z</time>
   </trkpt>
   <trkpt lat="51.4884360" lon="-0.2329500">
    <ele>4.0</ele>
    <time>2026-01-03T11:33:06Z</time>
   </trkpt>
   <trkpt lat="51.4884310" lon="-0.2329300">
    <ele>4.0</ele>
    <time>2026-01-03T11:33:07Z</time>
   </trkpt>
   <trkpt lat="51.4884230" lon="-0.2329010">
    <ele>4.0</ele>
    <time>2026-01-03T11:33:08Z</time>
   </trkpt>
   <trkpt lat="51.4884210" lon="-0.2328840">
    <ele>4.0</ele>
    <time>2026-01-03T11:33:09Z</time>
   </trkpt>
   <trkpt lat="51.4884130" lon="-0.2328510">
    <ele>4.0</ele>
    <time>2026-01-03T11:33:10Z</time>
   </trkpt>
   <trkpt lat="51.4884100" lon="-0.2328380">
    <ele>4.0</ele>
    <time>2026-01-03T11:33:11Z</time>
   </trkpt>
   <trkpt lat="51.4884060" lon="-0.2328240">
    <ele>4.0</ele>
    <time>2026-01-03T11:33:12Z</time>
   </trkpt>
   <trkpt lat="51.4884000" lon="-0.2327980">
    <ele>4.0</ele>
    <time>2026-01-03T11:33:13Z</time>
   </trkpt>
   <trkpt lat="51.4883910" lon="-0.2327770">
    <ele>4.0</ele>
    <time>2026-01-03T11:33:14Z</time>
   </trkpt>
   <trkpt lat="51.4883810" lon="-0.2327470">
    <ele>4.0</ele>
    <time>2026-01-03T11:33:15Z</time>
   </trkpt>
   <trkpt lat="51.4883760" lon="-0.2327350">
    <ele>4.0</ele>
    <time>2026-01-03T11:33:16Z</time>
   </trkpt>
   <trkpt lat="51.4883720" lon="-0.2327240">
    <ele>4.0</ele>
    <time>2026-01-03T11:33:17Z</time>
   </trkpt>
   <trkpt lat="51.4883650" lon="-0.2327070">
    <ele>4.0</ele>
    <time>2026-01-03T11:33:18Z</time>
   </trkpt>
   <trkpt lat="51.4883610" lon="-0.2326940">
    <ele>4.0</ele>
    <time>2026-01-03T11:33:19Z</time>
   </trkpt>
   <trkpt lat="51.4883570" lon="-0.2326720">
    <ele>4.0</ele>
    <time>2026-01-03T11:33:20Z</time>
   </trkpt>
   <trkpt lat="51.4883540" lon="-0.2326530">
    <ele>4.0</ele>
    <time>2026-01-03T11:33:21Z</time>
   </trkpt>
   <trkpt lat="51.4883480" lon="-0.2326340">
    <ele>4.0</ele>
    <time>2026-01-03T11:33:22Z</time>
   </trkpt>
   <trkpt lat="51.4883440" lon="-0.2326180">
    <ele>4.0</ele>
    <time>2026-01-03T11:33:23Z</time>
   </trkpt>
   <trkpt lat="51.4883380" lon="-0.2326090">
    <ele>4.0</ele>
    <time>2026-01-03T11:33:24Z</time>
   </trkpt>
   <trkpt lat="51.4883340" lon="-0.2325950">
    <ele>4.0</ele>
    <time>2026-01-03T11:33:25Z</time>
   </trkpt>
   <trkpt lat="51.4883290" lon="-0.2325800">
    <ele>4.0</ele>
    <time>2026-01-03T11:33:26Z</time>
   </trkpt>
   <trkpt lat="51.4883210" lon="-0.2325490">
    <ele>4.0</ele>
    <time>2026-01-03T11:33:27Z</time>
   </trkpt>
   <trkpt lat="51.4883120" lon="-0.2325350">
    <ele>4.0</ele>
    <time>2026-01-03T11:33:28Z</time>
   </trkpt>
   <trkpt lat="51.4883060" lon="-0.2325170">
    <ele>4.0</ele>
    <time>2026-01-03T11:33:29Z</time>
   </trkpt>
   <trkpt lat="51.4882990" lon="-0.2324970">
    <ele>4.0</ele>
    <time>2026-01-03T11:33:30Z</time>
   </trkpt>
   <trkpt lat="51.4882920" lon="-0.2324740">
    <ele>4.0</ele>
    <time>2026-01-03T11:33:31Z</time>
   </trkpt>
   <trkpt lat="51.4882870" lon="-0.2324560">
    <ele>4.0</ele>
    <time>2026-01-03T11:33:32Z</time>
   </trkpt>
   <trkpt lat="51.4882840" lon="-0.2324410">
    <ele>4.0</ele>
    <time>2026-01-03T11:33:33Z</time>
   </trkpt>
   <trkpt lat="51.4882810" lon="-0.2324210">
    <ele>4.0</ele>
    <time>2026-01-03T11:33:34Z</time>
   </trkpt>
   <trkpt lat="51.4882770" lon="-0.2324030">
    <ele>4.0</ele>
    <time>2026-01-03T11:33:35Z</time>
   </trkpt>
   <trkpt lat="51.4882690" lon="-0.2323790">
    <ele>4.0</ele>
    <time>2026-01-03T11:33:36Z</time>
   </trkpt>
   <trkpt lat="51.4882620" lon="-0.2323660">
    <ele>4.0</ele>
    <time>2026-01-03T11:33:37Z</time>
   </trkpt>
   <trkpt lat="51.4882510" lon="-0.2323340">
    <ele>4.0</ele>
    <time>2026-01-03T11:33:38Z</time>
   </trkpt>
   <trkpt lat="51.4882460" lon="-0.2323190">
    <ele>4.0</ele>
    <time>2026-01-03T11:33:39Z</time>
   </trkpt>
   <trkpt lat="51.4882410" lon="-0.2323040">
    <ele>4.0</ele>
    <time>2026-01-03T11:33:40Z</time>
   </trkpt>
   <trkpt lat="51.4882390" lon="-0.2322870">
    <ele>4.0</ele>
    <time>2026-01-03T11:33:41Z</time>
   </trkpt>
   <trkpt lat="51.4882360" lon="-0.2322680">
    <ele>4.0</ele>
    <time>2026-01-03T11:33:42Z</time>
   </trkpt>
   <trkpt lat="51.4882310" lon="-0.2322540">
    <ele>4.0</ele>
    <time>2026-01-03T11:33:43Z</time>
   </trkpt>
   <trkpt lat="51.4882250" lon="-0.2322390">
    <ele>4.0</ele>
    <time>2026-01-03T11:33:44Z</time>
   </trkpt>
   <trkpt lat="51.4882200" lon="-0.2322270">
    <ele>4.0</ele>
    <time>2026-01-03T11:33:45Z</time>
   </trkpt>
   <trkpt lat="51.4882140" lon="-0.2322100">
    <ele>4.0</ele>
    <time>2026-01-03T11:33:46Z</time>
   </trkpt>
   <trkpt lat="51.4882090" lon="-0.2321790">
    <ele>4.0</ele>
    <time>2026-01-03T11:33:47Z</time>
   </trkpt>
   <trkpt lat="51.4882050" lon="-0.2321650">
    <ele>4.0</ele>
    <time>2026-01-03T11:33:48Z</time>
   </trkpt>
   <trkpt lat="51.4881940" lon="-0.2321380">
    <ele>4.0</ele>
    <time>2026-01-03T11:33:49Z</time>
   </trkpt>
   <trkpt lat="51.4881890" lon="-0.2321250">
    <ele>4.0</ele>
    <time>2026-01-03T11:33:50Z</time>
   </trkpt>
   <trkpt lat="51.4881850" lon="-0.2321110">
    <ele>4.0</ele>
    <time>2026-01-03T11:33:51Z</time>
   </trkpt>
   <trkpt lat="51.4881730" lon="-0.2320820">
    <ele>4.0</ele>
    <time>2026-01-03T11:33:52Z</time>
   </trkpt>
   <trkpt lat="51.4881690" lon="-0.2320700">
    <ele>4.0</ele>
    <time>2026-01-03T11:33:53Z</time>
   </trkpt>
   <trkpt lat="51.4881640" lon="-0.2320580">
    <ele>4.0</ele>
    <time>2026-01-03T11:33:54Z</time>
   </trkpt>
   <trkpt lat="51.4881510" lon="-0.2320330">
    <ele>4.0</ele>
    <time>2026-01-03T11:33:55Z</time>
   </trkpt>
   <trkpt lat="51.4881440" lon="-0.2320200">
    <ele>4.0</ele>
    <time>2026-01-03T11:33:56Z</time>
   </trkpt>
   <trkpt lat="51.4881370" lon="-0.2320080">
    <ele>4.0</ele>
    <time>2026-01-03T11:33:57Z</time>
   </trkpt>
   <trkpt lat="51.4881300" lon="-0.2319960">
    <ele>4.0</ele>
    <time>2026-01-03T11:33:58Z</time>
   </trkpt>
   <trkpt lat="51.4881220" lon="-0.2319840">
    <ele>4.0</ele>
    <time>2026-01-03T11:33:59Z</time>
   </trkpt>
   <trkpt lat="51.4881140" lon="-0.2319680">
    <ele>4.0</ele>
    <time>2026-01-03T11:34:00Z</time>
   </trkpt>
   <trkpt lat="51.4881080" lon="-0.2319510">
    <ele>4.0</ele>
    <time>2026-01-03T11:34:01Z</time>
   </trkpt>
   <trkpt lat="51.4881050" lon="-0.2319400">
    <ele>4.0</ele>
    <time>2026-01-03T11:34:02Z</time>
   </trkpt>
   <trkpt lat="51.4880990" lon="-0.2319240">
    <ele>4.0</ele>
    <time>2026-01-03T11:34:03Z</time>
   </trkpt>
   <trkpt lat="51.4880890" lon="-0.2319060">
    <ele>4.0</ele>
    <time>2026-01-03T11:34:04Z</time>
   </trkpt>
   <trkpt lat="51.4880800" lon="-0.2318920">
    <ele>4.0</ele>
    <time>2026-01-03T11:34:05Z</time>
   </trkpt>
   <trkpt lat="51.4880700" lon="-0.2318700">
    <ele>4.0</ele>
    <time>2026-01-03T11:34:06Z</time>
   </trkpt>
   <trkpt lat="51.4880650" lon="-0.2318540">
    <ele>4.0</ele>
    <time>2026-01-03T11:34:07Z</time>
   </trkpt>
   <trkpt lat="51.4880560" lon="-0.2318250">
    <ele>4.0</ele>
    <time>2026-01-03T11:34:08Z</time>
   </trkpt>
   <trkpt lat="51.4880510" lon="-0.2318130">
    <ele>4.0</ele>
    <time>2026-01-03T11:34:09Z</time>
   </trkpt>
   <trkpt lat="51.4880470" lon="-0.2318010">
    <ele>4.0</ele>
    <time>2026-01-03T11:34:10Z</time>
   </trkpt>
   <trkpt lat="51.4880370" lon="-0.2317810">
    <ele>4.0</ele>
    <time>2026-01-03T11:34:11Z</time>
   </trkpt>
   <trkpt lat="51.4880290" lon="-0.2317650">
    <ele>4.0</ele>
    <time>2026-01-03T11:34:12Z</time>
   </trkpt>
   <trkpt lat="51.4880230" lon="-0.2317450">
    <ele>4.0</ele>
    <time>2026-01-03T11:34:13Z</time>
   </trkpt>
   <trkpt lat="51.4880150" lon="-0.2317260">
    <ele>3.9</ele>
    <time>2026-01-03T11:34:14Z</time>
   </trkpt>
   <trkpt lat="51.4880040" lon="-0.2317090">
    <ele>3.9</ele>
    <time>2026-01-03T11:34:16Z</time>
   </trkpt>
   <trkpt lat="51.4879950" lon="-0.2317000">
    <ele>3.9</ele>
    <time>2026-01-03T11:34:17Z</time>
   </trkpt>
   <trkpt lat="51.4879900" lon="-0.2316870">
    <ele>3.9</ele>
    <time>2026-01-03T11:34:18Z</time>
   </trkpt>
   <trkpt lat="51.4879760" lon="-0.2316610">
    <ele>3.9</ele>
    <time>2026-01-03T11:34:19Z</time>
   </trkpt>
   <trkpt lat="51.4879680" lon="-0.2316490">
    <ele>3.9</ele>
    <time>2026-01-03T11:34:20Z</time>
   </trkpt>
   <trkpt lat="51.4879610" lon="-0.2316370">
    <ele>3.9</ele>
    <time>2026-01-03T11:34:21Z</time>
   </trkpt>
   <trkpt lat="51.4879510" lon="-0.2316260">
    <ele>3.9</ele>
    <time>2026-01-03T11:34:22Z</time>
   </trkpt>
   <trkpt lat="51.4879400" lon="-0.2316070">
    <ele>3.9</ele>
    <time>2026-01-03T11:34:23Z</time>
   </trkpt>
   <trkpt lat="51.4879340" lon="-0.2315960">
    <ele>3.9</ele>
    <time>2026-01-03T11:34:24Z</time>
   </trkpt>
   <trkpt lat="51.4879260" lon="-0.2315840">
    <ele>3.9</ele>
    <time>2026-01-03T11:34:25Z</time>
   </trkpt>
   <trkpt lat="51.4879180" lon="-0.2315740">
    <ele>3.9</ele>
    <time>2026-01-03T11:34:26Z</time>
   </trkpt>
   <trkpt lat="51.4879070" lon="-0.2315560">
    <ele>3.9</ele>
    <time>2026-01-03T11:34:27Z</time>
   </trkpt>
   <trkpt lat="51.4879020" lon="-0.2315480">
    <ele>3.9</ele>
    <time>2026-01-03T11:34:28Z</time>
   </trkpt>
   <trkpt lat="51.4878980" lon="-0.2315390">
    <ele>3.9</ele>
    <time>2026-01-03T11:34:29Z</time>
   </trkpt>
   <trkpt lat="51.4878900" lon="-0.2315320">
    <ele>3.9</ele>
    <time>2026-01-03T11:34:30Z</time>
   </trkpt>
   <trkpt lat="51.4878840" lon="-0.2315170">
    <ele>3.8</ele>
    <time>2026-01-03T11:34:31Z</time>
   </trkpt>
   <trkpt lat="51.4878750" lon="-0.2315010">
    <ele>3.8</ele>
    <time>2026-01-03T11:34:32Z</time>
   </trkpt>
   <trkpt lat="51.4878700" lon="-0.2314960">
    <ele>3.8</ele>
    <time>2026-01-03T11:34:33Z</time>
   </trkpt>
   <trkpt lat="51.4878690" lon="-0.2314920">
    <ele>3.8</ele>
    <time>2026-01-03T11:34:34Z</time>
   </trkpt>
   <trkpt lat="51.4878540" lon="-0.2314680">
    <ele>3.8</ele>
    <time>2026-01-03T11:34:35Z</time>
   </trkpt>
   <trkpt lat="51.4878410" lon="-0.2314450">
    <ele>3.8</ele>
    <time>2026-01-03T11:34:36Z</time>
   </trkpt>
   <trkpt lat="51.4878420" lon="-0.2314450">
    <ele>3.8</ele>
    <time>2026-01-03T11:34:37Z</time>
   </trkpt>
   <trkpt lat="51.4878420" lon="-0.2314420">
    <ele>3.8</ele>
    <time>2026-01-03T11:34:38Z</time>
   </trkpt>
   <trkpt lat="51.4878470" lon="-0.2314400">
    <ele>3.8</ele>
    <time>2026-01-03T11:34:39Z</time>
   </trkpt>
   <trkpt lat="51.4878460" lon="-0.2314390">
    <ele>3.8</ele>
    <time>2026-01-03T11:34:40Z</time>
   </trkpt>
   <trkpt lat="51.4878480" lon="-0.2314400">
    <ele>3.8</ele>
    <time>2026-01-03T11:34:41Z</time>
   </trkpt>
   <trkpt lat="51.4878460" lon="-0.2314400">
    <ele>3.8</ele>
    <time>2026-01-03T11:34:42Z</time>
   </trkpt>
   <trkpt lat="51.4878480" lon="-0.2314330">
    <ele>3.8</ele>
    <time>2026-01-03T11:34:43Z</time>
   </trkpt>
   <trkpt lat="51.4878450" lon="-0.2314360">
    <ele>3.8</ele>
    <time>2026-01-03T11:34:44Z</time>
   </trkpt>
   <trkpt lat="51.4878430" lon="-0.2314360">
    <ele>3.8</ele>
    <time>2026-01-03T11:34:45Z</time>
   </trkpt>
   <trkpt lat="51.4878480" lon="-0.2314400">
    <ele>3.8</ele>
    <time>2026-01-03T11:34:46Z</time>
   </trkpt>
   <trkpt lat="51.4878430" lon="-0.2314370">
    <ele>3.8</ele>
    <time>2026-01-03T11:34:47Z</time>
   </trkpt>
   <trkpt lat="51.4878440" lon="-0.2314360">
    <ele>3.8</ele>
    <time>2026-01-03T11:34:48Z</time>
   </trkpt>
   <trkpt lat="51.4878440" lon="-0.2314310">
    <ele>3.8</ele>
    <time>2026-01-03T11:34:49Z</time>
   </trkpt>
   <trkpt lat="51.4878420" lon="-0.2314360">
    <ele>3.8</ele>
    <time>2026-01-03T11:34:50Z</time>
   </trkpt>
   <trkpt lat="51.4878400" lon="-0.2314280">
    <ele>3.8</ele>
    <time>2026-01-03T11:34:51Z</time>
   </trkpt>
   <trkpt lat="51.4878410" lon="-0.2314290">
    <ele>3.8</ele>
    <time>2026-01-03T11:34:52Z</time>
   </trkpt>
   <trkpt lat="51.4878340" lon="-0.2314200">
    <ele>3.8</ele>
    <time>2026-01-03T11:34:53Z</time>
   </trkpt>
   <trkpt lat="51.4878400" lon="-0.2314220">
    <ele>3.8</ele>
    <time>2026-01-03T11:34:54Z</time>
   </trkpt>
   <trkpt lat="51.4878310" lon="-0.2314170">
    <ele>3.8</ele>
    <time>2026-01-03T11:34:55Z</time>
   </trkpt>
   <trkpt lat="51.4878350" lon="-0.2314170">
    <ele>3.8</ele>
    <time>2026-01-03T11:34:56Z</time>
   </trkpt>
   <trkpt lat="51.4878390" lon="-0.2314140">
    <ele>3.8</ele>
    <time>2026-01-03T11:34:57Z</time>
   </trkpt>
   <trkpt lat="51.4878430" lon="-0.2314080">
    <ele>3.8</ele>
    <time>2026-01-03T11:34:58Z</time>
   </trkpt>
   <trkpt lat="51.4878450" lon="-0.2314090">
    <ele>3.8</ele>
    <time>2026-01-03T11:34:59Z</time>
   </trkpt>
   <trkpt lat="51.4878470" lon="-0.2314080">
    <ele>3.8</ele>
    <time>2026-01-03T11:35:00Z</time>
   </trkpt>
   <trkpt lat="51.4878490" lon="-0.2314090">
    <ele>3.8</ele>
    <time>2026-01-03T11:35:01Z</time>
   </trkpt>
   <trkpt lat="51.4878480" lon="-0.2314080">
    <ele>3.8</ele>
    <time>2026-01-03T11:35:02Z</time>
   </trkpt>
   <trkpt lat="51.4878470" lon="-0.2314100">
    <ele>3.8</ele>
    <time>2026-01-03T11:35:03Z</time>
   </trkpt>
   <trkpt lat="51.4878470" lon="-0.2314100">
    <ele>3.8</ele>
    <time>2026-01-03T11:35:04Z</time>
   </trkpt>
   <trkpt lat="51.4878470" lon="-0.2314100">
    <ele>3.8</ele>
    <time>2026-01-03T11:35:05Z</time>
   </trkpt>
   <trkpt lat="51.4878480" lon="-0.2314120">
    <ele>3.8</ele>
    <time>2026-01-03T11:35:06Z</time>
   </trkpt>
   <trkpt lat="51.4878450" lon="-0.2314110">
    <ele>3.8</ele>
    <time>2026-01-03T11:35:07Z</time>
   </trkpt>
   <trkpt lat="51.4878450" lon="-0.2314100">
    <ele>3.8</ele>
    <time>2026-01-03T11:35:08Z</time>
   </trkpt>
   <trkpt lat="51.4878440" lon="-0.2314120">
    <ele>3.8</ele>
    <time>2026-01-03T11:35:09Z</time>
   </trkpt>
   <trkpt lat="51.4878440" lon="-0.2314140">
    <ele>3.8</ele>
    <time>2026-01-03T11:35:10Z</time>
   </trkpt>
   <trkpt lat="51.4878440" lon="-0.2314150">
    <ele>3.8</ele>
    <time>2026-01-03T11:35:11Z</time>
   </trkpt>
   <trkpt lat="51.4878460" lon="-0.2314140">
    <ele>3.8</ele>
    <time>2026-01-03T11:35:12Z</time>
   </trkpt>
   <trkpt lat="51.4878460" lon="-0.2314120">
    <ele>3.8</ele>
    <time>2026-01-03T11:35:13Z</time>
   </trkpt>
   <trkpt lat="51.4878490" lon="-0.2314120">
    <ele>3.8</ele>
    <time>2026-01-03T11:35:14Z</time>
   </trkpt>
   <trkpt lat="51.4878520" lon="-0.2314090">
    <ele>3.8</ele>
    <time>2026-01-03T11:35:15Z</time>
   </trkpt>
   <trkpt lat="51.4878470" lon="-0.2314080">
    <ele>3.8</ele>
    <time>2026-01-03T11:35:16Z</time>
   </trkpt>
   <trkpt lat="51.4878470" lon="-0.2314080">
    <ele>3.8</ele>
    <time>2026-01-03T11:35:17Z</time>
   </trkpt>
   <trkpt lat="51.4878460" lon="-0.2314070">
    <ele>3.8</ele>
    <time>2026-01-03T11:35:18Z</time>
   </trkpt>
   <trkpt lat="51.4878440" lon="-0.2314060">
    <ele>3.8</ele>
    <time>2026-01-03T11:35:19Z</time>
   </trkpt>
   <trkpt lat="51.4878430" lon="-0.2314020">
    <ele>3.8</ele>
    <time>2026-01-03T11:35:20Z</time>
   </trkpt>
   <trkpt lat="51.4878450" lon="-0.2314020">
    <ele>3.8</ele>
    <time>2026-01-03T11:35:21Z</time>
   </trkpt>
   <trkpt lat="51.4878480" lon="-0.2314000">
    <ele>3.8</ele>
    <time>2026-01-03T11:35:22Z</time>
   </trkpt>
   <trkpt lat="51.4878410" lon="-0.2314060">
    <ele>3.8</ele>
    <time>2026-01-03T11:35:23Z</time>
   </trkpt>
   <trkpt lat="51.4878400" lon="-0.2314020">
    <ele>3.8</ele>
    <time>2026-01-03T11:35:24Z</time>
   </trkpt>
   <trkpt lat="51.4878420" lon="-0.2314020">
    <ele>3.8</ele>
    <time>2026-01-03T11:35:25Z</time>
   </trkpt>
   <trkpt lat="51.4878430" lon="-0.2313990">
    <ele>3.8</ele>
    <time>2026-01-03T11:35:26Z</time>
   </trkpt>
   <trkpt lat="51.4878410" lon="-0.2314050">
    <ele>3.8</ele>
    <time>2026-01-03T11:35:27Z</time>
   </trkpt>
   <trkpt lat="51.4878410" lon="-0.2313950">
    <ele>3.8</ele>
    <time>2026-01-03T11:35:28Z</time>
   </trkpt>
   <trkpt lat="51.4878440" lon="-0.2313990">
    <ele>3.8</ele>
    <time>2026-01-03T11:35:29Z</time>
   </trkpt>
   <trkpt lat="51.4878430" lon="-0.2314040">
    <ele>3.8</ele>
    <time>2026-01-03T11:35:30Z</time>
   </trkpt>
   <trkpt lat="51.4878440" lon="-0.2313980">
    <ele>3.8</ele>
    <time>2026-01-03T11:35:31Z</time>
   </trkpt>
   <trkpt lat="51.4878460" lon="-0.2314000">
    <ele>3.8</ele>
    <time>2026-01-03T11:35:32Z</time>
   </trkpt>
   <trkpt lat="51.4878460" lon="-0.2314040">
    <ele>3.8</ele>
    <time>2026-01-03T11:35:33Z</time>
   </trkpt>
   <trkpt lat="51.4878470" lon="-0.2314020">
    <ele>3.8</ele>
    <time>2026-01-03T11:35:34Z</time>
   </trkpt>
   <trkpt lat="51.4878470" lon="-0.2313990">
    <ele>3.8</ele>
    <time>2026-01-03T11:35:35Z</time>
   </trkpt>
   <trkpt lat="51.4878470" lon="-0.2314040">
    <ele>3.8</ele>
    <time>2026-01-03T11:35:36Z</time>
   </trkpt>
   <trkpt lat="51.4878470" lon="-0.2314050">
    <ele>3.8</ele>
    <time>2026-01-03T11:35:37Z</time>
   </trkpt>
   <trkpt lat="51.4878460" lon="-0.2313980">
    <ele>3.8</ele>
    <time>2026-01-03T11:35:38Z</time>
   </trkpt>
   <trkpt lat="51.4878460" lon="-0.2314000">
    <ele>3.8</ele>
    <time>2026-01-03T11:35:39Z</time>
   </trkpt>
   <trkpt lat="51.4878470" lon="-0.2314040">
    <ele>3.8</ele>
    <time>2026-01-03T11:35:40Z</time>
   </trkpt>
   <trkpt lat="51.4878450" lon="-0.2313980">
    <ele>3.8</ele>
    <time>2026-01-03T11:35:41Z</time>
   </trkpt>
   <trkpt lat="51.4878440" lon="-0.2313960">
    <ele>3.8</ele>
    <time>2026-01-03T11:35:42Z</time>
   </trkpt>
   <trkpt lat="51.4878440" lon="-0.2313990">
    <ele>3.8</ele>
    <time>2026-01-03T11:35:43Z</time>
   </trkpt>
   <trkpt lat="51.4878460" lon="-0.2314020">
    <ele>3.8</ele>
    <time>2026-01-03T11:35:44Z</time>
   </trkpt>
   <trkpt lat="51.4878440" lon="-0.2313950">
    <ele>3.8</ele>
    <time>2026-01-03T11:35:45Z</time>
   </trkpt>
   <trkpt lat="51.4878440" lon="-0.2313980">
    <ele>3.8</ele>
    <time>2026-01-03T11:35:46Z</time>
   </trkpt>
   <trkpt lat="51.4878450" lon="-0.2314010">
    <ele>3.8</ele>
    <time>2026-01-03T11:35:47Z</time>
   </trkpt>
   <trkpt lat="51.4878390" lon="-0.2313930">
    <ele>3.8</ele>
    <time>2026-01-03T11:35:48Z</time>
   </trkpt>
   <trkpt lat="51.4878400" lon="-0.2313930">
    <ele>3.8</ele>
    <time>2026-01-03T11:35:49Z</time>
   </trkpt>
   <trkpt lat="51.4878390" lon="-0.2313980">
    <ele>3.8</ele>
    <time>2026-01-03T11:35:50Z</time>
   </trkpt>
   <trkpt lat="51.4878400" lon="-0.2313950">
    <ele>3.8</ele>
    <time>2026-01-03T11:35:51Z</time>
   </trkpt>
   <trkpt lat="51.4878360" lon="-0.2313880">
    <ele>3.8</ele>
    <time>2026-01-03T11:35:52Z</time>
   </trkpt>
   <trkpt lat="51.4878400" lon="-0.2313910">
    <ele>3.8</ele>
    <time>2026-01-03T11:35:53Z</time>
   </trkpt>
   <trkpt lat="51.4878430" lon="-0.2313940">
    <ele>3.8</ele>
    <time>2026-01-03T11:35:54Z</time>
   </trkpt>
   <trkpt lat="51.4878410" lon="-0.2313870">
    <ele>3.8</ele>
    <time>2026-01-03T11:35:55Z</time>
   </trkpt>
   <trkpt lat="51.4878430" lon="-0.2313890">
    <ele>3.8</ele>
    <time>2026-01-03T11:35:56Z</time>
   </trkpt>
   <trkpt lat="51.4878430" lon="-0.2313920">
    <ele>3.8</ele>
    <time>2026-01-03T11:35:57Z</time>
   </trkpt>
   <trkpt lat="51.4878400" lon="-0.2313830">
    <ele>3.8</ele>
    <time>2026-01-03T11:35:58Z</time>
   </trkpt>
   <trkpt lat="51.4878400" lon="-0.2313870">
    <ele>3.8</ele>
    <time>2026-01-03T11:35:59Z</time>
   </trkpt>
   <trkpt lat="51.4878380" lon="-0.2313840">
    <ele>3.8</ele>
    <time>2026-01-03T11:36:00Z</time>
   </trkpt>
   <trkpt lat="51.4878400" lon="-0.2313830">
    <ele>3.8</ele>
    <time>2026-01-03T11:36:01Z</time>
   </trkpt>
   <trkpt lat="51.4878410" lon="-0.2313850">
    <ele>3.8</ele>
    <time>2026-01-03T11:36:02Z</time>
   </trkpt>
   <trkpt lat="51.4878430" lon="-0.2313840">
    <ele>3.8</ele>
    <time>2026-01-03T11:36:03Z</time>
   </trkpt>
   <trkpt lat="51.4878430" lon="-0.2313870">
    <ele>3.8</ele>
    <time>2026-01-03T11:36:04Z</time>
   </trkpt>
   <trkpt lat="51.4878430" lon="-0.2313820">
    <ele>3.8</ele>
    <time>2026-01-03T11:36:05Z</time>
   </trkpt>
   <trkpt lat="51.4878420" lon="-0.2313840">
    <ele>3.8</ele>
    <time>2026-01-03T11:36:06Z</time>
   </trkpt>
   <trkpt lat="51.4878420" lon="-0.2313870">
    <ele>3.8</ele>
    <time>2026-01-03T11:36:07Z</time>
   </trkpt>
   <trkpt lat="51.4878420" lon="-0.2313870">
    <ele>3.8</ele>
    <time>2026-01-03T11:36:08Z</time>
   </trkpt>
   <trkpt lat="51.4878380" lon="-0.2313870">
    <ele>3.8</ele>
    <time>2026-01-03T11:36:09Z</time>
   </trkpt>
   <trkpt lat="51.4878390" lon="-0.2313890">
    <ele>3.8</ele>
    <time>2026-01-03T11:36:10Z</time>
   </trkpt>
   <trkpt lat="51.4878410" lon="-0.2313910">
    <ele>3.8</ele>
    <time>2026-01-03T11:36:11Z</time>
   </trkpt>
   <trkpt lat="51.4878420" lon="-0.2313930">
    <ele>3.8</ele>
    <time>2026-01-03T11:36:12Z</time>
   </trkpt>
   <trkpt lat="51.4878360" lon="-0.2313870">
    <ele>3.8</ele>
    <time>2026-01-03T11:36:13Z</time>
   </trkpt>
   <trkpt lat="51.4878390" lon="-0.2313860">
    <ele>3.8</ele>
    <time>2026-01-03T11:36:14Z</time>
   </trkpt>
   <trkpt lat="51.4878420" lon="-0.2313840">
    <ele>3.8</ele>
    <time>2026-01-03T11:36:15Z</time>
   </trkpt>
   <trkpt lat="51.4878380" lon="-0.2313820">
    <ele>3.8</ele>
    <time>2026-01-03T11:36:16Z</time>
   </trkpt>
   <trkpt lat="51.4878440" lon="-0.2313820">
    <ele>3.8</ele>
    <time>2026-01-03T11:36:17Z</time>
   </trkpt>
   <trkpt lat="51.4878430" lon="-0.2313800">
    <ele>3.8</ele>
    <time>2026-01-03T11:36:18Z</time>
   </trkpt>
   <trkpt lat="51.4878410" lon="-0.2313750">
    <ele>3.8</ele>
    <time>2026-01-03T11:36:19Z</time>
   </trkpt>
   <trkpt lat="51.4878450" lon="-0.2313770">
    <ele>3.8</ele>
    <time>2026-01-03T11:36:20Z</time>
   </trkpt>
   <trkpt lat="51.4878480" lon="-0.2313760">
    <ele>3.8</ele>
    <time>2026-01-03T11:36:22Z</time>
   </trkpt>
   <trkpt lat="51.4878500" lon="-0.2313780">
    <ele>3.8</ele>
    <time>2026-01-03T11:36:23Z</time>
   </trkpt>
   <trkpt lat="51.4878510" lon="-0.2313800">
    <ele>3.8</ele>
    <time>2026-01-03T11:36:24Z</time>
   </trkpt>
   <trkpt lat="51.4878510" lon="-0.2313790">
    <ele>3.8</ele>
    <time>2026-01-03T11:36:25Z</time>
   </trkpt>
   <trkpt lat="51.4878520" lon="-0.2313810">
    <ele>3.8</ele>
    <time>2026-01-03T11:36:26Z</time>
   </trkpt>
   <trkpt lat="51.4878520" lon="-0.2313810">
    <ele>3.8</ele>
    <time>2026-01-03T11:36:27Z</time>
   </trkpt>
   <trkpt lat="51.4878540" lon="-0.2313840">
    <ele>3.8</ele>
    <time>2026-01-03T11:36:28Z</time>
   </trkpt>
   <trkpt lat="51.4878540" lon="-0.2313830">
    <ele>3.8</ele>
    <time>2026-01-03T11:36:29Z</time>
   </trkpt>
   <trkpt lat="51.4878550" lon="-0.2313880">
    <ele>3.8</ele>
    <time>2026-01-03T11:36:30Z</time>
   </trkpt>
   <trkpt lat="51.4878560" lon="-0.2313880">
    <ele>3.8</ele>
    <time>2026-01-03T11:36:31Z</time>
   </trkpt>
   <trkpt lat="51.4878560" lon="-0.2313880">
    <ele>3.8</ele>
    <time>2026-01-03T11:36:32Z</time>
   </trkpt>
   <trkpt lat="51.4878560" lon="-0.2313880">
    <ele>3.8</ele>
    <time>2026-01-03T11:36:33Z</time>
   </trkpt>
   <trkpt lat="51.4878560" lon="-0.2313880">
    <ele>3.8</ele>
    <time>2026-01-03T11:36:34Z</time>
   </trkpt>
   <trkpt lat="51.4878520" lon="-0.2313980">
    <ele>3.8</ele>
    <time>2026-01-03T11:36:35Z</time>
   </trkpt>
   <trkpt lat="51.4878520" lon="-0.2313980">
    <ele>3.8</ele>
    <time>2026-01-03T11:36:36Z</time>
   </trkpt>
   <trkpt lat="51.4878520" lon="-0.2313980">
    <ele>3.8</ele>
    <time>2026-01-03T11:36:37Z</time>
   </trkpt>
   <trkpt lat="51.4878520" lon="-0.2314020">
    <ele>3.8</ele>
    <time>2026-01-03T11:36:38Z</time>
   </trkpt>
   <trkpt lat="51.4878500" lon="-0.2314050">
    <ele>3.8</ele>
    <time>2026-01-03T11:36:39Z</time>
   </trkpt>
   <trkpt lat="51.4878470" lon="-0.2314060">
    <ele>3.8</ele>
    <time>2026-01-03T11:36:40Z</time>
   </trkpt>
   <trkpt lat="51.4878450" lon="-0.2314080">
    <ele>3.8</ele>
    <time>2026-01-03T11:36:41Z</time>
   </trkpt>
   <trkpt lat="51.4878460" lon="-0.2314100">
    <ele>3.8</ele>
    <time>2026-01-03T11:36:42Z</time>
   </trkpt>
   <trkpt lat="51.4878430" lon="-0.2314100">
    <ele>3.8</ele>
    <time>2026-01-03T11:36:43Z</time>
   </trkpt>
   <trkpt lat="51.4878440" lon="-0.2314120">
    <ele>3.8</ele>
    <time>2026-01-03T11:36:44Z</time>
   </trkpt>
   <trkpt lat="51.4878440" lon="-0.2314120">
    <ele>3.8</ele>
    <time>2026-01-03T11:36:45Z</time>
   </trkpt>
   <trkpt lat="51.4878410" lon="-0.2314120">
    <ele>3.8</ele>
    <time>2026-01-03T11:36:46Z</time>
   </trkpt>
   <trkpt lat="51.4878410" lon="-0.2314140">
    <ele>3.8</ele>
    <time>2026-01-03T11:36:47Z</time>
   </trkpt>
   <trkpt lat="51.4878410" lon="-0.2314130">
    <ele>3.8</ele>
    <time>2026-01-03T11:36:48Z</time>
   </trkpt>
   <trkpt lat="51.4878400" lon="-0.2314150">
    <ele>3.8</ele>
    <time>2026-01-03T11:36:49Z</time>
   </trkpt>
   <trkpt lat="51.4878420" lon="-0.2314180">
    <ele>3.8</ele>
    <time>2026-01-03T11:36:50Z</time>
   </trkpt>
   <trkpt lat="51.4878400" lon="-0.2314190">
    <ele>3.8</ele>
    <time>2026-01-03T11:36:51Z</time>
   </trkpt>
   <trkpt lat="51.4878410" lon="-0.2314190">
    <ele>3.8</ele>
    <time>2026-01-03T11:36:52Z</time>
   </trkpt>
   <trkpt lat="51.4878400" lon="-0.2314210">
    <ele>3.8</ele>
    <time>2026-01-03T11:36:53Z</time>
   </trkpt>
   <trkpt lat="51.4878410" lon="-0.2314190">
    <ele>3.8</ele>
    <time>2026-01-03T11:36:54Z</time>
   </trkpt>
   <trkpt lat="51.4878430" lon="-0.2314200">
    <ele>3.8</ele>
    <time>2026-01-03T11:36:55Z</time>
   </trkpt>
   <trkpt lat="51.4878430" lon="-0.2314170">
    <ele>3.8</ele>
    <time>2026-01-03T11:36:56Z</time>
   </trkpt>
   <trkpt lat="51.4878460" lon="-0.2314170">
    <ele>3.8</ele>
    <time>2026-01-03T11:36:57Z</time>
   </trkpt>
   <trkpt lat="51.4878470" lon="-0.2314170">
    <ele>3.8</ele>
    <time>2026-01-03T11:36:58Z</time>
   </trkpt>
   <trkpt lat="51.4878490" lon="-0.2314130">
    <ele>3.8</ele>
    <time>2026-01-03T11:36:59Z</time>
   </trkpt>
   <trkpt lat="51.4878490" lon="-0.2314130">
    <ele>3.8</ele>
    <time>2026-01-03T11:37:00Z</time>
   </trkpt>
   <trkpt lat="51.4878490" lon="-0.2314140">
    <ele>3.8</ele>
    <time>2026-01-03T11:37:01Z</time>
   </trkpt>
   <trkpt lat="51.4878520" lon="-0.2314170">
    <ele>3.8</ele>
    <time>2026-01-03T11:37:02Z</time>
   </trkpt>
   <trkpt lat="51.4878500" lon="-0.2314190">
    <ele>3.8</ele>
    <time>2026-01-03T11:37:03Z</time>
   </trkpt>
   <trkpt lat="51.4878510" lon="-0.2314200">
    <ele>3.8</ele>
    <time>2026-01-03T11:37:04Z</time>
   </trkpt>
   <trkpt lat="51.4878510" lon="-0.2314210">
    <ele>3.8</ele>
    <time>2026-01-03T11:37:05Z</time>
   </trkpt>
   <trkpt lat="51.4878520" lon="-0.2314220">
    <ele>3.8</ele>
    <time>2026-01-03T11:37:06Z</time>
   </trkpt>
   <trkpt lat="51.4878530" lon="-0.2314240">
    <ele>3.8</ele>
    <time>2026-01-03T11:37:07Z</time>
   </trkpt>
   <trkpt lat="51.4878530" lon="-0.2314240">
    <ele>3.8</ele>
    <time>2026-01-03T11:37:08Z</time>
   </trkpt>
   <trkpt lat="51.4878530" lon="-0.2314250">
    <ele>3.8</ele>
    <time>2026-01-03T11:37:09Z</time>
   </trkpt>
   <trkpt lat="51.4878560" lon="-0.2314230">
    <ele>3.8</ele>
    <time>2026-01-03T11:37:10Z</time>
   </trkpt>
   <trkpt lat="51.4878560" lon="-0.2314230">
    <ele>3.8</ele>
    <time>2026-01-03T11:37:11Z</time>
   </trkpt>
   <trkpt lat="51.4878550" lon="-0.2314190">
    <ele>3.8</ele>
    <time>2026-01-03T11:37:12Z</time>
   </trkpt>
   <trkpt lat="51.4878550" lon="-0.2314150">
    <ele>3.8</ele>
    <time>2026-01-03T11:37:13Z</time>
   </trkpt>
   <trkpt lat="51.4878560" lon="-0.2314140">
    <ele>3.8</ele>
    <time>2026-01-03T11:37:14Z</time>
   </trkpt>
   <trkpt lat="51.4878570" lon="-0.2314100">
    <ele>3.8</ele>
    <time>2026-01-03T11:37:15Z</time>
   </trkpt>
   <trkpt lat="51.4878560" lon="-0.2314050">
    <ele>3.8</ele>
    <time>2026-01-03T11:37:16Z</time>
   </trkpt>
   <trkpt lat="51.4878560" lon="-0.2314060">
    <ele>3.8</ele>
    <time>2026-01-03T11:37:17Z</time>
   </trkpt>
   <trkpt lat="51.4878570" lon="-0.2314080">
    <ele>3.8</ele>
    <time>2026-01-03T11:37:18Z</time>
   </trkpt>
   <trkpt lat="51.4878570" lon="-0.2314070">
    <ele>3.8</ele>
    <time>2026-01-03T11:37:19Z</time>
   </trkpt>
   <trkpt lat="51.4878570" lon="-0.2314070">
    <ele>3.8</ele>
    <time>2026-01-03T11:37:20Z</time>
   </trkpt>
   <trkpt lat="51.4878570" lon="-0.2314070">
    <ele>3.8</ele>
    <time>2026-01-03T11:37:21Z</time>
   </trkpt>
   <trkpt lat="51.4878570" lon="-0.2314070">
    <ele>3.8</ele>
    <time>2026-01-03T11:37:22Z</time>
   </trkpt>
   <trkpt lat="51.4878570" lon="-0.2314070">
    <ele>3.8</ele>
    <time>2026-01-03T11:37:23Z</time>
   </trkpt>
   <trkpt lat="51.4878550" lon="-0.2314050">
    <ele>3.8</ele>
    <time>2026-01-03T11:37:24Z</time>
   </trkpt>
   <trkpt lat="51.4878550" lon="-0.2314050">
    <ele>3.8</ele>
    <time>2026-01-03T11:37:25Z</time>
   </trkpt>
   <trkpt lat="51.4878560" lon="-0.2314040">
    <ele>3.8</ele>
    <time>2026-01-03T11:37:26Z</time>
   </trkpt>
   <trkpt lat="51.4878560" lon="-0.2314040">
    <ele>3.8</ele>
    <time>2026-01-03T11:37:27Z</time>
   </trkpt>
   <trkpt lat="51.4878560" lon="-0.2314020">
    <ele>3.8</ele>
    <time>2026-01-03T11:37:28Z</time>
   </trkpt>
   <trkpt lat="51.4878590" lon="-0.2314030">
    <ele>3.8</ele>
    <time>2026-01-03T11:37:29Z</time>
   </trkpt>
   <trkpt lat="51.4878600" lon="-0.2314010">
    <ele>3.8</ele>
    <time>2026-01-03T11:37:30Z</time>
   </trkpt>
   <trkpt lat="51.4878570" lon="-0.2313960">
    <ele>3.8</ele>
    <time>2026-01-03T11:37:31Z</time>
   </trkpt>
   <trkpt lat="51.4878600" lon="-0.2314010">
    <ele>3.8</ele>
    <time>2026-01-03T11:37:32Z</time>
   </trkpt>
   <trkpt lat="51.4878620" lon="-0.2314060">
    <ele>3.8</ele>
    <time>2026-01-03T11:37:33Z</time>
   </trkpt>
   <trkpt lat="51.4878620" lon="-0.2314060">
    <ele>3.8</ele>
    <time>2026-01-03T11:37:34Z</time>
   </trkpt>
   <trkpt lat="51.4878660" lon="-0.2314060">
    <ele>3.8</ele>
    <time>2026-01-03T11:37:35Z</time>
   </trkpt>
   <trkpt lat="51.4878640" lon="-0.2314060">
    <ele>3.8</ele>
    <time>2026-01-03T11:37:36Z</time>
   </trkpt>
   <trkpt lat="51.4878630" lon="-0.2314080">
    <ele>3.8</ele>
    <time>2026-01-03T11:37:37Z</time>
   </trkpt>
   <trkpt lat="51.4878630" lon="-0.2314110">
    <ele>3.8</ele>
    <time>2026-01-03T11:37:38Z</time>
   </trkpt>
   <trkpt lat="51.4878580" lon="-0.2314090">
    <ele>3.8</ele>
    <time>2026-01-03T11:37:39Z</time>
   </trkpt>
   <trkpt lat="51.4878610" lon="-0.2314090">
    <ele>3.8</ele>
    <time>2026-01-03T11:37:40Z</time>
   </trkpt>
   <trkpt lat="51.4878570" lon="-0.2314080">
    <ele>3.8</ele>
    <time>2026-01-03T11:37:41Z</time>
   </trkpt>
   <trkpt lat="51.4878550" lon="-0.2314030">
    <ele>3.8</ele>
    <time>2026-01-03T11:37:42Z</time>
   </trkpt>
   <trkpt lat="51.4878560" lon="-0.2314130">
    <ele>3.8</ele>
    <time>2026-01-03T11:37:43Z</time>
   </trkpt>
   <trkpt lat="51.4878600" lon="-0.2314050">
    <ele>3.8</ele>
    <time>2026-01-03T11:37:44Z</time>
   </trkpt>
   <trkpt lat="51.4878540" lon="-0.2314190">
    <ele>3.8</ele>
    <time>2026-01-03T11:37:45Z</time>
   </trkpt>
   <trkpt lat="51.4878580" lon="-0.2314060">
    <ele>3.8</ele>
    <time>2026-01-03T11:37:46Z</time>
   </trkpt>
   <trkpt lat="51.4878510" lon="-0.2314120">
    <ele>3.8</ele>
    <time>2026-01-03T11:37:47Z</time>
   </trkpt>
   <trkpt lat="51.4878520" lon="-0.2314100">
    <ele>3.8</ele>
    <time>2026-01-03T11:37:48Z</time>
   </trkpt>
   <trkpt lat="51.4878500" lon="-0.2314110">
    <ele>3.8</ele>
    <time>2026-01-03T11:37:49Z</time>
   </trkpt>
   <trkpt lat="51.4878520" lon="-0.2314110">
    <ele>3.8</ele>
    <time>2026-01-03T11:37:50Z</time>
   </trkpt>
   <trkpt lat="51.4878530" lon="-0.2314090">
    <ele>3.8</ele>
    <time>2026-01-03T11:37:51Z</time>
   </trkpt>
   <trkpt lat="51.4878520" lon="-0.2314120">
    <ele>3.8</ele>
    <time>2026-01-03T11:37:52Z</time>
   </trkpt>
   <trkpt lat="51.4878540" lon="-0.2314090">
    <ele>3.8</ele>
    <time>2026-01-03T11:37:53Z</time>
   </trkpt>
   <trkpt lat="51.4878530" lon="-0.2314090">
    <ele>3.8</ele>
    <time>2026-01-03T11:37:54Z</time>
   </trkpt>
   <trkpt lat="51.4878510" lon="-0.2314100">
    <ele>3.8</ele>
    <time>2026-01-03T11:37:55Z</time>
   </trkpt>
   <trkpt lat="51.4878510" lon="-0.2314190">
    <ele>3.8</ele>
    <time>2026-01-03T11:37:56Z</time>
   </trkpt>
   <trkpt lat="51.4878500" lon="-0.2314200">
    <ele>3.8</ele>
    <time>2026-01-03T11:37:57Z</time>
   </trkpt>
   <trkpt lat="51.4878490" lon="-0.2314180">
    <ele>3.8</ele>
    <time>2026-01-03T11:37:58Z</time>
   </trkpt>
   <trkpt lat="51.4878490" lon="-0.2314180">
    <ele>3.8</ele>
    <time>2026-01-03T11:37:59Z</time>
   </trkpt>
   <trkpt lat="51.4878490" lon="-0.2314180">
    <ele>3.8</ele>
    <time>2026-01-03T11:38:00Z</time>
   </trkpt>
   <trkpt lat="51.4878490" lon="-0.2314180">
    <ele>3.8</ele>
    <time>2026-01-03T11:38:01Z</time>
   </trkpt>
   <trkpt lat="51.4878490" lon="-0.2314180">
    <ele>3.8</ele>
    <time>2026-01-03T11:38:02Z</time>
   </trkpt>
   <trkpt lat="51.4878490" lon="-0.2314180">
    <ele>3.8</ele>
    <time>2026-01-03T11:38:03Z</time>
   </trkpt>
   <trkpt lat="51.4878420" lon="-0.2314170">
    <ele>3.8</ele>
    <time>2026-01-03T11:38:04Z</time>
   </trkpt>
   <trkpt lat="51.4878420" lon="-0.2314170">
    <ele>3.8</ele>
    <time>2026-01-03T11:38:05Z</time>
   </trkpt>
   <trkpt lat="51.4878420" lon="-0.2314170">
    <ele>3.8</ele>
    <time>2026-01-03T11:38:06Z</time>
   </trkpt>
   <trkpt lat="51.4878420" lon="-0.2314170">
    <ele>3.8</ele>
    <time>2026-01-03T11:38:07Z</time>
   </trkpt>
   <trkpt lat="51.4878420" lon="-0.2314170">
    <ele>3.8</ele>
    <time>2026-01-03T11:38:08Z</time>
   </trkpt>
   <trkpt lat="51.4878390" lon="-0.2314200">
    <ele>3.8</ele>
    <time>2026-01-03T11:38:09Z</time>
   </trkpt>
   <trkpt lat="51.4878390" lon="-0.2314220">
    <ele>3.8</ele>
    <time>2026-01-03T11:38:10Z</time>
   </trkpt>
   <trkpt lat="51.4878380" lon="-0.2314220">
    <ele>3.8</ele>
    <time>2026-01-03T11:38:11Z</time>
   </trkpt>
   <trkpt lat="51.4878390" lon="-0.2314180">
    <ele>3.8</ele>
    <time>2026-01-03T11:38:12Z</time>
   </trkpt>
   <trkpt lat="51.4878390" lon="-0.2314240">
    <ele>3.8</ele>
    <time>2026-01-03T11:38:13Z</time>
   </trkpt>
   <trkpt lat="51.4878330" lon="-0.2314190">
    <ele>3.8</ele>
    <time>2026-01-03T11:38:14Z</time>
   </trkpt>
   <trkpt lat="51.4878330" lon="-0.2314260">
    <ele>3.8</ele>
    <time>2026-01-03T11:38:15Z</time>
   </trkpt>
   <trkpt lat="51.4878430" lon="-0.2314160">
    <ele>3.8</ele>
    <time>2026-01-03T11:38:16Z</time>
   </trkpt>
   <trkpt lat="51.4878510" lon="-0.2314190">
    <ele>3.8</ele>
    <time>2026-01-03T11:38:17Z</time>
   </trkpt>
   <trkpt lat="51.4878620" lon="-0.2314250">
    <ele>3.8</ele>
    <time>2026-01-03T11:38:18Z</time>
   </trkpt>
   <trkpt lat="51.4878730" lon="-0.2314300">
    <ele>3.8</ele>
    <time>2026-01-03T11:38:19Z</time>
   </trkpt>
   <trkpt lat="51.4878770" lon="-0.2314430">
    <ele>3.8</ele>
    <time>2026-01-03T11:38:20Z</time>
   </trkpt>
   <trkpt lat="51.4878830" lon="-0.2314580">
    <ele>3.8</ele>
    <time>2026-01-03T11:38:21Z</time>
   </trkpt>
   <trkpt lat="51.4878970" lon="-0.2314720">
    <ele>3.8</ele>
    <time>2026-01-03T11:38:22Z</time>
   </trkpt>
   <trkpt lat="51.4879000" lon="-0.2314840">
    <ele>3.8</ele>
    <time>2026-01-03T11:38:23Z</time>
   </trkpt>
   <trkpt lat="51.4879110" lon="-0.2314990">
    <ele>3.8</ele>
    <time>2026-01-03T11:38:24Z</time>
   </trkpt>
   <trkpt lat="51.4879170" lon="-0.2315070">
    <ele>3.8</ele>
    <time>2026-01-03T11:38:25Z</time>
   </trkpt>
   <trkpt lat="51.4879210" lon="-0.2315180">
    <ele>3.8</ele>
    <time>2026-01-03T11:38:27Z</time>
   </trkpt>
   <trkpt lat="51.4879270" lon="-0.2315280">
    <ele>3.8</ele>
    <time>2026-01-03T11:38:28Z</time>
   </trkpt>
   <trkpt lat="51.4879340" lon="-0.2315440">
    <ele>3.8</ele>
    <time>2026-01-03T11:38:29Z</time>
   </trkpt>
   <trkpt lat="51.4879390" lon="-0.2315620">
    <ele>3.9</ele>
    <time>2026-01-03T11:38:30Z</time>
   </trkpt>
   <trkpt lat="51.4879450" lon="-0.2315800">
    <ele>3.9</ele>
    <time>2026-01-03T11:38:31Z</time>
   </trkpt>
   <trkpt lat="51.4879550" lon="-0.2315930">
    <ele>3.9</ele>
    <time>2026-01-03T11:38:32Z</time>
   </trkpt>
   <trkpt lat="51.4879640" lon="-0.2316050">
    <ele>3.9</ele>
    <time>2026-01-03T11:38:33Z</time>
   </trkpt>
   <trkpt lat="51.4879680" lon="-0.2316210">
    <ele>3.9</ele>
    <time>2026-01-03T11:38:34Z</time>
   </trkpt>
   <trkpt lat="51.4879730" lon="-0.2316350">
    <ele>3.9</ele>
    <time>2026-01-03T11:38:35Z</time>
   </trkpt>
   <trkpt lat="51.4879790" lon="-0.2316540">
    <ele>3.9</ele>
    <time>2026-01-03T11:38:36Z</time>
   </trkpt>
   <trkpt lat="51.4879840" lon="-0.2316690">
    <ele>3.9</ele>
    <time>2026-01-03T11:38:37Z</time>
   </trkpt>
   <trkpt lat="51.4879880" lon="-0.2316810">
    <ele>3.9</ele>
    <time>2026-01-03T11:38:38Z</time>
   </trkpt>
   <trkpt lat="51.4879950" lon="-0.2316990">
    <ele>3.9</ele>
    <time>2026-01-03T11:38:39Z</time>
   </trkpt>
   <trkpt lat="51.4880080" lon="-0.2317120">
    <ele>3.9</ele>
    <time>2026-01-03T11:38:40Z</time>
   </trkpt>
   <trkpt lat="51.4880130" lon="-0.2317210">
    <ele>3.9</ele>
    <time>2026-01-03T11:38:41Z</time>
   </trkpt>
   <trkpt lat="51.4880180" lon="-0.2317380">
    <ele>3.9</ele>
    <time>2026-01-03T11:38:42Z</time>
   </trkpt>
   <trkpt lat="51.4880250" lon="-0.2317510">
    <ele>3.9</ele>
    <time>2026-01-03T11:38:43Z</time>
   </trkpt>
   <trkpt lat="51.4880420" lon="-0.2317740">
    <ele>3.9</ele>
    <time>2026-01-03T11:38:44Z</time>
   </trkpt>
   <trkpt lat="51.4880480" lon="-0.2317830">
    <ele>3.9</ele>
    <time>2026-01-03T11:38:45Z</time>
   </trkpt>
   <trkpt lat="51.4880540" lon="-0.2317920">
    <ele>4.0</ele>
    <time>2026-01-03T11:38:46Z</time>
   </trkpt>
   <trkpt lat="51.4880590" lon="-0.2318050">
    <ele>4.0</ele>
    <time>2026-01-03T11:38:47Z</time>
   </trkpt>
   <trkpt lat="51.4880650" lon="-0.2318170">
    <ele>4.0</ele>
    <time>2026-01-03T11:38:48Z</time>
   </trkpt>
   <trkpt lat="51.4880740" lon="-0.2318320">
    <ele>4.0</ele>
    <time>2026-01-03T11:38:49Z</time>
   </trkpt>
   <trkpt lat="51.4880770" lon="-0.2318510">
    <ele>4.0</ele>
    <time>2026-01-03T11:38:50Z</time>
   </trkpt>
   <trkpt lat="51.4880880" lon="-0.2318600">
    <ele>4.0</ele>
    <time>2026-01-03T11:38:51Z</time>
   </trkpt>
   <trkpt lat="51.4880950" lon="-0.2318760">
    <ele>4.0</ele>
    <time>2026-01-03T11:38:52Z</time>
   </trkpt>
   <trkpt lat="51.4881080" lon="-0.2319020">
    <ele>4.0</ele>
    <time>2026-01-03T11:38:53Z</time>
   </trkpt>
   <trkpt lat="51.4881130" lon="-0.2319130">
    <ele>4.0</ele>
    <time>2026-01-03T11:38:54Z</time>
   </trkpt>
   <trkpt lat="51.4881180" lon="-0.2319250">
    <ele>4.0</ele>
    <time>2026-01-03T11:38:55Z</time>
   </trkpt>
   <trkpt lat="51.4881240" lon="-0.2319400">
    <ele>4.0</ele>
    <time>2026-01-03T11:38:56Z</time>
   </trkpt>
   <trkpt lat="51.4881280" lon="-0.2319520">
    <ele>4.0</ele>
    <time>2026-01-03T11:38:57Z</time>
   </trkpt>
   <trkpt lat="51.4881320" lon="-0.2319660">
    <ele>4.0</ele>
    <time>2026-01-03T11:38:58Z</time>
   </trkpt>
   <trkpt lat="51.4881340" lon="-0.2319820">
    <ele>4.0</ele>
    <time>2026-01-03T11:38:59Z</time>
   </trkpt>
   <trkpt lat="51.4881390" lon="-0.2319990">
    <ele>4.0</ele>
    <time>2026-01-03T11:39:00Z</time>
   </trkpt>
   <trkpt lat="51.4881400" lon="-0.2320160">
    <ele>4.0</ele>
    <time>2026-01-03T11:39:01Z</time>
   </trkpt>
   <trkpt lat="51.4881480" lon="-0.2320310">
    <ele>4.0</ele>
    <time>2026-01-03T11:39:02Z</time>
   </trkpt>
   <trkpt lat="51.4881520" lon="-0.2320450">
    <ele>4.0</ele>
    <time>2026-01-03T11:39:03Z</time>
   </trkpt>
   <trkpt lat="51.4881610" lon="-0.2320620">
    <ele>4.0</ele>
    <time>2026-01-03T11:39:04Z</time>
   </trkpt>
   <trkpt lat="51.4881710" lon="-0.2320940">
    <ele>4.0</ele>
    <time>2026-01-03T11:39:05Z</time>
   </trkpt>
   <trkpt lat="51.4881760" lon="-0.2321060">
    <ele>4.0</ele>
    <time>2026-01-03T11:39:06Z</time>
   </trkpt>
   <trkpt lat="51.4881810" lon="-0.2321180">
    <ele>4.0</ele>
    <time>2026-01-03T11:39:07Z</time>
   </trkpt>
   <trkpt lat="51.4881820" lon="-0.2321270">
    <ele>4.0</ele>
    <time>2026-01-03T11:39:08Z</time>
   </trkpt>
   <trkpt lat="51.4881910" lon="-0.2321470">
    <ele>4.0</ele>
    <time>2026-01-03T11:39:09Z</time>
   </trkpt>
   <trkpt lat="51.4882000" lon="-0.2321630">
    <ele>4.0</ele>
    <time>2026-01-03T11:39:10Z</time>
   </trkpt>
   <trkpt lat="51.4882110" lon="-0.2321870">
    <ele>4.0</ele>
    <time>2026-01-03T11:39:11Z</time>
   </trkpt>
   <trkpt lat="51.4882140" lon="-0.2322030">
    <ele>4.0</ele>
    <time>2026-01-03T11:39:12Z</time>
   </trkpt>
   <trkpt lat="51.4882240" lon="-0.2322220">
    <ele>4.0</ele>
    <time>2026-01-03T11:39:13Z</time>
   </trkpt>
   <trkpt lat="51.4882410" lon="-0.2322490">
    <ele>4.0</ele>
    <time>2026-01-03T11:39:14Z</time>
   </trkpt>
   <trkpt lat="51.4882440" lon="-0.2322610">
    <ele>4.0</ele>
    <time>2026-01-03T11:39:15Z</time>
   </trkpt>
   <trkpt lat="51.4882500" lon="-0.2322780">
    <ele>4.0</ele>
    <time>2026-01-03T11:39:16Z</time>
   </trkpt>
   <trkpt lat="51.4882580" lon="-0.2323080">
    <ele>4.0</ele>
    <time>2026-01-03T11:39:17Z</time>
   </trkpt>
   <trkpt lat="51.4882600" lon="-0.2323220">
    <ele>4.0</ele>
    <time>2026-01-03T11:39:18Z</time>
   </trkpt>
   <trkpt lat="51.4882620" lon="-0.2323350">
    <ele>4.0</ele>
    <time>2026-01-03T11:39:19Z</time>
   </trkpt>
   <trkpt lat="51.4882660" lon="-0.2323500">
    <ele>4.0</ele>
    <time>2026-01-03T11:39:20Z</time>
   </trkpt>
   <trkpt lat="51.4882710" lon="-0.2323670">
    <ele>4.0</ele>
    <time>2026-01-03T11:39:21Z</time>
   </trkpt>
   <trkpt lat="51.4882790" lon="-0.2323810">
    <ele>4.0</ele>
    <time>2026-01-03T11:39:22Z</time>
   </trkpt>
   <trkpt lat="51.4882840" lon="-0.2323940">
    <ele>4.0</ele>
    <time>2026-01-03T11:39:23Z</time>
   </trkpt>
   <trkpt lat="51.4882900" lon="-0.2324180">
    <ele>4.0</ele>
    <time>2026-01-03T11:39:24Z</time>
   </trkpt>
   <trkpt lat="51.4882900" lon="-0.2324340">
    <ele>4.0</ele>
    <time>2026-01-03T11:39:25Z</time>
   </trkpt>
   <trkpt lat="51.4883000" lon="-0.2324640">
    <ele>4.0</ele>
    <time>2026-01-03T11:39:26Z</time>
   </trkpt>
   <trkpt lat="51.4883070" lon="-0.2324770">
    <ele>4.0</ele>
    <time>2026-01-03T11:39:27Z</time>
   </trkpt>
   <trkpt lat="51.4883130" lon="-0.2324910">
    <ele>4.0</ele>
    <time>2026-01-03T11:39:28Z</time>
   </trkpt>
   <trkpt lat="51.4883200" lon="-0.2325050">
    <ele>4.0</ele>
    <time>2026-01-03T11:39:29Z</time>
   </trkpt>
   <trkpt lat="51.4883260" lon="-0.2325190">
    <ele>4.0</ele>
    <time>2026-01-03T11:39:30Z</time>
   </trkpt>
   <trkpt lat="51.4883370" lon="-0.2325330">
    <ele>4.0</ele>
    <time>2026-01-03T11:39:31Z</time>
   </trkpt>
   <trkpt lat="51.4883440" lon="-0.2325540">
    <ele>4.0</ele>
    <time>2026-01-03T11:39:32Z</time>
   </trkpt>
   <trkpt lat="51.4883510" lon="-0.2325820">
    <ele>4.0</ele>
    <time>2026-01-03T11:39:33Z</time>
   </trkpt>
   <trkpt lat="51.4883530" lon="-0.2325920">
    <ele>4.0</ele>
    <time>2026-01-03T11:39:34Z</time>
   </trkpt>
   <trkpt lat="51.4883580" lon="-0.2326120">
    <ele>4.0</ele>
    <time>2026-01-03T11:39:35Z</time>
   </trkpt>
   <trkpt lat="51.4883630" lon="-0.2326280">
    <ele>4.0</ele>
    <time>2026-01-03T11:39:36Z</time>
   </trkpt>
   <trkpt lat="51.4883650" lon="-0.2326410">
    <ele>4.0</ele>
    <time>2026-01-03T11:39:37Z</time>
   </trkpt>
   <trkpt lat="51.4883650" lon="-0.2326580">
    <ele>4.0</ele>
    <time>2026-01-03T11:39:38Z</time>
   </trkpt>
   <trkpt lat="51.4883700" lon="-0.2326790">
    <ele>4.0</ele>
    <time>2026-01-03T11:39:39Z</time>
   </trkpt>
   <trkpt lat="51.4883750" lon="-0.2327110">
    <ele>4.0</ele>
    <time>2026-01-03T11:39:40Z</time>
   </trkpt>
   <trkpt lat="51.4883770" lon="-0.2327250">
    <ele>4.0</ele>
    <time>2026-01-03T11:39:41Z</time>
   </trkpt>
   <trkpt lat="51.4883790" lon="-0.2327380">
    <ele>4.0</ele>
    <time>2026-01-03T11:39:42Z</time>
   </trkpt>
   <trkpt lat="51.4883840" lon="-0.2327600">
    <ele>4.0</ele>
    <time>2026-01-03T11:39:43Z</time>
   </trkpt>
   <trkpt lat="51.4883930" lon="-0.2327750">
    <ele>4.0</ele>
    <time>2026-01-03T11:39:44Z</time>
   </trkpt>
   <trkpt lat="51.4883990" lon="-0.2327980">
    <ele>4.0</ele>
    <time>2026-01-03T11:39:45Z</time>
   </trkpt>
   <trkpt lat="51.4884040" lon="-0.2328110">
    <ele>4.0</ele>
    <time>2026-01-03T11:39:46Z</time>
   </trkpt>
   <trkpt lat="51.4884050" lon="-0.2328250">
    <ele>4.0</ele>
    <time>2026-01-03T11:39:47Z</time>
   </trkpt>
   <trkpt lat="51.4884070" lon="-0.2328480">
    <ele>4.0</ele>
    <time>2026-01-03T11:39:48Z</time>
   </trkpt>
   <trkpt lat="51.4884110" lon="-0.2328650">
    <ele>4.0</ele>
    <time>2026-01-03T11:39:49Z</time>
   </trkpt>
   <trkpt lat="51.4884160" lon="-0.2328810">
    <ele>4.0</ele>
    <time>2026-01-03T11:39:50Z</time>
   </trkpt>
   <trkpt lat="51.4884260" lon="-0.2328930">
    <ele>4.0</ele>
    <time>2026-01-03T11:39:51Z</time>
   </trkpt>
   <trkpt lat="51.4884320" lon="-0.2329100">
    <ele>4.0</ele>
    <time>2026-01-03T11:39:52Z</time>
   </trkpt>
   <trkpt lat="51.4884360" lon="-0.2329270">
    <ele>4.0</ele>
    <time>2026-01-03T11:39:53Z</time>
   </trkpt>
   <trkpt lat="51.4884420" lon="-0.2329430">
    <ele>4.0</ele>
    <time>2026-01-03T11:39:54Z</time>
   </trkpt>
   <trkpt lat="51.4884460" lon="-0.2329590">
    <ele>4.0</ele>
    <time>2026-01-03T11:39:55Z</time>
   </trkpt>
   <trkpt lat="51.4884500" lon="-0.2329730">
    <ele>4.0</ele>
    <time>2026-01-03T11:39:56Z</time>
   </trkpt>
   <trkpt lat="51.4884650" lon="-0.2330030">
    <ele>4.0</ele>
    <time>2026-01-03T11:39:57Z</time>
   </trkpt>
   <trkpt lat="51.4884700" lon="-0.2330110">
    <ele>4.0</ele>
    <time>2026-01-03T11:39:58Z</time>
   </trkpt>
   <trkpt lat="51.4884750" lon="-0.2330200">
    <ele>4.0</ele>
    <time>2026-01-03T11:39:59Z</time>
   </trkpt>
   <trkpt lat="51.4884820" lon="-0.2330390">
    <ele>4.1</ele>
    <time>2026-01-03T11:40:00Z</time>
   </trkpt>
   <trkpt lat="51.4884880" lon="-0.2330600">
    <ele>4.1</ele>
    <time>2026-01-03T11:40:01Z</time>
   </trkpt>
   <trkpt lat="51.4884920" lon="-0.2330810">
    <ele>4.1</ele>
    <time>2026-01-03T11:40:02Z</time>
   </trkpt>
   <trkpt lat="51.4885020" lon="-0.2331000">
    <ele>4.1</ele>
    <time>2026-01-03T11:40:03Z</time>
   </trkpt>
   <trkpt lat="51.4885110" lon="-0.2331300">
    <ele>4.1</ele>
    <time>2026-01-03T11:40:04Z</time>
   </trkpt>
   <trkpt lat="51.4885140" lon="-0.2331440">
    <ele>4.1</ele>
    <time>2026-01-03T11:40:05Z</time>
   </trkpt>
   <trkpt lat="51.4885160" lon="-0.2331580">
    <ele>4.1</ele>
    <time>2026-01-03T11:40:06Z</time>
   </trkpt>
   <trkpt lat="51.4885200" lon="-0.2331820">
    <ele>4.1</ele>
    <time>2026-01-03T11:40:07Z</time>
   </trkpt>
   <trkpt lat="51.4885250" lon="-0.2332050">
    <ele>4.1</ele>
    <time>2026-01-03T11:40:08Z</time>
   </trkpt>
   <trkpt lat="51.4885270" lon="-0.2332280">
    <ele>4.1</ele>
    <time>2026-01-03T11:40:09Z</time>
   </trkpt>
   <trkpt lat="51.4885310" lon="-0.2332470">
    <ele>4.1</ele>
    <time>2026-01-03T11:40:10Z</time>
   </trkpt>
   <trkpt lat="51.4885310" lon="-0.2332610">
    <ele>4.1</ele>
    <time>2026-01-03T11:40:11Z</time>
   </trkpt>
   <trkpt lat="51.4885340" lon="-0.2332720">
    <ele>4.1</ele>
    <time>2026-01-03T11:40:12Z</time>
   </trkpt>
   <trkpt lat="51.4885390" lon="-0.2332880">
    <ele>4.1</ele>
    <time>2026-01-03T11:40:13Z</time>
   </trkpt>
   <trkpt lat="51.4885430" lon="-0.2333150">
    <ele>4.1</ele>
    <time>2026-01-03T11:40:14Z</time>
   </trkpt>
   <trkpt lat="51.4885500" lon="-0.2333300">
    <ele>4.1</ele>
    <time>2026-01-03T11:40:15Z</time>
   </trkpt>
   <trkpt lat="51.4885530" lon="-0.2333450">
    <ele>4.1</ele>
    <time>2026-01-03T11:40:16Z</time>
   </trkpt>
   <trkpt lat="51.4885560" lon="-0.2333620">
    <ele>4.1</ele>
    <time>2026-01-03T11:40:17Z</time>
   </trkpt>
   <trkpt lat="51.4885600" lon="-0.2333820">
    <ele>4.1</ele>
    <time>2026-01-03T11:40:18Z</time>
   </trkpt>
   <trkpt lat="51.4885650" lon="-0.2333950">
    <ele>4.1</ele>
    <time>2026-01-03T11:40:19Z</time>
   </trkpt>
   <trkpt lat="51.4885700" lon="-0.2334040">
    <ele>4.1</ele>
    <time>2026-01-03T11:40:20Z</time>
   </trkpt>
   <trkpt lat="51.4885750" lon="-0.2334380">
    <ele>4.1</ele>
    <time>2026-01-03T11:40:21Z</time>
   </trkpt>
   <trkpt lat="51.4885780" lon="-0.2334510">
    <ele>4.1</ele>
    <time>2026-01-03T11:40:22Z</time>
   </trkpt>
   <trkpt lat="51.4885810" lon="-0.2334640">
    <ele>4.1</ele>
    <time>2026-01-03T11:40:23Z</time>
   </trkpt>
   <trkpt lat="51.4885850" lon="-0.2334980">
    <ele>4.1</ele>
    <time>2026-01-03T11:40:24Z</time>
   </trkpt>
   <trkpt lat="51.4885870" lon="-0.2335130">
    <ele>4.1</ele>
    <time>2026-01-03T11:40:25Z</time>
   </trkpt>
   <trkpt lat="51.4885880" lon="-0.2335290">
    <ele>4.1</ele>
    <time>2026-01-03T11:40:26Z</time>
   </trkpt>
   <trkpt lat="51.4885880" lon="-0.2335410">
    <ele>4.1</ele>
    <time>2026-01-03T11:40:27Z</time>
   </trkpt>
   <trkpt lat="51.4885950" lon="-0.2335640">
    <ele>4.1</ele>
    <time>2026-01-03T11:40:28Z</time>
   </trkpt>
   <trkpt lat="51.4885990" lon="-0.2335850">
    <ele>4.1</ele>
    <time>2026-01-03T11:40:29Z</time>
   </trkpt>
   <trkpt lat="51.4886040" lon="-0.2336090">
    <ele>4.1</ele>
    <time>2026-01-03T11:40:30Z</time>
   </trkpt>
   <trkpt lat="51.4886130" lon="-0.2336320">
    <ele>4.1</ele>
    <time>2026-01-03T11:40:31Z</time>
   </trkpt>
   <trkpt lat="51.4886190" lon="-0.2336480">
    <ele>4.1</ele>
    <time>2026-01-03T11:40:33Z</time>
   </trkpt>
   <trkpt lat="51.4886250" lon="-0.2336720">
    <ele>4.1</ele>
    <time>2026-01-03T11:40:34Z</time>
   </trkpt>
   <trkpt lat="51.4886290" lon="-0.2336900">
    <ele>4.1</ele>
    <time>2026-01-03T11:40:35Z</time>
   </trkpt>
   <trkpt lat="51.4886300" lon="-0.2337050">
    <ele>4.1</ele>
    <time>2026-01-03T11:40:36Z</time>
   </trkpt>
   <trkpt lat="51.4886340" lon="-0.2337210">
    <ele>4.1</ele>
    <time>2026-01-03T11:40:37Z</time>
   </trkpt>
   <trkpt lat="51.4886390" lon="-0.2337430">
    <ele>4.1</ele>
    <time>2026-01-03T11:40:38Z</time>
   </trkpt>
   <trkpt lat="51.4886460" lon="-0.2337630">
    <ele>4.1</ele>
    <time>2026-01-03T11:40:39Z</time>
   </trkpt>
   <trkpt lat="51.4886540" lon="-0.2337950">
    <ele>4.1</ele>
    <time>2026-01-03T11:40:40Z</time>
   </trkpt>
   <trkpt lat="51.4886560" lon="-0.2338070">
    <ele>4.1</ele>
    <time>2026-01-03T11:40:41Z</time>
   </trkpt>
   <trkpt lat="51.4886590" lon="-0.2338180">
    <ele>4.1</ele>
    <time>2026-01-03T11:40:42Z</time>
   </trkpt>
   <trkpt lat="51.4886660" lon="-0.2338360">
    <ele>4.1</ele>
    <time>2026-01-03T11:40:43Z</time>
   </trkpt>
   <trkpt lat="51.4886720" lon="-0.2338630">
    <ele>4.1</ele>
    <time>2026-01-03T11:40:44Z</time>
   </trkpt>
   <trkpt lat="51.4886740" lon="-0.2338760">
    <ele>4.1</ele>
    <time>2026-01-03T11:40:45Z</time>
   </trkpt>
   <trkpt lat="51.4886770" lon="-0.2338960">
    <ele>4.1</ele>
    <time>2026-01-03T11:40:46Z</time>
   </trkpt>
   <trkpt lat="51.4886770" lon="-0.2339150">
    <ele>4.1</ele>
    <time>2026-01-03T11:40:47Z</time>
   </trkpt>
   <trkpt lat="51.4886790" lon="-0.2339350">
    <ele>4.1</ele>
    <time>2026-01-03T11:40:48Z</time>
   </trkpt>
   <trkpt lat="51.4886810" lon="-0.2339530">
    <ele>4.1</ele>
    <time>2026-01-03T11:40:49Z</time>
   </trkpt>
   <trkpt lat="51.4886840" lon="-0.2339710">
    <ele>4.1</ele>
    <time>2026-01-03T11:40:50Z</time>
   </trkpt>
   <trkpt lat="51.4886940" lon="-0.2340030">
    <ele>4.1</ele>
    <time>2026-01-03T11:40:51Z</time>
   </trkpt>
   <trkpt lat="51.4886990" lon="-0.2340150">
    <ele>4.1</ele>
    <time>2026-01-03T11:40:52Z</time>
   </trkpt>
   <trkpt lat="51.4887040" lon="-0.2340270">
    <ele>4.1</ele>
    <time>2026-01-03T11:40:53Z</time>
   </trkpt>
   <trkpt lat="51.4887110" lon="-0.2340470">
    <ele>4.1</ele>
    <time>2026-01-03T11:40:54Z</time>
   </trkpt>
   <trkpt lat="51.4887150" lon="-0.2340670">
    <ele>4.1</ele>
    <time>2026-01-03T11:40:55Z</time>
   </trkpt>
   <trkpt lat="51.4887240" lon="-0.2340870">
    <ele>4.1</ele>
    <time>2026-01-03T11:40:56Z</time>
   </trkpt>
   <trkpt lat="51.4887300" lon="-0.2341060">
    <ele>4.0</ele>
    <time>2026-01-03T11:40:57Z</time>
   </trkpt>
   <trkpt lat="51.4887330" lon="-0.2341260">
    <ele>4.0</ele>
    <time>2026-01-03T11:40:58Z</time>
   </trkpt>
   <trkpt lat="51.4887340" lon="-0.2341520">
    <ele>4.0</ele>
    <time>2026-01-03T11:40:59Z</time>
   </trkpt>
   <trkpt lat="51.4887390" lon="-0.2341840">
    <ele>4.0</ele>
    <time>2026-01-03T11:41:00Z</time>
   </trkpt>
   <trkpt lat="51.4887420" lon="-0.2342010">
    <ele>4.0</ele>
    <time>2026-01-03T11:41:01Z</time>
   </trkpt>
   <trkpt lat="51.4887450" lon="-0.2342180">
    <ele>4.0</ele>
    <time>2026-01-03T11:41:02Z</time>
   </trkpt>
   <trkpt lat="51.4887460" lon="-0.2342300">
    <ele>4.0</ele>
    <time>2026-01-03T11:41:03Z</time>
   </trkpt>
   <trkpt lat="51.4887470" lon="-0.2342550">
    <ele>4.0</ele>
    <time>2026-01-03T11:41:04Z</time>
   </trkpt>
   <trkpt lat="51.4887510" lon="-0.2342700">
    <ele>4.0</ele>
    <time>2026-01-03T11:41:05Z</time>
   </trkpt>
   <trkpt lat="51.4887540" lon="-0.2343060">
    <ele>4.0</ele>
    <time>2026-01-03T11:41:06Z</time>
   </trkpt>
   <trkpt lat="51.4887550" lon="-0.2343190">
    <ele>4.0</ele>
    <time>2026-01-03T11:41:07Z</time>
   </trkpt>
   <trkpt lat="51.4887570" lon="-0.2343320">
    <ele>4.0</ele>
    <time>2026-01-03T11:41:08Z</time>
   </trkpt>
   <trkpt lat="51.4887620" lon="-0.2343620">
    <ele>4.0</ele>
    <time>2026-01-03T11:41:09Z</time>
   </trkpt>
   <trkpt lat="51.4887650" lon="-0.2343750">
    <ele>4.0</ele>
    <time>2026-01-03T11:41:10Z</time>
   </trkpt>
   <trkpt lat="51.4887700" lon="-0.2344080">
    <ele>4.0</ele>
    <time>2026-01-03T11:41:11Z</time>
   </trkpt>
   <trkpt lat="51.4887720" lon="-0.2344170">
    <ele>4.0</ele>
    <time>2026-01-03T11:41:12Z</time>
   </trkpt>
   <trkpt lat="51.4887750" lon="-0.2344390">
    <ele>4.0</ele>
    <time>2026-01-03T11:41:13Z</time>
   </trkpt>
   <trkpt lat="51.4887800" lon="-0.2344690">
    <ele>4.0</ele>
    <time>2026-01-03T11:41:14Z</time>
   </trkpt>
   <trkpt lat="51.4887840" lon="-0.2344790">
    <ele>4.0</ele>
    <time>2026-01-03T11:41:15Z</time>
   </trkpt>
   <trkpt lat="51.4887900" lon="-0.2345080">
    <ele>4.0</ele>
    <time>2026-01-03T11:41:16Z</time>
   </trkpt>
   <trkpt lat="51.4887880" lon="-0.2345220">
    <ele>4.0</ele>
    <time>2026-01-03T11:41:17Z</time>
   </trkpt>
   <trkpt lat="51.4887860" lon="-0.2345460">
    <ele>4.0</ele>
    <time>2026-01-03T11:41:18Z</time>
   </trkpt>
   <trkpt lat="51.4887910" lon="-0.2345660">
    <ele>4.0</ele>
    <time>2026-01-03T11:41:19Z</time>
   </trkpt>
   <trkpt lat="51.4887970" lon="-0.2345850">
    <ele>4.0</ele>
    <time>2026-01-03T11:41:20Z</time>
   </trkpt>
   <trkpt lat="51.4888030" lon="-0.2346300">
    <ele>4.0</ele>
    <time>2026-01-03T11:41:21Z</time>
   </trkpt>
   <trkpt lat="51.4888090" lon="-0.2346610">
    <ele>3.9</ele>
    <time>2026-01-03T11:41:22Z</time>
   </trkpt>
   <trkpt lat="51.4888110" lon="-0.2346720">
    <ele>3.9</ele>
    <time>2026-01-03T11:41:23Z</time>
   </trkpt>
   <trkpt lat="51.4888110" lon="-0.2346910">
    <ele>3.9</ele>
    <time>2026-01-03T11:41:24Z</time>
   </trkpt>
   <trkpt lat="51.4888110" lon="-0.2347160">
    <ele>3.9</ele>
    <time>2026-01-03T11:41:25Z</time>
   </trkpt>
   <trkpt lat="51.4888150" lon="-0.2347310">
    <ele>3.9</ele>
    <time>2026-01-03T11:41:26Z</time>
   </trkpt>
   <trkpt lat="51.4888130" lon="-0.2347550">
    <ele>3.9</ele>
    <time>2026-01-03T11:41:27Z</time>
   </trkpt>
   <trkpt lat="51.4888120" lon="-0.2347730">
    <ele>3.9</ele>
    <time>2026-01-03T11:41:28Z</time>
   </trkpt>
   <trkpt lat="51.4888190" lon="-0.2348040">
    <ele>3.9</ele>
    <time>2026-01-03T11:41:29Z</time>
   </trkpt>
   <trkpt lat="51.4888220" lon="-0.2348200">
    <ele>3.9</ele>
    <time>2026-01-03T11:41:30Z</time>
   </trkpt>
   <trkpt lat="51.4888240" lon="-0.2348360">
    <ele>3.9</ele>
    <time>2026-01-03T11:41:31Z</time>
   </trkpt>
   <trkpt lat="51.4888240" lon="-0.2348490">
    <ele>3.9</ele>
    <time>2026-01-03T11:41:32Z</time>
   </trkpt>
   <trkpt lat="51.4888220" lon="-0.2348680">
    <ele>3.9</ele>
    <time>2026-01-03T11:41:33Z</time>
   </trkpt>
   <trkpt lat="51.4888220" lon="-0.2348870">
    <ele>3.9</ele>
    <time>2026-01-03T11:41:34Z</time>
   </trkpt>
   <trkpt lat="51.4888270" lon="-0.2349230">
    <ele>3.9</ele>
    <time>2026-01-03T11:41:35Z</time>
   </trkpt>
   <trkpt lat="51.4888280" lon="-0.2349380">
    <ele>3.9</ele>
    <time>2026-01-03T11:41:36Z</time>
   </trkpt>
   <trkpt lat="51.4888290" lon="-0.2349530">
    <ele>3.9</ele>
    <time>2026-01-03T11:41:37Z</time>
   </trkpt>
   <trkpt lat="51.4888280" lon="-0.2349820">
    <ele>3.9</ele>
    <time>2026-01-03T11:41:38Z</time>
   </trkpt>
   <trkpt lat="51.4888280" lon="-0.2349970">
    <ele>3.9</ele>
    <time>2026-01-03T11:41:39Z</time>
   </trkpt>
   <trkpt lat="51.4888270" lon="-0.2350110">
    <ele>3.9</ele>
    <time>2026-01-03T11:41:40Z</time>
   </trkpt>
   <trkpt lat="51.4888240" lon="-0.2350230">
    <ele>3.9</ele>
    <time>2026-01-03T11:41:41Z</time>
   </trkpt>
   <trkpt lat="51.4888230" lon="-0.2350400">
    <ele>3.9</ele>
    <time>2026-01-03T11:41:42Z</time>
   </trkpt>
   <trkpt lat="51.4888230" lon="-0.2350600">
    <ele>3.9</ele>
    <time>2026-01-03T11:41:43Z</time>
   </trkpt>
   <trkpt lat="51.4888230" lon="-0.2350840">
    <ele>3.9</ele>
    <time>2026-01-03T11:41:44Z</time>
   </trkpt>
   <trkpt lat="51.4888270" lon="-0.2351040">
    <ele>3.9</ele>
    <time>2026-01-03T11:41:45Z</time>
   </trkpt>
   <trkpt lat="51.4888300" lon="-0.2351250">
    <ele>3.9</ele>
    <time>2026-01-03T11:41:46Z</time>
   </trkpt>
   <trkpt lat="51.4888270" lon="-0.2351350">
    <ele>3.9</ele>
    <time>2026-01-03T11:41:47Z</time>
   </trkpt>
   <trkpt lat="51.4888310" lon="-0.2351600">
    <ele>3.9</ele>
    <time>2026-01-03T11:41:48Z</time>
   </trkpt>
   <trkpt lat="51.4888360" lon="-0.2351940">
    <ele>3.9</ele>
    <time>2026-01-03T11:41:49Z</time>
   </trkpt>
   <trkpt lat="51.4888390" lon="-0.2352090">
    <ele>3.9</ele>
    <time>2026-01-03T11:41:50Z</time>
   </trkpt>
   <trkpt lat="51.4888430" lon="-0.2352230">
    <ele>3.9</ele>
    <time>2026-01-03T11:41:51Z</time>
   </trkpt>
   <trkpt lat="51.4888480" lon="-0.2352570">
    <ele>3.9</ele>
    <time>2026-01-03T11:41:52Z</time>
   </trkpt>
   <trkpt lat="51.4888490" lon="-0.2352700">
    <ele>3.9</ele>
    <time>2026-01-03T11:41:53Z</time>
   </trkpt>
   <trkpt lat="51.4888510" lon="-0.2352820">
    <ele>3.9</ele>
    <time>2026-01-03T11:41:54Z</time>
   </trkpt>
   <trkpt lat="51.4888530" lon="-0.2353140">
    <ele>3.9</ele>
    <time>2026-01-03T11:41:55Z</time>
   </trkpt>
   <trkpt lat="51.4888550" lon="-0.2353290">
    <ele>3.9</ele>
    <time>2026-01-03T11:41:56Z</time>
   </trkpt>
   <trkpt lat="51.4888560" lon="-0.2353430">
    <ele>3.9</ele>
    <time>2026-01-03T11:41:57Z</time>
   </trkpt>
   <trkpt lat="51.4888570" lon="-0.2353690">
    <ele>3.9</ele>
    <time>2026-01-03T11:41:58Z</time>
   </trkpt>
   <trkpt lat="51.4888560" lon="-0.2353930">
    <ele>3.9</ele>
    <time>2026-01-03T11:41:59Z</time>
   </trkpt>
   <trkpt lat="51.4888570" lon="-0.2354140">
    <ele>3.9</ele>
    <time>2026-01-03T11:42:00Z</time>
   </trkpt>
   <trkpt lat="51.4888610" lon="-0.2354300">
    <ele>3.9</ele>
    <time>2026-01-03T11:42:01Z</time>
   </trkpt>
   <trkpt lat="51.4888610" lon="-0.2354490">
    <ele>3.9</ele>
    <time>2026-01-03T11:42:02Z</time>
   </trkpt>
   <trkpt lat="51.4888630" lon="-0.2354740">
    <ele>3.9</ele>
    <time>2026-01-03T11:42:03Z</time>
   </trkpt>
   <trkpt lat="51.4888640" lon="-0.2354970">
    <ele>3.9</ele>
    <time>2026-01-03T11:42:04Z</time>
   </trkpt>
   <trkpt lat="51.4888680" lon="-0.2355330">
    <ele>3.9</ele>
    <time>2026-01-03T11:42:05Z</time>
   </trkpt>
   <trkpt lat="51.4888700" lon="-0.2355480">
    <ele>3.9</ele>
    <time>2026-01-03T11:42:06Z</time>
   </trkpt>
   <trkpt lat="51.4888710" lon="-0.2355640">
    <ele>3.9</ele>
    <time>2026-01-03T11:42:07Z</time>
   </trkpt>
   <trkpt lat="51.4888710" lon="-0.2355890">
    <ele>3.9</ele>
    <time>2026-01-03T11:42:08Z</time>
   </trkpt>
   <trkpt lat="51.4888730" lon="-0.2356130">
    <ele>3.9</ele>
    <time>2026-01-03T11:42:09Z</time>
   </trkpt>
   <trkpt lat="51.4888750" lon="-0.2356510">
    <ele>3.9</ele>
    <time>2026-01-03T11:42:10Z</time>
   </trkpt>
   <trkpt lat="51.4888760" lon="-0.2356660">
    <ele>3.9</ele>
    <time>2026-01-03T11:42:11Z</time>
   </trkpt>
   <trkpt lat="51.4888770" lon="-0.2356820">
    <ele>3.9</ele>
    <time>2026-01-03T11:42:12Z</time>
   </trkpt>
   <trkpt lat="51.4888760" lon="-0.2356950">
    <ele>3.9</ele>
    <time>2026-01-03T11:42:13Z</time>
   </trkpt>
   <trkpt lat="51.4888820" lon="-0.2357270">
    <ele>3.9</ele>
    <time>2026-01-03T11:42:14Z</time>
   </trkpt>
   <trkpt lat="51.4888840" lon="-0.2357550">
    <ele>3.9</ele>
    <time>2026-01-03T11:42:15Z</time>
   </trkpt>
   <trkpt lat="51.4888840" lon="-0.2357710">
    <ele>4.0</ele>
    <time>2026-01-03T11:42:16Z</time>
   </trkpt>
   <trkpt lat="51.4888850" lon="-0.2357880">
    <ele>4.0</ele>
    <time>2026-01-03T11:42:17Z</time>
   </trkpt>
   <trkpt lat="51.4888930" lon="-0.2358180">
    <ele>4.0</ele>
    <time>2026-01-03T11:42:18Z</time>
   </trkpt>
   <trkpt lat="51.4888960" lon="-0.2358350">
    <ele>4.0</ele>
    <time>2026-01-03T11:42:19Z</time>
   </trkpt>
   <trkpt lat="51.4888990" lon="-0.2358520">
    <ele>4.0</ele>
    <time>2026-01-03T11:42:20Z</time>
   </trkpt>
   <trkpt lat="51.4889010" lon="-0.2358630">
    <ele>4.0</ele>
    <time>2026-01-03T11:42:21Z</time>
   </trkpt>
   <trkpt lat="51.4889050" lon="-0.2358840">
    <ele>4.0</ele>
    <time>2026-01-03T11:42:22Z</time>
   </trkpt>
   <trkpt lat="51.4889070" lon="-0.2359000">
    <ele>4.0</ele>
    <time>2026-01-03T11:42:23Z</time>
   </trkpt>
   <trkpt lat="51.4889090" lon="-0.2359170">
    <ele>4.0</ele>
    <time>2026-01-03T11:42:24Z</time>
   </trkpt>
   <trkpt lat="51.4889090" lon="-0.2359310">
    <ele>4.0</ele>
    <time>2026-01-03T11:42:25Z</time>
   </trkpt>
   <trkpt lat="51.4889080" lon="-0.2359460">
    <ele>4.0</ele>
    <time>2026-01-03T11:42:26Z</time>
   </trkpt>
   <trkpt lat="51.4889060" lon="-0.2359730">
    <ele>4.0</ele>
    <time>2026-01-03T11:42:27Z</time>
   </trkpt>
   <trkpt lat="51.4889070" lon="-0.2359940">
    <ele>4.0</ele>
    <time>2026-01-03T11:42:28Z</time>
   </trkpt>
   <trkpt lat="51.4889100" lon="-0.2360100">
    <ele>4.0</ele>
    <time>2026-01-03T11:42:29Z</time>
   </trkpt>
   <trkpt lat="51.4889120" lon="-0.2360250">
    <ele>4.0</ele>
    <time>2026-01-03T11:42:30Z</time>
   </trkpt>
   <trkpt lat="51.4889120" lon="-0.2360400">
    <ele>4.0</ele>
    <time>2026-01-03T11:42:31Z</time>
   </trkpt>
   <trkpt lat="51.4889080" lon="-0.2360600">
    <ele>4.0</ele>
    <time>2026-01-03T11:42:32Z</time>
   </trkpt>
   <trkpt lat="51.4889070" lon="-0.2360840">
    <ele>4.0</ele>
    <time>2026-01-03T11:42:33Z</time>
   </trkpt>
   <trkpt lat="51.4889030" lon="-0.2361180">
    <ele>4.0</ele>
    <time>2026-01-03T11:42:34Z</time>
   </trkpt>
   <trkpt lat="51.4889030" lon="-0.2361310">
    <ele>4.0</ele>
    <time>2026-01-03T11:42:35Z</time>
   </trkpt>
   <trkpt lat="51.4889030" lon="-0.2361430">
    <ele>4.0</ele>
    <time>2026-01-03T11:42:36Z</time>
   </trkpt>
   <trkpt lat="51.4889100" lon="-0.2361850">
    <ele>4.0</ele>
    <time>2026-01-03T11:42:37Z</time>
   </trkpt>
   <trkpt lat="51.4889130" lon="-0.2362030">
    <ele>4.0</ele>
    <time>2026-01-03T11:42:39Z</time>
   </trkpt>
   <trkpt lat="51.4889170" lon="-0.2362200">
    <ele>4.0</ele>
    <time>2026-01-03T11:42:40Z</time>
   </trkpt>
   <trkpt lat="51.4889200" lon="-0.2362380">
    <ele>4.0</ele>
    <time>2026-01-03T11:42:41Z</time>
   </trkpt>
   <trkpt lat="51.4889230" lon="-0.2362560">
    <ele>4.0</ele>
    <time>2026-01-03T11:42:42Z</time>
   </trkpt>
   <trkpt lat="51.4889240" lon="-0.2362740">
    <ele>4.0</ele>
    <time>2026-01-03T11:42:43Z</time>
   </trkpt>
   <trkpt lat="51.4889220" lon="-0.2362900">
    <ele>4.0</ele>
    <time>2026-01-03T11:42:44Z</time>
   </trkpt>
   <trkpt lat="51.4889250" lon="-0.2363060">
    <ele>4.0</ele>
    <time>2026-01-03T11:42:45Z</time>
   </trkpt>
   <trkpt lat="51.4889260" lon="-0.2363260">
    <ele>4.0</ele>
    <time>2026-01-03T11:42:46Z</time>
   </trkpt>
   <trkpt lat="51.4889270" lon="-0.2363420">
    <ele>4.0</ele>
    <time>2026-01-03T11:42:47Z</time>
   </trkpt>
   <trkpt lat="51.4889250" lon="-0.2363570">
    <ele>4.0</ele>
    <time>2026-01-03T11:42:48Z</time>
   </trkpt>
   <trkpt lat="51.4889250" lon="-0.2363900">
    <ele>3.9</ele>
    <time>2026-01-03T11:42:49Z</time>
   </trkpt>
   <trkpt lat="51.4889260" lon="-0.2364060">
    <ele>3.9</ele>
    <time>2026-01-03T11:42:50Z</time>
   </trkpt>
   <trkpt lat="51.4889270" lon="-0.2364210">
    <ele>3.9</ele>
    <time>2026-01-03T11:42:51Z</time>
   </trkpt>
   <trkpt lat="51.4889280" lon="-0.2364400">
    <ele>3.9</ele>
    <time>2026-01-03T11:42:52Z</time>
   </trkpt>
   <trkpt lat="51.4889290" lon="-0.2364600">
    <ele>3.9</ele>
    <time>2026-01-03T11:42:53Z</time>
   </trkpt>
   <trkpt lat="51.4889240" lon="-0.2364750">
    <ele>3.9</ele>
    <time>2026-01-03T11:42:54Z</time>
   </trkpt>
   <trkpt lat="51.4889270" lon="-0.2365080">
    <ele>3.9</ele>
    <time>2026-01-03T11:42:55Z</time>
   </trkpt>
   <trkpt lat="51.4889290" lon="-0.2365210">
    <ele>3.9</ele>
    <time>2026-01-03T11:42:56Z</time>
   </trkpt>
   <trkpt lat="51.4889300" lon="-0.2365330">
    <ele>4.0</ele>
    <time>2026-01-03T11:42:57Z</time>
   </trkpt>
   <trkpt lat="51.4889320" lon="-0.2365580">
    <ele>4.0</ele>
    <time>2026-01-03T11:42:58Z</time>
   </trkpt>
   <trkpt lat="51.4889340" lon="-0.2365790">
    <ele>4.0</ele>
    <time>2026-01-03T11:42:59Z</time>
   </trkpt>
   <trkpt lat="51.4889370" lon="-0.2366010">
    <ele>4.0</ele>
    <time>2026-01-03T11:43:00Z</time>
   </trkpt>
   <trkpt lat="51.4889400" lon="-0.2366210">
    <ele>4.0</ele>
    <time>2026-01-03T11:43:01Z</time>
   </trkpt>
   <trkpt lat="51.4889440" lon="-0.2366430">
    <ele>4.0</ele>
    <time>2026-01-03T11:43:02Z</time>
   </trkpt>
   <trkpt lat="51.4889440" lon="-0.2366660">
    <ele>4.0</ele>
    <time>2026-01-03T11:43:03Z</time>
   </trkpt>
   <trkpt lat="51.4889480" lon="-0.2366810">
    <ele>4.0</ele>
    <time>2026-01-03T11:43:04Z</time>
   </trkpt>
   <trkpt lat="51.4889500" lon="-0.2367090">
    <ele>4.0</ele>
    <time>2026-01-03T11:43:05Z</time>
   </trkpt>
   <trkpt lat="51.4889540" lon="-0.2367240">
    <ele>4.0</ele>
    <time>2026-01-03T11:43:06Z</time>
   </trkpt>
   <trkpt lat="51.4889580" lon="-0.2367420">
    <ele>4.0</ele>
    <time>2026-01-03T11:43:07Z</time>
   </trkpt>
   <trkpt lat="51.4889620" lon="-0.2367640">
    <ele>4.0</ele>
    <time>2026-01-03T11:43:08Z</time>
   </trkpt>
   <trkpt lat="51.4889610" lon="-0.2367950">
    <ele>4.0</ele>
    <time>2026-01-03T11:43:09Z</time>
   </trkpt>
   <trkpt lat="51.4889600" lon="-0.2368110">
    <ele>4.0</ele>
    <time>2026-01-03T11:43:10Z</time>
   </trkpt>
   <trkpt lat="51.4889600" lon="-0.2368270">
    <ele>4.0</ele>
    <time>2026-01-03T11:43:11Z</time>
   </trkpt>
   <trkpt lat="51.4889580" lon="-0.2368400">
    <ele>4.0</ele>
    <time>2026-01-03T11:43:12Z</time>
   </trkpt>
   <trkpt lat="51.4889560" lon="-0.2368630">
    <ele>4.0</ele>
    <time>2026-01-03T11:43:13Z</time>
   </trkpt>
   <trkpt lat="51.4889550" lon="-0.2368770">
    <ele>4.0</ele>
    <time>2026-01-03T11:43:14Z</time>
   </trkpt>
   <trkpt lat="51.4889530" lon="-0.2369010">
    <ele>4.0</ele>
    <time>2026-01-03T11:43:15Z</time>
   </trkpt>
   <trkpt lat="51.4889560" lon="-0.2369220">
    <ele>4.0</ele>
    <time>2026-01-03T11:43:16Z</time>
   </trkpt>
   <trkpt lat="51.4889550" lon="-0.2369450">
    <ele>4.0</ele>
    <time>2026-01-03T11:43:17Z</time>
   </trkpt>
   <trkpt lat="51.4889540" lon="-0.2369580">
    <ele>4.0</ele>
    <time>2026-01-03T11:43:18Z</time>
   </trkpt>
   <trkpt lat="51.4889510" lon="-0.2369690">
    <ele>4.0</ele>
    <time>2026-01-03T11:43:19Z</time>
   </trkpt>
   <trkpt lat="51.4889480" lon="-0.2369940">
    <ele>4.0</ele>
    <time>2026-01-03T11:43:20Z</time>
   </trkpt>
   <trkpt lat="51.4889480" lon="-0.2370140">
    <ele>4.0</ele>
    <time>2026-01-03T11:43:21Z</time>
   </trkpt>
   <trkpt lat="51.4889450" lon="-0.2370500">
    <ele>4.0</ele>
    <time>2026-01-03T11:43:22Z</time>
   </trkpt>
   <trkpt lat="51.4889440" lon="-0.2370650">
    <ele>4.0</ele>
    <time>2026-01-03T11:43:23Z</time>
   </trkpt>
   <trkpt lat="51.4889440" lon="-0.2370790">
    <ele>4.0</ele>
    <time>2026-01-03T11:43:24Z</time>
   </trkpt>
   <trkpt lat="51.4889400" lon="-0.2371190">
    <ele>4.0</ele>
    <time>2026-01-03T11:43:25Z</time>
   </trkpt>
   <trkpt lat="51.4889370" lon="-0.2371390">
    <ele>4.0</ele>
    <time>2026-01-03T11:43:26Z</time>
   </trkpt>
   <trkpt lat="51.4889370" lon="-0.2371770">
    <ele>4.0</ele>
    <time>2026-01-03T11:43:27Z</time>
   </trkpt>
   <trkpt lat="51.4889370" lon="-0.2371910">
    <ele>4.0</ele>
    <time>2026-01-03T11:43:28Z</time>
   </trkpt>
   <trkpt lat="51.4889370" lon="-0.2372060">
    <ele>4.0</ele>
    <time>2026-01-03T11:43:29Z</time>
   </trkpt>
   <trkpt lat="51.4889350" lon="-0.2372260">
    <ele>4.0</ele>
    <time>2026-01-03T11:43:30Z</time>
   </trkpt>
   <trkpt lat="51.4889350" lon="-0.2372430">
    <ele>4.0</ele>
    <time>2026-01-03T11:43:31Z</time>
   </trkpt>
   <trkpt lat="51.4889430" lon="-0.2372580">
    <ele>4.0</ele>
    <time>2026-01-03T11:43:32Z</time>
   </trkpt>
   <trkpt lat="51.4889480" lon="-0.2372930">
    <ele>4.1</ele>
    <time>2026-01-03T11:43:33Z</time>
   </trkpt>
   <trkpt lat="51.4889490" lon="-0.2373080">
    <ele>4.1</ele>
    <time>2026-01-03T11:43:34Z</time>
   </trkpt>
   <trkpt lat="51.4889510" lon="-0.2373240">
    <ele>4.1</ele>
    <time>2026-01-03T11:43:35Z</time>
   </trkpt>
   <trkpt lat="51.4889510" lon="-0.2373480">
    <ele>4.1</ele>
    <time>2026-01-03T11:43:36Z</time>
   </trkpt>
   <trkpt lat="51.4889470" lon="-0.2373600">
    <ele>4.1</ele>
    <time>2026-01-03T11:43:37Z</time>
   </trkpt>
   <trkpt lat="51.4889470" lon="-0.2373770">
    <ele>4.1</ele>
    <time>2026-01-03T11:43:38Z</time>
   </trkpt>
   <trkpt lat="51.4889460" lon="-0.2373960">
    <ele>4.1</ele>
    <time>2026-01-03T11:43:39Z</time>
   </trkpt>
   <trkpt lat="51.4889450" lon="-0.2374130">
    <ele>4.1</ele>
    <time>2026-01-03T11:43:40Z</time>
   </trkpt>
   <trkpt lat="51.4889420" lon="-0.2374330">
    <ele>4.1</ele>
    <time>2026-01-03T11:43:41Z</time>
   </trkpt>
   <trkpt lat="51.4889430" lon="-0.2374510">
    <ele>4.1</ele>
    <time>2026-01-03T11:43:42Z</time>
   </trkpt>
   <trkpt lat="51.4889390" lon="-0.2374810">
    <ele>4.1</ele>
    <time>2026-01-03T11:43:43Z</time>
   </trkpt>
   <trkpt lat="51.4889380" lon="-0.2375040">
    <ele>4.1</ele>
    <time>2026-01-03T11:43:44Z</time>
   </trkpt>
   <trkpt lat="51.4889370" lon="-0.2375250">
    <ele>4.1</ele>
    <time>2026-01-03T11:43:45Z</time>
   </trkpt>
   <trkpt lat="51.4889360" lon="-0.2375550">
    <ele>4.1</ele>
    <time>2026-01-03T11:43:46Z</time>
   </trkpt>
   <trkpt lat="51.4889350" lon="-0.2375690">
    <ele>4.1</ele>
    <time>2026-01-03T11:43:47Z</time>
   </trkpt>
   <trkpt lat="51.4889350" lon="-0.2375830">
    <ele>4.1</ele>
    <time>2026-01-03T11:43:48Z</time>
   </trkpt>
   <trkpt lat="51.4889330" lon="-0.2376010">
    <ele>4.1</ele>
    <time>2026-01-03T11:43:49Z</time>
   </trkpt>
   <trkpt lat="51.4889330" lon="-0.2376170">
    <ele>4.1</ele>
    <time>2026-01-03T11:43:50Z</time>
   </trkpt>
   <trkpt lat="51.4889340" lon="-0.2376360">
    <ele>4.1</ele>
    <time>2026-01-03T11:43:51Z</time>
   </trkpt>
   <trkpt lat="51.4889290" lon="-0.2376750">
    <ele>4.1</ele>
    <time>2026-01-03T11:43:52Z</time>
   </trkpt>
   <trkpt lat="51.4889270" lon="-0.2376890">
    <ele>4.1</ele>
    <time>2026-01-03T11:43:53Z</time>
   </trkpt>
   <trkpt lat="51.4889240" lon="-0.2377020">
    <ele>4.1</ele>
    <time>2026-01-03T11:43:54Z</time>
   </trkpt>
   <trkpt lat="51.4889220" lon="-0.2377220">
    <ele>4.0</ele>
    <time>2026-01-03T11:43:55Z</time>
   </trkpt>
   <trkpt lat="51.4889220" lon="-0.2377380">
    <ele>4.0</ele>
    <time>2026-01-03T11:43:56Z</time>
   </trkpt>
   <trkpt lat="51.4889180" lon="-0.2377560">
    <ele>4.0</ele>
    <time>2026-01-03T11:43:57Z</time>
   </trkpt>
   <trkpt lat="51.4889170" lon="-0.2377880">
    <ele>4.0</ele>
    <time>2026-01-03T11:43:58Z</time>
   </trkpt>
   <trkpt lat="51.4889150" lon="-0.2378040">
    <ele>4.0</ele>
    <time>2026-01-03T11:43:59Z</time>
   </trkpt>
   <trkpt lat="51.4889130" lon="-0.2378200">
    <ele>4.0</ele>
    <time>2026-01-03T11:44:00Z</time>
   </trkpt>
   <trkpt lat="51.4889080" lon="-0.2378530">
    <ele>4.0</ele>
    <time>2026-01-03T11:44:01Z</time>
   </trkpt>
   <trkpt lat="51.4889060" lon="-0.2378660">
    <ele>4.0</ele>
    <time>2026-01-03T11:44:02Z</time>
   </trkpt>
   <trkpt lat="51.4889030" lon="-0.2378780">
    <ele>4.0</ele>
    <time>2026-01-03T11:44:03Z</time>
   </trkpt>
   <trkpt lat="51.4889070" lon="-0.2379120">
    <ele>4.0</ele>
    <time>2026-01-03T11:44:04Z</time>
   </trkpt>
   <trkpt lat="51.4889110" lon="-0.2379310">
    <ele>4.0</ele>
    <time>2026-01-03T11:44:05Z</time>
   </trkpt>
   <trkpt lat="51.4889150" lon="-0.2379490">
    <ele>4.0</ele>
    <time>2026-01-03T11:44:06Z</time>
   </trkpt>
   <trkpt lat="51.4889130" lon="-0.2379650">
    <ele>4.0</ele>
    <time>2026-01-03T11:44:07Z</time>
   </trkpt>
   <trkpt lat="51.4889130" lon="-0.2379820">
    <ele>4.0</ele>
    <time>2026-01-03T11:44:08Z</time>
   </trkpt>
   <trkpt lat="51.4889100" lon="-0.2380050">
    <ele>4.0</ele>
    <time>2026-01-03T11:44:09Z</time>
   </trkpt>
   <trkpt lat="51.4889090" lon="-0.2380230">
    <ele>4.0</ele>
    <time>2026-01-03T11:44:10Z</time>
   </trkpt>
   <trkpt lat="51.4889060" lon="-0.2380410">
    <ele>4.0</ele>
    <time>2026-01-03T11:44:11Z</time>
   </trkpt>
   <trkpt lat="51.4889040" lon="-0.2380600">
    <ele>4.0</ele>
    <time>2026-01-03T11:44:12Z</time>
   </trkpt>
   <trkpt lat="51.4889030" lon="-0.2380950">
    <ele>4.0</ele>
    <time>2026-01-03T11:44:13Z</time>
   </trkpt>
   <trkpt lat="51.4889020" lon="-0.2381070">
    <ele>4.0</ele>
    <time>2026-01-03T11:44:14Z</time>
   </trkpt>
   <trkpt lat="51.4889010" lon="-0.2381200">
    <ele>4.0</ele>
    <time>2026-01-03T11:44:15Z</time>
   </trkpt>
   <trkpt lat="51.4888950" lon="-0.2381570">
    <ele>4.0</ele>
    <time>2026-01-03T11:44:16Z</time>
   </trkpt>
   <trkpt lat="51.4888900" lon="-0.2381740">
    <ele>4.0</ele>
    <time>2026-01-03T11:44:17Z</time>
   </trkpt>
   <trkpt lat="51.4888850" lon="-0.2381920">
    <ele>4.0</ele>
    <time>2026-01-03T11:44:18Z</time>
   </trkpt>
   <trkpt lat="51.4888920" lon="-0.2382050">
    <ele>4.0</ele>
    <time>2026-01-03T11:44:19Z</time>
   </trkpt>
   <trkpt lat="51.4888890" lon="-0.2382260">
    <ele>4.0</ele>
    <time>2026-01-03T11:44:20Z</time>
   </trkpt>
   <trkpt lat="51.4888850" lon="-0.2382430">
    <ele>4.0</ele>
    <time>2026-01-03T11:44:21Z</time>
   </trkpt>
   <trkpt lat="51.4888840" lon="-0.2382570">
    <ele>4.0</ele>
    <time>2026-01-03T11:44:22Z</time>
   </trkpt>
   <trkpt lat="51.4888820" lon="-0.2382780">
    <ele>4.0</ele>
    <time>2026-01-03T11:44:23Z</time>
   </trkpt>
   <trkpt lat="51.4888780" lon="-0.2382960">
    <ele>4.0</ele>
    <time>2026-01-03T11:44:24Z</time>
   </trkpt>
   <trkpt lat="51.4888770" lon="-0.2383240">
    <ele>4.0</ele>
    <time>2026-01-03T11:44:25Z</time>
   </trkpt>
   <trkpt lat="51.4888760" lon="-0.2383390">
    <ele>4.0</ele>
    <time>2026-01-03T11:44:26Z</time>
   </trkpt>
   <trkpt lat="51.4888690" lon="-0.2383700">
    <ele>4.0</ele>
    <time>2026-01-03T11:44:27Z</time>
   </trkpt>
   <trkpt lat="51.4888650" lon="-0.2383820">
    <ele>4.0</ele>
    <time>2026-01-03T11:44:28Z</time>
   </trkpt>
   <trkpt lat="51.4888620" lon="-0.2383940">
    <ele>4.0</ele>
    <time>2026-01-03T11:44:29Z</time>
   </trkpt>
   <trkpt lat="51.4888560" lon="-0.2384170">
    <ele>4.0</ele>
    <time>2026-01-03T11:44:30Z</time>
   </trkpt>
   <trkpt lat="51.4888570" lon="-0.2384390">
    <ele>3.9</ele>
    <time>2026-01-03T11:44:31Z</time>
   </trkpt>
   <trkpt lat="51.4888540" lon="-0.2384630">
    <ele>3.9</ele>
    <time>2026-01-03T11:44:32Z</time>
   </trkpt>
   <trkpt lat="51.4888530" lon="-0.2384860">
    <ele>3.9</ele>
    <time>2026-01-03T11:44:33Z</time>
   </trkpt>
   <trkpt lat="51.4888500" lon="-0.2385020">
    <ele>3.9</ele>
    <time>2026-01-03T11:44:34Z</time>
   </trkpt>
   <trkpt lat="51.4888500" lon="-0.2385240">
    <ele>3.9</ele>
    <time>2026-01-03T11:44:35Z</time>
   </trkpt>
   <trkpt lat="51.4888480" lon="-0.2385360">
    <ele>3.9</ele>
    <time>2026-01-03T11:44:36Z</time>
   </trkpt>
   <trkpt lat="51.4888490" lon="-0.2385570">
    <ele>3.9</ele>
    <time>2026-01-03T11:44:37Z</time>
   </trkpt>
   <trkpt lat="51.4888550" lon="-0.2385820">
    <ele>3.9</ele>
    <time>2026-01-03T11:44:38Z</time>
   </trkpt>
   <trkpt lat="51.4888530" lon="-0.2386130">
    <ele>3.9</ele>
    <time>2026-01-03T11:44:39Z</time>
   </trkpt>
   <trkpt lat="51.4888500" lon="-0.2386280">
    <ele>3.9</ele>
    <time>2026-01-03T11:44:40Z</time>
   </trkpt>
   <trkpt lat="51.4888460" lon="-0.2386420">
    <ele>3.9</ele>
    <time>2026-01-03T11:44:41Z</time>
   </trkpt>
   <trkpt lat="51.4888420" lon="-0.2386530">
    <ele>3.9</ele>
    <time>2026-01-03T11:44:42Z</time>
   </trkpt>
   <trkpt lat="51.4888390" lon="-0.2386640">
    <ele>3.9</ele>
    <time>2026-01-03T11:44:43Z</time>
   </trkpt>
   <trkpt lat="51.4888310" lon="-0.2386860">
    <ele>3.8</ele>
    <time>2026-01-03T11:44:45Z</time>
   </trkpt>
   <trkpt lat="51.4888250" lon="-0.2387090">
    <ele>3.8</ele>
    <time>2026-01-03T11:44:46Z</time>
   </trkpt>
   <trkpt lat="51.4888240" lon="-0.2387300">
    <ele>3.8</ele>
    <time>2026-01-03T11:44:47Z</time>
   </trkpt>
   <trkpt lat="51.4888250" lon="-0.2387550">
    <ele>3.8</ele>
    <time>2026-01-03T11:44:48Z</time>
   </trkpt>
   <trkpt lat="51.4888210" lon="-0.2387750">
    <ele>3.8</ele>
    <time>2026-01-03T11:44:49Z</time>
   </trkpt>
   <trkpt lat="51.4888190" lon="-0.2387940">
    <ele>3.8</ele>
    <time>2026-01-03T11:44:50Z</time>
   </trkpt>
   <trkpt lat="51.4888140" lon="-0.2388170">
    <ele>3.8</ele>
    <time>2026-01-03T11:44:51Z</time>
   </trkpt>
   <trkpt lat="51.4888110" lon="-0.2388380">
    <ele>3.8</ele>
    <time>2026-01-03T11:44:52Z</time>
   </trkpt>
   <trkpt lat="51.4888090" lon="-0.2388620">
    <ele>3.8</ele>
    <time>2026-01-03T11:44:53Z</time>
   </trkpt>
   <trkpt lat="51.4888080" lon="-0.2388820">
    <ele>3.8</ele>
    <time>2026-01-03T11:44:54Z</time>
   </trkpt>
   <trkpt lat="51.4888040" lon="-0.2389060">
    <ele>3.8</ele>
    <time>2026-01-03T11:44:55Z</time>
   </trkpt>
   <trkpt lat="51.4888050" lon="-0.2389150">
    <ele>3.8</ele>
    <time>2026-01-03T11:44:56Z</time>
   </trkpt>
   <trkpt lat="51.4888040" lon="-0.2389320">
    <ele>3.8</ele>
    <time>2026-01-03T11:44:57Z</time>
   </trkpt>
   <trkpt lat="51.4888010" lon="-0.2389560">
    <ele>3.8</ele>
    <time>2026-01-03T11:44:58Z</time>
   </trkpt>
   <trkpt lat="51.4887940" lon="-0.2389830">
    <ele>3.8</ele>
    <time>2026-01-03T11:44:59Z</time>
   </trkpt>
   <trkpt lat="51.4887920" lon="-0.2390020">
    <ele>3.8</ele>
    <time>2026-01-03T11:45:00Z</time>
   </trkpt>
   <trkpt lat="51.4887910" lon="-0.2390210">
    <ele>3.8</ele>
    <time>2026-01-03T11:45:01Z</time>
   </trkpt>
   <trkpt lat="51.4887880" lon="-0.2390370">
    <ele>3.8</ele>
    <time>2026-01-03T11:45:02Z</time>
   </trkpt>
   <trkpt lat="51.4887840" lon="-0.2390580">
    <ele>3.8</ele>
    <time>2026-01-03T11:45:03Z</time>
   </trkpt>
   <trkpt lat="51.4887830" lon="-0.2390890">
    <ele>3.8</ele>
    <time>2026-01-03T11:45:04Z</time>
   </trkpt>
   <trkpt lat="51.4887830" lon="-0.2391060">
    <ele>3.8</ele>
    <time>2026-01-03T11:45:05Z</time>
   </trkpt>
   <trkpt lat="51.4887830" lon="-0.2391220">
    <ele>3.8</ele>
    <time>2026-01-03T11:45:06Z</time>
   </trkpt>
   <trkpt lat="51.4887790" lon="-0.2391420">
    <ele>3.8</ele>
    <time>2026-01-03T11:45:07Z</time>
   </trkpt>
   <trkpt lat="51.4887750" lon="-0.2391620">
    <ele>3.8</ele>
    <time>2026-01-03T11:45:08Z</time>
   </trkpt>
   <trkpt lat="51.4887720" lon="-0.2391770">
    <ele>3.8</ele>
    <time>2026-01-03T11:45:09Z</time>
   </trkpt>
   <trkpt lat="51.4887660" lon="-0.2392110">
    <ele>3.8</ele>
    <time>2026-01-03T11:45:10Z</time>
   </trkpt>
   <trkpt lat="51.4887640" lon="-0.2392240">
    <ele>3.8</ele>
    <time>2026-01-03T11:45:11Z</time>
   </trkpt>
   <trkpt lat="51.4887610" lon="-0.2392380">
    <ele>3.8</ele>
    <time>2026-01-03T11:45:12Z</time>
   </trkpt>
   <trkpt lat="51.4887530" lon="-0.2392670">
    <ele>3.8</ele>
    <time>2026-01-03T11:45:13Z</time>
   </trkpt>
   <trkpt lat="51.4887510" lon="-0.2392810">
    <ele>3.8</ele>
    <time>2026-01-03T11:45:14Z</time>
   </trkpt>
   <trkpt lat="51.4887490" lon="-0.2392940">
    <ele>3.8</ele>
    <time>2026-01-03T11:45:15Z</time>
   </trkpt>
   <trkpt lat="51.4887490" lon="-0.2393090">
    <ele>3.8</ele>
    <time>2026-01-03T11:45:16Z</time>
   </trkpt>
   <trkpt lat="51.4887450" lon="-0.2393280">
    <ele>3.8</ele>
    <time>2026-01-03T11:45:17Z</time>
   </trkpt>
   <trkpt lat="51.4887430" lon="-0.2393520">
    <ele>3.8</ele>
    <time>2026-01-03T11:45:18Z</time>
   </trkpt>
   <trkpt lat="51.4887340" lon="-0.2393730">
    <ele>3.8</ele>
    <time>2026-01-03T11:45:19Z</time>
   </trkpt>
   <trkpt lat="51.4887340" lon="-0.2393990">
    <ele>3.8</ele>
    <time>2026-01-03T11:45:20Z</time>
   </trkpt>
   <trkpt lat="51.4887320" lon="-0.2394230">
    <ele>3.8</ele>
    <time>2026-01-03T11:45:21Z</time>
   </trkpt>
   <trkpt lat="51.4887270" lon="-0.2394460">
    <ele>3.8</ele>
    <time>2026-01-03T11:45:22Z</time>
   </trkpt>
   <trkpt lat="51.4887170" lon="-0.2394670">
    <ele>3.8</ele>
    <time>2026-01-03T11:45:23Z</time>
   </trkpt>
   <trkpt lat="51.4887100" lon="-0.2394860">
    <ele>3.8</ele>
    <time>2026-01-03T11:45:24Z</time>
   </trkpt>
   <trkpt lat="51.4886980" lon="-0.2395160">
    <ele>3.8</ele>
    <time>2026-01-03T11:45:25Z</time>
   </trkpt>
   <trkpt lat="51.4886940" lon="-0.2395280">
    <ele>3.8</ele>
    <time>2026-01-03T11:45:26Z</time>
   </trkpt>
   <trkpt lat="51.4886910" lon="-0.2395400">
    <ele>3.8</ele>
    <time>2026-01-03T11:45:27Z</time>
   </trkpt>
   <trkpt lat="51.4886820" lon="-0.2395720">
    <ele>3.8</ele>
    <time>2026-01-03T11:45:28Z</time>
   </trkpt>
   <trkpt lat="51.4886790" lon="-0.2395840">
    <ele>3.8</ele>
    <time>2026-01-03T11:45:29Z</time>
   </trkpt>
   <trkpt lat="51.4886750" lon="-0.2395960">
    <ele>3.8</ele>
    <time>2026-01-03T11:45:30Z</time>
   </trkpt>
   <trkpt lat="51.4886710" lon="-0.2396380">
    <ele>3.8</ele>
    <time>2026-01-03T11:45:31Z</time>
   </trkpt>
   <trkpt lat="51.4886680" lon="-0.2396590">
    <ele>3.8</ele>
    <time>2026-01-03T11:45:32Z</time>
   </trkpt>
   <trkpt lat="51.4886660" lon="-0.2396950">
    <ele>3.8</ele>
    <time>2026-01-03T11:45:33Z</time>
   </trkpt>
   <trkpt lat="51.4886630" lon="-0.2397070">
    <ele>3.8</ele>
    <time>2026-01-03T11:45:34Z</time>
   </trkpt>
   <trkpt lat="51.4886610" lon="-0.2397200">
    <ele>3.8</ele>
    <time>2026-01-03T11:45:35Z</time>
   </trkpt>
   <trkpt lat="51.4886570" lon="-0.2397320">
    <ele>3.8</ele>
    <time>2026-01-03T11:45:36Z</time>
   </trkpt>
   <trkpt lat="51.4886540" lon="-0.2397500">
    <ele>3.8</ele>
    <time>2026-01-03T11:45:37Z</time>
   </trkpt>
   <trkpt lat="51.4886510" lon="-0.2397630">
    <ele>3.8</ele>
    <time>2026-01-03T11:45:38Z</time>
   </trkpt>
   <trkpt lat="51.4886460" lon="-0.2397930">
    <ele>3.8</ele>
    <time>2026-01-03T11:45:39Z</time>
   </trkpt>
   <trkpt lat="51.4886450" lon="-0.2398070">
    <ele>3.8</ele>
    <time>2026-01-03T11:45:40Z</time>
   </trkpt>
   <trkpt lat="51.4886430" lon="-0.2398200">
    <ele>3.8</ele>
    <time>2026-01-03T11:45:41Z</time>
   </trkpt>
   <trkpt lat="51.4886370" lon="-0.2398500">
    <ele>3.8</ele>
    <time>2026-01-03T11:45:42Z</time>
   </trkpt>
   <trkpt lat="51.4886340" lon="-0.2398650">
    <ele>3.8</ele>
    <time>2026-01-03T11:45:43Z</time>
   </trkpt>
   <trkpt lat="51.4886270" lon="-0.2398860">
    <ele>3.8</ele>
    <time>2026-01-03T11:45:44Z</time>
   </trkpt>
   <trkpt lat="51.4886240" lon="-0.2399190">
    <ele>3.8</ele>
    <time>2026-01-03T11:45:45Z</time>
   </trkpt>
   <trkpt lat="51.4886220" lon="-0.2399320">
    <ele>3.8</ele>
    <time>2026-01-03T11:45:46Z</time>
   </trkpt>
   <trkpt lat="51.4886140" lon="-0.2399550">
    <ele>3.8</ele>
    <time>2026-01-03T11:45:47Z</time>
   </trkpt>
   <trkpt lat="51.4886100" lon="-0.2399670">
    <ele>3.8</ele>
    <time>2026-01-03T11:45:48Z</time>
   </trkpt>
   <trkpt lat="51.4886010" lon="-0.2399790">
    <ele>3.8</ele>
    <time>2026-01-03T11:45:49Z</time>
   </trkpt>
   <trkpt lat="51.4885950" lon="-0.2399970">
    <ele>3.8</ele>
    <time>2026-01-03T11:45:50Z</time>
   </trkpt>
   <trkpt lat="51.4885920" lon="-0.2400090">
    <ele>3.8</ele>
    <time>2026-01-03T11:45:51Z</time>
   </trkpt>
   <trkpt lat="51.4885850" lon="-0.2400420">
    <ele>3.8</ele>
    <time>2026-01-03T11:45:52Z</time>
   </trkpt>
   <trkpt lat="51.4885810" lon="-0.2400520">
    <ele>3.8</ele>
    <time>2026-01-03T11:45:53Z</time>
   </trkpt>
   <trkpt lat="51.4885780" lon="-0.2400630">
    <ele>3.8</ele>
    <time>2026-01-03T11:45:54Z</time>
   </trkpt>
   <trkpt lat="51.4885670" lon="-0.2400960">
    <ele>3.8</ele>
    <time>2026-01-03T11:45:55Z</time>
   </trkpt>
   <trkpt lat="51.4885620" lon="-0.2401110">
    <ele>3.8</ele>
    <time>2026-01-03T11:45:56Z</time>
   </trkpt>
   <trkpt lat="51.4885580" lon="-0.2401260">
    <ele>3.8</ele>
    <time>2026-01-03T11:45:57Z</time>
   </trkpt>
   <trkpt lat="51.4885540" lon="-0.2401520">
    <ele>3.8</ele>
    <time>2026-01-03T11:45:58Z</time>
   </trkpt>
   <trkpt lat="51.4885510" lon="-0.2401700">
    <ele>3.8</ele>
    <time>2026-01-03T11:45:59Z</time>
   </trkpt>
   <trkpt lat="51.4885480" lon="-0.2402060">
    <ele>3.8</ele>
    <time>2026-01-03T11:46:00Z</time>
   </trkpt>
   <trkpt lat="51.4885470" lon="-0.2402190">
    <ele>3.8</ele>
    <time>2026-01-03T11:46:01Z</time>
   </trkpt>
   <trkpt lat="51.4885450" lon="-0.2402310">
    <ele>3.8</ele>
    <time>2026-01-03T11:46:02Z</time>
   </trkpt>
   <trkpt lat="51.4885390" lon="-0.2402410">
    <ele>3.8</ele>
    <time>2026-01-03T11:46:03Z</time>
   </trkpt>
   <trkpt lat="51.4885300" lon="-0.2402580">
    <ele>3.8</ele>
    <time>2026-01-03T11:46:04Z</time>
   </trkpt>
   <trkpt lat="51.4885260" lon="-0.2402770">
    <ele>3.8</ele>
    <time>2026-01-03T11:46:05Z</time>
   </trkpt>
   <trkpt lat="51.4885180" lon="-0.2403090">
    <ele>3.8</ele>
    <time>2026-01-03T11:46:06Z</time>
   </trkpt>
   <trkpt lat="51.4885150" lon="-0.2403230">
    <ele>3.8</ele>
    <time>2026-01-03T11:46:07Z</time>
   </trkpt>
   <trkpt lat="51.4885110" lon="-0.2403380">
    <ele>3.8</ele>
    <time>2026-01-03T11:46:08Z</time>
   </trkpt>
   <trkpt lat="51.4885000" lon="-0.2403580">
    <ele>3.8</ele>
    <time>2026-01-03T11:46:09Z</time>
   </trkpt>
   <trkpt lat="51.4884950" lon="-0.2403730">
    <ele>3.8</ele>
    <time>2026-01-03T11:46:10Z</time>
   </trkpt>
   <trkpt lat="51.4884900" lon="-0.2403880">
    <ele>3.8</ele>
    <time>2026-01-03T11:46:11Z</time>
   </trkpt>
   <trkpt lat="51.4884850" lon="-0.2403990">
    <ele>3.8</ele>
    <time>2026-01-03T11:46:12Z</time>
   </trkpt>
   <trkpt lat="51.4884840" lon="-0.2404100">
    <ele>3.8</ele>
    <time>2026-01-03T11:46:13Z</time>
   </trkpt>
   <trkpt lat="51.4884710" lon="-0.2404280">
    <ele>3.9</ele>
    <time>2026-01-03T11:46:14Z</time>
   </trkpt>
   <trkpt lat="51.4884640" lon="-0.2404400">
    <ele>3.9</ele>
    <time>2026-01-03T11:46:15Z</time>
   </trkpt>
   <trkpt lat="51.4884590" lon="-0.2404530">
    <ele>3.9</ele>
    <time>2026-01-03T11:46:16Z</time>
   </trkpt>
   <trkpt lat="51.4884540" lon="-0.2404670">
    <ele>3.9</ele>
    <time>2026-01-03T11:46:17Z</time>
   </trkpt>
   <trkpt lat="51.4884450" lon="-0.2404970">
    <ele>3.9</ele>
    <time>2026-01-03T11:46:18Z</time>
   </trkpt>
   <trkpt lat="51.4884420" lon="-0.2405100">
    <ele>3.9</ele>
    <time>2026-01-03T11:46:19Z</time>
   </trkpt>
   <trkpt lat="51.4884380" lon="-0.2405220">
    <ele>3.9</ele>
    <time>2026-01-03T11:46:20Z</time>
   </trkpt>
   <trkpt lat="51.4884270" lon="-0.2405520">
    <ele>3.9</ele>
    <time>2026-01-03T11:46:21Z</time>
   </trkpt>
   <trkpt lat="51.4884240" lon="-0.2405640">
    <ele>3.9</ele>
    <time>2026-01-03T11:46:22Z</time>
   </trkpt>
   <trkpt lat="51.4884200" lon="-0.2405750">
    <ele>3.9</ele>
    <time>2026-01-03T11:46:23Z</time>
   </trkpt>
   <trkpt lat="51.4884140" lon="-0.2405890">
    <ele>3.9</ele>
    <time>2026-01-03T11:46:24Z</time>
   </trkpt>
   <trkpt lat="51.4884060" lon="-0.2406060">
    <ele>3.9</ele>
    <time>2026-01-03T11:46:25Z</time>
   </trkpt>
   <trkpt lat="51.4884000" lon="-0.2406240">
    <ele>3.9</ele>
    <time>2026-01-03T11:46:26Z</time>
   </trkpt>
   <trkpt lat="51.4883950" lon="-0.2406370">
    <ele>3.9</ele>
    <time>2026-01-03T11:46:27Z</time>
   </trkpt>
   <trkpt lat="51.4883900" lon="-0.2406490">
    <ele>3.9</ele>
    <time>2026-01-03T11:46:28Z</time>
   </trkpt>
   <trkpt lat="51.4883840" lon="-0.2406520">
    <ele>3.9</ele>
    <time>2026-01-03T11:46:29Z</time>
   </trkpt>
   <trkpt lat="51.4883790" lon="-0.2406660">
    <ele>3.9</ele>
    <time>2026-01-03T11:46:30Z</time>
   </trkpt>
   <trkpt lat="51.4883650" lon="-0.2407070">
    <ele>3.8</ele>
    <time>2026-01-03T11:46:31Z</time>
   </trkpt>
   <trkpt lat="51.4883600" lon="-0.2407220">
    <ele>3.8</ele>
    <time>2026-01-03T11:46:32Z</time>
   </trkpt>
   <trkpt lat="51.4883530" lon="-0.2407250">
    <ele>3.8</ele>
    <time>2026-01-03T11:46:33Z</time>
   </trkpt>
   <trkpt lat="51.4883470" lon="-0.2407360">
    <ele>3.8</ele>
    <time>2026-01-03T11:46:34Z</time>
   </trkpt>
   <trkpt lat="51.4883380" lon="-0.2407580">
    <ele>3.8</ele>
    <time>2026-01-03T11:46:35Z</time>
   </trkpt>
   <trkpt lat="51.4883290" lon="-0.2407860">
    <ele>3.8</ele>
    <time>2026-01-03T11:46:36Z</time>
   </trkpt>
   <trkpt lat="51.4883260" lon="-0.2408040">
    <ele>3.8</ele>
    <time>2026-01-03T11:46:37Z</time>
   </trkpt>
   <trkpt lat="51.4883180" lon="-0.2408260">
    <ele>3.8</ele>
    <time>2026-01-03T11:46:38Z</time>
   </trkpt>
   <trkpt lat="51.4883100" lon="-0.2408430">
    <ele>3.8</ele>
    <time>2026-01-03T11:46:39Z</time>
   </trkpt>
   <trkpt lat="51.4883000" lon="-0.2408670">
    <ele>3.8</ele>
    <time>2026-01-03T11:46:40Z</time>
   </trkpt>
   <trkpt lat="51.4882950" lon="-0.2408790">
    <ele>3.8</ele>
    <time>2026-01-03T11:46:41Z</time>
   </trkpt>
   <trkpt lat="51.4882900" lon="-0.2408910">
    <ele>3.8</ele>
    <time>2026-01-03T11:46:42Z</time>
   </trkpt>
   <trkpt lat="51.4882800" lon="-0.2409190">
    <ele>3.8</ele>
    <time>2026-01-03T11:46:43Z</time>
   </trkpt>
   <trkpt lat="51.4882740" lon="-0.2409330">
    <ele>3.8</ele>
    <time>2026-01-03T11:46:44Z</time>
   </trkpt>
   <trkpt lat="51.4882690" lon="-0.2409470">
    <ele>3.8</ele>
    <time>2026-01-03T11:46:45Z</time>
   </trkpt>
   <trkpt lat="51.4882620" lon="-0.2409640">
    <ele>3.8</ele>
    <time>2026-01-03T11:46:46Z</time>
   </trkpt>
   <trkpt lat="51.4882550" lon="-0.2409820">
    <ele>3.8</ele>
    <time>2026-01-03T11:46:47Z</time>
   </trkpt>
   <trkpt lat="51.4882500" lon="-0.2409930">
    <ele>3.8</ele>
    <time>2026-01-03T11:46:48Z</time>
   </trkpt>
   <trkpt lat="51.4882340" lon="-0.2410240">
    <ele>3.8</ele>
    <time>2026-01-03T11:46:49Z</time>
   </trkpt>
   <trkpt lat="51.4882280" lon="-0.2410380">
    <ele>3.8</ele>
    <time>2026-01-03T11:46:51Z</time>
   </trkpt>
   <trkpt lat="51.4882230" lon="-0.2410520">
    <ele>3.8</ele>
    <time>2026-01-03T11:46:52Z</time>
   </trkpt>
   <trkpt lat="51.4882170" lon="-0.2410660">
    <ele>3.8</ele>
    <time>2026-01-03T11:46:53Z</time>
   </trkpt>
   <trkpt lat="51.4882120" lon="-0.2410800">
    <ele>3.8</ele>
    <time>2026-01-03T11:46:54Z</time>
   </trkpt>
   <trkpt lat="51.4881990" lon="-0.2411090">
    <ele>3.8</ele>
    <time>2026-01-03T11:46:55Z</time>
   </trkpt>
   <trkpt lat="51.4881930" lon="-0.2411220">
    <ele>3.8</ele>
    <time>2026-01-03T11:46:56Z</time>
   </trkpt>
   <trkpt lat="51.4881880" lon="-0.2411360">
    <ele>3.8</ele>
    <time>2026-01-03T11:46:57Z</time>
   </trkpt>
   <trkpt lat="51.4881810" lon="-0.2411660">
    <ele>3.8</ele>
    <time>2026-01-03T11:46:58Z</time>
   </trkpt>
   <trkpt lat="51.4881750" lon="-0.2411790">
    <ele>3.7</ele>
    <time>2026-01-03T11:46:59Z</time>
   </trkpt>
   <trkpt lat="51.4881700" lon="-0.2411910">
    <ele>3.7</ele>
    <time>2026-01-03T11:47:00Z</time>
   </trkpt>
   <trkpt lat="51.4881600" lon="-0.2412100">
    <ele>3.7</ele>
    <time>2026-01-03T11:47:01Z</time>
   </trkpt>
   <trkpt lat="51.4881530" lon="-0.2412320">
    <ele>3.7</ele>
    <time>2026-01-03T11:47:02Z</time>
   </trkpt>
   <trkpt lat="51.4881440" lon="-0.2412550">
    <ele>3.7</ele>
    <time>2026-01-03T11:47:03Z</time>
   </trkpt>
   <trkpt lat="51.4881350" lon="-0.2412690">
    <ele>3.7</ele>
    <time>2026-01-03T11:47:04Z</time>
   </trkpt>
   <trkpt lat="51.4881260" lon="-0.2412780">
    <ele>3.7</ele>
    <time>2026-01-03T11:47:05Z</time>
   </trkpt>
   <trkpt lat="51.4881170" lon="-0.2412960">
    <ele>3.7</ele>
    <time>2026-01-03T11:47:06Z</time>
   </trkpt>
   <trkpt lat="51.4881090" lon="-0.2413030">
    <ele>3.7</ele>
    <time>2026-01-03T11:47:07Z</time>
   </trkpt>
   <trkpt lat="51.4881040" lon="-0.2413140">
    <ele>3.7</ele>
    <time>2026-01-03T11:47:08Z</time>
   </trkpt>
   <trkpt lat="51.4880930" lon="-0.2413330">
    <ele>3.7</ele>
    <time>2026-01-03T11:47:09Z</time>
   </trkpt>
   <trkpt lat="51.4880840" lon="-0.2413430">
    <ele>3.7</ele>
    <time>2026-01-03T11:47:10Z</time>
   </trkpt>
   <trkpt lat="51.4880780" lon="-0.2413550">
    <ele>3.7</ele>
    <time>2026-01-03T11:47:11Z</time>
   </trkpt>
   <trkpt lat="51.4880710" lon="-0.2413700">
    <ele>3.7</ele>
    <time>2026-01-03T11:47:12Z</time>
   </trkpt>
   <trkpt lat="51.4880660" lon="-0.2413860">
    <ele>3.7</ele>
    <time>2026-01-03T11:47:13Z</time>
   </trkpt>
   <trkpt lat="51.4880520" lon="-0.2414130">
    <ele>3.7</ele>
    <time>2026-01-03T11:47:14Z</time>
   </trkpt>
   <trkpt lat="51.4880460" lon="-0.2414230">
    <ele>3.7</ele>
    <time>2026-01-03T11:47:15Z</time>
   </trkpt>
   <trkpt lat="51.4880390" lon="-0.2414330">
    <ele>3.7</ele>
    <time>2026-01-03T11:47:16Z</time>
   </trkpt>
   <trkpt lat="51.4880310" lon="-0.2414490">
    <ele>3.7</ele>
    <time>2026-01-03T11:47:17Z</time>
   </trkpt>
   <trkpt lat="51.4880230" lon="-0.2414690">
    <ele>3.7</ele>
    <time>2026-01-03T11:47:18Z</time>
   </trkpt>
   <trkpt lat="51.4880140" lon="-0.2414840">
    <ele>3.7</ele>
    <time>2026-01-03T11:47:19Z</time>
   </trkpt>
   <trkpt lat="51.4880080" lon="-0.2415070">
    <ele>3.7</ele>
    <time>2026-01-03T11:47:20Z</time>
   </trkpt>
   <trkpt lat="51.4879990" lon="-0.2415320">
    <ele>3.7</ele>
    <time>2026-01-03T11:47:21Z</time>
   </trkpt>
   <trkpt lat="51.4879940" lon="-0.2415480">
    <ele>3.7</ele>
    <time>2026-01-03T11:47:22Z</time>
   </trkpt>
   <trkpt lat="51.4879890" lon="-0.2415680">
    <ele>3.7</ele>
    <time>2026-01-03T11:47:23Z</time>
   </trkpt>
   <trkpt lat="51.4879840" lon="-0.2415860">
    <ele>3.7</ele>
    <time>2026-01-03T11:47:24Z</time>
   </trkpt>
   <trkpt lat="51.4879770" lon="-0.2415990">
    <ele>3.7</ele>
    <time>2026-01-03T11:47:25Z</time>
   </trkpt>
   <trkpt lat="51.4879650" lon="-0.2416080">
    <ele>3.7</ele>
    <time>2026-01-03T11:47:26Z</time>
   </trkpt>
   <trkpt lat="51.4879570" lon="-0.2416200">
    <ele>3.7</ele>
    <time>2026-01-03T11:47:27Z</time>
   </trkpt>
   <trkpt lat="51.4879530" lon="-0.2416370">
    <ele>3.7</ele>
    <time>2026-01-03T11:47:28Z</time>
   </trkpt>
   <trkpt lat="51.4879460" lon="-0.2416540">
    <ele>3.7</ele>
    <time>2026-01-03T11:47:29Z</time>
   </trkpt>
   <trkpt lat="51.4879350" lon="-0.2416770">
    <ele>3.7</ele>
    <time>2026-01-03T11:47:30Z</time>
   </trkpt>
   <trkpt lat="51.4879230" lon="-0.2416880">
    <ele>3.7</ele>
    <time>2026-01-03T11:47:31Z</time>
   </trkpt>
   <trkpt lat="51.4879170" lon="-0.2416970">
    <ele>3.7</ele>
    <time>2026-01-03T11:47:32Z</time>
   </trkpt>
   <trkpt lat="51.4879100" lon="-0.2417070">
    <ele>3.7</ele>
    <time>2026-01-03T11:47:33Z</time>
   </trkpt>
   <trkpt lat="51.4879030" lon="-0.2417160">
    <ele>3.7</ele>
    <time>2026-01-03T11:47:34Z</time>
   </trkpt>
   <trkpt lat="51.4878940" lon="-0.2417510">
    <ele>3.7</ele>
    <time>2026-01-03T11:47:35Z</time>
   </trkpt>
   <trkpt lat="51.4878850" lon="-0.2417680">
    <ele>3.7</ele>
    <time>2026-01-03T11:47:36Z</time>
   </trkpt>
   <trkpt lat="51.4878750" lon="-0.2417880">
    <ele>3.8</ele>
    <time>2026-01-03T11:47:37Z</time>
   </trkpt>
   <trkpt lat="51.4878680" lon="-0.2418020">
    <ele>3.8</ele>
    <time>2026-01-03T11:47:38Z</time>
   </trkpt>
   <trkpt lat="51.4878610" lon="-0.2418220">
    <ele>3.8</ele>
    <time>2026-01-03T11:47:39Z</time>
   </trkpt>
   <trkpt lat="51.4878520" lon="-0.2418380">
    <ele>3.8</ele>
    <time>2026-01-03T11:47:40Z</time>
   </trkpt>
   <trkpt lat="51.4878380" lon="-0.2418640">
    <ele>3.8</ele>
    <time>2026-01-03T11:47:41Z</time>
   </trkpt>
   <trkpt lat="51.4878320" lon="-0.2418730">
    <ele>3.8</ele>
    <time>2026-01-03T11:47:42Z</time>
   </trkpt>
   <trkpt lat="51.4878270" lon="-0.2418830">
    <ele>3.8</ele>
    <time>2026-01-03T11:47:43Z</time>
   </trkpt>
   <trkpt lat="51.4878110" lon="-0.2419090">
    <ele>3.8</ele>
    <time>2026-01-03T11:47:44Z</time>
   </trkpt>
   <trkpt lat="51.4878070" lon="-0.2419200">
    <ele>3.8</ele>
    <time>2026-01-03T11:47:45Z</time>
   </trkpt>
   <trkpt lat="51.4878030" lon="-0.2419320">
    <ele>3.8</ele>
    <time>2026-01-03T11:47:46Z</time>
   </trkpt>
   <trkpt lat="51.4877870" lon="-0.2419590">
    <ele>3.8</ele>
    <time>2026-01-03T11:47:47Z</time>
   </trkpt>
   <trkpt lat="51.4877810" lon="-0.2419690">
    <ele>3.8</ele>
    <time>2026-01-03T11:47:48Z</time>
   </trkpt>
   <trkpt lat="51.4877760" lon="-0.2419790">
    <ele>3.8</ele>
    <time>2026-01-03T11:47:49Z</time>
   </trkpt>
   <trkpt lat="51.4877670" lon="-0.2419920">
    <ele>3.8</ele>
    <time>2026-01-03T11:47:50Z</time>
   </trkpt>
   <trkpt lat="51.4877560" lon="-0.2420080">
    <ele>3.8</ele>
    <time>2026-01-03T11:47:51Z</time>
   </trkpt>
   <trkpt lat="51.4877400" lon="-0.2420340">
    <ele>3.8</ele>
    <time>2026-01-03T11:47:52Z</time>
   </trkpt>
   <trkpt lat="51.4877320" lon="-0.2420470">
    <ele>3.8</ele>
    <time>2026-01-03T11:47:53Z</time>
   </trkpt>
   <trkpt lat="51.4877240" lon="-0.2420590">
    <ele>3.8</ele>
    <time>2026-01-03T11:47:54Z</time>
   </trkpt>
   <trkpt lat="51.4877170" lon="-0.2420680">
    <ele>3.8</ele>
    <time>2026-01-03T11:47:55Z</time>
   </trkpt>
   <trkpt lat="51.4877040" lon="-0.2420890">
    <ele>3.8</ele>
    <time>2026-01-03T11:47:56Z</time>
   </trkpt>
   <trkpt lat="51.4876880" lon="-0.2421170">
    <ele>3.8</ele>
    <time>2026-01-03T11:47:57Z</time>
   </trkpt>
   <trkpt lat="51.4876820" lon="-0.2421300">
    <ele>3.8</ele>
    <time>2026-01-03T11:47:58Z</time>
   </trkpt>
   <trkpt lat="51.4876770" lon="-0.2421420">
    <ele>3.8</ele>
    <time>2026-01-03T11:47:59Z</time>
   </trkpt>
   <trkpt lat="51.4876660" lon="-0.2421630">
    <ele>3.8</ele>
    <time>2026-01-03T11:48:00Z</time>
   </trkpt>
   <trkpt lat="51.4876570" lon="-0.2421770">
    <ele>3.8</ele>
    <time>2026-01-03T11:48:01Z</time>
   </trkpt>
   <trkpt lat="51.4876450" lon="-0.2421950">
    <ele>3.8</ele>
    <time>2026-01-03T11:48:02Z</time>
   </trkpt>
   <trkpt lat="51.4876340" lon="-0.2422090">
    <ele>3.8</ele>
    <time>2026-01-03T11:48:03Z</time>
   </trkpt>
   <trkpt lat="51.4876170" lon="-0.2422280">
    <ele>3.8</ele>
    <time>2026-01-03T11:48:04Z</time>
   </trkpt>
   <trkpt lat="51.4876090" lon="-0.2422380">
    <ele>3.8</ele>
    <time>2026-01-03T11:48:05Z</time>
   </trkpt>
   <trkpt lat="51.4876000" lon="-0.2422480">
    <ele>3.8</ele>
    <time>2026-01-03T11:48:06Z</time>
   </trkpt>
   <trkpt lat="51.4875880" lon="-0.2422630">
    <ele>3.8</ele>
    <time>2026-01-03T11:48:07Z</time>
   </trkpt>
   <trkpt lat="51.4875780" lon="-0.2422750">
    <ele>3.8</ele>
    <time>2026-01-03T11:48:08Z</time>
   </trkpt>
   <trkpt lat="51.4875710" lon="-0.2422870">
    <ele>3.8</ele>
    <time>2026-01-03T11:48:09Z</time>
   </trkpt>
   <trkpt lat="51.4875620" lon="-0.2423000">
    <ele>3.8</ele>
    <time>2026-01-03T11:48:10Z</time>
   </trkpt>
   <trkpt lat="51.4875530" lon="-0.2423140">
    <ele>3.8</ele>
    <time>2026-01-03T11:48:11Z</time>
   </trkpt>
   <trkpt lat="51.4875450" lon="-0.2423270">
    <ele>3.8</ele>
    <time>2026-01-03T11:48:12Z</time>
   </trkpt>
   <trkpt lat="51.4875390" lon="-0.2423400">
    <ele>3.8</ele>
    <time>2026-01-03T11:48:13Z</time>
   </trkpt>
   <trkpt lat="51.4875270" lon="-0.2423510">
    <ele>3.8</ele>
    <time>2026-01-03T11:48:14Z</time>
   </trkpt>
   <trkpt lat="51.4875090" lon="-0.2423740">
    <ele>3.8</ele>
    <time>2026-01-03T11:48:15Z</time>
   </trkpt>
   <trkpt lat="51.4875040" lon="-0.2423810">
    <ele>3.8</ele>
    <time>2026-01-03T11:48:16Z</time>
   </trkpt>
   <trkpt lat="51.4874990" lon="-0.2423870">
    <ele>3.8</ele>
    <time>2026-01-03T11:48:17Z</time>
   </trkpt>
   <trkpt lat="51.4874940" lon="-0.2424010">
    <ele>3.8</ele>
    <time>2026-01-03T11:48:18Z</time>
   </trkpt>
   <trkpt lat="51.4874850" lon="-0.2424100">
    <ele>3.8</ele>
    <time>2026-01-03T11:48:19Z</time>
   </trkpt>
   <trkpt lat="51.4874750" lon="-0.2424200">
    <ele>3.8</ele>
    <time>2026-01-03T11:48:20Z</time>
   </trkpt>
   <trkpt lat="51.4874660" lon="-0.2424340">
    <ele>3.8</ele>
    <time>2026-01-03T11:48:21Z</time>
   </trkpt>
   <trkpt lat="51.4874530" lon="-0.2424550">
    <ele>3.8</ele>
    <time>2026-01-03T11:48:22Z</time>
   </trkpt>
   <trkpt lat="51.4874430" lon="-0.2424710">
    <ele>3.8</ele>
    <time>2026-01-03T11:48:23Z</time>
   </trkpt>
   <trkpt lat="51.4874370" lon="-0.2424850">
    <ele>3.8</ele>
    <time>2026-01-03T11:48:24Z</time>
   </trkpt>
   <trkpt lat="51.4874300" lon="-0.2424990">
    <ele>3.8</ele>
    <time>2026-01-03T11:48:25Z</time>
   </trkpt>
   <trkpt lat="51.4874200" lon="-0.2425100">
    <ele>3.8</ele>
    <time>2026-01-03T11:48:26Z</time>
   </trkpt>
   <trkpt lat="51.4874060" lon="-0.2425310">
    <ele>3.8</ele>
    <time>2026-01-03T11:48:27Z</time>
   </trkpt>
   <trkpt lat="51.4874010" lon="-0.2425420">
    <ele>3.8</ele>
    <time>2026-01-03T11:48:28Z</time>
   </trkpt>
   <trkpt lat="51.4873930" lon="-0.2425560">
    <ele>3.8</ele>
    <time>2026-01-03T11:48:29Z</time>
   </trkpt>
   <trkpt lat="51.4873870" lon="-0.2425700">
    <ele>3.8</ele>
    <time>2026-01-03T11:48:30Z</time>
   </trkpt>
   <trkpt lat="51.4873800" lon="-0.2425850">
    <ele>3.9</ele>
    <time>2026-01-03T11:48:31Z</time>
   </trkpt>
   <trkpt lat="51.4873730" lon="-0.2425980">
    <ele>3.9</ele>
    <time>2026-01-03T11:48:32Z</time>
   </trkpt>
   <trkpt lat="51.4873670" lon="-0.2426100">
    <ele>3.9</ele>
    <time>2026-01-03T11:48:33Z</time>
   </trkpt>
   <trkpt lat="51.4873530" lon="-0.2426370">
    <ele>3.9</ele>
    <time>2026-01-03T11:48:34Z</time>
   </trkpt>
   <trkpt lat="51.4873460" lon="-0.2426470">
    <ele>3.9</ele>
    <time>2026-01-03T11:48:35Z</time>
   </trkpt>
   <trkpt lat="51.4873380" lon="-0.2426570">
    <ele>3.9</ele>
    <time>2026-01-03T11:48:36Z</time>
   </trkpt>
   <trkpt lat="51.4873300" lon="-0.2426740">
    <ele>3.9</ele>
    <time>2026-01-03T11:48:37Z</time>
   </trkpt>
   <trkpt lat="51.4873240" lon="-0.2426980">
    <ele>3.9</ele>
    <time>2026-01-03T11:48:38Z</time>
   </trkpt>
   <trkpt lat="51.4873180" lon="-0.2427050">
    <ele>3.9</ele>
    <time>2026-01-03T11:48:39Z</time>
   </trkpt>
   <trkpt lat="51.4873160" lon="-0.2427200">
    <ele>3.9</ele>
    <time>2026-01-03T11:48:40Z</time>
   </trkpt>
   <trkpt lat="51.4873120" lon="-0.2427370">
    <ele>3.9</ele>
    <time>2026-01-03T11:48:41Z</time>
   </trkpt>
   <trkpt lat="51.4873030" lon="-0.2427460">
    <ele>3.9</ele>
    <time>2026-01-03T11:48:42Z</time>
   </trkpt>
   <trkpt lat="51.4872910" lon="-0.2427650">
    <ele>3.9</ele>
    <time>2026-01-03T11:48:43Z</time>
   </trkpt>
   <trkpt lat="51.4872860" lon="-0.2427740">
    <ele>3.9</ele>
    <time>2026-01-03T11:48:44Z</time>
   </trkpt>
   <trkpt lat="51.4872790" lon="-0.2427850">
    <ele>3.9</ele>
    <time>2026-01-03T11:48:45Z</time>
   </trkpt>
   <trkpt lat="51.4872670" lon="-0.2428070">
    <ele>3.9</ele>
    <time>2026-01-03T11:48:46Z</time>
   </trkpt>
   <trkpt lat="51.4872600" lon="-0.2428230">
    <ele>3.9</ele>
    <time>2026-01-03T11:48:47Z</time>
   </trkpt>
   <trkpt lat="51.4872550" lon="-0.2428400">
    <ele>3.9</ele>
    <time>2026-01-03T11:48:48Z</time>
   </trkpt>
   <trkpt lat="51.4872490" lon="-0.2428550">
    <ele>3.9</ele>
    <time>2026-01-03T11:48:49Z</time>
   </trkpt>
   <trkpt lat="51.4872420" lon="-0.2428730">
    <ele>3.9</ele>
    <time>2026-01-03T11:48:50Z</time>
   </trkpt>
   <trkpt lat="51.4872300" lon="-0.2428920">
    <ele>3.9</ele>
    <time>2026-01-03T11:48:51Z</time>
   </trkpt>
   <trkpt lat="51.4872210" lon="-0.2429010">
    <ele>3.9</ele>
    <time>2026-01-03T11:48:52Z</time>
   </trkpt>
   <trkpt lat="51.4872070" lon="-0.2429180">
    <ele>3.9</ele>
    <time>2026-01-03T11:48:53Z</time>
   </trkpt>
   <trkpt lat="51.4871970" lon="-0.2429260">
    <ele>3.9</ele>
    <time>2026-01-03T11:48:54Z</time>
   </trkpt>
   <trkpt lat="51.4871890" lon="-0.2429300">
    <ele>3.9</ele>
    <time>2026-01-03T11:48:55Z</time>
   </trkpt>
   <trkpt lat="51.4871750" lon="-0.2429450">
    <ele>3.8</ele>
    <time>2026-01-03T11:48:57Z</time>
   </trkpt>
   <trkpt lat="51.4871690" lon="-0.2429650">
    <ele>3.8</ele>
    <time>2026-01-03T11:48:58Z</time>
   </trkpt>
   <trkpt lat="51.4871640" lon="-0.2429760">
    <ele>3.8</ele>
    <time>2026-01-03T11:48:59Z</time>
   </trkpt>
   <trkpt lat="51.4871580" lon="-0.2429860">
    <ele>3.8</ele>
    <time>2026-01-03T11:49:00Z</time>
   </trkpt>
   <trkpt lat="51.4871530" lon="-0.2429960">
    <ele>3.8</ele>
    <time>2026-01-03T11:49:01Z</time>
   </trkpt>
   <trkpt lat="51.4871320" lon="-0.2430290">
    <ele>3.8</ele>
    <time>2026-01-03T11:49:02Z</time>
   </trkpt>
   <trkpt lat="51.4871260" lon="-0.2430380">
    <ele>3.8</ele>
    <time>2026-01-03T11:49:03Z</time>
   </trkpt>
   <trkpt lat="51.4871210" lon="-0.2430530">
    <ele>3.8</ele>
    <time>2026-01-03T11:49:04Z</time>
   </trkpt>
   <trkpt lat="51.4871110" lon="-0.2430690">
    <ele>3.8</ele>
    <time>2026-01-03T11:49:05Z</time>
   </trkpt>
   <trkpt lat="51.4871060" lon="-0.2430760">
    <ele>3.8</ele>
    <time>2026-01-03T11:49:06Z</time>
   </trkpt>
   <trkpt lat="51.4871000" lon="-0.2430910">
    <ele>3.8</ele>
    <time>2026-01-03T11:49:07Z</time>
   </trkpt>
   <trkpt lat="51.4870910" lon="-0.2430990">
    <ele>3.8</ele>
    <time>2026-01-03T11:49:08Z</time>
   </trkpt>
   <trkpt lat="51.4870810" lon="-0.2431130">
    <ele>3.8</ele>
    <time>2026-01-03T11:49:09Z</time>
   </trkpt>
   <trkpt lat="51.4870760" lon="-0.2431270">
    <ele>3.8</ele>
    <time>2026-01-03T11:49:10Z</time>
   </trkpt>
   <trkpt lat="51.4870620" lon="-0.2431450">
    <ele>3.8</ele>
    <time>2026-01-03T11:49:11Z</time>
   </trkpt>
   <trkpt lat="51.4870550" lon="-0.2431620">
    <ele>3.8</ele>
    <time>2026-01-03T11:49:12Z</time>
   </trkpt>
   <trkpt lat="51.4870510" lon="-0.2431790">
    <ele>3.8</ele>
    <time>2026-01-03T11:49:13Z</time>
   </trkpt>
   <trkpt lat="51.4870520" lon="-0.2431860">
    <ele>3.8</ele>
    <time>2026-01-03T11:49:14Z</time>
   </trkpt>
   <trkpt lat="51.4870370" lon="-0.2432090">
    <ele>3.8</ele>
    <time>2026-01-03T11:49:15Z</time>
   </trkpt>
   <trkpt lat="51.4870280" lon="-0.2432150">
    <ele>3.8</ele>
    <time>2026-01-03T11:49:16Z</time>
   </trkpt>
   <trkpt lat="51.4870190" lon="-0.2432220">
    <ele>3.8</ele>
    <time>2026-01-03T11:49:17Z</time>
   </trkpt>
   <trkpt lat="51.4870040" lon="-0.2432330">
    <ele>3.8</ele>
    <time>2026-01-03T11:49:18Z</time>
   </trkpt>
   <trkpt lat="51.4870020" lon="-0.2432400">
    <ele>3.8</ele>
    <time>2026-01-03T11:49:19Z</time>
   </trkpt>
   <trkpt lat="51.4869970" lon="-0.2432540">
    <ele>3.8</ele>
    <time>2026-01-03T11:49:20Z</time>
   </trkpt>
   <trkpt lat="51.4869820" lon="-0.2432910">
    <ele>3.8</ele>
    <time>2026-01-03T11:49:21Z</time>
   </trkpt>
   <trkpt lat="51.4869760" lon="-0.2433020">
    <ele>3.8</ele>
    <time>2026-01-03T11:49:22Z</time>
   </trkpt>
   <trkpt lat="51.4869580" lon="-0.2433290">
    <ele>3.8</ele>
    <time>2026-01-03T11:49:23Z</time>
   </trkpt>
   <trkpt lat="51.4869510" lon="-0.2433410">
    <ele>3.8</ele>
    <time>2026-01-03T11:49:24Z</time>
   </trkpt>
   <trkpt lat="51.4869430" lon="-0.2433520">
    <ele>3.8</ele>
    <time>2026-01-03T11:49:25Z</time>
   </trkpt>
   <trkpt lat="51.4869300" lon="-0.2433700">
    <ele>3.8</ele>
    <time>2026-01-03T11:49:26Z</time>
   </trkpt>
   <trkpt lat="51.4869200" lon="-0.2433810">
    <ele>3.8</ele>
    <time>2026-01-03T11:49:27Z</time>
   </trkpt>
   <trkpt lat="51.4869060" lon="-0.2434080">
    <ele>3.8</ele>
    <time>2026-01-03T11:49:28Z</time>
   </trkpt>
   <trkpt lat="51.4868990" lon="-0.2434160">
    <ele>3.8</ele>
    <time>2026-01-03T11:49:29Z</time>
   </trkpt>
   <trkpt lat="51.4868920" lon="-0.2434250">
    <ele>3.8</ele>
    <time>2026-01-03T11:49:30Z</time>
   </trkpt>
   <trkpt lat="51.4868780" lon="-0.2434510">
    <ele>3.8</ele>
    <time>2026-01-03T11:49:31Z</time>
   </trkpt>
   <trkpt lat="51.4868730" lon="-0.2434590">
    <ele>3.8</ele>
    <time>2026-01-03T11:49:32Z</time>
   </trkpt>
   <trkpt lat="51.4868670" lon="-0.2434670">
    <ele>3.8</ele>
    <time>2026-01-03T11:49:33Z</time>
   </trkpt>
   <trkpt lat="51.4868540" lon="-0.2434920">
    <ele>3.8</ele>
    <time>2026-01-03T11:49:34Z</time>
   </trkpt>
   <trkpt lat="51.4868480" lon="-0.2435020">
    <ele>3.8</ele>
    <time>2026-01-03T11:49:35Z</time>
   </trkpt>
   <trkpt lat="51.4868420" lon="-0.2435130">
    <ele>3.9</ele>
    <time>2026-01-03T11:49:36Z</time>
   </trkpt>
   <trkpt lat="51.4868320" lon="-0.2435380">
    <ele>3.9</ele>
    <time>2026-01-03T11:49:37Z</time>
   </trkpt>
   <trkpt lat="51.4868270" lon="-0.2435510">
    <ele>3.9</ele>
    <time>2026-01-03T11:49:38Z</time>
   </trkpt>
   <trkpt lat="51.4868210" lon="-0.2435640">
    <ele>3.9</ele>
    <time>2026-01-03T11:49:39Z</time>
   </trkpt>
   <trkpt lat="51.4868050" lon="-0.2435880">
    <ele>3.9</ele>
    <time>2026-01-03T11:49:40Z</time>
   </trkpt>
   <trkpt lat="51.4867990" lon="-0.2435980">
    <ele>3.9</ele>
    <time>2026-01-03T11:49:41Z</time>
   </trkpt>
   <trkpt lat="51.4867930" lon="-0.2436090">
    <ele>3.9</ele>
    <time>2026-01-03T11:49:42Z</time>
   </trkpt>
   <trkpt lat="51.4867850" lon="-0.2436280">
    <ele>3.9</ele>
    <time>2026-01-03T11:49:43Z</time>
   </trkpt>
   <trkpt lat="51.4867780" lon="-0.2436490">
    <ele>3.9</ele>
    <time>2026-01-03T11:49:44Z</time>
   </trkpt>
   <trkpt lat="51.4867530" lon="-0.2436860">
    <ele>3.9</ele>
    <time>2026-01-03T11:49:45Z</time>
   </trkpt>
   <trkpt lat="51.4867480" lon="-0.2436940">
    <ele>3.9</ele>
    <time>2026-01-03T11:49:46Z</time>
   </trkpt>
   <trkpt lat="51.4867390" lon="-0.2437000">
    <ele>3.9</ele>
    <time>2026-01-03T11:49:47Z</time>
   </trkpt>
   <trkpt lat="51.4867280" lon="-0.2437110">
    <ele>3.9</ele>
    <time>2026-01-03T11:49:48Z</time>
   </trkpt>
   <trkpt lat="51.4867230" lon="-0.2437160">
    <ele>3.9</ele>
    <time>2026-01-03T11:49:49Z</time>
   </trkpt>
   <trkpt lat="51.4867160" lon="-0.2437230">
    <ele>3.9</ele>
    <time>2026-01-03T11:49:50Z</time>
   </trkpt>
   <trkpt lat="51.4867080" lon="-0.2437380">
    <ele>3.9</ele>
    <time>2026-01-03T11:49:51Z</time>
   </trkpt>
   <trkpt lat="51.4866990" lon="-0.2437550">
    <ele>3.9</ele>
    <time>2026-01-03T11:49:52Z</time>
   </trkpt>
   <trkpt lat="51.4866890" lon="-0.2437680">
    <ele>3.9</ele>
    <time>2026-01-03T11:49:53Z</time>
   </trkpt>
   <trkpt lat="51.4866850" lon="-0.2437880">
    <ele>3.9</ele>
    <time>2026-01-03T11:49:54Z</time>
   </trkpt>
   <trkpt lat="51.4866780" lon="-0.2438010">
    <ele>3.9</ele>
    <time>2026-01-03T11:49:55Z</time>
   </trkpt>
   <trkpt lat="51.4866640" lon="-0.2438190">
    <ele>3.9</ele>
    <time>2026-01-03T11:49:56Z</time>
   </trkpt>
   <trkpt lat="51.4866580" lon="-0.2438310">
    <ele>3.9</ele>
    <time>2026-01-03T11:49:57Z</time>
   </trkpt>
   <trkpt lat="51.4866520" lon="-0.2438420">
    <ele>3.9</ele>
    <time>2026-01-03T11:49:58Z</time>
   </trkpt>
   <trkpt lat="51.4866460" lon="-0.2438520">
    <ele>3.9</ele>
    <time>2026-01-03T11:49:59Z</time>
   </trkpt>
   <trkpt lat="51.4866390" lon="-0.2438720">
    <ele>3.9</ele>
    <time>2026-01-03T11:50:00Z</time>
   </trkpt>
   <trkpt lat="51.4866320" lon="-0.2438860">
    <ele>3.9</ele>
    <time>2026-01-03T11:50:01Z</time>
   </trkpt>
   <trkpt lat="51.4866220" lon="-0.2439000">
    <ele>3.9</ele>
    <time>2026-01-03T11:50:02Z</time>
   </trkpt>
   <trkpt lat="51.4866070" lon="-0.2439220">
    <ele>3.9</ele>
    <time>2026-01-03T11:50:03Z</time>
   </trkpt>
   <trkpt lat="51.4865990" lon="-0.2439370">
    <ele>3.9</ele>
    <time>2026-01-03T11:50:04Z</time>
   </trkpt>
   <trkpt lat="51.4865930" lon="-0.2439480">
    <ele>3.9</ele>
    <time>2026-01-03T11:50:05Z</time>
   </trkpt>
   <trkpt lat="51.4865850" lon="-0.2439640">
    <ele>3.9</ele>
    <time>2026-01-03T11:50:06Z</time>
   </trkpt>
   <trkpt lat="51.4865700" lon="-0.2439890">
    <ele>3.9</ele>
    <time>2026-01-03T11:50:07Z</time>
   </trkpt>
   <trkpt lat="51.4865650" lon="-0.2439970">
    <ele>3.9</ele>
    <time>2026-01-03T11:50:08Z</time>
   </trkpt>
   <trkpt lat="51.4865590" lon="-0.2440060">
    <ele>3.9</ele>
    <time>2026-01-03T11:50:09Z</time>
   </trkpt>
   <trkpt lat="51.4865480" lon="-0.2440260">
    <ele>3.9</ele>
    <time>2026-01-03T11:50:10Z</time>
   </trkpt>
   <trkpt lat="51.4865440" lon="-0.2440350">
    <ele>3.9</ele>
    <time>2026-01-03T11:50:11Z</time>
   </trkpt>
   <trkpt lat="51.4865360" lon="-0.2440470">
    <ele>3.9</ele>
    <time>2026-01-03T11:50:12Z</time>
   </trkpt>
   <trkpt lat="51.4865260" lon="-0.2440670">
    <ele>3.9</ele>
    <time>2026-01-03T11:50:13Z</time>
   </trkpt>
   <trkpt lat="51.4865140" lon="-0.2440850">
    <ele>3.9</ele>
    <time>2026-01-03T11:50:14Z</time>
   </trkpt>
   <trkpt lat="51.4865030" lon="-0.2441050">
    <ele>3.9</ele>
    <time>2026-01-03T11:50:15Z</time>
   </trkpt>
   <trkpt lat="51.4864930" lon="-0.2441180">
    <ele>3.9</ele>
    <time>2026-01-03T11:50:16Z</time>
   </trkpt>
   <trkpt lat="51.4864800" lon="-0.2441380">
    <ele>3.9</ele>
    <time>2026-01-03T11:50:17Z</time>
   </trkpt>
   <trkpt lat="51.4864740" lon="-0.2441480">
    <ele>3.9</ele>
    <time>2026-01-03T11:50:18Z</time>
   </trkpt>
   <trkpt lat="51.4864670" lon="-0.2441580">
    <ele>3.9</ele>
    <time>2026-01-03T11:50:19Z</time>
   </trkpt>
   <trkpt lat="51.4864520" lon="-0.2441820">
    <ele>3.9</ele>
    <time>2026-01-03T11:50:20Z</time>
   </trkpt>
   <trkpt lat="51.4864450" lon="-0.2441920">
    <ele>3.9</ele>
    <time>2026-01-03T11:50:21Z</time>
   </trkpt>
   <trkpt lat="51.4864390" lon="-0.2442010">
    <ele>3.9</ele>
    <time>2026-01-03T11:50:22Z</time>
   </trkpt>
   <trkpt lat="51.4864220" lon="-0.2442250">
    <ele>3.9</ele>
    <time>2026-01-03T11:50:23Z</time>
   </trkpt>
   <trkpt lat="51.4864160" lon="-0.2442350">
    <ele>3.9</ele>
    <time>2026-01-03T11:50:24Z</time>
   </trkpt>
   <trkpt lat="51.4864090" lon="-0.2442440">
    <ele>3.9</ele>
    <time>2026-01-03T11:50:25Z</time>
   </trkpt>
   <trkpt lat="51.4863960" lon="-0.2442600">
    <ele>3.9</ele>
    <time>2026-01-03T11:50:26Z</time>
   </trkpt>
   <trkpt lat="51.4863850" lon="-0.2442710">
    <ele>3.9</ele>
    <time>2026-01-03T11:50:27Z</time>
   </trkpt>
   <trkpt lat="51.4863700" lon="-0.2442920">
    <ele>3.9</ele>
    <time>2026-01-03T11:50:28Z</time>
   </trkpt>
   <trkpt lat="51.4863620" lon="-0.2443000">
    <ele>3.9</ele>
    <time>2026-01-03T11:50:29Z</time>
   </trkpt>
   <trkpt lat="51.4863550" lon="-0.2443070">
    <ele>3.9</ele>
    <time>2026-01-03T11:50:30Z</time>
   </trkpt>
   <trkpt lat="51.4863470" lon="-0.2443170">
    <ele>3.9</ele>
    <time>2026-01-03T11:50:31Z</time>
   </trkpt>
   <trkpt lat="51.4863470" lon="-0.2443340">
    <ele>3.9</ele>
    <time>2026-01-03T11:50:32Z</time>
   </trkpt>
   <trkpt lat="51.4863420" lon="-0.2443550">
    <ele>3.9</ele>
    <time>2026-01-03T11:50:33Z</time>
   </trkpt>
   <trkpt lat="51.4863390" lon="-0.2443750">
    <ele>3.9</ele>
    <time>2026-01-03T11:50:34Z</time>
   </trkpt>
   <trkpt lat="51.4863320" lon="-0.2443940">
    <ele>3.9</ele>
    <time>2026-01-03T11:50:35Z</time>
   </trkpt>
   <trkpt lat="51.4863280" lon="-0.2444060">
    <ele>3.9</ele>
    <time>2026-01-03T11:50:36Z</time>
   </trkpt>
   <trkpt lat="51.4863220" lon="-0.2444070">
    <ele>3.9</ele>
    <time>2026-01-03T11:50:37Z</time>
   </trkpt>
   <trkpt lat="51.4863180" lon="-0.2444020">
    <ele>3.9</ele>
    <time>2026-01-03T11:50:38Z</time>
   </trkpt>
   <trkpt lat="51.4863150" lon="-0.2443940">
    <ele>3.9</ele>
    <time>2026-01-03T11:50:39Z</time>
   </trkpt>
   <trkpt lat="51.4863110" lon="-0.2443840">
    <ele>4.0</ele>
    <time>2026-01-03T11:50:40Z</time>
   </trkpt>
   <trkpt lat="51.4863060" lon="-0.2443800">
    <ele>4.0</ele>
    <time>2026-01-03T11:50:41Z</time>
   </trkpt>
   <trkpt lat="51.4862940" lon="-0.2443760">
    <ele>4.0</ele>
    <time>2026-01-03T11:50:42Z</time>
   </trkpt>
   <trkpt lat="51.4862880" lon="-0.2443760">
    <ele>4.0</ele>
    <time>2026-01-03T11:50:43Z</time>
   </trkpt>
   <trkpt lat="51.4862780" lon="-0.2443840">
    <ele>4.0</ele>
    <time>2026-01-03T11:50:44Z</time>
   </trkpt>
   <trkpt lat="51.4862680" lon="-0.2443880">
    <ele>4.0</ele>
    <time>2026-01-03T11:50:45Z</time>
   </trkpt>
   <trkpt lat="51.4862580" lon="-0.2443990">
    <ele>4.0</ele>
    <time>2026-01-03T11:50:46Z</time>
   </trkpt>
   <trkpt lat="51.4862470" lon="-0.2444010">
    <ele>4.0</ele>
    <time>2026-01-03T11:50:47Z</time>
   </trkpt>
   <trkpt lat="51.4862430" lon="-0.2444080">
    <ele>4.0</ele>
    <time>2026-01-03T11:50:48Z</time>
   </trkpt>
   <trkpt lat="51.4862310" lon="-0.2444160">
    <ele>4.0</ele>
    <time>2026-01-03T11:50:49Z</time>
   </trkpt>
   <trkpt lat="51.4862220" lon="-0.2444300">
    <ele>4.0</ele>
    <time>2026-01-03T11:50:50Z</time>
   </trkpt>
   <trkpt lat="51.4862050" lon="-0.2444500">
    <ele>4.0</ele>
    <time>2026-01-03T11:50:51Z</time>
   </trkpt>
   <trkpt lat="51.4861980" lon="-0.2444580">
    <ele>4.0</ele>
    <time>2026-01-03T11:50:52Z</time>
   </trkpt>
   <trkpt lat="51.4861910" lon="-0.2444650">
    <ele>4.0</ele>
    <time>2026-01-03T11:50:53Z</time>
   </trkpt>
   <trkpt lat="51.4861820" lon="-0.2444720">
    <ele>4.0</ele>
    <time>2026-01-03T11:50:54Z</time>
   </trkpt>
   <trkpt lat="51.4861730" lon="-0.2444790">
    <ele>4.0</ele>
    <time>2026-01-03T11:50:55Z</time>
   </trkpt>
   <trkpt lat="51.4861630" lon="-0.2444860">
    <ele>4.0</ele>
    <time>2026-01-03T11:50:56Z</time>
   </trkpt>
   <trkpt lat="51.4861450" lon="-0.2445040">
    <ele>4.0</ele>
    <time>2026-01-03T11:50:57Z</time>
   </trkpt>
   <trkpt lat="51.4861370" lon="-0.2445110">
    <ele>4.0</ele>
    <time>2026-01-03T11:50:58Z</time>
   </trkpt>
   <trkpt lat="51.4861290" lon="-0.2445180">
    <ele>4.0</ele>
    <time>2026-01-03T11:50:59Z</time>
   </trkpt>
   <trkpt lat="51.4861240" lon="-0.2445250">
    <ele>4.0</ele>
    <time>2026-01-03T11:51:00Z</time>
   </trkpt>
   <trkpt lat="51.4861140" lon="-0.2445370">
    <ele>4.0</ele>
    <time>2026-01-03T11:51:01Z</time>
   </trkpt>
   <trkpt lat="51.4861040" lon="-0.2445530">
    <ele>4.0</ele>
    <time>2026-01-03T11:51:03Z</time>
   </trkpt>
   <trkpt lat="51.4860940" lon="-0.2445670">
    <ele>4.0</ele>
    <time>2026-01-03T11:51:04Z</time>
   </trkpt>
   <trkpt lat="51.4860830" lon="-0.2445810">
    <ele>4.0</ele>
    <time>2026-01-03T11:51:05Z</time>
   </trkpt>
   <trkpt lat="51.4860740" lon="-0.2445950">
    <ele>4.0</ele>
    <time>2026-01-03T11:51:06Z</time>
   </trkpt>
   <trkpt lat="51.4860630" lon="-0.2446130">
    <ele>4.0</ele>
    <time>2026-01-03T11:51:07Z</time>
   </trkpt>
   <trkpt lat="51.4860520" lon="-0.2446300">
    <ele>4.0</ele>
    <time>2026-01-03T11:51:08Z</time>
   </trkpt>
   <trkpt lat="51.4860410" lon="-0.2446450">
    <ele>4.0</ele>
    <time>2026-01-03T11:51:09Z</time>
   </trkpt>
   <trkpt lat="51.4860250" lon="-0.2446670">
    <ele>4.0</ele>
    <time>2026-01-03T11:51:10Z</time>
   </trkpt>
   <trkpt lat="51.4860170" lon="-0.2446780">
    <ele>4.0</ele>
    <time>2026-01-03T11:51:11Z</time>
   </trkpt>
   <trkpt lat="51.4860030" lon="-0.2446940">
    <ele>4.0</ele>
    <time>2026-01-03T11:51:12Z</time>
   </trkpt>
   <trkpt lat="51.4859910" lon="-0.2447080">
    <ele>4.0</ele>
    <time>2026-01-03T11:51:13Z</time>
   </trkpt>
   <trkpt lat="51.4859800" lon="-0.2447220">
    <ele>4.0</ele>
    <time>2026-01-03T11:51:14Z</time>
   </trkpt>
   <trkpt lat="51.4859690" lon="-0.2447350">
    <ele>4.0</ele>
    <time>2026-01-03T11:51:15Z</time>
   </trkpt>
   <trkpt lat="51.4859550" lon="-0.2447530">
    <ele>4.0</ele>
    <time>2026-01-03T11:51:16Z</time>
   </trkpt>
   <trkpt lat="51.4859400" lon="-0.2447670">
    <ele>4.0</ele>
    <time>2026-01-03T11:51:17Z</time>
   </trkpt>
   <trkpt lat="51.4859220" lon="-0.2447890">
    <ele>4.0</ele>
    <time>2026-01-03T11:51:18Z</time>
   </trkpt>
   <trkpt lat="51.4859160" lon="-0.2447980">
    <ele>4.0</ele>
    <time>2026-01-03T11:51:19Z</time>
   </trkpt>
   <trkpt lat="51.4859110" lon="-0.2448060">
    <ele>4.0</ele>
    <time>2026-01-03T11:51:20Z</time>
   </trkpt>
   <trkpt lat="51.4859000" lon="-0.2448170">
    <ele>3.9</ele>
    <time>2026-01-03T11:51:21Z</time>
   </trkpt>
   <trkpt lat="51.4858950" lon="-0.2448250">
    <ele>3.9</ele>
    <time>2026-01-03T11:51:22Z</time>
   </trkpt>
   <trkpt lat="51.4858820" lon="-0.2448390">
    <ele>3.9</ele>
    <time>2026-01-03T11:51:23Z</time>
   </trkpt>
   <trkpt lat="51.4858720" lon="-0.2448490">
    <ele>3.9</ele>
    <time>2026-01-03T11:51:24Z</time>
   </trkpt>
   <trkpt lat="51.4858650" lon="-0.2448540">
    <ele>3.9</ele>
    <time>2026-01-03T11:51:25Z</time>
   </trkpt>
   <trkpt lat="51.4858560" lon="-0.2448640">
    <ele>3.9</ele>
    <time>2026-01-03T11:51:26Z</time>
   </trkpt>
   <trkpt lat="51.4858440" lon="-0.2448840">
    <ele>3.9</ele>
    <time>2026-01-03T11:51:27Z</time>
   </trkpt>
   <trkpt lat="51.4858330" lon="-0.2448960">
    <ele>3.9</ele>
    <time>2026-01-03T11:51:28Z</time>
   </trkpt>
   <trkpt lat="51.4858240" lon="-0.2449070">
    <ele>3.9</ele>
    <time>2026-01-03T11:51:29Z</time>
   </trkpt>
   <trkpt lat="51.4858120" lon="-0.2449210">
    <ele>3.9</ele>
    <time>2026-01-03T11:51:30Z</time>
   </trkpt>
   <trkpt lat="51.4858040" lon="-0.2449300">
    <ele>3.9</ele>
    <time>2026-01-03T11:51:31Z</time>
   </trkpt>
   <trkpt lat="51.4857850" lon="-0.2449490">
    <ele>3.9</ele>
    <time>2026-01-03T11:51:32Z</time>
   </trkpt>
   <trkpt lat="51.4857750" lon="-0.2449570">
    <ele>3.9</ele>
    <time>2026-01-03T11:51:33Z</time>
   </trkpt>
   <trkpt lat="51.4857660" lon="-0.2449650">
    <ele>3.9</ele>
    <time>2026-01-03T11:51:34Z</time>
   </trkpt>
   <trkpt lat="51.4857500" lon="-0.2449830">
    <ele>3.9</ele>
    <time>2026-01-03T11:51:35Z</time>
   </trkpt>
   <trkpt lat="51.4857410" lon="-0.2449890">
    <ele>3.9</ele>
    <time>2026-01-03T11:51:36Z</time>
   </trkpt>
   <trkpt lat="51.4857330" lon="-0.2449940">
    <ele>3.9</ele>
    <time>2026-01-03T11:51:37Z</time>
   </trkpt>
   <trkpt lat="51.4857200" lon="-0.2450120">
    <ele>3.9</ele>
    <time>2026-01-03T11:51:38Z</time>
   </trkpt>
   <trkpt lat="51.4857110" lon="-0.2450260">
    <ele>3.9</ele>
    <time>2026-01-03T11:51:39Z</time>
   </trkpt>
   <trkpt lat="51.4857060" lon="-0.2450390">
    <ele>3.9</ele>
    <time>2026-01-03T11:51:40Z</time>
   </trkpt>
   <trkpt lat="51.4856960" lon="-0.2450470">
    <ele>3.9</ele>
    <time>2026-01-03T11:51:41Z</time>
   </trkpt>
   <trkpt lat="51.4856860" lon="-0.2450630">
    <ele>3.9</ele>
    <time>2026-01-03T11:51:42Z</time>
   </trkpt>
   <trkpt lat="51.4856730" lon="-0.2450780">
    <ele>3.9</ele>
    <time>2026-01-03T11:51:43Z</time>
   </trkpt>
   <trkpt lat="51.4856600" lon="-0.2450900">
    <ele>3.9</ele>
    <time>2026-01-03T11:51:44Z</time>
   </trkpt>
   <trkpt lat="51.4856520" lon="-0.2451010">
    <ele>3.9</ele>
    <time>2026-01-03T11:51:45Z</time>
   </trkpt>
   <trkpt lat="51.4856380" lon="-0.2451120">
    <ele>3.9</ele>
    <time>2026-01-03T11:51:46Z</time>
   </trkpt>
   <trkpt lat="51.4856320" lon="-0.2451190">
    <ele>3.9</ele>
    <time>2026-01-03T11:51:47Z</time>
   </trkpt>
   <trkpt lat="51.4856160" lon="-0.2451440">
    <ele>3.9</ele>
    <time>2026-01-03T11:51:48Z</time>
   </trkpt>
   <trkpt lat="51.4856090" lon="-0.2451520">
    <ele>3.9</ele>
    <time>2026-01-03T11:51:49Z</time>
   </trkpt>
   <trkpt lat="51.4855910" lon="-0.2451690">
    <ele>3.9</ele>
    <time>2026-01-03T11:51:50Z</time>
   </trkpt>
   <trkpt lat="51.4855840" lon="-0.2451760">
    <ele>3.9</ele>
    <time>2026-01-03T11:51:51Z</time>
   </trkpt>
   <trkpt lat="51.4855760" lon="-0.2451840">
    <ele>3.9</ele>
    <time>2026-01-03T11:51:52Z</time>
   </trkpt>
   <trkpt lat="51.4855620" lon="-0.2451920">
    <ele>3.9</ele>
    <time>2026-01-03T11:51:53Z</time>
   </trkpt>
   <trkpt lat="51.4855540" lon="-0.2452030">
    <ele>3.9</ele>
    <time>2026-01-03T11:51:54Z</time>
   </trkpt>
   <trkpt lat="51.4855440" lon="-0.2452100">
    <ele>3.9</ele>
    <time>2026-01-03T11:51:55Z</time>
   </trkpt>
   <trkpt lat="51.4855350" lon="-0.2452140">
    <ele>3.9</ele>
    <time>2026-01-03T11:51:56Z</time>
   </trkpt>
   <trkpt lat="51.4855190" lon="-0.2452250">
    <ele>3.9</ele>
    <time>2026-01-03T11:51:57Z</time>
   </trkpt>
   <trkpt lat="51.4855050" lon="-0.2452320">
    <ele>3.9</ele>
    <time>2026-01-03T11:51:58Z</time>
   </trkpt>
   <trkpt lat="51.4854910" lon="-0.2452460">
    <ele>3.9</ele>
    <time>2026-01-03T11:51:59Z</time>
   </trkpt>
   <trkpt lat="51.4854770" lon="-0.2452550">
    <ele>3.9</ele>
    <time>2026-01-03T11:52:00Z</time>
   </trkpt>
   <trkpt lat="51.4854660" lon="-0.2452660">
    <ele>3.9</ele>
    <time>2026-01-03T11:52:01Z</time>
   </trkpt>
   <trkpt lat="51.4854570" lon="-0.2452770">
    <ele>3.9</ele>
    <time>2026-01-03T11:52:02Z</time>
   </trkpt>
   <trkpt lat="51.4854470" lon="-0.2452880">
    <ele>4.0</ele>
    <time>2026-01-03T11:52:03Z</time>
   </trkpt>
   <trkpt lat="51.4854390" lon="-0.2452930">
    <ele>4.0</ele>
    <time>2026-01-03T11:52:04Z</time>
   </trkpt>
   <trkpt lat="51.4854210" lon="-0.2453080">
    <ele>4.0</ele>
    <time>2026-01-03T11:52:05Z</time>
   </trkpt>
   <trkpt lat="51.4854150" lon="-0.2453170">
    <ele>4.0</ele>
    <time>2026-01-03T11:52:06Z</time>
   </trkpt>
   <trkpt lat="51.4854080" lon="-0.2453250">
    <ele>4.0</ele>
    <time>2026-01-03T11:52:07Z</time>
   </trkpt>
   <trkpt lat="51.4853910" lon="-0.2453390">
    <ele>4.0</ele>
    <time>2026-01-03T11:52:08Z</time>
   </trkpt>
   <trkpt lat="51.4853860" lon="-0.2453460">
    <ele>4.0</ele>
    <time>2026-01-03T11:52:09Z</time>
   </trkpt>
   <trkpt lat="51.4853810" lon="-0.2453520">
    <ele>4.0</ele>
    <time>2026-01-03T11:52:10Z</time>
   </trkpt>
   <trkpt lat="51.4853760" lon="-0.2453590">
    <ele>4.0</ele>
    <time>2026-01-03T11:52:11Z</time>
   </trkpt>
   <trkpt lat="51.4853630" lon="-0.2453760">
    <ele>4.0</ele>
    <time>2026-01-03T11:52:12Z</time>
   </trkpt>
   <trkpt lat="51.4853520" lon="-0.2453910">
    <ele>4.1</ele>
    <time>2026-01-03T11:52:13Z</time>
   </trkpt>
   <trkpt lat="51.4853410" lon="-0.2454050">
    <ele>4.1</ele>
    <time>2026-01-03T11:52:14Z</time>
   </trkpt>
   <trkpt lat="51.4853350" lon="-0.2454130">
    <ele>4.1</ele>
    <time>2026-01-03T11:52:15Z</time>
   </trkpt>
   <trkpt lat="51.4853240" lon="-0.2454200">
    <ele>4.1</ele>
    <time>2026-01-03T11:52:16Z</time>
   </trkpt>
   <trkpt lat="51.4853150" lon="-0.2454260">
    <ele>4.1</ele>
    <time>2026-01-03T11:52:17Z</time>
   </trkpt>
   <trkpt lat="51.4853050" lon="-0.2454350">
    <ele>4.1</ele>
    <time>2026-01-03T11:52:18Z</time>
   </trkpt>
   <trkpt lat="51.4852980" lon="-0.2454400">
    <ele>4.1</ele>
    <time>2026-01-03T11:52:19Z</time>
   </trkpt>
   <trkpt lat="51.4852860" lon="-0.2454510">
    <ele>4.1</ele>
    <time>2026-01-03T11:52:20Z</time>
   </trkpt>
   <trkpt lat="51.4852670" lon="-0.2454630">
    <ele>4.2</ele>
    <time>2026-01-03T11:52:21Z</time>
   </trkpt>
   <trkpt lat="51.4852630" lon="-0.2454680">
    <ele>4.2</ele>
    <time>2026-01-03T11:52:22Z</time>
   </trkpt>
   <trkpt lat="51.4852540" lon="-0.2454780">
    <ele>4.2</ele>
    <time>2026-01-03T11:52:23Z</time>
   </trkpt>
   <trkpt lat="51.4852370" lon="-0.2454950">
    <ele>4.2</ele>
    <time>2026-01-03T11:52:24Z</time>
   </trkpt>
   <trkpt lat="51.4852270" lon="-0.2455110">
    <ele>4.2</ele>
    <time>2026-01-03T11:52:25Z</time>
   </trkpt>
   <trkpt lat="51.4852220" lon="-0.2455160">
    <ele>4.2</ele>
    <time>2026-01-03T11:52:26Z</time>
   </trkpt>
   <trkpt lat="51.4852120" lon="-0.2455210">
    <ele>4.2</ele>
    <time>2026-01-03T11:52:27Z</time>
   </trkpt>
   <trkpt lat="51.4851930" lon="-0.2455360">
    <ele>4.2</ele>
    <time>2026-01-03T11:52:28Z</time>
   </trkpt>
   <trkpt lat="51.4851830" lon="-0.2455440">
    <ele>4.2</ele>
    <time>2026-01-03T11:52:29Z</time>
   </trkpt>
   <trkpt lat="51.4851720" lon="-0.2455520">
    <ele>4.2</ele>
    <time>2026-01-03T11:52:30Z</time>
   </trkpt>
   <trkpt lat="51.4851580" lon="-0.2455680">
    <ele>4.3</ele>
    <time>2026-01-03T11:52:31Z</time>
   </trkpt>
   <trkpt lat="51.4851500" lon="-0.2455830">
    <ele>4.3</ele>
    <time>2026-01-03T11:52:32Z</time>
   </trkpt>
   <trkpt lat="51.4851310" lon="-0.2456010">
    <ele>4.3</ele>
    <time>2026-01-03T11:52:33Z</time>
   </trkpt>
   <trkpt lat="51.4851240" lon="-0.2456070">
    <ele>4.3</ele>
    <time>2026-01-03T11:52:34Z</time>
   </trkpt>
   <trkpt lat="51.4851180" lon="-0.2456140">
    <ele>4.3</ele>
    <time>2026-01-03T11:52:35Z</time>
   </trkpt>
   <trkpt lat="51.4851060" lon="-0.2456200">
    <ele>4.3</ele>
    <time>2026-01-03T11:52:36Z</time>
   </trkpt>
   <trkpt lat="51.4850920" lon="-0.2456320">
    <ele>4.3</ele>
    <time>2026-01-03T11:52:37Z</time>
   </trkpt>
   <trkpt lat="51.4850770" lon="-0.2456550">
    <ele>4.3</ele>
    <time>2026-01-03T11:52:38Z</time>
   </trkpt>
   <trkpt lat="51.4850700" lon="-0.2456670">
    <ele>4.4</ele>
    <time>2026-01-03T11:52:39Z</time>
   </trkpt>
   <trkpt lat="51.4850620" lon="-0.2456780">
    <ele>4.4</ele>
    <time>2026-01-03T11:52:40Z</time>
   </trkpt>
   <trkpt lat="51.4850490" lon="-0.2456980">
    <ele>4.4</ele>
    <time>2026-01-03T11:52:41Z</time>
   </trkpt>
   <trkpt lat="51.4850390" lon="-0.2457100">
    <ele>4.4</ele>
    <time>2026-01-03T11:52:42Z</time>
   </trkpt>
   <trkpt lat="51.4850330" lon="-0.2457200">
    <ele>4.4</ele>
    <time>2026-01-03T11:52:43Z</time>
   </trkpt>
   <trkpt lat="51.4850230" lon="-0.2457280">
    <ele>4.4</ele>
    <time>2026-01-03T11:52:44Z</time>
   </trkpt>
   <trkpt lat="51.4850120" lon="-0.2457360">
    <ele>4.4</ele>
    <time>2026-01-03T11:52:45Z</time>
   </trkpt>
   <trkpt lat="51.4849990" lon="-0.2457570">
    <ele>4.4</ele>
    <time>2026-01-03T11:52:46Z</time>
   </trkpt>
   <trkpt lat="51.4849920" lon="-0.2457670">
    <ele>4.4</ele>
    <time>2026-01-03T11:52:47Z</time>
   </trkpt>
   <trkpt lat="51.4849860" lon="-0.2457770">
    <ele>4.4</ele>
    <time>2026-01-03T11:52:48Z</time>
   </trkpt>
   <trkpt lat="51.4849720" lon="-0.2458060">
    <ele>4.4</ele>
    <time>2026-01-03T11:52:49Z</time>
   </trkpt>
   <trkpt lat="51.4849670" lon="-0.2458160">
    <ele>4.4</ele>
    <time>2026-01-03T11:52:50Z</time>
   </trkpt>
   <trkpt lat="51.4849620" lon="-0.2458260">
    <ele>4.4</ele>
    <time>2026-01-03T11:52:51Z</time>
   </trkpt>
   <trkpt lat="51.4849500" lon="-0.2458440">
    <ele>4.5</ele>
    <time>2026-01-03T11:52:52Z</time>
   </trkpt>
   <trkpt lat="51.4849460" lon="-0.2458510">
    <ele>4.5</ele>
    <time>2026-01-03T11:52:53Z</time>
   </trkpt>
   <trkpt lat="51.4849370" lon="-0.2458580">
    <ele>4.5</ele>
    <time>2026-01-03T11:52:54Z</time>
   </trkpt>
   <trkpt lat="51.4849290" lon="-0.2458680">
    <ele>4.5</ele>
    <time>2026-01-03T11:52:55Z</time>
   </trkpt>
   <trkpt lat="51.4849170" lon="-0.2458760">
    <ele>4.5</ele>
    <time>2026-01-03T11:52:56Z</time>
   </trkpt>
   <trkpt lat="51.4849070" lon="-0.2458880">
    <ele>4.5</ele>
    <time>2026-01-03T11:52:57Z</time>
   </trkpt>
   <trkpt lat="51.4848950" lon="-0.2459050">
    <ele>4.5</ele>
    <time>2026-01-03T11:52:58Z</time>
   </trkpt>
   <trkpt lat="51.4848860" lon="-0.2459220">
    <ele>4.5</ele>
    <time>2026-01-03T11:52:59Z</time>
   </trkpt>
   <trkpt lat="51.4848720" lon="-0.2459490">
    <ele>4.5</ele>
    <time>2026-01-03T11:53:00Z</time>
   </trkpt>
   <trkpt lat="51.4848670" lon="-0.2459600">
    <ele>4.5</ele>
    <time>2026-01-03T11:53:01Z</time>
   </trkpt>
   <trkpt lat="51.4848610" lon="-0.2459700">
    <ele>4.5</ele>
    <time>2026-01-03T11:53:02Z</time>
   </trkpt>
   <trkpt lat="51.4848540" lon="-0.2459820">
    <ele>4.5</ele>
    <time>2026-01-03T11:53:03Z</time>
   </trkpt>
   <trkpt lat="51.4848490" lon="-0.2459930">
    <ele>4.5</ele>
    <time>2026-01-03T11:53:04Z</time>
   </trkpt>
   <trkpt lat="51.4848420" lon="-0.2460040">
    <ele>4.5</ele>
    <time>2026-01-03T11:53:05Z</time>
   </trkpt>
   <trkpt lat="51.4848250" lon="-0.2460240">
    <ele>4.5</ele>
    <time>2026-01-03T11:53:06Z</time>
   </trkpt>
   <trkpt lat="51.4848210" lon="-0.2460340">
    <ele>4.5</ele>
    <time>2026-01-03T11:53:07Z</time>
   </trkpt>
   <trkpt lat="51.4848140" lon="-0.2460450">
    <ele>4.5</ele>
    <time>2026-01-03T11:53:09Z</time>
   </trkpt>
   <trkpt lat="51.4848050" lon="-0.2460480">
    <ele>4.5</ele>
    <time>2026-01-03T11:53:10Z</time>
   </trkpt>
   <trkpt lat="51.4847940" lon="-0.2460510">
    <ele>4.6</ele>
    <time>2026-01-03T11:53:11Z</time>
   </trkpt>
   <trkpt lat="51.4847840" lon="-0.2460530">
    <ele>4.6</ele>
    <time>2026-01-03T11:53:12Z</time>
   </trkpt>
   <trkpt lat="51.4847730" lon="-0.2460550">
    <ele>4.6</ele>
    <time>2026-01-03T11:53:13Z</time>
   </trkpt>
   <trkpt lat="51.4847620" lon="-0.2460560">
    <ele>4.6</ele>
    <time>2026-01-03T11:53:14Z</time>
   </trkpt>
   <trkpt lat="51.4847490" lon="-0.2460610">
    <ele>4.6</ele>
    <time>2026-01-03T11:53:15Z</time>
   </trkpt>
   <trkpt lat="51.4847410" lon="-0.2460710">
    <ele>4.6</ele>
    <time>2026-01-03T11:53:16Z</time>
   </trkpt>
   <trkpt lat="51.4847360" lon="-0.2460860">
    <ele>4.6</ele>
    <time>2026-01-03T11:53:17Z</time>
   </trkpt>
   <trkpt lat="51.4847290" lon="-0.2460950">
    <ele>4.6</ele>
    <time>2026-01-03T11:53:18Z</time>
   </trkpt>
   <trkpt lat="51.4847240" lon="-0.2461050">
    <ele>4.6</ele>
    <time>2026-01-03T11:53:19Z</time>
   </trkpt>
   <trkpt lat="51.4847120" lon="-0.2461240">
    <ele>4.7</ele>
    <time>2026-01-03T11:53:20Z</time>
   </trkpt>
   <trkpt lat="51.4847010" lon="-0.2461330">
    <ele>4.7</ele>
    <time>2026-01-03T11:53:21Z</time>
   </trkpt>
   <trkpt lat="51.4846930" lon="-0.2461480">
    <ele>4.7</ele>
    <time>2026-01-03T11:53:22Z</time>
   </trkpt>
   <trkpt lat="51.4846840" lon="-0.2461610">
    <ele>4.7</ele>
    <time>2026-01-03T11:53:23Z</time>
   </trkpt>
   <trkpt lat="51.4846630" lon="-0.2461800">
    <ele>4.7</ele>
    <time>2026-01-03T11:53:24Z</time>
   </trkpt>
   <trkpt lat="51.4846550" lon="-0.2461860">
    <ele>4.7</ele>
    <time>2026-01-03T11:53:25Z</time>
   </trkpt>
   <trkpt lat="51.4846470" lon="-0.2461920">
    <ele>4.7</ele>
    <time>2026-01-03T11:53:26Z</time>
   </trkpt>
   <trkpt lat="51.4846400" lon="-0.2462060">
    <ele>4.7</ele>
    <time>2026-01-03T11:53:27Z</time>
   </trkpt>
   <trkpt lat="51.4846330" lon="-0.2462180">
    <ele>4.7</ele>
    <time>2026-01-03T11:53:28Z</time>
   </trkpt>
   <trkpt lat="51.4846230" lon="-0.2462330">
    <ele>4.7</ele>
    <time>2026-01-03T11:53:29Z</time>
   </trkpt>
   <trkpt lat="51.4846160" lon="-0.2462480">
    <ele>4.7</ele>
    <time>2026-01-03T11:53:30Z</time>
   </trkpt>
   <trkpt lat="51.4846120" lon="-0.2462670">
    <ele>4.7</ele>
    <time>2026-01-03T11:53:31Z</time>
   </trkpt>
   <trkpt lat="51.4846110" lon="-0.2462790">
    <ele>4.7</ele>
    <time>2026-01-03T11:53:32Z</time>
   </trkpt>
   <trkpt lat="51.4846190" lon="-0.2463100">
    <ele>4.7</ele>
    <time>2026-01-03T11:53:33Z</time>
   </trkpt>
   <trkpt lat="51.4846270" lon="-0.2463200">
    <ele>4.7</ele>
    <time>2026-01-03T11:53:34Z</time>
   </trkpt>
   <trkpt lat="51.4846340" lon="-0.2463310">
    <ele>4.7</ele>
    <time>2026-01-03T11:53:35Z</time>
   </trkpt>
   <trkpt lat="51.4846370" lon="-0.2463490">
    <ele>4.7</ele>
    <time>2026-01-03T11:53:36Z</time>
   </trkpt>
   <trkpt lat="51.4846400" lon="-0.2463650">
    <ele>4.7</ele>
    <time>2026-01-03T11:53:37Z</time>
   </trkpt>
   <trkpt lat="51.4846390" lon="-0.2463860">
    <ele>4.7</ele>
    <time>2026-01-03T11:53:38Z</time>
   </trkpt>
   <trkpt lat="51.4846310" lon="-0.2463860">
    <ele>4.7</ele>
    <time>2026-01-03T11:53:39Z</time>
   </trkpt>
   <trkpt lat="51.4846220" lon="-0.2463950">
    <ele>4.7</ele>
    <time>2026-01-03T11:53:40Z</time>
   </trkpt>
   <trkpt lat="51.4846200" lon="-0.2464200">
    <ele>4.7</ele>
    <time>2026-01-03T11:53:41Z</time>
   </trkpt>
   <trkpt lat="51.4846190" lon="-0.2464400">
    <ele>4.7</ele>
    <time>2026-01-03T11:53:42Z</time>
   </trkpt>
   <trkpt lat="51.4846220" lon="-0.2464600">
    <ele>4.7</ele>
    <time>2026-01-03T11:53:43Z</time>
   </trkpt>
   <trkpt lat="51.4846220" lon="-0.2464710">
    <ele>4.7</ele>
    <time>2026-01-03T11:53:44Z</time>
   </trkpt>
   <trkpt lat="51.4846220" lon="-0.2464900">
    <ele>4.7</ele>
    <time>2026-01-03T11:53:45Z</time>
   </trkpt>
   <trkpt lat="51.4846240" lon="-0.2465120">
    <ele>4.7</ele>
    <time>2026-01-03T11:53:46Z</time>
   </trkpt>
   <trkpt lat="51.4846260" lon="-0.2465260">
    <ele>4.7</ele>
    <time>2026-01-03T11:53:47Z</time>
   </trkpt>
   <trkpt lat="51.4846230" lon="-0.2465430">
    <ele>4.7</ele>
    <time>2026-01-03T11:53:48Z</time>
   </trkpt>
   <trkpt lat="51.4846230" lon="-0.2465590">
    <ele>4.7</ele>
    <time>2026-01-03T11:53:49Z</time>
   </trkpt>
   <trkpt lat="51.4846200" lon="-0.2465730">
    <ele>4.7</ele>
    <time>2026-01-03T11:53:50Z</time>
   </trkpt>
   <trkpt lat="51.4846160" lon="-0.2466020">
    <ele>4.7</ele>
    <time>2026-01-03T11:53:51Z</time>
   </trkpt>
   <trkpt lat="51.4846140" lon="-0.2466160">
    <ele>4.7</ele>
    <time>2026-01-03T11:53:52Z</time>
   </trkpt>
   <trkpt lat="51.4846120" lon="-0.2466300">
    <ele>4.7</ele>
    <time>2026-01-03T11:53:53Z</time>
   </trkpt>
   <trkpt lat="51.4846110" lon="-0.2466440">
    <ele>4.7</ele>
    <time>2026-01-03T11:53:54Z</time>
   </trkpt>
   <trkpt lat="51.4846110" lon="-0.2466610">
    <ele>4.7</ele>
    <time>2026-01-03T11:53:55Z</time>
   </trkpt>
   <trkpt lat="51.4846110" lon="-0.2466760">
    <ele>4.7</ele>
    <time>2026-01-03T11:53:56Z</time>
   </trkpt>
   <trkpt lat="51.4846130" lon="-0.2467020">
    <ele>4.7</ele>
    <time>2026-01-03T11:53:57Z</time>
   </trkpt>
   <trkpt lat="51.4846160" lon="-0.2467130">
    <ele>4.7</ele>
    <time>2026-01-03T11:53:58Z</time>
   </trkpt>
   <trkpt lat="51.4846180" lon="-0.2467240">
    <ele>4.7</ele>
    <time>2026-01-03T11:53:59Z</time>
   </trkpt>
   <trkpt lat="51.4846200" lon="-0.2467350">
    <ele>4.7</ele>
    <time>2026-01-03T11:54:00Z</time>
   </trkpt>
   <trkpt lat="51.4846190" lon="-0.2467500">
    <ele>4.7</ele>
    <time>2026-01-03T11:54:01Z</time>
   </trkpt>
   <trkpt lat="51.4846160" lon="-0.2467620">
    <ele>4.7</ele>
    <time>2026-01-03T11:54:02Z</time>
   </trkpt>
   <trkpt lat="51.4846120" lon="-0.2467670">
    <ele>4.7</ele>
    <time>2026-01-03T11:54:03Z</time>
   </trkpt>
   <trkpt lat="51.4846150" lon="-0.2467760">
    <ele>4.7</ele>
    <time>2026-01-03T11:54:04Z</time>
   </trkpt>
   <trkpt lat="51.4846170" lon="-0.2468090">
    <ele>4.6</ele>
    <time>2026-01-03T11:54:05Z</time>
   </trkpt>
   <trkpt lat="51.4846180" lon="-0.2468160">
    <ele>4.6</ele>
    <time>2026-01-03T11:54:06Z</time>
   </trkpt>
   <trkpt lat="51.4846120" lon="-0.2468370">
    <ele>4.6</ele>
    <time>2026-01-03T11:54:07Z</time>
   </trkpt>
   <trkpt lat="51.4846070" lon="-0.2468610">
    <ele>4.6</ele>
    <time>2026-01-03T11:54:08Z</time>
   </trkpt>
   <trkpt lat="51.4846060" lon="-0.2468730">
    <ele>4.6</ele>
    <time>2026-01-03T11:54:09Z</time>
   </trkpt>
   <trkpt lat="51.4846050" lon="-0.2468850">
    <ele>4.6</ele>
    <time>2026-01-03T11:54:10Z</time>
   </trkpt>
   <trkpt lat="51.4846040" lon="-0.2468970">
    <ele>4.5</ele>
    <time>2026-01-03T11:54:11Z</time>
   </trkpt>
   <trkpt lat="51.4846010" lon="-0.2469130">
    <ele>4.5</ele>
    <time>2026-01-03T11:54:12Z</time>
   </trkpt>
   <trkpt lat="51.4845950" lon="-0.2469270">
    <ele>4.5</ele>
    <time>2026-01-03T11:54:13Z</time>
   </trkpt>
   <trkpt lat="51.4845960" lon="-0.2469440">
    <ele>4.4</ele>
    <time>2026-01-03T11:54:14Z</time>
   </trkpt>
   <trkpt lat="51.4846000" lon="-0.2469580">
    <ele>4.4</ele>
    <time>2026-01-03T11:54:15Z</time>
   </trkpt>
   <trkpt lat="51.4846040" lon="-0.2469780">
    <ele>4.4</ele>
    <time>2026-01-03T11:54:16Z</time>
   </trkpt>
   <trkpt lat="51.4846080" lon="-0.2469860">
    <ele>4.4</ele>
    <time>2026-01-03T11:54:17Z</time>
   </trkpt>
   <trkpt lat="51.4846150" lon="-0.2470070">
    <ele>4.4</ele>
    <time>2026-01-03T11:54:18Z</time>
   </trkpt>
   <trkpt lat="51.4846220" lon="-0.2470260">
    <ele>4.3</ele>
    <time>2026-01-03T11:54:19Z</time>
   </trkpt>
   <trkpt lat="51.4846270" lon="-0.2470460">
    <ele>4.3</ele>
    <time>2026-01-03T11:54:20Z</time>
   </trkpt>
   <trkpt lat="51.4846220" lon="-0.2470790">
    <ele>4.2</ele>
    <time>2026-01-03T11:54:21Z</time>
   </trkpt>
   <trkpt lat="51.4846230" lon="-0.2471110">
    <ele>4.2</ele>
    <time>2026-01-03T11:54:22Z</time>
   </trkpt>
   <trkpt lat="51.4846250" lon="-0.2471260">
    <ele>4.2</ele>
    <time>2026-01-03T11:54:23Z</time>
   </trkpt>
   <trkpt lat="51.4846280" lon="-0.2471410">
    <ele>4.2</ele>
    <time>2026-01-03T11:54:24Z</time>
   </trkpt>
   <trkpt lat="51.4846170" lon="-0.2471670">
    <ele>4.2</ele>
    <time>2026-01-03T11:54:25Z</time>
   </trkpt>
   <trkpt lat="51.4846120" lon="-0.2471800">
    <ele>4.2</ele>
    <time>2026-01-03T11:54:26Z</time>
   </trkpt>
   <trkpt lat="51.4846060" lon="-0.2471920">
    <ele>4.2</ele>
    <time>2026-01-03T11:54:27Z</time>
   </trkpt>
   <trkpt lat="51.4845870" lon="-0.2472310">
    <ele>4.2</ele>
    <time>2026-01-03T11:54:28Z</time>
   </trkpt>
   <trkpt lat="51.4845820" lon="-0.2472400">
    <ele>4.2</ele>
    <time>2026-01-03T11:54:29Z</time>
   </trkpt>
   <trkpt lat="51.4845760" lon="-0.2472650">
    <ele>4.2</ele>
    <time>2026-01-03T11:54:30Z</time>
   </trkpt>
   <trkpt lat="51.4845690" lon="-0.2472770">
    <ele>4.2</ele>
    <time>2026-01-03T11:54:31Z</time>
   </trkpt>
   <trkpt lat="51.4845670" lon="-0.2472830">
    <ele>4.2</ele>
    <time>2026-01-03T11:54:32Z</time>
   </trkpt>
   <trkpt lat="51.4845550" lon="-0.2473030">
    <ele>4.2</ele>
    <time>2026-01-03T11:54:33Z</time>
   </trkpt>
   <trkpt lat="51.4845460" lon="-0.2473140">
    <ele>4.2</ele>
    <time>2026-01-03T11:54:34Z</time>
   </trkpt>
   <trkpt lat="51.4845380" lon="-0.2473260">
    <ele>4.2</ele>
    <time>2026-01-03T11:54:35Z</time>
   </trkpt>
   <trkpt lat="51.4845250" lon="-0.2473470">
    <ele>4.3</ele>
    <time>2026-01-03T11:54:36Z</time>
   </trkpt>
   <trkpt lat="51.4845170" lon="-0.2473640">
    <ele>4.3</ele>
    <time>2026-01-03T11:54:37Z</time>
   </trkpt>
   <trkpt lat="51.4845080" lon="-0.2473840">
    <ele>4.3</ele>
    <time>2026-01-03T11:54:38Z</time>
   </trkpt>
   <trkpt lat="51.4844930" lon="-0.2473930">
    <ele>4.3</ele>
    <time>2026-01-03T11:54:39Z</time>
   </trkpt>
   <trkpt lat="51.4844790" lon="-0.2474100">
    <ele>4.3</ele>
    <time>2026-01-03T11:54:40Z</time>
   </trkpt>
   <trkpt lat="51.4844660" lon="-0.2474260">
    <ele>4.3</ele>
    <time>2026-01-03T11:54:41Z</time>
   </trkpt>
   <trkpt lat="51.4844570" lon="-0.2474430">
    <ele>4.3</ele>
    <time>2026-01-03T11:54:42Z</time>
   </trkpt>
   <trkpt lat="51.4844490" lon="-0.2474600">
    <ele>4.3</ele>
    <time>2026-01-03T11:54:43Z</time>
   </trkpt>
   <trkpt lat="51.4844410" lon="-0.2474760">
    <ele>4.3</ele>
    <time>2026-01-03T11:54:44Z</time>
   </trkpt>
   <trkpt lat="51.4844340" lon="-0.2474850">
    <ele>4.3</ele>
    <time>2026-01-03T11:54:45Z</time>
   </trkpt>
   <trkpt lat="51.4844200" lon="-0.2475080">
    <ele>4.3</ele>
    <time>2026-01-03T11:54:46Z</time>
   </trkpt>
   <trkpt lat="51.4844130" lon="-0.2475250">
    <ele>4.3</ele>
    <time>2026-01-03T11:54:47Z</time>
   </trkpt>
   <trkpt lat="51.4844030" lon="-0.2475430">
    <ele>4.3</ele>
    <time>2026-01-03T11:54:48Z</time>
   </trkpt>
   <trkpt lat="51.4843910" lon="-0.2475560">
    <ele>4.3</ele>
    <time>2026-01-03T11:54:49Z</time>
   </trkpt>
   <trkpt lat="51.4843750" lon="-0.2475800">
    <ele>4.3</ele>
    <time>2026-01-03T11:54:50Z</time>
   </trkpt>
   <trkpt lat="51.4843690" lon="-0.2475890">
    <ele>4.3</ele>
    <time>2026-01-03T11:54:51Z</time>
   </trkpt>
   <trkpt lat="51.4843640" lon="-0.2475970">
    <ele>4.3</ele>
    <time>2026-01-03T11:54:52Z</time>
   </trkpt>
   <trkpt lat="51.4843510" lon="-0.2476140">
    <ele>4.3</ele>
    <time>2026-01-03T11:54:53Z</time>
   </trkpt>
   <trkpt lat="51.4843400" lon="-0.2476220">
    <ele>4.3</ele>
    <time>2026-01-03T11:54:54Z</time>
   </trkpt>
   <trkpt lat="51.4843280" lon="-0.2476380">
    <ele>4.3</ele>
    <time>2026-01-03T11:54:55Z</time>
   </trkpt>
   <trkpt lat="51.4843200" lon="-0.2476510">
    <ele>4.3</ele>
    <time>2026-01-03T11:54:56Z</time>
   </trkpt>
   <trkpt lat="51.4843120" lon="-0.2476640">
    <ele>4.3</ele>
    <time>2026-01-03T11:54:57Z</time>
   </trkpt>
   <trkpt lat="51.4843010" lon="-0.2476910">
    <ele>4.3</ele>
    <time>2026-01-03T11:54:58Z</time>
   </trkpt>
   <trkpt lat="51.4842960" lon="-0.2477000">
    <ele>4.4</ele>
    <time>2026-01-03T11:54:59Z</time>
   </trkpt>
   <trkpt lat="51.4842900" lon="-0.2477100">
    <ele>4.4</ele>
    <time>2026-01-03T11:55:00Z</time>
   </trkpt>
   <trkpt lat="51.4842830" lon="-0.2477180">
    <ele>4.4</ele>
    <time>2026-01-03T11:55:01Z</time>
   </trkpt>
   <trkpt lat="51.4842730" lon="-0.2477290">
    <ele>4.4</ele>
    <time>2026-01-03T11:55:02Z</time>
   </trkpt>
   <trkpt lat="51.4842670" lon="-0.2477390">
    <ele>4.4</ele>
    <time>2026-01-03T11:55:03Z</time>
   </trkpt>
   <trkpt lat="51.4842550" lon="-0.2477460">
    <ele>4.4</ele>
    <time>2026-01-03T11:55:04Z</time>
   </trkpt>
   <trkpt lat="51.4842390" lon="-0.2477580">
    <ele>4.4</ele>
    <time>2026-01-03T11:55:05Z</time>
   </trkpt>
   <trkpt lat="51.4842290" lon="-0.2477800">
    <ele>4.4</ele>
    <time>2026-01-03T11:55:06Z</time>
   </trkpt>
   <trkpt lat="51.4842170" lon="-0.2477960">
    <ele>4.4</ele>
    <time>2026-01-03T11:55:07Z</time>
   </trkpt>
   <trkpt lat="51.4842080" lon="-0.2478110">
    <ele>4.4</ele>
    <time>2026-01-03T11:55:08Z</time>
   </trkpt>
   <trkpt lat="51.4841990" lon="-0.2478190">
    <ele>4.4</ele>
    <time>2026-01-03T11:55:09Z</time>
   </trkpt>
   <trkpt lat="51.4841930" lon="-0.2478280">
    <ele>4.4</ele>
    <time>2026-01-03T11:55:10Z</time>
   </trkpt>
   <trkpt lat="51.4841670" lon="-0.2478520">
    <ele>4.4</ele>
    <time>2026-01-03T11:55:11Z</time>
   </trkpt>
   <trkpt lat="51.4841600" lon="-0.2478580">
    <ele>4.4</ele>
    <time>2026-01-03T11:55:12Z</time>
   </trkpt>
   <trkpt lat="51.4841450" lon="-0.2478780">
    <ele>4.4</ele>
    <time>2026-01-03T11:55:13Z</time>
   </trkpt>
   <trkpt lat="51.4841380" lon="-0.2478850">
    <ele>4.4</ele>
    <time>2026-01-03T11:55:15Z</time>
   </trkpt>
   <trkpt lat="51.4841320" lon="-0.2478930">
    <ele>4.4</ele>
    <time>2026-01-03T11:55:16Z</time>
   </trkpt>
   <trkpt lat="51.4841250" lon="-0.2479000">
    <ele>4.4</ele>
    <time>2026-01-03T11:55:17Z</time>
   </trkpt>
   <trkpt lat="51.4841090" lon="-0.2479250">
    <ele>4.4</ele>
    <time>2026-01-03T11:55:18Z</time>
   </trkpt>
   <trkpt lat="51.4841030" lon="-0.2479340">
    <ele>4.4</ele>
    <time>2026-01-03T11:55:19Z</time>
   </trkpt>
   <trkpt lat="51.4840980" lon="-0.2479420">
    <ele>4.4</ele>
    <time>2026-01-03T11:55:20Z</time>
   </trkpt>
   <trkpt lat="51.4840870" lon="-0.2479690">
    <ele>4.4</ele>
    <time>2026-01-03T11:55:21Z</time>
   </trkpt>
   <trkpt lat="51.4840810" lon="-0.2479810">
    <ele>4.4</ele>
    <time>2026-01-03T11:55:22Z</time>
   </trkpt>
   <trkpt lat="51.4840760" lon="-0.2479940">
    <ele>4.4</ele>
    <time>2026-01-03T11:55:23Z</time>
   </trkpt>
   <trkpt lat="51.4840620" lon="-0.2480170">
    <ele>4.4</ele>
    <time>2026-01-03T11:55:24Z</time>
   </trkpt>
   <trkpt lat="51.4840550" lon="-0.2480260">
    <ele>4.4</ele>
    <time>2026-01-03T11:55:25Z</time>
   </trkpt>
   <trkpt lat="51.4840490" lon="-0.2480360">
    <ele>4.4</ele>
    <time>2026-01-03T11:55:26Z</time>
   </trkpt>
   <trkpt lat="51.4840390" lon="-0.2480470">
    <ele>4.4</ele>
    <time>2026-01-03T11:55:27Z</time>
   </trkpt>
   <trkpt lat="51.4840300" lon="-0.2480570">
    <ele>4.4</ele>
    <time>2026-01-03T11:55:28Z</time>
   </trkpt>
   <trkpt lat="51.4840210" lon="-0.2480620">
    <ele>4.4</ele>
    <time>2026-01-03T11:55:29Z</time>
   </trkpt>
   <trkpt lat="51.4840130" lon="-0.2480750">
    <ele>4.4</ele>
    <time>2026-01-03T11:55:30Z</time>
   </trkpt>
   <trkpt lat="51.4840070" lon="-0.2480860">
    <ele>4.4</ele>
    <time>2026-01-03T11:55:31Z</time>
   </trkpt>
   <trkpt lat="51.4839980" lon="-0.2481010">
    <ele>4.4</ele>
    <time>2026-01-03T11:55:32Z</time>
   </trkpt>
   <trkpt lat="51.4839800" lon="-0.2481220">
    <ele>4.4</ele>
    <time>2026-01-03T11:55:33Z</time>
   </trkpt>
   <trkpt lat="51.4839730" lon="-0.2481300">
    <ele>4.4</ele>
    <time>2026-01-03T11:55:34Z</time>
   </trkpt>
   <trkpt lat="51.4839650" lon="-0.2481370">
    <ele>4.4</ele>
    <time>2026-01-03T11:55:35Z</time>
   </trkpt>
   <trkpt lat="51.4839510" lon="-0.2481590">
    <ele>4.4</ele>
    <time>2026-01-03T11:55:36Z</time>
   </trkpt>
   <trkpt lat="51.4839430" lon="-0.2481730">
    <ele>4.4</ele>
    <time>2026-01-03T11:55:37Z</time>
   </trkpt>
   <trkpt lat="51.4839310" lon="-0.2481900">
    <ele>4.4</ele>
    <time>2026-01-03T11:55:38Z</time>
   </trkpt>
   <trkpt lat="51.4839150" lon="-0.2482030">
    <ele>4.4</ele>
    <time>2026-01-03T11:55:39Z</time>
   </trkpt>
   <trkpt lat="51.4839020" lon="-0.2482130">
    <ele>4.4</ele>
    <time>2026-01-03T11:55:40Z</time>
   </trkpt>
   <trkpt lat="51.4838920" lon="-0.2482290">
    <ele>4.4</ele>
    <time>2026-01-03T11:55:41Z</time>
   </trkpt>
   <trkpt lat="51.4838720" lon="-0.2482450">
    <ele>4.4</ele>
    <time>2026-01-03T11:55:42Z</time>
   </trkpt>
   <trkpt lat="51.4838640" lon="-0.2482510">
    <ele>4.4</ele>
    <time>2026-01-03T11:55:43Z</time>
   </trkpt>
   <trkpt lat="51.4838550" lon="-0.2482570">
    <ele>4.4</ele>
    <time>2026-01-03T11:55:44Z</time>
   </trkpt>
   <trkpt lat="51.4838470" lon="-0.2482660">
    <ele>4.4</ele>
    <time>2026-01-03T11:55:45Z</time>
   </trkpt>
   <trkpt lat="51.4838380" lon="-0.2482780">
    <ele>4.4</ele>
    <time>2026-01-03T11:55:46Z</time>
   </trkpt>
   <trkpt lat="51.4838250" lon="-0.2482880">
    <ele>4.4</ele>
    <time>2026-01-03T11:55:47Z</time>
   </trkpt>
   <trkpt lat="51.4838100" lon="-0.2483090">
    <ele>4.4</ele>
    <time>2026-01-03T11:55:48Z</time>
   </trkpt>
   <trkpt lat="51.4838020" lon="-0.2483180">
    <ele>4.4</ele>
    <time>2026-01-03T11:55:49Z</time>
   </trkpt>
   <trkpt lat="51.4837950" lon="-0.2483260">
    <ele>4.4</ele>
    <time>2026-01-03T11:55:50Z</time>
   </trkpt>
   <trkpt lat="51.4837860" lon="-0.2483390">
    <ele>4.4</ele>
    <time>2026-01-03T11:55:51Z</time>
   </trkpt>
   <trkpt lat="51.4837800" lon="-0.2483450">
    <ele>4.4</ele>
    <time>2026-01-03T11:55:52Z</time>
   </trkpt>
   <trkpt lat="51.4837690" lon="-0.2483580">
    <ele>4.4</ele>
    <time>2026-01-03T11:55:53Z</time>
   </trkpt>
   <trkpt lat="51.4837570" lon="-0.2483700">
    <ele>4.4</ele>
    <time>2026-01-03T11:55:54Z</time>
   </trkpt>
   <trkpt lat="51.4837420" lon="-0.2483840">
    <ele>4.3</ele>
    <time>2026-01-03T11:55:55Z</time>
   </trkpt>
   <trkpt lat="51.4837330" lon="-0.2483950">
    <ele>4.3</ele>
    <time>2026-01-03T11:55:56Z</time>
   </trkpt>
   <trkpt lat="51.4837230" lon="-0.2484040">
    <ele>4.3</ele>
    <time>2026-01-03T11:55:57Z</time>
   </trkpt>
   <trkpt lat="51.4837130" lon="-0.2484100">
    <ele>4.3</ele>
    <time>2026-01-03T11:55:58Z</time>
   </trkpt>
   <trkpt lat="51.4837030" lon="-0.2484190">
    <ele>4.3</ele>
    <time>2026-01-03T11:55:59Z</time>
   </trkpt>
   <trkpt lat="51.4836910" lon="-0.2484330">
    <ele>4.3</ele>
    <time>2026-01-03T11:56:00Z</time>
   </trkpt>
   <trkpt lat="51.4836850" lon="-0.2484430">
    <ele>4.3</ele>
    <time>2026-01-03T11:56:01Z</time>
   </trkpt>
   <trkpt lat="51.4836690" lon="-0.2484530">
    <ele>4.3</ele>
    <time>2026-01-03T11:56:02Z</time>
   </trkpt>
   <trkpt lat="51.4836590" lon="-0.2484630">
    <ele>4.3</ele>
    <time>2026-01-03T11:56:03Z</time>
   </trkpt>
   <trkpt lat="51.4836500" lon="-0.2484720">
    <ele>4.3</ele>
    <time>2026-01-03T11:56:04Z</time>
   </trkpt>
   <trkpt lat="51.4836310" lon="-0.2484920">
    <ele>4.3</ele>
    <time>2026-01-03T11:56:05Z</time>
   </trkpt>
   <trkpt lat="51.4836230" lon="-0.2484970">
    <ele>4.3</ele>
    <time>2026-01-03T11:56:06Z</time>
   </trkpt>
   <trkpt lat="51.4836160" lon="-0.2485030">
    <ele>4.3</ele>
    <time>2026-01-03T11:56:07Z</time>
   </trkpt>
   <trkpt lat="51.4836040" lon="-0.2485170">
    <ele>4.3</ele>
    <time>2026-01-03T11:56:08Z</time>
   </trkpt>
   <trkpt lat="51.4835980" lon="-0.2485240">
    <ele>4.3</ele>
    <time>2026-01-03T11:56:09Z</time>
   </trkpt>
   <trkpt lat="51.4835860" lon="-0.2485340">
    <ele>4.3</ele>
    <time>2026-01-03T11:56:10Z</time>
   </trkpt>
   <trkpt lat="51.4835710" lon="-0.2485390">
    <ele>4.3</ele>
    <time>2026-01-03T11:56:11Z</time>
   </trkpt>
   <trkpt lat="51.4835570" lon="-0.2485530">
    <ele>4.3</ele>
    <time>2026-01-03T11:56:12Z</time>
   </trkpt>
   <trkpt lat="51.4835440" lon="-0.2485650">
    <ele>4.3</ele>
    <time>2026-01-03T11:56:13Z</time>
   </trkpt>
   <trkpt lat="51.4835150" lon="-0.2485880">
    <ele>4.3</ele>
    <time>2026-01-03T11:56:14Z</time>
   </trkpt>
   <trkpt lat="51.4835020" lon="-0.2486030">
    <ele>4.3</ele>
    <time>2026-01-03T11:56:15Z</time>
   </trkpt>
   <trkpt lat="51.4834970" lon="-0.2486080">
    <ele>4.3</ele>
    <time>2026-01-03T11:56:16Z</time>
   </trkpt>
   <trkpt lat="51.4834830" lon="-0.2486220">
    <ele>4.3</ele>
    <time>2026-01-03T11:56:17Z</time>
   </trkpt>
   <trkpt lat="51.4834720" lon="-0.2486330">
    <ele>4.3</ele>
    <time>2026-01-03T11:56:18Z</time>
   </trkpt>
   <trkpt lat="51.4834610" lon="-0.2486430">
    <ele>4.3</ele>
    <time>2026-01-03T11:56:19Z</time>
   </trkpt>
   <trkpt lat="51.4834470" lon="-0.2486520">
    <ele>4.3</ele>
    <time>2026-01-03T11:56:20Z</time>
   </trkpt>
   <trkpt lat="51.4834300" lon="-0.2486680">
    <ele>4.3</ele>
    <time>2026-01-03T11:56:21Z</time>
   </trkpt>
   <trkpt lat="51.4834220" lon="-0.2486730">
    <ele>4.3</ele>
    <time>2026-01-03T11:56:22Z</time>
   </trkpt>
   <trkpt lat="51.4834140" lon="-0.2486790">
    <ele>4.3</ele>
    <time>2026-01-03T11:56:23Z</time>
   </trkpt>
   <trkpt lat="51.4834020" lon="-0.2486920">
    <ele>4.3</ele>
    <time>2026-01-03T11:56:24Z</time>
   </trkpt>
   <trkpt lat="51.4833890" lon="-0.2487020">
    <ele>4.3</ele>
    <time>2026-01-03T11:56:25Z</time>
   </trkpt>
   <trkpt lat="51.4833760" lon="-0.2487040">
    <ele>4.3</ele>
    <time>2026-01-03T11:56:26Z</time>
   </trkpt>
   <trkpt lat="51.4833640" lon="-0.2487100">
    <ele>4.3</ele>
    <time>2026-01-03T11:56:27Z</time>
   </trkpt>
   <trkpt lat="51.4833570" lon="-0.2487180">
    <ele>4.3</ele>
    <time>2026-01-03T11:56:28Z</time>
   </trkpt>
   <trkpt lat="51.4833410" lon="-0.2487300">
    <ele>4.3</ele>
    <time>2026-01-03T11:56:29Z</time>
   </trkpt>
   <trkpt lat="51.4833300" lon="-0.2487410">
    <ele>4.3</ele>
    <time>2026-01-03T11:56:30Z</time>
   </trkpt>
   <trkpt lat="51.4833190" lon="-0.2487510">
    <ele>4.3</ele>
    <time>2026-01-03T11:56:31Z</time>
   </trkpt>
   <trkpt lat="51.4833130" lon="-0.2487580">
    <ele>4.3</ele>
    <time>2026-01-03T11:56:32Z</time>
   </trkpt>
   <trkpt lat="51.4832990" lon="-0.2487660">
    <ele>4.3</ele>
    <time>2026-01-03T11:56:33Z</time>
   </trkpt>
   <trkpt lat="51.4832770" lon="-0.2487760">
    <ele>4.3</ele>
    <time>2026-01-03T11:56:34Z</time>
   </trkpt>
   <trkpt lat="51.4832690" lon="-0.2487800">
    <ele>4.3</ele>
    <time>2026-01-03T11:56:35Z</time>
   </trkpt>
   <trkpt lat="51.4832600" lon="-0.2487840">
    <ele>4.3</ele>
    <time>2026-01-03T11:56:36Z</time>
   </trkpt>
   <trkpt lat="51.4832380" lon="-0.2488010">
    <ele>4.2</ele>
    <time>2026-01-03T11:56:37Z</time>
   </trkpt>
   <trkpt lat="51.4832310" lon="-0.2488090">
    <ele>4.2</ele>
    <time>2026-01-03T11:56:38Z</time>
   </trkpt>
   <trkpt lat="51.4832230" lon="-0.2488170">
    <ele>4.2</ele>
    <time>2026-01-03T11:56:39Z</time>
   </trkpt>
   <trkpt lat="51.4832110" lon="-0.2488270">
    <ele>4.2</ele>
    <time>2026-01-03T11:56:40Z</time>
   </trkpt>
   <trkpt lat="51.4832010" lon="-0.2488330">
    <ele>4.2</ele>
    <time>2026-01-03T11:56:41Z</time>
   </trkpt>
   <trkpt lat="51.4831900" lon="-0.2488390">
    <ele>4.2</ele>
    <time>2026-01-03T11:56:42Z</time>
   </trkpt>
   <trkpt lat="51.4831710" lon="-0.2488490">
    <ele>4.2</ele>
    <time>2026-01-03T11:56:43Z</time>
   </trkpt>
   <trkpt lat="51.4831630" lon="-0.2488520">
    <ele>4.2</ele>
    <time>2026-01-03T11:56:44Z</time>
   </trkpt>
   <trkpt lat="51.4831540" lon="-0.2488550">
    <ele>4.2</ele>
    <time>2026-01-03T11:56:45Z</time>
   </trkpt>
   <trkpt lat="51.4831400" lon="-0.2488600">
    <ele>4.2</ele>
    <time>2026-01-03T11:56:46Z</time>
   </trkpt>
   <trkpt lat="51.4831290" lon="-0.2488670">
    <ele>4.2</ele>
    <time>2026-01-03T11:56:47Z</time>
   </trkpt>
   <trkpt lat="51.4831260" lon="-0.2488740">
    <ele>4.2</ele>
    <time>2026-01-03T11:56:48Z</time>
   </trkpt>
   <trkpt lat="51.4831040" lon="-0.2488780">
    <ele>4.2</ele>
    <time>2026-01-03T11:56:49Z</time>
   </trkpt>
   <trkpt lat="51.4830960" lon="-0.2488810">
    <ele>4.2</ele>
    <time>2026-01-03T11:56:50Z</time>
   </trkpt>
   <trkpt lat="51.4830870" lon="-0.2488830">
    <ele>4.2</ele>
    <time>2026-01-03T11:56:51Z</time>
   </trkpt>
   <trkpt lat="51.4830660" lon="-0.2488900">
    <ele>4.2</ele>
    <time>2026-01-03T11:56:52Z</time>
   </trkpt>
   <trkpt lat="51.4830570" lon="-0.2488930">
    <ele>4.2</ele>
    <time>2026-01-03T11:56:53Z</time>
   </trkpt>
   <trkpt lat="51.4830480" lon="-0.2488970">
    <ele>4.2</ele>
    <time>2026-01-03T11:56:54Z</time>
   </trkpt>
   <trkpt lat="51.4830380" lon="-0.2489030">
    <ele>4.2</ele>
    <time>2026-01-03T11:56:55Z</time>
   </trkpt>
   <trkpt lat="51.4830290" lon="-0.2489080">
    <ele>4.2</ele>
    <time>2026-01-03T11:56:56Z</time>
   </trkpt>
   <trkpt lat="51.4830130" lon="-0.2489120">
    <ele>4.2</ele>
    <time>2026-01-03T11:56:57Z</time>
   </trkpt>
   <trkpt lat="51.4829950" lon="-0.2489250">
    <ele>4.2</ele>
    <time>2026-01-03T11:56:58Z</time>
   </trkpt>
   <trkpt lat="51.4829880" lon="-0.2489310">
    <ele>4.2</ele>
    <time>2026-01-03T11:56:59Z</time>
   </trkpt>
   <trkpt lat="51.4829800" lon="-0.2489360">
    <ele>4.2</ele>
    <time>2026-01-03T11:57:00Z</time>
   </trkpt>
   <trkpt lat="51.4829690" lon="-0.2489430">
    <ele>4.2</ele>
    <time>2026-01-03T11:57:01Z</time>
   </trkpt>
   <trkpt lat="51.4829580" lon="-0.2489540">
    <ele>4.2</ele>
    <time>2026-01-03T11:57:02Z</time>
   </trkpt>
   <trkpt lat="51.4829480" lon="-0.2489600">
    <ele>4.2</ele>
    <time>2026-01-03T11:57:03Z</time>
   </trkpt>
   <trkpt lat="51.4829320" lon="-0.2489600">
    <ele>4.2</ele>
    <time>2026-01-03T11:57:04Z</time>
   </trkpt>
   <trkpt lat="51.4829210" lon="-0.2489620">
    <ele>4.2</ele>
    <time>2026-01-03T11:57:05Z</time>
   </trkpt>
   <trkpt lat="51.4829140" lon="-0.2489730">
    <ele>4.2</ele>
    <time>2026-01-03T11:57:06Z</time>
   </trkpt>
   <trkpt lat="51.4828960" lon="-0.2489750">
    <ele>4.2</ele>
    <time>2026-01-03T11:57:07Z</time>
   </trkpt>
   <trkpt lat="51.4828850" lon="-0.2489820">
    <ele>4.2</ele>
    <time>2026-01-03T11:57:08Z</time>
   </trkpt>
   <trkpt lat="51.4828780" lon="-0.2489900">
    <ele>4.2</ele>
    <time>2026-01-03T11:57:09Z</time>
   </trkpt>
   <trkpt lat="51.4828680" lon="-0.2489950">
    <ele>4.2</ele>
    <time>2026-01-03T11:57:10Z</time>
   </trkpt>
   <trkpt lat="51.4828580" lon="-0.2490000">
    <ele>4.1</ele>
    <time>2026-01-03T11:57:11Z</time>
   </trkpt>
   <trkpt lat="51.4828550" lon="-0.2490050">
    <ele>4.1</ele>
    <time>2026-01-03T11:57:12Z</time>
   </trkpt>
   <trkpt lat="51.4828440" lon="-0.2490110">
    <ele>4.1</ele>
    <time>2026-01-03T11:57:13Z</time>
   </trkpt>
   <trkpt lat="51.4828320" lon="-0.2490180">
    <ele>4.1</ele>
    <time>2026-01-03T11:57:14Z</time>
   </trkpt>
   <trkpt lat="51.4828110" lon="-0.2490240">
    <ele>4.1</ele>
    <time>2026-01-03T11:57:15Z</time>
   </trkpt>
   <trkpt lat="51.4828000" lon="-0.2490280">
    <ele>4.1</ele>
    <time>2026-01-03T11:57:16Z</time>
   </trkpt>
   <trkpt lat="51.4827900" lon="-0.2490310">
    <ele>4.1</ele>
    <time>2026-01-03T11:57:17Z</time>
   </trkpt>
   <trkpt lat="51.4827740" lon="-0.2490410">
    <ele>4.1</ele>
    <time>2026-01-03T11:57:18Z</time>
   </trkpt>
   <trkpt lat="51.4827660" lon="-0.2490490">
    <ele>4.1</ele>
    <time>2026-01-03T11:57:19Z</time>
   </trkpt>
   <trkpt lat="51.4827550" lon="-0.2490610">
    <ele>4.1</ele>
    <time>2026-01-03T11:57:20Z</time>
   </trkpt>
   <trkpt lat="51.4827380" lon="-0.2490680">
    <ele>4.1</ele>
    <time>2026-01-03T11:57:21Z</time>
   </trkpt>
   <trkpt lat="51.4827210" lon="-0.2490810">
    <ele>4.1</ele>
    <time>2026-01-03T11:57:22Z</time>
   </trkpt>
   <trkpt lat="51.4827120" lon="-0.2490850">
    <ele>4.1</ele>
    <time>2026-01-03T11:57:23Z</time>
   </trkpt>
   <trkpt lat="51.4827030" lon="-0.2490890">
    <ele>4.1</ele>
    <time>2026-01-03T11:57:24Z</time>
   </trkpt>
   <trkpt lat="51.4826860" lon="-0.2490980">
    <ele>4.1</ele>
    <time>2026-01-03T11:57:25Z</time>
   </trkpt>
   <trkpt lat="51.4826730" lon="-0.2490960">
    <ele>4.1</ele>
    <time>2026-01-03T11:57:26Z</time>
   </trkpt>
   <trkpt lat="51.4826540" lon="-0.2491050">
    <ele>4.1</ele>
    <time>2026-01-03T11:57:27Z</time>
   </trkpt>
   <trkpt lat="51.4826430" lon="-0.2491110">
    <ele>4.1</ele>
    <time>2026-01-03T11:57:28Z</time>
   </trkpt>
   <trkpt lat="51.4826330" lon="-0.2491180">
    <ele>4.1</ele>
    <time>2026-01-03T11:57:29Z</time>
   </trkpt>
   <trkpt lat="51.4826260" lon="-0.2491180">
    <ele>4.1</ele>
    <time>2026-01-03T11:57:30Z</time>
   </trkpt>
   <trkpt lat="51.4826170" lon="-0.2491250">
    <ele>4.1</ele>
    <time>2026-01-03T11:57:31Z</time>
   </trkpt>
   <trkpt lat="51.4826040" lon="-0.2491270">
    <ele>4.1</ele>
    <time>2026-01-03T11:57:32Z</time>
   </trkpt>
   <trkpt lat="51.4825950" lon="-0.2491260">
    <ele>4.1</ele>
    <time>2026-01-03T11:57:33Z</time>
   </trkpt>
   <trkpt lat="51.4825810" lon="-0.2491380">
    <ele>4.1</ele>
    <time>2026-01-03T11:57:34Z</time>
   </trkpt>
   <trkpt lat="51.4825720" lon="-0.2491420">
    <ele>4.1</ele>
    <time>2026-01-03T11:57:35Z</time>
   </trkpt>
   <trkpt lat="51.4825550" lon="-0.2491550">
    <ele>4.1</ele>
    <time>2026-01-03T11:57:36Z</time>
   </trkpt>
   <trkpt lat="51.4825430" lon="-0.2491610">
    <ele>4.1</ele>
    <time>2026-01-03T11:57:37Z</time>
   </trkpt>
   <trkpt lat="51.4825250" lon="-0.2491660">
    <ele>4.1</ele>
    <time>2026-01-03T11:57:38Z</time>
   </trkpt>
   <trkpt lat="51.4825110" lon="-0.2491680">
    <ele>4.1</ele>
    <time>2026-01-03T11:57:39Z</time>
   </trkpt>
   <trkpt lat="51.4824990" lon="-0.2491700">
    <ele>4.1</ele>
    <time>2026-01-03T11:57:40Z</time>
   </trkpt>
   <trkpt lat="51.4824810" lon="-0.2491740">
    <ele>4.1</ele>
    <time>2026-01-03T11:57:41Z</time>
   </trkpt>
   <trkpt lat="51.4824730" lon="-0.2491750">
    <ele>4.1</ele>
    <time>2026-01-03T11:57:42Z</time>
   </trkpt>
   <trkpt lat="51.4824630" lon="-0.2491790">
    <ele>4.1</ele>
    <time>2026-01-03T11:57:43Z</time>
   </trkpt>
   <trkpt lat="51.4824530" lon="-0.2491800">
    <ele>4.1</ele>
    <time>2026-01-03T11:57:44Z</time>
   </trkpt>
   <trkpt lat="51.4824310" lon="-0.2491810">
    <ele>4.1</ele>
    <time>2026-01-03T11:57:45Z</time>
   </trkpt>
   <trkpt lat="51.4824190" lon="-0.2491810">
    <ele>4.1</ele>
    <time>2026-01-03T11:57:46Z</time>
   </trkpt>
   <trkpt lat="51.4824080" lon="-0.2491820">
    <ele>4.1</ele>
    <time>2026-01-03T11:57:47Z</time>
   </trkpt>
   <trkpt lat="51.4823940" lon="-0.2491850">
    <ele>4.0</ele>
    <time>2026-01-03T11:57:48Z</time>
   </trkpt>
   <trkpt lat="51.4823780" lon="-0.2491910">
    <ele>4.0</ele>
    <time>2026-01-03T11:57:49Z</time>
   </trkpt>
   <trkpt lat="51.4823670" lon="-0.2491940">
    <ele>4.0</ele>
    <time>2026-01-03T11:57:50Z</time>
   </trkpt>
   <trkpt lat="51.4823570" lon="-0.2491970">
    <ele>4.0</ele>
    <time>2026-01-03T11:57:51Z</time>
   </trkpt>
   <trkpt lat="51.4823440" lon="-0.2491980">
    <ele>4.0</ele>
    <time>2026-01-03T11:57:52Z</time>
   </trkpt>
   <trkpt lat="51.4823230" lon="-0.2492030">
    <ele>4.0</ele>
    <time>2026-01-03T11:57:53Z</time>
   </trkpt>
   <trkpt lat="51.4823150" lon="-0.2492070">
    <ele>4.0</ele>
    <time>2026-01-03T11:57:54Z</time>
   </trkpt>
   <trkpt lat="51.4823070" lon="-0.2492110">
    <ele>4.0</ele>
    <time>2026-01-03T11:57:55Z</time>
   </trkpt>
   <trkpt lat="51.4822940" lon="-0.2492140">
    <ele>4.0</ele>
    <time>2026-01-03T11:57:56Z</time>
   </trkpt>
   <trkpt lat="51.4822830" lon="-0.2492160">
    <ele>4.0</ele>
    <time>2026-01-03T11:57:57Z</time>
   </trkpt>
   <trkpt lat="51.4822740" lon="-0.2492200">
    <ele>4.0</ele>
    <time>2026-01-03T11:57:58Z</time>
   </trkpt>
   <trkpt lat="51.4822560" lon="-0.2492200">
    <ele>4.0</ele>
    <time>2026-01-03T11:57:59Z</time>
   </trkpt>
   <trkpt lat="51.4822470" lon="-0.2492190">
    <ele>4.0</ele>
    <time>2026-01-03T11:58:00Z</time>
   </trkpt>
   <trkpt lat="51.4822370" lon="-0.2492180">
    <ele>4.0</ele>
    <time>2026-01-03T11:58:01Z</time>
   </trkpt>
   <trkpt lat="51.4822230" lon="-0.2492240">
    <ele>4.0</ele>
    <time>2026-01-03T11:58:02Z</time>
   </trkpt>
   <trkpt lat="51.4822100" lon="-0.2492250">
    <ele>4.0</ele>
    <time>2026-01-03T11:58:03Z</time>
   </trkpt>
   <trkpt lat="51.4821950" lon="-0.2492260">
    <ele>4.0</ele>
    <time>2026-01-03T11:58:04Z</time>
   </trkpt>
   <trkpt lat="51.4821820" lon="-0.2492250">
    <ele>4.0</ele>
    <time>2026-01-03T11:58:05Z</time>
   </trkpt>
   <trkpt lat="51.4821690" lon="-0.2492250">
    <ele>4.0</ele>
    <time>2026-01-03T11:58:06Z</time>
   </trkpt>
   <trkpt lat="51.4821510" lon="-0.2492330">
    <ele>4.0</ele>
    <time>2026-01-03T11:58:07Z</time>
   </trkpt>
   <trkpt lat="51.4821450" lon="-0.2492460">
    <ele>4.0</ele>
    <time>2026-01-03T11:58:08Z</time>
   </trkpt>
   <trkpt lat="51.4821340" lon="-0.2492540">
    <ele>4.0</ele>
    <time>2026-01-03T11:58:09Z</time>
   </trkpt>
   <trkpt lat="51.4821260" lon="-0.2492590">
    <ele>4.0</ele>
    <time>2026-01-03T11:58:10Z</time>
   </trkpt>
   <trkpt lat="51.4821040" lon="-0.2492680">
    <ele>4.0</ele>
    <time>2026-01-03T11:58:11Z</time>
   </trkpt>
   <trkpt lat="51.4820970" lon="-0.2492700">
    <ele>4.0</ele>
    <time>2026-01-03T11:58:12Z</time>
   </trkpt>
   <trkpt lat="51.4820900" lon="-0.2492720">
    <ele>4.0</ele>
    <time>2026-01-03T11:58:13Z</time>
   </trkpt>
   <trkpt lat="51.4820710" lon="-0.2492710">
    <ele>4.0</ele>
    <time>2026-01-03T11:58:14Z</time>
   </trkpt>
   <trkpt lat="51.4820610" lon="-0.2492720">
    <ele>4.0</ele>
    <time>2026-01-03T11:58:15Z</time>
   </trkpt>
   <trkpt lat="51.4820520" lon="-0.2492730">
    <ele>4.0</ele>
    <time>2026-01-03T11:58:16Z</time>
   </trkpt>
   <trkpt lat="51.4820400" lon="-0.2492740">
    <ele>4.0</ele>
    <time>2026-01-03T11:58:17Z</time>
   </trkpt>
   <trkpt lat="51.4820270" lon="-0.2492790">
    <ele>4.0</ele>
    <time>2026-01-03T11:58:18Z</time>
   </trkpt>
   <trkpt lat="51.4820170" lon="-0.2492770">
    <ele>4.0</ele>
    <time>2026-01-03T11:58:19Z</time>
   </trkpt>
   <trkpt lat="51.4819970" lon="-0.2492830">
    <ele>4.0</ele>
    <time>2026-01-03T11:58:20Z</time>
   </trkpt>
   <trkpt lat="51.4819890" lon="-0.2492850">
    <ele>4.0</ele>
    <time>2026-01-03T11:58:21Z</time>
   </trkpt>
   <trkpt lat="51.4819810" lon="-0.2492880">
    <ele>4.0</ele>
    <time>2026-01-03T11:58:22Z</time>
   </trkpt>
   <trkpt lat="51.4819690" lon="-0.2492910">
    <ele>4.0</ele>
    <time>2026-01-03T11:58:23Z</time>
   </trkpt>
   <trkpt lat="51.4819560" lon="-0.2492980">
    <ele>4.0</ele>
    <time>2026-01-03T11:58:24Z</time>
   </trkpt>
   <trkpt lat="51.4819490" lon="-0.2492990">
    <ele>4.0</ele>
    <time>2026-01-03T11:58:25Z</time>
   </trkpt>
   <trkpt lat="51.4819270" lon="-0.2493040">
    <ele>4.0</ele>
    <time>2026-01-03T11:58:26Z</time>
   </trkpt>
   <trkpt lat="51.4819190" lon="-0.2493050">
    <ele>4.0</ele>
    <time>2026-01-03T11:58:27Z</time>
   </trkpt>
   <trkpt lat="51.4819100" lon="-0.2493070">
    <ele>4.0</ele>
    <time>2026-01-03T11:58:28Z</time>
   </trkpt>
   <trkpt lat="51.4818940" lon="-0.2493040">
    <ele>4.0</ele>
    <time>2026-01-03T11:58:29Z</time>
   </trkpt>
   <trkpt lat="51.4818820" lon="-0.2493030">
    <ele>4.0</ele>
    <time>2026-01-03T11:58:30Z</time>
   </trkpt>
   <trkpt lat="51.4818640" lon="-0.2493010">
    <ele>4.0</ele>
    <time>2026-01-03T11:58:31Z</time>
   </trkpt>
   <trkpt lat="51.4818550" lon="-0.2492980">
    <ele>4.0</ele>
    <time>2026-01-03T11:58:32Z</time>
   </trkpt>
   <trkpt lat="51.4818460" lon="-0.2492950">
    <ele>4.0</ele>
    <time>2026-01-03T11:58:33Z</time>
   </trkpt>
   <trkpt lat="51.4818360" lon="-0.2492980">
    <ele>4.0</ele>
    <time>2026-01-03T11:58:34Z</time>
   </trkpt>
   <trkpt lat="51.4818260" lon="-0.2492990">
    <ele>4.0</ele>
    <time>2026-01-03T11:58:35Z</time>
   </trkpt>
   <trkpt lat="51.4818130" lon="-0.2492990">
    <ele>4.0</ele>
    <time>2026-01-03T11:58:36Z</time>
   </trkpt>
   <trkpt lat="51.4817960" lon="-0.2492980">
    <ele>4.0</ele>
    <time>2026-01-03T11:58:37Z</time>
   </trkpt>
   <trkpt lat="51.4817850" lon="-0.2493000">
    <ele>4.0</ele>
    <time>2026-01-03T11:58:38Z</time>
   </trkpt>
   <trkpt lat="51.4817740" lon="-0.2492980">
    <ele>4.0</ele>
    <time>2026-01-03T11:58:39Z</time>
   </trkpt>
   <trkpt lat="51.4817620" lon="-0.2493050">
    <ele>4.0</ele>
    <time>2026-01-03T11:58:40Z</time>
   </trkpt>
   <trkpt lat="51.4817530" lon="-0.2493090">
    <ele>4.0</ele>
    <time>2026-01-03T11:58:41Z</time>
   </trkpt>
   <trkpt lat="51.4817430" lon="-0.2493090">
    <ele>4.0</ele>
    <time>2026-01-03T11:58:42Z</time>
   </trkpt>
   <trkpt lat="51.4817370" lon="-0.2493150">
    <ele>4.0</ele>
    <time>2026-01-03T11:58:43Z</time>
   </trkpt>
   <trkpt lat="51.4817180" lon="-0.2493140">
    <ele>4.0</ele>
    <time>2026-01-03T11:58:44Z</time>
   </trkpt>
   <trkpt lat="51.4817010" lon="-0.2493200">
    <ele>4.0</ele>
    <time>2026-01-03T11:58:45Z</time>
   </trkpt>
   <trkpt lat="51.4816880" lon="-0.2493250">
    <ele>4.0</ele>
    <time>2026-01-03T11:58:46Z</time>
   </trkpt>
   <trkpt lat="51.4816720" lon="-0.2493200">
    <ele>4.0</ele>
    <time>2026-01-03T11:58:47Z</time>
   </trkpt>
   <trkpt lat="51.4816580" lon="-0.2493130">
    <ele>4.0</ele>
    <time>2026-01-03T11:58:48Z</time>
   </trkpt>
   <trkpt lat="51.4816420" lon="-0.2493070">
    <ele>4.0</ele>
    <time>2026-01-03T11:58:49Z</time>
   </trkpt>
   <trkpt lat="51.4816270" lon="-0.2493100">
    <ele>4.0</ele>
    <time>2026-01-03T11:58:50Z</time>
   </trkpt>
   <trkpt lat="51.4816140" lon="-0.2493160">
    <ele>4.0</ele>
    <time>2026-01-03T11:58:51Z</time>
   </trkpt>
   <trkpt lat="51.4816040" lon="-0.2493180">
    <ele>4.0</ele>
    <time>2026-01-03T11:58:52Z</time>
   </trkpt>
   <trkpt lat="51.4815980" lon="-0.2493190">
    <ele>4.0</ele>
    <time>2026-01-03T11:58:53Z</time>
   </trkpt>
   <trkpt lat="51.4815740" lon="-0.2493210">
    <ele>3.9</ele>
    <time>2026-01-03T11:58:54Z</time>
   </trkpt>
   <trkpt lat="51.4815660" lon="-0.2493250">
    <ele>3.9</ele>
    <time>2026-01-03T11:58:55Z</time>
   </trkpt>
   <trkpt lat="51.4815570" lon="-0.2493280">
    <ele>3.9</ele>
    <time>2026-01-03T11:58:56Z</time>
   </trkpt>
   <trkpt lat="51.4815400" lon="-0.2493280">
    <ele>3.9</ele>
    <time>2026-01-03T11:58:57Z</time>
   </trkpt>
   <trkpt lat="51.4815320" lon="-0.2493250">
    <ele>3.9</ele>
    <time>2026-01-03T11:58:58Z</time>
   </trkpt>
   <trkpt lat="51.4815240" lon="-0.2493220">
    <ele>3.9</ele>
    <time>2026-01-03T11:58:59Z</time>
   </trkpt>
   <trkpt lat="51.4815160" lon="-0.2493190">
    <ele>3.9</ele>
    <time>2026-01-03T11:59:00Z</time>
   </trkpt>
   <trkpt lat="51.4814940" lon="-0.2493210">
    <ele>3.9</ele>
    <time>2026-01-03T11:59:01Z</time>
   </trkpt>
   <trkpt lat="51.4814850" lon="-0.2493200">
    <ele>3.9</ele>
    <time>2026-01-03T11:59:02Z</time>
   </trkpt>
   <trkpt lat="51.4814760" lon="-0.2493190">
    <ele>3.9</ele>
    <time>2026-01-03T11:59:03Z</time>
   </trkpt>
   <trkpt lat="51.4814620" lon="-0.2493180">
    <ele>3.9</ele>
    <time>2026-01-03T11:59:04Z</time>
   </trkpt>
   <trkpt lat="51.4814510" lon="-0.2493150">
    <ele>3.9</ele>
    <time>2026-01-03T11:59:05Z</time>
   </trkpt>
   <trkpt lat="51.4814490" lon="-0.2493170">
    <ele>3.9</ele>
    <time>2026-01-03T11:59:06Z</time>
   </trkpt>
   <trkpt lat="51.4814440" lon="-0.2493160">
    <ele>3.9</ele>
    <time>2026-01-03T11:59:07Z</time>
   </trkpt>
   <trkpt lat="51.4814300" lon="-0.2493170">
    <ele>3.9</ele>
    <time>2026-01-03T11:59:08Z</time>
   </trkpt>
   <trkpt lat="51.4814170" lon="-0.2493170">
    <ele>3.9</ele>
    <time>2026-01-03T11:59:09Z</time>
   </trkpt>
   <trkpt lat="51.4813980" lon="-0.2493170">
    <ele>3.9</ele>
    <time>2026-01-03T11:59:10Z</time>
   </trkpt>
   <trkpt lat="51.4813890" lon="-0.2493210">
    <ele>3.9</ele>
    <time>2026-01-03T11:59:11Z</time>
   </trkpt>
   <trkpt lat="51.4813830" lon="-0.2493170">
    <ele>3.9</ele>
    <time>2026-01-03T11:59:12Z</time>
   </trkpt>
   <trkpt lat="51.4813720" lon="-0.2493140">
    <ele>3.9</ele>
    <time>2026-01-03T11:59:13Z</time>
   </trkpt>
   <trkpt lat="51.4813610" lon="-0.2493090">
    <ele>3.9</ele>
    <time>2026-01-03T11:59:14Z</time>
   </trkpt>
   <trkpt lat="51.4813430" lon="-0.2492910">
    <ele>3.9</ele>
    <time>2026-01-03T11:59:15Z</time>
   </trkpt>
   <trkpt lat="51.4813320" lon="-0.2492970">
    <ele>3.9</ele>
    <time>2026-01-03T11:59:16Z</time>
   </trkpt>
   <trkpt lat="51.4813130" lon="-0.2492940">
    <ele>3.9</ele>
    <time>2026-01-03T11:59:17Z</time>
   </trkpt>
   <trkpt lat="51.4813040" lon="-0.2492930">
    <ele>3.9</ele>
    <time>2026-01-03T11:59:18Z</time>
   </trkpt>
   <trkpt lat="51.4812950" lon="-0.2492930">
    <ele>3.9</ele>
    <time>2026-01-03T11:59:19Z</time>
   </trkpt>
   <trkpt lat="51.4812690" lon="-0.2492900">
    <ele>3.9</ele>
    <time>2026-01-03T11:59:20Z</time>
   </trkpt>
   <trkpt lat="51.4812560" lon="-0.2492900">
    <ele>3.9</ele>
    <time>2026-01-03T11:59:21Z</time>
   </trkpt>
   <trkpt lat="51.4812380" lon="-0.2492910">
    <ele>3.9</ele>
    <time>2026-01-03T11:59:22Z</time>
   </trkpt>
   <trkpt lat="51.4812270" lon="-0.2492910">
    <ele>3.8</ele>
    <time>2026-01-03T11:59:23Z</time>
   </trkpt>
   <trkpt lat="51.4812170" lon="-0.2492910">
    <ele>3.8</ele>
    <time>2026-01-03T11:59:24Z</time>
   </trkpt>
   <trkpt lat="51.4812060" lon="-0.2492880">
    <ele>3.8</ele>
    <time>2026-01-03T11:59:25Z</time>
   </trkpt>
   <trkpt lat="51.4811930" lon="-0.2492880">
    <ele>3.8</ele>
    <time>2026-01-03T11:59:26Z</time>
   </trkpt>
   <trkpt lat="51.4811820" lon="-0.2492860">
    <ele>3.8</ele>
    <time>2026-01-03T11:59:27Z</time>
   </trkpt>
   <trkpt lat="51.4811670" lon="-0.2492850">
    <ele>3.8</ele>
    <time>2026-01-03T11:59:28Z</time>
   </trkpt>
   <trkpt lat="51.4811540" lon="-0.2492860">
    <ele>3.8</ele>
    <time>2026-01-03T11:59:29Z</time>
   </trkpt>
   <trkpt lat="51.4811330" lon="-0.2492810">
    <ele>3.8</ele>
    <time>2026-01-03T11:59:30Z</time>
   </trkpt>
   <trkpt lat="51.4811250" lon="-0.2492790">
    <ele>3.8</ele>
    <time>2026-01-03T11:59:31Z</time>
   </trkpt>
   <trkpt lat="51.4811160" lon="-0.2492780">
    <ele>3.8</ele>
    <time>2026-01-03T11:59:32Z</time>
   </trkpt>
   <trkpt lat="51.4811030" lon="-0.2492720">
    <ele>3.8</ele>
    <time>2026-01-03T11:59:33Z</time>
   </trkpt>
   <trkpt lat="51.4810920" lon="-0.2492730">
    <ele>3.8</ele>
    <time>2026-01-03T11:59:34Z</time>
   </trkpt>
   <trkpt lat="51.4810820" lon="-0.2492640">
    <ele>3.8</ele>
    <time>2026-01-03T11:59:35Z</time>
   </trkpt>
   <trkpt lat="51.4810670" lon="-0.2492620">
    <ele>3.8</ele>
    <time>2026-01-03T11:59:36Z</time>
   </trkpt>
   <trkpt lat="51.4810530" lon="-0.2492600">
    <ele>3.8</ele>
    <time>2026-01-03T11:59:37Z</time>
   </trkpt>
   <trkpt lat="51.4810300" lon="-0.2492600">
    <ele>3.8</ele>
    <time>2026-01-03T11:59:38Z</time>
   </trkpt>
   <trkpt lat="51.4810200" lon="-0.2492620">
    <ele>3.8</ele>
    <time>2026-01-03T11:59:39Z</time>
   </trkpt>
   <trkpt lat="51.4810110" lon="-0.2492640">
    <ele>3.8</ele>
    <time>2026-01-03T11:59:40Z</time>
   </trkpt>
   <trkpt lat="51.4810030" lon="-0.2492670">
    <ele>3.8</ele>
    <time>2026-01-03T11:59:41Z</time>
   </trkpt>
   <trkpt lat="51.4809940" lon="-0.2492620">
    <ele>3.8</ele>
    <time>2026-01-03T11:59:42Z</time>
   </trkpt>
   <trkpt lat="51.4809820" lon="-0.2492580">
    <ele>3.8</ele>
    <time>2026-01-03T11:59:43Z</time>
   </trkpt>
   <trkpt lat="51.4809670" lon="-0.2492540">
    <ele>3.8</ele>
    <time>2026-01-03T11:59:44Z</time>
   </trkpt>
   <trkpt lat="51.4809530" lon="-0.2492570">
    <ele>3.8</ele>
    <time>2026-01-03T11:59:45Z</time>
   </trkpt>
   <trkpt lat="51.4809310" lon="-0.2492570">
    <ele>3.8</ele>
    <time>2026-01-03T11:59:46Z</time>
   </trkpt>
   <trkpt lat="51.4809230" lon="-0.2492570">
    <ele>3.8</ele>
    <time>2026-01-03T11:59:47Z</time>
   </trkpt>
   <trkpt lat="51.4809160" lon="-0.2492560">
    <ele>3.8</ele>
    <time>2026-01-03T11:59:48Z</time>
   </trkpt>
   <trkpt lat="51.4809000" lon="-0.2492550">
    <ele>3.8</ele>
    <time>2026-01-03T11:59:49Z</time>
   </trkpt>
   <trkpt lat="51.4808840" lon="-0.2492610">
    <ele>3.8</ele>
    <time>2026-01-03T11:59:50Z</time>
   </trkpt>
   <trkpt lat="51.4808600" lon="-0.2492630">
    <ele>3.8</ele>
    <time>2026-01-03T11:59:51Z</time>
   </trkpt>
   <trkpt lat="51.4808530" lon="-0.2492630">
    <ele>3.8</ele>
    <time>2026-01-03T11:59:52Z</time>
   </trkpt>
   <trkpt lat="51.4808450" lon="-0.2492620">
    <ele>3.8</ele>
    <time>2026-01-03T11:59:53Z</time>
   </trkpt>
   <trkpt lat="51.4808230" lon="-0.2492610">
    <ele>3.8</ele>
    <time>2026-01-03T11:59:54Z</time>
   </trkpt>
   <trkpt lat="51.4808150" lon="-0.2492600">
    <ele>3.8</ele>
    <time>2026-01-03T11:59:55Z</time>
   </trkpt>
   <trkpt lat="51.4808060" lon="-0.2492580">
    <ele>3.8</ele>
    <time>2026-01-03T11:59:56Z</time>
   </trkpt>
   <trkpt lat="51.4807870" lon="-0.2492530">
    <ele>3.8</ele>
    <time>2026-01-03T11:59:57Z</time>
   </trkpt>
   <trkpt lat="51.4807790" lon="-0.2492510">
    <ele>3.8</ele>
    <time>2026-01-03T11:59:58Z</time>
   </trkpt>
   <trkpt lat="51.4807700" lon="-0.2492500">
    <ele>3.8</ele>
    <time>2026-01-03T11:59:59Z</time>
   </trkpt>
   <trkpt lat="51.4807500" lon="-0.2492430">
    <ele>3.8</ele>
    <time>2026-01-03T12:00:00Z</time>
   </trkpt>
   <trkpt lat="51.4807420" lon="-0.2492390">
    <ele>3.8</ele>
    <time>2026-01-03T12:00:01Z</time>
   </trkpt>
   <trkpt lat="51.4807340" lon="-0.2492340">
    <ele>3.8</ele>
    <time>2026-01-03T12:00:02Z</time>
   </trkpt>
   <trkpt lat="51.4807220" lon="-0.2492300">
    <ele>3.8</ele>
    <time>2026-01-03T12:00:03Z</time>
   </trkpt>
   <trkpt lat="51.4807050" lon="-0.2492300">
    <ele>3.8</ele>
    <time>2026-01-03T12:00:04Z</time>
   </trkpt>
   <trkpt lat="51.4806970" lon="-0.2492230">
    <ele>3.8</ele>
    <time>2026-01-03T12:00:05Z</time>
   </trkpt>
   <trkpt lat="51.4806840" lon="-0.2492220">
    <ele>3.8</ele>
    <time>2026-01-03T12:00:06Z</time>
   </trkpt>
   <trkpt lat="51.4806770" lon="-0.2492220">
    <ele>3.8</ele>
    <time>2026-01-03T12:00:07Z</time>
   </trkpt>
   <trkpt lat="51.4806620" lon="-0.2492170">
    <ele>3.8</ele>
    <time>2026-01-03T12:00:08Z</time>
   </trkpt>
   <trkpt lat="51.4806480" lon="-0.2492130">
    <ele>3.8</ele>
    <time>2026-01-03T12:00:09Z</time>
   </trkpt>
   <trkpt lat="51.4806380" lon="-0.2492120">
    <ele>3.8</ele>
    <time>2026-01-03T12:00:10Z</time>
   </trkpt>
   <trkpt lat="51.4806270" lon="-0.2492090">
    <ele>3.8</ele>
    <time>2026-01-03T12:00:11Z</time>
   </trkpt>
   <trkpt lat="51.4806160" lon="-0.2492050">
    <ele>3.8</ele>
    <time>2026-01-03T12:00:12Z</time>
   </trkpt>
   <trkpt lat="51.4806010" lon="-0.2492030">
    <ele>3.8</ele>
    <time>2026-01-03T12:00:13Z</time>
   </trkpt>
   <trkpt lat="51.4805920" lon="-0.2492020">
    <ele>3.8</ele>
    <time>2026-01-03T12:00:14Z</time>
   </trkpt>
   <trkpt lat="51.4805800" lon="-0.2492040">
    <ele>3.8</ele>
    <time>2026-01-03T12:00:15Z</time>
   </trkpt>
   <trkpt lat="51.4805610" lon="-0.2492020">
    <ele>3.8</ele>
    <time>2026-01-03T12:00:16Z</time>
   </trkpt>
   <trkpt lat="51.4805460" lon="-0.2492040">
    <ele>3.8</ele>
    <time>2026-01-03T12:00:17Z</time>
   </trkpt>
   <trkpt lat="51.4805270" lon="-0.2492090">
    <ele>3.7</ele>
    <time>2026-01-03T12:00:18Z</time>
   </trkpt>
   <trkpt lat="51.4805180" lon="-0.2492110">
    <ele>3.7</ele>
    <time>2026-01-03T12:00:19Z</time>
   </trkpt>
   <trkpt lat="51.4805100" lon="-0.2492120">
    <ele>3.7</ele>
    <time>2026-01-03T12:00:20Z</time>
   </trkpt>
   <trkpt lat="51.4804950" lon="-0.2492100">
    <ele>3.7</ele>
    <time>2026-01-03T12:00:21Z</time>
   </trkpt>
   <trkpt lat="51.4804770" lon="-0.2492080">
    <ele>3.7</ele>
    <time>2026-01-03T12:00:22Z</time>
   </trkpt>
   <trkpt lat="51.4804620" lon="-0.2492010">
    <ele>3.7</ele>
    <time>2026-01-03T12:00:23Z</time>
   </trkpt>
   <trkpt lat="51.4804560" lon="-0.2491980">
    <ele>3.7</ele>
    <time>2026-01-03T12:00:24Z</time>
   </trkpt>
   <trkpt lat="51.4804480" lon="-0.2492000">
    <ele>3.7</ele>
    <time>2026-01-03T12:00:25Z</time>
   </trkpt>
   <trkpt lat="51.4804340" lon="-0.2492010">
    <ele>3.7</ele>
    <time>2026-01-03T12:00:26Z</time>
   </trkpt>
   <trkpt lat="51.4804260" lon="-0.2491970">
    <ele>3.7</ele>
    <time>2026-01-03T12:00:27Z</time>
   </trkpt>
   <trkpt lat="51.4804140" lon="-0.2491920">
    <ele>3.7</ele>
    <time>2026-01-03T12:00:28Z</time>
   </trkpt>
   <trkpt lat="51.4803900" lon="-0.2491890">
    <ele>3.7</ele>
    <time>2026-01-03T12:00:29Z</time>
   </trkpt>
   <trkpt lat="51.4803810" lon="-0.2491910">
    <ele>3.7</ele>
    <time>2026-01-03T12:00:30Z</time>
   </trkpt>
   <trkpt lat="51.4803720" lon="-0.2491930">
    <ele>3.7</ele>
    <time>2026-01-03T12:00:31Z</time>
   </trkpt>
   <trkpt lat="51.4803600" lon="-0.2491950">
    <ele>3.7</ele>
    <time>2026-01-03T12:00:32Z</time>
   </trkpt>
   <trkpt lat="51.4803530" lon="-0.2491980">
    <ele>3.7</ele>
    <time>2026-01-03T12:00:33Z</time>
   </trkpt>
   <trkpt lat="51.4803380" lon="-0.2491960">
    <ele>3.7</ele>
    <time>2026-01-03T12:00:34Z</time>
   </trkpt>
   <trkpt lat="51.4803220" lon="-0.2491950">
    <ele>3.7</ele>
    <time>2026-01-03T12:00:35Z</time>
   </trkpt>
   <trkpt lat="51.4803060" lon="-0.2491930">
    <ele>3.7</ele>
    <time>2026-01-03T12:00:36Z</time>
   </trkpt>
   <trkpt lat="51.4802910" lon="-0.2491900">
    <ele>3.7</ele>
    <time>2026-01-03T12:00:37Z</time>
   </trkpt>
   <trkpt lat="51.4802740" lon="-0.2491870">
    <ele>3.7</ele>
    <time>2026-01-03T12:00:38Z</time>
   </trkpt>
   <trkpt lat="51.4802630" lon="-0.2491880">
    <ele>3.7</ele>
    <time>2026-01-03T12:00:39Z</time>
   </trkpt>
   <trkpt lat="51.4802450" lon="-0.2491890">
    <ele>3.7</ele>
    <time>2026-01-03T12:00:40Z</time>
   </trkpt>
   <trkpt lat="51.4802240" lon="-0.2491900">
    <ele>3.7</ele>
    <time>2026-01-03T12:00:41Z</time>
   </trkpt>
   <trkpt lat="51.4802150" lon="-0.2491880">
    <ele>3.7</ele>
    <time>2026-01-03T12:00:42Z</time>
   </trkpt>
   <trkpt lat="51.4802070" lon="-0.2491860">
    <ele>3.7</ele>
    <time>2026-01-03T12:00:43Z</time>
   </trkpt>
   <trkpt lat="51.4801910" lon="-0.2491800">
    <ele>3.7</ele>
    <time>2026-01-03T12:00:44Z</time>
   </trkpt>
   <trkpt lat="51.4801830" lon="-0.2491800">
    <ele>3.7</ele>
    <time>2026-01-03T12:00:45Z</time>
   </trkpt>
   <trkpt lat="51.4801760" lon="-0.2491780">
    <ele>3.7</ele>
    <time>2026-01-03T12:00:46Z</time>
   </trkpt>
   <trkpt lat="51.4801680" lon="-0.2491760">
    <ele>3.7</ele>
    <time>2026-01-03T12:00:47Z</time>
   </trkpt>
   <trkpt lat="51.4801540" lon="-0.2491740">
    <ele>3.7</ele>
    <time>2026-01-03T12:00:48Z</time>
   </trkpt>
   <trkpt lat="51.4801430" lon="-0.2491680">
    <ele>3.7</ele>
    <time>2026-01-03T12:00:49Z</time>
   </trkpt>
   <trkpt lat="51.4801270" lon="-0.2491600">
    <ele>3.7</ele>
    <time>2026-01-03T12:00:50Z</time>
   </trkpt>
   <trkpt lat="51.4801200" lon="-0.2491580">
    <ele>3.7</ele>
    <time>2026-01-03T12:00:51Z</time>
   </trkpt>
   <trkpt lat="51.4801120" lon="-0.2491570">
    <ele>3.7</ele>
    <time>2026-01-03T12:00:52Z</time>
   </trkpt>
   <trkpt lat="51.4801050" lon="-0.2491550">
    <ele>3.7</ele>
    <time>2026-01-03T12:00:53Z</time>
   </trkpt>
   <trkpt lat="51.4800980" lon="-0.2491530">
    <ele>3.7</ele>
    <time>2026-01-03T12:00:54Z</time>
   </trkpt>
   <trkpt lat="51.4800830" lon="-0.2491480">
    <ele>3.7</ele>
    <time>2026-01-03T12:00:55Z</time>
   </trkpt>
   <trkpt lat="51.4800700" lon="-0.2491440">
    <ele>3.7</ele>
    <time>2026-01-03T12:00:56Z</time>
   </trkpt>
   <trkpt lat="51.4800470" lon="-0.2491370">
    <ele>3.7</ele>
    <time>2026-01-03T12:00:57Z</time>
   </trkpt>
   <trkpt lat="51.4800370" lon="-0.2491360">
    <ele>3.7</ele>
    <time>2026-01-03T12:00:58Z</time>
   </trkpt>
   <trkpt lat="51.4800280" lon="-0.2491340">
    <ele>3.7</ele>
    <time>2026-01-03T12:00:59Z</time>
   </trkpt>
   <trkpt lat="51.4800040" lon="-0.2491310">
    <ele>3.7</ele>
    <time>2026-01-03T12:01:00Z</time>
   </trkpt>
   <trkpt lat="51.4799960" lon="-0.2491300">
    <ele>3.7</ele>
    <time>2026-01-03T12:01:01Z</time>
   </trkpt>
   <trkpt lat="51.4799890" lon="-0.2491300">
    <ele>3.7</ele>
    <time>2026-01-03T12:01:02Z</time>
   </trkpt>
   <trkpt lat="51.4799760" lon="-0.2491220">
    <ele>3.7</ele>
    <time>2026-01-03T12:01:03Z</time>
   </trkpt>
   <trkpt lat="51.4799600" lon="-0.2491220">
    <ele>3.7</ele>
    <time>2026-01-03T12:01:04Z</time>
   </trkpt>
   <trkpt lat="51.4799430" lon="-0.2491250">
    <ele>3.7</ele>
    <time>2026-01-03T12:01:05Z</time>
   </trkpt>
   <trkpt lat="51.4799320" lon="-0.2491270">
    <ele>3.7</ele>
    <time>2026-01-03T12:01:06Z</time>
   </trkpt>
   <trkpt lat="51.4799210" lon="-0.2491220">
    <ele>3.7</ele>
    <time>2026-01-03T12:01:07Z</time>
   </trkpt>
   <trkpt lat="51.4799030" lon="-0.2491200">
    <ele>3.7</ele>
    <time>2026-01-03T12:01:08Z</time>
   </trkpt>
   <trkpt lat="51.4798800" lon="-0.2491210">
    <ele>3.7</ele>
    <time>2026-01-03T12:01:09Z</time>
   </trkpt>
   <trkpt lat="51.4798720" lon="-0.2491200">
    <ele>3.7</ele>
    <time>2026-01-03T12:01:10Z</time>
   </trkpt>
   <trkpt lat="51.4798640" lon="-0.2491200">
    <ele>3.7</ele>
    <time>2026-01-03T12:01:11Z</time>
   </trkpt>
   <trkpt lat="51.4798490" lon="-0.2491200">
    <ele>3.7</ele>
    <time>2026-01-03T12:01:12Z</time>
   </trkpt>
   <trkpt lat="51.4798360" lon="-0.2491180">
    <ele>3.7</ele>
    <time>2026-01-03T12:01:13Z</time>
   </trkpt>
   <trkpt lat="51.4798120" lon="-0.2491110">
    <ele>3.7</ele>
    <time>2026-01-03T12:01:14Z</time>
   </trkpt>
   <trkpt lat="51.4798040" lon="-0.2491070">
    <ele>3.7</ele>
    <time>2026-01-03T12:01:15Z</time>
   </trkpt>
   <trkpt lat="51.4797960" lon="-0.2491040">
    <ele>3.7</ele>
    <time>2026-01-03T12:01:16Z</time>
   </trkpt>
   <trkpt lat="51.4797810" lon="-0.2491020">
    <ele>3.7</ele>
    <time>2026-01-03T12:01:17Z</time>
   </trkpt>
   <trkpt lat="51.4797680" lon="-0.2491020">
    <ele>3.7</ele>
    <time>2026-01-03T12:01:18Z</time>
   </trkpt>
   <trkpt lat="51.4797520" lon="-0.2491000">
    <ele>3.7</ele>
    <time>2026-01-03T12:01:19Z</time>
   </trkpt>
   <trkpt lat="51.4797410" lon="-0.2490980">
    <ele>3.7</ele>
    <time>2026-01-03T12:01:20Z</time>
   </trkpt>
   <trkpt lat="51.4797280" lon="-0.2490990">
    <ele>3.7</ele>
    <time>2026-01-03T12:01:21Z</time>
   </trkpt>
   <trkpt lat="51.4797120" lon="-0.2491000">
    <ele>3.7</ele>
    <time>2026-01-03T12:01:22Z</time>
   </trkpt>
   <trkpt lat="51.4797000" lon="-0.2491000">
    <ele>3.7</ele>
    <time>2026-01-03T12:01:23Z</time>
   </trkpt>
   <trkpt lat="51.4796920" lon="-0.2491020">
    <ele>3.7</ele>
    <time>2026-01-03T12:01:24Z</time>
   </trkpt>
   <trkpt lat="51.4796830" lon="-0.2490990">
    <ele>3.7</ele>
    <time>2026-01-03T12:01:25Z</time>
   </trkpt>
   <trkpt lat="51.4796620" lon="-0.2491020">
    <ele>3.7</ele>
    <time>2026-01-03T12:01:26Z</time>
   </trkpt>
   <trkpt lat="51.4796520" lon="-0.2491020">
    <ele>3.7</ele>
    <time>2026-01-03T12:01:27Z</time>
   </trkpt>
   <trkpt lat="51.4796410" lon="-0.2491030">
    <ele>3.7</ele>
    <time>2026-01-03T12:01:28Z</time>
   </trkpt>
   <trkpt lat="51.4796240" lon="-0.2491030">
    <ele>3.7</ele>
    <time>2026-01-03T12:01:29Z</time>
   </trkpt>
   <trkpt lat="51.4796180" lon="-0.2491060">
    <ele>3.7</ele>
    <time>2026-01-03T12:01:30Z</time>
   </trkpt>
   <trkpt lat="51.4796070" lon="-0.2491010">
    <ele>3.7</ele>
    <time>2026-01-03T12:01:31Z</time>
   </trkpt>
   <trkpt lat="51.4795860" lon="-0.2490970">
    <ele>3.7</ele>
    <time>2026-01-03T12:01:32Z</time>
   </trkpt>
   <trkpt lat="51.4795770" lon="-0.2490980">
    <ele>3.7</ele>
    <time>2026-01-03T12:01:33Z</time>
   </trkpt>
   <trkpt lat="51.4795680" lon="-0.2490990">
    <ele>3.7</ele>
    <time>2026-01-03T12:01:34Z</time>
   </trkpt>
   <trkpt lat="51.4795540" lon="-0.2491010">
    <ele>3.7</ele>
    <time>2026-01-03T12:01:35Z</time>
   </trkpt>
   <trkpt lat="51.4795410" lon="-0.2491000">
    <ele>3.7</ele>
    <time>2026-01-03T12:01:36Z</time>
   </trkpt>
   <trkpt lat="51.4795260" lon="-0.2491000">
    <ele>3.7</ele>
    <time>2026-01-03T12:01:37Z</time>
   </trkpt>
   <trkpt lat="51.4795120" lon="-0.2491000">
    <ele>3.7</ele>
    <time>2026-01-03T12:01:38Z</time>
   </trkpt>
   <trkpt lat="51.4794940" lon="-0.2490980">
    <ele>3.7</ele>
    <time>2026-01-03T12:01:39Z</time>
   </trkpt>
   <trkpt lat="51.4794840" lon="-0.2490980">
    <ele>3.7</ele>
    <time>2026-01-03T12:01:40Z</time>
   </trkpt>
   <trkpt lat="51.4794750" lon="-0.2490980">
    <ele>3.7</ele>
    <time>2026-01-03T12:01:41Z</time>
   </trkpt>
   <trkpt lat="51.4794640" lon="-0.2490950">
    <ele>3.7</ele>
    <time>2026-01-03T12:01:42Z</time>
   </trkpt>
   <trkpt lat="51.4794500" lon="-0.2490960">
    <ele>3.7</ele>
    <time>2026-01-03T12:01:43Z</time>
   </trkpt>
   <trkpt lat="51.4794390" lon="-0.2490960">
    <ele>3.7</ele>
    <time>2026-01-03T12:01:44Z</time>
   </trkpt>
   <trkpt lat="51.4794210" lon="-0.2491010">
    <ele>3.8</ele>
    <time>2026-01-03T12:01:45Z</time>
   </trkpt>
   <trkpt lat="51.4794120" lon="-0.2491050">
    <ele>3.8</ele>
    <time>2026-01-03T12:01:46Z</time>
   </trkpt>
   <trkpt lat="51.4794030" lon="-0.2491070">
    <ele>3.8</ele>
    <time>2026-01-03T12:01:47Z</time>
   </trkpt>
   <trkpt lat="51.4793910" lon="-0.2491030">
    <ele>3.8</ele>
    <time>2026-01-03T12:01:48Z</time>
   </trkpt>
   <trkpt lat="51.4793830" lon="-0.2491110">
    <ele>3.8</ele>
    <time>2026-01-03T12:01:49Z</time>
   </trkpt>
   <trkpt lat="51.4793680" lon="-0.2491080">
    <ele>3.8</ele>
    <time>2026-01-03T12:01:50Z</time>
   </trkpt>
   <trkpt lat="51.4793520" lon="-0.2491070">
    <ele>3.8</ele>
    <time>2026-01-03T12:01:51Z</time>
   </trkpt>
   <trkpt lat="51.4793380" lon="-0.2491060">
    <ele>3.8</ele>
    <time>2026-01-03T12:01:52Z</time>
   </trkpt>
   <trkpt lat="51.4793230" lon="-0.2491070">
    <ele>3.8</ele>
    <time>2026-01-03T12:01:53Z</time>
   </trkpt>
   <trkpt lat="51.4793140" lon="-0.2491060">
    <ele>3.8</ele>
    <time>2026-01-03T12:01:54Z</time>
   </trkpt>
   <trkpt lat="51.4793040" lon="-0.2491040">
    <ele>3.8</ele>
    <time>2026-01-03T12:01:55Z</time>
   </trkpt>
   <trkpt lat="51.4792960" lon="-0.2491050">
    <ele>3.8</ele>
    <time>2026-01-03T12:01:56Z</time>
   </trkpt>
   <trkpt lat="51.4792720" lon="-0.2491070">
    <ele>3.8</ele>
    <time>2026-01-03T12:01:57Z</time>
   </trkpt>
   <trkpt lat="51.4792640" lon="-0.2491100">
    <ele>3.8</ele>
    <time>2026-01-03T12:01:58Z</time>
   </trkpt>
   <trkpt lat="51.4792570" lon="-0.2491120">
    <ele>3.8</ele>
    <time>2026-01-03T12:01:59Z</time>
   </trkpt>
   <trkpt lat="51.4792470" lon="-0.2491130">
    <ele>3.8</ele>
    <time>2026-01-03T12:02:00Z</time>
   </trkpt>
   <trkpt lat="51.4792280" lon="-0.2491090">
    <ele>3.8</ele>
    <time>2026-01-03T12:02:01Z</time>
   </trkpt>
   <trkpt lat="51.4792050" lon="-0.2491080">
    <ele>3.8</ele>
    <time>2026-01-03T12:02:02Z</time>
   </trkpt>
   <trkpt lat="51.4791960" lon="-0.2491110">
    <ele>3.8</ele>
    <time>2026-01-03T12:02:03Z</time>
   </trkpt>
   <trkpt lat="51.4791860" lon="-0.2491130">
    <ele>3.8</ele>
    <time>2026-01-03T12:02:04Z</time>
   </trkpt>
   <trkpt lat="51.4791680" lon="-0.2491170">
    <ele>3.8</ele>
    <time>2026-01-03T12:02:05Z</time>
   </trkpt>
   <trkpt lat="51.4791580" lon="-0.2491170">
    <ele>3.8</ele>
    <time>2026-01-03T12:02:06Z</time>
   </trkpt>
   <trkpt lat="51.4791490" lon="-0.2491160">
    <ele>3.8</ele>
    <time>2026-01-03T12:02:07Z</time>
   </trkpt>
   <trkpt lat="51.4791340" lon="-0.2491170">
    <ele>3.8</ele>
    <time>2026-01-03T12:02:08Z</time>
   </trkpt>
   <trkpt lat="51.4791210" lon="-0.2491150">
    <ele>3.8</ele>
    <time>2026-01-03T12:02:09Z</time>
   </trkpt>
   <trkpt lat="51.4791100" lon="-0.2491190">
    <ele>3.8</ele>
    <time>2026-01-03T12:02:10Z</time>
   </trkpt>
   <trkpt lat="51.4791000" lon="-0.2491200">
    <ele>3.8</ele>
    <time>2026-01-03T12:02:11Z</time>
   </trkpt>
   <trkpt lat="51.4790880" lon="-0.2491190">
    <ele>3.8</ele>
    <time>2026-01-03T12:02:12Z</time>
   </trkpt>
   <trkpt lat="51.4790730" lon="-0.2491200">
    <ele>3.8</ele>
    <time>2026-01-03T12:02:13Z</time>
   </trkpt>
   <trkpt lat="51.4790550" lon="-0.2491220">
    <ele>3.8</ele>
    <time>2026-01-03T12:02:14Z</time>
   </trkpt>
   <trkpt lat="51.4790430" lon="-0.2491320">
    <ele>3.8</ele>
    <time>2026-01-03T12:02:15Z</time>
   </trkpt>
   <trkpt lat="51.4790290" lon="-0.2491330">
    <ele>3.8</ele>
    <time>2026-01-03T12:02:16Z</time>
   </trkpt>
   <trkpt lat="51.4790100" lon="-0.2491380">
    <ele>3.8</ele>
    <time>2026-01-03T12:02:17Z</time>
   </trkpt>
   <trkpt lat="51.4790000" lon="-0.2491370">
    <ele>3.8</ele>
    <time>2026-01-03T12:02:18Z</time>
   </trkpt>
   <trkpt lat="51.4789900" lon="-0.2491370">
    <ele>3.8</ele>
    <time>2026-01-03T12:02:19Z</time>
   </trkpt>
   <trkpt lat="51.4789770" lon="-0.2491360">
    <ele>3.8</ele>
    <time>2026-01-03T12:02:20Z</time>
   </trkpt>
   <trkpt lat="51.4789620" lon="-0.2491410">
    <ele>3.9</ele>
    <time>2026-01-03T12:02:21Z</time>
   </trkpt>
   <trkpt lat="51.4789510" lon="-0.2491410">
    <ele>3.9</ele>
    <time>2026-01-03T12:02:22Z</time>
   </trkpt>
   <trkpt lat="51.4789400" lon="-0.2491430">
    <ele>3.9</ele>
    <time>2026-01-03T12:02:23Z</time>
   </trkpt>
   <trkpt lat="51.4789260" lon="-0.2491460">
    <ele>3.9</ele>
    <time>2026-01-03T12:02:24Z</time>
   </trkpt>
   <trkpt lat="51.4789050" lon="-0.2491480">
    <ele>3.9</ele>
    <time>2026-01-03T12:02:25Z</time>
   </trkpt>
   <trkpt lat="51.4788950" lon="-0.2491490">
    <ele>3.9</ele>
    <time>2026-01-03T12:02:26Z</time>
   </trkpt>
   <trkpt lat="51.4788840" lon="-0.2491490">
    <ele>3.9</ele>
    <time>2026-01-03T12:02:27Z</time>
   </trkpt>
   <trkpt lat="51.4788780" lon="-0.2491490">
    <ele>3.9</ele>
    <time>2026-01-03T12:02:28Z</time>
   </trkpt>
   <trkpt lat="51.4788640" lon="-0.2491510">
    <ele>3.9</ele>
    <time>2026-01-03T12:02:29Z</time>
   </trkpt>
   <trkpt lat="51.4788500" lon="-0.2491500">
    <ele>3.9</ele>
    <time>2026-01-03T12:02:30Z</time>
   </trkpt>
   <trkpt lat="51.4788360" lon="-0.2491500">
    <ele>3.9</ele>
    <time>2026-01-03T12:02:31Z</time>
   </trkpt>
   <trkpt lat="51.4788230" lon="-0.2491450">
    <ele>3.9</ele>
    <time>2026-01-03T12:02:32Z</time>
   </trkpt>
   <trkpt lat="51.4788050" lon="-0.2491470">
    <ele>3.9</ele>
    <time>2026-01-03T12:02:33Z</time>
   </trkpt>
   <trkpt lat="51.4787960" lon="-0.2491480">
    <ele>3.9</ele>
    <time>2026-01-03T12:02:34Z</time>
   </trkpt>
   <trkpt lat="51.4787740" lon="-0.2491500">
    <ele>3.9</ele>
    <time>2026-01-03T12:02:35Z</time>
   </trkpt>
   <trkpt lat="51.4787670" lon="-0.2491490">
    <ele>3.9</ele>
    <time>2026-01-03T12:02:36Z</time>
   </trkpt>
   <trkpt lat="51.4787590" lon="-0.2491470">
    <ele>4.0</ele>
    <time>2026-01-03T12:02:37Z</time>
   </trkpt>
   <trkpt lat="51.4787490" lon="-0.2491410">
    <ele>4.0</ele>
    <time>2026-01-03T12:02:38Z</time>
   </trkpt>
   <trkpt lat="51.4787360" lon="-0.2491390">
    <ele>4.0</ele>
    <time>2026-01-03T12:02:39Z</time>
   </trkpt>
   <trkpt lat="51.4787270" lon="-0.2491310">
    <ele>4.0</ele>
    <time>2026-01-03T12:02:40Z</time>
   </trkpt>
   <trkpt lat="51.4787170" lon="-0.2491300">
    <ele>4.0</ele>
    <time>2026-01-03T12:02:41Z</time>
   </trkpt>
   <trkpt lat="51.4787050" lon="-0.2491310">
    <ele>4.0</ele>
    <time>2026-01-03T12:02:42Z</time>
   </trkpt>
   <trkpt lat="51.4786940" lon="-0.2491320">
    <ele>4.0</ele>
    <time>2026-01-03T12:02:43Z</time>
   </trkpt>
   <trkpt lat="51.4786820" lon="-0.2491300">
    <ele>4.0</ele>
    <time>2026-01-03T12:02:44Z</time>
   </trkpt>
   <trkpt lat="51.4786720" lon="-0.2491290">
    <ele>4.0</ele>
    <time>2026-01-03T12:02:45Z</time>
   </trkpt>
   <trkpt lat="51.4786600" lon="-0.2491250">
    <ele>4.0</ele>
    <time>2026-01-03T12:02:46Z</time>
   </trkpt>
   <trkpt lat="51.4786440" lon="-0.2491240">
    <ele>4.0</ele>
    <time>2026-01-03T12:02:47Z</time>
   </trkpt>
   <trkpt lat="51.4786290" lon="-0.2491220">
    <ele>4.0</ele>
    <time>2026-01-03T12:02:48Z</time>
   </trkpt>
   <trkpt lat="51.4786120" lon="-0.2491290">
    <ele>4.0</ele>
    <time>2026-01-03T12:02:49Z</time>
   </trkpt>
   <trkpt lat="51.4786040" lon="-0.2491310">
    <ele>4.0</ele>
    <time>2026-01-03T12:02:50Z</time>
   </trkpt>
   <trkpt lat="51.4785960" lon="-0.2491340">
    <ele>4.0</ele>
    <time>2026-01-03T12:02:51Z</time>
   </trkpt>
   <trkpt lat="51.4785880" lon="-0.2491360">
    <ele>4.0</ele>
    <time>2026-01-03T12:02:52Z</time>
   </trkpt>
   <trkpt lat="51.4785790" lon="-0.2491400">
    <ele>4.0</ele>
    <time>2026-01-03T12:02:53Z</time>
   </trkpt>
   <trkpt lat="51.4785600" lon="-0.2491400">
    <ele>4.0</ele>
    <time>2026-01-03T12:02:54Z</time>
   </trkpt>
   <trkpt lat="51.4785400" lon="-0.2491490">
    <ele>4.0</ele>
    <time>2026-01-03T12:02:55Z</time>
   </trkpt>
   <trkpt lat="51.4785330" lon="-0.2491510">
    <ele>4.0</ele>
    <time>2026-01-03T12:02:56Z</time>
   </trkpt>
   <trkpt lat="51.4785250" lon="-0.2491530">
    <ele>4.0</ele>
    <time>2026-01-03T12:02:57Z</time>
   </trkpt>
   <trkpt lat="51.4785020" lon="-0.2491540">
    <ele>4.0</ele>
    <time>2026-01-03T12:02:58Z</time>
   </trkpt>
   <trkpt lat="51.4784920" lon="-0.2491560">
    <ele>4.0</ele>
    <time>2026-01-03T12:02:59Z</time>
   </trkpt>
   <trkpt lat="51.4784820" lon="-0.2491580">
    <ele>4.0</ele>
    <time>2026-01-03T12:03:00Z</time>
   </trkpt>
   <trkpt lat="51.4784670" lon="-0.2491650">
    <ele>4.0</ele>
    <time>2026-01-03T12:03:01Z</time>
   </trkpt>
   <trkpt lat="51.4784530" lon="-0.2491710">
    <ele>4.0</ele>
    <time>2026-01-03T12:03:02Z</time>
   </trkpt>
   <trkpt lat="51.4784360" lon="-0.2491750">
    <ele>4.0</ele>
    <time>2026-01-03T12:03:03Z</time>
   </trkpt>
   <trkpt lat="51.4784220" lon="-0.2491770">
    <ele>4.0</ele>
    <time>2026-01-03T12:03:04Z</time>
   </trkpt>
   <trkpt lat="51.4784060" lon="-0.2491790">
    <ele>4.0</ele>
    <time>2026-01-03T12:03:05Z</time>
   </trkpt>
   <trkpt lat="51.4783980" lon="-0.2491780">
    <ele>4.0</ele>
    <time>2026-01-03T12:03:06Z</time>
   </trkpt>
   <trkpt lat="51.4783880" lon="-0.2491830">
    <ele>4.0</ele>
    <time>2026-01-03T12:03:07Z</time>
   </trkpt>
   <trkpt lat="51.4783670" lon="-0.2491860">
    <ele>4.0</ele>
    <time>2026-01-03T12:03:08Z</time>
   </trkpt>
   <trkpt lat="51.4783580" lon="-0.2491870">
    <ele>4.0</ele>
    <time>2026-01-03T12:03:09Z</time>
   </trkpt>
   <trkpt lat="51.4783480" lon="-0.2491870">
    <ele>4.0</ele>
    <time>2026-01-03T12:03:10Z</time>
   </trkpt>
   <trkpt lat="51.4783270" lon="-0.2491880">
    <ele>4.0</ele>
    <time>2026-01-03T12:03:11Z</time>
   </trkpt>
   <trkpt lat="51.4783180" lon="-0.2491880">
    <ele>4.0</ele>
    <time>2026-01-03T12:03:12Z</time>
   </trkpt>
   <trkpt lat="51.4783080" lon="-0.2491890">
    <ele>4.0</ele>
    <time>2026-01-03T12:03:13Z</time>
   </trkpt>
   <trkpt lat="51.4782990" lon="-0.2491890">
    <ele>4.0</ele>
    <time>2026-01-03T12:03:14Z</time>
   </trkpt>
   <trkpt lat="51.4783020" lon="-0.2491950">
    <ele>4.0</ele>
    <time>2026-01-03T12:03:15Z</time>
   </trkpt>
   <trkpt lat="51.4782820" lon="-0.2492040">
    <ele>3.9</ele>
    <time>2026-01-03T12:03:16Z</time>
   </trkpt>
   <trkpt lat="51.4782670" lon="-0.2492060">
    <ele>3.9</ele>
    <time>2026-01-03T12:03:17Z</time>
   </trkpt>
   <trkpt lat="51.4782550" lon="-0.2492010">
    <ele>3.9</ele>
    <time>2026-01-03T12:03:18Z</time>
   </trkpt>
   <trkpt lat="51.4782400" lon="-0.2491990">
    <ele>3.9</ele>
    <time>2026-01-03T12:03:19Z</time>
   </trkpt>
   <trkpt lat="51.4782300" lon="-0.2492000">
    <ele>3.9</ele>
    <time>2026-01-03T12:03:20Z</time>
   </trkpt>
   <trkpt lat="51.4782190" lon="-0.2491970">
    <ele>3.9</ele>
    <time>2026-01-03T12:03:21Z</time>
   </trkpt>
   <trkpt lat="51.4781980" lon="-0.2492000">
    <ele>3.9</ele>
    <time>2026-01-03T12:03:22Z</time>
   </trkpt>
   <trkpt lat="51.4781900" lon="-0.2492030">
    <ele>3.9</ele>
    <time>2026-01-03T12:03:23Z</time>
   </trkpt>
   <trkpt lat="51.4781820" lon="-0.2492050">
    <ele>3.9</ele>
    <time>2026-01-03T12:03:24Z</time>
   </trkpt>
   <trkpt lat="51.4781630" lon="-0.2492120">
    <ele>3.9</ele>
    <time>2026-01-03T12:03:25Z</time>
   </trkpt>
   <trkpt lat="51.4781540" lon="-0.2492150">
    <ele>3.9</ele>
    <time>2026-01-03T12:03:26Z</time>
   </trkpt>
   <trkpt lat="51.4781440" lon="-0.2492180">
    <ele>3.9</ele>
    <time>2026-01-03T12:03:27Z</time>
   </trkpt>
   <trkpt lat="51.4781280" lon="-0.2492180">
    <ele>3.9</ele>
    <time>2026-01-03T12:03:28Z</time>
   </trkpt>
   <trkpt lat="51.4781190" lon="-0.2492180">
    <ele>3.9</ele>
    <time>2026-01-03T12:03:29Z</time>
   </trkpt>
   <trkpt lat="51.4781110" lon="-0.2492170">
    <ele>3.9</ele>
    <time>2026-01-03T12:03:30Z</time>
   </trkpt>
   <trkpt lat="51.4781020" lon="-0.2492170">
    <ele>3.9</ele>
    <time>2026-01-03T12:03:31Z</time>
   </trkpt>
   <trkpt lat="51.4780810" lon="-0.2492200">
    <ele>3.9</ele>
    <time>2026-01-03T12:03:32Z</time>
   </trkpt>
   <trkpt lat="51.4780730" lon="-0.2492190">
    <ele>3.9</ele>
    <time>2026-01-03T12:03:33Z</time>
   </trkpt>
   <trkpt lat="51.4780640" lon="-0.2492190">
    <ele>3.9</ele>
    <time>2026-01-03T12:03:34Z</time>
   </trkpt>
   <trkpt lat="51.4780520" lon="-0.2492200">
    <ele>3.9</ele>
    <time>2026-01-03T12:03:35Z</time>
   </trkpt>
   <trkpt lat="51.4780360" lon="-0.2492250">
    <ele>3.9</ele>
    <time>2026-01-03T12:03:36Z</time>
   </trkpt>
   <trkpt lat="51.4780210" lon="-0.2492380">
    <ele>3.9</ele>
    <time>2026-01-03T12:03:37Z</time>
   </trkpt>
   <trkpt lat="51.4780080" lon="-0.2492400">
    <ele>3.9</ele>
    <time>2026-01-03T12:03:38Z</time>
   </trkpt>
   <trkpt lat="51.4779980" lon="-0.2492450">
    <ele>3.9</ele>
    <time>2026-01-03T12:03:39Z</time>
   </trkpt>
   <trkpt lat="51.4779910" lon="-0.2492510">
    <ele>3.9</ele>
    <time>2026-01-03T12:03:40Z</time>
   </trkpt>
   <trkpt lat="51.4779780" lon="-0.2492530">
    <ele>3.9</ele>
    <time>2026-01-03T12:03:41Z</time>
   </trkpt>
   <trkpt lat="51.4779570" lon="-0.2492570">
    <ele>3.9</ele>
    <time>2026-01-03T12:03:42Z</time>
   </trkpt>
   <trkpt lat="51.4779470" lon="-0.2492580">
    <ele>3.9</ele>
    <time>2026-01-03T12:03:43Z</time>
   </trkpt>
   <trkpt lat="51.4779370" lon="-0.2492600">
    <ele>3.9</ele>
    <time>2026-01-03T12:03:44Z</time>
   </trkpt>
   <trkpt lat="51.4779260" lon="-0.2492610">
    <ele>3.9</ele>
    <time>2026-01-03T12:03:45Z</time>
   </trkpt>
   <trkpt lat="51.4779160" lon="-0.2492630">
    <ele>3.8</ele>
    <time>2026-01-03T12:03:46Z</time>
   </trkpt>
   <trkpt lat="51.4779010" lon="-0.2492660">
    <ele>3.8</ele>
    <time>2026-01-03T12:03:47Z</time>
   </trkpt>
   <trkpt lat="51.4778890" lon="-0.2492720">
    <ele>3.8</ele>
    <time>2026-01-03T12:03:48Z</time>
   </trkpt>
   <trkpt lat="51.4778740" lon="-0.2492740">
    <ele>3.8</ele>
    <time>2026-01-03T12:03:49Z</time>
   </trkpt>
   <trkpt lat="51.4778560" lon="-0.2492730">
    <ele>3.8</ele>
    <time>2026-01-03T12:03:50Z</time>
   </trkpt>
   <trkpt lat="51.4778470" lon="-0.2492720">
    <ele>3.8</ele>
    <time>2026-01-03T12:03:51Z</time>
   </trkpt>
   <trkpt lat="51.4778250" lon="-0.2492760">
    <ele>3.8</ele>
    <time>2026-01-03T12:03:52Z</time>
   </trkpt>
   <trkpt lat="51.4778170" lon="-0.2492770">
    <ele>3.8</ele>
    <time>2026-01-03T12:03:53Z</time>
   </trkpt>
   <trkpt lat="51.4778080" lon="-0.2492790">
    <ele>3.8</ele>
    <time>2026-01-03T12:03:54Z</time>
   </trkpt>
   <trkpt lat="51.4777860" lon="-0.2492770">
    <ele>3.8</ele>
    <time>2026-01-03T12:03:55Z</time>
   </trkpt>
   <trkpt lat="51.4777780" lon="-0.2492750">
    <ele>3.8</ele>
    <time>2026-01-03T12:03:56Z</time>
   </trkpt>
   <trkpt lat="51.4777690" lon="-0.2492740">
    <ele>3.8</ele>
    <time>2026-01-03T12:03:57Z</time>
   </trkpt>
   <trkpt lat="51.4777500" lon="-0.2492810">
    <ele>3.8</ele>
    <time>2026-01-03T12:03:58Z</time>
   </trkpt>
   <trkpt lat="51.4777410" lon="-0.2492850">
    <ele>3.8</ele>
    <time>2026-01-03T12:03:59Z</time>
   </trkpt>
   <trkpt lat="51.4777310" lon="-0.2492900">
    <ele>3.8</ele>
    <time>2026-01-03T12:04:00Z</time>
   </trkpt>
   <trkpt lat="51.4777200" lon="-0.2492930">
    <ele>3.8</ele>
    <time>2026-01-03T12:04:01Z</time>
   </trkpt>
   <trkpt lat="51.4777070" lon="-0.2492920">
    <ele>3.8</ele>
    <time>2026-01-03T12:04:02Z</time>
   </trkpt>
   <trkpt lat="51.4776970" lon="-0.2492920">
    <ele>3.8</ele>
    <time>2026-01-03T12:04:03Z</time>
   </trkpt>
   <trkpt lat="51.4776790" lon="-0.2492900">
    <ele>3.8</ele>
    <time>2026-01-03T12:04:04Z</time>
   </trkpt>
   <trkpt lat="51.4776680" lon="-0.2492910">
    <ele>3.9</ele>
    <time>2026-01-03T12:04:05Z</time>
   </trkpt>
   <trkpt lat="51.4776480" lon="-0.2492950">
    <ele>3.9</ele>
    <time>2026-01-03T12:04:06Z</time>
   </trkpt>
   <trkpt lat="51.4776360" lon="-0.2492960">
    <ele>3.9</ele>
    <time>2026-01-03T12:04:07Z</time>
   </trkpt>
   <trkpt lat="51.4776250" lon="-0.2492980">
    <ele>3.9</ele>
    <time>2026-01-03T12:04:08Z</time>
   </trkpt>
   <trkpt lat="51.4776200" lon="-0.2492980">
    <ele>3.9</ele>
    <time>2026-01-03T12:04:09Z</time>
   </trkpt>
   <trkpt lat="51.4776100" lon="-0.2493010">
    <ele>3.9</ele>
    <time>2026-01-03T12:04:10Z</time>
   </trkpt>
   <trkpt lat="51.4775920" lon="-0.2493090">
    <ele>3.9</ele>
    <time>2026-01-03T12:04:11Z</time>
   </trkpt>
   <trkpt lat="51.4775720" lon="-0.2493150">
    <ele>3.9</ele>
    <time>2026-01-03T12:04:12Z</time>
   </trkpt>
   <trkpt lat="51.4775640" lon="-0.2493140">
    <ele>3.9</ele>
    <time>2026-01-03T12:04:13Z</time>
   </trkpt>
   <trkpt lat="51.4775560" lon="-0.2493140">
    <ele>3.9</ele>
    <time>2026-01-03T12:04:14Z</time>
   </trkpt>
   <trkpt lat="51.4775370" lon="-0.2493140">
    <ele>3.9</ele>
    <time>2026-01-03T12:04:15Z</time>
   </trkpt>
   <trkpt lat="51.4775260" lon="-0.2493160">
    <ele>3.9</ele>
    <time>2026-01-03T12:04:16Z</time>
   </trkpt>
   <trkpt lat="51.4775160" lon="-0.2493190">
    <ele>3.9</ele>
    <time>2026-01-03T12:04:17Z</time>
   </trkpt>
   <trkpt lat="51.4775030" lon="-0.2493210">
    <ele>4.0</ele>
    <time>2026-01-03T12:04:18Z</time>
   </trkpt>
   <trkpt lat="51.4774870" lon="-0.2493200">
    <ele>4.0</ele>
    <time>2026-01-03T12:04:19Z</time>
   </trkpt>
   <trkpt lat="51.4774690" lon="-0.2493340">
    <ele>4.0</ele>
    <time>2026-01-03T12:04:20Z</time>
   </trkpt>
   <trkpt lat="51.4774560" lon="-0.2493380">
    <ele>4.0</ele>
    <time>2026-01-03T12:04:21Z</time>
   </trkpt>
   <trkpt lat="51.4774350" lon="-0.2493360">
    <ele>4.0</ele>
    <time>2026-01-03T12:04:22Z</time>
   </trkpt>
   <trkpt lat="51.4774260" lon="-0.2493350">
    <ele>4.0</ele>
    <time>2026-01-03T12:04:23Z</time>
   </trkpt>
   <trkpt lat="51.4774180" lon="-0.2493340">
    <ele>4.0</ele>
    <time>2026-01-03T12:04:24Z</time>
   </trkpt>
   <trkpt lat="51.4773960" lon="-0.2493420">
    <ele>4.0</ele>
    <time>2026-01-03T12:04:25Z</time>
   </trkpt>
   <trkpt lat="51.4773870" lon="-0.2493440">
    <ele>4.0</ele>
    <time>2026-01-03T12:04:26Z</time>
   </trkpt>
   <trkpt lat="51.4773780" lon="-0.2493470">
    <ele>4.0</ele>
    <time>2026-01-03T12:04:27Z</time>
   </trkpt>
   <trkpt lat="51.4773570" lon="-0.2493440">
    <ele>4.1</ele>
    <time>2026-01-03T12:04:28Z</time>
   </trkpt>
   <trkpt lat="51.4773480" lon="-0.2493430">
    <ele>4.1</ele>
    <time>2026-01-03T12:04:29Z</time>
   </trkpt>
   <trkpt lat="51.4773390" lon="-0.2493430">
    <ele>4.1</ele>
    <time>2026-01-03T12:04:30Z</time>
   </trkpt>
   <trkpt lat="51.4773260" lon="-0.2493450">
    <ele>4.1</ele>
    <time>2026-01-03T12:04:31Z</time>
   </trkpt>
   <trkpt lat="51.4773150" lon="-0.2493450">
    <ele>4.1</ele>
    <time>2026-01-03T12:04:32Z</time>
   </trkpt>
   <trkpt lat="51.4773100" lon="-0.2493460">
    <ele>4.1</ele>
    <time>2026-01-03T12:04:33Z</time>
   </trkpt>
   <trkpt lat="51.4773060" lon="-0.2493450">
    <ele>4.1</ele>
    <time>2026-01-03T12:04:34Z</time>
   </trkpt>
   <trkpt lat="51.4772920" lon="-0.2493500">
    <ele>4.1</ele>
    <time>2026-01-03T12:04:35Z</time>
   </trkpt>
   <trkpt lat="51.4772760" lon="-0.2493530">
    <ele>4.1</ele>
    <time>2026-01-03T12:04:36Z</time>
   </trkpt>
   <trkpt lat="51.4772640" lon="-0.2493560">
    <ele>4.2</ele>
    <time>2026-01-03T12:04:37Z</time>
   </trkpt>
   <trkpt lat="51.4772540" lon="-0.2493610">
    <ele>4.2</ele>
    <time>2026-01-03T12:04:38Z</time>
   </trkpt>
   <trkpt lat="51.4772420" lon="-0.2493640">
    <ele>4.2</ele>
    <time>2026-01-03T12:04:39Z</time>
   </trkpt>
   <trkpt lat="51.4772230" lon="-0.2493720">
    <ele>4.2</ele>
    <time>2026-01-03T12:04:40Z</time>
   </trkpt>
   <trkpt lat="51.4772140" lon="-0.2493750">
    <ele>4.2</ele>
    <time>2026-01-03T12:04:41Z</time>
   </trkpt>
   <trkpt lat="51.4772060" lon="-0.2493780">
    <ele>4.2</ele>
    <time>2026-01-03T12:04:42Z</time>
   </trkpt>
   <trkpt lat="51.4771810" lon="-0.2493860">
    <ele>4.3</ele>
    <time>2026-01-03T12:04:43Z</time>
   </trkpt>
   <trkpt lat="51.4771720" lon="-0.2493860">
    <ele>4.3</ele>
    <time>2026-01-03T12:04:44Z</time>
   </trkpt>
   <trkpt lat="51.4771630" lon="-0.2493870">
    <ele>4.3</ele>
    <time>2026-01-03T12:04:45Z</time>
   </trkpt>
   <trkpt lat="51.4771470" lon="-0.2493930">
    <ele>4.3</ele>
    <time>2026-01-03T12:04:46Z</time>
   </trkpt>
   <trkpt lat="51.4771340" lon="-0.2493990">
    <ele>4.4</ele>
    <time>2026-01-03T12:04:47Z</time>
   </trkpt>
   <trkpt lat="51.4771130" lon="-0.2493960">
    <ele>4.4</ele>
    <time>2026-01-03T12:04:48Z</time>
   </trkpt>
   <trkpt lat="51.4771040" lon="-0.2493970">
    <ele>4.4</ele>
    <time>2026-01-03T12:04:49Z</time>
   </trkpt>
   <trkpt lat="51.4770940" lon="-0.2493980">
    <ele>4.4</ele>
    <time>2026-01-03T12:04:50Z</time>
   </trkpt>
   <trkpt lat="51.4770840" lon="-0.2494020">
    <ele>4.5</ele>
    <time>2026-01-03T12:04:51Z</time>
   </trkpt>
   <trkpt lat="51.4770740" lon="-0.2494060">
    <ele>4.5</ele>
    <time>2026-01-03T12:04:52Z</time>
   </trkpt>
   <trkpt lat="51.4770650" lon="-0.2494070">
    <ele>4.5</ele>
    <time>2026-01-03T12:04:53Z</time>
   </trkpt>
   <trkpt lat="51.4770500" lon="-0.2494060">
    <ele>4.5</ele>
    <time>2026-01-03T12:04:54Z</time>
   </trkpt>
   <trkpt lat="51.4770360" lon="-0.2494090">
    <ele>4.6</ele>
    <time>2026-01-03T12:04:55Z</time>
   </trkpt>
   <trkpt lat="51.4770170" lon="-0.2494140">
    <ele>4.6</ele>
    <time>2026-01-03T12:04:56Z</time>
   </trkpt>
   <trkpt lat="51.4770070" lon="-0.2494190">
    <ele>4.6</ele>
    <time>2026-01-03T12:04:57Z</time>
   </trkpt>
   <trkpt lat="51.4769970" lon="-0.2494240">
    <ele>4.6</ele>
    <time>2026-01-03T12:04:58Z</time>
   </trkpt>
   <trkpt lat="51.4769880" lon="-0.2494270">
    <ele>4.6</ele>
    <time>2026-01-03T12:04:59Z</time>
   </trkpt>
   <trkpt lat="51.4769790" lon="-0.2494320">
    <ele>4.6</ele>
    <time>2026-01-03T12:05:00Z</time>
   </trkpt>
   <trkpt lat="51.4769580" lon="-0.2494290">
    <ele>4.7</ele>
    <time>2026-01-03T12:05:01Z</time>
   </trkpt>
   <trkpt lat="51.4769500" lon="-0.2494240">
    <ele>4.7</ele>
    <time>2026-01-03T12:05:02Z</time>
   </trkpt>
   <trkpt lat="51.4769430" lon="-0.2494190">
    <ele>4.7</ele>
    <time>2026-01-03T12:05:03Z</time>
   </trkpt>
   <trkpt lat="51.4769200" lon="-0.2494330">
    <ele>4.7</ele>
    <time>2026-01-03T12:05:04Z</time>
   </trkpt>
   <trkpt lat="51.4769110" lon="-0.2494380">
    <ele>4.7</ele>
    <time>2026-01-03T12:05:05Z</time>
   </trkpt>
   <trkpt lat="51.4769030" lon="-0.2494420">
    <ele>4.7</ele>
    <time>2026-01-03T12:05:06Z</time>
   </trkpt>
   <trkpt lat="51.4768830" lon="-0.2494390">
    <ele>4.7</ele>
    <time>2026-01-03T12:05:07Z</time>
   </trkpt>
   <trkpt lat="51.4768730" lon="-0.2494380">
    <ele>4.6</ele>
    <time>2026-01-03T12:05:08Z</time>
   </trkpt>
   <trkpt lat="51.4768640" lon="-0.2494380">
    <ele>4.6</ele>
    <time>2026-01-03T12:05:09Z</time>
   </trkpt>
   <trkpt lat="51.4768540" lon="-0.2494460">
    <ele>4.6</ele>
    <time>2026-01-03T12:05:10Z</time>
   </trkpt>
   <trkpt lat="51.4768380" lon="-0.2494520">
    <ele>4.6</ele>
    <time>2026-01-03T12:05:11Z</time>
   </trkpt>
   <trkpt lat="51.4768310" lon="-0.2494510">
    <ele>4.6</ele>
    <time>2026-01-03T12:05:12Z</time>
   </trkpt>
   <trkpt lat="51.4768170" lon="-0.2494520">
    <ele>4.6</ele>
    <time>2026-01-03T12:05:13Z</time>
   </trkpt>
   <trkpt lat="51.4768040" lon="-0.2494520">
    <ele>4.6</ele>
    <time>2026-01-03T12:05:14Z</time>
   </trkpt>
   <trkpt lat="51.4767810" lon="-0.2494550">
    <ele>4.5</ele>
    <time>2026-01-03T12:05:15Z</time>
   </trkpt>
   <trkpt lat="51.4767720" lon="-0.2494590">
    <ele>4.5</ele>
    <time>2026-01-03T12:05:16Z</time>
   </trkpt>
   <trkpt lat="51.4767630" lon="-0.2494630">
    <ele>4.5</ele>
    <time>2026-01-03T12:05:17Z</time>
   </trkpt>
   <trkpt lat="51.4767400" lon="-0.2494620">
    <ele>4.5</ele>
    <time>2026-01-03T12:05:18Z</time>
   </trkpt>
   <trkpt lat="51.4767300" lon="-0.2494600">
    <ele>4.5</ele>
    <time>2026-01-03T12:05:19Z</time>
   </trkpt>
   <trkpt lat="51.4767210" lon="-0.2494580">
    <ele>4.5</ele>
    <time>2026-01-03T12:05:20Z</time>
   </trkpt>
   <trkpt lat="51.4767150" lon="-0.2494560">
    <ele>4.5</ele>
    <time>2026-01-03T12:05:21Z</time>
   </trkpt>
   <trkpt lat="51.4767020" lon="-0.2494620">
    <ele>4.5</ele>
    <time>2026-01-03T12:05:22Z</time>
   </trkpt>
   <trkpt lat="51.4766890" lon="-0.2494650">
    <ele>4.4</ele>
    <time>2026-01-03T12:05:23Z</time>
   </trkpt>
   <trkpt lat="51.4766690" lon="-0.2494710">
    <ele>4.4</ele>
    <time>2026-01-03T12:05:24Z</time>
   </trkpt>
   <trkpt lat="51.4766590" lon="-0.2494720">
    <ele>4.4</ele>
    <time>2026-01-03T12:05:25Z</time>
   </trkpt>
   <trkpt lat="51.4766490" lon="-0.2494720">
    <ele>4.4</ele>
    <time>2026-01-03T12:05:26Z</time>
   </trkpt>
   <trkpt lat="51.4766360" lon="-0.2494720">
    <ele>4.4</ele>
    <time>2026-01-03T12:05:27Z</time>
   </trkpt>
   <trkpt lat="51.4766190" lon="-0.2494680">
    <ele>4.4</ele>
    <time>2026-01-03T12:05:28Z</time>
   </trkpt>
   <trkpt lat="51.4765970" lon="-0.2494690">
    <ele>4.4</ele>
    <time>2026-01-03T12:05:29Z</time>
   </trkpt>
   <trkpt lat="51.4765890" lon="-0.2494680">
    <ele>4.4</ele>
    <time>2026-01-03T12:05:30Z</time>
   </trkpt>
   <trkpt lat="51.4765810" lon="-0.2494680">
    <ele>4.4</ele>
    <time>2026-01-03T12:05:31Z</time>
   </trkpt>
   <trkpt lat="51.4765700" lon="-0.2494710">
    <ele>4.4</ele>
    <time>2026-01-03T12:05:32Z</time>
   </trkpt>
   <trkpt lat="51.4765570" lon="-0.2494660">
    <ele>4.4</ele>
    <time>2026-01-03T12:05:33Z</time>
   </trkpt>
   <trkpt lat="51.4765460" lon="-0.2494690">
    <ele>4.4</ele>
    <time>2026-01-03T12:05:34Z</time>
   </trkpt>
   <trkpt lat="51.4765350" lon="-0.2494710">
    <ele>4.4</ele>
    <time>2026-01-03T12:05:35Z</time>
   </trkpt>
   <trkpt lat="51.4765250" lon="-0.2494730">
    <ele>4.4</ele>
    <time>2026-01-03T12:05:36Z</time>
   </trkpt>
   <trkpt lat="51.4765120" lon="-0.2494740">
    <ele>4.5</ele>
    <time>2026-01-03T12:05:37Z</time>
   </trkpt>
   <trkpt lat="51.4764900" lon="-0.2494770">
    <ele>4.5</ele>
    <time>2026-01-03T12:05:38Z</time>
   </trkpt>
   <trkpt lat="51.4764830" lon="-0.2494800">
    <ele>4.5</ele>
    <time>2026-01-03T12:05:39Z</time>
   </trkpt>
   <trkpt lat="51.4764750" lon="-0.2494820">
    <ele>4.5</ele>
    <time>2026-01-03T12:05:40Z</time>
   </trkpt>
   <trkpt lat="51.4764640" lon="-0.2494870">
    <ele>4.5</ele>
    <time>2026-01-03T12:05:41Z</time>
   </trkpt>
   <trkpt lat="51.4764560" lon="-0.2494940">
    <ele>4.5</ele>
    <time>2026-01-03T12:05:42Z</time>
   </trkpt>
   <trkpt lat="51.4764420" lon="-0.2495000">
    <ele>4.5</ele>
    <time>2026-01-03T12:05:43Z</time>
   </trkpt>
   <trkpt lat="51.4764340" lon="-0.2495030">
    <ele>4.5</ele>
    <time>2026-01-03T12:05:44Z</time>
   </trkpt>
   <trkpt lat="51.4764250" lon="-0.2495070">
    <ele>4.5</ele>
    <time>2026-01-03T12:05:45Z</time>
   </trkpt>
   <trkpt lat="51.4764090" lon="-0.2495100">
    <ele>4.5</ele>
    <time>2026-01-03T12:05:46Z</time>
   </trkpt>
   <trkpt lat="51.4764020" lon="-0.2495100">
    <ele>4.5</ele>
    <time>2026-01-03T12:05:47Z</time>
   </trkpt>
   <trkpt lat="51.4763890" lon="-0.2495090">
    <ele>4.5</ele>
    <time>2026-01-03T12:05:48Z</time>
   </trkpt>
   <trkpt lat="51.4763730" lon="-0.2495090">
    <ele>4.5</ele>
    <time>2026-01-03T12:05:49Z</time>
   </trkpt>
   <trkpt lat="51.4763670" lon="-0.2495100">
    <ele>4.5</ele>
    <time>2026-01-03T12:05:50Z</time>
   </trkpt>
   <trkpt lat="51.4763510" lon="-0.2495120">
    <ele>4.5</ele>
    <time>2026-01-03T12:05:51Z</time>
   </trkpt>
   <trkpt lat="51.4763430" lon="-0.2495200">
    <ele>4.5</ele>
    <time>2026-01-03T12:05:52Z</time>
   </trkpt>
   <trkpt lat="51.4763220" lon="-0.2495240">
    <ele>4.4</ele>
    <time>2026-01-03T12:05:53Z</time>
   </trkpt>
   <trkpt lat="51.4763140" lon="-0.2495220">
    <ele>4.4</ele>
    <time>2026-01-03T12:05:54Z</time>
   </trkpt>
   <trkpt lat="51.4763060" lon="-0.2495210">
    <ele>4.4</ele>
    <time>2026-01-03T12:05:55Z</time>
   </trkpt>
   <trkpt lat="51.4762940" lon="-0.2495190">
    <ele>4.4</ele>
    <time>2026-01-03T12:05:56Z</time>
   </trkpt>
   <trkpt lat="51.4762830" lon="-0.2495250">
    <ele>4.4</ele>
    <time>2026-01-03T12:05:57Z</time>
   </trkpt>
   <trkpt lat="51.4762720" lon="-0.2495290">
    <ele>4.4</ele>
    <time>2026-01-03T12:05:58Z</time>
   </trkpt>
   <trkpt lat="51.4762500" lon="-0.2495410">
    <ele>4.3</ele>
    <time>2026-01-03T12:05:59Z</time>
   </trkpt>
   <trkpt lat="51.4762440" lon="-0.2495460">
    <ele>4.3</ele>
    <time>2026-01-03T12:06:00Z</time>
   </trkpt>
   <trkpt lat="51.4762370" lon="-0.2495500">
    <ele>4.3</ele>
    <time>2026-01-03T12:06:01Z</time>
   </trkpt>
   <trkpt lat="51.4762240" lon="-0.2495560">
    <ele>4.3</ele>
    <time>2026-01-03T12:06:02Z</time>
   </trkpt>
   <trkpt lat="51.4762070" lon="-0.2495700">
    <ele>4.3</ele>
    <time>2026-01-03T12:06:03Z</time>
   </trkpt>
   <trkpt lat="51.4761990" lon="-0.2495740">
    <ele>4.3</ele>
    <time>2026-01-03T12:06:04Z</time>
   </trkpt>
   <trkpt lat="51.4761840" lon="-0.2495810">
    <ele>4.2</ele>
    <time>2026-01-03T12:06:05Z</time>
   </trkpt>
   <trkpt lat="51.4761730" lon="-0.2495840">
    <ele>4.2</ele>
    <time>2026-01-03T12:06:06Z</time>
   </trkpt>
   <trkpt lat="51.4761590" lon="-0.2495890">
    <ele>4.2</ele>
    <time>2026-01-03T12:06:07Z</time>
   </trkpt>
   <trkpt lat="51.4761390" lon="-0.2495960">
    <ele>4.2</ele>
    <time>2026-01-03T12:06:08Z</time>
   </trkpt>
   <trkpt lat="51.4761330" lon="-0.2495980">
    <ele>4.2</ele>
    <time>2026-01-03T12:06:09Z</time>
   </trkpt>
   <trkpt lat="51.4761160" lon="-0.2495980">
    <ele>4.1</ele>
    <time>2026-01-03T12:06:10Z</time>
   </trkpt>
   <trkpt lat="51.4761100" lon="-0.2496030">
    <ele>4.1</ele>
    <time>2026-01-03T12:06:11Z</time>
   </trkpt>
   <trkpt lat="51.4760970" lon="-0.2496090">
    <ele>4.1</ele>
    <time>2026-01-03T12:06:12Z</time>
   </trkpt>
   <trkpt lat="51.4760810" lon="-0.2496110">
    <ele>4.1</ele>
    <time>2026-01-03T12:06:13Z</time>
   </trkpt>
   <trkpt lat="51.4760750" lon="-0.2496160">
    <ele>4.1</ele>
    <time>2026-01-03T12:06:14Z</time>
   </trkpt>
   <trkpt lat="51.4760600" lon="-0.2496200">
    <ele>4.1</ele>
    <time>2026-01-03T12:06:15Z</time>
   </trkpt>
   <trkpt lat="51.4760520" lon="-0.2496240">
    <ele>4.1</ele>
    <time>2026-01-03T12:06:16Z</time>
   </trkpt>
   <trkpt lat="51.4760310" lon="-0.2496380">
    <ele>4.1</ele>
    <time>2026-01-03T12:06:17Z</time>
   </trkpt>
   <trkpt lat="51.4760240" lon="-0.2496420">
    <ele>4.1</ele>
    <time>2026-01-03T12:06:18Z</time>
   </trkpt>
   <trkpt lat="51.4760170" lon="-0.2496460">
    <ele>4.0</ele>
    <time>2026-01-03T12:06:19Z</time>
   </trkpt>
   <trkpt lat="51.4760060" lon="-0.2496500">
    <ele>4.0</ele>
    <time>2026-01-03T12:06:20Z</time>
   </trkpt>
   <trkpt lat="51.4759960" lon="-0.2496520">
    <ele>4.0</ele>
    <time>2026-01-03T12:06:21Z</time>
   </trkpt>
   <trkpt lat="51.4759840" lon="-0.2496590">
    <ele>4.0</ele>
    <time>2026-01-03T12:06:22Z</time>
   </trkpt>
   <trkpt lat="51.4759730" lon="-0.2496660">
    <ele>4.0</ele>
    <time>2026-01-03T12:06:23Z</time>
   </trkpt>
   <trkpt lat="51.4759620" lon="-0.2496760">
    <ele>4.0</ele>
    <time>2026-01-03T12:06:24Z</time>
   </trkpt>
   <trkpt lat="51.4759550" lon="-0.2496770">
    <ele>4.0</ele>
    <time>2026-01-03T12:06:25Z</time>
   </trkpt>
   <trkpt lat="51.4759400" lon="-0.2496830">
    <ele>4.0</ele>
    <time>2026-01-03T12:06:26Z</time>
   </trkpt>
   <trkpt lat="51.4759270" lon="-0.2496920">
    <ele>4.0</ele>
    <time>2026-01-03T12:06:27Z</time>
   </trkpt>
   <trkpt lat="51.4759120" lon="-0.2497060">
    <ele>4.0</ele>
    <time>2026-01-03T12:06:28Z</time>
   </trkpt>
   <trkpt lat="51.4759020" lon="-0.2497120">
    <ele>4.0</ele>
    <time>2026-01-03T12:06:29Z</time>
   </trkpt>
   <trkpt lat="51.4758930" lon="-0.2497180">
    <ele>4.0</ele>
    <time>2026-01-03T12:06:30Z</time>
   </trkpt>
   <trkpt lat="51.4758830" lon="-0.2497260">
    <ele>4.0</ele>
    <time>2026-01-03T12:06:31Z</time>
   </trkpt>
   <trkpt lat="51.4758700" lon="-0.2497360">
    <ele>4.0</ele>
    <time>2026-01-03T12:06:32Z</time>
   </trkpt>
   <trkpt lat="51.4758590" lon="-0.2497400">
    <ele>4.0</ele>
    <time>2026-01-03T12:06:33Z</time>
   </trkpt>
   <trkpt lat="51.4758480" lon="-0.2497460">
    <ele>4.0</ele>
    <time>2026-01-03T12:06:34Z</time>
   </trkpt>
   <trkpt lat="51.4758450" lon="-0.2497430">
    <ele>4.0</ele>
    <time>2026-01-03T12:06:35Z</time>
   </trkpt>
   <trkpt lat="51.4758330" lon="-0.2497430">
    <ele>4.0</ele>
    <time>2026-01-03T12:06:36Z</time>
   </trkpt>
   <trkpt lat="51.4758300" lon="-0.2497430">
    <ele>4.0</ele>
    <time>2026-01-03T12:06:37Z</time>
   </trkpt>
   <trkpt lat="51.4758310" lon="-0.2497440">
    <ele>4.0</ele>
    <time>2026-01-03T12:06:38Z</time>
   </trkpt>
   <trkpt lat="51.4758240" lon="-0.2497470">
    <ele>4.0</ele>
    <time>2026-01-03T12:06:39Z</time>
   </trkpt>
   <trkpt lat="51.4758120" lon="-0.2497570">
    <ele>4.0</ele>
    <time>2026-01-03T12:06:40Z</time>
   </trkpt>
   <trkpt lat="51.4758030" lon="-0.2497600">
    <ele>4.0</ele>
    <time>2026-01-03T12:06:41Z</time>
   </trkpt>
   <trkpt lat="51.4757920" lon="-0.2497690">
    <ele>4.0</ele>
    <time>2026-01-03T12:06:42Z</time>
   </trkpt>
   <trkpt lat="51.4757780" lon="-0.2497790">
    <ele>4.0</ele>
    <time>2026-01-03T12:06:43Z</time>
   </trkpt>
   <trkpt lat="51.4757710" lon="-0.2497870">
    <ele>4.0</ele>
    <time>2026-01-03T12:06:44Z</time>
   </trkpt>
   <trkpt lat="51.4757550" lon="-0.2497970">
    <ele>4.0</ele>
    <time>2026-01-03T12:06:45Z</time>
   </trkpt>
   <trkpt lat="51.4757470" lon="-0.2498040">
    <ele>4.0</ele>
    <time>2026-01-03T12:06:46Z</time>
   </trkpt>
   <trkpt lat="51.4757220" lon="-0.2498160">
    <ele>4.0</ele>
    <time>2026-01-03T12:06:47Z</time>
   </trkpt>
   <trkpt lat="51.4757160" lon="-0.2498210">
    <ele>4.0</ele>
    <time>2026-01-03T12:06:48Z</time>
   </trkpt>
   <trkpt lat="51.4757090" lon="-0.2498260">
    <ele>4.0</ele>
    <time>2026-01-03T12:06:49Z</time>
   </trkpt>
   <trkpt lat="51.4756920" lon="-0.2498370">
    <ele>4.0</ele>
    <time>2026-01-03T12:06:50Z</time>
   </trkpt>
   <trkpt lat="51.4756860" lon="-0.2498500">
    <ele>4.0</ele>
    <time>2026-01-03T12:06:51Z</time>
   </trkpt>
   <trkpt lat="51.4756620" lon="-0.2498710">
    <ele>4.0</ele>
    <time>2026-01-03T12:06:52Z</time>
   </trkpt>
   <trkpt lat="51.4756550" lon="-0.2498730">
    <ele>4.0</ele>
    <time>2026-01-03T12:06:53Z</time>
   </trkpt>
   <trkpt lat="51.4756490" lon="-0.2498760">
    <ele>4.0</ele>
    <time>2026-01-03T12:06:54Z</time>
   </trkpt>
   <trkpt lat="51.4756340" lon="-0.2498830">
    <ele>4.0</ele>
    <time>2026-01-03T12:06:55Z</time>
   </trkpt>
   <trkpt lat="51.4756240" lon="-0.2498940">
    <ele>4.0</ele>
    <time>2026-01-03T12:06:56Z</time>
   </trkpt>
   <trkpt lat="51.4756130" lon="-0.2499030">
    <ele>4.0</ele>
    <time>2026-01-03T12:06:57Z</time>
   </trkpt>
   <trkpt lat="51.4755990" lon="-0.2499150">
    <ele>4.0</ele>
    <time>2026-01-03T12:06:58Z</time>
   </trkpt>
   <trkpt lat="51.4755900" lon="-0.2499230">
    <ele>4.0</ele>
    <time>2026-01-03T12:06:59Z</time>
   </trkpt>
   <trkpt lat="51.4755730" lon="-0.2499310">
    <ele>4.0</ele>
    <time>2026-01-03T12:07:00Z</time>
   </trkpt>
   <trkpt lat="51.4755570" lon="-0.2499530">
    <ele>4.0</ele>
    <time>2026-01-03T12:07:01Z</time>
   </trkpt>
   <trkpt lat="51.4755470" lon="-0.2499600">
    <ele>4.0</ele>
    <time>2026-01-03T12:07:02Z</time>
   </trkpt>
   <trkpt lat="51.4755370" lon="-0.2499660">
    <ele>4.0</ele>
    <time>2026-01-03T12:07:03Z</time>
   </trkpt>
   <trkpt lat="51.4755300" lon="-0.2499730">
    <ele>4.0</ele>
    <time>2026-01-03T12:07:04Z</time>
   </trkpt>
   <trkpt lat="51.4755170" lon="-0.2499860">
    <ele>4.0</ele>
    <time>2026-01-03T12:07:05Z</time>
   </trkpt>
   <trkpt lat="51.4755070" lon="-0.2499910">
    <ele>4.0</ele>
    <time>2026-01-03T12:07:06Z</time>
   </trkpt>
   <trkpt lat="51.4755020" lon="-0.2499950">
    <ele>4.0</ele>
    <time>2026-01-03T12:07:07Z</time>
   </trkpt>
   <trkpt lat="51.4754920" lon="-0.2500010">
    <ele>4.0</ele>
    <time>2026-01-03T12:07:08Z</time>
   </trkpt>
   <trkpt lat="51.4754820" lon="-0.2500060">
    <ele>4.0</ele>
    <time>2026-01-03T12:07:09Z</time>
   </trkpt>
   <trkpt lat="51.4754730" lon="-0.2500190">
    <ele>4.0</ele>
    <time>2026-01-03T12:07:10Z</time>
   </trkpt>
   <trkpt lat="51.4754690" lon="-0.2500310">
    <ele>4.0</ele>
    <time>2026-01-03T12:07:11Z</time>
   </trkpt>
   <trkpt lat="51.4754620" lon="-0.2500380">
    <ele>4.0</ele>
    <time>2026-01-03T12:07:12Z</time>
   </trkpt>
   <trkpt lat="51.4754610" lon="-0.2500270">
    <ele>4.0</ele>
    <time>2026-01-03T12:07:13Z</time>
   </trkpt>
   <trkpt lat="51.4754560" lon="-0.2500270">
    <ele>4.0</ele>
    <time>2026-01-03T12:07:14Z</time>
   </trkpt>
   <trkpt lat="51.4754620" lon="-0.2500170">
    <ele>4.0</ele>
    <time>2026-01-03T12:07:15Z</time>
   </trkpt>
   <trkpt lat="51.4754570" lon="-0.2500110">
    <ele>4.0</ele>
    <time>2026-01-03T12:07:16Z</time>
   </trkpt>
   <trkpt lat="51.4754650" lon="-0.2500140">
    <ele>4.0</ele>
    <time>2026-01-03T12:07:17Z</time>
   </trkpt>
   <trkpt lat="51.4754630" lon="-0.2500100">
    <ele>4.0</ele>
    <time>2026-01-03T12:07:18Z</time>
   </trkpt>
   <trkpt lat="51.4754670" lon="-0.2500130">
    <ele>4.0</ele>
    <time>2026-01-03T12:07:19Z</time>
   </trkpt>
   <trkpt lat="51.4754640" lon="-0.2500120">
    <ele>4.0</ele>
    <time>2026-01-03T12:07:20Z</time>
   </trkpt>
   <trkpt lat="51.4754670" lon="-0.2500110">
    <ele>4.0</ele>
    <time>2026-01-03T12:07:21Z</time>
   </trkpt>
   <trkpt lat="51.4754630" lon="-0.2500110">
    <ele>4.0</ele>
    <time>2026-01-03T12:07:22Z</time>
   </trkpt>
   <trkpt lat="51.4754620" lon="-0.2500140">
    <ele>4.0</ele>
    <time>2026-01-03T12:07:23Z</time>
   </trkpt>
   <trkpt lat="51.4754620" lon="-0.2500150">
    <ele>4.0</ele>
    <time>2026-01-03T12:07:24Z</time>
   </trkpt>
   <trkpt lat="51.4754600" lon="-0.2500130">
    <ele>4.0</ele>
    <time>2026-01-03T12:07:25Z</time>
   </trkpt>
   <trkpt lat="51.4754600" lon="-0.2500190">
    <ele>4.0</ele>
    <time>2026-01-03T12:07:26Z</time>
   </trkpt>
   <trkpt lat="51.4754590" lon="-0.2500230">
    <ele>4.0</ele>
    <time>2026-01-03T12:07:27Z</time>
   </trkpt>
   <trkpt lat="51.4754560" lon="-0.2500260">
    <ele>4.0</ele>
    <time>2026-01-03T12:07:28Z</time>
   </trkpt>
   <trkpt lat="51.4754460" lon="-0.2500390">
    <ele>4.0</ele>
    <time>2026-01-03T12:07:29Z</time>
   </trkpt>
   <trkpt lat="51.4754350" lon="-0.2500510">
    <ele>4.0</ele>
    <time>2026-01-03T12:07:30Z</time>
   </trkpt>
   <trkpt lat="51.4754270" lon="-0.2500660">
    <ele>4.0</ele>
    <time>2026-01-03T12:07:31Z</time>
   </trkpt>
   <trkpt lat="51.4754190" lon="-0.2500700">
    <ele>4.0</ele>
    <time>2026-01-03T12:07:32Z</time>
   </trkpt>
   <trkpt lat="51.4754110" lon="-0.2500720">
    <ele>4.0</ele>
    <time>2026-01-03T12:07:33Z</time>
   </trkpt>
   <trkpt lat="51.4754000" lon="-0.2500770">
    <ele>4.0</ele>
    <time>2026-01-03T12:07:34Z</time>
   </trkpt>
   <trkpt lat="51.4753900" lon="-0.2500830">
    <ele>4.0</ele>
    <time>2026-01-03T12:07:35Z</time>
   </trkpt>
   <trkpt lat="51.4753780" lon="-0.2500940">
    <ele>4.0</ele>
    <time>2026-01-03T12:07:36Z</time>
   </trkpt>
   <trkpt lat="51.4753720" lon="-0.2501000">
    <ele>4.0</ele>
    <time>2026-01-03T12:07:37Z</time>
   </trkpt>
   <trkpt lat="51.4753660" lon="-0.2501010">
    <ele>4.0</ele>
    <time>2026-01-03T12:07:38Z</time>
   </trkpt>
   <trkpt lat="51.4753560" lon="-0.2501060">
    <ele>4.0</ele>
    <time>2026-01-03T12:07:39Z</time>
   </trkpt>
   <trkpt lat="51.4753460" lon="-0.2501180">
    <ele>4.0</ele>
    <time>2026-01-03T12:07:40Z</time>
   </trkpt>
   <trkpt lat="51.4753340" lon="-0.2501320">
    <ele>4.0</ele>
    <time>2026-01-03T12:07:41Z</time>
   </trkpt>
   <trkpt lat="51.4753230" lon="-0.2501470">
    <ele>4.0</ele>
    <time>2026-01-03T12:07:42Z</time>
   </trkpt>
   <trkpt lat="51.4753120" lon="-0.2501550">
    <ele>4.0</ele>
    <time>2026-01-03T12:07:43Z</time>
   </trkpt>
   <trkpt lat="51.4753020" lon="-0.2501620">
    <ele>4.0</ele>
    <time>2026-01-03T12:07:44Z</time>
   </trkpt>
   <trkpt lat="51.4752910" lon="-0.2501710">
    <ele>4.0</ele>
    <time>2026-01-03T12:07:45Z</time>
   </trkpt>
   <trkpt lat="51.4752810" lon="-0.2501800">
    <ele>4.0</ele>
    <time>2026-01-03T12:07:46Z</time>
   </trkpt>
   <trkpt lat="51.4752720" lon="-0.2501880">
    <ele>4.0</ele>
    <time>2026-01-03T12:07:47Z</time>
   </trkpt>
   <trkpt lat="51.4752640" lon="-0.2501970">
    <ele>4.0</ele>
    <time>2026-01-03T12:07:48Z</time>
   </trkpt>
   <trkpt lat="51.4752540" lon="-0.2502080">
    <ele>4.0</ele>
    <time>2026-01-03T12:07:49Z</time>
   </trkpt>
   <trkpt lat="51.4752480" lon="-0.2502160">
    <ele>4.0</ele>
    <time>2026-01-03T12:07:50Z</time>
   </trkpt>
   <trkpt lat="51.4752460" lon="-0.2502170">
    <ele>4.0</ele>
    <time>2026-01-03T12:07:51Z</time>
   </trkpt>
   <trkpt lat="51.4752450" lon="-0.2502160">
    <ele>4.0</ele>
    <time>2026-01-03T12:07:52Z</time>
   </trkpt>
   <trkpt lat="51.4752360" lon="-0.2502230">
    <ele>4.0</ele>
    <time>2026-01-03T12:07:53Z</time>
   </trkpt>
   <trkpt lat="51.4752300" lon="-0.2502270">
    <ele>4.0</ele>
    <time>2026-01-03T12:07:54Z</time>
   </trkpt>
   <trkpt lat="51.4752200" lon="-0.2502360">
    <ele>4.0</ele>
    <time>2026-01-03T12:07:55Z</time>
   </trkpt>
   <trkpt lat="51.4752090" lon="-0.2502430">
    <ele>4.0</ele>
    <time>2026-01-03T12:07:56Z</time>
   </trkpt>
   <trkpt lat="51.4751990" lon="-0.2502510">
    <ele>4.0</ele>
    <time>2026-01-03T12:07:57Z</time>
   </trkpt>
   <trkpt lat="51.4751910" lon="-0.2502570">
    <ele>4.0</ele>
    <time>2026-01-03T12:07:58Z</time>
   </trkpt>
   <trkpt lat="51.4751820" lon="-0.2502650">
    <ele>4.0</ele>
    <time>2026-01-03T12:07:59Z</time>
   </trkpt>
   <trkpt lat="51.4751700" lon="-0.2502760">
    <ele>4.0</ele>
    <time>2026-01-03T12:08:00Z</time>
   </trkpt>
   <trkpt lat="51.4751650" lon="-0.2502800">
    <ele>4.0</ele>
    <time>2026-01-03T12:08:01Z</time>
   </trkpt>
   <trkpt lat="51.4751590" lon="-0.2502830">
    <ele>4.0</ele>
    <time>2026-01-03T12:08:02Z</time>
   </trkpt>
   <trkpt lat="51.4751540" lon="-0.2502870">
    <ele>4.0</ele>
    <time>2026-01-03T12:08:03Z</time>
   </trkpt>
   <trkpt lat="51.4751490" lon="-0.2502910">
    <ele>4.0</ele>
    <time>2026-01-03T12:08:04Z</time>
   </trkpt>
   <trkpt lat="51.4751350" lon="-0.2503040">
    <ele>4.0</ele>
    <time>2026-01-03T12:08:05Z</time>
   </trkpt>
   <trkpt lat="51.4751250" lon="-0.2503130">
    <ele>4.0</ele>
    <time>2026-01-03T12:08:06Z</time>
   </trkpt>
   <trkpt lat="51.4751140" lon="-0.2503210">
    <ele>4.0</ele>
    <time>2026-01-03T12:08:07Z</time>
   </trkpt>
   <trkpt lat="51.4751050" lon="-0.2503280">
    <ele>4.0</ele>
    <time>2026-01-03T12:08:08Z</time>
   </trkpt>
   <trkpt lat="51.4750960" lon="-0.2503360">
    <ele>4.0</ele>
    <time>2026-01-03T12:08:09Z</time>
   </trkpt>
   <trkpt lat="51.4750770" lon="-0.2503490">
    <ele>4.0</ele>
    <time>2026-01-03T12:08:10Z</time>
   </trkpt>
   <trkpt lat="51.4750690" lon="-0.2503560">
    <ele>4.0</ele>
    <time>2026-01-03T12:08:11Z</time>
   </trkpt>
   <trkpt lat="51.4750620" lon="-0.2503620">
    <ele>4.0</ele>
    <time>2026-01-03T12:08:12Z</time>
   </trkpt>
   <trkpt lat="51.4750510" lon="-0.2503700">
    <ele>4.1</ele>
    <time>2026-01-03T12:08:13Z</time>
   </trkpt>
   <trkpt lat="51.4750410" lon="-0.2503780">
    <ele>4.1</ele>
    <time>2026-01-03T12:08:14Z</time>
   </trkpt>
   <trkpt lat="51.4750320" lon="-0.2503870">
    <ele>4.1</ele>
    <time>2026-01-03T12:08:15Z</time>
   </trkpt>
   <trkpt lat="51.4750210" lon="-0.2503920">
    <ele>4.1</ele>
    <time>2026-01-03T12:08:16Z</time>
   </trkpt>
   <trkpt lat="51.4750100" lon="-0.2504000">
    <ele>4.1</ele>
    <time>2026-01-03T12:08:17Z</time>
   </trkpt>
   <trkpt lat="51.4750000" lon="-0.2504060">
    <ele>4.1</ele>
    <time>2026-01-03T12:08:18Z</time>
   </trkpt>
   <trkpt lat="51.4749870" lon="-0.2504150">
    <ele>4.1</ele>
    <time>2026-01-03T12:08:19Z</time>
   </trkpt>
   <trkpt lat="51.4749800" lon="-0.2504220">
    <ele>4.1</ele>
    <time>2026-01-03T12:08:20Z</time>
   </trkpt>
   <trkpt lat="51.4749700" lon="-0.2504310">
    <ele>4.1</ele>
    <time>2026-01-03T12:08:21Z</time>
   </trkpt>
   <trkpt lat="51.4749500" lon="-0.2504460">
    <ele>4.1</ele>
    <time>2026-01-03T12:08:22Z</time>
   </trkpt>
   <trkpt lat="51.4749420" lon="-0.2504530">
    <ele>4.1</ele>
    <time>2026-01-03T12:08:23Z</time>
   </trkpt>
   <trkpt lat="51.4749350" lon="-0.2504590">
    <ele>4.1</ele>
    <time>2026-01-03T12:08:24Z</time>
   </trkpt>
   <trkpt lat="51.4749170" lon="-0.2504740">
    <ele>4.1</ele>
    <time>2026-01-03T12:08:25Z</time>
   </trkpt>
   <trkpt lat="51.4749100" lon="-0.2504800">
    <ele>4.1</ele>
    <time>2026-01-03T12:08:26Z</time>
   </trkpt>
   <trkpt lat="51.4749020" lon="-0.2504870">
    <ele>4.1</ele>
    <time>2026-01-03T12:08:27Z</time>
   </trkpt>
   <trkpt lat="51.4748910" lon="-0.2504920">
    <ele>4.1</ele>
    <time>2026-01-03T12:08:28Z</time>
   </trkpt>
   <trkpt lat="51.4748730" lon="-0.2505080">
    <ele>4.1</ele>
    <time>2026-01-03T12:08:29Z</time>
   </trkpt>
   <trkpt lat="51.4748690" lon="-0.2505150">
    <ele>4.1</ele>
    <time>2026-01-03T12:08:30Z</time>
   </trkpt>
   <trkpt lat="51.4748570" lon="-0.2505260">
    <ele>4.1</ele>
    <time>2026-01-03T12:08:31Z</time>
   </trkpt>
   <trkpt lat="51.4748470" lon="-0.2505340">
    <ele>4.1</ele>
    <time>2026-01-03T12:08:32Z</time>
   </trkpt>
   <trkpt lat="51.4748340" lon="-0.2505400">
    <ele>4.1</ele>
    <time>2026-01-03T12:08:33Z</time>
   </trkpt>
   <trkpt lat="51.4748190" lon="-0.2505430">
    <ele>4.1</ele>
    <time>2026-01-03T12:08:34Z</time>
   </trkpt>
   <trkpt lat="51.4748120" lon="-0.2505520">
    <ele>4.1</ele>
    <time>2026-01-03T12:08:35Z</time>
   </trkpt>
   <trkpt lat="51.4748000" lon="-0.2505600">
    <ele>4.1</ele>
    <time>2026-01-03T12:08:36Z</time>
   </trkpt>
   <trkpt lat="51.4747890" lon="-0.2505680">
    <ele>4.1</ele>
    <time>2026-01-03T12:08:37Z</time>
   </trkpt>
   <trkpt lat="51.4747770" lon="-0.2505760">
    <ele>4.1</ele>
    <time>2026-01-03T12:08:38Z</time>
   </trkpt>
   <trkpt lat="51.4747690" lon="-0.2505840">
    <ele>4.1</ele>
    <time>2026-01-03T12:08:39Z</time>
   </trkpt>
   <trkpt lat="51.4747590" lon="-0.2505880">
    <ele>4.1</ele>
    <time>2026-01-03T12:08:40Z</time>
   </trkpt>
   <trkpt lat="51.4747400" lon="-0.2506010">
    <ele>4.1</ele>
    <time>2026-01-03T12:08:41Z</time>
   </trkpt>
   <trkpt lat="51.4747320" lon="-0.2506060">
    <ele>4.1</ele>
    <time>2026-01-03T12:08:42Z</time>
   </trkpt>
   <trkpt lat="51.4747250" lon="-0.2506110">
    <ele>4.1</ele>
    <time>2026-01-03T12:08:43Z</time>
   </trkpt>
   <trkpt lat="51.4747160" lon="-0.2506180">
    <ele>4.1</ele>
    <time>2026-01-03T12:08:44Z</time>
   </trkpt>
   <trkpt lat="51.4747050" lon="-0.2506250">
    <ele>4.1</ele>
    <time>2026-01-03T12:08:45Z</time>
   </trkpt>
   <trkpt lat="51.4746940" lon="-0.2506330">
    <ele>4.1</ele>
    <time>2026-01-03T12:08:46Z</time>
   </trkpt>
   <trkpt lat="51.4746850" lon="-0.2506400">
    <ele>4.1</ele>
    <time>2026-01-03T12:08:47Z</time>
   </trkpt>
   <trkpt lat="51.4746740" lon="-0.2506500">
    <ele>4.1</ele>
    <time>2026-01-03T12:08:48Z</time>
   </trkpt>
   <trkpt lat="51.4746650" lon="-0.2506530">
    <ele>4.1</ele>
    <time>2026-01-03T12:08:49Z</time>
   </trkpt>
   <trkpt lat="51.4746450" lon="-0.2506690">
    <ele>4.1</ele>
    <time>2026-01-03T12:08:50Z</time>
   </trkpt>
   <trkpt lat="51.4746390" lon="-0.2506740">
    <ele>4.1</ele>
    <time>2026-01-03T12:08:51Z</time>
   </trkpt>
   <trkpt lat="51.4746320" lon="-0.2506790">
    <ele>4.1</ele>
    <time>2026-01-03T12:08:52Z</time>
   </trkpt>
   <trkpt lat="51.4746230" lon="-0.2506870">
    <ele>4.1</ele>
    <time>2026-01-03T12:08:53Z</time>
   </trkpt>
   <trkpt lat="51.4746120" lon="-0.2506950">
    <ele>4.1</ele>
    <time>2026-01-03T12:08:54Z</time>
   </trkpt>
   <trkpt lat="51.4746000" lon="-0.2507020">
    <ele>4.1</ele>
    <time>2026-01-03T12:08:55Z</time>
   </trkpt>
   <trkpt lat="51.4745880" lon="-0.2507100">
    <ele>4.1</ele>
    <time>2026-01-03T12:08:56Z</time>
   </trkpt>
   <trkpt lat="51.4745800" lon="-0.2507150">
    <ele>4.1</ele>
    <time>2026-01-03T12:08:57Z</time>
   </trkpt>
   <trkpt lat="51.4745700" lon="-0.2507230">
    <ele>4.1</ele>
    <time>2026-01-03T12:08:58Z</time>
   </trkpt>
   <trkpt lat="51.4745510" lon="-0.2507380">
    <ele>4.1</ele>
    <time>2026-01-03T12:08:59Z</time>
   </trkpt>
   <trkpt lat="51.4745430" lon="-0.2507450">
    <ele>4.1</ele>
    <time>2026-01-03T12:09:00Z</time>
   </trkpt>
   <trkpt lat="51.4745360" lon="-0.2507520">
    <ele>4.1</ele>
    <time>2026-01-03T12:09:01Z</time>
   </trkpt>
   <trkpt lat="51.4745280" lon="-0.2507570">
    <ele>4.1</ele>
    <time>2026-01-03T12:09:02Z</time>
   </trkpt>
   <trkpt lat="51.4745150" lon="-0.2507690">
    <ele>4.1</ele>
    <time>2026-01-03T12:09:03Z</time>
   </trkpt>
   <trkpt lat="51.4745060" lon="-0.2507750">
    <ele>4.1</ele>
    <time>2026-01-03T12:09:04Z</time>
   </trkpt>
   <trkpt lat="51.4744870" lon="-0.2507890">
    <ele>4.1</ele>
    <time>2026-01-03T12:09:05Z</time>
   </trkpt>
   <trkpt lat="51.4744790" lon="-0.2507940">
    <ele>4.1</ele>
    <time>2026-01-03T12:09:06Z</time>
   </trkpt>
   <trkpt lat="51.4744720" lon="-0.2508000">
    <ele>4.1</ele>
    <time>2026-01-03T12:09:07Z</time>
   </trkpt>
   <trkpt lat="51.4744530" lon="-0.2508160">
    <ele>4.1</ele>
    <time>2026-01-03T12:09:08Z</time>
   </trkpt>
   <trkpt lat="51.4744460" lon="-0.2508210">
    <ele>4.1</ele>
    <time>2026-01-03T12:09:09Z</time>
   </trkpt>
   <trkpt lat="51.4744380" lon="-0.2508270">
    <ele>4.1</ele>
    <time>2026-01-03T12:09:10Z</time>
   </trkpt>
   <trkpt lat="51.4744270" lon="-0.2508360">
    <ele>4.1</ele>
    <time>2026-01-03T12:09:11Z</time>
   </trkpt>
   <trkpt lat="51.4744160" lon="-0.2508440">
    <ele>4.1</ele>
    <time>2026-01-03T12:09:12Z</time>
   </trkpt>
   <trkpt lat="51.4744060" lon="-0.2508530">
    <ele>4.1</ele>
    <time>2026-01-03T12:09:13Z</time>
   </trkpt>
   <trkpt lat="51.4743950" lon="-0.2508600">
    <ele>4.1</ele>
    <time>2026-01-03T12:09:14Z</time>
   </trkpt>
   <trkpt lat="51.4743840" lon="-0.2508700">
    <ele>4.1</ele>
    <time>2026-01-03T12:09:15Z</time>
   </trkpt>
   <trkpt lat="51.4743750" lon="-0.2508760">
    <ele>4.1</ele>
    <time>2026-01-03T12:09:16Z</time>
   </trkpt>
   <trkpt lat="51.4743640" lon="-0.2508850">
    <ele>4.1</ele>
    <time>2026-01-03T12:09:17Z</time>
   </trkpt>
   <trkpt lat="51.4743520" lon="-0.2508940">
    <ele>4.1</ele>
    <time>2026-01-03T12:09:18Z</time>
   </trkpt>
   <trkpt lat="51.4743430" lon="-0.2509000">
    <ele>4.1</ele>
    <time>2026-01-03T12:09:19Z</time>
   </trkpt>
   <trkpt lat="51.4743330" lon="-0.2509070">
    <ele>4.1</ele>
    <time>2026-01-03T12:09:20Z</time>
   </trkpt>
   <trkpt lat="51.4743180" lon="-0.2509170">
    <ele>4.1</ele>
    <time>2026-01-03T12:09:21Z</time>
   </trkpt>
   <trkpt lat="51.4743120" lon="-0.2509230">
    <ele>4.1</ele>
    <time>2026-01-03T12:09:22Z</time>
   </trkpt>
   <trkpt lat="51.4742980" lon="-0.2509340">
    <ele>4.1</ele>
    <time>2026-01-03T12:09:23Z</time>
   </trkpt>
   <trkpt lat="51.4742910" lon="-0.2509420">
    <ele>4.1</ele>
    <time>2026-01-03T12:09:24Z</time>
   </trkpt>
   <trkpt lat="51.4742800" lon="-0.2509510">
    <ele>4.1</ele>
    <time>2026-01-03T12:09:25Z</time>
   </trkpt>
   <trkpt lat="51.4742680" lon="-0.2509630">
    <ele>4.1</ele>
    <time>2026-01-03T12:09:26Z</time>
   </trkpt>
   <trkpt lat="51.4742610" lon="-0.2509700">
    <ele>4.1</ele>
    <time>2026-01-03T12:09:27Z</time>
   </trkpt>
   <trkpt lat="51.4742480" lon="-0.2509770">
    <ele>4.1</ele>
    <time>2026-01-03T12:09:28Z</time>
   </trkpt>
   <trkpt lat="51.4742390" lon="-0.2509860">
    <ele>4.1</ele>
    <time>2026-01-03T12:09:29Z</time>
   </trkpt>
   <trkpt lat="51.4742280" lon="-0.2509940">
    <ele>4.1</ele>
    <time>2026-01-03T12:09:30Z</time>
   </trkpt>
   <trkpt lat="51.4742070" lon="-0.2510090">
    <ele>4.1</ele>
    <time>2026-01-03T12:09:31Z</time>
   </trkpt>
   <trkpt lat="51.4742010" lon="-0.2510150">
    <ele>4.1</ele>
    <time>2026-01-03T12:09:32Z</time>
   </trkpt>
   <trkpt lat="51.4741940" lon="-0.2510200">
    <ele>4.1</ele>
    <time>2026-01-03T12:09:33Z</time>
   </trkpt>
   <trkpt lat="51.4741850" lon="-0.2510310">
    <ele>4.1</ele>
    <time>2026-01-03T12:09:34Z</time>
   </trkpt>
   <trkpt lat="51.4741720" lon="-0.2510430">
    <ele>4.1</ele>
    <time>2026-01-03T12:09:35Z</time>
   </trkpt>
   <trkpt lat="51.4741620" lon="-0.2510490">
    <ele>4.1</ele>
    <time>2026-01-03T12:09:36Z</time>
   </trkpt>
   <trkpt lat="51.4741520" lon="-0.2510560">
    <ele>4.1</ele>
    <time>2026-01-03T12:09:37Z</time>
   </trkpt>
   <trkpt lat="51.4741380" lon="-0.2510680">
    <ele>4.1</ele>
    <time>2026-01-03T12:09:38Z</time>
   </trkpt>
   <trkpt lat="51.4741310" lon="-0.2510710">
    <ele>4.1</ele>
    <time>2026-01-03T12:09:39Z</time>
   </trkpt>
   <trkpt lat="51.4741170" lon="-0.2510810">
    <ele>4.1</ele>
    <time>2026-01-03T12:09:40Z</time>
   </trkpt>
   <trkpt lat="51.4741080" lon="-0.2510890">
    <ele>4.1</ele>
    <time>2026-01-03T12:09:41Z</time>
   </trkpt>
   <trkpt lat="51.4740980" lon="-0.2510940">
    <ele>4.1</ele>
    <time>2026-01-03T12:09:42Z</time>
   </trkpt>
   <trkpt lat="51.4740840" lon="-0.2511040">
    <ele>4.1</ele>
    <time>2026-01-03T12:09:43Z</time>
   </trkpt>
   <trkpt lat="51.4740730" lon="-0.2511150">
    <ele>4.1</ele>
    <time>2026-01-03T12:09:44Z</time>
   </trkpt>
   <trkpt lat="51.4740550" lon="-0.2511250">
    <ele>4.1</ele>
    <time>2026-01-03T12:09:45Z</time>
   </trkpt>
   <trkpt lat="51.4740480" lon="-0.2511320">
    <ele>4.1</ele>
    <time>2026-01-03T12:09:46Z</time>
   </trkpt>
   <trkpt lat="51.4740400" lon="-0.2511380">
    <ele>4.1</ele>
    <time>2026-01-03T12:09:47Z</time>
   </trkpt>
   <trkpt lat="51.4740200" lon="-0.2511510">
    <ele>4.1</ele>
    <time>2026-01-03T12:09:48Z</time>
   </trkpt>
   <trkpt lat="51.4740130" lon="-0.2511560">
    <ele>4.1</ele>
    <time>2026-01-03T12:09:49Z</time>
   </trkpt>
   <trkpt lat="51.4740050" lon="-0.2511600">
    <ele>4.1</ele>
    <time>2026-01-03T12:09:50Z</time>
   </trkpt>
   <trkpt lat="51.4739910" lon="-0.2511690">
    <ele>4.1</ele>
    <time>2026-01-03T12:09:51Z</time>
   </trkpt>
   <trkpt lat="51.4739840" lon="-0.2511770">
    <ele>4.1</ele>
    <time>2026-01-03T12:09:52Z</time>
   </trkpt>
   <trkpt lat="51.4739730" lon="-0.2511840">
    <ele>4.1</ele>
    <time>2026-01-03T12:09:53Z</time>
   </trkpt>
   <trkpt lat="51.4739590" lon="-0.2511960">
    <ele>4.1</ele>
    <time>2026-01-03T12:09:54Z</time>
   </trkpt>
   <trkpt lat="51.4739530" lon="-0.2512000">
    <ele>4.1</ele>
    <time>2026-01-03T12:09:55Z</time>
   </trkpt>
   <trkpt lat="51.4739370" lon="-0.2512100">
    <ele>4.1</ele>
    <time>2026-01-03T12:09:57Z</time>
   </trkpt>
   <trkpt lat="51.4739290" lon="-0.2512170">
    <ele>4.2</ele>
    <time>2026-01-03T12:09:58Z</time>
   </trkpt>
   <trkpt lat="51.4739170" lon="-0.2512260">
    <ele>4.2</ele>
    <time>2026-01-03T12:09:59Z</time>
   </trkpt>
   <trkpt lat="51.4739030" lon="-0.2512330">
    <ele>4.2</ele>
    <time>2026-01-03T12:10:00Z</time>
   </trkpt>
   <trkpt lat="51.4738790" lon="-0.2512470">
    <ele>4.2</ele>
    <time>2026-01-03T12:10:01Z</time>
   </trkpt>
   <trkpt lat="51.4738730" lon="-0.2512520">
    <ele>4.2</ele>
    <time>2026-01-03T12:10:02Z</time>
   </trkpt>
   <trkpt lat="51.4738440" lon="-0.2512730">
    <ele>4.2</ele>
    <time>2026-01-03T12:10:04Z</time>
   </trkpt>
   <trkpt lat="51.4738370" lon="-0.2512760">
    <ele>4.2</ele>
    <time>2026-01-03T12:10:05Z</time>
   </trkpt>
   <trkpt lat="51.4738160" lon="-0.2512920">
    <ele>4.2</ele>
    <time>2026-01-03T12:10:06Z</time>
   </trkpt>
   <trkpt lat="51.4738080" lon="-0.2512970">
    <ele>4.2</ele>
    <time>2026-01-03T12:10:07Z</time>
   </trkpt>
   <trkpt lat="51.4738010" lon="-0.2513020">
    <ele>4.2</ele>
    <time>2026-01-03T12:10:08Z</time>
   </trkpt>
   <trkpt lat="51.4737940" lon="-0.2513050">
    <ele>4.2</ele>
    <time>2026-01-03T12:10:09Z</time>
   </trkpt>
   <trkpt lat="51.4737800" lon="-0.2513140">
    <ele>4.2</ele>
    <time>2026-01-03T12:10:10Z</time>
   </trkpt>
   <trkpt lat="51.4737700" lon="-0.2513220">
    <ele>4.2</ele>
    <time>2026-01-03T12:10:11Z</time>
   </trkpt>
   <trkpt lat="51.4737580" lon="-0.2513310">
    <ele>4.2</ele>
    <time>2026-01-03T12:10:12Z</time>
   </trkpt>
   <trkpt lat="51.4737460" lon="-0.2513400">
    <ele>4.2</ele>
    <time>2026-01-03T12:10:13Z</time>
   </trkpt>
   <trkpt lat="51.4737380" lon="-0.2513470">
    <ele>4.2</ele>
    <time>2026-01-03T12:10:14Z</time>
   </trkpt>
   <trkpt lat="51.4737160" lon="-0.2513620">
    <ele>4.2</ele>
    <time>2026-01-03T12:10:15Z</time>
   </trkpt>
   <trkpt lat="51.4737090" lon="-0.2513650">
    <ele>4.2</ele>
    <time>2026-01-03T12:10:16Z</time>
   </trkpt>
   <trkpt lat="51.4737020" lon="-0.2513690">
    <ele>4.2</ele>
    <time>2026-01-03T12:10:17Z</time>
   </trkpt>
   <trkpt lat="51.4736820" lon="-0.2513830">
    <ele>4.2</ele>
    <time>2026-01-03T12:10:18Z</time>
   </trkpt>
   <trkpt lat="51.4736760" lon="-0.2513870">
    <ele>4.2</ele>
    <time>2026-01-03T12:10:19Z</time>
   </trkpt>
   <trkpt lat="51.4736690" lon="-0.2513920">
    <ele>4.2</ele>
    <time>2026-01-03T12:10:20Z</time>
   </trkpt>
   <trkpt lat="51.4736600" lon="-0.2513990">
    <ele>4.2</ele>
    <time>2026-01-03T12:10:21Z</time>
   </trkpt>
   <trkpt lat="51.4736460" lon="-0.2514070">
    <ele>4.2</ele>
    <time>2026-01-03T12:10:22Z</time>
   </trkpt>
   <trkpt lat="51.4736360" lon="-0.2514130">
    <ele>4.2</ele>
    <time>2026-01-03T12:10:23Z</time>
   </trkpt>
   <trkpt lat="51.4736160" lon="-0.2514250">
    <ele>4.2</ele>
    <time>2026-01-03T12:10:24Z</time>
   </trkpt>
   <trkpt lat="51.4736080" lon="-0.2514300">
    <ele>4.2</ele>
    <time>2026-01-03T12:10:25Z</time>
   </trkpt>
   <trkpt lat="51.4736010" lon="-0.2514350">
    <ele>4.2</ele>
    <time>2026-01-03T12:10:26Z</time>
   </trkpt>
   <trkpt lat="51.4735810" lon="-0.2514520">
    <ele>4.2</ele>
    <time>2026-01-03T12:10:27Z</time>
   </trkpt>
   <trkpt lat="51.4735750" lon="-0.2514590">
    <ele>4.2</ele>
    <time>2026-01-03T12:10:28Z</time>
   </trkpt>
   <trkpt lat="51.4735680" lon="-0.2514650">
    <ele>4.2</ele>
    <time>2026-01-03T12:10:29Z</time>
   </trkpt>
   <trkpt lat="51.4735500" lon="-0.2514780">
    <ele>4.2</ele>
    <time>2026-01-03T12:10:30Z</time>
   </trkpt>
   <trkpt lat="51.4735440" lon="-0.2514880">
    <ele>4.2</ele>
    <time>2026-01-03T12:10:31Z</time>
   </trkpt>
   <trkpt lat="51.4735370" lon="-0.2514980">
    <ele>4.2</ele>
    <time>2026-01-03T12:10:32Z</time>
   </trkpt>
   <trkpt lat="51.4735310" lon="-0.2515100">
    <ele>4.2</ele>
    <time>2026-01-03T12:10:33Z</time>
   </trkpt>
   <trkpt lat="51.4735190" lon="-0.2515240">
    <ele>4.2</ele>
    <time>2026-01-03T12:10:34Z</time>
   </trkpt>
   <trkpt lat="51.4735120" lon="-0.2515340">
    <ele>4.2</ele>
    <time>2026-01-03T12:10:35Z</time>
   </trkpt>
   <trkpt lat="51.4735010" lon="-0.2515450">
    <ele>4.2</ele>
    <time>2026-01-03T12:10:36Z</time>
   </trkpt>
   <trkpt lat="51.4734900" lon="-0.2515610">
    <ele>4.2</ele>
    <time>2026-01-03T12:10:37Z</time>
   </trkpt>
   <trkpt lat="51.4734840" lon="-0.2515690">
    <ele>4.2</ele>
    <time>2026-01-03T12:10:38Z</time>
   </trkpt>
   <trkpt lat="51.4734740" lon="-0.2515800">
    <ele>4.2</ele>
    <time>2026-01-03T12:10:39Z</time>
   </trkpt>
   <trkpt lat="51.4734650" lon="-0.2515930">
    <ele>4.2</ele>
    <time>2026-01-03T12:10:40Z</time>
   </trkpt>
   <trkpt lat="51.4734480" lon="-0.2516130">
    <ele>4.2</ele>
    <time>2026-01-03T12:10:41Z</time>
   </trkpt>
   <trkpt lat="51.4734410" lon="-0.2516200">
    <ele>4.2</ele>
    <time>2026-01-03T12:10:42Z</time>
   </trkpt>
   <trkpt lat="51.4734350" lon="-0.2516270">
    <ele>4.2</ele>
    <time>2026-01-03T12:10:43Z</time>
   </trkpt>
   <trkpt lat="51.4734260" lon="-0.2516390">
    <ele>4.2</ele>
    <time>2026-01-03T12:10:44Z</time>
   </trkpt>
   <trkpt lat="51.4734160" lon="-0.2516540">
    <ele>4.2</ele>
    <time>2026-01-03T12:10:45Z</time>
   </trkpt>
   <trkpt lat="51.4734080" lon="-0.2516660">
    <ele>4.2</ele>
    <time>2026-01-03T12:10:46Z</time>
   </trkpt>
   <trkpt lat="51.4733970" lon="-0.2516770">
    <ele>4.2</ele>
    <time>2026-01-03T12:10:47Z</time>
   </trkpt>
   <trkpt lat="51.4733850" lon="-0.2516920">
    <ele>4.2</ele>
    <time>2026-01-03T12:10:48Z</time>
   </trkpt>
   <trkpt lat="51.4733790" lon="-0.2517020">
    <ele>4.2</ele>
    <time>2026-01-03T12:10:49Z</time>
   </trkpt>
   <trkpt lat="51.4733680" lon="-0.2517170">
    <ele>4.2</ele>
    <time>2026-01-03T12:10:50Z</time>
   </trkpt>
   <trkpt lat="51.4733600" lon="-0.2517250">
    <ele>4.2</ele>
    <time>2026-01-03T12:10:51Z</time>
   </trkpt>
   <trkpt lat="51.4733490" lon="-0.2517370">
    <ele>4.2</ele>
    <time>2026-01-03T12:10:52Z</time>
   </trkpt>
   <trkpt lat="51.4733420" lon="-0.2517500">
    <ele>4.2</ele>
    <time>2026-01-03T12:10:53Z</time>
   </trkpt>
   <trkpt lat="51.4733340" lon="-0.2517600">
    <ele>4.2</ele>
    <time>2026-01-03T12:10:54Z</time>
   </trkpt>
   <trkpt lat="51.4733150" lon="-0.2517850">
    <ele>4.2</ele>
    <time>2026-01-03T12:10:55Z</time>
   </trkpt>
   <trkpt lat="51.4733090" lon="-0.2517940">
    <ele>4.2</ele>
    <time>2026-01-03T12:10:56Z</time>
   </trkpt>
   <trkpt lat="51.4733030" lon="-0.2518020">
    <ele>4.2</ele>
    <time>2026-01-03T12:10:57Z</time>
   </trkpt>
   <trkpt lat="51.4732880" lon="-0.2518210">
    <ele>4.2</ele>
    <time>2026-01-03T12:10:58Z</time>
   </trkpt>
   <trkpt lat="51.4732800" lon="-0.2518310">
    <ele>4.2</ele>
    <time>2026-01-03T12:10:59Z</time>
   </trkpt>
   <trkpt lat="51.4732730" lon="-0.2518400">
    <ele>4.2</ele>
    <time>2026-01-03T12:11:00Z</time>
   </trkpt>
   <trkpt lat="51.4732680" lon="-0.2518480">
    <ele>4.2</ele>
    <time>2026-01-03T12:11:01Z</time>
   </trkpt>
   <trkpt lat="51.4732560" lon="-0.2518630">
    <ele>4.2</ele>
    <time>2026-01-03T12:11:02Z</time>
   </trkpt>
   <trkpt lat="51.4732490" lon="-0.2518700">
    <ele>4.2</ele>
    <time>2026-01-03T12:11:03Z</time>
   </trkpt>
   <trkpt lat="51.4732380" lon="-0.2518830">
    <ele>4.2</ele>
    <time>2026-01-03T12:11:04Z</time>
   </trkpt>
   <trkpt lat="51.4732280" lon="-0.2518980">
    <ele>4.2</ele>
    <time>2026-01-03T12:11:05Z</time>
   </trkpt>
   <trkpt lat="51.4732210" lon="-0.2519070">
    <ele>4.2</ele>
    <time>2026-01-03T12:11:06Z</time>
   </trkpt>
   <trkpt lat="51.4732090" lon="-0.2519230">
    <ele>4.2</ele>
    <time>2026-01-03T12:11:07Z</time>
   </trkpt>
   <trkpt lat="51.4732020" lon="-0.2519300">
    <ele>4.2</ele>
    <time>2026-01-03T12:11:08Z</time>
   </trkpt>
   <trkpt lat="51.4731840" lon="-0.2519510">
    <ele>4.2</ele>
    <time>2026-01-03T12:11:09Z</time>
   </trkpt>
   <trkpt lat="51.4731770" lon="-0.2519580">
    <ele>4.2</ele>
    <time>2026-01-03T12:11:10Z</time>
   </trkpt>
   <trkpt lat="51.4731710" lon="-0.2519660">
    <ele>4.2</ele>
    <time>2026-01-03T12:11:11Z</time>
   </trkpt>
   <trkpt lat="51.4731650" lon="-0.2519770">
    <ele>4.2</ele>
    <time>2026-01-03T12:11:12Z</time>
   </trkpt>
   <trkpt lat="51.4731540" lon="-0.2519880">
    <ele>4.2</ele>
    <time>2026-01-03T12:11:13Z</time>
   </trkpt>
   <trkpt lat="51.4731440" lon="-0.2520010">
    <ele>4.2</ele>
    <time>2026-01-03T12:11:14Z</time>
   </trkpt>
   <trkpt lat="51.4731390" lon="-0.2520180">
    <ele>4.3</ele>
    <time>2026-01-03T12:11:15Z</time>
   </trkpt>
   <trkpt lat="51.4731270" lon="-0.2520360">
    <ele>4.3</ele>
    <time>2026-01-03T12:11:16Z</time>
   </trkpt>
   <trkpt lat="51.4731100" lon="-0.2520590">
    <ele>4.3</ele>
    <time>2026-01-03T12:11:17Z</time>
   </trkpt>
   <trkpt lat="51.4731020" lon="-0.2520690">
    <ele>4.3</ele>
    <time>2026-01-03T12:11:18Z</time>
   </trkpt>
   <trkpt lat="51.4730940" lon="-0.2520790">
    <ele>4.3</ele>
    <time>2026-01-03T12:11:19Z</time>
   </trkpt>
   <trkpt lat="51.4730880" lon="-0.2520850">
    <ele>4.3</ele>
    <time>2026-01-03T12:11:20Z</time>
   </trkpt>
   <trkpt lat="51.4730760" lon="-0.2520990">
    <ele>4.3</ele>
    <time>2026-01-03T12:11:21Z</time>
   </trkpt>
   <trkpt lat="51.4730690" lon="-0.2521070">
    <ele>4.3</ele>
    <time>2026-01-03T12:11:22Z</time>
   </trkpt>
   <trkpt lat="51.4730600" lon="-0.2521200">
    <ele>4.2</ele>
    <time>2026-01-03T12:11:23Z</time>
   </trkpt>
   <trkpt lat="51.4730520" lon="-0.2521300">
    <ele>4.2</ele>
    <time>2026-01-03T12:11:24Z</time>
   </trkpt>
   <trkpt lat="51.4730430" lon="-0.2521410">
    <ele>4.2</ele>
    <time>2026-01-03T12:11:25Z</time>
   </trkpt>
   <trkpt lat="51.4730330" lon="-0.2521580">
    <ele>4.2</ele>
    <time>2026-01-03T12:11:26Z</time>
   </trkpt>
   <trkpt lat="51.4730260" lon="-0.2521650">
    <ele>4.2</ele>
    <time>2026-01-03T12:11:27Z</time>
   </trkpt>
   <trkpt lat="51.4730160" lon="-0.2521780">
    <ele>4.2</ele>
    <time>2026-01-03T12:11:28Z</time>
   </trkpt>
   <trkpt lat="51.4730070" lon="-0.2521900">
    <ele>4.2</ele>
    <time>2026-01-03T12:11:29Z</time>
   </trkpt>
   <trkpt lat="51.4729980" lon="-0.2522050">
    <ele>4.2</ele>
    <time>2026-01-03T12:11:30Z</time>
   </trkpt>
   <trkpt lat="51.4729900" lon="-0.2522150">
    <ele>4.2</ele>
    <time>2026-01-03T12:11:31Z</time>
   </trkpt>
   <trkpt lat="51.4729810" lon="-0.2522280">
    <ele>4.2</ele>
    <time>2026-01-03T12:11:32Z</time>
   </trkpt>
   <trkpt lat="51.4729690" lon="-0.2522460">
    <ele>4.2</ele>
    <time>2026-01-03T12:11:33Z</time>
   </trkpt>
   <trkpt lat="51.4729570" lon="-0.2522660">
    <ele>4.2</ele>
    <time>2026-01-03T12:11:34Z</time>
   </trkpt>
   <trkpt lat="51.4729490" lon="-0.2522750">
    <ele>4.2</ele>
    <time>2026-01-03T12:11:35Z</time>
   </trkpt>
   <trkpt lat="51.4729420" lon="-0.2522850">
    <ele>4.2</ele>
    <time>2026-01-03T12:11:36Z</time>
   </trkpt>
   <trkpt lat="51.4729230" lon="-0.2523120">
    <ele>4.2</ele>
    <time>2026-01-03T12:11:37Z</time>
   </trkpt>
   <trkpt lat="51.4729170" lon="-0.2523200">
    <ele>4.2</ele>
    <time>2026-01-03T12:11:38Z</time>
   </trkpt>
   <trkpt lat="51.4729100" lon="-0.2523290">
    <ele>4.2</ele>
    <time>2026-01-03T12:11:39Z</time>
   </trkpt>
   <trkpt lat="51.4729030" lon="-0.2523370">
    <ele>4.2</ele>
    <time>2026-01-03T12:11:40Z</time>
   </trkpt>
   <trkpt lat="51.4728910" lon="-0.2523510">
    <ele>4.2</ele>
    <time>2026-01-03T12:11:41Z</time>
   </trkpt>
   <trkpt lat="51.4728840" lon="-0.2523640">
    <ele>4.2</ele>
    <time>2026-01-03T12:11:42Z</time>
   </trkpt>
   <trkpt lat="51.4728740" lon="-0.2523770">
    <ele>4.2</ele>
    <time>2026-01-03T12:11:43Z</time>
   </trkpt>
   <trkpt lat="51.4728640" lon="-0.2523910">
    <ele>4.2</ele>
    <time>2026-01-03T12:11:44Z</time>
   </trkpt>
   <trkpt lat="51.4728570" lon="-0.2524010">
    <ele>4.2</ele>
    <time>2026-01-03T12:11:45Z</time>
   </trkpt>
   <trkpt lat="51.4728400" lon="-0.2524250">
    <ele>4.2</ele>
    <time>2026-01-03T12:11:46Z</time>
   </trkpt>
   <trkpt lat="51.4728330" lon="-0.2524330">
    <ele>4.2</ele>
    <time>2026-01-03T12:11:47Z</time>
   </trkpt>
   <trkpt lat="51.4728270" lon="-0.2524420">
    <ele>4.2</ele>
    <time>2026-01-03T12:11:48Z</time>
   </trkpt>
   <trkpt lat="51.4728210" lon="-0.2524540">
    <ele>4.2</ele>
    <time>2026-01-03T12:11:49Z</time>
   </trkpt>
   <trkpt lat="51.4728100" lon="-0.2524690">
    <ele>4.2</ele>
    <time>2026-01-03T12:11:50Z</time>
   </trkpt>
   <trkpt lat="51.4728020" lon="-0.2524770">
    <ele>4.2</ele>
    <time>2026-01-03T12:11:51Z</time>
   </trkpt>
   <trkpt lat="51.4727840" lon="-0.2525030">
    <ele>4.2</ele>
    <time>2026-01-03T12:11:52Z</time>
   </trkpt>
   <trkpt lat="51.4727780" lon="-0.2525120">
    <ele>4.2</ele>
    <time>2026-01-03T12:11:53Z</time>
   </trkpt>
   <trkpt lat="51.4727720" lon="-0.2525200">
    <ele>4.2</ele>
    <time>2026-01-03T12:11:54Z</time>
   </trkpt>
   <trkpt lat="51.4727640" lon="-0.2525330">
    <ele>4.2</ele>
    <time>2026-01-03T12:11:55Z</time>
   </trkpt>
   <trkpt lat="51.4727550" lon="-0.2525460">
    <ele>4.2</ele>
    <time>2026-01-03T12:11:56Z</time>
   </trkpt>
   <trkpt lat="51.4727460" lon="-0.2525600">
    <ele>4.2</ele>
    <time>2026-01-03T12:11:57Z</time>
   </trkpt>
   <trkpt lat="51.4727380" lon="-0.2525700">
    <ele>4.2</ele>
    <time>2026-01-03T12:11:58Z</time>
   </trkpt>
   <trkpt lat="51.4727270" lon="-0.2525820">
    <ele>4.2</ele>
    <time>2026-01-03T12:11:59Z</time>
   </trkpt>
   <trkpt lat="51.4727190" lon="-0.2525970">
    <ele>4.2</ele>
    <time>2026-01-03T12:12:00Z</time>
   </trkpt>
   <trkpt lat="51.4727050" lon="-0.2526190">
    <ele>4.2</ele>
    <time>2026-01-03T12:12:01Z</time>
   </trkpt>
   <trkpt lat="51.4726990" lon="-0.2526290">
    <ele>4.2</ele>
    <time>2026-01-03T12:12:03Z</time>
   </trkpt>
   <trkpt lat="51.4726930" lon="-0.2526390">
    <ele>4.2</ele>
    <time>2026-01-03T12:12:04Z</time>
   </trkpt>
   <trkpt lat="51.4726880" lon="-0.2526510">
    <ele>4.2</ele>
    <time>2026-01-03T12:12:05Z</time>
   </trkpt>
   <trkpt lat="51.4726740" lon="-0.2526740">
    <ele>4.2</ele>
    <time>2026-01-03T12:12:06Z</time>
   </trkpt>
   <trkpt lat="51.4726690" lon="-0.2526850">
    <ele>4.2</ele>
    <time>2026-01-03T12:12:07Z</time>
   </trkpt>
   <trkpt lat="51.4726600" lon="-0.2527050">
    <ele>4.2</ele>
    <time>2026-01-03T12:12:08Z</time>
   </trkpt>
   <trkpt lat="51.4726510" lon="-0.2527160">
    <ele>4.2</ele>
    <time>2026-01-03T12:12:09Z</time>
   </trkpt>
   <trkpt lat="51.4726340" lon="-0.2527430">
    <ele>4.2</ele>
    <time>2026-01-03T12:12:10Z</time>
   </trkpt>
   <trkpt lat="51.4726290" lon="-0.2527510">
    <ele>4.2</ele>
    <time>2026-01-03T12:12:11Z</time>
   </trkpt>
   <trkpt lat="51.4726230" lon="-0.2527590">
    <ele>4.2</ele>
    <time>2026-01-03T12:12:12Z</time>
   </trkpt>
   <trkpt lat="51.4726160" lon="-0.2527690">
    <ele>4.2</ele>
    <time>2026-01-03T12:12:13Z</time>
   </trkpt>
   <trkpt lat="51.4726060" lon="-0.2527880">
    <ele>4.2</ele>
    <time>2026-01-03T12:12:14Z</time>
   </trkpt>
   <trkpt lat="51.4726000" lon="-0.2527960">
    <ele>4.2</ele>
    <time>2026-01-03T12:12:15Z</time>
   </trkpt>
   <trkpt lat="51.4725920" lon="-0.2528090">
    <ele>4.2</ele>
    <time>2026-01-03T12:12:16Z</time>
   </trkpt>
   <trkpt lat="51.4725760" lon="-0.2528380">
    <ele>4.2</ele>
    <time>2026-01-03T12:12:17Z</time>
   </trkpt>
   <trkpt lat="51.4725620" lon="-0.2528690">
    <ele>4.2</ele>
    <time>2026-01-03T12:12:18Z</time>
   </trkpt>
   <trkpt lat="51.4725570" lon="-0.2528780">
    <ele>4.2</ele>
    <time>2026-01-03T12:12:19Z</time>
   </trkpt>
   <trkpt lat="51.4725510" lon="-0.2528870">
    <ele>4.2</ele>
    <time>2026-01-03T12:12:20Z</time>
   </trkpt>
   <trkpt lat="51.4725430" lon="-0.2528970">
    <ele>4.2</ele>
    <time>2026-01-03T12:12:21Z</time>
   </trkpt>
   <trkpt lat="51.4725350" lon="-0.2529070">
    <ele>4.2</ele>
    <time>2026-01-03T12:12:22Z</time>
   </trkpt>
   <trkpt lat="51.4725310" lon="-0.2529110">
    <ele>4.2</ele>
    <time>2026-01-03T12:12:23Z</time>
   </trkpt>
   <trkpt lat="51.4725250" lon="-0.2529190">
    <ele>4.2</ele>
    <time>2026-01-03T12:12:24Z</time>
   </trkpt>
   <trkpt lat="51.4725160" lon="-0.2529340">
    <ele>4.2</ele>
    <time>2026-01-03T12:12:25Z</time>
   </trkpt>
   <trkpt lat="51.4725080" lon="-0.2529450">
    <ele>4.2</ele>
    <time>2026-01-03T12:12:26Z</time>
   </trkpt>
   <trkpt lat="51.4725010" lon="-0.2529530">
    <ele>4.2</ele>
    <time>2026-01-03T12:12:27Z</time>
   </trkpt>
   <trkpt lat="51.4724920" lon="-0.2529660">
    <ele>4.2</ele>
    <time>2026-01-03T12:12:28Z</time>
   </trkpt>
   <trkpt lat="51.4724860" lon="-0.2529760">
    <ele>4.2</ele>
    <time>2026-01-03T12:12:29Z</time>
   </trkpt>
   <trkpt lat="51.4724800" lon="-0.2529850">
    <ele>4.2</ele>
    <time>2026-01-03T12:12:30Z</time>
   </trkpt>
   <trkpt lat="51.4724740" lon="-0.2529950">
    <ele>4.2</ele>
    <time>2026-01-03T12:12:31Z</time>
   </trkpt>
   <trkpt lat="51.4724670" lon="-0.2530020">
    <ele>4.2</ele>
    <time>2026-01-03T12:12:32Z</time>
   </trkpt>
   <trkpt lat="51.4724570" lon="-0.2530130">
    <ele>4.2</ele>
    <time>2026-01-03T12:12:33Z</time>
   </trkpt>
   <trkpt lat="51.4724520" lon="-0.2530220">
    <ele>4.2</ele>
    <time>2026-01-03T12:12:34Z</time>
   </trkpt>
   <trkpt lat="51.4724470" lon="-0.2530340">
    <ele>4.2</ele>
    <time>2026-01-03T12:12:35Z</time>
   </trkpt>
   <trkpt lat="51.4724390" lon="-0.2530460">
    <ele>4.2</ele>
    <time>2026-01-03T12:12:36Z</time>
   </trkpt>
   <trkpt lat="51.4724320" lon="-0.2530470">
    <ele>4.2</ele>
    <time>2026-01-03T12:12:37Z</time>
   </trkpt>
   <trkpt lat="51.4724210" lon="-0.2530560">
    <ele>4.1</ele>
    <time>2026-01-03T12:12:38Z</time>
   </trkpt>
   <trkpt lat="51.4724130" lon="-0.2530630">
    <ele>4.1</ele>
    <time>2026-01-03T12:12:39Z</time>
   </trkpt>
   <trkpt lat="51.4724040" lon="-0.2530700">
    <ele>4.1</ele>
    <time>2026-01-03T12:12:40Z</time>
   </trkpt>
   <trkpt lat="51.4723940" lon="-0.2530780">
    <ele>4.1</ele>
    <time>2026-01-03T12:12:41Z</time>
   </trkpt>
   <trkpt lat="51.4723880" lon="-0.2530900">
    <ele>4.1</ele>
    <time>2026-01-03T12:12:42Z</time>
   </trkpt>
   <trkpt lat="51.4723850" lon="-0.2530940">
    <ele>4.1</ele>
    <time>2026-01-03T12:12:43Z</time>
   </trkpt>
   <trkpt lat="51.4723840" lon="-0.2531030">
    <ele>4.1</ele>
    <time>2026-01-03T12:12:44Z</time>
   </trkpt>
   <trkpt lat="51.4723740" lon="-0.2531180">
    <ele>4.0</ele>
    <time>2026-01-03T12:12:45Z</time>
   </trkpt>
   <trkpt lat="51.4723670" lon="-0.2531300">
    <ele>4.0</ele>
    <time>2026-01-03T12:12:46Z</time>
   </trkpt>
   <trkpt lat="51.4723670" lon="-0.2531440">
    <ele>4.0</ele>
    <time>2026-01-03T12:12:47Z</time>
   </trkpt>
   <trkpt lat="51.4723640" lon="-0.2531580">
    <ele>4.0</ele>
    <time>2026-01-03T12:12:48Z</time>
   </trkpt>
   <trkpt lat="51.4723610" lon="-0.2531720">
    <ele>4.0</ele>
    <time>2026-01-03T12:12:49Z</time>
   </trkpt>
   <trkpt lat="51.4723580" lon="-0.2531820">
    <ele>4.0</ele>
    <time>2026-01-03T12:12:50Z</time>
   </trkpt>
   <trkpt lat="51.4723480" lon="-0.2532060">
    <ele>3.9</ele>
    <time>2026-01-03T12:12:51Z</time>
   </trkpt>
   <trkpt lat="51.4723450" lon="-0.2532190">
    <ele>3.9</ele>
    <time>2026-01-03T12:12:52Z</time>
   </trkpt>
   <trkpt lat="51.4723260" lon="-0.2532340">
    <ele>3.9</ele>
    <time>2026-01-03T12:12:53Z</time>
   </trkpt>
   <trkpt lat="51.4723150" lon="-0.2532410">
    <ele>3.9</ele>
    <time>2026-01-03T12:12:54Z</time>
   </trkpt>
   <trkpt lat="51.4723050" lon="-0.2532480">
    <ele>3.9</ele>
    <time>2026-01-03T12:12:55Z</time>
   </trkpt>
   <trkpt lat="51.4722960" lon="-0.2532600">
    <ele>3.8</ele>
    <time>2026-01-03T12:12:56Z</time>
   </trkpt>
   <trkpt lat="51.4722840" lon="-0.2532770">
    <ele>3.8</ele>
    <time>2026-01-03T12:12:57Z</time>
   </trkpt>
   <trkpt lat="51.4722730" lon="-0.2532950">
    <ele>3.8</ele>
    <time>2026-01-03T12:12:58Z</time>
   </trkpt>
   <trkpt lat="51.4722640" lon="-0.2533100">
    <ele>3.8</ele>
    <time>2026-01-03T12:12:59Z</time>
   </trkpt>
   <trkpt lat="51.4722540" lon="-0.2533260">
    <ele>3.8</ele>
    <time>2026-01-03T12:13:00Z</time>
   </trkpt>
   <trkpt lat="51.4722390" lon="-0.2533330">
    <ele>3.8</ele>
    <time>2026-01-03T12:13:01Z</time>
   </trkpt>
   <trkpt lat="51.4722300" lon="-0.2533360">
    <ele>3.8</ele>
    <time>2026-01-03T12:13:02Z</time>
   </trkpt>
   <trkpt lat="51.4722170" lon="-0.2533390">
    <ele>3.8</ele>
    <time>2026-01-03T12:13:03Z</time>
   </trkpt>
   <trkpt lat="51.4722040" lon="-0.2533410">
    <ele>3.8</ele>
    <time>2026-01-03T12:13:04Z</time>
   </trkpt>
   <trkpt lat="51.4721910" lon="-0.2533490">
    <ele>3.8</ele>
    <time>2026-01-03T12:13:05Z</time>
   </trkpt>
   <trkpt lat="51.4721800" lon="-0.2533620">
    <ele>3.8</ele>
    <time>2026-01-03T12:13:06Z</time>
   </trkpt>
   <trkpt lat="51.4721750" lon="-0.2533720">
    <ele>3.8</ele>
    <time>2026-01-03T12:13:07Z</time>
   </trkpt>
   <trkpt lat="51.4721670" lon="-0.2533850">
    <ele>3.9</ele>
    <time>2026-01-03T12:13:08Z</time>
   </trkpt>
   <trkpt lat="51.4721580" lon="-0.2534050">
    <ele>3.9</ele>
    <time>2026-01-03T12:13:09Z</time>
   </trkpt>
   <trkpt lat="51.4721490" lon="-0.2534210">
    <ele>3.9</ele>
    <time>2026-01-03T12:13:10Z</time>
   </trkpt>
   <trkpt lat="51.4721400" lon="-0.2534390">
    <ele>3.9</ele>
    <time>2026-01-03T12:13:11Z</time>
   </trkpt>
   <trkpt lat="51.4721320" lon="-0.2534510">
    <ele>3.9</ele>
    <time>2026-01-03T12:13:12Z</time>
   </trkpt>
   <trkpt lat="51.4721230" lon="-0.2534680">
    <ele>3.9</ele>
    <time>2026-01-03T12:13:13Z</time>
   </trkpt>
   <trkpt lat="51.4721170" lon="-0.2534830">
    <ele>3.9</ele>
    <time>2026-01-03T12:13:14Z</time>
   </trkpt>
   <trkpt lat="51.4721030" lon="-0.2535110">
    <ele>3.9</ele>
    <time>2026-01-03T12:13:15Z</time>
   </trkpt>
   <trkpt lat="51.4720990" lon="-0.2535210">
    <ele>3.9</ele>
    <time>2026-01-03T12:13:16Z</time>
   </trkpt>
   <trkpt lat="51.4720940" lon="-0.2535300">
    <ele>3.9</ele>
    <time>2026-01-03T12:13:17Z</time>
   </trkpt>
   <trkpt lat="51.4720860" lon="-0.2535440">
    <ele>3.9</ele>
    <time>2026-01-03T12:13:18Z</time>
   </trkpt>
   <trkpt lat="51.4720790" lon="-0.2535610">
    <ele>3.9</ele>
    <time>2026-01-03T12:13:19Z</time>
   </trkpt>
   <trkpt lat="51.4720720" lon="-0.2535740">
    <ele>3.9</ele>
    <time>2026-01-03T12:13:20Z</time>
   </trkpt>
   <trkpt lat="51.4720630" lon="-0.2535870">
    <ele>3.9</ele>
    <time>2026-01-03T12:13:21Z</time>
   </trkpt>
   <trkpt lat="51.4720550" lon="-0.2536050">
    <ele>3.9</ele>
    <time>2026-01-03T12:13:22Z</time>
   </trkpt>
   <trkpt lat="51.4720500" lon="-0.2536130">
    <ele>3.9</ele>
    <time>2026-01-03T12:13:23Z</time>
   </trkpt>
   <trkpt lat="51.4720360" lon="-0.2536400">
    <ele>3.9</ele>
    <time>2026-01-03T12:13:24Z</time>
   </trkpt>
   <trkpt lat="51.4720310" lon="-0.2536490">
    <ele>3.9</ele>
    <time>2026-01-03T12:13:25Z</time>
   </trkpt>
   <trkpt lat="51.4720260" lon="-0.2536580">
    <ele>3.9</ele>
    <time>2026-01-03T12:13:26Z</time>
   </trkpt>
   <trkpt lat="51.4720190" lon="-0.2536700">
    <ele>3.9</ele>
    <time>2026-01-03T12:13:27Z</time>
   </trkpt>
   <trkpt lat="51.4720130" lon="-0.2536870">
    <ele>3.9</ele>
    <time>2026-01-03T12:13:28Z</time>
   </trkpt>
   <trkpt lat="51.4720040" lon="-0.2537040">
    <ele>3.9</ele>
    <time>2026-01-03T12:13:29Z</time>
   </trkpt>
   <trkpt lat="51.4719950" lon="-0.2537180">
    <ele>3.9</ele>
    <time>2026-01-03T12:13:30Z</time>
   </trkpt>
   <trkpt lat="51.4719870" lon="-0.2537260">
    <ele>3.9</ele>
    <time>2026-01-03T12:13:31Z</time>
   </trkpt>
   <trkpt lat="51.4719790" lon="-0.2537440">
    <ele>3.9</ele>
    <time>2026-01-03T12:13:32Z</time>
   </trkpt>
   <trkpt lat="51.4719730" lon="-0.2537570">
    <ele>3.9</ele>
    <time>2026-01-03T12:13:33Z</time>
   </trkpt>
   <trkpt lat="51.4719630" lon="-0.2537750">
    <ele>3.9</ele>
    <time>2026-01-03T12:13:34Z</time>
   </trkpt>
   <trkpt lat="51.4719580" lon="-0.2537810">
    <ele>3.9</ele>
    <time>2026-01-03T12:13:35Z</time>
   </trkpt>
   <trkpt lat="51.4719440" lon="-0.2538060">
    <ele>3.9</ele>
    <time>2026-01-03T12:13:36Z</time>
   </trkpt>
   <trkpt lat="51.4719400" lon="-0.2538160">
    <ele>3.9</ele>
    <time>2026-01-03T12:13:37Z</time>
   </trkpt>
   <trkpt lat="51.4719350" lon="-0.2538260">
    <ele>3.9</ele>
    <time>2026-01-03T12:13:38Z</time>
   </trkpt>
   <trkpt lat="51.4719230" lon="-0.2538530">
    <ele>3.9</ele>
    <time>2026-01-03T12:13:39Z</time>
   </trkpt>
   <trkpt lat="51.4719170" lon="-0.2538630">
    <ele>3.9</ele>
    <time>2026-01-03T12:13:40Z</time>
   </trkpt>
   <trkpt lat="51.4719120" lon="-0.2538740">
    <ele>3.9</ele>
    <time>2026-01-03T12:13:41Z</time>
   </trkpt>
   <trkpt lat="51.4719060" lon="-0.2538840">
    <ele>3.9</ele>
    <time>2026-01-03T12:13:42Z</time>
   </trkpt>
   <trkpt lat="51.4718960" lon="-0.2539010">
    <ele>3.9</ele>
    <time>2026-01-03T12:13:43Z</time>
   </trkpt>
   <trkpt lat="51.4718880" lon="-0.2539170">
    <ele>3.9</ele>
    <time>2026-01-03T12:13:44Z</time>
   </trkpt>
   <trkpt lat="51.4718810" lon="-0.2539320">
    <ele>3.9</ele>
    <time>2026-01-03T12:13:45Z</time>
   </trkpt>
   <trkpt lat="51.4718740" lon="-0.2539440">
    <ele>3.9</ele>
    <time>2026-01-03T12:13:46Z</time>
   </trkpt>
   <trkpt lat="51.4718650" lon="-0.2539610">
    <ele>3.9</ele>
    <time>2026-01-03T12:13:47Z</time>
   </trkpt>
   <trkpt lat="51.4718540" lon="-0.2539870">
    <ele>3.9</ele>
    <time>2026-01-03T12:13:48Z</time>
   </trkpt>
   <trkpt lat="51.4718490" lon="-0.2539980">
    <ele>3.9</ele>
    <time>2026-01-03T12:13:49Z</time>
   </trkpt>
   <trkpt lat="51.4718430" lon="-0.2540100">
    <ele>4.0</ele>
    <time>2026-01-03T12:13:50Z</time>
   </trkpt>
   <trkpt lat="51.4718390" lon="-0.2540220">
    <ele>4.0</ele>
    <time>2026-01-03T12:13:51Z</time>
   </trkpt>
   <trkpt lat="51.4718280" lon="-0.2540420">
    <ele>4.0</ele>
    <time>2026-01-03T12:13:52Z</time>
   </trkpt>
   <trkpt lat="51.4718230" lon="-0.2540530">
    <ele>4.0</ele>
    <time>2026-01-03T12:13:53Z</time>
   </trkpt>
   <trkpt lat="51.4718080" lon="-0.2540840">
    <ele>4.0</ele>
    <time>2026-01-03T12:13:54Z</time>
   </trkpt>
   <trkpt lat="51.4718030" lon="-0.2540960">
    <ele>4.0</ele>
    <time>2026-01-03T12:13:55Z</time>
   </trkpt>
   <trkpt lat="51.4717970" lon="-0.2541080">
    <ele>4.0</ele>
    <time>2026-01-03T12:13:56Z</time>
   </trkpt>
   <trkpt lat="51.4717910" lon="-0.2541140">
    <ele>4.0</ele>
    <time>2026-01-03T12:13:57Z</time>
   </trkpt>
   <trkpt lat="51.4717800" lon="-0.2541340">
    <ele>4.0</ele>
    <time>2026-01-03T12:13:58Z</time>
   </trkpt>
   <trkpt lat="51.4717750" lon="-0.2541430">
    <ele>4.0</ele>
    <time>2026-01-03T12:13:59Z</time>
   </trkpt>
   <trkpt lat="51.4717660" lon="-0.2541660">
    <ele>4.0</ele>
    <time>2026-01-03T12:14:00Z</time>
   </trkpt>
   <trkpt lat="51.4717610" lon="-0.2541720">
    <ele>4.0</ele>
    <time>2026-01-03T12:14:01Z</time>
   </trkpt>
   <trkpt lat="51.4717510" lon="-0.2541830">
    <ele>4.0</ele>
    <time>2026-01-03T12:14:02Z</time>
   </trkpt>
   <trkpt lat="51.4717450" lon="-0.2541970">
    <ele>4.0</ele>
    <time>2026-01-03T12:14:03Z</time>
   </trkpt>
   <trkpt lat="51.4717350" lon="-0.2542150">
    <ele>4.0</ele>
    <time>2026-01-03T12:14:04Z</time>
   </trkpt>
   <trkpt lat="51.4717310" lon="-0.2542290">
    <ele>4.0</ele>
    <time>2026-01-03T12:14:05Z</time>
   </trkpt>
   <trkpt lat="51.4717230" lon="-0.2542470">
    <ele>4.0</ele>
    <time>2026-01-03T12:14:06Z</time>
   </trkpt>
   <trkpt lat="51.4717160" lon="-0.2542600">
    <ele>4.0</ele>
    <time>2026-01-03T12:14:07Z</time>
   </trkpt>
   <trkpt lat="51.4717060" lon="-0.2542760">
    <ele>4.0</ele>
    <time>2026-01-03T12:14:09Z</time>
   </trkpt>
   <trkpt lat="51.4716900" lon="-0.2543020">
    <ele>4.0</ele>
    <time>2026-01-03T12:14:10Z</time>
   </trkpt>
   <trkpt lat="51.4716800" lon="-0.2543210">
    <ele>4.0</ele>
    <time>2026-01-03T12:14:12Z</time>
   </trkpt>
   <trkpt lat="51.4716670" lon="-0.2543490">
    <ele>4.0</ele>
    <time>2026-01-03T12:14:13Z</time>
   </trkpt>
   <trkpt lat="51.4716580" lon="-0.2543640">
    <ele>4.0</ele>
    <time>2026-01-03T12:14:15Z</time>
   </trkpt>
   <trkpt lat="51.4716430" lon="-0.2543950">
    <ele>4.0</ele>
    <time>2026-01-03T12:14:16Z</time>
   </trkpt>
   <trkpt lat="51.4716390" lon="-0.2544070">
    <ele>4.0</ele>
    <time>2026-01-03T12:14:17Z</time>
   </trkpt>
   <trkpt lat="51.4716240" lon="-0.2544360">
    <ele>4.0</ele>
    <time>2026-01-03T12:14:18Z</time>
   </trkpt>
   <trkpt lat="51.4716200" lon="-0.2544460">
    <ele>4.0</ele>
    <time>2026-01-03T12:14:19Z</time>
   </trkpt>
   <trkpt lat="51.4716150" lon="-0.2544550">
    <ele>4.0</ele>
    <time>2026-01-03T12:14:20Z</time>
   </trkpt>
   <trkpt lat="51.4716030" lon="-0.2544810">
    <ele>4.0</ele>
    <time>2026-01-03T12:14:21Z</time>
   </trkpt>
   <trkpt lat="51.4715960" lon="-0.2544940">
    <ele>4.0</ele>
    <time>2026-01-03T12:14:22Z</time>
   </trkpt>
   <trkpt lat="51.4715900" lon="-0.2545060">
    <ele>4.0</ele>
    <time>2026-01-03T12:14:23Z</time>
   </trkpt>
   <trkpt lat="51.4715870" lon="-0.2545170">
    <ele>4.0</ele>
    <time>2026-01-03T12:14:24Z</time>
   </trkpt>
   <trkpt lat="51.4715770" lon="-0.2545410">
    <ele>4.1</ele>
    <time>2026-01-03T12:14:25Z</time>
   </trkpt>
   <trkpt lat="51.4715700" lon="-0.2545500">
    <ele>4.1</ele>
    <time>2026-01-03T12:14:26Z</time>
   </trkpt>
   <trkpt lat="51.4715560" lon="-0.2545760">
    <ele>4.1</ele>
    <time>2026-01-03T12:14:27Z</time>
   </trkpt>
   <trkpt lat="51.4715520" lon="-0.2545870">
    <ele>4.1</ele>
    <time>2026-01-03T12:14:28Z</time>
   </trkpt>
   <trkpt lat="51.4715470" lon="-0.2545970">
    <ele>4.1</ele>
    <time>2026-01-03T12:14:29Z</time>
   </trkpt>
   <trkpt lat="51.4715330" lon="-0.2546230">
    <ele>4.1</ele>
    <time>2026-01-03T12:14:30Z</time>
   </trkpt>
   <trkpt lat="51.4715290" lon="-0.2546330">
    <ele>4.1</ele>
    <time>2026-01-03T12:14:31Z</time>
   </trkpt>
   <trkpt lat="51.4715240" lon="-0.2546430">
    <ele>4.1</ele>
    <time>2026-01-03T12:14:32Z</time>
   </trkpt>
   <trkpt lat="51.4715170" lon="-0.2546600">
    <ele>4.1</ele>
    <time>2026-01-03T12:14:33Z</time>
   </trkpt>
   <trkpt lat="51.4715130" lon="-0.2546720">
    <ele>4.1</ele>
    <time>2026-01-03T12:14:34Z</time>
   </trkpt>
   <trkpt lat="51.4715070" lon="-0.2546910">
    <ele>4.1</ele>
    <time>2026-01-03T12:14:35Z</time>
   </trkpt>
   <trkpt lat="51.4714920" lon="-0.2547190">
    <ele>4.1</ele>
    <time>2026-01-03T12:14:36Z</time>
   </trkpt>
   <trkpt lat="51.4714870" lon="-0.2547290">
    <ele>4.1</ele>
    <time>2026-01-03T12:14:37Z</time>
   </trkpt>
   <trkpt lat="51.4714820" lon="-0.2547390">
    <ele>4.1</ele>
    <time>2026-01-03T12:14:38Z</time>
   </trkpt>
   <trkpt lat="51.4714780" lon="-0.2547510">
    <ele>4.1</ele>
    <time>2026-01-03T12:14:39Z</time>
   </trkpt>
   <trkpt lat="51.4714690" lon="-0.2547680">
    <ele>4.1</ele>
    <time>2026-01-03T12:14:40Z</time>
   </trkpt>
   <trkpt lat="51.4714630" lon="-0.2547780">
    <ele>4.1</ele>
    <time>2026-01-03T12:14:41Z</time>
   </trkpt>
   <trkpt lat="51.4714490" lon="-0.2548080">
    <ele>4.1</ele>
    <time>2026-01-03T12:14:42Z</time>
   </trkpt>
   <trkpt lat="51.4714460" lon="-0.2548180">
    <ele>4.1</ele>
    <time>2026-01-03T12:14:43Z</time>
   </trkpt>
   <trkpt lat="51.4714420" lon="-0.2548280">
    <ele>4.1</ele>
    <time>2026-01-03T12:14:44Z</time>
   </trkpt>
   <trkpt lat="51.4714300" lon="-0.2548550">
    <ele>4.1</ele>
    <time>2026-01-03T12:14:45Z</time>
   </trkpt>
   <trkpt lat="51.4714240" lon="-0.2548660">
    <ele>4.1</ele>
    <time>2026-01-03T12:14:46Z</time>
   </trkpt>
   <trkpt lat="51.4714190" lon="-0.2548770">
    <ele>4.1</ele>
    <time>2026-01-03T12:14:47Z</time>
   </trkpt>
   <trkpt lat="51.4714120" lon="-0.2548920">
    <ele>4.1</ele>
    <time>2026-01-03T12:14:48Z</time>
   </trkpt>
   <trkpt lat="51.4714060" lon="-0.2549100">
    <ele>4.1</ele>
    <time>2026-01-03T12:14:49Z</time>
   </trkpt>
   <trkpt lat="51.4713990" lon="-0.2549230">
    <ele>4.1</ele>
    <time>2026-01-03T12:14:50Z</time>
   </trkpt>
   <trkpt lat="51.4713870" lon="-0.2549490">
    <ele>4.1</ele>
    <time>2026-01-03T12:14:51Z</time>
   </trkpt>
   <trkpt lat="51.4713830" lon="-0.2549600">
    <ele>4.1</ele>
    <time>2026-01-03T12:14:52Z</time>
   </trkpt>
   <trkpt lat="51.4713780" lon="-0.2549710">
    <ele>4.1</ele>
    <time>2026-01-03T12:14:53Z</time>
   </trkpt>
   <trkpt lat="51.4713710" lon="-0.2549880">
    <ele>4.1</ele>
    <time>2026-01-03T12:14:54Z</time>
   </trkpt>
   <trkpt lat="51.4713640" lon="-0.2550070">
    <ele>4.1</ele>
    <time>2026-01-03T12:14:55Z</time>
   </trkpt>
   <trkpt lat="51.4713580" lon="-0.2550160">
    <ele>4.1</ele>
    <time>2026-01-03T12:14:56Z</time>
   </trkpt>
   <trkpt lat="51.4713500" lon="-0.2550330">
    <ele>4.1</ele>
    <time>2026-01-03T12:14:57Z</time>
   </trkpt>
   <trkpt lat="51.4713400" lon="-0.2550550">
    <ele>4.1</ele>
    <time>2026-01-03T12:14:58Z</time>
   </trkpt>
   <trkpt lat="51.4713370" lon="-0.2550690">
    <ele>4.1</ele>
    <time>2026-01-03T12:14:59Z</time>
   </trkpt>
   <trkpt lat="51.4713280" lon="-0.2550890">
    <ele>4.1</ele>
    <time>2026-01-03T12:15:00Z</time>
   </trkpt>
   <trkpt lat="51.4713230" lon="-0.2551000">
    <ele>4.1</ele>
    <time>2026-01-03T12:15:01Z</time>
   </trkpt>
   <trkpt lat="51.4713090" lon="-0.2551300">
    <ele>4.1</ele>
    <time>2026-01-03T12:15:02Z</time>
   </trkpt>
   <trkpt lat="51.4713040" lon="-0.2551390">
    <ele>4.1</ele>
    <time>2026-01-03T12:15:03Z</time>
   </trkpt>
   <trkpt lat="51.4712990" lon="-0.2551480">
    <ele>4.0</ele>
    <time>2026-01-03T12:15:04Z</time>
   </trkpt>
   <trkpt lat="51.4712900" lon="-0.2551760">
    <ele>4.0</ele>
    <time>2026-01-03T12:15:05Z</time>
   </trkpt>
   <trkpt lat="51.4712850" lon="-0.2551890">
    <ele>4.0</ele>
    <time>2026-01-03T12:15:06Z</time>
   </trkpt>
   <trkpt lat="51.4712800" lon="-0.2552010">
    <ele>4.0</ele>
    <time>2026-01-03T12:15:07Z</time>
   </trkpt>
   <trkpt lat="51.4712750" lon="-0.2552100">
    <ele>4.0</ele>
    <time>2026-01-03T12:15:08Z</time>
   </trkpt>
   <trkpt lat="51.4712660" lon="-0.2552310">
    <ele>4.0</ele>
    <time>2026-01-03T12:15:09Z</time>
   </trkpt>
   <trkpt lat="51.4712620" lon="-0.2552460">
    <ele>4.0</ele>
    <time>2026-01-03T12:15:10Z</time>
   </trkpt>
   <trkpt lat="51.4712500" lon="-0.2552780">
    <ele>4.0</ele>
    <time>2026-01-03T12:15:11Z</time>
   </trkpt>
   <trkpt lat="51.4712440" lon="-0.2552890">
    <ele>4.0</ele>
    <time>2026-01-03T12:15:12Z</time>
   </trkpt>
   <trkpt lat="51.4712390" lon="-0.2553000">
    <ele>4.0</ele>
    <time>2026-01-03T12:15:13Z</time>
   </trkpt>
   <trkpt lat="51.4712350" lon="-0.2553160">
    <ele>4.0</ele>
    <time>2026-01-03T12:15:14Z</time>
   </trkpt>
   <trkpt lat="51.4712270" lon="-0.2553370">
    <ele>4.0</ele>
    <time>2026-01-03T12:15:15Z</time>
   </trkpt>
   <trkpt lat="51.4712210" lon="-0.2553490">
    <ele>4.0</ele>
    <time>2026-01-03T12:15:16Z</time>
   </trkpt>
   <trkpt lat="51.4712090" lon="-0.2553780">
    <ele>4.0</ele>
    <time>2026-01-03T12:15:17Z</time>
   </trkpt>
   <trkpt lat="51.4712060" lon="-0.2553900">
    <ele>3.9</ele>
    <time>2026-01-03T12:15:18Z</time>
   </trkpt>
   <trkpt lat="51.4712020" lon="-0.2554020">
    <ele>3.9</ele>
    <time>2026-01-03T12:15:19Z</time>
   </trkpt>
   <trkpt lat="51.4711910" lon="-0.2554330">
    <ele>3.9</ele>
    <time>2026-01-03T12:15:20Z</time>
   </trkpt>
   <trkpt lat="51.4711860" lon="-0.2554450">
    <ele>3.9</ele>
    <time>2026-01-03T12:15:21Z</time>
   </trkpt>
   <trkpt lat="51.4711810" lon="-0.2554580">
    <ele>3.9</ele>
    <time>2026-01-03T12:15:22Z</time>
   </trkpt>
   <trkpt lat="51.4711760" lon="-0.2554670">
    <ele>3.9</ele>
    <time>2026-01-03T12:15:23Z</time>
   </trkpt>
   <trkpt lat="51.4711700" lon="-0.2554820">
    <ele>3.9</ele>
    <time>2026-01-03T12:15:24Z</time>
   </trkpt>
   <trkpt lat="51.4711640" lon="-0.2554980">
    <ele>3.9</ele>
    <time>2026-01-03T12:15:25Z</time>
   </trkpt>
   <trkpt lat="51.4711530" lon="-0.2555280">
    <ele>3.9</ele>
    <time>2026-01-03T12:15:26Z</time>
   </trkpt>
   <trkpt lat="51.4711480" lon="-0.2555380">
    <ele>3.9</ele>
    <time>2026-01-03T12:15:27Z</time>
   </trkpt>
   <trkpt lat="51.4711440" lon="-0.2555470">
    <ele>3.9</ele>
    <time>2026-01-03T12:15:28Z</time>
   </trkpt>
   <trkpt lat="51.4711410" lon="-0.2555650">
    <ele>3.9</ele>
    <time>2026-01-03T12:15:29Z</time>
   </trkpt>
   <trkpt lat="51.4711330" lon="-0.2555830">
    <ele>3.8</ele>
    <time>2026-01-03T12:15:30Z</time>
   </trkpt>
   <trkpt lat="51.4711280" lon="-0.2555980">
    <ele>3.8</ele>
    <time>2026-01-03T12:15:31Z</time>
   </trkpt>
   <trkpt lat="51.4711220" lon="-0.2556170">
    <ele>3.8</ele>
    <time>2026-01-03T12:15:32Z</time>
   </trkpt>
   <trkpt lat="51.4711160" lon="-0.2556350">
    <ele>3.8</ele>
    <time>2026-01-03T12:15:33Z</time>
   </trkpt>
   <trkpt lat="51.4711110" lon="-0.2556490">
    <ele>3.8</ele>
    <time>2026-01-03T12:15:34Z</time>
   </trkpt>
   <trkpt lat="51.4711040" lon="-0.2556650">
    <ele>3.8</ele>
    <time>2026-01-03T12:15:35Z</time>
   </trkpt>
   <trkpt lat="51.4711000" lon="-0.2556810">
    <ele>3.8</ele>
    <time>2026-01-03T12:15:36Z</time>
   </trkpt>
   <trkpt lat="51.4710960" lon="-0.2556990">
    <ele>3.8</ele>
    <time>2026-01-03T12:15:37Z</time>
   </trkpt>
   <trkpt lat="51.4710890" lon="-0.2557140">
    <ele>3.8</ele>
    <time>2026-01-03T12:15:38Z</time>
   </trkpt>
   <trkpt lat="51.4710810" lon="-0.2557320">
    <ele>3.8</ele>
    <time>2026-01-03T12:15:39Z</time>
   </trkpt>
   <trkpt lat="51.4710760" lon="-0.2557480">
    <ele>3.8</ele>
    <time>2026-01-03T12:15:40Z</time>
   </trkpt>
   <trkpt lat="51.4710710" lon="-0.2557600">
    <ele>3.8</ele>
    <time>2026-01-03T12:15:41Z</time>
   </trkpt>
   <trkpt lat="51.4710660" lon="-0.2557710">
    <ele>3.8</ele>
    <time>2026-01-03T12:15:42Z</time>
   </trkpt>
   <trkpt lat="51.4710570" lon="-0.2557900">
    <ele>3.7</ele>
    <time>2026-01-03T12:15:43Z</time>
   </trkpt>
   <trkpt lat="51.4710550" lon="-0.2558060">
    <ele>3.7</ele>
    <time>2026-01-03T12:15:44Z</time>
   </trkpt>
   <trkpt lat="51.4710480" lon="-0.2558280">
    <ele>3.7</ele>
    <time>2026-01-03T12:15:45Z</time>
   </trkpt>
   <trkpt lat="51.4710440" lon="-0.2558410">
    <ele>3.7</ele>
    <time>2026-01-03T12:15:46Z</time>
   </trkpt>
   <trkpt lat="51.4710340" lon="-0.2558730">
    <ele>3.7</ele>
    <time>2026-01-03T12:15:47Z</time>
   </trkpt>
   <trkpt lat="51.4710300" lon="-0.2558840">
    <ele>3.7</ele>
    <time>2026-01-03T12:15:48Z</time>
   </trkpt>
   <trkpt lat="51.4710260" lon="-0.2558950">
    <ele>3.7</ele>
    <time>2026-01-03T12:15:49Z</time>
   </trkpt>
   <trkpt lat="51.4710220" lon="-0.2559130">
    <ele>3.7</ele>
    <time>2026-01-03T12:15:50Z</time>
   </trkpt>
   <trkpt lat="51.4710180" lon="-0.2559280">
    <ele>3.7</ele>
    <time>2026-01-03T12:15:51Z</time>
   </trkpt>
   <trkpt lat="51.4710150" lon="-0.2559490">
    <ele>3.7</ele>
    <time>2026-01-03T12:15:52Z</time>
   </trkpt>
   <trkpt lat="51.4710060" lon="-0.2559760">
    <ele>3.7</ele>
    <time>2026-01-03T12:15:53Z</time>
   </trkpt>
   <trkpt lat="51.4710020" lon="-0.2559880">
    <ele>3.7</ele>
    <time>2026-01-03T12:15:54Z</time>
   </trkpt>
   <trkpt lat="51.4709970" lon="-0.2560010">
    <ele>3.7</ele>
    <time>2026-01-03T12:15:55Z</time>
   </trkpt>
   <trkpt lat="51.4709930" lon="-0.2560180">
    <ele>3.7</ele>
    <time>2026-01-03T12:15:56Z</time>
   </trkpt>
   <trkpt lat="51.4709880" lon="-0.2560400">
    <ele>3.7</ele>
    <time>2026-01-03T12:15:57Z</time>
   </trkpt>
   <trkpt lat="51.4709860" lon="-0.2560520">
    <ele>3.7</ele>
    <time>2026-01-03T12:15:58Z</time>
   </trkpt>
   <trkpt lat="51.4709760" lon="-0.2560820">
    <ele>3.7</ele>
    <time>2026-01-03T12:15:59Z</time>
   </trkpt>
   <trkpt lat="51.4709720" lon="-0.2560940">
    <ele>3.7</ele>
    <time>2026-01-03T12:16:00Z</time>
   </trkpt>
   <trkpt lat="51.4709680" lon="-0.2561070">
    <ele>3.7</ele>
    <time>2026-01-03T12:16:01Z</time>
   </trkpt>
   <trkpt lat="51.4709640" lon="-0.2561190">
    <ele>3.7</ele>
    <time>2026-01-03T12:16:02Z</time>
   </trkpt>
   <trkpt lat="51.4709550" lon="-0.2561350">
    <ele>3.7</ele>
    <time>2026-01-03T12:16:03Z</time>
   </trkpt>
   <trkpt lat="51.4709480" lon="-0.2561540">
    <ele>3.7</ele>
    <time>2026-01-03T12:16:04Z</time>
   </trkpt>
   <trkpt lat="51.4709440" lon="-0.2561650">
    <ele>3.7</ele>
    <time>2026-01-03T12:16:05Z</time>
   </trkpt>
   <trkpt lat="51.4709390" lon="-0.2561880">
    <ele>3.7</ele>
    <time>2026-01-03T12:16:06Z</time>
   </trkpt>
   <trkpt lat="51.4709340" lon="-0.2561990">
    <ele>3.7</ele>
    <time>2026-01-03T12:16:07Z</time>
   </trkpt>
   <trkpt lat="51.4709260" lon="-0.2562180">
    <ele>3.7</ele>
    <time>2026-01-03T12:16:08Z</time>
   </trkpt>
   <trkpt lat="51.4709210" lon="-0.2562350">
    <ele>3.7</ele>
    <time>2026-01-03T12:16:09Z</time>
   </trkpt>
   <trkpt lat="51.4709160" lon="-0.2562490">
    <ele>3.7</ele>
    <time>2026-01-03T12:16:10Z</time>
   </trkpt>
   <trkpt lat="51.4709060" lon="-0.2562830">
    <ele>3.7</ele>
    <time>2026-01-03T12:16:11Z</time>
   </trkpt>
   <trkpt lat="51.4709030" lon="-0.2562950">
    <ele>3.7</ele>
    <time>2026-01-03T12:16:12Z</time>
   </trkpt>
   <trkpt lat="51.4709000" lon="-0.2563070">
    <ele>3.7</ele>
    <time>2026-01-03T12:16:13Z</time>
   </trkpt>
   <trkpt lat="51.4708980" lon="-0.2563220">
    <ele>3.7</ele>
    <time>2026-01-03T12:16:14Z</time>
   </trkpt>
   <trkpt lat="51.4708920" lon="-0.2563420">
    <ele>3.7</ele>
    <time>2026-01-03T12:16:15Z</time>
   </trkpt>
   <trkpt lat="51.4708870" lon="-0.2563560">
    <ele>3.7</ele>
    <time>2026-01-03T12:16:16Z</time>
   </trkpt>
   <trkpt lat="51.4708780" lon="-0.2563870">
    <ele>3.7</ele>
    <time>2026-01-03T12:16:17Z</time>
   </trkpt>
   <trkpt lat="51.4708740" lon="-0.2564000">
    <ele>3.7</ele>
    <time>2026-01-03T12:16:18Z</time>
   </trkpt>
   <trkpt lat="51.4708710" lon="-0.2564130">
    <ele>3.7</ele>
    <time>2026-01-03T12:16:19Z</time>
   </trkpt>
   <trkpt lat="51.4708670" lon="-0.2564270">
    <ele>3.7</ele>
    <time>2026-01-03T12:16:20Z</time>
   </trkpt>
   <trkpt lat="51.4708590" lon="-0.2564450">
    <ele>3.7</ele>
    <time>2026-01-03T12:16:21Z</time>
   </trkpt>
   <trkpt lat="51.4708550" lon="-0.2564620">
    <ele>3.7</ele>
    <time>2026-01-03T12:16:22Z</time>
   </trkpt>
   <trkpt lat="51.4708490" lon="-0.2564820">
    <ele>3.7</ele>
    <time>2026-01-03T12:16:23Z</time>
   </trkpt>
   <trkpt lat="51.4708440" lon="-0.2564950">
    <ele>3.7</ele>
    <time>2026-01-03T12:16:24Z</time>
   </trkpt>
   <trkpt lat="51.4708390" lon="-0.2565110">
    <ele>3.7</ele>
    <time>2026-01-03T12:16:25Z</time>
   </trkpt>
   <trkpt lat="51.4708280" lon="-0.2565400">
    <ele>3.7</ele>
    <time>2026-01-03T12:16:26Z</time>
   </trkpt>
   <trkpt lat="51.4708250" lon="-0.2565510">
    <ele>3.7</ele>
    <time>2026-01-03T12:16:27Z</time>
   </trkpt>
   <trkpt lat="51.4708210" lon="-0.2565630">
    <ele>3.7</ele>
    <time>2026-01-03T12:16:28Z</time>
   </trkpt>
   <trkpt lat="51.4708160" lon="-0.2565820">
    <ele>3.7</ele>
    <time>2026-01-03T12:16:29Z</time>
   </trkpt>
   <trkpt lat="51.4708110" lon="-0.2565970">
    <ele>3.7</ele>
    <time>2026-01-03T12:16:30Z</time>
   </trkpt>
   <trkpt lat="51.4708100" lon="-0.2566080">
    <ele>3.7</ele>
    <time>2026-01-03T12:16:31Z</time>
   </trkpt>
   <trkpt lat="51.4708050" lon="-0.2566190">
    <ele>3.7</ele>
    <time>2026-01-03T12:16:32Z</time>
   </trkpt>
   <trkpt lat="51.4708010" lon="-0.2566370">
    <ele>3.7</ele>
    <time>2026-01-03T12:16:33Z</time>
   </trkpt>
   <trkpt lat="51.4707960" lon="-0.2566570">
    <ele>3.7</ele>
    <time>2026-01-03T12:16:34Z</time>
   </trkpt>
   <trkpt lat="51.4707920" lon="-0.2566740">
    <ele>3.7</ele>
    <time>2026-01-03T12:16:35Z</time>
   </trkpt>
   <trkpt lat="51.4707860" lon="-0.2566910">
    <ele>3.7</ele>
    <time>2026-01-03T12:16:36Z</time>
   </trkpt>
   <trkpt lat="51.4707840" lon="-0.2567070">
    <ele>3.7</ele>
    <time>2026-01-03T12:16:37Z</time>
   </trkpt>
   <trkpt lat="51.4707760" lon="-0.2567250">
    <ele>3.7</ele>
    <time>2026-01-03T12:16:38Z</time>
   </trkpt>
   <trkpt lat="51.4707730" lon="-0.2567430">
    <ele>3.7</ele>
    <time>2026-01-03T12:16:39Z</time>
   </trkpt>
   <trkpt lat="51.4707690" lon="-0.2567580">
    <ele>3.7</ele>
    <time>2026-01-03T12:16:40Z</time>
   </trkpt>
   <trkpt lat="51.4707610" lon="-0.2567760">
    <ele>3.7</ele>
    <time>2026-01-03T12:16:41Z</time>
   </trkpt>
   <trkpt lat="51.4707550" lon="-0.2567960">
    <ele>3.7</ele>
    <time>2026-01-03T12:16:42Z</time>
   </trkpt>
   <trkpt lat="51.4707510" lon="-0.2568100">
    <ele>3.7</ele>
    <time>2026-01-03T12:16:43Z</time>
   </trkpt>
   <trkpt lat="51.4707470" lon="-0.2568330">
    <ele>3.7</ele>
    <time>2026-01-03T12:16:44Z</time>
   </trkpt>
   <trkpt lat="51.4707440" lon="-0.2568460">
    <ele>3.7</ele>
    <time>2026-01-03T12:16:45Z</time>
   </trkpt>
   <trkpt lat="51.4707360" lon="-0.2568800">
    <ele>3.8</ele>
    <time>2026-01-03T12:16:46Z</time>
   </trkpt>
   <trkpt lat="51.4707330" lon="-0.2568900">
    <ele>3.8</ele>
    <time>2026-01-03T12:16:47Z</time>
   </trkpt>
   <trkpt lat="51.4707290" lon="-0.2569010">
    <ele>3.8</ele>
    <time>2026-01-03T12:16:48Z</time>
   </trkpt>
   <trkpt lat="51.4707210" lon="-0.2569340">
    <ele>3.8</ele>
    <time>2026-01-03T12:16:49Z</time>
   </trkpt>
   <trkpt lat="51.4707180" lon="-0.2569450">
    <ele>3.8</ele>
    <time>2026-01-03T12:16:50Z</time>
   </trkpt>
   <trkpt lat="51.4707160" lon="-0.2569560">
    <ele>3.8</ele>
    <time>2026-01-03T12:16:51Z</time>
   </trkpt>
   <trkpt lat="51.4707110" lon="-0.2569720">
    <ele>3.8</ele>
    <time>2026-01-03T12:16:52Z</time>
   </trkpt>
   <trkpt lat="51.4707040" lon="-0.2569920">
    <ele>3.8</ele>
    <time>2026-01-03T12:16:53Z</time>
   </trkpt>
   <trkpt lat="51.4707000" lon="-0.2570030">
    <ele>3.8</ele>
    <time>2026-01-03T12:16:54Z</time>
   </trkpt>
   <trkpt lat="51.4706940" lon="-0.2570200">
    <ele>3.8</ele>
    <time>2026-01-03T12:16:55Z</time>
   </trkpt>
   <trkpt lat="51.4706870" lon="-0.2570370">
    <ele>3.8</ele>
    <time>2026-01-03T12:16:56Z</time>
   </trkpt>
   <trkpt lat="51.4706820" lon="-0.2570530">
    <ele>3.8</ele>
    <time>2026-01-03T12:16:57Z</time>
   </trkpt>
   <trkpt lat="51.4706790" lon="-0.2570680">
    <ele>3.8</ele>
    <time>2026-01-03T12:16:58Z</time>
   </trkpt>
   <trkpt lat="51.4706740" lon="-0.2570800">
    <ele>3.8</ele>
    <time>2026-01-03T12:16:59Z</time>
   </trkpt>
   <trkpt lat="51.4706690" lon="-0.2570950">
    <ele>3.8</ele>
    <time>2026-01-03T12:17:00Z</time>
   </trkpt>
   <trkpt lat="51.4706630" lon="-0.2571120">
    <ele>3.8</ele>
    <time>2026-01-03T12:17:01Z</time>
   </trkpt>
   <trkpt lat="51.4706570" lon="-0.2571290">
    <ele>3.8</ele>
    <time>2026-01-03T12:17:02Z</time>
   </trkpt>
   <trkpt lat="51.4706550" lon="-0.2571450">
    <ele>3.8</ele>
    <time>2026-01-03T12:17:03Z</time>
   </trkpt>
   <trkpt lat="51.4706520" lon="-0.2571670">
    <ele>3.8</ele>
    <time>2026-01-03T12:17:04Z</time>
   </trkpt>
   <trkpt lat="51.4706500" lon="-0.2571780">
    <ele>3.8</ele>
    <time>2026-01-03T12:17:05Z</time>
   </trkpt>
   <trkpt lat="51.4706500" lon="-0.2571990">
    <ele>3.8</ele>
    <time>2026-01-03T12:17:06Z</time>
   </trkpt>
   <trkpt lat="51.4706480" lon="-0.2572260">
    <ele>3.8</ele>
    <time>2026-01-03T12:17:07Z</time>
   </trkpt>
   <trkpt lat="51.4706500" lon="-0.2572450">
    <ele>3.8</ele>
    <time>2026-01-03T12:17:08Z</time>
   </trkpt>
   <trkpt lat="51.4706480" lon="-0.2572760">
    <ele>3.8</ele>
    <time>2026-01-03T12:17:09Z</time>
   </trkpt>
   <trkpt lat="51.4706450" lon="-0.2572900">
    <ele>3.8</ele>
    <time>2026-01-03T12:17:10Z</time>
   </trkpt>
   <trkpt lat="51.4706360" lon="-0.2573280">
    <ele>3.8</ele>
    <time>2026-01-03T12:17:11Z</time>
   </trkpt>
   <trkpt lat="51.4706330" lon="-0.2573390">
    <ele>3.8</ele>
    <time>2026-01-03T12:17:12Z</time>
   </trkpt>
   <trkpt lat="51.4706300" lon="-0.2573490">
    <ele>3.8</ele>
    <time>2026-01-03T12:17:13Z</time>
   </trkpt>
   <trkpt lat="51.4706250" lon="-0.2573740">
    <ele>3.8</ele>
    <time>2026-01-03T12:17:14Z</time>
   </trkpt>
   <trkpt lat="51.4706210" lon="-0.2573810">
    <ele>3.8</ele>
    <time>2026-01-03T12:17:15Z</time>
   </trkpt>
   <trkpt lat="51.4706160" lon="-0.2573980">
    <ele>3.8</ele>
    <time>2026-01-03T12:17:16Z</time>
   </trkpt>
   <trkpt lat="51.4706090" lon="-0.2574140">
    <ele>3.8</ele>
    <time>2026-01-03T12:17:17Z</time>
   </trkpt>
   <trkpt lat="51.4706060" lon="-0.2574310">
    <ele>3.8</ele>
    <time>2026-01-03T12:17:18Z</time>
   </trkpt>
   <trkpt lat="51.4706010" lon="-0.2574470">
    <ele>3.8</ele>
    <time>2026-01-03T12:17:19Z</time>
   </trkpt>
   <trkpt lat="51.4706000" lon="-0.2574700">
    <ele>3.8</ele>
    <time>2026-01-03T12:17:20Z</time>
   </trkpt>
   <trkpt lat="51.4705990" lon="-0.2574900">
    <ele>3.8</ele>
    <time>2026-01-03T12:17:21Z</time>
   </trkpt>
   <trkpt lat="51.4705980" lon="-0.2575090">
    <ele>3.8</ele>
    <time>2026-01-03T12:17:22Z</time>
   </trkpt>
   <trkpt lat="51.4705940" lon="-0.2575240">
    <ele>3.8</ele>
    <time>2026-01-03T12:17:23Z</time>
   </trkpt>
   <trkpt lat="51.4705920" lon="-0.2575440">
    <ele>3.8</ele>
    <time>2026-01-03T12:17:24Z</time>
   </trkpt>
   <trkpt lat="51.4705880" lon="-0.2575760">
    <ele>3.8</ele>
    <time>2026-01-03T12:17:25Z</time>
   </trkpt>
   <trkpt lat="51.4705870" lon="-0.2575890">
    <ele>3.8</ele>
    <time>2026-01-03T12:17:26Z</time>
   </trkpt>
   <trkpt lat="51.4705850" lon="-0.2576020">
    <ele>3.8</ele>
    <time>2026-01-03T12:17:27Z</time>
   </trkpt>
   <trkpt lat="51.4705800" lon="-0.2576130">
    <ele>3.8</ele>
    <time>2026-01-03T12:17:28Z</time>
   </trkpt>
   <trkpt lat="51.4705730" lon="-0.2576250">
    <ele>3.8</ele>
    <time>2026-01-03T12:17:29Z</time>
   </trkpt>
   <trkpt lat="51.4705680" lon="-0.2576420">
    <ele>3.8</ele>
    <time>2026-01-03T12:17:30Z</time>
   </trkpt>
   <trkpt lat="51.4705610" lon="-0.2576740">
    <ele>3.8</ele>
    <time>2026-01-03T12:17:31Z</time>
   </trkpt>
   <trkpt lat="51.4705590" lon="-0.2576860">
    <ele>3.8</ele>
    <time>2026-01-03T12:17:32Z</time>
   </trkpt>
   <trkpt lat="51.4705560" lon="-0.2576990">
    <ele>3.8</ele>
    <time>2026-01-03T12:17:33Z</time>
   </trkpt>
   <trkpt lat="51.4705540" lon="-0.2577200">
    <ele>3.8</ele>
    <time>2026-01-03T12:17:34Z</time>
   </trkpt>
   <trkpt lat="51.4705490" lon="-0.2577420">
    <ele>3.8</ele>
    <time>2026-01-03T12:17:35Z</time>
   </trkpt>
   <trkpt lat="51.4705450" lon="-0.2577740">
    <ele>3.8</ele>
    <time>2026-01-03T12:17:36Z</time>
   </trkpt>
   <trkpt lat="51.4705440" lon="-0.2577870">
    <ele>3.8</ele>
    <time>2026-01-03T12:17:37Z</time>
   </trkpt>
   <trkpt lat="51.4705420" lon="-0.2578010">
    <ele>3.8</ele>
    <time>2026-01-03T12:17:38Z</time>
   </trkpt>
   <trkpt lat="51.4705360" lon="-0.2578150">
    <ele>3.8</ele>
    <time>2026-01-03T12:17:39Z</time>
   </trkpt>
   <trkpt lat="51.4705340" lon="-0.2578330">
    <ele>3.8</ele>
    <time>2026-01-03T12:17:40Z</time>
   </trkpt>
   <trkpt lat="51.4705310" lon="-0.2578520">
    <ele>3.8</ele>
    <time>2026-01-03T12:17:41Z</time>
   </trkpt>
   <trkpt lat="51.4705280" lon="-0.2578710">
    <ele>3.8</ele>
    <time>2026-01-03T12:17:42Z</time>
   </trkpt>
   <trkpt lat="51.4705250" lon="-0.2578830">
    <ele>3.8</ele>
    <time>2026-01-03T12:17:43Z</time>
   </trkpt>
   <trkpt lat="51.4705170" lon="-0.2578990">
    <ele>3.8</ele>
    <time>2026-01-03T12:17:44Z</time>
   </trkpt>
   <trkpt lat="51.4705120" lon="-0.2579140">
    <ele>3.8</ele>
    <time>2026-01-03T12:17:45Z</time>
   </trkpt>
   <trkpt lat="51.4705070" lon="-0.2579270">
    <ele>3.8</ele>
    <time>2026-01-03T12:17:46Z</time>
   </trkpt>
   <trkpt lat="51.4705020" lon="-0.2579440">
    <ele>3.8</ele>
    <time>2026-01-03T12:17:47Z</time>
   </trkpt>
   <trkpt lat="51.4704970" lon="-0.2579610">
    <ele>3.8</ele>
    <time>2026-01-03T12:17:48Z</time>
   </trkpt>
   <trkpt lat="51.4704930" lon="-0.2579800">
    <ele>3.8</ele>
    <time>2026-01-03T12:17:49Z</time>
   </trkpt>
   <trkpt lat="51.4704880" lon="-0.2579970">
    <ele>3.8</ele>
    <time>2026-01-03T12:17:50Z</time>
   </trkpt>
   <trkpt lat="51.4704860" lon="-0.2580130">
    <ele>3.8</ele>
    <time>2026-01-03T12:17:51Z</time>
   </trkpt>
   <trkpt lat="51.4704830" lon="-0.2580320">
    <ele>3.8</ele>
    <time>2026-01-03T12:17:52Z</time>
   </trkpt>
   <trkpt lat="51.4704820" lon="-0.2580480">
    <ele>3.8</ele>
    <time>2026-01-03T12:17:53Z</time>
   </trkpt>
   <trkpt lat="51.4704780" lon="-0.2580660">
    <ele>3.8</ele>
    <time>2026-01-03T12:17:54Z</time>
   </trkpt>
   <trkpt lat="51.4704770" lon="-0.2580840">
    <ele>3.8</ele>
    <time>2026-01-03T12:17:55Z</time>
   </trkpt>
   <trkpt lat="51.4704770" lon="-0.2581020">
    <ele>3.8</ele>
    <time>2026-01-03T12:17:56Z</time>
   </trkpt>
   <trkpt lat="51.4704700" lon="-0.2581310">
    <ele>3.8</ele>
    <time>2026-01-03T12:17:57Z</time>
   </trkpt>
   <trkpt lat="51.4704670" lon="-0.2581440">
    <ele>3.8</ele>
    <time>2026-01-03T12:17:58Z</time>
   </trkpt>
   <trkpt lat="51.4704630" lon="-0.2581570">
    <ele>3.8</ele>
    <time>2026-01-03T12:17:59Z</time>
   </trkpt>
   <trkpt lat="51.4704570" lon="-0.2581920">
    <ele>3.8</ele>
    <time>2026-01-03T12:18:00Z</time>
   </trkpt>
   <trkpt lat="51.4704560" lon="-0.2582060">
    <ele>3.8</ele>
    <time>2026-01-03T12:18:01Z</time>
   </trkpt>
   <trkpt lat="51.4704540" lon="-0.2582190">
    <ele>3.8</ele>
    <time>2026-01-03T12:18:02Z</time>
   </trkpt>
   <trkpt lat="51.4704470" lon="-0.2582520">
    <ele>3.8</ele>
    <time>2026-01-03T12:18:03Z</time>
   </trkpt>
   <trkpt lat="51.4704450" lon="-0.2582650">
    <ele>3.8</ele>
    <time>2026-01-03T12:18:04Z</time>
   </trkpt>
   <trkpt lat="51.4704430" lon="-0.2582780">
    <ele>3.8</ele>
    <time>2026-01-03T12:18:05Z</time>
   </trkpt>
   <trkpt lat="51.4704390" lon="-0.2582970">
    <ele>3.8</ele>
    <time>2026-01-03T12:18:06Z</time>
   </trkpt>
   <trkpt lat="51.4704380" lon="-0.2583120">
    <ele>3.8</ele>
    <time>2026-01-03T12:18:07Z</time>
   </trkpt>
   <trkpt lat="51.4704360" lon="-0.2583290">
    <ele>3.8</ele>
    <time>2026-01-03T12:18:08Z</time>
   </trkpt>
   <trkpt lat="51.4704330" lon="-0.2583430">
    <ele>3.8</ele>
    <time>2026-01-03T12:18:09Z</time>
   </trkpt>
   <trkpt lat="51.4704280" lon="-0.2583600">
    <ele>3.8</ele>
    <time>2026-01-03T12:18:10Z</time>
   </trkpt>
   <trkpt lat="51.4704240" lon="-0.2583760">
    <ele>3.8</ele>
    <time>2026-01-03T12:18:11Z</time>
   </trkpt>
   <trkpt lat="51.4704150" lon="-0.2584030">
    <ele>3.8</ele>
    <time>2026-01-03T12:18:12Z</time>
   </trkpt>
   <trkpt lat="51.4704110" lon="-0.2584160">
    <ele>3.8</ele>
    <time>2026-01-03T12:18:13Z</time>
   </trkpt>
   <trkpt lat="51.4704060" lon="-0.2584370">
    <ele>3.8</ele>
    <time>2026-01-03T12:18:14Z</time>
   </trkpt>
   <trkpt lat="51.4704010" lon="-0.2584600">
    <ele>3.8</ele>
    <time>2026-01-03T12:18:15Z</time>
   </trkpt>
   <trkpt lat="51.4703960" lon="-0.2584750">
    <ele>3.8</ele>
    <time>2026-01-03T12:18:16Z</time>
   </trkpt>
   <trkpt lat="51.4703940" lon="-0.2584870">
    <ele>3.8</ele>
    <time>2026-01-03T12:18:17Z</time>
   </trkpt>
   <trkpt lat="51.4703910" lon="-0.2585060">
    <ele>3.8</ele>
    <time>2026-01-03T12:18:18Z</time>
   </trkpt>
   <trkpt lat="51.4703930" lon="-0.2585410">
    <ele>3.8</ele>
    <time>2026-01-03T12:18:19Z</time>
   </trkpt>
   <trkpt lat="51.4703900" lon="-0.2585570">
    <ele>3.8</ele>
    <time>2026-01-03T12:18:20Z</time>
   </trkpt>
   <trkpt lat="51.4703880" lon="-0.2585720">
    <ele>3.8</ele>
    <time>2026-01-03T12:18:21Z</time>
   </trkpt>
   <trkpt lat="51.4703860" lon="-0.2585830">
    <ele>3.8</ele>
    <time>2026-01-03T12:18:22Z</time>
   </trkpt>
   <trkpt lat="51.4703840" lon="-0.2586020">
    <ele>3.8</ele>
    <time>2026-01-03T12:18:23Z</time>
   </trkpt>
   <trkpt lat="51.4703800" lon="-0.2586200">
    <ele>3.8</ele>
    <time>2026-01-03T12:18:24Z</time>
   </trkpt>
   <trkpt lat="51.4703740" lon="-0.2586440">
    <ele>3.8</ele>
    <time>2026-01-03T12:18:25Z</time>
   </trkpt>
   <trkpt lat="51.4703690" lon="-0.2586650">
    <ele>3.8</ele>
    <time>2026-01-03T12:18:26Z</time>
   </trkpt>
   <trkpt lat="51.4703660" lon="-0.2586890">
    <ele>3.8</ele>
    <time>2026-01-03T12:18:27Z</time>
   </trkpt>
   <trkpt lat="51.4703690" lon="-0.2587080">
    <ele>3.8</ele>
    <time>2026-01-03T12:18:28Z</time>
   </trkpt>
   <trkpt lat="51.4703680" lon="-0.2587310">
    <ele>3.8</ele>
    <time>2026-01-03T12:18:29Z</time>
   </trkpt>
   <trkpt lat="51.4703620" lon="-0.2587440">
    <ele>3.8</ele>
    <time>2026-01-03T12:18:30Z</time>
   </trkpt>
   <trkpt lat="51.4703590" lon="-0.2587640">
    <ele>3.8</ele>
    <time>2026-01-03T12:18:31Z</time>
   </trkpt>
   <trkpt lat="51.4703580" lon="-0.2587790">
    <ele>3.8</ele>
    <time>2026-01-03T12:18:32Z</time>
   </trkpt>
   <trkpt lat="51.4703590" lon="-0.2587980">
    <ele>3.8</ele>
    <time>2026-01-03T12:18:33Z</time>
   </trkpt>
   <trkpt lat="51.4703600" lon="-0.2588170">
    <ele>3.8</ele>
    <time>2026-01-03T12:18:34Z</time>
   </trkpt>
   <trkpt lat="51.4703610" lon="-0.2588350">
    <ele>3.8</ele>
    <time>2026-01-03T12:18:35Z</time>
   </trkpt>
   <trkpt lat="51.4703600" lon="-0.2588550">
    <ele>3.8</ele>
    <time>2026-01-03T12:18:36Z</time>
   </trkpt>
   <trkpt lat="51.4703560" lon="-0.2588750">
    <ele>3.8</ele>
    <time>2026-01-03T12:18:37Z</time>
   </trkpt>
   <trkpt lat="51.4703560" lon="-0.2589050">
    <ele>3.8</ele>
    <time>2026-01-03T12:18:38Z</time>
   </trkpt>
   <trkpt lat="51.4703560" lon="-0.2589190">
    <ele>3.8</ele>
    <time>2026-01-03T12:18:39Z</time>
   </trkpt>
   <trkpt lat="51.4703560" lon="-0.2589330">
    <ele>3.9</ele>
    <time>2026-01-03T12:18:40Z</time>
   </trkpt>
   <trkpt lat="51.4703580" lon="-0.2589470">
    <ele>3.9</ele>
    <time>2026-01-03T12:18:41Z</time>
   </trkpt>
   <trkpt lat="51.4703570" lon="-0.2589650">
    <ele>3.9</ele>
    <time>2026-01-03T12:18:42Z</time>
   </trkpt>
   <trkpt lat="51.4703560" lon="-0.2589880">
    <ele>3.9</ele>
    <time>2026-01-03T12:18:43Z</time>
   </trkpt>
   <trkpt lat="51.4703530" lon="-0.2590090">
    <ele>3.9</ele>
    <time>2026-01-03T12:18:44Z</time>
   </trkpt>
   <trkpt lat="51.4703530" lon="-0.2590210">
    <ele>3.9</ele>
    <time>2026-01-03T12:18:45Z</time>
   </trkpt>
   <trkpt lat="51.4703520" lon="-0.2590400">
    <ele>3.9</ele>
    <time>2026-01-03T12:18:46Z</time>
   </trkpt>
   <trkpt lat="51.4703520" lon="-0.2590570">
    <ele>3.9</ele>
    <time>2026-01-03T12:18:47Z</time>
   </trkpt>
   <trkpt lat="51.4703510" lon="-0.2590730">
    <ele>3.9</ele>
    <time>2026-01-03T12:18:48Z</time>
   </trkpt>
   <trkpt lat="51.4703530" lon="-0.2590930">
    <ele>3.9</ele>
    <time>2026-01-03T12:18:49Z</time>
   </trkpt>
   <trkpt lat="51.4703540" lon="-0.2591260">
    <ele>3.9</ele>
    <time>2026-01-03T12:18:50Z</time>
   </trkpt>
   <trkpt lat="51.4703530" lon="-0.2591380">
    <ele>4.0</ele>
    <time>2026-01-03T12:18:51Z</time>
   </trkpt>
   <trkpt lat="51.4703510" lon="-0.2591510">
    <ele>4.0</ele>
    <time>2026-01-03T12:18:52Z</time>
   </trkpt>
   <trkpt lat="51.4703460" lon="-0.2591750">
    <ele>4.0</ele>
    <time>2026-01-03T12:18:53Z</time>
   </trkpt>
   <trkpt lat="51.4703420" lon="-0.2591990">
    <ele>4.0</ele>
    <time>2026-01-03T12:18:54Z</time>
   </trkpt>
   <trkpt lat="51.4703400" lon="-0.2592140">
    <ele>4.0</ele>
    <time>2026-01-03T12:18:55Z</time>
   </trkpt>
   <trkpt lat="51.4703380" lon="-0.2592300">
    <ele>4.0</ele>
    <time>2026-01-03T12:18:56Z</time>
   </trkpt>
   <trkpt lat="51.4703360" lon="-0.2592470">
    <ele>4.0</ele>
    <time>2026-01-03T12:18:57Z</time>
   </trkpt>
   <trkpt lat="51.4703320" lon="-0.2592770">
    <ele>4.0</ele>
    <time>2026-01-03T12:18:58Z</time>
   </trkpt>
   <trkpt lat="51.4703300" lon="-0.2592910">
    <ele>4.0</ele>
    <time>2026-01-03T12:18:59Z</time>
   </trkpt>
   <trkpt lat="51.4703290" lon="-0.2593040">
    <ele>4.0</ele>
    <time>2026-01-03T12:19:00Z</time>
   </trkpt>
   <trkpt lat="51.4703290" lon="-0.2593240">
    <ele>4.0</ele>
    <time>2026-01-03T12:19:01Z</time>
   </trkpt>
   <trkpt lat="51.4703270" lon="-0.2593440">
    <ele>4.0</ele>
    <time>2026-01-03T12:19:02Z</time>
   </trkpt>
   <trkpt lat="51.4703280" lon="-0.2593590">
    <ele>4.0</ele>
    <time>2026-01-03T12:19:03Z</time>
   </trkpt>
   <trkpt lat="51.4703250" lon="-0.2593770">
    <ele>4.0</ele>
    <time>2026-01-03T12:19:04Z</time>
   </trkpt>
   <trkpt lat="51.4703210" lon="-0.2593960">
    <ele>4.0</ele>
    <time>2026-01-03T12:19:05Z</time>
   </trkpt>
   <trkpt lat="51.4703180" lon="-0.2594110">
    <ele>4.0</ele>
    <time>2026-01-03T12:19:06Z</time>
   </trkpt>
   <trkpt lat="51.4703180" lon="-0.2594450">
    <ele>4.0</ele>
    <time>2026-01-03T12:19:07Z</time>
   </trkpt>
   <trkpt lat="51.4703170" lon="-0.2594590">
    <ele>4.0</ele>
    <time>2026-01-03T12:19:08Z</time>
   </trkpt>
   <trkpt lat="51.4703150" lon="-0.2594740">
    <ele>4.0</ele>
    <time>2026-01-03T12:19:09Z</time>
   </trkpt>
   <trkpt lat="51.4703140" lon="-0.2594920">
    <ele>4.0</ele>
    <time>2026-01-03T12:19:10Z</time>
   </trkpt>
   <trkpt lat="51.4703100" lon="-0.2595180">
    <ele>4.0</ele>
    <time>2026-01-03T12:19:11Z</time>
   </trkpt>
   <trkpt lat="51.4703060" lon="-0.2595460">
    <ele>4.0</ele>
    <time>2026-01-03T12:19:12Z</time>
   </trkpt>
   <trkpt lat="51.4703030" lon="-0.2595620">
    <ele>4.0</ele>
    <time>2026-01-03T12:19:13Z</time>
   </trkpt>
   <trkpt lat="51.4703010" lon="-0.2595770">
    <ele>4.0</ele>
    <time>2026-01-03T12:19:14Z</time>
   </trkpt>
   <trkpt lat="51.4703020" lon="-0.2595930">
    <ele>4.0</ele>
    <time>2026-01-03T12:19:15Z</time>
   </trkpt>
   <trkpt lat="51.4702990" lon="-0.2596070">
    <ele>4.0</ele>
    <time>2026-01-03T12:19:16Z</time>
   </trkpt>
   <trkpt lat="51.4702980" lon="-0.2596290">
    <ele>4.0</ele>
    <time>2026-01-03T12:19:17Z</time>
   </trkpt>
   <trkpt lat="51.4702950" lon="-0.2596460">
    <ele>4.1</ele>
    <time>2026-01-03T12:19:18Z</time>
   </trkpt>
   <trkpt lat="51.4702910" lon="-0.2596660">
    <ele>4.1</ele>
    <time>2026-01-03T12:19:19Z</time>
   </trkpt>
   <trkpt lat="51.4702920" lon="-0.2596840">
    <ele>4.1</ele>
    <time>2026-01-03T12:19:20Z</time>
   </trkpt>
   <trkpt lat="51.4702890" lon="-0.2596980">
    <ele>4.1</ele>
    <time>2026-01-03T12:19:21Z</time>
   </trkpt>
   <trkpt lat="51.4702880" lon="-0.2597150">
    <ele>4.1</ele>
    <time>2026-01-03T12:19:22Z</time>
   </trkpt>
   <trkpt lat="51.4702870" lon="-0.2597350">
    <ele>4.1</ele>
    <time>2026-01-03T12:19:23Z</time>
   </trkpt>
   <trkpt lat="51.4702910" lon="-0.2597590">
    <ele>4.1</ele>
    <time>2026-01-03T12:19:24Z</time>
   </trkpt>
   <trkpt lat="51.4702910" lon="-0.2597840">
    <ele>4.1</ele>
    <time>2026-01-03T12:19:25Z</time>
   </trkpt>
   <trkpt lat="51.4702890" lon="-0.2598010">
    <ele>4.1</ele>
    <time>2026-01-03T12:19:26Z</time>
   </trkpt>
   <trkpt lat="51.4702870" lon="-0.2598160">
    <ele>4.1</ele>
    <time>2026-01-03T12:19:27Z</time>
   </trkpt>
   <trkpt lat="51.4702850" lon="-0.2598340">
    <ele>4.1</ele>
    <time>2026-01-03T12:19:28Z</time>
   </trkpt>
   <trkpt lat="51.4702840" lon="-0.2598540">
    <ele>4.1</ele>
    <time>2026-01-03T12:19:29Z</time>
   </trkpt>
   <trkpt lat="51.4702790" lon="-0.2598670">
    <ele>4.1</ele>
    <time>2026-01-03T12:19:30Z</time>
   </trkpt>
   <trkpt lat="51.4702760" lon="-0.2598840">
    <ele>4.1</ele>
    <time>2026-01-03T12:19:31Z</time>
   </trkpt>
   <trkpt lat="51.4702770" lon="-0.2599030">
    <ele>4.1</ele>
    <time>2026-01-03T12:19:32Z</time>
   </trkpt>
   <trkpt lat="51.4702770" lon="-0.2599200">
    <ele>4.1</ele>
    <time>2026-01-03T12:19:33Z</time>
   </trkpt>
   <trkpt lat="51.4702760" lon="-0.2599360">
    <ele>4.1</ele>
    <time>2026-01-03T12:19:34Z</time>
   </trkpt>
   <trkpt lat="51.4702730" lon="-0.2599500">
    <ele>4.1</ele>
    <time>2026-01-03T12:19:35Z</time>
   </trkpt>
   <trkpt lat="51.4702710" lon="-0.2599720">
    <ele>4.1</ele>
    <time>2026-01-03T12:19:36Z</time>
   </trkpt>
   <trkpt lat="51.4702710" lon="-0.2599890">
    <ele>4.1</ele>
    <time>2026-01-03T12:19:37Z</time>
   </trkpt>
   <trkpt lat="51.4702720" lon="-0.2600050">
    <ele>4.1</ele>
    <time>2026-01-03T12:19:38Z</time>
   </trkpt>
   <trkpt lat="51.4702710" lon="-0.2600240">
    <ele>4.1</ele>
    <time>2026-01-03T12:19:39Z</time>
   </trkpt>
   <trkpt lat="51.4702690" lon="-0.2600460">
    <ele>4.1</ele>
    <time>2026-01-03T12:19:40Z</time>
   </trkpt>
   <trkpt lat="51.4702680" lon="-0.2600640">
    <ele>4.1</ele>
    <time>2026-01-03T12:19:41Z</time>
   </trkpt>
   <trkpt lat="51.4702680" lon="-0.2600800">
    <ele>4.1</ele>
    <time>2026-01-03T12:19:42Z</time>
   </trkpt>
   <trkpt lat="51.4702670" lon="-0.2600970">
    <ele>4.1</ele>
    <time>2026-01-03T12:19:43Z</time>
   </trkpt>
   <trkpt lat="51.4702720" lon="-0.2601390">
    <ele>4.0</ele>
    <time>2026-01-03T12:19:44Z</time>
   </trkpt>
   <trkpt lat="51.4702720" lon="-0.2601500">
    <ele>4.0</ele>
    <time>2026-01-03T12:19:45Z</time>
   </trkpt>
   <trkpt lat="51.4702730" lon="-0.2601610">
    <ele>4.0</ele>
    <time>2026-01-03T12:19:46Z</time>
   </trkpt>
   <trkpt lat="51.4702750" lon="-0.2601970">
    <ele>4.0</ele>
    <time>2026-01-03T12:19:47Z</time>
   </trkpt>
   <trkpt lat="51.4702750" lon="-0.2602100">
    <ele>4.0</ele>
    <time>2026-01-03T12:19:48Z</time>
   </trkpt>
   <trkpt lat="51.4702740" lon="-0.2602230">
    <ele>4.0</ele>
    <time>2026-01-03T12:19:49Z</time>
   </trkpt>
   <trkpt lat="51.4702800" lon="-0.2602390">
    <ele>4.0</ele>
    <time>2026-01-03T12:19:50Z</time>
   </trkpt>
   <trkpt lat="51.4702810" lon="-0.2602570">
    <ele>4.0</ele>
    <time>2026-01-03T12:19:51Z</time>
   </trkpt>
   <trkpt lat="51.4702780" lon="-0.2602750">
    <ele>4.0</ele>
    <time>2026-01-03T12:19:52Z</time>
   </trkpt>
   <trkpt lat="51.4702750" lon="-0.2603010">
    <ele>4.0</ele>
    <time>2026-01-03T12:19:53Z</time>
   </trkpt>
   <trkpt lat="51.4702740" lon="-0.2603230">
    <ele>4.0</ele>
    <time>2026-01-03T12:19:54Z</time>
   </trkpt>
   <trkpt lat="51.4702720" lon="-0.2603560">
    <ele>4.0</ele>
    <time>2026-01-03T12:19:55Z</time>
   </trkpt>
   <trkpt lat="51.4702710" lon="-0.2603710">
    <ele>4.0</ele>
    <time>2026-01-03T12:19:56Z</time>
   </trkpt>
   <trkpt lat="51.4702700" lon="-0.2603850">
    <ele>4.0</ele>
    <time>2026-01-03T12:19:57Z</time>
   </trkpt>
   <trkpt lat="51.4702670" lon="-0.2603980">
    <ele>4.0</ele>
    <time>2026-01-03T12:19:58Z</time>
   </trkpt>
   <trkpt lat="51.4702610" lon="-0.2604140">
    <ele>4.0</ele>
    <time>2026-01-03T12:19:59Z</time>
   </trkpt>
   <trkpt lat="51.4702580" lon="-0.2604280">
    <ele>4.0</ele>
    <time>2026-01-03T12:20:00Z</time>
   </trkpt>
   <trkpt lat="51.4702560" lon="-0.2604440">
    <ele>4.0</ele>
    <time>2026-01-03T12:20:01Z</time>
   </trkpt>
   <trkpt lat="51.4702570" lon="-0.2604670">
    <ele>4.0</ele>
    <time>2026-01-03T12:20:02Z</time>
   </trkpt>
   <trkpt lat="51.4702580" lon="-0.2604830">
    <ele>4.0</ele>
    <time>2026-01-03T12:20:03Z</time>
   </trkpt>
   <trkpt lat="51.4702560" lon="-0.2604960">
    <ele>4.0</ele>
    <time>2026-01-03T12:20:04Z</time>
   </trkpt>
   <trkpt lat="51.4702590" lon="-0.2605180">
    <ele>4.0</ele>
    <time>2026-01-03T12:20:05Z</time>
   </trkpt>
   <trkpt lat="51.4702570" lon="-0.2605350">
    <ele>4.0</ele>
    <time>2026-01-03T12:20:06Z</time>
   </trkpt>
   <trkpt lat="51.4702570" lon="-0.2605670">
    <ele>4.0</ele>
    <time>2026-01-03T12:20:07Z</time>
   </trkpt>
   <trkpt lat="51.4702600" lon="-0.2605820">
    <ele>4.0</ele>
    <time>2026-01-03T12:20:08Z</time>
   </trkpt>
   <trkpt lat="51.4702620" lon="-0.2605970">
    <ele>4.0</ele>
    <time>2026-01-03T12:20:09Z</time>
   </trkpt>
   <trkpt lat="51.4702660" lon="-0.2606320">
    <ele>4.0</ele>
    <time>2026-01-03T12:20:10Z</time>
   </trkpt>
   <trkpt lat="51.4702660" lon="-0.2606440">
    <ele>4.0</ele>
    <time>2026-01-03T12:20:11Z</time>
   </trkpt>
   <trkpt lat="51.4702660" lon="-0.2606570">
    <ele>4.0</ele>
    <time>2026-01-03T12:20:12Z</time>
   </trkpt>
   <trkpt lat="51.4702690" lon="-0.2606900">
    <ele>4.0</ele>
    <time>2026-01-03T12:20:13Z</time>
   </trkpt>
   <trkpt lat="51.4702680" lon="-0.2607060">
    <ele>4.0</ele>
    <time>2026-01-03T12:20:14Z</time>
   </trkpt>
   <trkpt lat="51.4702680" lon="-0.2607220">
    <ele>4.0</ele>
    <time>2026-01-03T12:20:15Z</time>
   </trkpt>
   <trkpt lat="51.4702680" lon="-0.2607560">
    <ele>3.9</ele>
    <time>2026-01-03T12:20:16Z</time>
   </trkpt>
   <trkpt lat="51.4702690" lon="-0.2607700">
    <ele>3.9</ele>
    <time>2026-01-03T12:20:17Z</time>
   </trkpt>
   <trkpt lat="51.4702700" lon="-0.2607840">
    <ele>3.9</ele>
    <time>2026-01-03T12:20:18Z</time>
   </trkpt>
   <trkpt lat="51.4702670" lon="-0.2608020">
    <ele>3.9</ele>
    <time>2026-01-03T12:20:19Z</time>
   </trkpt>
   <trkpt lat="51.4702650" lon="-0.2608180">
    <ele>3.9</ele>
    <time>2026-01-03T12:20:20Z</time>
   </trkpt>
   <trkpt lat="51.4702630" lon="-0.2608340">
    <ele>3.9</ele>
    <time>2026-01-03T12:20:21Z</time>
   </trkpt>
   <trkpt lat="51.4702630" lon="-0.2608610">
    <ele>3.9</ele>
    <time>2026-01-03T12:20:22Z</time>
   </trkpt>
   <trkpt lat="51.4702650" lon="-0.2608760">
    <ele>3.9</ele>
    <time>2026-01-03T12:20:23Z</time>
   </trkpt>
   <trkpt lat="51.4702670" lon="-0.2608920">
    <ele>3.9</ele>
    <time>2026-01-03T12:20:24Z</time>
   </trkpt>
   <trkpt lat="51.4702660" lon="-0.2609230">
    <ele>3.9</ele>
    <time>2026-01-03T12:20:25Z</time>
   </trkpt>
   <trkpt lat="51.4702650" lon="-0.2609360">
    <ele>3.9</ele>
    <time>2026-01-03T12:20:26Z</time>
   </trkpt>
   <trkpt lat="51.4702640" lon="-0.2609500">
    <ele>3.8</ele>
    <time>2026-01-03T12:20:27Z</time>
   </trkpt>
   <trkpt lat="51.4702590" lon="-0.2609640">
    <ele>3.8</ele>
    <time>2026-01-03T12:20:28Z</time>
   </trkpt>
   <trkpt lat="51.4702520" lon="-0.2609900">
    <ele>3.8</ele>
    <time>2026-01-03T12:20:29Z</time>
   </trkpt>
   <trkpt lat="51.4702560" lon="-0.2610040">
    <ele>3.8</ele>
    <time>2026-01-03T12:20:30Z</time>
   </trkpt>
   <trkpt lat="51.4702560" lon="-0.2610260">
    <ele>3.8</ele>
    <time>2026-01-03T12:20:31Z</time>
   </trkpt>
   <trkpt lat="51.4702550" lon="-0.2610470">
    <ele>3.7</ele>
    <time>2026-01-03T12:20:32Z</time>
   </trkpt>
   <trkpt lat="51.4702540" lon="-0.2610610">
    <ele>3.7</ele>
    <time>2026-01-03T12:20:33Z</time>
   </trkpt>
   <trkpt lat="51.4702520" lon="-0.2610740">
    <ele>3.7</ele>
    <time>2026-01-03T12:20:34Z</time>
   </trkpt>
   <trkpt lat="51.4702480" lon="-0.2610910">
    <ele>3.7</ele>
    <time>2026-01-03T12:20:35Z</time>
   </trkpt>
   <trkpt lat="51.4702440" lon="-0.2611130">
    <ele>3.7</ele>
    <time>2026-01-03T12:20:36Z</time>
   </trkpt>
   <trkpt lat="51.4702390" lon="-0.2611210">
    <ele>3.7</ele>
    <time>2026-01-03T12:20:37Z</time>
   </trkpt>
   <trkpt lat="51.4702390" lon="-0.2611420">
    <ele>3.6</ele>
    <time>2026-01-03T12:20:38Z</time>
   </trkpt>
   <trkpt lat="51.4702380" lon="-0.2611660">
    <ele>3.6</ele>
    <time>2026-01-03T12:20:39Z</time>
   </trkpt>
   <trkpt lat="51.4702370" lon="-0.2611870">
    <ele>3.6</ele>
    <time>2026-01-03T12:20:40Z</time>
   </trkpt>
   <trkpt lat="51.4702350" lon="-0.2612010">
    <ele>3.6</ele>
    <time>2026-01-03T12:20:41Z</time>
   </trkpt>
   <trkpt lat="51.4702340" lon="-0.2612230">
    <ele>3.6</ele>
    <time>2026-01-03T12:20:42Z</time>
   </trkpt>
   <trkpt lat="51.4702340" lon="-0.2612420">
    <ele>3.6</ele>
    <time>2026-01-03T12:20:43Z</time>
   </trkpt>
   <trkpt lat="51.4702350" lon="-0.2612560">
    <ele>3.6</ele>
    <time>2026-01-03T12:20:44Z</time>
   </trkpt>
   <trkpt lat="51.4702340" lon="-0.2612770">
    <ele>3.5</ele>
    <time>2026-01-03T12:20:45Z</time>
   </trkpt>
   <trkpt lat="51.4702330" lon="-0.2612930">
    <ele>3.5</ele>
    <time>2026-01-03T12:20:46Z</time>
   </trkpt>
   <trkpt lat="51.4702310" lon="-0.2613130">
    <ele>3.5</ele>
    <time>2026-01-03T12:20:47Z</time>
   </trkpt>
   <trkpt lat="51.4702280" lon="-0.2613320">
    <ele>3.5</ele>
    <time>2026-01-03T12:20:48Z</time>
   </trkpt>
   <trkpt lat="51.4702290" lon="-0.2613470">
    <ele>3.5</ele>
    <time>2026-01-03T12:20:49Z</time>
   </trkpt>
   <trkpt lat="51.4702250" lon="-0.2613790">
    <ele>3.5</ele>
    <time>2026-01-03T12:20:50Z</time>
   </trkpt>
   <trkpt lat="51.4702250" lon="-0.2613930">
    <ele>3.5</ele>
    <time>2026-01-03T12:20:51Z</time>
   </trkpt>
   <trkpt lat="51.4702250" lon="-0.2614080">
    <ele>3.5</ele>
    <time>2026-01-03T12:20:52Z</time>
   </trkpt>
   <trkpt lat="51.4702240" lon="-0.2614200">
    <ele>3.5</ele>
    <time>2026-01-03T12:20:53Z</time>
   </trkpt>
   <trkpt lat="51.4702210" lon="-0.2614470">
    <ele>3.5</ele>
    <time>2026-01-03T12:20:54Z</time>
   </trkpt>
   <trkpt lat="51.4702210" lon="-0.2614600">
    <ele>3.5</ele>
    <time>2026-01-03T12:20:55Z</time>
   </trkpt>
   <trkpt lat="51.4702200" lon="-0.2614970">
    <ele>3.5</ele>
    <time>2026-01-03T12:20:56Z</time>
   </trkpt>
   <trkpt lat="51.4702190" lon="-0.2615100">
    <ele>3.5</ele>
    <time>2026-01-03T12:20:57Z</time>
   </trkpt>
   <trkpt lat="51.4702190" lon="-0.2615220">
    <ele>3.5</ele>
    <time>2026-01-03T12:20:58Z</time>
   </trkpt>
   <trkpt lat="51.4702200" lon="-0.2615540">
    <ele>3.5</ele>
    <time>2026-01-03T12:20:59Z</time>
   </trkpt>
   <trkpt lat="51.4702200" lon="-0.2615680">
    <ele>3.5</ele>
    <time>2026-01-03T12:21:00Z</time>
   </trkpt>
   <trkpt lat="51.4702190" lon="-0.2615810">
    <ele>3.5</ele>
    <time>2026-01-03T12:21:01Z</time>
   </trkpt>
   <trkpt lat="51.4702200" lon="-0.2616000">
    <ele>3.5</ele>
    <time>2026-01-03T12:21:02Z</time>
   </trkpt>
   <trkpt lat="51.4702180" lon="-0.2616170">
    <ele>3.5</ele>
    <time>2026-01-03T12:21:03Z</time>
   </trkpt>
   <trkpt lat="51.4702160" lon="-0.2616310">
    <ele>3.6</ele>
    <time>2026-01-03T12:21:04Z</time>
   </trkpt>
   <trkpt lat="51.4702150" lon="-0.2616520">
    <ele>3.6</ele>
    <time>2026-01-03T12:21:05Z</time>
   </trkpt>
   <trkpt lat="51.4702150" lon="-0.2616740">
    <ele>3.6</ele>
    <time>2026-01-03T12:21:06Z</time>
   </trkpt>
   <trkpt lat="51.4702130" lon="-0.2616870">
    <ele>3.6</ele>
    <time>2026-01-03T12:21:07Z</time>
   </trkpt>
   <trkpt lat="51.4702110" lon="-0.2617060">
    <ele>3.6</ele>
    <time>2026-01-03T12:21:08Z</time>
   </trkpt>
   <trkpt lat="51.4702060" lon="-0.2617210">
    <ele>3.6</ele>
    <time>2026-01-03T12:21:09Z</time>
   </trkpt>
   <trkpt lat="51.4702050" lon="-0.2617350">
    <ele>3.6</ele>
    <time>2026-01-03T12:21:10Z</time>
   </trkpt>
   <trkpt lat="51.4702070" lon="-0.2617530">
    <ele>3.6</ele>
    <time>2026-01-03T12:21:11Z</time>
   </trkpt>
   <trkpt lat="51.4702070" lon="-0.2617820">
    <ele>3.6</ele>
    <time>2026-01-03T12:21:12Z</time>
   </trkpt>
   <trkpt lat="51.4702130" lon="-0.2617950">
    <ele>3.7</ele>
    <time>2026-01-03T12:21:13Z</time>
   </trkpt>
   <trkpt lat="51.4702100" lon="-0.2618160">
    <ele>3.7</ele>
    <time>2026-01-03T12:21:14Z</time>
   </trkpt>
   <trkpt lat="51.4702100" lon="-0.2618340">
    <ele>3.7</ele>
    <time>2026-01-03T12:21:15Z</time>
   </trkpt>
   <trkpt lat="51.4702100" lon="-0.2618520">
    <ele>3.7</ele>
    <time>2026-01-03T12:21:16Z</time>
   </trkpt>
   <trkpt lat="51.4702060" lon="-0.2618690">
    <ele>3.7</ele>
    <time>2026-01-03T12:21:17Z</time>
   </trkpt>
   <trkpt lat="51.4702040" lon="-0.2618850">
    <ele>3.7</ele>
    <time>2026-01-03T12:21:18Z</time>
   </trkpt>
   <trkpt lat="51.4702040" lon="-0.2619090">
    <ele>3.7</ele>
    <time>2026-01-03T12:21:19Z</time>
   </trkpt>
   <trkpt lat="51.4702060" lon="-0.2619290">
    <ele>3.7</ele>
    <time>2026-01-03T12:21:20Z</time>
   </trkpt>
   <trkpt lat="51.4702080" lon="-0.2619470">
    <ele>3.7</ele>
    <time>2026-01-03T12:21:21Z</time>
   </trkpt>
   <trkpt lat="51.4702060" lon="-0.2619620">
    <ele>3.7</ele>
    <time>2026-01-03T12:21:22Z</time>
   </trkpt>
   <trkpt lat="51.4702070" lon="-0.2619820">
    <ele>3.8</ele>
    <time>2026-01-03T12:21:23Z</time>
   </trkpt>
   <trkpt lat="51.4702080" lon="-0.2620000">
    <ele>3.8</ele>
    <time>2026-01-03T12:21:24Z</time>
   </trkpt>
   <trkpt lat="51.4702100" lon="-0.2620180">
    <ele>3.8</ele>
    <time>2026-01-03T12:21:25Z</time>
   </trkpt>
   <trkpt lat="51.4702100" lon="-0.2620370">
    <ele>3.8</ele>
    <time>2026-01-03T12:21:26Z</time>
   </trkpt>
   <trkpt lat="51.4702110" lon="-0.2620580">
    <ele>3.8</ele>
    <time>2026-01-03T12:21:27Z</time>
   </trkpt>
   <trkpt lat="51.4702110" lon="-0.2620760">
    <ele>3.8</ele>
    <time>2026-01-03T12:21:28Z</time>
   </trkpt>
   <trkpt lat="51.4702090" lon="-0.2620930">
    <ele>3.8</ele>
    <time>2026-01-03T12:21:29Z</time>
   </trkpt>
   <trkpt lat="51.4702100" lon="-0.2621150">
    <ele>3.8</ele>
    <time>2026-01-03T12:21:30Z</time>
   </trkpt>
   <trkpt lat="51.4702110" lon="-0.2621380">
    <ele>3.8</ele>
    <time>2026-01-03T12:21:31Z</time>
   </trkpt>
   <trkpt lat="51.4702090" lon="-0.2621510">
    <ele>3.8</ele>
    <time>2026-01-03T12:21:32Z</time>
   </trkpt>
   <trkpt lat="51.4702050" lon="-0.2621700">
    <ele>3.8</ele>
    <time>2026-01-03T12:21:33Z</time>
   </trkpt>
   <trkpt lat="51.4702030" lon="-0.2621940">
    <ele>3.8</ele>
    <time>2026-01-03T12:21:34Z</time>
   </trkpt>
   <trkpt lat="51.4702010" lon="-0.2622070">
    <ele>3.8</ele>
    <time>2026-01-03T12:21:35Z</time>
   </trkpt>
   <trkpt lat="51.4701980" lon="-0.2622270">
    <ele>3.8</ele>
    <time>2026-01-03T12:21:36Z</time>
   </trkpt>
   <trkpt lat="51.4702020" lon="-0.2622500">
    <ele>3.8</ele>
    <time>2026-01-03T12:21:37Z</time>
   </trkpt>
   <trkpt lat="51.4701990" lon="-0.2622850">
    <ele>3.8</ele>
    <time>2026-01-03T12:21:38Z</time>
   </trkpt>
   <trkpt lat="51.4701970" lon="-0.2622960">
    <ele>3.8</ele>
    <time>2026-01-03T12:21:39Z</time>
   </trkpt>
   <trkpt lat="51.4701950" lon="-0.2623080">
    <ele>3.8</ele>
    <time>2026-01-03T12:21:40Z</time>
   </trkpt>
   <trkpt lat="51.4701940" lon="-0.2623280">
    <ele>3.8</ele>
    <time>2026-01-03T12:21:41Z</time>
   </trkpt>
   <trkpt lat="51.4701960" lon="-0.2623430">
    <ele>3.8</ele>
    <time>2026-01-03T12:21:42Z</time>
   </trkpt>
   <trkpt lat="51.4701940" lon="-0.2623670">
    <ele>3.9</ele>
    <time>2026-01-03T12:21:43Z</time>
   </trkpt>
   <trkpt lat="51.4701980" lon="-0.2623810">
    <ele>3.9</ele>
    <time>2026-01-03T12:21:44Z</time>
   </trkpt>
   <trkpt lat="51.4702000" lon="-0.2624000">
    <ele>3.9</ele>
    <time>2026-01-03T12:21:45Z</time>
   </trkpt>
   <trkpt lat="51.4702020" lon="-0.2624230">
    <ele>3.9</ele>
    <time>2026-01-03T12:21:46Z</time>
   </trkpt>
   <trkpt lat="51.4702030" lon="-0.2624410">
    <ele>3.9</ele>
    <time>2026-01-03T12:21:47Z</time>
   </trkpt>
   <trkpt lat="51.4702010" lon="-0.2624630">
    <ele>3.9</ele>
    <time>2026-01-03T12:21:48Z</time>
   </trkpt>
   <trkpt lat="51.4702030" lon="-0.2624760">
    <ele>3.9</ele>
    <time>2026-01-03T12:21:49Z</time>
   </trkpt>
   <trkpt lat="51.4702040" lon="-0.2624900">
    <ele>3.9</ele>
    <time>2026-01-03T12:21:50Z</time>
   </trkpt>
   <trkpt lat="51.4702030" lon="-0.2625060">
    <ele>4.0</ele>
    <time>2026-01-03T12:21:51Z</time>
   </trkpt>
   <trkpt lat="51.4702060" lon="-0.2625280">
    <ele>4.0</ele>
    <time>2026-01-03T12:21:52Z</time>
   </trkpt>
   <trkpt lat="51.4702040" lon="-0.2625440">
    <ele>4.0</ele>
    <time>2026-01-03T12:21:53Z</time>
   </trkpt>
   <trkpt lat="51.4702010" lon="-0.2625570">
    <ele>4.0</ele>
    <time>2026-01-03T12:21:54Z</time>
   </trkpt>
   <trkpt lat="51.4702010" lon="-0.2625680">
    <ele>4.0</ele>
    <time>2026-01-03T12:21:55Z</time>
   </trkpt>
   <trkpt lat="51.4702020" lon="-0.2625840">
    <ele>4.0</ele>
    <time>2026-01-03T12:21:56Z</time>
   </trkpt>
   <trkpt lat="51.4702040" lon="-0.2625940">
    <ele>4.0</ele>
    <time>2026-01-03T12:21:57Z</time>
   </trkpt>
   <trkpt lat="51.4702060" lon="-0.2626030">
    <ele>4.0</ele>
    <time>2026-01-03T12:21:58Z</time>
   </trkpt>
   <trkpt lat="51.4702050" lon="-0.2626210">
    <ele>4.0</ele>
    <time>2026-01-03T12:21:59Z</time>
   </trkpt>
   <trkpt lat="51.4702070" lon="-0.2626420">
    <ele>4.0</ele>
    <time>2026-01-03T12:22:00Z</time>
   </trkpt>
   <trkpt lat="51.4702090" lon="-0.2626760">
    <ele>4.1</ele>
    <time>2026-01-03T12:22:01Z</time>
   </trkpt>
   <trkpt lat="51.4702100" lon="-0.2626880">
    <ele>4.1</ele>
    <time>2026-01-03T12:22:02Z</time>
   </trkpt>
   <trkpt lat="51.4702120" lon="-0.2627000">
    <ele>4.1</ele>
    <time>2026-01-03T12:22:03Z</time>
   </trkpt>
   <trkpt lat="51.4702150" lon="-0.2627170">
    <ele>4.1</ele>
    <time>2026-01-03T12:22:04Z</time>
   </trkpt>
   <trkpt lat="51.4702180" lon="-0.2627360">
    <ele>4.1</ele>
    <time>2026-01-03T12:22:05Z</time>
   </trkpt>
   <trkpt lat="51.4702180" lon="-0.2627560">
    <ele>4.1</ele>
    <time>2026-01-03T12:22:06Z</time>
   </trkpt>
   <trkpt lat="51.4702240" lon="-0.2627750">
    <ele>4.1</ele>
    <time>2026-01-03T12:22:07Z</time>
   </trkpt>
   <trkpt lat="51.4702290" lon="-0.2627930">
    <ele>4.1</ele>
    <time>2026-01-03T12:22:08Z</time>
   </trkpt>
   <trkpt lat="51.4702320" lon="-0.2628060">
    <ele>4.1</ele>
    <time>2026-01-03T12:22:09Z</time>
   </trkpt>
   <trkpt lat="51.4702350" lon="-0.2628410">
    <ele>4.2</ele>
    <time>2026-01-03T12:22:10Z</time>
   </trkpt>
   <trkpt lat="51.4702340" lon="-0.2628550">
    <ele>4.2</ele>
    <time>2026-01-03T12:22:11Z</time>
   </trkpt>
   <trkpt lat="51.4702320" lon="-0.2628680">
    <ele>4.2</ele>
    <time>2026-01-03T12:22:12Z</time>
   </trkpt>
   <trkpt lat="51.4702290" lon="-0.2628830">
    <ele>4.2</ele>
    <time>2026-01-03T12:22:13Z</time>
   </trkpt>
   <trkpt lat="51.4702280" lon="-0.2629070">
    <ele>4.2</ele>
    <time>2026-01-03T12:22:14Z</time>
   </trkpt>
   <trkpt lat="51.4702290" lon="-0.2629250">
    <ele>4.2</ele>
    <time>2026-01-03T12:22:15Z</time>
   </trkpt>
   <trkpt lat="51.4702310" lon="-0.2629450">
    <ele>4.2</ele>
    <time>2026-01-03T12:22:16Z</time>
   </trkpt>
   <trkpt lat="51.4702330" lon="-0.2629700">
    <ele>4.2</ele>
    <time>2026-01-03T12:22:17Z</time>
   </trkpt>
   <trkpt lat="51.4702310" lon="-0.2629820">
    <ele>4.2</ele>
    <time>2026-01-03T12:22:18Z</time>
   </trkpt>
   <trkpt lat="51.4702320" lon="-0.2630090">
    <ele>4.2</ele>
    <time>2026-01-03T12:22:19Z</time>
   </trkpt>
   <trkpt lat="51.4702310" lon="-0.2630200">
    <ele>4.2</ele>
    <time>2026-01-03T12:22:20Z</time>
   </trkpt>
   <trkpt lat="51.4702310" lon="-0.2630390">
    <ele>4.2</ele>
    <time>2026-01-03T12:22:21Z</time>
   </trkpt>
   <trkpt lat="51.4702340" lon="-0.2630580">
    <ele>4.2</ele>
    <time>2026-01-03T12:22:22Z</time>
   </trkpt>
   <trkpt lat="51.4702340" lon="-0.2630780">
    <ele>4.3</ele>
    <time>2026-01-03T12:22:23Z</time>
   </trkpt>
   <trkpt lat="51.4702340" lon="-0.2630990">
    <ele>4.3</ele>
    <time>2026-01-03T12:22:24Z</time>
   </trkpt>
   <trkpt lat="51.4702340" lon="-0.2631140">
    <ele>4.3</ele>
    <time>2026-01-03T12:22:25Z</time>
   </trkpt>
   <trkpt lat="51.4702330" lon="-0.2631350">
    <ele>4.3</ele>
    <time>2026-01-03T12:22:26Z</time>
   </trkpt>
   <trkpt lat="51.4702320" lon="-0.2631450">
    <ele>4.3</ele>
    <time>2026-01-03T12:22:27Z</time>
   </trkpt>
   <trkpt lat="51.4702310" lon="-0.2631680">
    <ele>4.3</ele>
    <time>2026-01-03T12:22:28Z</time>
   </trkpt>
   <trkpt lat="51.4702290" lon="-0.2631880">
    <ele>4.3</ele>
    <time>2026-01-03T12:22:29Z</time>
   </trkpt>
   <trkpt lat="51.4702290" lon="-0.2632090">
    <ele>4.3</ele>
    <time>2026-01-03T12:22:30Z</time>
   </trkpt>
   <trkpt lat="51.4702310" lon="-0.2632310">
    <ele>4.3</ele>
    <time>2026-01-03T12:22:31Z</time>
   </trkpt>
   <trkpt lat="51.4702380" lon="-0.2632590">
    <ele>4.3</ele>
    <time>2026-01-03T12:22:32Z</time>
   </trkpt>
   <trkpt lat="51.4702420" lon="-0.2632730">
    <ele>4.3</ele>
    <time>2026-01-03T12:22:33Z</time>
   </trkpt>
   <trkpt lat="51.4702450" lon="-0.2632880">
    <ele>4.3</ele>
    <time>2026-01-03T12:22:34Z</time>
   </trkpt>
   <trkpt lat="51.4702460" lon="-0.2633000">
    <ele>4.3</ele>
    <time>2026-01-03T12:22:35Z</time>
   </trkpt>
   <trkpt lat="51.4702470" lon="-0.2633240">
    <ele>4.2</ele>
    <time>2026-01-03T12:22:36Z</time>
   </trkpt>
   <trkpt lat="51.4702450" lon="-0.2633410">
    <ele>4.2</ele>
    <time>2026-01-03T12:22:37Z</time>
   </trkpt>
   <trkpt lat="51.4702440" lon="-0.2633560">
    <ele>4.2</ele>
    <time>2026-01-03T12:22:38Z</time>
   </trkpt>
   <trkpt lat="51.4702460" lon="-0.2633740">
    <ele>4.2</ele>
    <time>2026-01-03T12:22:39Z</time>
   </trkpt>
   <trkpt lat="51.4702520" lon="-0.2633950">
    <ele>4.2</ele>
    <time>2026-01-03T12:22:40Z</time>
   </trkpt>
   <trkpt lat="51.4702520" lon="-0.2634130">
    <ele>4.2</ele>
    <time>2026-01-03T12:22:41Z</time>
   </trkpt>
   <trkpt lat="51.4702520" lon="-0.2634290">
    <ele>4.2</ele>
    <time>2026-01-03T12:22:42Z</time>
   </trkpt>
   <trkpt lat="51.4702540" lon="-0.2634480">
    <ele>4.2</ele>
    <time>2026-01-03T12:22:43Z</time>
   </trkpt>
   <trkpt lat="51.4702590" lon="-0.2634680">
    <ele>4.2</ele>
    <time>2026-01-03T12:22:44Z</time>
   </trkpt>
   <trkpt lat="51.4702560" lon="-0.2634850">
    <ele>4.2</ele>
    <time>2026-01-03T12:22:45Z</time>
   </trkpt>
   <trkpt lat="51.4702520" lon="-0.2635040">
    <ele>4.2</ele>
    <time>2026-01-03T12:22:46Z</time>
   </trkpt>
   <trkpt lat="51.4702510" lon="-0.2635210">
    <ele>4.2</ele>
    <time>2026-01-03T12:22:47Z</time>
   </trkpt>
   <trkpt lat="51.4702530" lon="-0.2635380">
    <ele>4.2</ele>
    <time>2026-01-03T12:22:48Z</time>
   </trkpt>
   <trkpt lat="51.4702530" lon="-0.2635570">
    <ele>4.2</ele>
    <time>2026-01-03T12:22:49Z</time>
   </trkpt>
   <trkpt lat="51.4702510" lon="-0.2635730">
    <ele>4.1</ele>
    <time>2026-01-03T12:22:50Z</time>
   </trkpt>
   <trkpt lat="51.4702510" lon="-0.2635950">
    <ele>4.1</ele>
    <time>2026-01-03T12:22:51Z</time>
   </trkpt>
   <trkpt lat="51.4702480" lon="-0.2636110">
    <ele>4.1</ele>
    <time>2026-01-03T12:22:52Z</time>
   </trkpt>
   <trkpt lat="51.4702460" lon="-0.2636300">
    <ele>4.1</ele>
    <time>2026-01-03T12:22:53Z</time>
   </trkpt>
   <trkpt lat="51.4702440" lon="-0.2636460">
    <ele>4.1</ele>
    <time>2026-01-03T12:22:54Z</time>
   </trkpt>
   <trkpt lat="51.4702410" lon="-0.2636670">
    <ele>4.1</ele>
    <time>2026-01-03T12:22:55Z</time>
   </trkpt>
   <trkpt lat="51.4702380" lon="-0.2636850">
    <ele>4.1</ele>
    <time>2026-01-03T12:22:56Z</time>
   </trkpt>
   <trkpt lat="51.4702340" lon="-0.2637020">
    <ele>4.0</ele>
    <time>2026-01-03T12:22:57Z</time>
   </trkpt>
   <trkpt lat="51.4702320" lon="-0.2637230">
    <ele>4.0</ele>
    <time>2026-01-03T12:22:58Z</time>
   </trkpt>
   <trkpt lat="51.4702300" lon="-0.2637570">
    <ele>4.0</ele>
    <time>2026-01-03T12:22:59Z</time>
   </trkpt>
   <trkpt lat="51.4702280" lon="-0.2637710">
    <ele>4.0</ele>
    <time>2026-01-03T12:23:00Z</time>
   </trkpt>
   <trkpt lat="51.4702250" lon="-0.2637850">
    <ele>4.0</ele>
    <time>2026-01-03T12:23:01Z</time>
   </trkpt>
   <trkpt lat="51.4702250" lon="-0.2638040">
    <ele>3.9</ele>
    <time>2026-01-03T12:23:02Z</time>
   </trkpt>
   <trkpt lat="51.4702200" lon="-0.2638310">
    <ele>3.9</ele>
    <time>2026-01-03T12:23:03Z</time>
   </trkpt>
   <trkpt lat="51.4702130" lon="-0.2638470">
    <ele>3.9</ele>
    <time>2026-01-03T12:23:04Z</time>
   </trkpt>
   <trkpt lat="51.4702080" lon="-0.2638650">
    <ele>3.9</ele>
    <time>2026-01-03T12:23:05Z</time>
   </trkpt>
   <trkpt lat="51.4702110" lon="-0.2638780">
    <ele>3.8</ele>
    <time>2026-01-03T12:23:06Z</time>
   </trkpt>
   <trkpt lat="51.4702050" lon="-0.2638950">
    <ele>3.8</ele>
    <time>2026-01-03T12:23:07Z</time>
   </trkpt>
   <trkpt lat="51.4702060" lon="-0.2639150">
    <ele>3.8</ele>
    <time>2026-01-03T12:23:08Z</time>
   </trkpt>
   <trkpt lat="51.4702050" lon="-0.2639290">
    <ele>3.8</ele>
    <time>2026-01-03T12:23:09Z</time>
   </trkpt>
   <trkpt lat="51.4702060" lon="-0.2639470">
    <ele>3.8</ele>
    <time>2026-01-03T12:23:10Z</time>
   </trkpt>
   <trkpt lat="51.4702080" lon="-0.2639680">
    <ele>3.8</ele>
    <time>2026-01-03T12:23:11Z</time>
   </trkpt>
   <trkpt lat="51.4702070" lon="-0.2639860">
    <ele>3.7</ele>
    <time>2026-01-03T12:23:12Z</time>
   </trkpt>
   <trkpt lat="51.4702040" lon="-0.2640020">
    <ele>3.7</ele>
    <time>2026-01-03T12:23:13Z</time>
   </trkpt>
   <trkpt lat="51.4702020" lon="-0.2640230">
    <ele>3.7</ele>
    <time>2026-01-03T12:23:14Z</time>
   </trkpt>
   <trkpt lat="51.4702040" lon="-0.2640380">
    <ele>3.7</ele>
    <time>2026-01-03T12:23:15Z</time>
   </trkpt>
   <trkpt lat="51.4702060" lon="-0.2640590">
    <ele>3.7</ele>
    <time>2026-01-03T12:23:16Z</time>
   </trkpt>
   <trkpt lat="51.4702090" lon="-0.2640760">
    <ele>3.7</ele>
    <time>2026-01-03T12:23:17Z</time>
   </trkpt>
   <trkpt lat="51.4702140" lon="-0.2640910">
    <ele>3.7</ele>
    <time>2026-01-03T12:23:18Z</time>
   </trkpt>
   <trkpt lat="51.4702210" lon="-0.2641060">
    <ele>3.7</ele>
    <time>2026-01-03T12:23:19Z</time>
   </trkpt>
   <trkpt lat="51.4702270" lon="-0.2641220">
    <ele>3.7</ele>
    <time>2026-01-03T12:23:20Z</time>
   </trkpt>
   <trkpt lat="51.4702320" lon="-0.2641360">
    <ele>3.7</ele>
    <time>2026-01-03T12:23:21Z</time>
   </trkpt>
   <trkpt lat="51.4702380" lon="-0.2641480">
    <ele>3.7</ele>
    <time>2026-01-03T12:23:22Z</time>
   </trkpt>
   <trkpt lat="51.4702380" lon="-0.2641640">
    <ele>3.7</ele>
    <time>2026-01-03T12:23:23Z</time>
   </trkpt>
   <trkpt lat="51.4702420" lon="-0.2641790">
    <ele>3.7</ele>
    <time>2026-01-03T12:23:24Z</time>
   </trkpt>
   <trkpt lat="51.4702470" lon="-0.2641890">
    <ele>3.7</ele>
    <time>2026-01-03T12:23:25Z</time>
   </trkpt>
   <trkpt lat="51.4702520" lon="-0.2642000">
    <ele>3.7</ele>
    <time>2026-01-03T12:23:26Z</time>
   </trkpt>
   <trkpt lat="51.4702580" lon="-0.2642180">
    <ele>3.7</ele>
    <time>2026-01-03T12:23:27Z</time>
   </trkpt>
   <trkpt lat="51.4702610" lon="-0.2642280">
    <ele>3.7</ele>
    <time>2026-01-03T12:23:28Z</time>
   </trkpt>
   <trkpt lat="51.4702710" lon="-0.2642490">
    <ele>3.7</ele>
    <time>2026-01-03T12:23:29Z</time>
   </trkpt>
   <trkpt lat="51.4702770" lon="-0.2642610">
    <ele>3.7</ele>
    <time>2026-01-03T12:23:30Z</time>
   </trkpt>
   <trkpt lat="51.4702810" lon="-0.2642760">
    <ele>3.7</ele>
    <time>2026-01-03T12:23:31Z</time>
   </trkpt>
   <trkpt lat="51.4702880" lon="-0.2642880">
    <ele>3.7</ele>
    <time>2026-01-03T12:23:32Z</time>
   </trkpt>
   <trkpt lat="51.4702970" lon="-0.2643060">
    <ele>3.7</ele>
    <time>2026-01-03T12:23:33Z</time>
   </trkpt>
   <trkpt lat="51.4702990" lon="-0.2643190">
    <ele>3.7</ele>
    <time>2026-01-03T12:23:34Z</time>
   </trkpt>
   <trkpt lat="51.4703050" lon="-0.2643350">
    <ele>3.7</ele>
    <time>2026-01-03T12:23:35Z</time>
   </trkpt>
   <trkpt lat="51.4703120" lon="-0.2643470">
    <ele>3.7</ele>
    <time>2026-01-03T12:23:36Z</time>
   </trkpt>
   <trkpt lat="51.4703180" lon="-0.2643610">
    <ele>3.8</ele>
    <time>2026-01-03T12:23:37Z</time>
   </trkpt>
   <trkpt lat="51.4703230" lon="-0.2643760">
    <ele>3.8</ele>
    <time>2026-01-03T12:23:38Z</time>
   </trkpt>
   <trkpt lat="51.4703280" lon="-0.2643960">
    <ele>3.8</ele>
    <time>2026-01-03T12:23:39Z</time>
   </trkpt>
   <trkpt lat="51.4703320" lon="-0.2644130">
    <ele>3.8</ele>
    <time>2026-01-03T12:23:40Z</time>
   </trkpt>
   <trkpt lat="51.4703380" lon="-0.2644320">
    <ele>3.8</ele>
    <time>2026-01-03T12:23:41Z</time>
   </trkpt>
   <trkpt lat="51.4703420" lon="-0.2644460">
    <ele>3.8</ele>
    <time>2026-01-03T12:23:42Z</time>
   </trkpt>
   <trkpt lat="51.4703450" lon="-0.2644590">
    <ele>3.8</ele>
    <time>2026-01-03T12:23:43Z</time>
   </trkpt>
   <trkpt lat="51.4703480" lon="-0.2644760">
    <ele>3.8</ele>
    <time>2026-01-03T12:23:44Z</time>
   </trkpt>
   <trkpt lat="51.4703530" lon="-0.2644990">
    <ele>3.8</ele>
    <time>2026-01-03T12:23:45Z</time>
   </trkpt>
   <trkpt lat="51.4703520" lon="-0.2645150">
    <ele>3.8</ele>
    <time>2026-01-03T12:23:46Z</time>
   </trkpt>
   <trkpt lat="51.4703520" lon="-0.2645350">
    <ele>3.8</ele>
    <time>2026-01-03T12:23:47Z</time>
   </trkpt>
   <trkpt lat="51.4703560" lon="-0.2645460">
    <ele>3.8</ele>
    <time>2026-01-03T12:23:48Z</time>
   </trkpt>
   <trkpt lat="51.4703610" lon="-0.2645570">
    <ele>3.8</ele>
    <time>2026-01-03T12:23:49Z</time>
   </trkpt>
   <trkpt lat="51.4703670" lon="-0.2645740">
    <ele>3.8</ele>
    <time>2026-01-03T12:23:50Z</time>
   </trkpt>
   <trkpt lat="51.4703740" lon="-0.2645910">
    <ele>3.7</ele>
    <time>2026-01-03T12:23:51Z</time>
   </trkpt>
   <trkpt lat="51.4703830" lon="-0.2646070">
    <ele>3.7</ele>
    <time>2026-01-03T12:23:52Z</time>
   </trkpt>
   <trkpt lat="51.4703910" lon="-0.2646200">
    <ele>3.7</ele>
    <time>2026-01-03T12:23:53Z</time>
   </trkpt>
   <trkpt lat="51.4703960" lon="-0.2646320">
    <ele>3.7</ele>
    <time>2026-01-03T12:23:54Z</time>
   </trkpt>
   <trkpt lat="51.4704080" lon="-0.2646620">
    <ele>3.7</ele>
    <time>2026-01-03T12:23:55Z</time>
   </trkpt>
   <trkpt lat="51.4704130" lon="-0.2646760">
    <ele>3.7</ele>
    <time>2026-01-03T12:23:56Z</time>
   </trkpt>
   <trkpt lat="51.4704170" lon="-0.2646890">
    <ele>3.7</ele>
    <time>2026-01-03T12:23:57Z</time>
   </trkpt>
   <trkpt lat="51.4704230" lon="-0.2647070">
    <ele>3.7</ele>
    <time>2026-01-03T12:23:58Z</time>
   </trkpt>
   <trkpt lat="51.4704270" lon="-0.2647210">
    <ele>3.7</ele>
    <time>2026-01-03T12:23:59Z</time>
   </trkpt>
   <trkpt lat="51.4704300" lon="-0.2647360">
    <ele>3.7</ele>
    <time>2026-01-03T12:24:00Z</time>
   </trkpt>
   <trkpt lat="51.4704290" lon="-0.2647460">
    <ele>3.7</ele>
    <time>2026-01-03T12:24:01Z</time>
   </trkpt>
   <trkpt lat="51.4704360" lon="-0.2647620">
    <ele>3.7</ele>
    <time>2026-01-03T12:24:02Z</time>
   </trkpt>
   <trkpt lat="51.4704460" lon="-0.2647770">
    <ele>3.7</ele>
    <time>2026-01-03T12:24:03Z</time>
   </trkpt>
   <trkpt lat="51.4704550" lon="-0.2647910">
    <ele>3.7</ele>
    <time>2026-01-03T12:24:04Z</time>
   </trkpt>
   <trkpt lat="51.4704590" lon="-0.2648040">
    <ele>3.7</ele>
    <time>2026-01-03T12:24:05Z</time>
   </trkpt>
   <trkpt lat="51.4704630" lon="-0.2648220">
    <ele>3.7</ele>
    <time>2026-01-03T12:24:06Z</time>
   </trkpt>
   <trkpt lat="51.4704740" lon="-0.2648520">
    <ele>3.7</ele>
    <time>2026-01-03T12:24:07Z</time>
   </trkpt>
   <trkpt lat="51.4704780" lon="-0.2648640">
    <ele>3.7</ele>
    <time>2026-01-03T12:24:08Z</time>
   </trkpt>
   <trkpt lat="51.4704820" lon="-0.2648750">
    <ele>3.7</ele>
    <time>2026-01-03T12:24:09Z</time>
   </trkpt>
   <trkpt lat="51.4704850" lon="-0.2648900">
    <ele>3.7</ele>
    <time>2026-01-03T12:24:10Z</time>
   </trkpt>
   <trkpt lat="51.4704900" lon="-0.2649050">
    <ele>3.7</ele>
    <time>2026-01-03T12:24:11Z</time>
   </trkpt>
   <trkpt lat="51.4704940" lon="-0.2649220">
    <ele>3.7</ele>
    <time>2026-01-03T12:24:12Z</time>
   </trkpt>
   <trkpt lat="51.4705060" lon="-0.2649470">
    <ele>3.8</ele>
    <time>2026-01-03T12:24:13Z</time>
   </trkpt>
   <trkpt lat="51.4705110" lon="-0.2649590">
    <ele>3.8</ele>
    <time>2026-01-03T12:24:14Z</time>
   </trkpt>
   <trkpt lat="51.4705150" lon="-0.2649710">
    <ele>3.8</ele>
    <time>2026-01-03T12:24:15Z</time>
   </trkpt>
   <trkpt lat="51.4705190" lon="-0.2649870">
    <ele>3.8</ele>
    <time>2026-01-03T12:24:16Z</time>
   </trkpt>
   <trkpt lat="51.4705290" lon="-0.2650010">
    <ele>3.8</ele>
    <time>2026-01-03T12:24:17Z</time>
   </trkpt>
   <trkpt lat="51.4705350" lon="-0.2650190">
    <ele>3.8</ele>
    <time>2026-01-03T12:24:18Z</time>
   </trkpt>
   <trkpt lat="51.4705400" lon="-0.2650310">
    <ele>3.8</ele>
    <time>2026-01-03T12:24:19Z</time>
   </trkpt>
   <trkpt lat="51.4705460" lon="-0.2650450">
    <ele>3.8</ele>
    <time>2026-01-03T12:24:20Z</time>
   </trkpt>
   <trkpt lat="51.4705510" lon="-0.2650600">
    <ele>3.8</ele>
    <time>2026-01-03T12:24:21Z</time>
   </trkpt>
   <trkpt lat="51.4705560" lon="-0.2650860">
    <ele>3.9</ele>
    <time>2026-01-03T12:24:22Z</time>
   </trkpt>
   <trkpt lat="51.4705620" lon="-0.2651030">
    <ele>3.9</ele>
    <time>2026-01-03T12:24:23Z</time>
   </trkpt>
   <trkpt lat="51.4705660" lon="-0.2651150">
    <ele>3.9</ele>
    <time>2026-01-03T12:24:24Z</time>
   </trkpt>
   <trkpt lat="51.4705690" lon="-0.2651320">
    <ele>3.9</ele>
    <time>2026-01-03T12:24:25Z</time>
   </trkpt>
   <trkpt lat="51.4705720" lon="-0.2651490">
    <ele>3.9</ele>
    <time>2026-01-03T12:24:26Z</time>
   </trkpt>
   <trkpt lat="51.4705770" lon="-0.2651810">
    <ele>3.9</ele>
    <time>2026-01-03T12:24:27Z</time>
   </trkpt>
   <trkpt lat="51.4705800" lon="-0.2651930">
    <ele>4.0</ele>
    <time>2026-01-03T12:24:28Z</time>
   </trkpt>
   <trkpt lat="51.4705840" lon="-0.2652050">
    <ele>4.0</ele>
    <time>2026-01-03T12:24:29Z</time>
   </trkpt>
   <trkpt lat="51.4705860" lon="-0.2652180">
    <ele>4.0</ele>
    <time>2026-01-03T12:24:30Z</time>
   </trkpt>
   <trkpt lat="51.4705890" lon="-0.2652300">
    <ele>4.0</ele>
    <time>2026-01-03T12:24:31Z</time>
   </trkpt>
   <trkpt lat="51.4705920" lon="-0.2652520">
    <ele>4.0</ele>
    <time>2026-01-03T12:24:32Z</time>
   </trkpt>
   <trkpt lat="51.4705940" lon="-0.2652700">
    <ele>4.0</ele>
    <time>2026-01-03T12:24:33Z</time>
   </trkpt>
   <trkpt lat="51.4705950" lon="-0.2652870">
    <ele>4.0</ele>
    <time>2026-01-03T12:24:34Z</time>
   </trkpt>
   <trkpt lat="51.4705980" lon="-0.2653060">
    <ele>4.0</ele>
    <time>2026-01-03T12:24:35Z</time>
   </trkpt>
   <trkpt lat="51.4706020" lon="-0.2653230">
    <ele>4.1</ele>
    <time>2026-01-03T12:24:36Z</time>
   </trkpt>
   <trkpt lat="51.4706030" lon="-0.2653420">
    <ele>4.1</ele>
    <time>2026-01-03T12:24:37Z</time>
   </trkpt>
   <trkpt lat="51.4706060" lon="-0.2653560">
    <ele>4.1</ele>
    <time>2026-01-03T12:24:38Z</time>
   </trkpt>
   <trkpt lat="51.4706050" lon="-0.2653800">
    <ele>4.1</ele>
    <time>2026-01-03T12:24:39Z</time>
   </trkpt>
   <trkpt lat="51.4706120" lon="-0.2654050">
    <ele>4.1</ele>
    <time>2026-01-03T12:24:40Z</time>
   </trkpt>
   <trkpt lat="51.4706160" lon="-0.2654200">
    <ele>4.1</ele>
    <time>2026-01-03T12:24:41Z</time>
   </trkpt>
   <trkpt lat="51.4706180" lon="-0.2654290">
    <ele>4.1</ele>
    <time>2026-01-03T12:24:42Z</time>
   </trkpt>
   <trkpt lat="51.4706210" lon="-0.2654500">
    <ele>4.1</ele>
    <time>2026-01-03T12:24:43Z</time>
   </trkpt>
   <trkpt lat="51.4706220" lon="-0.2654720">
    <ele>4.1</ele>
    <time>2026-01-03T12:24:44Z</time>
   </trkpt>
   <trkpt lat="51.4706210" lon="-0.2654910">
    <ele>4.1</ele>
    <time>2026-01-03T12:24:45Z</time>
   </trkpt>
   <trkpt lat="51.4706220" lon="-0.2655030">
    <ele>4.1</ele>
    <time>2026-01-03T12:24:46Z</time>
   </trkpt>
   <trkpt lat="51.4706270" lon="-0.2655250">
    <ele>4.1</ele>
    <time>2026-01-03T12:24:47Z</time>
   </trkpt>
   <trkpt lat="51.4706320" lon="-0.2655400">
    <ele>4.1</ele>
    <time>2026-01-03T12:24:48Z</time>
   </trkpt>
   <trkpt lat="51.4706330" lon="-0.2655510">
    <ele>4.1</ele>
    <time>2026-01-03T12:24:49Z</time>
   </trkpt>
   <trkpt lat="51.4706410" lon="-0.2655810">
    <ele>4.2</ele>
    <time>2026-01-03T12:24:50Z</time>
   </trkpt>
   <trkpt lat="51.4706440" lon="-0.2655970">
    <ele>4.2</ele>
    <time>2026-01-03T12:24:51Z</time>
   </trkpt>
   <trkpt lat="51.4706470" lon="-0.2656120">
    <ele>4.2</ele>
    <time>2026-01-03T12:24:52Z</time>
   </trkpt>
   <trkpt lat="51.4706500" lon="-0.2656240">
    <ele>4.2</ele>
    <time>2026-01-03T12:24:53Z</time>
   </trkpt>
   <trkpt lat="51.4706540" lon="-0.2656410">
    <ele>4.2</ele>
    <time>2026-01-03T12:24:54Z</time>
   </trkpt>
   <trkpt lat="51.4706590" lon="-0.2656590">
    <ele>4.2</ele>
    <time>2026-01-03T12:24:55Z</time>
   </trkpt>
   <trkpt lat="51.4706670" lon="-0.2656800">
    <ele>4.2</ele>
    <time>2026-01-03T12:24:56Z</time>
   </trkpt>
   <trkpt lat="51.4706720" lon="-0.2657020">
    <ele>4.2</ele>
    <time>2026-01-03T12:24:57Z</time>
   </trkpt>
   <trkpt lat="51.4706760" lon="-0.2657350">
    <ele>4.2</ele>
    <time>2026-01-03T12:24:58Z</time>
   </trkpt>
   <trkpt lat="51.4706790" lon="-0.2657460">
    <ele>4.2</ele>
    <time>2026-01-03T12:24:59Z</time>
   </trkpt>
   <trkpt lat="51.4706810" lon="-0.2657580">
    <ele>4.2</ele>
    <time>2026-01-03T12:25:00Z</time>
   </trkpt>
   <trkpt lat="51.4706890" lon="-0.2657740">
    <ele>4.2</ele>
    <time>2026-01-03T12:25:01Z</time>
   </trkpt>
   <trkpt lat="51.4706910" lon="-0.2657910">
    <ele>4.2</ele>
    <time>2026-01-03T12:25:02Z</time>
   </trkpt>
   <trkpt lat="51.4706910" lon="-0.2658090">
    <ele>4.2</ele>
    <time>2026-01-03T12:25:03Z</time>
   </trkpt>
   <trkpt lat="51.4706920" lon="-0.2658280">
    <ele>4.2</ele>
    <time>2026-01-03T12:25:04Z</time>
   </trkpt>
   <trkpt lat="51.4706980" lon="-0.2658460">
    <ele>4.2</ele>
    <time>2026-01-03T12:25:05Z</time>
   </trkpt>
   <trkpt lat="51.4707040" lon="-0.2658610">
    <ele>4.2</ele>
    <time>2026-01-03T12:25:06Z</time>
   </trkpt>
   <trkpt lat="51.4707070" lon="-0.2658820">
    <ele>4.2</ele>
    <time>2026-01-03T12:25:07Z</time>
   </trkpt>
   <trkpt lat="51.4707140" lon="-0.2659000">
    <ele>4.2</ele>
    <time>2026-01-03T12:25:08Z</time>
   </trkpt>
   <trkpt lat="51.4707190" lon="-0.2659120">
    <ele>4.2</ele>
    <time>2026-01-03T12:25:09Z</time>
   </trkpt>
   <trkpt lat="51.4707220" lon="-0.2659280">
    <ele>4.2</ele>
    <time>2026-01-03T12:25:10Z</time>
   </trkpt>
   <trkpt lat="51.4707280" lon="-0.2659480">
    <ele>4.2</ele>
    <time>2026-01-03T12:25:11Z</time>
   </trkpt>
   <trkpt lat="51.4707290" lon="-0.2659640">
    <ele>4.2</ele>
    <time>2026-01-03T12:25:12Z</time>
   </trkpt>
   <trkpt lat="51.4707330" lon="-0.2659770">
    <ele>4.2</ele>
    <time>2026-01-03T12:25:13Z</time>
   </trkpt>
   <trkpt lat="51.4707400" lon="-0.2659970">
    <ele>4.2</ele>
    <time>2026-01-03T12:25:14Z</time>
   </trkpt>
   <trkpt lat="51.4707450" lon="-0.2660090">
    <ele>4.2</ele>
    <time>2026-01-03T12:25:15Z</time>
   </trkpt>
   <trkpt lat="51.4707510" lon="-0.2660430">
    <ele>4.2</ele>
    <time>2026-01-03T12:25:16Z</time>
   </trkpt>
   <trkpt lat="51.4707520" lon="-0.2660560">
    <ele>4.2</ele>
    <time>2026-01-03T12:25:17Z</time>
   </trkpt>
   <trkpt lat="51.4707540" lon="-0.2660690">
    <ele>4.2</ele>
    <time>2026-01-03T12:25:18Z</time>
   </trkpt>
   <trkpt lat="51.4707570" lon="-0.2660900">
    <ele>4.2</ele>
    <time>2026-01-03T12:25:19Z</time>
   </trkpt>
   <trkpt lat="51.4707630" lon="-0.2661120">
    <ele>4.2</ele>
    <time>2026-01-03T12:25:20Z</time>
   </trkpt>
   <trkpt lat="51.4707700" lon="-0.2661420">
    <ele>4.1</ele>
    <time>2026-01-03T12:25:21Z</time>
   </trkpt>
   <trkpt lat="51.4707730" lon="-0.2661550">
    <ele>4.1</ele>
    <time>2026-01-03T12:25:22Z</time>
   </trkpt>
   <trkpt lat="51.4707770" lon="-0.2661680">
    <ele>4.1</ele>
    <time>2026-01-03T12:25:23Z</time>
   </trkpt>
   <trkpt lat="51.4707830" lon="-0.2661890">
    <ele>4.1</ele>
    <time>2026-01-03T12:25:24Z</time>
   </trkpt>
   <trkpt lat="51.4707870" lon="-0.2661990">
    <ele>4.1</ele>
    <time>2026-01-03T12:25:25Z</time>
   </trkpt>
   <trkpt lat="51.4707930" lon="-0.2662130">
    <ele>4.1</ele>
    <time>2026-01-03T12:25:26Z</time>
   </trkpt>
   <trkpt lat="51.4707980" lon="-0.2662280">
    <ele>4.1</ele>
    <time>2026-01-03T12:25:27Z</time>
   </trkpt>
   <trkpt lat="51.4708020" lon="-0.2662460">
    <ele>4.1</ele>
    <time>2026-01-03T12:25:28Z</time>
   </trkpt>
   <trkpt lat="51.4708090" lon="-0.2662610">
    <ele>4.1</ele>
    <time>2026-01-03T12:25:29Z</time>
   </trkpt>
   <trkpt lat="51.4708200" lon="-0.2662900">
    <ele>4.1</ele>
    <time>2026-01-03T12:25:30Z</time>
   </trkpt>
   <trkpt lat="51.4708230" lon="-0.2663020">
    <ele>4.0</ele>
    <time>2026-01-03T12:25:31Z</time>
   </trkpt>
   <trkpt lat="51.4708270" lon="-0.2663130">
    <ele>4.0</ele>
    <time>2026-01-03T12:25:32Z</time>
   </trkpt>
   <trkpt lat="51.4708330" lon="-0.2663350">
    <ele>4.0</ele>
    <time>2026-01-03T12:25:33Z</time>
   </trkpt>
   <trkpt lat="51.4708410" lon="-0.2663520">
    <ele>4.0</ele>
    <time>2026-01-03T12:25:34Z</time>
   </trkpt>
   <trkpt lat="51.4708440" lon="-0.2663700">
    <ele>4.0</ele>
    <time>2026-01-03T12:25:35Z</time>
   </trkpt>
   <trkpt lat="51.4708480" lon="-0.2663840">
    <ele>4.0</ele>
    <time>2026-01-03T12:25:36Z</time>
   </trkpt>
   <trkpt lat="51.4708500" lon="-0.2663990">
    <ele>4.0</ele>
    <time>2026-01-03T12:25:37Z</time>
   </trkpt>
   <trkpt lat="51.4708570" lon="-0.2664300">
    <ele>4.0</ele>
    <time>2026-01-03T12:25:38Z</time>
   </trkpt>
   <trkpt lat="51.4708600" lon="-0.2664440">
    <ele>4.0</ele>
    <time>2026-01-03T12:25:39Z</time>
   </trkpt>
   <trkpt lat="51.4708620" lon="-0.2664570">
    <ele>4.0</ele>
    <time>2026-01-03T12:25:40Z</time>
   </trkpt>
   <trkpt lat="51.4708640" lon="-0.2664750">
    <ele>4.0</ele>
    <time>2026-01-03T12:25:41Z</time>
   </trkpt>
   <trkpt lat="51.4708660" lon="-0.2664880">
    <ele>4.0</ele>
    <time>2026-01-03T12:25:42Z</time>
   </trkpt>
   <trkpt lat="51.4708690" lon="-0.2665060">
    <ele>4.0</ele>
    <time>2026-01-03T12:25:43Z</time>
   </trkpt>
   <trkpt lat="51.4708790" lon="-0.2665380">
    <ele>4.0</ele>
    <time>2026-01-03T12:25:44Z</time>
   </trkpt>
   <trkpt lat="51.4708820" lon="-0.2665500">
    <ele>4.0</ele>
    <time>2026-01-03T12:25:45Z</time>
   </trkpt>
   <trkpt lat="51.4708850" lon="-0.2665630">
    <ele>4.0</ele>
    <time>2026-01-03T12:25:46Z</time>
   </trkpt>
   <trkpt lat="51.4708920" lon="-0.2665800">
    <ele>4.0</ele>
    <time>2026-01-03T12:25:47Z</time>
   </trkpt>
   <trkpt lat="51.4708960" lon="-0.2665940">
    <ele>3.9</ele>
    <time>2026-01-03T12:25:48Z</time>
   </trkpt>
   <trkpt lat="51.4709010" lon="-0.2666100">
    <ele>3.9</ele>
    <time>2026-01-03T12:25:49Z</time>
   </trkpt>
   <trkpt lat="51.4709110" lon="-0.2666390">
    <ele>3.9</ele>
    <time>2026-01-03T12:25:50Z</time>
   </trkpt>
   <trkpt lat="51.4709150" lon="-0.2666510">
    <ele>3.9</ele>
    <time>2026-01-03T12:25:51Z</time>
   </trkpt>
   <trkpt lat="51.4709190" lon="-0.2666640">
    <ele>3.9</ele>
    <time>2026-01-03T12:25:52Z</time>
   </trkpt>
   <trkpt lat="51.4709250" lon="-0.2666800">
    <ele>3.9</ele>
    <time>2026-01-03T12:25:53Z</time>
   </trkpt>
   <trkpt lat="51.4709290" lon="-0.2667000">
    <ele>3.9</ele>
    <time>2026-01-03T12:25:54Z</time>
   </trkpt>
   <trkpt lat="51.4709350" lon="-0.2667150">
    <ele>3.9</ele>
    <time>2026-01-03T12:25:55Z</time>
   </trkpt>
   <trkpt lat="51.4709400" lon="-0.2667330">
    <ele>3.9</ele>
    <time>2026-01-03T12:25:56Z</time>
   </trkpt>
   <trkpt lat="51.4709470" lon="-0.2667550">
    <ele>3.9</ele>
    <time>2026-01-03T12:25:57Z</time>
   </trkpt>
   <trkpt lat="51.4709480" lon="-0.2667720">
    <ele>3.9</ele>
    <time>2026-01-03T12:25:58Z</time>
   </trkpt>
   <trkpt lat="51.4709520" lon="-0.2667910">
    <ele>3.9</ele>
    <time>2026-01-03T12:25:59Z</time>
   </trkpt>
   <trkpt lat="51.4709570" lon="-0.2668070">
    <ele>3.9</ele>
    <time>2026-01-03T12:26:00Z</time>
   </trkpt>
   <trkpt lat="51.4709600" lon="-0.2668320">
    <ele>3.9</ele>
    <time>2026-01-03T12:26:01Z</time>
   </trkpt>
   <trkpt lat="51.4709610" lon="-0.2668460">
    <ele>3.9</ele>
    <time>2026-01-03T12:26:02Z</time>
   </trkpt>
   <trkpt lat="51.4709690" lon="-0.2668610">
    <ele>3.9</ele>
    <time>2026-01-03T12:26:03Z</time>
   </trkpt>
   <trkpt lat="51.4709790" lon="-0.2668790">
    <ele>3.9</ele>
    <time>2026-01-03T12:26:04Z</time>
   </trkpt>
   <trkpt lat="51.4709830" lon="-0.2668930">
    <ele>3.9</ele>
    <time>2026-01-03T12:26:05Z</time>
   </trkpt>
   <trkpt lat="51.4709870" lon="-0.2669110">
    <ele>3.9</ele>
    <time>2026-01-03T12:26:06Z</time>
   </trkpt>
   <trkpt lat="51.4709960" lon="-0.2669390">
    <ele>3.9</ele>
    <time>2026-01-03T12:26:07Z</time>
   </trkpt>
   <trkpt lat="51.4710010" lon="-0.2669500">
    <ele>3.9</ele>
    <time>2026-01-03T12:26:08Z</time>
   </trkpt>
   <trkpt lat="51.4710060" lon="-0.2669610">
    <ele>3.9</ele>
    <time>2026-01-03T12:26:09Z</time>
   </trkpt>
   <trkpt lat="51.4710090" lon="-0.2669930">
    <ele>3.9</ele>
    <time>2026-01-03T12:26:10Z</time>
   </trkpt>
   <trkpt lat="51.4710090" lon="-0.2670060">
    <ele>3.9</ele>
    <time>2026-01-03T12:26:11Z</time>
   </trkpt>
   <trkpt lat="51.4710100" lon="-0.2670200">
    <ele>3.9</ele>
    <time>2026-01-03T12:26:12Z</time>
   </trkpt>
   <trkpt lat="51.4710130" lon="-0.2670380">
    <ele>3.9</ele>
    <time>2026-01-03T12:26:13Z</time>
   </trkpt>
   <trkpt lat="51.4710180" lon="-0.2670570">
    <ele>3.9</ele>
    <time>2026-01-03T12:26:14Z</time>
   </trkpt>
   <trkpt lat="51.4710130" lon="-0.2670780">
    <ele>3.9</ele>
    <time>2026-01-03T12:26:15Z</time>
   </trkpt>
   <trkpt lat="51.4710130" lon="-0.2670980">
    <ele>3.9</ele>
    <time>2026-01-03T12:26:16Z</time>
   </trkpt>
   <trkpt lat="51.4710210" lon="-0.2671150">
    <ele>3.9</ele>
    <time>2026-01-03T12:26:17Z</time>
   </trkpt>
   <trkpt lat="51.4710250" lon="-0.2671300">
    <ele>3.9</ele>
    <time>2026-01-03T12:26:18Z</time>
   </trkpt>
   <trkpt lat="51.4710300" lon="-0.2671550">
    <ele>3.9</ele>
    <time>2026-01-03T12:26:19Z</time>
   </trkpt>
   <trkpt lat="51.4710330" lon="-0.2671650">
    <ele>3.9</ele>
    <time>2026-01-03T12:26:20Z</time>
   </trkpt>
   <trkpt lat="51.4710360" lon="-0.2671850">
    <ele>3.9</ele>
    <time>2026-01-03T12:26:21Z</time>
   </trkpt>
   <trkpt lat="51.4710410" lon="-0.2672190">
    <ele>3.9</ele>
    <time>2026-01-03T12:26:22Z</time>
   </trkpt>
   <trkpt lat="51.4710450" lon="-0.2672320">
    <ele>3.9</ele>
    <time>2026-01-03T12:26:23Z</time>
   </trkpt>
   <trkpt lat="51.4710480" lon="-0.2672450">
    <ele>3.9</ele>
    <time>2026-01-03T12:26:24Z</time>
   </trkpt>
   <trkpt lat="51.4710530" lon="-0.2672580">
    <ele>3.9</ele>
    <time>2026-01-03T12:26:25Z</time>
   </trkpt>
   <trkpt lat="51.4710580" lon="-0.2672770">
    <ele>3.9</ele>
    <time>2026-01-03T12:26:26Z</time>
   </trkpt>
   <trkpt lat="51.4710590" lon="-0.2672940">
    <ele>3.9</ele>
    <time>2026-01-03T12:26:27Z</time>
   </trkpt>
   <trkpt lat="51.4710620" lon="-0.2673120">
    <ele>3.9</ele>
    <time>2026-01-03T12:26:28Z</time>
   </trkpt>
   <trkpt lat="51.4710680" lon="-0.2673290">
    <ele>3.9</ele>
    <time>2026-01-03T12:26:29Z</time>
   </trkpt>
   <trkpt lat="51.4710720" lon="-0.2673460">
    <ele>3.9</ele>
    <time>2026-01-03T12:26:30Z</time>
   </trkpt>
   <trkpt lat="51.4710840" lon="-0.2673750">
    <ele>3.9</ele>
    <time>2026-01-03T12:26:31Z</time>
   </trkpt>
   <trkpt lat="51.4710880" lon="-0.2673890">
    <ele>3.9</ele>
    <time>2026-01-03T12:26:32Z</time>
   </trkpt>
   <trkpt lat="51.4710920" lon="-0.2674030">
    <ele>3.9</ele>
    <time>2026-01-03T12:26:33Z</time>
   </trkpt>
   <trkpt lat="51.4710950" lon="-0.2674140">
    <ele>3.9</ele>
    <time>2026-01-03T12:26:34Z</time>
   </trkpt>
   <trkpt lat="51.4710990" lon="-0.2674350">
    <ele>3.9</ele>
    <time>2026-01-03T12:26:35Z</time>
   </trkpt>
   <trkpt lat="51.4711050" lon="-0.2674540">
    <ele>3.9</ele>
    <time>2026-01-03T12:26:36Z</time>
   </trkpt>
   <trkpt lat="51.4711130" lon="-0.2674850">
    <ele>3.9</ele>
    <time>2026-01-03T12:26:37Z</time>
   </trkpt>
   <trkpt lat="51.4711150" lon="-0.2674980">
    <ele>3.9</ele>
    <time>2026-01-03T12:26:38Z</time>
   </trkpt>
   <trkpt lat="51.4711180" lon="-0.2675100">
    <ele>3.9</ele>
    <time>2026-01-03T12:26:39Z</time>
   </trkpt>
   <trkpt lat="51.4711220" lon="-0.2675250">
    <ele>3.9</ele>
    <time>2026-01-03T12:26:40Z</time>
   </trkpt>
   <trkpt lat="51.4711220" lon="-0.2675400">
    <ele>3.9</ele>
    <time>2026-01-03T12:26:41Z</time>
   </trkpt>
   <trkpt lat="51.4711230" lon="-0.2675600">
    <ele>3.9</ele>
    <time>2026-01-03T12:26:42Z</time>
   </trkpt>
   <trkpt lat="51.4711290" lon="-0.2675930">
    <ele>3.9</ele>
    <time>2026-01-03T12:26:43Z</time>
   </trkpt>
   <trkpt lat="51.4711310" lon="-0.2676050">
    <ele>3.9</ele>
    <time>2026-01-03T12:26:44Z</time>
   </trkpt>
   <trkpt lat="51.4711330" lon="-0.2676160">
    <ele>3.9</ele>
    <time>2026-01-03T12:26:45Z</time>
   </trkpt>
   <trkpt lat="51.4711440" lon="-0.2676440">
    <ele>3.9</ele>
    <time>2026-01-03T12:26:46Z</time>
   </trkpt>
   <trkpt lat="51.4711480" lon="-0.2676550">
    <ele>3.9</ele>
    <time>2026-01-03T12:26:47Z</time>
   </trkpt>
   <trkpt lat="51.4711520" lon="-0.2676670">
    <ele>3.9</ele>
    <time>2026-01-03T12:26:48Z</time>
   </trkpt>
   <trkpt lat="51.4711600" lon="-0.2676850">
    <ele>3.9</ele>
    <time>2026-01-03T12:26:49Z</time>
   </trkpt>
   <trkpt lat="51.4711570" lon="-0.2676980">
    <ele>3.9</ele>
    <time>2026-01-03T12:26:50Z</time>
   </trkpt>
   <trkpt lat="51.4711640" lon="-0.2677170">
    <ele>3.9</ele>
    <time>2026-01-03T12:26:51Z</time>
   </trkpt>
   <trkpt lat="51.4711690" lon="-0.2677510">
    <ele>3.9</ele>
    <time>2026-01-03T12:26:52Z</time>
   </trkpt>
   <trkpt lat="51.4711710" lon="-0.2677630">
    <ele>3.9</ele>
    <time>2026-01-03T12:26:53Z</time>
   </trkpt>
   <trkpt lat="51.4711720" lon="-0.2677740">
    <ele>3.9</ele>
    <time>2026-01-03T12:26:54Z</time>
   </trkpt>
   <trkpt lat="51.4711780" lon="-0.2678080">
    <ele>3.9</ele>
    <time>2026-01-03T12:26:55Z</time>
   </trkpt>
   <trkpt lat="51.4711810" lon="-0.2678180">
    <ele>3.9</ele>
    <time>2026-01-03T12:26:56Z</time>
   </trkpt>
   <trkpt lat="51.4711840" lon="-0.2678290">
    <ele>3.9</ele>
    <time>2026-01-03T12:26:57Z</time>
   </trkpt>
   <trkpt lat="51.4711890" lon="-0.2678450">
    <ele>3.9</ele>
    <time>2026-01-03T12:26:58Z</time>
   </trkpt>
   <trkpt lat="51.4711950" lon="-0.2678550">
    <ele>3.9</ele>
    <time>2026-01-03T12:26:59Z</time>
   </trkpt>
   <trkpt lat="51.4712080" lon="-0.2678650">
    <ele>3.9</ele>
    <time>2026-01-03T12:27:00Z</time>
   </trkpt>
   <trkpt lat="51.4712280" lon="-0.2678750">
    <ele>3.9</ele>
    <time>2026-01-03T12:27:01Z</time>
   </trkpt>
   <trkpt lat="51.4712360" lon="-0.2678790">
    <ele>3.9</ele>
    <time>2026-01-03T12:27:02Z</time>
   </trkpt>
   <trkpt lat="51.4712440" lon="-0.2678830">
    <ele>3.9</ele>
    <time>2026-01-03T12:27:03Z</time>
   </trkpt>
   <trkpt lat="51.4712630" lon="-0.2678990">
    <ele>3.9</ele>
    <time>2026-01-03T12:27:04Z</time>
   </trkpt>
   <trkpt lat="51.4712690" lon="-0.2679080">
    <ele>3.9</ele>
    <time>2026-01-03T12:27:05Z</time>
   </trkpt>
   <trkpt lat="51.4712760" lon="-0.2679170">
    <ele>3.9</ele>
    <time>2026-01-03T12:27:06Z</time>
   </trkpt>
   <trkpt lat="51.4712910" lon="-0.2679430">
    <ele>3.9</ele>
    <time>2026-01-03T12:27:07Z</time>
   </trkpt>
   <trkpt lat="51.4712990" lon="-0.2679500">
    <ele>3.9</ele>
    <time>2026-01-03T12:27:08Z</time>
   </trkpt>
   <trkpt lat="51.4713060" lon="-0.2679580">
    <ele>3.9</ele>
    <time>2026-01-03T12:27:09Z</time>
   </trkpt>
   <trkpt lat="51.4713130" lon="-0.2679680">
    <ele>3.9</ele>
    <time>2026-01-03T12:27:10Z</time>
   </trkpt>
   <trkpt lat="51.4713200" lon="-0.2679890">
    <ele>3.9</ele>
    <time>2026-01-03T12:27:11Z</time>
   </trkpt>
   <trkpt lat="51.4713280" lon="-0.2680000">
    <ele>3.9</ele>
    <time>2026-01-03T12:27:12Z</time>
   </trkpt>
   <trkpt lat="51.4713340" lon="-0.2680150">
    <ele>3.9</ele>
    <time>2026-01-03T12:27:13Z</time>
   </trkpt>
   <trkpt lat="51.4713420" lon="-0.2680260">
    <ele>3.9</ele>
    <time>2026-01-03T12:27:14Z</time>
   </trkpt>
   <trkpt lat="51.4713500" lon="-0.2680400">
    <ele>3.9</ele>
    <time>2026-01-03T12:27:15Z</time>
   </trkpt>
   <trkpt lat="51.4713520" lon="-0.2680400">
    <ele>3.9</ele>
    <time>2026-01-03T12:27:16Z</time>
   </trkpt>
   <trkpt lat="51.4713540" lon="-0.2680450">
    <ele>3.9</ele>
    <time>2026-01-03T12:27:17Z</time>
   </trkpt>
   <trkpt lat="51.4713600" lon="-0.2680600">
    <ele>3.9</ele>
    <time>2026-01-03T12:27:18Z</time>
   </trkpt>
   <trkpt lat="51.4713660" lon="-0.2680780">
    <ele>3.9</ele>
    <time>2026-01-03T12:27:19Z</time>
   </trkpt>
   <trkpt lat="51.4713650" lon="-0.2680980">
    <ele>3.9</ele>
    <time>2026-01-03T12:27:20Z</time>
   </trkpt>
   <trkpt lat="51.4713720" lon="-0.2681150">
    <ele>3.9</ele>
    <time>2026-01-03T12:27:21Z</time>
   </trkpt>
   <trkpt lat="51.4713790" lon="-0.2681240">
    <ele>3.9</ele>
    <time>2026-01-03T12:27:22Z</time>
   </trkpt>
   <trkpt lat="51.4713880" lon="-0.2681420">
    <ele>3.9</ele>
    <time>2026-01-03T12:27:23Z</time>
   </trkpt>
   <trkpt lat="51.4713930" lon="-0.2681540">
    <ele>3.9</ele>
    <time>2026-01-03T12:27:24Z</time>
   </trkpt>
   <trkpt lat="51.4714020" lon="-0.2681660">
    <ele>3.9</ele>
    <time>2026-01-03T12:27:25Z</time>
   </trkpt>
   <trkpt lat="51.4714110" lon="-0.2681770">
    <ele>3.9</ele>
    <time>2026-01-03T12:27:26Z</time>
   </trkpt>
   <trkpt lat="51.4714190" lon="-0.2681900">
    <ele>3.9</ele>
    <time>2026-01-03T12:27:27Z</time>
   </trkpt>
   <trkpt lat="51.4714270" lon="-0.2682060">
    <ele>3.9</ele>
    <time>2026-01-03T12:27:28Z</time>
   </trkpt>
   <trkpt lat="51.4714390" lon="-0.2682310">
    <ele>3.9</ele>
    <time>2026-01-03T12:27:29Z</time>
   </trkpt>
   <trkpt lat="51.4714440" lon="-0.2682430">
    <ele>3.9</ele>
    <time>2026-01-03T12:27:30Z</time>
   </trkpt>
   <trkpt lat="51.4714490" lon="-0.2682540">
    <ele>3.9</ele>
    <time>2026-01-03T12:27:31Z</time>
   </trkpt>
   <trkpt lat="51.4714550" lon="-0.2682690">
    <ele>3.9</ele>
    <time>2026-01-03T12:27:32Z</time>
   </trkpt>
   <trkpt lat="51.4714630" lon="-0.2682850">
    <ele>3.9</ele>
    <time>2026-01-03T12:27:33Z</time>
   </trkpt>
   <trkpt lat="51.4714690" lon="-0.2683010">
    <ele>3.9</ele>
    <time>2026-01-03T12:27:34Z</time>
   </trkpt>
   <trkpt lat="51.4714740" lon="-0.2683190">
    <ele>3.9</ele>
    <time>2026-01-03T12:27:35Z</time>
   </trkpt>
   <trkpt lat="51.4714790" lon="-0.2683360">
    <ele>3.9</ele>
    <time>2026-01-03T12:27:36Z</time>
   </trkpt>
   <trkpt lat="51.4714800" lon="-0.2683490">
    <ele>3.9</ele>
    <time>2026-01-03T12:27:37Z</time>
   </trkpt>
   <trkpt lat="51.4714840" lon="-0.2683630">
    <ele>3.9</ele>
    <time>2026-01-03T12:27:38Z</time>
   </trkpt>
   <trkpt lat="51.4714900" lon="-0.2683770">
    <ele>3.9</ele>
    <time>2026-01-03T12:27:39Z</time>
   </trkpt>
   <trkpt lat="51.4714940" lon="-0.2683910">
    <ele>3.9</ele>
    <time>2026-01-03T12:27:40Z</time>
   </trkpt>
   <trkpt lat="51.4714990" lon="-0.2684060">
    <ele>3.9</ele>
    <time>2026-01-03T12:27:41Z</time>
   </trkpt>
   <trkpt lat="51.4715080" lon="-0.2684220">
    <ele>3.9</ele>
    <time>2026-01-03T12:27:42Z</time>
   </trkpt>
   <trkpt lat="51.4715130" lon="-0.2684350">
    <ele>3.9</ele>
    <time>2026-01-03T12:27:43Z</time>
   </trkpt>
   <trkpt lat="51.4715170" lon="-0.2684510">
    <ele>3.9</ele>
    <time>2026-01-03T12:27:44Z</time>
   </trkpt>
   <trkpt lat="51.4715240" lon="-0.2684670">
    <ele>3.9</ele>
    <time>2026-01-03T12:27:45Z</time>
   </trkpt>
   <trkpt lat="51.4715300" lon="-0.2684850">
    <ele>3.9</ele>
    <time>2026-01-03T12:27:46Z</time>
   </trkpt>
   <trkpt lat="51.4715330" lon="-0.2685010">
    <ele>3.9</ele>
    <time>2026-01-03T12:27:47Z</time>
   </trkpt>
   <trkpt lat="51.4715360" lon="-0.2685160">
    <ele>3.9</ele>
    <time>2026-01-03T12:27:48Z</time>
   </trkpt>
   <trkpt lat="51.4715390" lon="-0.2685320">
    <ele>3.9</ele>
    <time>2026-01-03T12:27:49Z</time>
   </trkpt>
   <trkpt lat="51.4715440" lon="-0.2685480">
    <ele>3.9</ele>
    <time>2026-01-03T12:27:50Z</time>
   </trkpt>
   <trkpt lat="51.4715500" lon="-0.2685650">
    <ele>3.9</ele>
    <time>2026-01-03T12:27:51Z</time>
   </trkpt>
   <trkpt lat="51.4715560" lon="-0.2685810">
    <ele>3.9</ele>
    <time>2026-01-03T12:27:52Z</time>
   </trkpt>
   <trkpt lat="51.4715600" lon="-0.2685960">
    <ele>3.9</ele>
    <time>2026-01-03T12:27:53Z</time>
   </trkpt>
   <trkpt lat="51.4715660" lon="-0.2686120">
    <ele>3.9</ele>
    <time>2026-01-03T12:27:54Z</time>
   </trkpt>
   <trkpt lat="51.4715720" lon="-0.2686250">
    <ele>3.9</ele>
    <time>2026-01-03T12:27:55Z</time>
   </trkpt>
   <trkpt lat="51.4715780" lon="-0.2686410">
    <ele>3.9</ele>
    <time>2026-01-03T12:27:56Z</time>
   </trkpt>
   <trkpt lat="51.4715830" lon="-0.2686560">
    <ele>3.9</ele>
    <time>2026-01-03T12:27:57Z</time>
   </trkpt>
   <trkpt lat="51.4715850" lon="-0.2686720">
    <ele>3.9</ele>
    <time>2026-01-03T12:27:58Z</time>
   </trkpt>
   <trkpt lat="51.4715880" lon="-0.2686890">
    <ele>3.9</ele>
    <time>2026-01-03T12:27:59Z</time>
   </trkpt>
   <trkpt lat="51.4715950" lon="-0.2687050">
    <ele>3.9</ele>
    <time>2026-01-03T12:28:00Z</time>
   </trkpt>
   <trkpt lat="51.4716040" lon="-0.2687200">
    <ele>3.9</ele>
    <time>2026-01-03T12:28:01Z</time>
   </trkpt>
   <trkpt lat="51.4716100" lon="-0.2687330">
    <ele>3.9</ele>
    <time>2026-01-03T12:28:02Z</time>
   </trkpt>
   <trkpt lat="51.4716140" lon="-0.2687470">
    <ele>3.9</ele>
    <time>2026-01-03T12:28:03Z</time>
   </trkpt>
   <trkpt lat="51.4716190" lon="-0.2687620">
    <ele>3.9</ele>
    <time>2026-01-03T12:28:04Z</time>
   </trkpt>
   <trkpt lat="51.4716260" lon="-0.2687790">
    <ele>3.9</ele>
    <time>2026-01-03T12:28:05Z</time>
   </trkpt>
   <trkpt lat="51.4716320" lon="-0.2687950">
    <ele>4.0</ele>
    <time>2026-01-03T12:28:06Z</time>
   </trkpt>
   <trkpt lat="51.4716380" lon="-0.2688100">
    <ele>4.0</ele>
    <time>2026-01-03T12:28:07Z</time>
   </trkpt>
   <trkpt lat="51.4716440" lon="-0.2688260">
    <ele>4.0</ele>
    <time>2026-01-03T12:28:08Z</time>
   </trkpt>
   <trkpt lat="51.4716490" lon="-0.2688410">
    <ele>4.0</ele>
    <time>2026-01-03T12:28:09Z</time>
   </trkpt>
   <trkpt lat="51.4716560" lon="-0.2688570">
    <ele>4.0</ele>
    <time>2026-01-03T12:28:10Z</time>
   </trkpt>
   <trkpt lat="51.4716610" lon="-0.2688720">
    <ele>4.0</ele>
    <time>2026-01-03T12:28:11Z</time>
   </trkpt>
   <trkpt lat="51.4716670" lon="-0.2688870">
    <ele>4.0</ele>
    <time>2026-01-03T12:28:12Z</time>
   </trkpt>
   <trkpt lat="51.4716740" lon="-0.2689050">
    <ele>4.0</ele>
    <time>2026-01-03T12:28:13Z</time>
   </trkpt>
   <trkpt lat="51.4716800" lon="-0.2689240">
    <ele>4.0</ele>
    <time>2026-01-03T12:28:14Z</time>
   </trkpt>
   <trkpt lat="51.4716880" lon="-0.2689390">
    <ele>4.0</ele>
    <time>2026-01-03T12:28:15Z</time>
   </trkpt>
   <trkpt lat="51.4716920" lon="-0.2689540">
    <ele>4.0</ele>
    <time>2026-01-03T12:28:16Z</time>
   </trkpt>
   <trkpt lat="51.4716990" lon="-0.2689670">
    <ele>4.0</ele>
    <time>2026-01-03T12:28:17Z</time>
   </trkpt>
   <trkpt lat="51.4717040" lon="-0.2689820">
    <ele>4.0</ele>
    <time>2026-01-03T12:28:18Z</time>
   </trkpt>
   <trkpt lat="51.4717110" lon="-0.2689970">
    <ele>4.0</ele>
    <time>2026-01-03T12:28:19Z</time>
   </trkpt>
   <trkpt lat="51.4717210" lon="-0.2690110">
    <ele>4.0</ele>
    <time>2026-01-03T12:28:20Z</time>
   </trkpt>
   <trkpt lat="51.4717290" lon="-0.2690240">
    <ele>4.0</ele>
    <time>2026-01-03T12:28:21Z</time>
   </trkpt>
   <trkpt lat="51.4717340" lon="-0.2690360">
    <ele>4.0</ele>
    <time>2026-01-03T12:28:22Z</time>
   </trkpt>
   <trkpt lat="51.4717430" lon="-0.2690510">
    <ele>4.0</ele>
    <time>2026-01-03T12:28:23Z</time>
   </trkpt>
   <trkpt lat="51.4717530" lon="-0.2690660">
    <ele>4.0</ele>
    <time>2026-01-03T12:28:24Z</time>
   </trkpt>
   <trkpt lat="51.4717570" lon="-0.2690780">
    <ele>4.0</ele>
    <time>2026-01-03T12:28:25Z</time>
   </trkpt>
   <trkpt lat="51.4717630" lon="-0.2690960">
    <ele>4.0</ele>
    <time>2026-01-03T12:28:26Z</time>
   </trkpt>
   <trkpt lat="51.4717700" lon="-0.2691090">
    <ele>4.0</ele>
    <time>2026-01-03T12:28:27Z</time>
   </trkpt>
   <trkpt lat="51.4717770" lon="-0.2691240">
    <ele>4.0</ele>
    <time>2026-01-03T12:28:28Z</time>
   </trkpt>
   <trkpt lat="51.4717910" lon="-0.2691540">
    <ele>4.0</ele>
    <time>2026-01-03T12:28:29Z</time>
   </trkpt>
   <trkpt lat="51.4717960" lon="-0.2691630">
    <ele>4.0</ele>
    <time>2026-01-03T12:28:30Z</time>
   </trkpt>
   <trkpt lat="51.4718000" lon="-0.2691730">
    <ele>4.0</ele>
    <time>2026-01-03T12:28:31Z</time>
   </trkpt>
   <trkpt lat="51.4718070" lon="-0.2691880">
    <ele>4.0</ele>
    <time>2026-01-03T12:28:32Z</time>
   </trkpt>
   <trkpt lat="51.4718140" lon="-0.2692020">
    <ele>4.0</ele>
    <time>2026-01-03T12:28:33Z</time>
   </trkpt>
   <trkpt lat="51.4718200" lon="-0.2692180">
    <ele>4.0</ele>
    <time>2026-01-03T12:28:34Z</time>
   </trkpt>
   <trkpt lat="51.4718280" lon="-0.2692320">
    <ele>4.0</ele>
    <time>2026-01-03T12:28:35Z</time>
   </trkpt>
   <trkpt lat="51.4718340" lon="-0.2692480">
    <ele>4.0</ele>
    <time>2026-01-03T12:28:36Z</time>
   </trkpt>
   <trkpt lat="51.4718400" lon="-0.2692630">
    <ele>4.0</ele>
    <time>2026-01-03T12:28:37Z</time>
   </trkpt>
   <trkpt lat="51.4718510" lon="-0.2692780">
    <ele>4.0</ele>
    <time>2026-01-03T12:28:38Z</time>
   </trkpt>
   <trkpt lat="51.4718540" lon="-0.2692930">
    <ele>4.0</ele>
    <time>2026-01-03T12:28:39Z</time>
   </trkpt>
   <trkpt lat="51.4718610" lon="-0.2693100">
    <ele>4.0</ele>
    <time>2026-01-03T12:28:40Z</time>
   </trkpt>
   <trkpt lat="51.4718740" lon="-0.2693370">
    <ele>4.0</ele>
    <time>2026-01-03T12:28:41Z</time>
   </trkpt>
   <trkpt lat="51.4718790" lon="-0.2693490">
    <ele>4.0</ele>
    <time>2026-01-03T12:28:42Z</time>
   </trkpt>
   <trkpt lat="51.4718830" lon="-0.2693600">
    <ele>4.0</ele>
    <time>2026-01-03T12:28:43Z</time>
   </trkpt>
   <trkpt lat="51.4718880" lon="-0.2693730">
    <ele>4.0</ele>
    <time>2026-01-03T12:28:44Z</time>
   </trkpt>
   <trkpt lat="51.4718990" lon="-0.2693880">
    <ele>4.0</ele>
    <time>2026-01-03T12:28:45Z</time>
   </trkpt>
   <trkpt lat="51.4719070" lon="-0.2694020">
    <ele>4.0</ele>
    <time>2026-01-03T12:28:46Z</time>
   </trkpt>
   <trkpt lat="51.4719140" lon="-0.2694140">
    <ele>4.0</ele>
    <time>2026-01-03T12:28:47Z</time>
   </trkpt>
   <trkpt lat="51.4719230" lon="-0.2694290">
    <ele>4.0</ele>
    <time>2026-01-03T12:28:48Z</time>
   </trkpt>
   <trkpt lat="51.4719290" lon="-0.2694450">
    <ele>4.0</ele>
    <time>2026-01-03T12:28:50Z</time>
   </trkpt>
   <trkpt lat="51.4719330" lon="-0.2694640">
    <ele>4.0</ele>
    <time>2026-01-03T12:28:51Z</time>
   </trkpt>
   <trkpt lat="51.4719370" lon="-0.2694800">
    <ele>4.0</ele>
    <time>2026-01-03T12:28:52Z</time>
   </trkpt>
   <trkpt lat="51.4719400" lon="-0.2694950">
    <ele>4.0</ele>
    <time>2026-01-03T12:28:53Z</time>
   </trkpt>
   <trkpt lat="51.4719510" lon="-0.2695200">
    <ele>4.0</ele>
    <time>2026-01-03T12:28:54Z</time>
   </trkpt>
   <trkpt lat="51.4719570" lon="-0.2695290">
    <ele>4.0</ele>
    <time>2026-01-03T12:28:55Z</time>
   </trkpt>
   <trkpt lat="51.4719640" lon="-0.2695390">
    <ele>4.0</ele>
    <time>2026-01-03T12:28:56Z</time>
   </trkpt>
   <trkpt lat="51.4719700" lon="-0.2695520">
    <ele>4.0</ele>
    <time>2026-01-03T12:28:57Z</time>
   </trkpt>
   <trkpt lat="51.4719740" lon="-0.2695640">
    <ele>4.0</ele>
    <time>2026-01-03T12:28:58Z</time>
   </trkpt>
   <trkpt lat="51.4719820" lon="-0.2695740">
    <ele>4.0</ele>
    <time>2026-01-03T12:28:59Z</time>
   </trkpt>
   <trkpt lat="51.4720010" lon="-0.2695920">
    <ele>4.0</ele>
    <time>2026-01-03T12:29:00Z</time>
   </trkpt>
   <trkpt lat="51.4720080" lon="-0.2695980">
    <ele>4.0</ele>
    <time>2026-01-03T12:29:01Z</time>
   </trkpt>
   <trkpt lat="51.4720160" lon="-0.2696050">
    <ele>4.0</ele>
    <time>2026-01-03T12:29:02Z</time>
   </trkpt>
   <trkpt lat="51.4720260" lon="-0.2696130">
    <ele>4.0</ele>
    <time>2026-01-03T12:29:03Z</time>
   </trkpt>
   <trkpt lat="51.4720370" lon="-0.2696190">
    <ele>4.0</ele>
    <time>2026-01-03T12:29:04Z</time>
   </trkpt>
   <trkpt lat="51.4720470" lon="-0.2696270">
    <ele>4.0</ele>
    <time>2026-01-03T12:29:05Z</time>
   </trkpt>
   <trkpt lat="51.4720600" lon="-0.2696280">
    <ele>4.0</ele>
    <time>2026-01-03T12:29:06Z</time>
   </trkpt>
   <trkpt lat="51.4720710" lon="-0.2696310">
    <ele>4.1</ele>
    <time>2026-01-03T12:29:07Z</time>
   </trkpt>
   <trkpt lat="51.4720820" lon="-0.2696410">
    <ele>4.1</ele>
    <time>2026-01-03T12:29:08Z</time>
   </trkpt>
   <trkpt lat="51.4720920" lon="-0.2696510">
    <ele>4.1</ele>
    <time>2026-01-03T12:29:09Z</time>
   </trkpt>
   <trkpt lat="51.4721040" lon="-0.2696660">
    <ele>4.1</ele>
    <time>2026-01-03T12:29:10Z</time>
   </trkpt>
   <trkpt lat="51.4721200" lon="-0.2696950">
    <ele>4.1</ele>
    <time>2026-01-03T12:29:11Z</time>
   </trkpt>
   <trkpt lat="51.4721300" lon="-0.2697120">
    <ele>4.1</ele>
    <time>2026-01-03T12:29:12Z</time>
   </trkpt>
   <trkpt lat="51.4721420" lon="-0.2697350">
    <ele>4.2</ele>
    <time>2026-01-03T12:29:13Z</time>
   </trkpt>
   <trkpt lat="51.4721490" lon="-0.2697450">
    <ele>4.2</ele>
    <time>2026-01-03T12:29:14Z</time>
   </trkpt>
   <trkpt lat="51.4721560" lon="-0.2697550">
    <ele>4.2</ele>
    <time>2026-01-03T12:29:15Z</time>
   </trkpt>
   <trkpt lat="51.4721620" lon="-0.2697660">
    <ele>4.2</ele>
    <time>2026-01-03T12:29:16Z</time>
   </trkpt>
   <trkpt lat="51.4721720" lon="-0.2697850">
    <ele>4.2</ele>
    <time>2026-01-03T12:29:17Z</time>
   </trkpt>
   <trkpt lat="51.4721770" lon="-0.2697970">
    <ele>4.2</ele>
    <time>2026-01-03T12:29:18Z</time>
   </trkpt>
   <trkpt lat="51.4721860" lon="-0.2698140">
    <ele>4.2</ele>
    <time>2026-01-03T12:29:19Z</time>
   </trkpt>
   <trkpt lat="51.4721940" lon="-0.2698330">
    <ele>4.3</ele>
    <time>2026-01-03T12:29:20Z</time>
   </trkpt>
   <trkpt lat="51.4722060" lon="-0.2698480">
    <ele>4.3</ele>
    <time>2026-01-03T12:29:21Z</time>
   </trkpt>
   <trkpt lat="51.4722100" lon="-0.2698590">
    <ele>4.3</ele>
    <time>2026-01-03T12:29:22Z</time>
   </trkpt>
   <trkpt lat="51.4722170" lon="-0.2698750">
    <ele>4.3</ele>
    <time>2026-01-03T12:29:23Z</time>
   </trkpt>
   <trkpt lat="51.4722260" lon="-0.2698900">
    <ele>4.3</ele>
    <time>2026-01-03T12:29:24Z</time>
   </trkpt>
   <trkpt lat="51.4722340" lon="-0.2698990">
    <ele>4.3</ele>
    <time>2026-01-03T12:29:25Z</time>
   </trkpt>
   <trkpt lat="51.4722390" lon="-0.2699100">
    <ele>4.4</ele>
    <time>2026-01-03T12:29:26Z</time>
   </trkpt>
   <trkpt lat="51.4722470" lon="-0.2699240">
    <ele>4.4</ele>
    <time>2026-01-03T12:29:27Z</time>
   </trkpt>
   <trkpt lat="51.4722550" lon="-0.2699400">
    <ele>4.4</ele>
    <time>2026-01-03T12:29:28Z</time>
   </trkpt>
   <trkpt lat="51.4722610" lon="-0.2699550">
    <ele>4.4</ele>
    <time>2026-01-03T12:29:29Z</time>
   </trkpt>
   <trkpt lat="51.4722780" lon="-0.2699820">
    <ele>4.4</ele>
    <time>2026-01-03T12:29:30Z</time>
   </trkpt>
   <trkpt lat="51.4722830" lon="-0.2699910">
    <ele>4.5</ele>
    <time>2026-01-03T12:29:31Z</time>
   </trkpt>
   <trkpt lat="51.4722880" lon="-0.2700000">
    <ele>4.5</ele>
    <time>2026-01-03T12:29:32Z</time>
   </trkpt>
   <trkpt lat="51.4722970" lon="-0.2700170">
    <ele>4.5</ele>
    <time>2026-01-03T12:29:33Z</time>
   </trkpt>
   <trkpt lat="51.4723020" lon="-0.2700290">
    <ele>4.5</ele>
    <time>2026-01-03T12:29:34Z</time>
   </trkpt>
   <trkpt lat="51.4723100" lon="-0.2700440">
    <ele>4.5</ele>
    <time>2026-01-03T12:29:35Z</time>
   </trkpt>
   <trkpt lat="51.4723250" lon="-0.2700720">
    <ele>4.5</ele>
    <time>2026-01-03T12:29:36Z</time>
   </trkpt>
   <trkpt lat="51.4723320" lon="-0.2700820">
    <ele>4.5</ele>
    <time>2026-01-03T12:29:37Z</time>
   </trkpt>
   <trkpt lat="51.4723380" lon="-0.2700920">
    <ele>4.5</ele>
    <time>2026-01-03T12:29:38Z</time>
   </trkpt>
   <trkpt lat="51.4723440" lon="-0.2701010">
    <ele>4.5</ele>
    <time>2026-01-03T12:29:39Z</time>
   </trkpt>
   <trkpt lat="51.4723530" lon="-0.2701180">
    <ele>4.6</ele>
    <time>2026-01-03T12:29:40Z</time>
   </trkpt>
   <trkpt lat="51.4723600" lon="-0.2701330">
    <ele>4.6</ele>
    <time>2026-01-03T12:29:41Z</time>
   </trkpt>
   <trkpt lat="51.4723690" lon="-0.2701480">
    <ele>4.6</ele>
    <time>2026-01-03T12:29:42Z</time>
   </trkpt>
   <trkpt lat="51.4723750" lon="-0.2701590">
    <ele>4.6</ele>
    <time>2026-01-03T12:29:43Z</time>
   </trkpt>
   <trkpt lat="51.4723830" lon="-0.2701730">
    <ele>4.6</ele>
    <time>2026-01-03T12:29:44Z</time>
   </trkpt>
   <trkpt lat="51.4723970" lon="-0.2701980">
    <ele>4.6</ele>
    <time>2026-01-03T12:29:45Z</time>
   </trkpt>
   <trkpt lat="51.4724050" lon="-0.2702110">
    <ele>4.6</ele>
    <time>2026-01-03T12:29:46Z</time>
   </trkpt>
   <trkpt lat="51.4724130" lon="-0.2702230">
    <ele>4.6</ele>
    <time>2026-01-03T12:29:47Z</time>
   </trkpt>
   <trkpt lat="51.4724180" lon="-0.2702310">
    <ele>4.6</ele>
    <time>2026-01-03T12:29:48Z</time>
   </trkpt>
   <trkpt lat="51.4724260" lon="-0.2702470">
    <ele>4.6</ele>
    <time>2026-01-03T12:29:49Z</time>
   </trkpt>
   <trkpt lat="51.4724340" lon="-0.2702600">
    <ele>4.6</ele>
    <time>2026-01-03T12:29:50Z</time>
   </trkpt>
   <trkpt lat="51.4724500" lon="-0.2702840">
    <ele>4.6</ele>
    <time>2026-01-03T12:29:51Z</time>
   </trkpt>
   <trkpt lat="51.4724560" lon="-0.2702930">
    <ele>4.6</ele>
    <time>2026-01-03T12:29:52Z</time>
   </trkpt>
   <trkpt lat="51.4724620" lon="-0.2703010">
    <ele>4.6</ele>
    <time>2026-01-03T12:29:53Z</time>
   </trkpt>
   <trkpt lat="51.4724660" lon="-0.2703170">
    <ele>4.6</ele>
    <time>2026-01-03T12:29:54Z</time>
   </trkpt>
   <trkpt lat="51.4724720" lon="-0.2703290">
    <ele>4.6</ele>
    <time>2026-01-03T12:29:55Z</time>
   </trkpt>
   <trkpt lat="51.4724780" lon="-0.2703450">
    <ele>4.6</ele>
    <time>2026-01-03T12:29:56Z</time>
   </trkpt>
   <trkpt lat="51.4724840" lon="-0.2703600">
    <ele>4.6</ele>
    <time>2026-01-03T12:29:57Z</time>
   </trkpt>
   <trkpt lat="51.4724940" lon="-0.2703660">
    <ele>4.7</ele>
    <time>2026-01-03T12:29:58Z</time>
   </trkpt>
   <trkpt lat="51.4724990" lon="-0.2703690">
    <ele>4.7</ele>
    <time>2026-01-03T12:29:59Z</time>
   </trkpt>
   <trkpt lat="51.4725030" lon="-0.2703760">
    <ele>4.7</ele>
    <time>2026-01-03T12:30:00Z</time>
   </trkpt>
   <trkpt lat="51.4725090" lon="-0.2703840">
    <ele>4.7</ele>
    <time>2026-01-03T12:30:01Z</time>
   </trkpt>
   <trkpt lat="51.4725120" lon="-0.2703920">
    <ele>4.7</ele>
    <time>2026-01-03T12:30:02Z</time>
   </trkpt>
   <trkpt lat="51.4725180" lon="-0.2703990">
    <ele>4.7</ele>
    <time>2026-01-03T12:30:03Z</time>
   </trkpt>
   <trkpt lat="51.4725230" lon="-0.2704050">
    <ele>4.7</ele>
    <time>2026-01-03T12:30:04Z</time>
   </trkpt>
   <trkpt lat="51.4725360" lon="-0.2704230">
    <ele>4.7</ele>
    <time>2026-01-03T12:30:05Z</time>
   </trkpt>
   <trkpt lat="51.4725450" lon="-0.2704350">
    <ele>4.7</ele>
    <time>2026-01-03T12:30:06Z</time>
   </trkpt>
   <trkpt lat="51.4725530" lon="-0.2704480">
    <ele>4.7</ele>
    <time>2026-01-03T12:30:07Z</time>
   </trkpt>
   <trkpt lat="51.4725610" lon="-0.2704730">
    <ele>4.7</ele>
    <time>2026-01-03T12:30:08Z</time>
   </trkpt>
   <trkpt lat="51.4725730" lon="-0.2704940">
    <ele>4.7</ele>
    <time>2026-01-03T12:30:09Z</time>
   </trkpt>
   <trkpt lat="51.4725820" lon="-0.2705060">
    <ele>4.7</ele>
    <time>2026-01-03T12:30:10Z</time>
   </trkpt>
   <trkpt lat="51.4725960" lon="-0.2705300">
    <ele>4.7</ele>
    <time>2026-01-03T12:30:11Z</time>
   </trkpt>
   <trkpt lat="51.4726010" lon="-0.2705470">
    <ele>4.7</ele>
    <time>2026-01-03T12:30:12Z</time>
   </trkpt>
   <trkpt lat="51.4726090" lon="-0.2705680">
    <ele>4.7</ele>
    <time>2026-01-03T12:30:13Z</time>
   </trkpt>
   <trkpt lat="51.4726190" lon="-0.2705930">
    <ele>4.7</ele>
    <time>2026-01-03T12:30:14Z</time>
   </trkpt>
   <trkpt lat="51.4726270" lon="-0.2706040">
    <ele>4.7</ele>
    <time>2026-01-03T12:30:15Z</time>
   </trkpt>
   <trkpt lat="51.4726450" lon="-0.2706350">
    <ele>4.7</ele>
    <time>2026-01-03T12:30:16Z</time>
   </trkpt>
   <trkpt lat="51.4726520" lon="-0.2706460">
    <ele>4.7</ele>
    <time>2026-01-03T12:30:17Z</time>
   </trkpt>
   <trkpt lat="51.4726560" lon="-0.2706580">
    <ele>4.7</ele>
    <time>2026-01-03T12:30:18Z</time>
   </trkpt>
   <trkpt lat="51.4726660" lon="-0.2706790">
    <ele>4.7</ele>
    <time>2026-01-03T12:30:19Z</time>
   </trkpt>
   <trkpt lat="51.4726770" lon="-0.2706850">
    <ele>4.7</ele>
    <time>2026-01-03T12:30:20Z</time>
   </trkpt>
   <trkpt lat="51.4726900" lon="-0.2707030">
    <ele>4.7</ele>
    <time>2026-01-03T12:30:21Z</time>
   </trkpt>
   <trkpt lat="51.4727040" lon="-0.2707140">
    <ele>4.7</ele>
    <time>2026-01-03T12:30:22Z</time>
   </trkpt>
   <trkpt lat="51.4727180" lon="-0.2707240">
    <ele>4.7</ele>
    <time>2026-01-03T12:30:23Z</time>
   </trkpt>
   <trkpt lat="51.4727300" lon="-0.2707370">
    <ele>4.7</ele>
    <time>2026-01-03T12:30:24Z</time>
   </trkpt>
   <trkpt lat="51.4727440" lon="-0.2707480">
    <ele>4.7</ele>
    <time>2026-01-03T12:30:25Z</time>
   </trkpt>
   <trkpt lat="51.4727550" lon="-0.2707710">
    <ele>4.7</ele>
    <time>2026-01-03T12:30:26Z</time>
   </trkpt>
   <trkpt lat="51.4727610" lon="-0.2707830">
    <ele>4.7</ele>
    <time>2026-01-03T12:30:27Z</time>
   </trkpt>
   <trkpt lat="51.4727660" lon="-0.2707950">
    <ele>4.6</ele>
    <time>2026-01-03T12:30:28Z</time>
   </trkpt>
   <trkpt lat="51.4727810" lon="-0.2708180">
    <ele>4.6</ele>
    <time>2026-01-03T12:30:29Z</time>
   </trkpt>
   <trkpt lat="51.4727860" lon="-0.2708280">
    <ele>4.6</ele>
    <time>2026-01-03T12:30:30Z</time>
   </trkpt>
   <trkpt lat="51.4727920" lon="-0.2708390">
    <ele>4.6</ele>
    <time>2026-01-03T12:30:31Z</time>
   </trkpt>
   <trkpt lat="51.4728000" lon="-0.2708500">
    <ele>4.6</ele>
    <time>2026-01-03T12:30:32Z</time>
   </trkpt>
   <trkpt lat="51.4728050" lon="-0.2708640">
    <ele>4.6</ele>
    <time>2026-01-03T12:30:33Z</time>
   </trkpt>
   <trkpt lat="51.4728120" lon="-0.2708780">
    <ele>4.6</ele>
    <time>2026-01-03T12:30:34Z</time>
   </trkpt>
   <trkpt lat="51.4728150" lon="-0.2708950">
    <ele>4.6</ele>
    <time>2026-01-03T12:30:35Z</time>
   </trkpt>
   <trkpt lat="51.4728240" lon="-0.2709130">
    <ele>4.6</ele>
    <time>2026-01-03T12:30:36Z</time>
   </trkpt>
   <trkpt lat="51.4728300" lon="-0.2709270">
    <ele>4.6</ele>
    <time>2026-01-03T12:30:37Z</time>
   </trkpt>
   <trkpt lat="51.4728460" lon="-0.2709510">
    <ele>4.6</ele>
    <time>2026-01-03T12:30:38Z</time>
   </trkpt>
   <trkpt lat="51.4728510" lon="-0.2709600">
    <ele>4.6</ele>
    <time>2026-01-03T12:30:39Z</time>
   </trkpt>
   <trkpt lat="51.4728570" lon="-0.2709700">
    <ele>4.6</ele>
    <time>2026-01-03T12:30:40Z</time>
   </trkpt>
   <trkpt lat="51.4728620" lon="-0.2709830">
    <ele>4.6</ele>
    <time>2026-01-03T12:30:41Z</time>
   </trkpt>
   <trkpt lat="51.4728730" lon="-0.2710040">
    <ele>4.6</ele>
    <time>2026-01-03T12:30:42Z</time>
   </trkpt>
   <trkpt lat="51.4728800" lon="-0.2710150">
    <ele>4.6</ele>
    <time>2026-01-03T12:30:43Z</time>
   </trkpt>
   <trkpt lat="51.4728950" lon="-0.2710460">
    <ele>4.6</ele>
    <time>2026-01-03T12:30:44Z</time>
   </trkpt>
   <trkpt lat="51.4728990" lon="-0.2710550">
    <ele>4.6</ele>
    <time>2026-01-03T12:30:45Z</time>
   </trkpt>
   <trkpt lat="51.4729040" lon="-0.2710650">
    <ele>4.6</ele>
    <time>2026-01-03T12:30:46Z</time>
   </trkpt>
   <trkpt lat="51.4729190" lon="-0.2710910">
    <ele>4.6</ele>
    <time>2026-01-03T12:30:47Z</time>
   </trkpt>
   <trkpt lat="51.4729250" lon="-0.2711010">
    <ele>4.5</ele>
    <time>2026-01-03T12:30:48Z</time>
   </trkpt>
   <trkpt lat="51.4729310" lon="-0.2711110">
    <ele>4.5</ele>
    <time>2026-01-03T12:30:49Z</time>
   </trkpt>
   <trkpt lat="51.4729370" lon="-0.2711220">
    <ele>4.5</ele>
    <time>2026-01-03T12:30:50Z</time>
   </trkpt>
   <trkpt lat="51.4729490" lon="-0.2711400">
    <ele>4.5</ele>
    <time>2026-01-03T12:30:51Z</time>
   </trkpt>
   <trkpt lat="51.4729550" lon="-0.2711520">
    <ele>4.5</ele>
    <time>2026-01-03T12:30:52Z</time>
   </trkpt>
   <trkpt lat="51.4729640" lon="-0.2711680">
    <ele>4.5</ele>
    <time>2026-01-03T12:30:53Z</time>
   </trkpt>
   <trkpt lat="51.4729710" lon="-0.2711790">
    <ele>4.5</ele>
    <time>2026-01-03T12:30:54Z</time>
   </trkpt>
   <trkpt lat="51.4729800" lon="-0.2711910">
    <ele>4.5</ele>
    <time>2026-01-03T12:30:56Z</time>
   </trkpt>
   <trkpt lat="51.4729870" lon="-0.2711990">
    <ele>4.5</ele>
    <time>2026-01-03T12:30:57Z</time>
   </trkpt>
   <trkpt lat="51.4729960" lon="-0.2712090">
    <ele>4.5</ele>
    <time>2026-01-03T12:30:58Z</time>
   </trkpt>
   <trkpt lat="51.4730040" lon="-0.2712270">
    <ele>4.5</ele>
    <time>2026-01-03T12:30:59Z</time>
   </trkpt>
   <trkpt lat="51.4730140" lon="-0.2712470">
    <ele>4.5</ele>
    <time>2026-01-03T12:31:00Z</time>
   </trkpt>
   <trkpt lat="51.4730240" lon="-0.2712640">
    <ele>4.5</ele>
    <time>2026-01-03T12:31:01Z</time>
   </trkpt>
   <trkpt lat="51.4730300" lon="-0.2712770">
    <ele>4.5</ele>
    <time>2026-01-03T12:31:02Z</time>
   </trkpt>
   <trkpt lat="51.4730370" lon="-0.2712940">
    <ele>4.5</ele>
    <time>2026-01-03T12:31:03Z</time>
   </trkpt>
   <trkpt lat="51.4730450" lon="-0.2713100">
    <ele>4.5</ele>
    <time>2026-01-03T12:31:04Z</time>
   </trkpt>
   <trkpt lat="51.4730580" lon="-0.2713330">
    <ele>4.5</ele>
    <time>2026-01-03T12:31:05Z</time>
   </trkpt>
   <trkpt lat="51.4730630" lon="-0.2713440">
    <ele>4.5</ele>
    <time>2026-01-03T12:31:06Z</time>
   </trkpt>
   <trkpt lat="51.4730690" lon="-0.2713540">
    <ele>4.5</ele>
    <time>2026-01-03T12:31:07Z</time>
   </trkpt>
   <trkpt lat="51.4730780" lon="-0.2713660">
    <ele>4.5</ele>
    <time>2026-01-03T12:31:08Z</time>
   </trkpt>
   <trkpt lat="51.4730890" lon="-0.2713860">
    <ele>4.5</ele>
    <time>2026-01-03T12:31:09Z</time>
   </trkpt>
   <trkpt lat="51.4730920" lon="-0.2713970">
    <ele>4.5</ele>
    <time>2026-01-03T12:31:10Z</time>
   </trkpt>
   <trkpt lat="51.4731020" lon="-0.2714120">
    <ele>4.5</ele>
    <time>2026-01-03T12:31:11Z</time>
   </trkpt>
   <trkpt lat="51.4731120" lon="-0.2714240">
    <ele>4.5</ele>
    <time>2026-01-03T12:31:12Z</time>
   </trkpt>
   <trkpt lat="51.4731240" lon="-0.2714350">
    <ele>4.5</ele>
    <time>2026-01-03T12:31:13Z</time>
   </trkpt>
   <trkpt lat="51.4731350" lon="-0.2714490">
    <ele>4.5</ele>
    <time>2026-01-03T12:31:14Z</time>
   </trkpt>
   <trkpt lat="51.4731400" lon="-0.2714620">
    <ele>4.5</ele>
    <time>2026-01-03T12:31:15Z</time>
   </trkpt>
   <trkpt lat="51.4731480" lon="-0.2714780">
    <ele>4.5</ele>
    <time>2026-01-03T12:31:16Z</time>
   </trkpt>
   <trkpt lat="51.4731550" lon="-0.2714920">
    <ele>4.5</ele>
    <time>2026-01-03T12:31:17Z</time>
   </trkpt>
   <trkpt lat="51.4731710" lon="-0.2715170">
    <ele>4.5</ele>
    <time>2026-01-03T12:31:18Z</time>
   </trkpt>
   <trkpt lat="51.4731780" lon="-0.2715250">
    <ele>4.5</ele>
    <time>2026-01-03T12:31:19Z</time>
   </trkpt>
   <trkpt lat="51.4731840" lon="-0.2715340">
    <ele>4.5</ele>
    <time>2026-01-03T12:31:20Z</time>
   </trkpt>
   <trkpt lat="51.4732010" lon="-0.2715570">
    <ele>4.5</ele>
    <time>2026-01-03T12:31:21Z</time>
   </trkpt>
   <trkpt lat="51.4732070" lon="-0.2715660">
    <ele>4.5</ele>
    <time>2026-01-03T12:31:22Z</time>
   </trkpt>
   <trkpt lat="51.4732130" lon="-0.2715740">
    <ele>4.5</ele>
    <time>2026-01-03T12:31:23Z</time>
   </trkpt>
   <trkpt lat="51.4732280" lon="-0.2715960">
    <ele>4.5</ele>
    <time>2026-01-03T12:31:24Z</time>
   </trkpt>
   <trkpt lat="51.4732340" lon="-0.2716050">
    <ele>4.5</ele>
    <time>2026-01-03T12:31:25Z</time>
   </trkpt>
   <trkpt lat="51.4732410" lon="-0.2716150">
    <ele>4.5</ele>
    <time>2026-01-03T12:31:26Z</time>
   </trkpt>
   <trkpt lat="51.4732480" lon="-0.2716260">
    <ele>4.5</ele>
    <time>2026-01-03T12:31:27Z</time>
   </trkpt>
   <trkpt lat="51.4732590" lon="-0.2716380">
    <ele>4.5</ele>
    <time>2026-01-03T12:31:28Z</time>
   </trkpt>
   <trkpt lat="51.4732670" lon="-0.2716480">
    <ele>4.5</ele>
    <time>2026-01-03T12:31:29Z</time>
   </trkpt>
   <trkpt lat="51.4732930" lon="-0.2716730">
    <ele>4.5</ele>
    <time>2026-01-03T12:31:30Z</time>
   </trkpt>
   <trkpt lat="51.4732980" lon="-0.2716780">
    <ele>4.5</ele>
    <time>2026-01-03T12:31:31Z</time>
   </trkpt>
   <trkpt lat="51.4733160" lon="-0.2716950">
    <ele>4.4</ele>
    <time>2026-01-03T12:31:32Z</time>
   </trkpt>
   <trkpt lat="51.4733220" lon="-0.2717050">
    <ele>4.4</ele>
    <time>2026-01-03T12:31:33Z</time>
   </trkpt>
   <trkpt lat="51.4733290" lon="-0.2717140">
    <ele>4.4</ele>
    <time>2026-01-03T12:31:34Z</time>
   </trkpt>
   <trkpt lat="51.4733380" lon="-0.2717310">
    <ele>4.4</ele>
    <time>2026-01-03T12:31:35Z</time>
   </trkpt>
   <trkpt lat="51.4733480" lon="-0.2717460">
    <ele>4.4</ele>
    <time>2026-01-03T12:31:36Z</time>
   </trkpt>
   <trkpt lat="51.4733560" lon="-0.2717590">
    <ele>4.4</ele>
    <time>2026-01-03T12:31:37Z</time>
   </trkpt>
   <trkpt lat="51.4733670" lon="-0.2717690">
    <ele>4.4</ele>
    <time>2026-01-03T12:31:38Z</time>
   </trkpt>
   <trkpt lat="51.4733760" lon="-0.2717820">
    <ele>4.4</ele>
    <time>2026-01-03T12:31:39Z</time>
   </trkpt>
   <trkpt lat="51.4733860" lon="-0.2717960">
    <ele>4.4</ele>
    <time>2026-01-03T12:31:40Z</time>
   </trkpt>
   <trkpt lat="51.4733980" lon="-0.2718090">
    <ele>4.4</ele>
    <time>2026-01-03T12:31:41Z</time>
   </trkpt>
   <trkpt lat="51.4734080" lon="-0.2718270">
    <ele>4.4</ele>
    <time>2026-01-03T12:31:42Z</time>
   </trkpt>
   <trkpt lat="51.4734190" lon="-0.2718410">
    <ele>4.4</ele>
    <time>2026-01-03T12:31:43Z</time>
   </trkpt>
   <trkpt lat="51.4734310" lon="-0.2718540">
    <ele>4.4</ele>
    <time>2026-01-03T12:31:44Z</time>
   </trkpt>
   <trkpt lat="51.4734420" lon="-0.2718680">
    <ele>4.4</ele>
    <time>2026-01-03T12:31:45Z</time>
   </trkpt>
   <trkpt lat="51.4734580" lon="-0.2718940">
    <ele>4.4</ele>
    <time>2026-01-03T12:31:46Z</time>
   </trkpt>
   <trkpt lat="51.4734640" lon="-0.2719040">
    <ele>4.4</ele>
    <time>2026-01-03T12:31:47Z</time>
   </trkpt>
   <trkpt lat="51.4734700" lon="-0.2719130">
    <ele>4.4</ele>
    <time>2026-01-03T12:31:48Z</time>
   </trkpt>
   <trkpt lat="51.4734860" lon="-0.2719340">
    <ele>4.4</ele>
    <time>2026-01-03T12:31:49Z</time>
   </trkpt>
   <trkpt lat="51.4734930" lon="-0.2719440">
    <ele>4.4</ele>
    <time>2026-01-03T12:31:50Z</time>
   </trkpt>
   <trkpt lat="51.4734990" lon="-0.2719530">
    <ele>4.4</ele>
    <time>2026-01-03T12:31:51Z</time>
   </trkpt>
   <trkpt lat="51.4735190" lon="-0.2719720">
    <ele>4.4</ele>
    <time>2026-01-03T12:31:52Z</time>
   </trkpt>
   <trkpt lat="51.4735260" lon="-0.2719800">
    <ele>4.4</ele>
    <time>2026-01-03T12:31:53Z</time>
   </trkpt>
   <trkpt lat="51.4735340" lon="-0.2719880">
    <ele>4.4</ele>
    <time>2026-01-03T12:31:54Z</time>
   </trkpt>
   <trkpt lat="51.4735460" lon="-0.2719990">
    <ele>4.4</ele>
    <time>2026-01-03T12:31:55Z</time>
   </trkpt>
   <trkpt lat="51.4735580" lon="-0.2720080">
    <ele>4.4</ele>
    <time>2026-01-03T12:31:56Z</time>
   </trkpt>
   <trkpt lat="51.4735700" lon="-0.2720190">
    <ele>4.4</ele>
    <time>2026-01-03T12:31:57Z</time>
   </trkpt>
   <trkpt lat="51.4735800" lon="-0.2720330">
    <ele>4.4</ele>
    <time>2026-01-03T12:31:58Z</time>
   </trkpt>
   <trkpt lat="51.4735970" lon="-0.2720550">
    <ele>4.4</ele>
    <time>2026-01-03T12:31:59Z</time>
   </trkpt>
   <trkpt lat="51.4736040" lon="-0.2720640">
    <ele>4.4</ele>
    <time>2026-01-03T12:32:00Z</time>
   </trkpt>
   <trkpt lat="51.4736100" lon="-0.2720740">
    <ele>4.4</ele>
    <time>2026-01-03T12:32:01Z</time>
   </trkpt>
   <trkpt lat="51.4736270" lon="-0.2720940">
    <ele>4.4</ele>
    <time>2026-01-03T12:32:02Z</time>
   </trkpt>
   <trkpt lat="51.4736340" lon="-0.2721020">
    <ele>4.4</ele>
    <time>2026-01-03T12:32:03Z</time>
   </trkpt>
   <trkpt lat="51.4736420" lon="-0.2721090">
    <ele>4.4</ele>
    <time>2026-01-03T12:32:04Z</time>
   </trkpt>
   <trkpt lat="51.4736510" lon="-0.2721270">
    <ele>4.4</ele>
    <time>2026-01-03T12:32:05Z</time>
   </trkpt>
   <trkpt lat="51.4736610" lon="-0.2721420">
    <ele>4.4</ele>
    <time>2026-01-03T12:32:06Z</time>
   </trkpt>
   <trkpt lat="51.4736770" lon="-0.2721660">
    <ele>4.4</ele>
    <time>2026-01-03T12:32:07Z</time>
   </trkpt>
   <trkpt lat="51.4736820" lon="-0.2721760">
    <ele>4.4</ele>
    <time>2026-01-03T12:32:08Z</time>
   </trkpt>
   <trkpt lat="51.4736880" lon="-0.2721860">
    <ele>4.5</ele>
    <time>2026-01-03T12:32:09Z</time>
   </trkpt>
   <trkpt lat="51.4737050" lon="-0.2722080">
    <ele>4.5</ele>
    <time>2026-01-03T12:32:10Z</time>
   </trkpt>
   <trkpt lat="51.4737120" lon="-0.2722170">
    <ele>4.5</ele>
    <time>2026-01-03T12:32:11Z</time>
   </trkpt>
   <trkpt lat="51.4737180" lon="-0.2722260">
    <ele>4.5</ele>
    <time>2026-01-03T12:32:12Z</time>
   </trkpt>
   <trkpt lat="51.4737340" lon="-0.2722500">
    <ele>4.5</ele>
    <time>2026-01-03T12:32:13Z</time>
   </trkpt>
   <trkpt lat="51.4737400" lon="-0.2722600">
    <ele>4.5</ele>
    <time>2026-01-03T12:32:14Z</time>
   </trkpt>
   <trkpt lat="51.4737470" lon="-0.2722690">
    <ele>4.5</ele>
    <time>2026-01-03T12:32:15Z</time>
   </trkpt>
   <trkpt lat="51.4737640" lon="-0.2722890">
    <ele>4.5</ele>
    <time>2026-01-03T12:32:16Z</time>
   </trkpt>
   <trkpt lat="51.4737700" lon="-0.2722990">
    <ele>4.5</ele>
    <time>2026-01-03T12:32:17Z</time>
   </trkpt>
   <trkpt lat="51.4737760" lon="-0.2723080">
    <ele>4.5</ele>
    <time>2026-01-03T12:32:18Z</time>
   </trkpt>
   <trkpt lat="51.4737920" lon="-0.2723290">
    <ele>4.5</ele>
    <time>2026-01-03T12:32:19Z</time>
   </trkpt>
   <trkpt lat="51.4737980" lon="-0.2723360">
    <ele>4.5</ele>
    <time>2026-01-03T12:32:20Z</time>
   </trkpt>
   <trkpt lat="51.4738050" lon="-0.2723440">
    <ele>4.6</ele>
    <time>2026-01-03T12:32:21Z</time>
   </trkpt>
   <trkpt lat="51.4738110" lon="-0.2723510">
    <ele>4.6</ele>
    <time>2026-01-03T12:32:22Z</time>
   </trkpt>
   <trkpt lat="51.4738180" lon="-0.2723650">
    <ele>4.6</ele>
    <time>2026-01-03T12:32:23Z</time>
   </trkpt>
   <trkpt lat="51.4738280" lon="-0.2723770">
    <ele>4.6</ele>
    <time>2026-01-03T12:32:24Z</time>
   </trkpt>
   <trkpt lat="51.4738460" lon="-0.2723950">
    <ele>4.6</ele>
    <time>2026-01-03T12:32:25Z</time>
   </trkpt>
   <trkpt lat="51.4738530" lon="-0.2724020">
    <ele>4.6</ele>
    <time>2026-01-03T12:32:26Z</time>
   </trkpt>
   <trkpt lat="51.4738600" lon="-0.2724090">
    <ele>4.6</ele>
    <time>2026-01-03T12:32:27Z</time>
   </trkpt>
   <trkpt lat="51.4738690" lon="-0.2724160">
    <ele>4.6</ele>
    <time>2026-01-03T12:32:28Z</time>
   </trkpt>
   <trkpt lat="51.4738810" lon="-0.2724310">
    <ele>4.6</ele>
    <time>2026-01-03T12:32:29Z</time>
   </trkpt>
   <trkpt lat="51.4738880" lon="-0.2724340">
    <ele>4.6</ele>
    <time>2026-01-03T12:32:30Z</time>
   </trkpt>
   <trkpt lat="51.4738960" lon="-0.2724410">
    <ele>4.6</ele>
    <time>2026-01-03T12:32:31Z</time>
   </trkpt>
   <trkpt lat="51.4739060" lon="-0.2724500">
    <ele>4.6</ele>
    <time>2026-01-03T12:32:32Z</time>
   </trkpt>
   <trkpt lat="51.4739160" lon="-0.2724590">
    <ele>4.6</ele>
    <time>2026-01-03T12:32:33Z</time>
   </trkpt>
   <trkpt lat="51.4739330" lon="-0.2724710">
    <ele>4.6</ele>
    <time>2026-01-03T12:32:34Z</time>
   </trkpt>
   <trkpt lat="51.4739420" lon="-0.2724780">
    <ele>4.6</ele>
    <time>2026-01-03T12:32:35Z</time>
   </trkpt>
   <trkpt lat="51.4739500" lon="-0.2724840">
    <ele>4.6</ele>
    <time>2026-01-03T12:32:36Z</time>
   </trkpt>
   <trkpt lat="51.4739560" lon="-0.2724960">
    <ele>4.7</ele>
    <time>2026-01-03T12:32:37Z</time>
   </trkpt>
   <trkpt lat="51.4739670" lon="-0.2725110">
    <ele>4.7</ele>
    <time>2026-01-03T12:32:38Z</time>
   </trkpt>
   <trkpt lat="51.4739780" lon="-0.2725200">
    <ele>4.7</ele>
    <time>2026-01-03T12:32:39Z</time>
   </trkpt>
   <trkpt lat="51.4739910" lon="-0.2725330">
    <ele>4.7</ele>
    <time>2026-01-03T12:32:40Z</time>
   </trkpt>
   <trkpt lat="51.4739970" lon="-0.2725400">
    <ele>4.7</ele>
    <time>2026-01-03T12:32:41Z</time>
   </trkpt>
   <trkpt lat="51.4740090" lon="-0.2725490">
    <ele>4.7</ele>
    <time>2026-01-03T12:32:42Z</time>
   </trkpt>
   <trkpt lat="51.4740180" lon="-0.2725580">
    <ele>4.7</ele>
    <time>2026-01-03T12:32:43Z</time>
   </trkpt>
   <trkpt lat="51.4740270" lon="-0.2725690">
    <ele>4.7</ele>
    <time>2026-01-03T12:32:44Z</time>
   </trkpt>
   <trkpt lat="51.4740380" lon="-0.2725780">
    <ele>4.7</ele>
    <time>2026-01-03T12:32:45Z</time>
   </trkpt>
   <trkpt lat="51.4740470" lon="-0.2725890">
    <ele>4.7</ele>
    <time>2026-01-03T12:32:46Z</time>
   </trkpt>
   <trkpt lat="51.4740490" lon="-0.2725990">
    <ele>4.7</ele>
    <time>2026-01-03T12:32:47Z</time>
   </trkpt>
   <trkpt lat="51.4740590" lon="-0.2726100">
    <ele>4.7</ele>
    <time>2026-01-03T12:32:48Z</time>
   </trkpt>
   <trkpt lat="51.4740770" lon="-0.2726270">
    <ele>4.7</ele>
    <time>2026-01-03T12:32:49Z</time>
   </trkpt>
   <trkpt lat="51.4740840" lon="-0.2726340">
    <ele>4.6</ele>
    <time>2026-01-03T12:32:50Z</time>
   </trkpt>
   <trkpt lat="51.4740910" lon="-0.2726400">
    <ele>4.6</ele>
    <time>2026-01-03T12:32:51Z</time>
   </trkpt>
   <trkpt lat="51.4741060" lon="-0.2726560">
    <ele>4.6</ele>
    <time>2026-01-03T12:32:52Z</time>
   </trkpt>
   <trkpt lat="51.4741120" lon="-0.2726680">
    <ele>4.6</ele>
    <time>2026-01-03T12:32:53Z</time>
   </trkpt>
   <trkpt lat="51.4741270" lon="-0.2726830">
    <ele>4.6</ele>
    <time>2026-01-03T12:32:54Z</time>
   </trkpt>
   <trkpt lat="51.4741330" lon="-0.2726950">
    <ele>4.6</ele>
    <time>2026-01-03T12:32:55Z</time>
   </trkpt>
   <trkpt lat="51.4741470" lon="-0.2727150">
    <ele>4.6</ele>
    <time>2026-01-03T12:32:56Z</time>
   </trkpt>
   <trkpt lat="51.4741530" lon="-0.2727280">
    <ele>4.6</ele>
    <time>2026-01-03T12:32:57Z</time>
   </trkpt>
   <trkpt lat="51.4741650" lon="-0.2727440">
    <ele>4.6</ele>
    <time>2026-01-03T12:32:58Z</time>
   </trkpt>
   <trkpt lat="51.4741760" lon="-0.2727540">
    <ele>4.6</ele>
    <time>2026-01-03T12:32:59Z</time>
   </trkpt>
   <trkpt lat="51.4741910" lon="-0.2727660">
    <ele>4.6</ele>
    <time>2026-01-03T12:33:00Z</time>
   </trkpt>
   <trkpt lat="51.4742030" lon="-0.2727800">
    <ele>4.6</ele>
    <time>2026-01-03T12:33:02Z</time>
   </trkpt>
   <trkpt lat="51.4742110" lon="-0.2727900">
    <ele>4.6</ele>
    <time>2026-01-03T12:33:03Z</time>
   </trkpt>
   <trkpt lat="51.4742230" lon="-0.2728050">
    <ele>4.6</ele>
    <time>2026-01-03T12:33:04Z</time>
   </trkpt>
   <trkpt lat="51.4742300" lon="-0.2728120">
    <ele>4.6</ele>
    <time>2026-01-03T12:33:05Z</time>
   </trkpt>
   <trkpt lat="51.4742490" lon="-0.2728280">
    <ele>4.6</ele>
    <time>2026-01-03T12:33:06Z</time>
   </trkpt>
   <trkpt lat="51.4742560" lon="-0.2728340">
    <ele>4.6</ele>
    <time>2026-01-03T12:33:07Z</time>
   </trkpt>
   <trkpt lat="51.4742630" lon="-0.2728390">
    <ele>4.6</ele>
    <time>2026-01-03T12:33:08Z</time>
   </trkpt>
   <trkpt lat="51.4742740" lon="-0.2728470">
    <ele>4.6</ele>
    <time>2026-01-03T12:33:09Z</time>
   </trkpt>
   <trkpt lat="51.4742870" lon="-0.2728550">
    <ele>4.6</ele>
    <time>2026-01-03T12:33:10Z</time>
   </trkpt>
   <trkpt lat="51.4742950" lon="-0.2728630">
    <ele>4.6</ele>
    <time>2026-01-03T12:33:11Z</time>
   </trkpt>
   <trkpt lat="51.4743080" lon="-0.2728740">
    <ele>4.6</ele>
    <time>2026-01-03T12:33:12Z</time>
   </trkpt>
   <trkpt lat="51.4743180" lon="-0.2728770">
    <ele>4.6</ele>
    <time>2026-01-03T12:33:13Z</time>
   </trkpt>
   <trkpt lat="51.4743260" lon="-0.2728840">
    <ele>4.6</ele>
    <time>2026-01-03T12:33:14Z</time>
   </trkpt>
   <trkpt lat="51.4743360" lon="-0.2728960">
    <ele>4.7</ele>
    <time>2026-01-03T12:33:15Z</time>
   </trkpt>
   <trkpt lat="51.4743510" lon="-0.2729070">
    <ele>4.7</ele>
    <time>2026-01-03T12:33:16Z</time>
   </trkpt>
   <trkpt lat="51.4743690" lon="-0.2729210">
    <ele>4.7</ele>
    <time>2026-01-03T12:33:17Z</time>
   </trkpt>
   <trkpt lat="51.4743790" lon="-0.2729260">
    <ele>4.7</ele>
    <time>2026-01-03T12:33:18Z</time>
   </trkpt>
   <trkpt lat="51.4743880" lon="-0.2729320">
    <ele>4.7</ele>
    <time>2026-01-03T12:33:19Z</time>
   </trkpt>
   <trkpt lat="51.4744080" lon="-0.2729490">
    <ele>4.8</ele>
    <time>2026-01-03T12:33:20Z</time>
   </trkpt>
   <trkpt lat="51.4744160" lon="-0.2729570">
    <ele>4.8</ele>
    <time>2026-01-03T12:33:21Z</time>
   </trkpt>
   <trkpt lat="51.4744230" lon="-0.2729660">
    <ele>4.8</ele>
    <time>2026-01-03T12:33:22Z</time>
   </trkpt>
   <trkpt lat="51.4744370" lon="-0.2729870">
    <ele>4.8</ele>
    <time>2026-01-03T12:33:23Z</time>
   </trkpt>
   <trkpt lat="51.4744430" lon="-0.2729970">
    <ele>4.8</ele>
    <time>2026-01-03T12:33:24Z</time>
   </trkpt>
   <trkpt lat="51.4744490" lon="-0.2730080">
    <ele>4.9</ele>
    <time>2026-01-03T12:33:25Z</time>
   </trkpt>
   <trkpt lat="51.4744530" lon="-0.2730190">
    <ele>4.9</ele>
    <time>2026-01-03T12:33:26Z</time>
   </trkpt>
   <trkpt lat="51.4744580" lon="-0.2730310">
    <ele>4.9</ele>
    <time>2026-01-03T12:33:27Z</time>
   </trkpt>
   <trkpt lat="51.4744680" lon="-0.2730430">
    <ele>4.9</ele>
    <time>2026-01-03T12:33:28Z</time>
   </trkpt>
   <trkpt lat="51.4744770" lon="-0.2730540">
    <ele>4.9</ele>
    <time>2026-01-03T12:33:29Z</time>
   </trkpt>
   <trkpt lat="51.4744850" lon="-0.2730670">
    <ele>5.0</ele>
    <time>2026-01-03T12:33:30Z</time>
   </trkpt>
   <trkpt lat="51.4744950" lon="-0.2730770">
    <ele>5.0</ele>
    <time>2026-01-03T12:33:31Z</time>
   </trkpt>
   <trkpt lat="51.4745110" lon="-0.2731000">
    <ele>5.0</ele>
    <time>2026-01-03T12:33:32Z</time>
   </trkpt>
   <trkpt lat="51.4745160" lon="-0.2731090">
    <ele>5.0</ele>
    <time>2026-01-03T12:33:33Z</time>
   </trkpt>
   <trkpt lat="51.4745220" lon="-0.2731190">
    <ele>5.0</ele>
    <time>2026-01-03T12:33:34Z</time>
   </trkpt>
   <trkpt lat="51.4745390" lon="-0.2731380">
    <ele>5.0</ele>
    <time>2026-01-03T12:33:35Z</time>
   </trkpt>
   <trkpt lat="51.4745450" lon="-0.2731460">
    <ele>5.1</ele>
    <time>2026-01-03T12:33:36Z</time>
   </trkpt>
   <trkpt lat="51.4745520" lon="-0.2731540">
    <ele>5.1</ele>
    <time>2026-01-03T12:33:37Z</time>
   </trkpt>
   <trkpt lat="51.4745630" lon="-0.2731650">
    <ele>5.1</ele>
    <time>2026-01-03T12:33:38Z</time>
   </trkpt>
   <trkpt lat="51.4745740" lon="-0.2731760">
    <ele>5.1</ele>
    <time>2026-01-03T12:33:39Z</time>
   </trkpt>
   <trkpt lat="51.4745820" lon="-0.2731860">
    <ele>5.1</ele>
    <time>2026-01-03T12:33:40Z</time>
   </trkpt>
   <trkpt lat="51.4746020" lon="-0.2732110">
    <ele>5.1</ele>
    <time>2026-01-03T12:33:41Z</time>
   </trkpt>
   <trkpt lat="51.4746120" lon="-0.2732200">
    <ele>5.1</ele>
    <time>2026-01-03T12:33:42Z</time>
   </trkpt>
   <trkpt lat="51.4746210" lon="-0.2732300">
    <ele>5.1</ele>
    <time>2026-01-03T12:33:43Z</time>
   </trkpt>
   <trkpt lat="51.4746380" lon="-0.2732490">
    <ele>5.2</ele>
    <time>2026-01-03T12:33:44Z</time>
   </trkpt>
   <trkpt lat="51.4746430" lon="-0.2732570">
    <ele>5.2</ele>
    <time>2026-01-03T12:33:45Z</time>
   </trkpt>
   <trkpt lat="51.4746500" lon="-0.2732640">
    <ele>5.2</ele>
    <time>2026-01-03T12:33:46Z</time>
   </trkpt>
   <trkpt lat="51.4746620" lon="-0.2732710">
    <ele>5.2</ele>
    <time>2026-01-03T12:33:47Z</time>
   </trkpt>
   <trkpt lat="51.4746740" lon="-0.2732790">
    <ele>5.2</ele>
    <time>2026-01-03T12:33:48Z</time>
   </trkpt>
   <trkpt lat="51.4746840" lon="-0.2732890">
    <ele>5.2</ele>
    <time>2026-01-03T12:33:49Z</time>
   </trkpt>
   <trkpt lat="51.4746940" lon="-0.2732980">
    <ele>5.2</ele>
    <time>2026-01-03T12:33:50Z</time>
   </trkpt>
   <trkpt lat="51.4747050" lon="-0.2733070">
    <ele>5.2</ele>
    <time>2026-01-03T12:33:51Z</time>
   </trkpt>
   <trkpt lat="51.4747150" lon="-0.2733140">
    <ele>5.2</ele>
    <time>2026-01-03T12:33:52Z</time>
   </trkpt>
   <trkpt lat="51.4747260" lon="-0.2733250">
    <ele>5.2</ele>
    <time>2026-01-03T12:33:53Z</time>
   </trkpt>
   <trkpt lat="51.4747370" lon="-0.2733340">
    <ele>5.2</ele>
    <time>2026-01-03T12:33:54Z</time>
   </trkpt>
   <trkpt lat="51.4747480" lon="-0.2733460">
    <ele>5.2</ele>
    <time>2026-01-03T12:33:55Z</time>
   </trkpt>
   <trkpt lat="51.4747590" lon="-0.2733580">
    <ele>5.2</ele>
    <time>2026-01-03T12:33:56Z</time>
   </trkpt>
   <trkpt lat="51.4747780" lon="-0.2733730">
    <ele>5.2</ele>
    <time>2026-01-03T12:33:57Z</time>
   </trkpt>
   <trkpt lat="51.4747850" lon="-0.2733760">
    <ele>5.2</ele>
    <time>2026-01-03T12:33:58Z</time>
   </trkpt>
   <trkpt lat="51.4747930" lon="-0.2733800">
    <ele>5.2</ele>
    <time>2026-01-03T12:33:59Z</time>
   </trkpt>
   <trkpt lat="51.4748030" lon="-0.2733850">
    <ele>5.3</ele>
    <time>2026-01-03T12:34:00Z</time>
   </trkpt>
   <trkpt lat="51.4748150" lon="-0.2733850">
    <ele>5.3</ele>
    <time>2026-01-03T12:34:01Z</time>
   </trkpt>
   <trkpt lat="51.4748240" lon="-0.2733910">
    <ele>5.3</ele>
    <time>2026-01-03T12:34:02Z</time>
   </trkpt>
   <trkpt lat="51.4748380" lon="-0.2734010">
    <ele>5.3</ele>
    <time>2026-01-03T12:34:03Z</time>
   </trkpt>
   <trkpt lat="51.4748480" lon="-0.2734040">
    <ele>5.3</ele>
    <time>2026-01-03T12:34:04Z</time>
   </trkpt>
   <trkpt lat="51.4748580" lon="-0.2734110">
    <ele>5.3</ele>
    <time>2026-01-03T12:34:05Z</time>
   </trkpt>
   <trkpt lat="51.4748700" lon="-0.2734150">
    <ele>5.3</ele>
    <time>2026-01-03T12:34:06Z</time>
   </trkpt>
   <trkpt lat="51.4748850" lon="-0.2734220">
    <ele>5.3</ele>
    <time>2026-01-03T12:34:07Z</time>
   </trkpt>
   <trkpt lat="51.4748950" lon="-0.2734250">
    <ele>5.3</ele>
    <time>2026-01-03T12:34:08Z</time>
   </trkpt>
   <trkpt lat="51.4749060" lon="-0.2734290">
    <ele>5.3</ele>
    <time>2026-01-03T12:34:09Z</time>
   </trkpt>
   <trkpt lat="51.4749160" lon="-0.2734340">
    <ele>5.3</ele>
    <time>2026-01-03T12:34:10Z</time>
   </trkpt>
   <trkpt lat="51.4749370" lon="-0.2734430">
    <ele>5.3</ele>
    <time>2026-01-03T12:34:11Z</time>
   </trkpt>
   <trkpt lat="51.4749450" lon="-0.2734480">
    <ele>5.3</ele>
    <time>2026-01-03T12:34:12Z</time>
   </trkpt>
   <trkpt lat="51.4749520" lon="-0.2734520">
    <ele>5.3</ele>
    <time>2026-01-03T12:34:13Z</time>
   </trkpt>
   <trkpt lat="51.4749700" lon="-0.2734680">
    <ele>5.3</ele>
    <time>2026-01-03T12:34:14Z</time>
   </trkpt>
   <trkpt lat="51.4749780" lon="-0.2734740">
    <ele>5.3</ele>
    <time>2026-01-03T12:34:15Z</time>
   </trkpt>
   <trkpt lat="51.4749850" lon="-0.2734810">
    <ele>5.3</ele>
    <time>2026-01-03T12:34:16Z</time>
   </trkpt>
   <trkpt lat="51.4749970" lon="-0.2734950">
    <ele>5.3</ele>
    <time>2026-01-03T12:34:17Z</time>
   </trkpt>
   <trkpt lat="51.4750100" lon="-0.2735090">
    <ele>5.3</ele>
    <time>2026-01-03T12:34:18Z</time>
   </trkpt>
   <trkpt lat="51.4750180" lon="-0.2735170">
    <ele>5.3</ele>
    <time>2026-01-03T12:34:19Z</time>
   </trkpt>
   <trkpt lat="51.4750320" lon="-0.2735300">
    <ele>5.3</ele>
    <time>2026-01-03T12:34:20Z</time>
   </trkpt>
   <trkpt lat="51.4750420" lon="-0.2735380">
    <ele>5.3</ele>
    <time>2026-01-03T12:34:21Z</time>
   </trkpt>
   <trkpt lat="51.4750520" lon="-0.2735450">
    <ele>5.3</ele>
    <time>2026-01-03T12:34:22Z</time>
   </trkpt>
   <trkpt lat="51.4750590" lon="-0.2735530">
    <ele>5.3</ele>
    <time>2026-01-03T12:34:23Z</time>
   </trkpt>
   <trkpt lat="51.4750670" lon="-0.2735640">
    <ele>5.2</ele>
    <time>2026-01-03T12:34:24Z</time>
   </trkpt>
   <trkpt lat="51.4750860" lon="-0.2735810">
    <ele>5.2</ele>
    <time>2026-01-03T12:34:25Z</time>
   </trkpt>
   <trkpt lat="51.4750940" lon="-0.2735860">
    <ele>5.2</ele>
    <time>2026-01-03T12:34:26Z</time>
   </trkpt>
   <trkpt lat="51.4751010" lon="-0.2735920">
    <ele>5.2</ele>
    <time>2026-01-03T12:34:27Z</time>
   </trkpt>
   <trkpt lat="51.4751210" lon="-0.2736020">
    <ele>5.2</ele>
    <time>2026-01-03T12:34:28Z</time>
   </trkpt>
   <trkpt lat="51.4751290" lon="-0.2736080">
    <ele>5.2</ele>
    <time>2026-01-03T12:34:29Z</time>
   </trkpt>
   <trkpt lat="51.4751370" lon="-0.2736140">
    <ele>5.2</ele>
    <time>2026-01-03T12:34:30Z</time>
   </trkpt>
   <trkpt lat="51.4751480" lon="-0.2736230">
    <ele>5.2</ele>
    <time>2026-01-03T12:34:31Z</time>
   </trkpt>
   <trkpt lat="51.4751630" lon="-0.2736320">
    <ele>5.2</ele>
    <time>2026-01-03T12:34:32Z</time>
   </trkpt>
   <trkpt lat="51.4751850" lon="-0.2736500">
    <ele>5.2</ele>
    <time>2026-01-03T12:34:33Z</time>
   </trkpt>
   <trkpt lat="51.4751920" lon="-0.2736570">
    <ele>5.2</ele>
    <time>2026-01-03T12:34:34Z</time>
   </trkpt>
   <trkpt lat="51.4751990" lon="-0.2736640">
    <ele>5.2</ele>
    <time>2026-01-03T12:34:35Z</time>
   </trkpt>
   <trkpt lat="51.4752100" lon="-0.2736720">
    <ele>5.2</ele>
    <time>2026-01-03T12:34:36Z</time>
   </trkpt>
   <trkpt lat="51.4752180" lon="-0.2736780">
    <ele>5.2</ele>
    <time>2026-01-03T12:34:37Z</time>
   </trkpt>
   <trkpt lat="51.4752280" lon="-0.2736880">
    <ele>5.2</ele>
    <time>2026-01-03T12:34:38Z</time>
   </trkpt>
   <trkpt lat="51.4752370" lon="-0.2736930">
    <ele>5.2</ele>
    <time>2026-01-03T12:34:39Z</time>
   </trkpt>
   <trkpt lat="51.4752460" lon="-0.2737020">
    <ele>5.2</ele>
    <time>2026-01-03T12:34:40Z</time>
   </trkpt>
   <trkpt lat="51.4752590" lon="-0.2737120">
    <ele>5.2</ele>
    <time>2026-01-03T12:34:41Z</time>
   </trkpt>
   <trkpt lat="51.4752770" lon="-0.2737250">
    <ele>5.2</ele>
    <time>2026-01-03T12:34:42Z</time>
   </trkpt>
   <trkpt lat="51.4752860" lon="-0.2737300">
    <ele>5.2</ele>
    <time>2026-01-03T12:34:43Z</time>
   </trkpt>
   <trkpt lat="51.4752940" lon="-0.2737340">
    <ele>5.2</ele>
    <time>2026-01-03T12:34:44Z</time>
   </trkpt>
   <trkpt lat="51.4753120" lon="-0.2737490">
    <ele>5.2</ele>
    <time>2026-01-03T12:34:45Z</time>
   </trkpt>
   <trkpt lat="51.4753190" lon="-0.2737580">
    <ele>5.2</ele>
    <time>2026-01-03T12:34:46Z</time>
   </trkpt>
   <trkpt lat="51.4753250" lon="-0.2737660">
    <ele>5.2</ele>
    <time>2026-01-03T12:34:47Z</time>
   </trkpt>
   <trkpt lat="51.4753360" lon="-0.2737760">
    <ele>5.2</ele>
    <time>2026-01-03T12:34:48Z</time>
   </trkpt>
   <trkpt lat="51.4753490" lon="-0.2737850">
    <ele>5.2</ele>
    <time>2026-01-03T12:34:49Z</time>
   </trkpt>
   <trkpt lat="51.4753600" lon="-0.2737970">
    <ele>5.2</ele>
    <time>2026-01-03T12:34:50Z</time>
   </trkpt>
   <trkpt lat="51.4753720" lon="-0.2738070">
    <ele>5.2</ele>
    <time>2026-01-03T12:34:51Z</time>
   </trkpt>
   <trkpt lat="51.4753850" lon="-0.2738190">
    <ele>5.2</ele>
    <time>2026-01-03T12:34:52Z</time>
   </trkpt>
   <trkpt lat="51.4754000" lon="-0.2738310">
    <ele>5.2</ele>
    <time>2026-01-03T12:34:53Z</time>
   </trkpt>
   <trkpt lat="51.4754080" lon="-0.2738370">
    <ele>5.2</ele>
    <time>2026-01-03T12:34:54Z</time>
   </trkpt>
   <trkpt lat="51.4754250" lon="-0.2738500">
    <ele>5.2</ele>
    <time>2026-01-03T12:34:55Z</time>
   </trkpt>
   <trkpt lat="51.4754330" lon="-0.2738600">
    <ele>5.2</ele>
    <time>2026-01-03T12:34:56Z</time>
   </trkpt>
   <trkpt lat="51.4754460" lon="-0.2738720">
    <ele>5.2</ele>
    <time>2026-01-03T12:34:57Z</time>
   </trkpt>
   <trkpt lat="51.4754560" lon="-0.2738810">
    <ele>5.2</ele>
    <time>2026-01-03T12:34:58Z</time>
   </trkpt>
   <trkpt lat="51.4754680" lon="-0.2738950">
    <ele>5.2</ele>
    <time>2026-01-03T12:34:59Z</time>
   </trkpt>
   <trkpt lat="51.4754790" lon="-0.2739070">
    <ele>5.2</ele>
    <time>2026-01-03T12:35:00Z</time>
   </trkpt>
   <trkpt lat="51.4754910" lon="-0.2739160">
    <ele>5.2</ele>
    <time>2026-01-03T12:35:01Z</time>
   </trkpt>
   <trkpt lat="51.4755070" lon="-0.2739260">
    <ele>5.2</ele>
    <time>2026-01-03T12:35:02Z</time>
   </trkpt>
   <trkpt lat="51.4755190" lon="-0.2739330">
    <ele>5.2</ele>
    <time>2026-01-03T12:35:03Z</time>
   </trkpt>
   <trkpt lat="51.4755330" lon="-0.2739440">
    <ele>5.2</ele>
    <time>2026-01-03T12:35:04Z</time>
   </trkpt>
   <trkpt lat="51.4755410" lon="-0.2739460">
    <ele>5.2</ele>
    <time>2026-01-03T12:35:05Z</time>
   </trkpt>
   <trkpt lat="51.4755540" lon="-0.2739570">
    <ele>5.2</ele>
    <time>2026-01-03T12:35:06Z</time>
   </trkpt>
   <trkpt lat="51.4755670" lon="-0.2739670">
    <ele>5.2</ele>
    <time>2026-01-03T12:35:08Z</time>
   </trkpt>
   <trkpt lat="51.4755750" lon="-0.2739740">
    <ele>5.2</ele>
    <time>2026-01-03T12:35:09Z</time>
   </trkpt>
   <trkpt lat="51.4755890" lon="-0.2739860">
    <ele>5.2</ele>
    <time>2026-01-03T12:35:10Z</time>
   </trkpt>
   <trkpt lat="51.4755960" lon="-0.2739960">
    <ele>5.2</ele>
    <time>2026-01-03T12:35:11Z</time>
   </trkpt>
   <trkpt lat="51.4756150" lon="-0.2740150">
    <ele>5.2</ele>
    <time>2026-01-03T12:35:12Z</time>
   </trkpt>
   <trkpt lat="51.4756210" lon="-0.2740230">
    <ele>5.2</ele>
    <time>2026-01-03T12:35:13Z</time>
   </trkpt>
   <trkpt lat="51.4756280" lon="-0.2740300">
    <ele>5.2</ele>
    <time>2026-01-03T12:35:14Z</time>
   </trkpt>
   <trkpt lat="51.4756480" lon="-0.2740470">
    <ele>5.2</ele>
    <time>2026-01-03T12:35:15Z</time>
   </trkpt>
   <trkpt lat="51.4756540" lon="-0.2740520">
    <ele>5.2</ele>
    <time>2026-01-03T12:35:16Z</time>
   </trkpt>
   <trkpt lat="51.4756610" lon="-0.2740580">
    <ele>5.2</ele>
    <time>2026-01-03T12:35:17Z</time>
   </trkpt>
   <trkpt lat="51.4756740" lon="-0.2740690">
    <ele>5.2</ele>
    <time>2026-01-03T12:35:18Z</time>
   </trkpt>
   <trkpt lat="51.4756820" lon="-0.2740730">
    <ele>5.2</ele>
    <time>2026-01-03T12:35:19Z</time>
   </trkpt>
   <trkpt lat="51.4756920" lon="-0.2740820">
    <ele>5.2</ele>
    <time>2026-01-03T12:35:20Z</time>
   </trkpt>
   <trkpt lat="51.4757020" lon="-0.2740890">
    <ele>5.2</ele>
    <time>2026-01-03T12:35:21Z</time>
   </trkpt>
   <trkpt lat="51.4757120" lon="-0.2740950">
    <ele>5.2</ele>
    <time>2026-01-03T12:35:22Z</time>
   </trkpt>
   <trkpt lat="51.4757260" lon="-0.2741040">
    <ele>5.2</ele>
    <time>2026-01-03T12:35:23Z</time>
   </trkpt>
   <trkpt lat="51.4757450" lon="-0.2741200">
    <ele>5.2</ele>
    <time>2026-01-03T12:35:24Z</time>
   </trkpt>
   <trkpt lat="51.4757520" lon="-0.2741250">
    <ele>5.2</ele>
    <time>2026-01-03T12:35:25Z</time>
   </trkpt>
   <trkpt lat="51.4757600" lon="-0.2741310">
    <ele>5.2</ele>
    <time>2026-01-03T12:35:26Z</time>
   </trkpt>
   <trkpt lat="51.4757720" lon="-0.2741370">
    <ele>5.2</ele>
    <time>2026-01-03T12:35:27Z</time>
   </trkpt>
   <trkpt lat="51.4757890" lon="-0.2741480">
    <ele>5.2</ele>
    <time>2026-01-03T12:35:28Z</time>
   </trkpt>
   <trkpt lat="51.4757970" lon="-0.2741570">
    <ele>5.2</ele>
    <time>2026-01-03T12:35:29Z</time>
   </trkpt>
   <trkpt lat="51.4758160" lon="-0.2741710">
    <ele>5.2</ele>
    <time>2026-01-03T12:35:30Z</time>
   </trkpt>
   <trkpt lat="51.4758310" lon="-0.2741860">
    <ele>5.2</ele>
    <time>2026-01-03T12:35:31Z</time>
   </trkpt>
   <trkpt lat="51.4758390" lon="-0.2741930">
    <ele>5.2</ele>
    <time>2026-01-03T12:35:32Z</time>
   </trkpt>
   <trkpt lat="51.4758470" lon="-0.2742010">
    <ele>5.2</ele>
    <time>2026-01-03T12:35:33Z</time>
   </trkpt>
   <trkpt lat="51.4758560" lon="-0.2742120">
    <ele>5.2</ele>
    <time>2026-01-03T12:35:34Z</time>
   </trkpt>
   <trkpt lat="51.4758700" lon="-0.2742260">
    <ele>5.2</ele>
    <time>2026-01-03T12:35:35Z</time>
   </trkpt>
   <trkpt lat="51.4758870" lon="-0.2742380">
    <ele>5.2</ele>
    <time>2026-01-03T12:35:36Z</time>
   </trkpt>
   <trkpt lat="51.4758950" lon="-0.2742450">
    <ele>5.2</ele>
    <time>2026-01-03T12:35:37Z</time>
   </trkpt>
   <trkpt lat="51.4759020" lon="-0.2742520">
    <ele>5.2</ele>
    <time>2026-01-03T12:35:38Z</time>
   </trkpt>
   <trkpt lat="51.4759150" lon="-0.2742600">
    <ele>5.2</ele>
    <time>2026-01-03T12:35:39Z</time>
   </trkpt>
   <trkpt lat="51.4759290" lon="-0.2742650">
    <ele>5.2</ele>
    <time>2026-01-03T12:35:40Z</time>
   </trkpt>
   <trkpt lat="51.4759380" lon="-0.2742670">
    <ele>5.2</ele>
    <time>2026-01-03T12:35:41Z</time>
   </trkpt>
   <trkpt lat="51.4759500" lon="-0.2742750">
    <ele>5.2</ele>
    <time>2026-01-03T12:35:42Z</time>
   </trkpt>
   <trkpt lat="51.4759610" lon="-0.2742860">
    <ele>5.2</ele>
    <time>2026-01-03T12:35:43Z</time>
   </trkpt>
   <trkpt lat="51.4759800" lon="-0.2743020">
    <ele>5.2</ele>
    <time>2026-01-03T12:35:44Z</time>
   </trkpt>
   <trkpt lat="51.4759880" lon="-0.2743070">
    <ele>5.2</ele>
    <time>2026-01-03T12:35:45Z</time>
   </trkpt>
   <trkpt lat="51.4759960" lon="-0.2743120">
    <ele>5.2</ele>
    <time>2026-01-03T12:35:46Z</time>
   </trkpt>
   <trkpt lat="51.4760050" lon="-0.2743190">
    <ele>5.2</ele>
    <time>2026-01-03T12:35:47Z</time>
   </trkpt>
   <trkpt lat="51.4760160" lon="-0.2743270">
    <ele>5.2</ele>
    <time>2026-01-03T12:35:48Z</time>
   </trkpt>
   <trkpt lat="51.4760260" lon="-0.2743370">
    <ele>5.2</ele>
    <time>2026-01-03T12:35:49Z</time>
   </trkpt>
   <trkpt lat="51.4760340" lon="-0.2743430">
    <ele>5.2</ele>
    <time>2026-01-03T12:35:50Z</time>
   </trkpt>
   <trkpt lat="51.4760420" lon="-0.2743510">
    <ele>5.2</ele>
    <time>2026-01-03T12:35:51Z</time>
   </trkpt>
   <trkpt lat="51.4760550" lon="-0.2743570">
    <ele>5.2</ele>
    <time>2026-01-03T12:35:52Z</time>
   </trkpt>
   <trkpt lat="51.4760710" lon="-0.2743630">
    <ele>5.2</ele>
    <time>2026-01-03T12:35:53Z</time>
   </trkpt>
   <trkpt lat="51.4760900" lon="-0.2743810">
    <ele>5.2</ele>
    <time>2026-01-03T12:35:54Z</time>
   </trkpt>
   <trkpt lat="51.4761090" lon="-0.2743980">
    <ele>5.2</ele>
    <time>2026-01-03T12:35:55Z</time>
   </trkpt>
   <trkpt lat="51.4761140" lon="-0.2744040">
    <ele>5.2</ele>
    <time>2026-01-03T12:35:56Z</time>
   </trkpt>
   <trkpt lat="51.4761250" lon="-0.2744090">
    <ele>5.2</ele>
    <time>2026-01-03T12:35:57Z</time>
   </trkpt>
   <trkpt lat="51.4761400" lon="-0.2744210">
    <ele>5.2</ele>
    <time>2026-01-03T12:35:58Z</time>
   </trkpt>
   <trkpt lat="51.4761590" lon="-0.2744330">
    <ele>5.2</ele>
    <time>2026-01-03T12:35:59Z</time>
   </trkpt>
   <trkpt lat="51.4761680" lon="-0.2744390">
    <ele>5.2</ele>
    <time>2026-01-03T12:36:00Z</time>
   </trkpt>
   <trkpt lat="51.4761770" lon="-0.2744440">
    <ele>5.2</ele>
    <time>2026-01-03T12:36:01Z</time>
   </trkpt>
   <trkpt lat="51.4761890" lon="-0.2744500">
    <ele>5.2</ele>
    <time>2026-01-03T12:36:02Z</time>
   </trkpt>
   <trkpt lat="51.4762090" lon="-0.2744550">
    <ele>5.2</ele>
    <time>2026-01-03T12:36:03Z</time>
   </trkpt>
   <trkpt lat="51.4762180" lon="-0.2744620">
    <ele>5.2</ele>
    <time>2026-01-03T12:36:04Z</time>
   </trkpt>
   <trkpt lat="51.4762300" lon="-0.2744720">
    <ele>5.2</ele>
    <time>2026-01-03T12:36:05Z</time>
   </trkpt>
   <trkpt lat="51.4762410" lon="-0.2744780">
    <ele>5.2</ele>
    <time>2026-01-03T12:36:06Z</time>
   </trkpt>
   <trkpt lat="51.4762590" lon="-0.2744970">
    <ele>5.2</ele>
    <time>2026-01-03T12:36:07Z</time>
   </trkpt>
   <trkpt lat="51.4762650" lon="-0.2745050">
    <ele>5.2</ele>
    <time>2026-01-03T12:36:08Z</time>
   </trkpt>
   <trkpt lat="51.4762720" lon="-0.2745130">
    <ele>5.2</ele>
    <time>2026-01-03T12:36:09Z</time>
   </trkpt>
   <trkpt lat="51.4762820" lon="-0.2745230">
    <ele>5.2</ele>
    <time>2026-01-03T12:36:10Z</time>
   </trkpt>
   <trkpt lat="51.4762970" lon="-0.2745290">
    <ele>5.2</ele>
    <time>2026-01-03T12:36:11Z</time>
   </trkpt>
   <trkpt lat="51.4763100" lon="-0.2745420">
    <ele>5.2</ele>
    <time>2026-01-03T12:36:12Z</time>
   </trkpt>
   <trkpt lat="51.4763230" lon="-0.2745480">
    <ele>5.2</ele>
    <time>2026-01-03T12:36:13Z</time>
   </trkpt>
   <trkpt lat="51.4763330" lon="-0.2745570">
    <ele>5.2</ele>
    <time>2026-01-03T12:36:14Z</time>
   </trkpt>
   <trkpt lat="51.4763420" lon="-0.2745640">
    <ele>5.2</ele>
    <time>2026-01-03T12:36:15Z</time>
   </trkpt>
   <trkpt lat="51.4763510" lon="-0.2745750">
    <ele>5.3</ele>
    <time>2026-01-03T12:36:16Z</time>
   </trkpt>
   <trkpt lat="51.4763650" lon="-0.2745840">
    <ele>5.3</ele>
    <time>2026-01-03T12:36:17Z</time>
   </trkpt>
   <trkpt lat="51.4763770" lon="-0.2745950">
    <ele>5.3</ele>
    <time>2026-01-03T12:36:18Z</time>
   </trkpt>
   <trkpt lat="51.4763860" lon="-0.2745980">
    <ele>5.3</ele>
    <time>2026-01-03T12:36:19Z</time>
   </trkpt>
   <trkpt lat="51.4763960" lon="-0.2746020">
    <ele>5.3</ele>
    <time>2026-01-03T12:36:20Z</time>
   </trkpt>
   <trkpt lat="51.4764100" lon="-0.2746100">
    <ele>5.3</ele>
    <time>2026-01-03T12:36:21Z</time>
   </trkpt>
   <trkpt lat="51.4764300" lon="-0.2746270">
    <ele>5.3</ele>
    <time>2026-01-03T12:36:22Z</time>
   </trkpt>
   <trkpt lat="51.4764370" lon="-0.2746320">
    <ele>5.3</ele>
    <time>2026-01-03T12:36:23Z</time>
   </trkpt>
   <trkpt lat="51.4764440" lon="-0.2746380">
    <ele>5.3</ele>
    <time>2026-01-03T12:36:24Z</time>
   </trkpt>
   <trkpt lat="51.4764560" lon="-0.2746460">
    <ele>5.3</ele>
    <time>2026-01-03T12:36:25Z</time>
   </trkpt>
   <trkpt lat="51.4764700" lon="-0.2746540">
    <ele>5.3</ele>
    <time>2026-01-03T12:36:26Z</time>
   </trkpt>
   <trkpt lat="51.4764770" lon="-0.2746620">
    <ele>5.3</ele>
    <time>2026-01-03T12:36:27Z</time>
   </trkpt>
   <trkpt lat="51.4764900" lon="-0.2746800">
    <ele>5.3</ele>
    <time>2026-01-03T12:36:28Z</time>
   </trkpt>
   <trkpt lat="51.4764990" lon="-0.2746850">
    <ele>5.3</ele>
    <time>2026-01-03T12:36:29Z</time>
   </trkpt>
   <trkpt lat="51.4765110" lon="-0.2746950">
    <ele>5.3</ele>
    <time>2026-01-03T12:36:30Z</time>
   </trkpt>
   <trkpt lat="51.4765200" lon="-0.2747000">
    <ele>5.3</ele>
    <time>2026-01-03T12:36:31Z</time>
   </trkpt>
   <trkpt lat="51.4765310" lon="-0.2747060">
    <ele>5.3</ele>
    <time>2026-01-03T12:36:32Z</time>
   </trkpt>
   <trkpt lat="51.4765520" lon="-0.2747220">
    <ele>5.3</ele>
    <time>2026-01-03T12:36:33Z</time>
   </trkpt>
   <trkpt lat="51.4765600" lon="-0.2747280">
    <ele>5.3</ele>
    <time>2026-01-03T12:36:34Z</time>
   </trkpt>
   <trkpt lat="51.4765670" lon="-0.2747350">
    <ele>5.3</ele>
    <time>2026-01-03T12:36:35Z</time>
   </trkpt>
   <trkpt lat="51.4765780" lon="-0.2747410">
    <ele>5.3</ele>
    <time>2026-01-03T12:36:36Z</time>
   </trkpt>
   <trkpt lat="51.4765920" lon="-0.2747530">
    <ele>5.3</ele>
    <time>2026-01-03T12:36:37Z</time>
   </trkpt>
   <trkpt lat="51.4766100" lon="-0.2747670">
    <ele>5.3</ele>
    <time>2026-01-03T12:36:38Z</time>
   </trkpt>
   <trkpt lat="51.4766180" lon="-0.2747740">
    <ele>5.3</ele>
    <time>2026-01-03T12:36:39Z</time>
   </trkpt>
   <trkpt lat="51.4766260" lon="-0.2747810">
    <ele>5.3</ele>
    <time>2026-01-03T12:36:40Z</time>
   </trkpt>
   <trkpt lat="51.4766350" lon="-0.2747930">
    <ele>5.3</ele>
    <time>2026-01-03T12:36:41Z</time>
   </trkpt>
   <trkpt lat="51.4766500" lon="-0.2748050">
    <ele>5.3</ele>
    <time>2026-01-03T12:36:42Z</time>
   </trkpt>
   <trkpt lat="51.4766660" lon="-0.2748210">
    <ele>5.3</ele>
    <time>2026-01-03T12:36:43Z</time>
   </trkpt>
   <trkpt lat="51.4766740" lon="-0.2748290">
    <ele>5.3</ele>
    <time>2026-01-03T12:36:44Z</time>
   </trkpt>
   <trkpt lat="51.4766810" lon="-0.2748360">
    <ele>5.3</ele>
    <time>2026-01-03T12:36:45Z</time>
   </trkpt>
   <trkpt lat="51.4767020" lon="-0.2748450">
    <ele>5.4</ele>
    <time>2026-01-03T12:36:46Z</time>
   </trkpt>
   <trkpt lat="51.4767100" lon="-0.2748490">
    <ele>5.4</ele>
    <time>2026-01-03T12:36:47Z</time>
   </trkpt>
   <trkpt lat="51.4767170" lon="-0.2748520">
    <ele>5.4</ele>
    <time>2026-01-03T12:36:48Z</time>
   </trkpt>
   <trkpt lat="51.4767290" lon="-0.2748580">
    <ele>5.4</ele>
    <time>2026-01-03T12:36:49Z</time>
   </trkpt>
   <trkpt lat="51.4767400" lon="-0.2748650">
    <ele>5.4</ele>
    <time>2026-01-03T12:36:50Z</time>
   </trkpt>
   <trkpt lat="51.4767500" lon="-0.2748670">
    <ele>5.4</ele>
    <time>2026-01-03T12:36:51Z</time>
   </trkpt>
   <trkpt lat="51.4767700" lon="-0.2748780">
    <ele>5.4</ele>
    <time>2026-01-03T12:36:52Z</time>
   </trkpt>
   <trkpt lat="51.4767790" lon="-0.2748830">
    <ele>5.4</ele>
    <time>2026-01-03T12:36:53Z</time>
   </trkpt>
   <trkpt lat="51.4767870" lon="-0.2748880">
    <ele>5.4</ele>
    <time>2026-01-03T12:36:54Z</time>
   </trkpt>
   <trkpt lat="51.4767950" lon="-0.2748970">
    <ele>5.4</ele>
    <time>2026-01-03T12:36:55Z</time>
   </trkpt>
   <trkpt lat="51.4768050" lon="-0.2749020">
    <ele>5.4</ele>
    <time>2026-01-03T12:36:56Z</time>
   </trkpt>
   <trkpt lat="51.4768160" lon="-0.2749090">
    <ele>5.4</ele>
    <time>2026-01-03T12:36:57Z</time>
   </trkpt>
   <trkpt lat="51.4768370" lon="-0.2749240">
    <ele>5.4</ele>
    <time>2026-01-03T12:36:58Z</time>
   </trkpt>
   <trkpt lat="51.4768460" lon="-0.2749270">
    <ele>5.4</ele>
    <time>2026-01-03T12:36:59Z</time>
   </trkpt>
   <trkpt lat="51.4768560" lon="-0.2749310">
    <ele>5.4</ele>
    <time>2026-01-03T12:37:00Z</time>
   </trkpt>
   <trkpt lat="51.4768650" lon="-0.2749320">
    <ele>5.4</ele>
    <time>2026-01-03T12:37:01Z</time>
   </trkpt>
   <trkpt lat="51.4768780" lon="-0.2749370">
    <ele>5.4</ele>
    <time>2026-01-03T12:37:02Z</time>
   </trkpt>
   <trkpt lat="51.4768900" lon="-0.2749460">
    <ele>5.4</ele>
    <time>2026-01-03T12:37:03Z</time>
   </trkpt>
   <trkpt lat="51.4769020" lon="-0.2749540">
    <ele>5.4</ele>
    <time>2026-01-03T12:37:04Z</time>
   </trkpt>
   <trkpt lat="51.4769110" lon="-0.2749560">
    <ele>5.4</ele>
    <time>2026-01-03T12:37:05Z</time>
   </trkpt>
   <trkpt lat="51.4769210" lon="-0.2749630">
    <ele>5.4</ele>
    <time>2026-01-03T12:37:06Z</time>
   </trkpt>
   <trkpt lat="51.4769270" lon="-0.2749720">
    <ele>5.4</ele>
    <time>2026-01-03T12:37:07Z</time>
   </trkpt>
   <trkpt lat="51.4769320" lon="-0.2749770">
    <ele>5.4</ele>
    <time>2026-01-03T12:37:08Z</time>
   </trkpt>
   <trkpt lat="51.4769380" lon="-0.2749820">
    <ele>5.4</ele>
    <time>2026-01-03T12:37:09Z</time>
   </trkpt>
   <trkpt lat="51.4769490" lon="-0.2749880">
    <ele>5.4</ele>
    <time>2026-01-03T12:37:10Z</time>
   </trkpt>
   <trkpt lat="51.4769630" lon="-0.2749920">
    <ele>5.4</ele>
    <time>2026-01-03T12:37:11Z</time>
   </trkpt>
   <trkpt lat="51.4769790" lon="-0.2750000">
    <ele>5.4</ele>
    <time>2026-01-03T12:37:12Z</time>
   </trkpt>
   <trkpt lat="51.4769980" lon="-0.2750100">
    <ele>5.4</ele>
    <time>2026-01-03T12:37:14Z</time>
   </trkpt>
   <trkpt lat="51.4770070" lon="-0.2750110">
    <ele>5.4</ele>
    <time>2026-01-03T12:37:15Z</time>
   </trkpt>
   <trkpt lat="51.4770160" lon="-0.2750130">
    <ele>5.4</ele>
    <time>2026-01-03T12:37:16Z</time>
   </trkpt>
   <trkpt lat="51.4770380" lon="-0.2750210">
    <ele>5.4</ele>
    <time>2026-01-03T12:37:17Z</time>
   </trkpt>
   <trkpt lat="51.4770480" lon="-0.2750260">
    <ele>5.4</ele>
    <time>2026-01-03T12:37:18Z</time>
   </trkpt>
   <trkpt lat="51.4770570" lon="-0.2750300">
    <ele>5.4</ele>
    <time>2026-01-03T12:37:19Z</time>
   </trkpt>
   <trkpt lat="51.4770670" lon="-0.2750380">
    <ele>5.4</ele>
    <time>2026-01-03T12:37:20Z</time>
   </trkpt>
   <trkpt lat="51.4770830" lon="-0.2750460">
    <ele>5.4</ele>
    <time>2026-01-03T12:37:21Z</time>
   </trkpt>
   <trkpt lat="51.4771020" lon="-0.2750580">
    <ele>5.4</ele>
    <time>2026-01-03T12:37:22Z</time>
   </trkpt>
   <trkpt lat="51.4771100" lon="-0.2750630">
    <ele>5.4</ele>
    <time>2026-01-03T12:37:23Z</time>
   </trkpt>
   <trkpt lat="51.4771180" lon="-0.2750670">
    <ele>5.4</ele>
    <time>2026-01-03T12:37:24Z</time>
   </trkpt>
   <trkpt lat="51.4771390" lon="-0.2750790">
    <ele>5.4</ele>
    <time>2026-01-03T12:37:25Z</time>
   </trkpt>
   <trkpt lat="51.4771490" lon="-0.2750850">
    <ele>5.4</ele>
    <time>2026-01-03T12:37:26Z</time>
   </trkpt>
   <trkpt lat="51.4771580" lon="-0.2750910">
    <ele>5.4</ele>
    <time>2026-01-03T12:37:27Z</time>
   </trkpt>
   <trkpt lat="51.4771680" lon="-0.2750970">
    <ele>5.4</ele>
    <time>2026-01-03T12:37:28Z</time>
   </trkpt>
   <trkpt lat="51.4771790" lon="-0.2751010">
    <ele>5.4</ele>
    <time>2026-01-03T12:37:29Z</time>
   </trkpt>
   <trkpt lat="51.4771880" lon="-0.2751070">
    <ele>5.4</ele>
    <time>2026-01-03T12:37:30Z</time>
   </trkpt>
   <trkpt lat="51.4771960" lon="-0.2751130">
    <ele>5.4</ele>
    <time>2026-01-03T12:37:31Z</time>
   </trkpt>
   <trkpt lat="51.4772090" lon="-0.2751200">
    <ele>5.4</ele>
    <time>2026-01-03T12:37:32Z</time>
   </trkpt>
   <trkpt lat="51.4772180" lon="-0.2751200">
    <ele>5.4</ele>
    <time>2026-01-03T12:37:33Z</time>
   </trkpt>
   <trkpt lat="51.4772370" lon="-0.2751290">
    <ele>5.4</ele>
    <time>2026-01-03T12:37:34Z</time>
   </trkpt>
   <trkpt lat="51.4772460" lon="-0.2751360">
    <ele>5.4</ele>
    <time>2026-01-03T12:37:35Z</time>
   </trkpt>
   <trkpt lat="51.4772600" lon="-0.2751430">
    <ele>5.4</ele>
    <time>2026-01-03T12:37:36Z</time>
   </trkpt>
   <trkpt lat="51.4772740" lon="-0.2751510">
    <ele>5.4</ele>
    <time>2026-01-03T12:37:37Z</time>
   </trkpt>
   <trkpt lat="51.4772850" lon="-0.2751570">
    <ele>5.4</ele>
    <time>2026-01-03T12:37:38Z</time>
   </trkpt>
   <trkpt lat="51.4772980" lon="-0.2751630">
    <ele>5.4</ele>
    <time>2026-01-03T12:37:39Z</time>
   </trkpt>
   <trkpt lat="51.4773080" lon="-0.2751660">
    <ele>5.4</ele>
    <time>2026-01-03T12:37:40Z</time>
   </trkpt>
   <trkpt lat="51.4773290" lon="-0.2751770">
    <ele>5.4</ele>
    <time>2026-01-03T12:37:41Z</time>
   </trkpt>
   <trkpt lat="51.4773360" lon="-0.2751820">
    <ele>5.4</ele>
    <time>2026-01-03T12:37:42Z</time>
   </trkpt>
   <trkpt lat="51.4773430" lon="-0.2751860">
    <ele>5.4</ele>
    <time>2026-01-03T12:37:43Z</time>
   </trkpt>
   <trkpt lat="51.4773660" lon="-0.2751940">
    <ele>5.4</ele>
    <time>2026-01-03T12:37:44Z</time>
   </trkpt>
   <trkpt lat="51.4773750" lon="-0.2751980">
    <ele>5.4</ele>
    <time>2026-01-03T12:37:45Z</time>
   </trkpt>
   <trkpt lat="51.4773840" lon="-0.2752010">
    <ele>5.4</ele>
    <time>2026-01-03T12:37:46Z</time>
   </trkpt>
   <trkpt lat="51.4773990" lon="-0.2752150">
    <ele>5.4</ele>
    <time>2026-01-03T12:37:47Z</time>
   </trkpt>
   <trkpt lat="51.4774080" lon="-0.2752220">
    <ele>5.4</ele>
    <time>2026-01-03T12:37:48Z</time>
   </trkpt>
   <trkpt lat="51.4774160" lon="-0.2752290">
    <ele>5.4</ele>
    <time>2026-01-03T12:37:49Z</time>
   </trkpt>
   <trkpt lat="51.4774330" lon="-0.2752400">
    <ele>5.4</ele>
    <time>2026-01-03T12:37:50Z</time>
   </trkpt>
   <trkpt lat="51.4774450" lon="-0.2752450">
    <ele>5.4</ele>
    <time>2026-01-03T12:37:51Z</time>
   </trkpt>
   <trkpt lat="51.4774550" lon="-0.2752500">
    <ele>5.4</ele>
    <time>2026-01-03T12:37:52Z</time>
   </trkpt>
   <trkpt lat="51.4774720" lon="-0.2752540">
    <ele>5.4</ele>
    <time>2026-01-03T12:37:53Z</time>
   </trkpt>
   <trkpt lat="51.4774800" lon="-0.2752610">
    <ele>5.4</ele>
    <time>2026-01-03T12:37:54Z</time>
   </trkpt>
   <trkpt lat="51.4774910" lon="-0.2752710">
    <ele>5.4</ele>
    <time>2026-01-03T12:37:55Z</time>
   </trkpt>
   <trkpt lat="51.4775020" lon="-0.2752790">
    <ele>5.4</ele>
    <time>2026-01-03T12:37:56Z</time>
   </trkpt>
   <trkpt lat="51.4775220" lon="-0.2752900">
    <ele>5.4</ele>
    <time>2026-01-03T12:37:57Z</time>
   </trkpt>
   <trkpt lat="51.4775310" lon="-0.2752940">
    <ele>5.4</ele>
    <time>2026-01-03T12:37:58Z</time>
   </trkpt>
   <trkpt lat="51.4775390" lon="-0.2752980">
    <ele>5.4</ele>
    <time>2026-01-03T12:37:59Z</time>
   </trkpt>
   <trkpt lat="51.4775560" lon="-0.2753130">
    <ele>5.4</ele>
    <time>2026-01-03T12:38:00Z</time>
   </trkpt>
   <trkpt lat="51.4775650" lon="-0.2753180">
    <ele>5.4</ele>
    <time>2026-01-03T12:38:01Z</time>
   </trkpt>
   <trkpt lat="51.4775730" lon="-0.2753240">
    <ele>5.4</ele>
    <time>2026-01-03T12:38:02Z</time>
   </trkpt>
   <trkpt lat="51.4775840" lon="-0.2753300">
    <ele>5.4</ele>
    <time>2026-01-03T12:38:03Z</time>
   </trkpt>
   <trkpt lat="51.4776040" lon="-0.2753430">
    <ele>5.4</ele>
    <time>2026-01-03T12:38:04Z</time>
   </trkpt>
   <trkpt lat="51.4776160" lon="-0.2753510">
    <ele>5.4</ele>
    <time>2026-01-03T12:38:05Z</time>
   </trkpt>
   <trkpt lat="51.4776310" lon="-0.2753570">
    <ele>5.4</ele>
    <time>2026-01-03T12:38:06Z</time>
   </trkpt>
   <trkpt lat="51.4776400" lon="-0.2753610">
    <ele>5.4</ele>
    <time>2026-01-03T12:38:07Z</time>
   </trkpt>
   <trkpt lat="51.4776530" lon="-0.2753690">
    <ele>5.4</ele>
    <time>2026-01-03T12:38:08Z</time>
   </trkpt>
   <trkpt lat="51.4776640" lon="-0.2753730">
    <ele>5.4</ele>
    <time>2026-01-03T12:38:09Z</time>
   </trkpt>
   <trkpt lat="51.4776870" lon="-0.2753790">
    <ele>5.4</ele>
    <time>2026-01-03T12:38:10Z</time>
   </trkpt>
   <trkpt lat="51.4776950" lon="-0.2753840">
    <ele>5.4</ele>
    <time>2026-01-03T12:38:11Z</time>
   </trkpt>
   <trkpt lat="51.4777030" lon="-0.2753890">
    <ele>5.4</ele>
    <time>2026-01-03T12:38:12Z</time>
   </trkpt>
   <trkpt lat="51.4777150" lon="-0.2753970">
    <ele>5.4</ele>
    <time>2026-01-03T12:38:13Z</time>
   </trkpt>
   <trkpt lat="51.4777220" lon="-0.2754100">
    <ele>5.4</ele>
    <time>2026-01-03T12:38:14Z</time>
   </trkpt>
   <trkpt lat="51.4777290" lon="-0.2754190">
    <ele>5.4</ele>
    <time>2026-01-03T12:38:15Z</time>
   </trkpt>
   <trkpt lat="51.4777410" lon="-0.2754250">
    <ele>5.4</ele>
    <time>2026-01-03T12:38:16Z</time>
   </trkpt>
   <trkpt lat="51.4777520" lon="-0.2754260">
    <ele>5.4</ele>
    <time>2026-01-03T12:38:17Z</time>
   </trkpt>
   <trkpt lat="51.4777620" lon="-0.2754280">
    <ele>5.4</ele>
    <time>2026-01-03T12:38:18Z</time>
   </trkpt>
   <trkpt lat="51.4777730" lon="-0.2754290">
    <ele>5.4</ele>
    <time>2026-01-03T12:38:19Z</time>
   </trkpt>
   <trkpt lat="51.4777890" lon="-0.2754340">
    <ele>5.4</ele>
    <time>2026-01-03T12:38:20Z</time>
   </trkpt>
   <trkpt lat="51.4777970" lon="-0.2754400">
    <ele>5.4</ele>
    <time>2026-01-03T12:38:21Z</time>
   </trkpt>
   <trkpt lat="51.4778070" lon="-0.2754470">
    <ele>5.4</ele>
    <time>2026-01-03T12:38:22Z</time>
   </trkpt>
   <trkpt lat="51.4778170" lon="-0.2754530">
    <ele>5.4</ele>
    <time>2026-01-03T12:38:23Z</time>
   </trkpt>
   <trkpt lat="51.4778360" lon="-0.2754670">
    <ele>5.4</ele>
    <time>2026-01-03T12:38:24Z</time>
   </trkpt>
   <trkpt lat="51.4778440" lon="-0.2754730">
    <ele>5.4</ele>
    <time>2026-01-03T12:38:25Z</time>
   </trkpt>
   <trkpt lat="51.4778520" lon="-0.2754780">
    <ele>5.4</ele>
    <time>2026-01-03T12:38:26Z</time>
   </trkpt>
   <trkpt lat="51.4778720" lon="-0.2754880">
    <ele>5.4</ele>
    <time>2026-01-03T12:38:27Z</time>
   </trkpt>
   <trkpt lat="51.4778800" lon="-0.2754930">
    <ele>5.4</ele>
    <time>2026-01-03T12:38:28Z</time>
   </trkpt>
   <trkpt lat="51.4778890" lon="-0.2754970">
    <ele>5.4</ele>
    <time>2026-01-03T12:38:29Z</time>
   </trkpt>
   <trkpt lat="51.4778970" lon="-0.2755020">
    <ele>5.4</ele>
    <time>2026-01-03T12:38:30Z</time>
   </trkpt>
   <trkpt lat="51.4779050" lon="-0.2755090">
    <ele>5.4</ele>
    <time>2026-01-03T12:38:31Z</time>
   </trkpt>
   <trkpt lat="51.4779220" lon="-0.2755160">
    <ele>5.4</ele>
    <time>2026-01-03T12:38:32Z</time>
   </trkpt>
   <trkpt lat="51.4779340" lon="-0.2755240">
    <ele>5.4</ele>
    <time>2026-01-03T12:38:33Z</time>
   </trkpt>
   <trkpt lat="51.4779430" lon="-0.2755300">
    <ele>5.4</ele>
    <time>2026-01-03T12:38:34Z</time>
   </trkpt>
   <trkpt lat="51.4779530" lon="-0.2755380">
    <ele>5.4</ele>
    <time>2026-01-03T12:38:35Z</time>
   </trkpt>
   <trkpt lat="51.4779640" lon="-0.2755560">
    <ele>5.4</ele>
    <time>2026-01-03T12:38:36Z</time>
   </trkpt>
   <trkpt lat="51.4779690" lon="-0.2755860">
    <ele>5.4</ele>
    <time>2026-01-03T12:38:37Z</time>
   </trkpt>
   <trkpt lat="51.4779660" lon="-0.2756050">
    <ele>5.4</ele>
    <time>2026-01-03T12:38:38Z</time>
   </trkpt>
   <trkpt lat="51.4779620" lon="-0.2756240">
    <ele>5.4</ele>
    <time>2026-01-03T12:38:39Z</time>
   </trkpt>
   <trkpt lat="51.4779590" lon="-0.2756330">
    <ele>5.4</ele>
    <time>2026-01-03T12:38:40Z</time>
   </trkpt>
   <trkpt lat="51.4779580" lon="-0.2756440">
    <ele>5.4</ele>
    <time>2026-01-03T12:38:41Z</time>
   </trkpt>
   <trkpt lat="51.4779550" lon="-0.2756550">
    <ele>5.4</ele>
    <time>2026-01-03T12:38:42Z</time>
   </trkpt>
   <trkpt lat="51.4779510" lon="-0.2756650">
    <ele>5.4</ele>
    <time>2026-01-03T12:38:43Z</time>
   </trkpt>
   <trkpt lat="51.4779480" lon="-0.2756760">
    <ele>5.4</ele>
    <time>2026-01-03T12:38:44Z</time>
   </trkpt>
   <trkpt lat="51.4779450" lon="-0.2756860">
    <ele>5.4</ele>
    <time>2026-01-03T12:38:45Z</time>
   </trkpt>
   <trkpt lat="51.4779410" lon="-0.2757040">
    <ele>5.4</ele>
    <time>2026-01-03T12:38:46Z</time>
   </trkpt>
   <trkpt lat="51.4779410" lon="-0.2757210">
    <ele>5.4</ele>
    <time>2026-01-03T12:38:47Z</time>
   </trkpt>
   <trkpt lat="51.4779420" lon="-0.2757370">
    <ele>5.4</ele>
    <time>2026-01-03T12:38:48Z</time>
   </trkpt>
   <trkpt lat="51.4779410" lon="-0.2757440">
    <ele>5.4</ele>
    <time>2026-01-03T12:38:49Z</time>
   </trkpt>
   <trkpt lat="51.4779360" lon="-0.2757540">
    <ele>5.4</ele>
    <time>2026-01-03T12:38:50Z</time>
   </trkpt>
   <trkpt lat="51.4779300" lon="-0.2757760">
    <ele>5.4</ele>
    <time>2026-01-03T12:38:51Z</time>
   </trkpt>
   <trkpt lat="51.4779280" lon="-0.2757910">
    <ele>5.4</ele>
    <time>2026-01-03T12:38:52Z</time>
   </trkpt>
   <trkpt lat="51.4779220" lon="-0.2758060">
    <ele>5.3</ele>
    <time>2026-01-03T12:38:53Z</time>
   </trkpt>
   <trkpt lat="51.4779150" lon="-0.2758220">
    <ele>5.3</ele>
    <time>2026-01-03T12:38:54Z</time>
   </trkpt>
   <trkpt lat="51.4779120" lon="-0.2758400">
    <ele>5.3</ele>
    <time>2026-01-03T12:38:55Z</time>
   </trkpt>
   <trkpt lat="51.4779080" lon="-0.2758620">
    <ele>5.2</ele>
    <time>2026-01-03T12:38:56Z</time>
   </trkpt>
   <trkpt lat="51.4779040" lon="-0.2758760">
    <ele>5.2</ele>
    <time>2026-01-03T12:38:57Z</time>
   </trkpt>
   <trkpt lat="51.4779020" lon="-0.2758930">
    <ele>5.1</ele>
    <time>2026-01-03T12:38:58Z</time>
   </trkpt>
   <trkpt lat="51.4779000" lon="-0.2759100">
    <ele>5.1</ele>
    <time>2026-01-03T12:38:59Z</time>
   </trkpt>
   <trkpt lat="51.4778960" lon="-0.2759290">
    <ele>5.1</ele>
    <time>2026-01-03T12:39:00Z</time>
   </trkpt>
   <trkpt lat="51.4778920" lon="-0.2759440">
    <ele>5.0</ele>
    <time>2026-01-03T12:39:01Z</time>
   </trkpt>
   <trkpt lat="51.4778900" lon="-0.2759590">
    <ele>5.0</ele>
    <time>2026-01-03T12:39:02Z</time>
   </trkpt>
   <trkpt lat="51.4778840" lon="-0.2759730">
    <ele>4.9</ele>
    <time>2026-01-03T12:39:03Z</time>
   </trkpt>
   <trkpt lat="51.4778810" lon="-0.2759860">
    <ele>4.9</ele>
    <time>2026-01-03T12:39:04Z</time>
   </trkpt>
   <trkpt lat="51.4778740" lon="-0.2759970">
    <ele>4.9</ele>
    <time>2026-01-03T12:39:05Z</time>
   </trkpt>
   <trkpt lat="51.4778690" lon="-0.2760050">
    <ele>4.8</ele>
    <time>2026-01-03T12:39:06Z</time>
   </trkpt>
   <trkpt lat="51.4778670" lon="-0.2760160">
    <ele>4.8</ele>
    <time>2026-01-03T12:39:07Z</time>
   </trkpt>
   <trkpt lat="51.4778630" lon="-0.2760350">
    <ele>4.8</ele>
    <time>2026-01-03T12:39:08Z</time>
   </trkpt>
   <trkpt lat="51.4778620" lon="-0.2760450">
    <ele>4.7</ele>
    <time>2026-01-03T12:39:09Z</time>
   </trkpt>
   <trkpt lat="51.4778600" lon="-0.2760560">
    <ele>4.7</ele>
    <time>2026-01-03T12:39:10Z</time>
   </trkpt>
   <trkpt lat="51.4778590" lon="-0.2760660">
    <ele>4.6</ele>
    <time>2026-01-03T12:39:11Z</time>
   </trkpt>
   <trkpt lat="51.4778570" lon="-0.2760770">
    <ele>4.5</ele>
    <time>2026-01-03T12:39:12Z</time>
   </trkpt>
   <trkpt lat="51.4778480" lon="-0.2761040">
    <ele>4.5</ele>
    <time>2026-01-03T12:39:13Z</time>
   </trkpt>
   <trkpt lat="51.4778420" lon="-0.2761170">
    <ele>4.4</ele>
    <time>2026-01-03T12:39:14Z</time>
   </trkpt>
   <trkpt lat="51.4778370" lon="-0.2761290">
    <ele>4.4</ele>
    <time>2026-01-03T12:39:15Z</time>
   </trkpt>
   <trkpt lat="51.4778310" lon="-0.2761430">
    <ele>4.3</ele>
    <time>2026-01-03T12:39:16Z</time>
   </trkpt>
   <trkpt lat="51.4778300" lon="-0.2761580">
    <ele>4.3</ele>
    <time>2026-01-03T12:39:17Z</time>
   </trkpt>
   <trkpt lat="51.4778270" lon="-0.2761770">
    <ele>4.3</ele>
    <time>2026-01-03T12:39:18Z</time>
   </trkpt>
   <trkpt lat="51.4778210" lon="-0.2762030">
    <ele>4.3</ele>
    <time>2026-01-03T12:39:20Z</time>
   </trkpt>
   <trkpt lat="51.4778150" lon="-0.2762210">
    <ele>4.2</ele>
    <time>2026-01-03T12:39:21Z</time>
   </trkpt>
   <trkpt lat="51.4778080" lon="-0.2762510">
    <ele>4.2</ele>
    <time>2026-01-03T12:39:22Z</time>
   </trkpt>
   <trkpt lat="51.4778060" lon="-0.2762660">
    <ele>4.2</ele>
    <time>2026-01-03T12:39:23Z</time>
   </trkpt>
   <trkpt lat="51.4778030" lon="-0.2762800">
    <ele>4.2</ele>
    <time>2026-01-03T12:39:24Z</time>
   </trkpt>
   <trkpt lat="51.4778000" lon="-0.2762970">
    <ele>4.2</ele>
    <time>2026-01-03T12:39:25Z</time>
   </trkpt>
   <trkpt lat="51.4777970" lon="-0.2763130">
    <ele>4.2</ele>
    <time>2026-01-03T12:39:26Z</time>
   </trkpt>
   <trkpt lat="51.4777890" lon="-0.2763250">
    <ele>4.2</ele>
    <time>2026-01-03T12:39:27Z</time>
   </trkpt>
   <trkpt lat="51.4777820" lon="-0.2763470">
    <ele>4.2</ele>
    <time>2026-01-03T12:39:28Z</time>
   </trkpt>
   <trkpt lat="51.4777790" lon="-0.2763580">
    <ele>4.2</ele>
    <time>2026-01-03T12:39:29Z</time>
   </trkpt>
   <trkpt lat="51.4777750" lon="-0.2763760">
    <ele>4.2</ele>
    <time>2026-01-03T12:39:30Z</time>
   </trkpt>
   <trkpt lat="51.4777690" lon="-0.2764110">
    <ele>4.1</ele>
    <time>2026-01-03T12:39:31Z</time>
   </trkpt>
   <trkpt lat="51.4777670" lon="-0.2764210">
    <ele>4.1</ele>
    <time>2026-01-03T12:39:32Z</time>
   </trkpt>
   <trkpt lat="51.4777650" lon="-0.2764320">
    <ele>4.1</ele>
    <time>2026-01-03T12:39:33Z</time>
   </trkpt>
   <trkpt lat="51.4777610" lon="-0.2764650">
    <ele>4.1</ele>
    <time>2026-01-03T12:39:34Z</time>
   </trkpt>
   <trkpt lat="51.4777590" lon="-0.2764790">
    <ele>4.1</ele>
    <time>2026-01-03T12:39:35Z</time>
   </trkpt>
   <trkpt lat="51.4777570" lon="-0.2764930">
    <ele>4.1</ele>
    <time>2026-01-03T12:39:36Z</time>
   </trkpt>
   <trkpt lat="51.4777520" lon="-0.2765030">
    <ele>4.1</ele>
    <time>2026-01-03T12:39:37Z</time>
   </trkpt>
   <trkpt lat="51.4777490" lon="-0.2765290">
    <ele>4.1</ele>
    <time>2026-01-03T12:39:38Z</time>
   </trkpt>
   <trkpt lat="51.4777450" lon="-0.2765440">
    <ele>4.1</ele>
    <time>2026-01-03T12:39:39Z</time>
   </trkpt>
   <trkpt lat="51.4777440" lon="-0.2765660">
    <ele>4.1</ele>
    <time>2026-01-03T12:39:40Z</time>
   </trkpt>
   <trkpt lat="51.4777400" lon="-0.2765880">
    <ele>4.1</ele>
    <time>2026-01-03T12:39:41Z</time>
   </trkpt>
   <trkpt lat="51.4777360" lon="-0.2766200">
    <ele>4.1</ele>
    <time>2026-01-03T12:39:42Z</time>
   </trkpt>
   <trkpt lat="51.4777350" lon="-0.2766350">
    <ele>4.1</ele>
    <time>2026-01-03T12:39:43Z</time>
   </trkpt>
   <trkpt lat="51.4777340" lon="-0.2766500">
    <ele>4.1</ele>
    <time>2026-01-03T12:39:44Z</time>
   </trkpt>
   <trkpt lat="51.4777300" lon="-0.2766630">
    <ele>4.1</ele>
    <time>2026-01-03T12:39:45Z</time>
   </trkpt>
   <trkpt lat="51.4777220" lon="-0.2766860">
    <ele>4.1</ele>
    <time>2026-01-03T12:39:46Z</time>
   </trkpt>
   <trkpt lat="51.4777220" lon="-0.2766980">
    <ele>4.1</ele>
    <time>2026-01-03T12:39:47Z</time>
   </trkpt>
   <trkpt lat="51.4777210" lon="-0.2767230">
    <ele>4.1</ele>
    <time>2026-01-03T12:39:48Z</time>
   </trkpt>
   <trkpt lat="51.4777240" lon="-0.2767430">
    <ele>4.1</ele>
    <time>2026-01-03T12:39:49Z</time>
   </trkpt>
   <trkpt lat="51.4777140" lon="-0.2767680">
    <ele>4.1</ele>
    <time>2026-01-03T12:39:50Z</time>
   </trkpt>
   <trkpt lat="51.4777080" lon="-0.2767800">
    <ele>4.1</ele>
    <time>2026-01-03T12:39:51Z</time>
   </trkpt>
   <trkpt lat="51.4777030" lon="-0.2767910">
    <ele>4.1</ele>
    <time>2026-01-03T12:39:52Z</time>
   </trkpt>
   <trkpt lat="51.4776950" lon="-0.2768280">
    <ele>4.1</ele>
    <time>2026-01-03T12:39:53Z</time>
   </trkpt>
   <trkpt lat="51.4776910" lon="-0.2768400">
    <ele>4.1</ele>
    <time>2026-01-03T12:39:54Z</time>
   </trkpt>
   <trkpt lat="51.4776880" lon="-0.2768530">
    <ele>4.1</ele>
    <time>2026-01-03T12:39:55Z</time>
   </trkpt>
   <trkpt lat="51.4776770" lon="-0.2768780">
    <ele>4.1</ele>
    <time>2026-01-03T12:39:56Z</time>
   </trkpt>
   <trkpt lat="51.4776730" lon="-0.2768900">
    <ele>4.1</ele>
    <time>2026-01-03T12:39:57Z</time>
   </trkpt>
   <trkpt lat="51.4776680" lon="-0.2769030">
    <ele>4.1</ele>
    <time>2026-01-03T12:39:58Z</time>
   </trkpt>
   <trkpt lat="51.4776610" lon="-0.2769310">
    <ele>4.1</ele>
    <time>2026-01-03T12:39:59Z</time>
   </trkpt>
   <trkpt lat="51.4776580" lon="-0.2769460">
    <ele>4.1</ele>
    <time>2026-01-03T12:40:00Z</time>
   </trkpt>
   <trkpt lat="51.4776550" lon="-0.2769620">
    <ele>4.1</ele>
    <time>2026-01-03T12:40:01Z</time>
   </trkpt>
   <trkpt lat="51.4776490" lon="-0.2769880">
    <ele>4.1</ele>
    <time>2026-01-03T12:40:02Z</time>
   </trkpt>
   <trkpt lat="51.4776450" lon="-0.2770020">
    <ele>4.1</ele>
    <time>2026-01-03T12:40:03Z</time>
   </trkpt>
   <trkpt lat="51.4776410" lon="-0.2770150">
    <ele>4.1</ele>
    <time>2026-01-03T12:40:04Z</time>
   </trkpt>
   <trkpt lat="51.4776360" lon="-0.2770280">
    <ele>4.1</ele>
    <time>2026-01-03T12:40:05Z</time>
   </trkpt>
   <trkpt lat="51.4776290" lon="-0.2770470">
    <ele>4.1</ele>
    <time>2026-01-03T12:40:06Z</time>
   </trkpt>
   <trkpt lat="51.4776220" lon="-0.2770640">
    <ele>4.1</ele>
    <time>2026-01-03T12:40:07Z</time>
   </trkpt>
   <trkpt lat="51.4776190" lon="-0.2770780">
    <ele>4.1</ele>
    <time>2026-01-03T12:40:08Z</time>
   </trkpt>
   <trkpt lat="51.4776140" lon="-0.2771120">
    <ele>4.0</ele>
    <time>2026-01-03T12:40:09Z</time>
   </trkpt>
   <trkpt lat="51.4776160" lon="-0.2771340">
    <ele>4.0</ele>
    <time>2026-01-03T12:40:10Z</time>
   </trkpt>
   <trkpt lat="51.4776170" lon="-0.2771570">
    <ele>4.0</ele>
    <time>2026-01-03T12:40:11Z</time>
   </trkpt>
   <trkpt lat="51.4776150" lon="-0.2771890">
    <ele>4.0</ele>
    <time>2026-01-03T12:40:12Z</time>
   </trkpt>
   <trkpt lat="51.4776130" lon="-0.2772050">
    <ele>4.0</ele>
    <time>2026-01-03T12:40:13Z</time>
   </trkpt>
   <trkpt lat="51.4776120" lon="-0.2772210">
    <ele>4.0</ele>
    <time>2026-01-03T12:40:14Z</time>
   </trkpt>
   <trkpt lat="51.4776130" lon="-0.2772380">
    <ele>4.0</ele>
    <time>2026-01-03T12:40:15Z</time>
   </trkpt>
   <trkpt lat="51.4776140" lon="-0.2772570">
    <ele>4.0</ele>
    <time>2026-01-03T12:40:16Z</time>
   </trkpt>
   <trkpt lat="51.4776240" lon="-0.2772700">
    <ele>4.0</ele>
    <time>2026-01-03T12:40:17Z</time>
   </trkpt>
   <trkpt lat="51.4776240" lon="-0.2772700">
    <ele>4.0</ele>
    <time>2026-01-03T12:40:18Z</time>
   </trkpt>
   <trkpt lat="51.4776120" lon="-0.2772820">
    <ele>4.0</ele>
    <time>2026-01-03T12:40:19Z</time>
   </trkpt>
   <trkpt lat="51.4776210" lon="-0.2772950">
    <ele>4.0</ele>
    <time>2026-01-03T12:40:20Z</time>
   </trkpt>
   <trkpt lat="51.4776310" lon="-0.2773050">
    <ele>4.0</ele>
    <time>2026-01-03T12:40:21Z</time>
   </trkpt>
   <trkpt lat="51.4776410" lon="-0.2773120">
    <ele>4.0</ele>
    <time>2026-01-03T12:40:22Z</time>
   </trkpt>
   <trkpt lat="51.4776480" lon="-0.2773160">
    <ele>4.0</ele>
    <time>2026-01-03T12:40:23Z</time>
   </trkpt>
   <trkpt lat="51.4776530" lon="-0.2773180">
    <ele>4.0</ele>
    <time>2026-01-03T12:40:24Z</time>
   </trkpt>
   <trkpt lat="51.4776560" lon="-0.2773210">
    <ele>4.0</ele>
    <time>2026-01-03T12:40:25Z</time>
   </trkpt>
   <trkpt lat="51.4776640" lon="-0.2773240">
    <ele>4.0</ele>
    <time>2026-01-03T12:40:26Z</time>
   </trkpt>
   <trkpt lat="51.4776720" lon="-0.2773270">
    <ele>4.0</ele>
    <time>2026-01-03T12:40:27Z</time>
   </trkpt>
   <trkpt lat="51.4776740" lon="-0.2773360">
    <ele>4.0</ele>
    <time>2026-01-03T12:40:28Z</time>
   </trkpt>
   <trkpt lat="51.4776750" lon="-0.2773380">
    <ele>4.0</ele>
    <time>2026-01-03T12:40:29Z</time>
   </trkpt>
   <trkpt lat="51.4776750" lon="-0.2773390">
    <ele>4.0</ele>
    <time>2026-01-03T12:40:30Z</time>
   </trkpt>
   <trkpt lat="51.4776760" lon="-0.2773410">
    <ele>4.0</ele>
    <time>2026-01-03T12:40:31Z</time>
   </trkpt>
   <trkpt lat="51.4776760" lon="-0.2773420">
    <ele>4.0</ele>
    <time>2026-01-03T12:40:32Z</time>
   </trkpt>
   <trkpt lat="51.4776770" lon="-0.2773440">
    <ele>4.0</ele>
    <time>2026-01-03T12:40:33Z</time>
   </trkpt>
   <trkpt lat="51.4776770" lon="-0.2773450">
    <ele>4.0</ele>
    <time>2026-01-03T12:40:34Z</time>
   </trkpt>
   <trkpt lat="51.4776780" lon="-0.2773470">
    <ele>4.0</ele>
    <time>2026-01-03T12:40:35Z</time>
   </trkpt>
   <trkpt lat="51.4776780" lon="-0.2773480">
    <ele>4.0</ele>
    <time>2026-01-03T12:40:36Z</time>
   </trkpt>
   <trkpt lat="51.4776790" lon="-0.2773500">
    <ele>4.0</ele>
    <time>2026-01-03T12:40:37Z</time>
   </trkpt>
   <trkpt lat="51.4776790" lon="-0.2773510">
    <ele>4.0</ele>
    <time>2026-01-03T12:40:38Z</time>
   </trkpt>
   <trkpt lat="51.4776790" lon="-0.2773530">
    <ele>4.0</ele>
    <time>2026-01-03T12:40:39Z</time>
   </trkpt>
   <trkpt lat="51.4776800" lon="-0.2773540">
    <ele>4.0</ele>
    <time>2026-01-03T12:40:40Z</time>
   </trkpt>
   <trkpt lat="51.4776800" lon="-0.2773560">
    <ele>4.0</ele>
    <time>2026-01-03T12:40:41Z</time>
   </trkpt>
   <trkpt lat="51.4776810" lon="-0.2773570">
    <ele>4.0</ele>
    <time>2026-01-03T12:40:42Z</time>
   </trkpt>
   <trkpt lat="51.4776810" lon="-0.2773590">
    <ele>4.0</ele>
    <time>2026-01-03T12:40:43Z</time>
   </trkpt>
   <trkpt lat="51.4776820" lon="-0.2773600">
    <ele>4.0</ele>
    <time>2026-01-03T12:40:44Z</time>
   </trkpt>
   <trkpt lat="51.4776820" lon="-0.2773620">
    <ele>4.0</ele>
    <time>2026-01-03T12:40:45Z</time>
   </trkpt>
   <trkpt lat="51.4776830" lon="-0.2773630">
    <ele>4.0</ele>
    <time>2026-01-03T12:40:46Z</time>
   </trkpt>
   <trkpt lat="51.4776830" lon="-0.2773650">
    <ele>4.0</ele>
    <time>2026-01-03T12:40:47Z</time>
   </trkpt>
   <trkpt lat="51.4776830" lon="-0.2773660">
    <ele>4.0</ele>
    <time>2026-01-03T12:40:48Z</time>
   </trkpt>
   <trkpt lat="51.4776840" lon="-0.2773680">
    <ele>4.0</ele>
    <time>2026-01-03T12:40:49Z</time>
   </trkpt>
   <trkpt lat="51.4776840" lon="-0.2773690">
    <ele>4.0</ele>
    <time>2026-01-03T12:40:50Z</time>
   </trkpt>
   <trkpt lat="51.4776850" lon="-0.2773710">
    <ele>4.0</ele>
    <time>2026-01-03T12:40:51Z</time>
   </trkpt>
   <trkpt lat="51.4776850" lon="-0.2773720">
    <ele>4.0</ele>
    <time>2026-01-03T12:40:52Z</time>
   </trkpt>
   <trkpt lat="51.4776860" lon="-0.2773740">
    <ele>4.0</ele>
    <time>2026-01-03T12:40:53Z</time>
   </trkpt>
   <trkpt lat="51.4776860" lon="-0.2773750">
    <ele>4.0</ele>
    <time>2026-01-03T12:40:54Z</time>
   </trkpt>
   <trkpt lat="51.4776870" lon="-0.2773770">
    <ele>4.0</ele>
    <time>2026-01-03T12:40:55Z</time>
   </trkpt>
   <trkpt lat="51.4776870" lon="-0.2773780">
    <ele>4.0</ele>
    <time>2026-01-03T12:40:56Z</time>
   </trkpt>
   <trkpt lat="51.4776880" lon="-0.2773800">
    <ele>4.0</ele>
    <time>2026-01-03T12:40:57Z</time>
   </trkpt>
   <trkpt lat="51.4776880" lon="-0.2773810">
    <ele>4.0</ele>
    <time>2026-01-03T12:40:58Z</time>
   </trkpt>
   <trkpt lat="51.4776900" lon="-0.2773820">
    <ele>4.0</ele>
    <time>2026-01-03T12:40:59Z</time>
   </trkpt>
   <trkpt lat="51.4776870" lon="-0.2773890">
    <ele>4.0</ele>
    <time>2026-01-03T12:41:00Z</time>
   </trkpt>
   <trkpt lat="51.4776810" lon="-0.2774040">
    <ele>4.0</ele>
    <time>2026-01-03T12:41:01Z</time>
   </trkpt>
   <trkpt lat="51.4776760" lon="-0.2774110">
    <ele>4.0</ele>
    <time>2026-01-03T12:41:02Z</time>
   </trkpt>
   <trkpt lat="51.4777080" lon="-0.2773960">
    <ele>4.0</ele>
    <time>2026-01-03T12:41:03Z</time>
   </trkpt>
   <trkpt lat="51.4777120" lon="-0.2774050">
    <ele>4.0</ele>
    <time>2026-01-03T12:41:04Z</time>
   </trkpt>
   <trkpt lat="51.4777170" lon="-0.2774070">
    <ele>4.0</ele>
    <time>2026-01-03T12:41:05Z</time>
   </trkpt>
   <trkpt lat="51.4777240" lon="-0.2773780">
    <ele>4.0</ele>
    <time>2026-01-03T12:41:06Z</time>
   </trkpt>
   <trkpt lat="51.4777290" lon="-0.2773960">
    <ele>4.0</ele>
    <time>2026-01-03T12:41:07Z</time>
   </trkpt>
   <trkpt lat="51.4777290" lon="-0.2773960">
    <ele>4.0</ele>
    <time>2026-01-03T12:41:08Z</time>
   </trkpt>
  </trkseg>
 </trk>
</gpx>
